<?xml version="1.0" encoding="ISO-8859-1"?>

<!DOCTYPE form SYSTEM 'http://www.iam.unibe.ch/~fki/iamdb/form-metadata.dtd'>

<form created="2002-03-16" height="3542" id="a02-093" last-modified="2002-07-17" skew="95" status="final" version="3.0_beta" width="2479" writer-id="026">
  <machine-printed-part>
    <machine-print-line text="JOHN DICKIE writes: Mr. Macmillan gave top priority to the clash over Northern" />
    <machine-print-line text="Rhodesia on his return from Scotland yesterday. He summoned Mr. Iain Macleod," />
    <machine-print-line text="Colonial Secretary, and Mr. Duncan Sandys, Commonwealth Relations Secretary for" />
    <machine-print-line text="an hour&apos;s talks at Admiralty House. A statement is expected today to hold the door" />
    <machine-print-line text="open for modifications to the new Constitution provided law and order is maintained" />
    <machine-print-line text="in Northern Rhodesia." />
  </machine-printed-part>
  <handwritten-part>
    <line ass="-229" asx="0" asy="724" character-width="999" dss="-229" dsx="0" dsy="820" fd0="13750" fd1="2836" fd2="-1008" filter-width="3" id="a02-093-00" lbs="-175" lbx="0" lby="792" segmentation="ok" slant="71000" stroke-width="5647" threshold="164" text="JOHN DICKIE writes: Mr. Macmillan gave top" ubs="-337" ubx="0" uby="753">
      <word id="a02-093-00-00" sentence-start="yes" tag="NP" text="JOHN">
        <cmp x="332" y="732" width="51" height="61" />
        <cmp x="378" y="738" width="50" height="52" />
        <cmp x="432" y="736" width="40" height="61" />
        <cmp x="480" y="735" width="57" height="68" />
      </word>
      <word id="a02-093-00-01" tag="NP" text="DICKIE">
        <cmp x="616" y="738" width="44" height="60" />
        <cmp x="681" y="739" width="26" height="56" />
        <cmp x="727" y="732" width="43" height="60" />
        <cmp x="785" y="732" width="54" height="68" />
        <cmp x="838" y="744" width="23" height="54" />
        <cmp x="867" y="745" width="45" height="53" />
        <cmp x="888" y="736" width="32" height="9" />
      </word>
      <word id="a02-093-00-02" tag="VBZ" text="writes">
        <cmp x="978" y="760" width="54" height="38" />
        <cmp x="1038" y="761" width="20" height="36" />
        <cmp x="1057" y="765" width="14" height="35" />
        <cmp x="1080" y="748" width="10" height="8" />
        <cmp x="1084" y="739" width="55" height="62" />
        <cmp x="1144" y="762" width="30" height="37" />
      </word>
      <word id="a02-093-00-03" tag=":" text=":">
        <cmp x="1197" y="789" width="7" height="7" />
        <cmp x="1206" y="772" width="6" height="7" />
      </word>
      <word id="a02-093-00-04" sentence-start="yes" tag="NPT" text="Mr.">
        <cmp x="1277" y="735" width="59" height="63" />
        <cmp x="1335" y="768" width="22" height="34" />
        <cmp x="1356" y="802" width="7" height="7" />
      </word>
      <word id="a02-093-00-05" tag="NP" text="Macmillan">
        <cmp x="1420" y="733" width="55" height="61" />
        <cmp x="1467" y="756" width="149" height="37" />
        <cmp x="1626" y="736" width="94" height="61" />
        <cmp x="1636" y="732" width="8" height="8" />
        <cmp x="1722" y="768" width="34" height="30" />
      </word>
      <word id="a02-093-00-06" tag="VBD" text="gave">
        <cmp x="1784" y="764" width="57" height="65" />
        <cmp x="1842" y="765" width="36" height="31" />
        <cmp x="1882" y="762" width="35" height="29" />
        <cmp x="1897" y="766" width="39" height="28" />
      </word>
      <word id="a02-093-00-07" tag="JJB" text="top">
        <cmp x="1980" y="738" width="60" height="58" />
        <cmp x="2040" y="767" width="52" height="50" />
      </word>
      <lower-contour>
        <point x="318" y="830" />
        <point x="2093" y="830" />
      </lower-contour>
    </line>
    <line ass="540" asx="0" asy="920" character-width="999" dss="540" dsx="0" dsy="1037" fd0="14012" fd1="2656" fd2="-938" filter-width="4" id="a02-093-01" lbs="645" lbx="0" lby="991" segmentation="ok" slant="70000" stroke-width="5919" threshold="163" text="priority to the clash over Northern Rhodesia on his" ubs="331" ubx="0" uby="953">
      <word id="a02-093-01-00" tag="NN" text="priority">
        <cmp x="320" y="949" width="39" height="75" />
        <cmp x="359" y="955" width="23" height="34" />
        <cmp x="379" y="961" width="16" height="26" />
        <cmp x="399" y="963" width="33" height="29" />
        <cmp x="406" y="940" width="7" height="9" />
        <cmp x="440" y="960" width="27" height="33" />
        <cmp x="470" y="965" width="10" height="22" />
        <cmp x="489" y="938" width="8" height="7" />
        <cmp x="506" y="924" width="59" height="110" />
      </word>
      <word id="a02-093-01-01" tag="IN" text="to">
        <cmp x="621" y="928" width="37" height="59" />
        <cmp x="638" y="959" width="37" height="30" />
      </word>
      <word id="a02-093-01-02" tag="ATI" text="the">
        <cmp x="736" y="931" width="27" height="51" />
        <cmp x="766" y="928" width="59" height="51" />
      </word>
      <word id="a02-093-01-03" tag="NN" text="clash">
        <cmp x="891" y="912" width="102" height="70" />
        <cmp x="993" y="914" width="25" height="67" />
      </word>
      <word id="a02-093-01-04" tag="IN" text="over">
        <cmp x="1088" y="944" width="67" height="31" />
        <cmp x="1139" y="945" width="32" height="34" />
        <cmp x="1173" y="943" width="26" height="35" />
      </word>
      <word id="a02-093-01-05" tag="NP" text="Northern">
        <cmp x="1281" y="924" width="53" height="50" />
        <cmp x="1326" y="943" width="30" height="31" />
        <cmp x="1362" y="940" width="21" height="33" />
        <cmp x="1394" y="919" width="30" height="62" />
        <cmp x="1420" y="919" width="49" height="55" />
        <cmp x="1477" y="937" width="17" height="44" />
        <cmp x="1486" y="950" width="58" height="35" />
      </word>
      <word id="a02-093-01-06" tag="NP" text="Rhodesia">
        <cmp x="1596" y="922" width="43" height="57" />
        <cmp x="1631" y="927" width="63" height="52" />
        <cmp x="1696" y="951" width="31" height="24" />
        <cmp x="1728" y="923" width="35" height="51" />
        <cmp x="1760" y="944" width="34" height="36" />
        <cmp x="1794" y="948" width="16" height="30" />
        <cmp x="1813" y="955" width="38" height="27" />
        <cmp x="1815" y="935" width="5" height="7" />
      </word>
      <word id="a02-093-01-07" tag="IN" text="on">
        <cmp x="1905" y="946" width="32" height="26" />
        <cmp x="1938" y="936" width="32" height="42" />
      </word>
      <word id="a02-093-01-08" tag="PP$" text="his">
        <cmp x="2021" y="919" width="58" height="54" />
        <cmp x="2079" y="944" width="39" height="35" />
        <cmp x="2095" y="923" width="6" height="13" />
      </word>
      <upper-contour>
        <point x="318" y="830" />
        <point x="2093" y="830" />
      </upper-contour>
      <lower-contour>
        <point x="320" y="1033" />
        <point x="2071" y="1033" />
      </lower-contour>
    </line>
    <line ass="402" asx="0" asy="1098" character-width="999" dss="402" dsx="0" dsy="1221" fd0="14333" fd1="2709" fd2="-1024" filter-width="4" id="a02-093-02" lbs="433" lbx="0" lby="1168" segmentation="ok" slant="68999" stroke-width="5996" threshold="162" text="return from Scotland yesterday. He summoned Mr." ubs="339" ubx="0" uby="1135">
      <word id="a02-093-02-00" tag="NN" text="return">
        <cmp x="322" y="1128" width="22" height="37" />
        <cmp x="330" y="1136" width="42" height="34" />
        <cmp x="373" y="1106" width="55" height="59" />
        <cmp x="431" y="1129" width="17" height="30" />
        <cmp x="437" y="1129" width="51" height="34" />
      </word>
      <word id="a02-093-02-01" tag="IN" text="from">
        <cmp x="556" y="1103" width="49" height="84" />
        <cmp x="601" y="1132" width="28" height="28" />
        <cmp x="620" y="1132" width="93" height="33" />
      </word>
      <word id="a02-093-02-02" tag="NP" text="Scotland">
        <cmp x="761" y="1108" width="62" height="52" />
        <cmp x="814" y="1129" width="64" height="36" />
        <cmp x="883" y="1106" width="28" height="56" />
        <cmp x="911" y="1103" width="142" height="62" />
      </word>
      <word id="a02-093-02-03" tag="NR" text="yesterday">
        <cmp x="1097" y="1127" width="64" height="80" />
        <cmp x="1150" y="1124" width="67" height="43" />
        <cmp x="1215" y="1097" width="51" height="65" />
        <cmp x="1273" y="1124" width="27" height="34" />
        <cmp x="1295" y="1126" width="35" height="33" />
        <cmp x="1333" y="1104" width="84" height="109" />
      </word>
      <word id="a02-093-02-04" tag="." text=".">
        <cmp x="1418" y="1151" width="9" height="8" />
      </word>
      <word id="a02-093-02-05" sentence-start="yes" tag="PP3A" text="He">
        <cmp x="1477" y="1089" width="41" height="62" />
        <cmp x="1516" y="1120" width="30" height="33" />
      </word>
      <word id="a02-093-02-06" tag="VBD" text="summoned">
        <cmp x="1595" y="1125" width="35" height="35" />
        <cmp x="1640" y="1127" width="24" height="24" />
        <cmp x="1660" y="1126" width="135" height="32" />
        <cmp x="1802" y="1124" width="30" height="26" />
        <cmp x="1832" y="1117" width="87" height="34" />
        <cmp x="1918" y="1095" width="23" height="57" />
      </word>
      <word id="a02-093-02-07" tag="NPT" text="Mr.">
        <cmp x="1980" y="1099" width="52" height="53" />
        <cmp x="2036" y="1118" width="23" height="36" />
        <cmp x="2062" y="1148" width="8" height="10" />
      </word>
      <upper-contour>
        <point x="320" y="1033" />
        <point x="2071" y="1033" />
      </upper-contour>
      <lower-contour>
        <point x="334" y="1213" />
        <point x="2071" y="1213" />
      </lower-contour>
    </line>
    <line ass="304" asx="0" asy="1279" character-width="999" dss="304" dsx="0" dsy="1393" fd0="14036" fd1="2540" fd2="-1296" filter-width="4" id="a02-093-03" lbs="387" lbx="0" lby="1349" segmentation="ok" slant="68999" stroke-width="6026" threshold="162" text="Iain Macleod, Colonial Secretary, and Mr. Duncan Sandys," ubs="139" ubx="0" uby="1311">
      <word id="a02-093-03-00" tag="NP" text="Iain">
        <cmp x="336" y="1286" width="29" height="73" />
        <cmp x="360" y="1318" width="34" height="37" />
        <cmp x="398" y="1318" width="12" height="32" />
        <cmp x="413" y="1315" width="25" height="40" />
        <cmp x="417" y="1300" width="6" height="12" />
      </word>
      <word id="a02-093-03-01" tag="NP" text="Macleod">
        <cmp x="523" y="1277" width="59" height="64" />
        <cmp x="576" y="1307" width="30" height="41" />
        <cmp x="608" y="1309" width="30" height="36" />
        <cmp x="642" y="1280" width="82" height="63" />
        <cmp x="726" y="1312" width="35" height="29" />
        <cmp x="762" y="1281" width="27" height="60" />
      </word>
      <word id="a02-093-03-02" tag="," text=",">
        <cmp x="793" y="1330" width="17" height="38" />
      </word>
      <word id="a02-093-03-03" tag="JJ" text="Colonial">
        <cmp x="867" y="1283" width="110" height="59" />
        <cmp x="986" y="1307" width="45" height="32" />
        <cmp x="1038" y="1286" width="67" height="53" />
        <cmp x="1050" y="1288" width="7" height="10" />
      </word>
      <word id="a02-093-03-04" tag="NPT" text="Secretary">
        <cmp x="1114" y="1283" width="64" height="61" />
        <cmp x="1181" y="1305" width="25" height="33" />
        <cmp x="1208" y="1305" width="43" height="35" />
        <cmp x="1258" y="1286" width="39" height="47" />
        <cmp x="1282" y="1308" width="33" height="33" />
        <cmp x="1321" y="1304" width="26" height="33" />
        <cmp x="1330" y="1311" width="58" height="75" />
      </word>
      <word id="a02-093-03-05" tag="," text=",">
        <cmp x="1395" y="1330" width="19" height="37" />
      </word>
      <word id="a02-093-03-06" tag="CC" text="and">
        <cmp x="1442" y="1296" width="116" height="53" />
      </word>
      <word id="a02-093-03-07" tag="NPT" text="Mr.">
        <cmp x="1619" y="1289" width="63" height="57" />
        <cmp x="1678" y="1307" width="29" height="34" />
        <cmp x="1712" y="1331" width="10" height="9" />
      </word>
      <word id="a02-093-03-08" tag="NP" text="Duncan">
        <cmp x="1765" y="1273" width="42" height="68" />
        <cmp x="1812" y="1307" width="26" height="28" />
        <cmp x="1838" y="1306" width="33" height="31" />
        <cmp x="1873" y="1302" width="102" height="33" />
      </word>
      <word id="a02-093-03-09" tag="NP" text="Sandys">
        <cmp x="2002" y="1274" width="47" height="49" />
        <cmp x="2034" y="1277" width="97" height="58" />
        <cmp x="2089" y="1307" width="82" height="70" />
      </word>
      <word id="a02-093-03-10" tag="," text=",">
        <cmp x="2162" y="1330" width="19" height="26" />
      </word>
      <upper-contour>
        <point x="334" y="1213" />
        <point x="2071" y="1213" />
      </upper-contour>
      <lower-contour>
        <point x="339" y="1387" />
        <point x="2142" y="1387" />
      </lower-contour>
    </line>
    <line ass="699" asx="0" asy="1465" character-width="999" dss="699" dsx="0" dsy="1581" fd0="13705" fd1="2213" fd2="-1397" filter-width="4" id="a02-093-04" lbs="688" lbx="0" lby="1533" segmentation="ok" slant="68999" stroke-width="6025" threshold="161" text="Commonwealth Relations Secretary for an hour&apos;s talks" ubs="721" ubx="0" uby="1501">
      <word id="a02-093-04-00" tag="NN" text="Commonwealth">
        <cmp x="341" y="1473" width="242" height="65" />
        <cmp x="599" y="1496" width="54" height="35" />
        <cmp x="643" y="1470" width="105" height="57" />
        <cmp x="754" y="1463" width="28" height="48" />
        <cmp x="782" y="1459" width="27" height="63" />
      </word>
      <word id="a02-093-04-01" tag="NNS" text="Relations">
        <cmp x="873" y="1455" width="21" height="63" />
        <cmp x="887" y="1457" width="45" height="56" />
        <cmp x="937" y="1454" width="104" height="65" />
        <cmp x="1046" y="1494" width="27" height="24" />
        <cmp x="1061" y="1475" width="7" height="9" />
        <cmp x="1082" y="1490" width="24" height="36" />
        <cmp x="1111" y="1488" width="34" height="36" />
      </word>
      <word id="a02-093-04-02" tag="NPT" text="Secretary">
        <cmp x="1190" y="1458" width="49" height="63" />
        <cmp x="1245" y="1489" width="32" height="35" />
        <cmp x="1273" y="1487" width="45" height="34" />
        <cmp x="1324" y="1455" width="42" height="62" />
        <cmp x="1347" y="1490" width="31" height="33" />
        <cmp x="1382" y="1486" width="56" height="79" />
      </word>
      <word id="a02-093-04-03" tag="IN" text="for">
        <cmp x="1466" y="1465" width="57" height="96" />
        <cmp x="1515" y="1492" width="35" height="22" />
        <cmp x="1551" y="1486" width="24" height="33" />
      </word>
      <word id="a02-093-04-04" tag="AT" text="an">
        <cmp x="1642" y="1483" width="63" height="35" />
      </word>
      <word id="a02-093-04-05" tag="NN$" text="hour&apos;s">
        <cmp x="1771" y="1457" width="64" height="60" />
        <cmp x="1839" y="1486" width="25" height="23" />
        <cmp x="1870" y="1485" width="25" height="30" />
        <cmp x="1923" y="1469" width="12" height="21" />
        <cmp x="1938" y="1479" width="32" height="34" />
      </word>
      <word id="a02-093-04-06" tag="NNS" text="talks">
        <cmp x="2007" y="1455" width="33" height="49" />
        <cmp x="2027" y="1461" width="72" height="45" />
        <cmp x="2092" y="1465" width="48" height="43" />
      </word>
      <upper-contour>
        <point x="339" y="1387" />
        <point x="2142" y="1387" />
      </upper-contour>
      <lower-contour>
        <point x="339" y="1566" />
        <point x="2126" y="1566" />
      </lower-contour>
    </line>
    <line ass="420" asx="0" asy="1647" character-width="999" dss="420" dsx="0" dsy="1749" fd0="13647" fd1="3047" fd2="-993" filter-width="4" id="a02-093-05" lbs="487" lbx="0" lby="1707" segmentation="ok" slant="66000" stroke-width="6132" threshold="158" text="at Admiralty House. A statement is expected today" ubs="286" ubx="0" uby="1673">
      <word id="a02-093-05-00" tag="IN" text="at">
        <cmp x="338" y="1656" width="78" height="53" />
      </word>
      <word id="a02-093-05-01" tag="NP" text="Admiralty">
        <cmp x="482" y="1646" width="53" height="57" />
        <cmp x="537" y="1667" width="33" height="28" />
        <cmp x="570" y="1647" width="22" height="53" />
        <cmp x="580" y="1672" width="89" height="30" />
        <cmp x="684" y="1667" width="26" height="28" />
        <cmp x="689" y="1646" width="6" height="10" />
        <cmp x="706" y="1673" width="25" height="32" />
        <cmp x="743" y="1651" width="34" height="51" />
        <cmp x="773" y="1648" width="66" height="93" />
      </word>
      <word id="a02-093-05-02" tag="NPL" text="House">
        <cmp x="876" y="1648" width="74" height="55" />
        <cmp x="959" y="1671" width="31" height="29" />
        <cmp x="981" y="1666" width="50" height="37" />
      </word>
      <word id="a02-093-05-03" tag="." text=".">
        <cmp x="1055" y="1693" width="9" height="9" />
      </word>
      <word id="a02-093-05-04" sentence-start="yes" tag="AT" text="A">
        <cmp x="1123" y="1638" width="67" height="67" />
      </word>
      <word id="a02-093-05-05" tag="NN" text="statement">
        <cmp x="1197" y="1662" width="47" height="39" />
        <cmp x="1240" y="1643" width="46" height="56" />
        <cmp x="1260" y="1644" width="86" height="55" />
        <cmp x="1307" y="1666" width="112" height="36" />
        <cmp x="1421" y="1663" width="28" height="33" />
        <cmp x="1464" y="1648" width="31" height="48" />
      </word>
      <word id="a02-093-05-06" tag="BEZ" text="is">
        <cmp x="1537" y="1663" width="17" height="37" />
        <cmp x="1552" y="1661" width="37" height="37" />
        <cmp x="1561" y="1653" width="6" height="10" />
      </word>
      <word id="a02-093-05-07" tag="VBN" text="expected">
        <cmp x="1617" y="1663" width="76" height="37" />
        <cmp x="1679" y="1646" width="203" height="77" />
      </word>
      <word id="a02-093-05-08" tag="NR" text="today">
        <cmp x="1942" y="1638" width="59" height="52" />
        <cmp x="2008" y="1658" width="34" height="26" />
        <cmp x="2042" y="1639" width="83" height="96" />
      </word>
      <upper-contour>
        <point x="339" y="1566" />
        <point x="2126" y="1566" />
      </upper-contour>
      <lower-contour>
        <point x="336" y="1741" />
        <point x="2107" y="1741" />
      </lower-contour>
    </line>
    <line ass="368" asx="0" asy="1821" character-width="999" dss="368" dsx="0" dsy="1922" fd0="13940" fd1="3303" fd2="-665" filter-width="4" id="a02-093-06" lbs="355" lbx="0" lby="1885" segmentation="ok" slant="64000" stroke-width="5996" threshold="160" text="to hold the door open for modifications to the" ubs="394" ubx="0" uby="1852">
      <word id="a02-093-06-00" tag="TO" text="to">
        <cmp x="338" y="1819" width="63" height="65" />
      </word>
      <word id="a02-093-06-01" tag="VB" text="hold">
        <cmp x="452" y="1821" width="160" height="66" />
      </word>
      <word id="a02-093-06-02" tag="ATI" text="the">
        <cmp x="697" y="1829" width="34" height="49" />
        <cmp x="739" y="1831" width="57" height="54" />
      </word>
      <word id="a02-093-06-03" tag="NN" text="door">
        <cmp x="829" y="1826" width="107" height="57" />
        <cmp x="937" y="1847" width="21" height="34" />
      </word>
      <word id="a02-093-06-04" tag="JJ" text="open">
        <cmp x="1029" y="1847" width="32" height="30" />
        <cmp x="1043" y="1850" width="81" height="67" />
        <cmp x="1127" y="1844" width="32" height="35" />
      </word>
      <word id="a02-093-06-05" tag="IN" text="for">
        <cmp x="1220" y="1823" width="58" height="89" />
        <cmp x="1263" y="1851" width="31" height="25" />
        <cmp x="1301" y="1842" width="29" height="32" />
      </word>
      <word id="a02-093-06-06" tag="NNS" text="modifications">
        <cmp x="1362" y="1852" width="115" height="35" />
        <cmp x="1485" y="1825" width="55" height="55" />
        <cmp x="1534" y="1822" width="62" height="88" />
        <cmp x="1561" y="1827" width="6" height="7" />
        <cmp x="1592" y="1848" width="12" height="23" />
        <cmp x="1617" y="1822" width="113" height="51" />
        <cmp x="1643" y="1811" width="6" height="8" />
        <cmp x="1735" y="1830" width="29" height="39" />
        <cmp x="1747" y="1820" width="9" height="10" />
        <cmp x="1765" y="1841" width="26" height="36" />
        <cmp x="1790" y="1843" width="33" height="31" />
      </word>
      <word id="a02-093-06-07" tag="IN" text="to">
        <cmp x="1911" y="1811" width="52" height="62" />
      </word>
      <word id="a02-093-06-08" tag="ATI" text="the">
        <cmp x="2006" y="1811" width="36" height="58" />
        <cmp x="2043" y="1813" width="62" height="62" />
      </word>
      <upper-contour>
        <point x="336" y="1741" />
        <point x="2107" y="1741" />
      </upper-contour>
      <lower-contour>
        <point x="336" y="1917" />
        <point x="2107" y="1917" />
      </lower-contour>
    </line>
    <line ass="425" asx="0" asy="2004" character-width="999" dss="425" dsx="0" dsy="2094" fd0="14062" fd1="2735" fd2="-1209" filter-width="4" id="a02-093-07" lbs="425" lbx="0" lby="2064" segmentation="ok" slant="71000" stroke-width="6000" threshold="160" text="new Constitution provided law and order is maintained" ubs="424" ubx="0" uby="2035">
      <word id="a02-093-07-00" tag="JJ" text="new">
        <cmp x="335" y="2019" width="50" height="50" />
        <cmp x="392" y="2029" width="51" height="36" />
      </word>
      <word id="a02-093-07-01" tag="NN" text="Constitution">
        <cmp x="513" y="2007" width="55" height="60" />
        <cmp x="571" y="2009" width="101" height="62" />
        <cmp x="662" y="2037" width="10" height="23" />
        <cmp x="686" y="2010" width="6" height="10" />
        <cmp x="694" y="2008" width="53" height="50" />
        <cmp x="752" y="2001" width="26" height="49" />
        <cmp x="769" y="2026" width="13" height="28" />
        <cmp x="785" y="2028" width="32" height="26" />
        <cmp x="796" y="2002" width="8" height="11" />
        <cmp x="820" y="2024" width="22" height="35" />
      </word>
      <word id="a02-093-07-02" tag="CS" text="provided">
        <cmp x="888" y="2036" width="34" height="52" />
        <cmp x="924" y="2031" width="29" height="31" />
        <cmp x="945" y="2037" width="35" height="26" />
        <cmp x="986" y="2028" width="36" height="35" />
        <cmp x="1023" y="2034" width="10" height="28" />
        <cmp x="1037" y="2037" width="32" height="26" />
        <cmp x="1050" y="2016" width="7" height="13" />
        <cmp x="1074" y="2007" width="86" height="59" />
      </word>
      <word id="a02-093-07-03" tag="NN" text="law">
        <cmp x="1210" y="2001" width="72" height="64" />
        <cmp x="1284" y="2032" width="61" height="30" />
      </word>
      <word id="a02-093-07-04" tag="CC" text="and">
        <cmp x="1388" y="2002" width="111" height="60" />
      </word>
      <word id="a02-093-07-05" tag="NN" text="order">
        <cmp x="1542" y="2019" width="27" height="29" />
        <cmp x="1569" y="2018" width="33" height="34" />
        <cmp x="1591" y="1994" width="65" height="59" />
        <cmp x="1656" y="2022" width="29" height="31" />
      </word>
      <word id="a02-093-07-06" tag="BEZ" text="is">
        <cmp x="1724" y="2017" width="52" height="41" />
        <cmp x="1747" y="2003" width="6" height="10" />
      </word>
      <word id="a02-093-07-07" tag="VBN" text="maintained">
        <cmp x="1808" y="2018" width="135" height="39" />
        <cmp x="1952" y="1998" width="7" height="15" />
        <cmp x="1959" y="2021" width="29" height="28" />
        <cmp x="2000" y="1991" width="41" height="53" />
        <cmp x="2024" y="2021" width="49" height="35" />
        <cmp x="2075" y="2010" width="9" height="10" />
        <cmp x="2078" y="1998" width="96" height="59" />
      </word>
      <upper-contour>
        <point x="336" y="1917" />
        <point x="2107" y="1917" />
      </upper-contour>
      <lower-contour>
        <point x="333" y="2088" />
        <point x="1159" y="2088" />
      </lower-contour>
    </line>
    <line ass="364" asx="0" asy="2183" character-width="999" dss="364" dsx="0" dsy="2267" fd0="13324" fd1="2734" fd2="-899" filter-width="4" id="a02-093-08" lbs="222" lbx="0" lby="2241" segmentation="err" slant="66000" stroke-width="5943" threshold="153" text="in Northern Rhodesia." ubs="648" ubx="0" uby="2214">
      <word id="a02-093-08-00" tag="IN" text="in">
        <cmp x="323" y="2217" width="12" height="33" />
        <cmp x="341" y="2217" width="27" height="25" />
        <cmp x="344" y="2191" width="6" height="14" />
      </word>
      <word id="a02-093-08-01" tag="NP" text="Northern">
        <cmp x="444" y="2183" width="69" height="63" />
        <cmp x="498" y="2210" width="33" height="31" />
        <cmp x="544" y="2205" width="28" height="32" />
        <cmp x="582" y="2181" width="91" height="59" />
        <cmp x="679" y="2204" width="23" height="33" />
        <cmp x="701" y="2207" width="28" height="35" />
      </word>
      <word id="a02-093-08-02" tag="NP" text="Rhodesia">
        <cmp x="812" y="2180" width="36" height="58" />
        <cmp x="852" y="2179" width="87" height="57" />
        <cmp x="957" y="2179" width="72" height="57" />
        <cmp x="1020" y="2201" width="32" height="45" />
        <cmp x="1055" y="2206" width="14" height="26" />
        <cmp x="1076" y="2211" width="82" height="50" />
      </word>
      <word id="a02-093-08-03" tag="." text=".">
        <cmp x="1077" y="2191" width="10" height="20" />
      </word>
      <upper-contour>
        <point x="333" y="2088" />
        <point x="1159" y="2088" />
      </upper-contour>
    </line>
  </handwritten-part>
</form>

