<?xml version="1.0" encoding="ISO-8859-1"?>

<!DOCTYPE form SYSTEM 'http://www.iam.unibe.ch/~fki/iamdb/form-metadata.dtd'>

<form created="2002-03-16" height="3542" id="a02-037" last-modified="2002-07-17" skew="190" status="final" version="3.0_beta" width="2479" writer-id="026">
  <machine-printed-part>
    <machine-print-line text="The urge came from a conference of activists of Nkrumah&apos;s Convention Party &amp;quot;after" />
    <machine-print-line text="powerful addresses by Comrades Krobo Edusei, Tawia Adamafio,&amp;quot; and others. Strong" />
    <machine-print-line text="deeds followed strong words. In Takoradi a &amp;quot;limited state of emergency&amp;quot; was declared," />
    <machine-print-line text="giving the Government adequate power to maintain all essential services and ensure" />
    <machine-print-line text="food supplies. Thus it becomes an offence punishable with imprisonment for anyone" />
    <machine-print-line text="who &amp;quot;publishes a report likely to cause alarm or prejudicial to public safety.&amp;quot;" />
  </machine-printed-part>
  <handwritten-part>
    <line ass="-103" asx="0" asy="728" character-width="999" dss="-103" dsx="0" dsy="831" fd0="13742" fd1="3012" fd2="-841" filter-width="4" id="a02-037-00" lbs="-368" lbx="0" lby="790" segmentation="ok" slant="72000" stroke-width="5731" threshold="165" text="The urge came from a conference of activists of" ubs="426" ubx="0" uby="776">
      <word id="a02-037-00-00" sentence-start="yes" tag="ATI" text="The">
        <cmp x="341" y="729" width="56" height="59" />
        <cmp x="389" y="734" width="62" height="56" />
      </word>
      <word id="a02-037-00-01" tag="NN" text="urge">
        <cmp x="500" y="766" width="56" height="38" />
        <cmp x="562" y="762" width="31" height="34" />
        <cmp x="568" y="765" width="77" height="68" />
      </word>
      <word id="a02-037-00-02" tag="VBD" text="came">
        <cmp x="695" y="770" width="167" height="37" />
      </word>
      <word id="a02-037-00-03" tag="IN" text="from">
        <cmp x="931" y="734" width="51" height="88" />
        <cmp x="980" y="764" width="29" height="30" />
        <cmp x="1002" y="768" width="36" height="28" />
        <cmp x="1030" y="768" width="64" height="33" />
      </word>
      <word id="a02-037-00-04" tag="AT" text="a">
        <cmp x="1170" y="761" width="45" height="31" />
      </word>
      <word id="a02-037-00-05" tag="NN" text="conference">
        <cmp x="1258" y="755" width="94" height="40" />
        <cmp x="1353" y="741" width="59" height="85" />
        <cmp x="1421" y="764" width="30" height="30" />
        <cmp x="1431" y="768" width="64" height="31" />
        <cmp x="1507" y="768" width="73" height="32" />
      </word>
      <word id="a02-037-00-06" tag="INO" text="of">
        <cmp x="1619" y="738" width="75" height="92" />
      </word>
      <word id="a02-037-00-07" tag="NNS" text="activists">
        <cmp x="1755" y="750" width="112" height="50" />
        <cmp x="1874" y="747" width="6" height="8" />
        <cmp x="1883" y="765" width="30" height="32" />
        <cmp x="1914" y="771" width="8" height="27" />
        <cmp x="1931" y="764" width="37" height="35" />
        <cmp x="1937" y="747" width="9" height="10" />
        <cmp x="1987" y="739" width="31" height="60" />
      </word>
      <word id="a02-037-00-08" tag="INO" text="of">
        <cmp x="2047" y="734" width="75" height="96" />
      </word>
      <lower-contour>
        <point x="339" y="832" />
        <point x="2123" y="832" />
      </lower-contour>
    </line>
    <line ass="69" asx="0" asy="898" character-width="999" dss="69" dsx="0" dsy="1035" fd0="13956" fd1="2417" fd2="-1540" filter-width="4" id="a02-037-01" lbs="93" lbx="0" lby="979" segmentation="ok" slant="70000" stroke-width="5943" threshold="163" text="Nkrumah&apos;s Convention Party &amp;quot;after powerful addresses" ubs="21" ubx="0" uby="946">
      <word id="a02-037-01-00" tag="NP$" text="Nkrumah&apos;s">
        <cmp x="339" y="908" width="68" height="71" />
        <cmp x="405" y="916" width="39" height="60" />
        <cmp x="442" y="942" width="24" height="33" />
        <cmp x="470" y="944" width="32" height="30" />
        <cmp x="490" y="944" width="72" height="39" />
        <cmp x="565" y="947" width="31" height="35" />
        <cmp x="605" y="911" width="38" height="74" />
        <cmp x="668" y="899" width="18" height="30" />
        <cmp x="669" y="939" width="36" height="48" />
      </word>
      <word id="a02-037-01-01" tag="NN" text="Convention">
        <cmp x="789" y="925" width="62" height="60" />
        <cmp x="853" y="952" width="28" height="34" />
        <cmp x="891" y="953" width="27" height="27" />
        <cmp x="910" y="951" width="38" height="33" />
        <cmp x="950" y="952" width="25" height="33" />
        <cmp x="984" y="904" width="41" height="78" />
        <cmp x="1030" y="947" width="35" height="31" />
        <cmp x="1040" y="919" width="5" height="11" />
        <cmp x="1075" y="944" width="25" height="40" />
      </word>
      <word id="a02-037-01-02" tag="NN" text="Party">
        <cmp x="1148" y="911" width="41" height="68" />
        <cmp x="1168" y="946" width="60" height="33" />
        <cmp x="1216" y="915" width="77" height="120" />
      </word>
      <word id="a02-037-01-03" tag="*&apos;" text="&quot;">
        <cmp x="1358" y="906" width="13" height="22" />
        <cmp x="1359" y="907" width="25" height="46" />
      </word>
      <word id="a02-037-01-04" tag="IN" text="after">
        <cmp x="1382" y="916" width="67" height="97" />
        <cmp x="1446" y="925" width="48" height="61" />
        <cmp x="1497" y="954" width="29" height="34" />
      </word>
      <word id="a02-037-01-05" tag="JJ" text="powerful">
        <cmp x="1561" y="943" width="68" height="67" />
        <cmp x="1641" y="942" width="49" height="33" />
        <cmp x="1674" y="943" width="59" height="34" />
        <cmp x="1717" y="924" width="53" height="90" />
        <cmp x="1765" y="945" width="30" height="27" />
        <cmp x="1791" y="924" width="44" height="46" />
      </word>
      <word id="a02-037-01-06" tag="NNS" text="addresses">
        <cmp x="1872" y="918" width="86" height="57" />
        <cmp x="1947" y="916" width="54" height="58" />
        <cmp x="1992" y="937" width="97" height="37" />
        <cmp x="2091" y="934" width="33" height="33" />
      </word>
      <upper-contour>
        <point x="339" y="832" />
        <point x="2123" y="832" />
      </upper-contour>
      <lower-contour>
        <point x="337" y="1035" />
        <point x="2125" y="1035" />
      </lower-contour>
    </line>
    <line ass="521" asx="0" asy="1091" character-width="999" dss="521" dsx="0" dsy="1203" fd0="14159" fd1="2704" fd2="-970" filter-width="4" id="a02-037-02" lbs="623" lbx="0" lby="1172" segmentation="ok" slant="71000" stroke-width="5815" threshold="163" text="by Comrades Krobo Edusei, Tawia Adamafio,&amp;quot; and" ubs="317" ubx="0" uby="1133">
      <word id="a02-037-02-00" tag="IN" text="by">
        <cmp x="329" y="1089" width="37" height="74" />
        <cmp x="348" y="1126" width="60" height="73" />
      </word>
      <word id="a02-037-02-01" tag="NPTS" text="Comrades">
        <cmp x="480" y="1103" width="123" height="65" />
        <cmp x="613" y="1134" width="22" height="28" />
        <cmp x="634" y="1131" width="41" height="34" />
        <cmp x="674" y="1106" width="96" height="57" />
      </word>
      <word id="a02-037-02-02" tag="NP" text="Krobo">
        <cmp x="838" y="1095" width="50" height="68" />
        <cmp x="881" y="1129" width="27" height="32" />
        <cmp x="904" y="1132" width="29" height="33" />
        <cmp x="938" y="1109" width="68" height="52" />
      </word>
      <word id="a02-037-02-03" tag="NP" text="Edusei">
        <cmp x="1064" y="1099" width="42" height="53" />
        <cmp x="1108" y="1123" width="33" height="30" />
        <cmp x="1143" y="1097" width="46" height="56" />
        <cmp x="1186" y="1122" width="51" height="37" />
        <cmp x="1249" y="1127" width="12" height="32" />
        <cmp x="1277" y="1101" width="6" height="12" />
      </word>
      <word id="a02-037-02-04" tag="," text=",">
        <cmp x="1271" y="1143" width="23" height="36" />
      </word>
      <word id="a02-037-02-05" tag="NP" text="Tawia">
        <cmp x="1349" y="1086" width="70" height="63" />
        <cmp x="1396" y="1116" width="33" height="32" />
        <cmp x="1439" y="1119" width="41" height="28" />
        <cmp x="1482" y="1125" width="12" height="32" />
        <cmp x="1498" y="1128" width="46" height="25" />
        <cmp x="1506" y="1102" width="5" height="12" />
      </word>
      <word id="a02-037-02-06" tag="NP" text="Adamafio">
        <cmp x="1589" y="1094" width="55" height="62" />
        <cmp x="1641" y="1091" width="55" height="68" />
        <cmp x="1687" y="1124" width="104" height="39" />
        <cmp x="1801" y="1102" width="62" height="87" />
        <cmp x="1862" y="1130" width="13" height="22" />
        <cmp x="1882" y="1123" width="30" height="28" />
        <cmp x="1893" y="1096" width="11" height="16" />
      </word>
      <word id="a02-037-02-07" tag="," text=",">
        <cmp x="1908" y="1147" width="22" height="36" />
      </word>
      <word id="a02-037-02-08" tag="**&apos;" text="&quot;">
        <cmp x="1955" y="1081" width="13" height="24" />
        <cmp x="1966" y="1080" width="18" height="27" />
      </word>
      <word id="a02-037-02-09" tag="CC" text="and">
        <cmp x="2003" y="1102" width="131" height="61" />
      </word>
      <upper-contour>
        <point x="337" y="1035" />
        <point x="2125" y="1035" />
      </upper-contour>
      <lower-contour>
        <point x="349" y="1198" />
        <point x="2135" y="1198" />
      </lower-contour>
    </line>
    <line ass="448" asx="0" asy="1276" character-width="999" dss="448" dsx="0" dsy="1393" fd0="14028" fd1="2440" fd2="-1410" filter-width="4" id="a02-037-03" lbs="415" lbx="0" lby="1343" segmentation="ok" slant="71000" stroke-width="5977" threshold="163" text="others. Strong deeds followed strong words. In Takoradi" ubs="513" ubx="0" uby="1311">
      <word id="a02-037-03-00" tag="APS" text="others">
        <cmp x="351" y="1303" width="41" height="43" />
        <cmp x="401" y="1273" width="35" height="70" />
        <cmp x="435" y="1278" width="51" height="62" />
        <cmp x="492" y="1305" width="24" height="32" />
        <cmp x="507" y="1304" width="41" height="37" />
      </word>
      <word id="a02-037-03-01" tag="." text=".">
        <cmp x="560" y="1332" width="10" height="9" />
      </word>
      <word id="a02-037-03-02" sentence-start="yes" tag="JJ" text="Strong">
        <cmp x="644" y="1277" width="49" height="58" />
        <cmp x="695" y="1282" width="31" height="60" />
        <cmp x="721" y="1308" width="23" height="28" />
        <cmp x="740" y="1313" width="29" height="26" />
        <cmp x="771" y="1309" width="25" height="29" />
        <cmp x="782" y="1312" width="47" height="75" />
      </word>
      <word id="a02-037-03-03" tag="NNS" text="deeds">
        <cmp x="891" y="1277" width="135" height="64" />
      </word>
      <word id="a02-037-03-04" tag="VBD" text="followed">
        <cmp x="1070" y="1282" width="54" height="94" />
        <cmp x="1119" y="1280" width="113" height="59" />
        <cmp x="1237" y="1301" width="51" height="37" />
        <cmp x="1272" y="1275" width="78" height="61" />
      </word>
      <word id="a02-037-03-05" tag="JJ" text="strong">
        <cmp x="1399" y="1299" width="31" height="34" />
        <cmp x="1442" y="1271" width="37" height="55" />
        <cmp x="1470" y="1294" width="24" height="29" />
        <cmp x="1492" y="1302" width="31" height="26" />
        <cmp x="1520" y="1296" width="62" height="73" />
      </word>
      <word id="a02-037-03-06" tag="NNS" text="words">
        <cmp x="1618" y="1294" width="57" height="39" />
        <cmp x="1671" y="1300" width="49" height="28" />
        <cmp x="1716" y="1268" width="53" height="59" />
        <cmp x="1758" y="1292" width="25" height="37" />
      </word>
      <word id="a02-037-03-07" tag="." text=".">
        <cmp x="1806" y="1324" width="6" height="8" />
      </word>
      <word id="a02-037-03-08" sentence-start="yes" tag="IN" text="In">
        <cmp x="1847" y="1267" width="21" height="66" />
        <cmp x="1869" y="1298" width="34" height="37" />
      </word>
      <word id="a02-037-03-09" tag="NP" text="Takoradi">
        <cmp x="1932" y="1263" width="45" height="67" />
        <cmp x="1954" y="1300" width="35" height="37" />
        <cmp x="1995" y="1275" width="172" height="60" />
        <cmp x="2183" y="1281" width="10" height="9" />
      </word>
      <upper-contour>
        <point x="349" y="1198" />
        <point x="2135" y="1198" />
      </upper-contour>
      <lower-contour>
        <point x="349" y="1386" />
        <point x="2189" y="1386" />
      </lower-contour>
    </line>
    <line ass="-375" asx="0" asy="1431" character-width="999" dss="-375" dsx="0" dsy="1549" fd0="13891" fd1="2372" fd2="-1185" filter-width="4" id="a02-037-04" lbs="-385" lbx="0" lby="1505" segmentation="err" slant="66999" stroke-width="6192" threshold="161" text="a &amp;quot;limited state of emergency&amp;quot; was declared, giving" ubs="-356" ubx="0" uby="1473">
      <word id="a02-037-04-00" tag="AT" text="a">
        <cmp x="344" y="1486" width="44" height="40" />
      </word>
      <word id="a02-037-04-01" tag="*&apos;" text="&quot;">
        <cmp x="458" y="1442" width="15" height="25" />
      </word>
      <word id="a02-037-04-02" tag="JJ" text="limited">
        <cmp x="472" y="1452" width="107" height="67" />
        <cmp x="477" y="1443" width="13" height="26" />
        <cmp x="537" y="1459" width="7" height="10" />
        <cmp x="600" y="1461" width="7" height="9" />
        <cmp x="610" y="1455" width="41" height="59" />
        <cmp x="629" y="1466" width="143" height="56" />
      </word>
      <word id="a02-037-04-03" tag="NN" text="state">
        <cmp x="817" y="1475" width="45" height="42" />
        <cmp x="864" y="1449" width="43" height="64" />
        <cmp x="893" y="1461" width="86" height="62" />
      </word>
      <word id="a02-037-04-04" tag="INO" text="of">
        <cmp x="1036" y="1456" width="75" height="92" />
      </word>
      <word id="a02-037-04-05" tag="NN" text="emergency">
        <cmp x="1124" y="1483" width="117" height="40" />
        <cmp x="1242" y="1484" width="121" height="69" />
        <cmp x="1369" y="1484" width="25" height="31" />
        <cmp x="1375" y="1490" width="53" height="69" />
      </word>
      <word id="a02-037-04-06" tag="**&apos;" text="&quot;">
        <cmp x="1452" y="1442" width="18" height="36" />
        <cmp x="1466" y="1449" width="16" height="32" />
      </word>
      <word id="a02-037-04-07" tag="BEDZ" text="was">
        <cmp x="1521" y="1476" width="64" height="45" />
        <cmp x="1590" y="1487" width="55" height="38" />
      </word>
      <word id="a02-037-04-08" tag="VBN" text="declared">
        <cmp x="1709" y="1452" width="184" height="64" />
        <cmp x="1877" y="1456" width="102" height="57" />
      </word>
      <word id="a02-037-04-09" tag="," text=",">
        <cmp x="1983" y="1508" width="28" height="37" />
      </word>
      <word id="a02-037-04-10" tag="VBG" text="giving">
        <cmp x="2031" y="1479" width="46" height="77" />
        <cmp x="2084" y="1481" width="21" height="36" />
        <cmp x="2109" y="1480" width="26" height="31" />
        <cmp x="2110" y="1459" width="6" height="9" />
        <cmp x="2125" y="1485" width="20" height="32" />
        <cmp x="2135" y="1490" width="53" height="75" />
        <cmp x="2147" y="1464" width="7" height="7" />
      </word>
      <upper-contour>
        <point x="349" y="1386" />
        <point x="2189" y="1386" />
      </upper-contour>
      <lower-contour>
        <point x="342" y="1560" />
        <point x="2133" y="1560" />
      </lower-contour>
    </line>
    <line ass="457" asx="0" asy="1640" character-width="999" dss="457" dsx="0" dsy="1755" fd0="13735" fd1="2077" fd2="-1395" filter-width="4" id="a02-037-05" lbs="471" lbx="0" lby="1705" segmentation="ok" slant="70000" stroke-width="6042" threshold="161" text="the Government adequate power to maintain all" ubs="428" ubx="0" uby="1672">
      <word id="a02-037-05-00" tag="ATI" text="the">
        <cmp x="333" y="1642" width="80" height="64" />
      </word>
      <word id="a02-037-05-01" tag="NN" text="Government">
        <cmp x="493" y="1636" width="69" height="61" />
        <cmp x="573" y="1664" width="37" height="35" />
        <cmp x="593" y="1668" width="36" height="35" />
        <cmp x="637" y="1663" width="32" height="40" />
        <cmp x="650" y="1668" width="150" height="36" />
        <cmp x="808" y="1672" width="30" height="26" />
        <cmp x="848" y="1645" width="38" height="53" />
      </word>
      <word id="a02-037-05-02" tag="JJ" text="adequate">
        <cmp x="940" y="1635" width="306" height="113" />
      </word>
      <word id="a02-037-05-03" tag="NN" text="power">
        <cmp x="1279" y="1664" width="80" height="74" />
        <cmp x="1374" y="1660" width="74" height="36" />
        <cmp x="1451" y="1664" width="25" height="32" />
      </word>
      <word id="a02-037-05-04" tag="TO" text="to">
        <cmp x="1538" y="1631" width="63" height="62" />
      </word>
      <word id="a02-037-05-05" tag="VB" text="maintain">
        <cmp x="1646" y="1661" width="137" height="40" />
        <cmp x="1795" y="1661" width="35" height="32" />
        <cmp x="1803" y="1636" width="7" height="11" />
        <cmp x="1835" y="1631" width="47" height="58" />
        <cmp x="1852" y="1658" width="57" height="31" />
        <cmp x="1914" y="1660" width="43" height="36" />
        <cmp x="1920" y="1635" width="7" height="11" />
      </word>
      <word id="a02-037-05-06" tag="ABN" text="all">
        <cmp x="2012" y="1631" width="120" height="62" />
      </word>
      <upper-contour>
        <point x="342" y="1560" />
        <point x="2133" y="1560" />
      </upper-contour>
      <lower-contour>
        <point x="331" y="1748" />
        <point x="2133" y="1748" />
      </lower-contour>
    </line>
    <line ass="511" asx="0" asy="1814" character-width="999" dss="511" dsx="0" dsy="1924" fd0="14310" fd1="2539" fd2="-934" filter-width="4" id="a02-037-06" lbs="359" lbx="0" lby="1882" segmentation="ok" slant="66999" stroke-width="6080" threshold="160" text="essential services and ensure food supplies. Thus it" ubs="814" ubx="0" uby="1856">
      <word id="a02-037-06-00" tag="JJ" text="essential">
        <cmp x="329" y="1847" width="139" height="37" />
        <cmp x="472" y="1817" width="36" height="57" />
        <cmp x="496" y="1847" width="16" height="26" />
        <cmp x="516" y="1825" width="71" height="52" />
        <cmp x="527" y="1822" width="7" height="8" />
      </word>
      <word id="a02-037-06-01" tag="NNS" text="services">
        <cmp x="646" y="1845" width="64" height="34" />
        <cmp x="708" y="1844" width="35" height="35" />
        <cmp x="742" y="1843" width="41" height="30" />
        <cmp x="788" y="1839" width="83" height="39" />
        <cmp x="796" y="1823" width="10" height="14" />
      </word>
      <word id="a02-037-06-02" tag="CC" text="and">
        <cmp x="921" y="1824" width="141" height="61" />
      </word>
      <word id="a02-037-06-03" tag="VB" text="ensure">
        <cmp x="1116" y="1837" width="110" height="40" />
        <cmp x="1224" y="1841" width="34" height="29" />
        <cmp x="1268" y="1837" width="29" height="31" />
        <cmp x="1277" y="1846" width="43" height="26" />
      </word>
      <word id="a02-037-06-04" tag="NN" text="food">
        <cmp x="1346" y="1819" width="59" height="94" />
        <cmp x="1402" y="1808" width="121" height="67" />
      </word>
      <word id="a02-037-06-05" tag="NNS" text="supplies">
        <cmp x="1544" y="1844" width="49" height="33" />
        <cmp x="1596" y="1844" width="31" height="26" />
        <cmp x="1616" y="1844" width="55" height="62" />
        <cmp x="1657" y="1807" width="163" height="96" />
        <cmp x="1779" y="1810" width="6" height="7" />
      </word>
      <word id="a02-037-06-06" tag="." text=".">
        <cmp x="1847" y="1860" width="8" height="7" />
      </word>
      <word id="a02-037-06-07" sentence-start="yes" tag="RB" text="Thus">
        <cmp x="1888" y="1803" width="38" height="12" />
        <cmp x="1888" y="1813" width="21" height="47" />
        <cmp x="1926" y="1807" width="97" height="64" />
      </word>
      <word id="a02-037-06-08" tag="PP3" text="it">
        <cmp x="2074" y="1826" width="18" height="36" />
        <cmp x="2092" y="1802" width="9" height="13" />
        <cmp x="2111" y="1797" width="40" height="58" />
      </word>
      <upper-contour>
        <point x="331" y="1748" />
        <point x="2133" y="1748" />
      </upper-contour>
      <lower-contour>
        <point x="350" y="1914" />
        <point x="2106" y="1914" />
      </lower-contour>
    </line>
    <line ass="565" asx="0" asy="1983" character-width="999" dss="565" dsx="0" dsy="2105" fd0="14004" fd1="2362" fd2="-1320" filter-width="4" id="a02-037-07" lbs="627" lbx="0" lby="2066" segmentation="ok" slant="68999" stroke-width="6181" threshold="159" text="becomes an offence punishable with imprisonment" ubs="443" ubx="0" uby="2028">
      <word id="a02-037-07-00" tag="VBZ" text="becomes">
        <cmp x="352" y="1980" width="59" height="76" />
        <cmp x="418" y="2024" width="152" height="36" />
        <cmp x="581" y="2020" width="28" height="38" />
      </word>
      <word id="a02-037-07-01" tag="AT" text="an">
        <cmp x="667" y="2027" width="75" height="41" />
      </word>
      <word id="a02-037-07-02" tag="NN" text="offence">
        <cmp x="812" y="1990" width="99" height="105" />
        <cmp x="893" y="2028" width="79" height="36" />
        <cmp x="978" y="2027" width="57" height="41" />
      </word>
      <word id="a02-037-07-03" tag="JJ" text="punishable">
        <cmp x="1097" y="2020" width="44" height="68" />
        <cmp x="1147" y="2020" width="37" height="36" />
        <cmp x="1195" y="2023" width="48" height="32" />
        <cmp x="1249" y="2020" width="31" height="31" />
        <cmp x="1262" y="2005" width="7" height="11" />
        <cmp x="1282" y="1997" width="88" height="59" />
        <cmp x="1370" y="1998" width="97" height="65" />
      </word>
      <word id="a02-037-07-04" tag="IN" text="with">
        <cmp x="1516" y="2014" width="60" height="33" />
        <cmp x="1569" y="2014" width="15" height="30" />
        <cmp x="1589" y="1987" width="6" height="11" />
        <cmp x="1598" y="1985" width="31" height="55" />
        <cmp x="1630" y="1991" width="32" height="52" />
      </word>
      <word id="a02-037-07-05" tag="NN" text="imprisonment">
        <cmp x="1722" y="2007" width="67" height="38" />
        <cmp x="1739" y="1983" width="10" height="24" />
        <cmp x="1772" y="2021" width="50" height="67" />
        <cmp x="1825" y="2018" width="29" height="32" />
        <cmp x="1851" y="2024" width="12" height="25" />
        <cmp x="1868" y="2013" width="32" height="34" />
        <cmp x="1874" y="2001" width="8" height="10" />
        <cmp x="1894" y="1998" width="211" height="55" />
      </word>
      <upper-contour>
        <point x="350" y="1914" />
        <point x="2106" y="1914" />
      </upper-contour>
      <lower-contour>
        <point x="350" y="2094" />
        <point x="2106" y="2094" />
      </lower-contour>
    </line>
    <line ass="718" asx="0" asy="2171" character-width="999" dss="718" dsx="0" dsy="2298" fd0="14069" fd1="2433" fd2="-1008" filter-width="4" id="a02-037-08" lbs="676" lbx="0" lby="2249" segmentation="ok" slant="72000" stroke-width="5906" threshold="160" text="for anyone who &amp;quot;publishes a report likely to cause" ubs="801" ubx="0" uby="2219">
      <word id="a02-037-08-00" tag="IN" text="for">
        <cmp x="341" y="2175" width="79" height="102" />
        <cmp x="427" y="2208" width="25" height="33" />
      </word>
      <word id="a02-037-08-01" tag="PN" text="anyone">
        <cmp x="513" y="2209" width="35" height="35" />
        <cmp x="557" y="2209" width="29" height="40" />
        <cmp x="578" y="2214" width="57" height="77" />
        <cmp x="653" y="2208" width="30" height="31" />
        <cmp x="691" y="2200" width="61" height="44" />
      </word>
      <word id="a02-037-08-02" tag="WP" text="who">
        <cmp x="826" y="2195" width="63" height="36" />
        <cmp x="888" y="2171" width="83" height="63" />
      </word>
      <word id="a02-037-08-03" tag="*&apos;" text="&quot;">
        <cmp x="1036" y="2160" width="12" height="28" />
        <cmp x="1050" y="2161" width="11" height="32" />
      </word>
      <word id="a02-037-08-04" tag="VBZ" text="publishes">
        <cmp x="1062" y="2207" width="45" height="66" />
        <cmp x="1113" y="2204" width="25" height="26" />
        <cmp x="1147" y="2181" width="41" height="50" />
        <cmp x="1190" y="2171" width="78" height="68" />
        <cmp x="1246" y="2182" width="7" height="13" />
        <cmp x="1281" y="2171" width="116" height="73" />
      </word>
      <word id="a02-037-08-05" tag="AT" text="a">
        <cmp x="1431" y="2206" width="42" height="40" />
      </word>
      <word id="a02-037-08-06" tag="NN" text="report">
        <cmp x="1506" y="2194" width="30" height="44" />
        <cmp x="1521" y="2206" width="40" height="36" />
        <cmp x="1553" y="2203" width="99" height="68" />
        <cmp x="1661" y="2172" width="30" height="59" />
      </word>
      <word id="a02-037-08-07" tag="JJ" text="likely">
        <cmp x="1723" y="2179" width="52" height="52" />
        <cmp x="1785" y="2174" width="7" height="9" />
        <cmp x="1793" y="2165" width="119" height="109" />
      </word>
      <word id="a02-037-08-08" tag="TO" text="to">
        <cmp x="1941" y="2160" width="37" height="57" />
        <cmp x="1952" y="2195" width="45" height="24" />
      </word>
      <word id="a02-037-08-09" tag="VB" text="cause">
        <cmp x="2034" y="2190" width="138" height="43" />
      </word>
      <upper-contour>
        <point x="350" y="2094" />
        <point x="2106" y="2094" />
      </upper-contour>
      <lower-contour>
        <point x="339" y="2290" />
        <point x="1662" y="2290" />
      </lower-contour>
    </line>
    <line ass="-58" asx="0" asy="2334" character-width="999" dss="-58" dsx="0" dsy="2457" fd0="14018" fd1="2524" fd2="-984" filter-width="4" id="a02-037-09" lbs="-172" lbx="0" lby="2414" segmentation="err" slant="72000" stroke-width="5861" threshold="159" text="alarm or prejudicial to public safety.&amp;quot;" ubs="169" ubx="0" uby="2386">
      <word id="a02-037-09-00" tag="NN" text="alarm">
        <cmp x="339" y="2357" width="188" height="65" />
      </word>
      <word id="a02-037-09-01" tag="CC" text="or">
        <cmp x="600" y="2388" width="33" height="28" />
        <cmp x="635" y="2383" width="27" height="34" />
      </word>
      <word id="a02-037-09-02" tag="JJ" text="prejudicial">
        <cmp x="708" y="2386" width="33" height="59" />
        <cmp x="756" y="2380" width="43" height="41" />
        <cmp x="789" y="2400" width="34" height="59" />
        <cmp x="836" y="2393" width="28" height="26" />
        <cmp x="837" y="2376" width="5" height="5" />
        <cmp x="873" y="2351" width="62" height="69" />
        <cmp x="947" y="2382" width="45" height="35" />
        <cmp x="949" y="2361" width="10" height="13" />
        <cmp x="1000" y="2359" width="70" height="57" />
        <cmp x="1010" y="2366" width="9" height="13" />
      </word>
      <word id="a02-037-09-03" tag="IN" text="to">
        <cmp x="1115" y="2354" width="44" height="64" />
        <cmp x="1135" y="2392" width="40" height="29" />
      </word>
      <word id="a02-037-09-04" tag="JJ" text="public">
        <cmp x="1225" y="2349" width="87" height="100" />
        <cmp x="1314" y="2356" width="32" height="51" />
        <cmp x="1356" y="2378" width="28" height="35" />
        <cmp x="1360" y="2361" width="7" height="7" />
      </word>
      <word id="a02-037-09-05" tag="NN" text="safety">
        <cmp x="1415" y="2374" width="40" height="32" />
        <cmp x="1447" y="2352" width="83" height="79" />
        <cmp x="1539" y="2338" width="60" height="111" />
      </word>
      <word id="a02-037-09-06" tag="." text=".">
        <cmp x="1636" y="2337" width="13" height="33" />
      </word>
      <word id="a02-037-09-07" tag="**&apos;" text="&quot;">
        <cmp x="1645" y="2410" width="8" height="8" />
        <cmp x="1648" y="2342" width="13" height="34" />
      </word>
      <upper-contour>
        <point x="339" y="2290" />
        <point x="1662" y="2290" />
      </upper-contour>
    </line>
  </handwritten-part>
</form>

