<?xml version="1.0" encoding="ISO-8859-1"?>

<!DOCTYPE form SYSTEM 'http://www.iam.unibe.ch/~fki/iamdb/form-metadata.dtd'>

<form created="2002-01-15" height="3542" id="a03-011" last-modified="2002-07-17" skew="0" status="final" version="3.0_beta" width="2479" writer-id="042">
  <machine-printed-part>
    <machine-print-line text="But he now feels, in view of a changed international situation and especially in view" />
    <machine-print-line text="of fresh problems facing the new and independent countries of Africa, that the time" />
    <machine-print-line text="is ripe to have more frequent consultations between the uncommitted countries and" />
    <machine-print-line text="even to work out common stands on various problems facing those nations. Two" />
    <machine-print-line text="subjects, the Congo and Algeria, are the main topics of the talks in Belgrade - and" />
    <machine-print-line text="on both the two leaders have identical ideas." />
  </machine-printed-part>
  <handwritten-part>
    <line ass="-966" asx="0" asy="721" character-width="999" dss="-966" dsx="0" dsy="827" fd0="13024" fd1="2842" fd2="-368" filter-width="4" id="a03-011-00" lbs="-975" lbx="0" lby="795" segmentation="ok" slant="82000" stroke-width="5752" threshold="175" text="But he now feels, in view of a changed international" ubs="-949" ubx="0" uby="766">
      <word id="a03-011-00-00" sentence-start="yes" tag="CC" text="But">
        <cmp x="363" y="752" width="25" height="49" />
        <cmp x="394" y="777" width="22" height="26" />
        <cmp x="423" y="745" width="15" height="58" />
      </word>
      <word id="a03-011-00-01" tag="PP3A" text="he">
        <cmp x="484" y="752" width="28" height="52" />
        <cmp x="523" y="771" width="26" height="26" />
      </word>
      <word id="a03-011-00-02" tag="RN" text="now">
        <cmp x="597" y="776" width="88" height="32" />
      </word>
      <word id="a03-011-00-03" tag="VBZ" text="feels">
        <cmp x="744" y="751" width="22" height="60" />
        <cmp x="771" y="756" width="64" height="53" />
        <cmp x="832" y="776" width="22" height="38" />
      </word>
      <word id="a03-011-00-04" tag="," text=",">
        <cmp x="874" y="801" width="9" height="31" />
      </word>
      <word id="a03-011-00-05" tag="IN" text="in">
        <cmp x="927" y="792" width="9" height="26" />
        <cmp x="931" y="753" width="10" height="17" />
        <cmp x="946" y="786" width="24" height="29" />
      </word>
      <word id="a03-011-00-06" tag="NN" text="view">
        <cmp x="1044" y="775" width="27" height="33" />
        <cmp x="1076" y="778" width="6" height="30" />
        <cmp x="1081" y="749" width="41" height="57" />
        <cmp x="1124" y="775" width="41" height="34" />
      </word>
      <word id="a03-011-00-07" tag="INO" text="of">
        <cmp x="1212" y="780" width="23" height="28" />
        <cmp x="1241" y="755" width="24" height="63" />
      </word>
      <word id="a03-011-00-08" tag="AT" text="a">
        <cmp x="1305" y="785" width="26" height="35" />
      </word>
      <word id="a03-011-00-09" tag="JJ" text="changed">
        <cmp x="1376" y="787" width="23" height="25" />
        <cmp x="1402" y="763" width="55" height="57" />
        <cmp x="1465" y="763" width="128" height="91" />
      </word>
      <word id="a03-011-00-10" tag="JJ" text="international">
        <cmp x="1634" y="803" width="7" height="23" />
        <cmp x="1641" y="765" width="9" height="18" />
        <cmp x="1650" y="803" width="32" height="32" />
        <cmp x="1699" y="754" width="78" height="74" />
        <cmp x="1777" y="794" width="35" height="32" />
        <cmp x="1814" y="798" width="25" height="33" />
        <cmp x="1850" y="753" width="20" height="76" />
        <cmp x="1875" y="797" width="6" height="27" />
        <cmp x="1885" y="758" width="6" height="20" />
        <cmp x="1891" y="795" width="26" height="26" />
        <cmp x="1925" y="794" width="33" height="29" />
        <cmp x="1965" y="791" width="29" height="34" />
        <cmp x="2002" y="768" width="15" height="65" />
      </word>
      <lower-contour>
        <point x="362" y="854" />
        <point x="2018" y="854" />
      </lower-contour>
    </line>
    <line ass="-683" asx="0" asy="907" character-width="999" dss="-683" dsx="0" dsy="1007" fd0="13019" fd1="3113" fd2="-704" filter-width="4" id="a03-011-01" lbs="-680" lbx="0" lby="979" segmentation="ok" slant="81000" stroke-width="5874" threshold="175" text="situation and especially in view of fresh problems facing" ubs="-691" ubx="0" uby="950">
      <word id="a03-011-01-00" tag="NN" text="situation">
        <cmp x="364" y="939" width="28" height="38" />
        <cmp x="396" y="946" width="10" height="29" />
        <cmp x="403" y="916" width="9" height="20" />
        <cmp x="420" y="913" width="52" height="68" />
        <cmp x="477" y="955" width="26" height="35" />
        <cmp x="511" y="927" width="28" height="60" />
        <cmp x="537" y="925" width="10" height="29" />
        <cmp x="547" y="953" width="22" height="26" />
        <cmp x="581" y="961" width="29" height="31" />
      </word>
      <word id="a03-011-01-01" tag="CC" text="and">
        <cmp x="660" y="958" width="24" height="33" />
        <cmp x="687" y="964" width="36" height="31" />
        <cmp x="724" y="940" width="36" height="56" />
      </word>
      <word id="a03-011-01-02" tag="RB" text="especially">
        <cmp x="792" y="960" width="32" height="26" />
        <cmp x="827" y="956" width="29" height="30" />
        <cmp x="853" y="960" width="61" height="50" />
        <cmp x="920" y="961" width="29" height="31" />
        <cmp x="958" y="969" width="8" height="25" />
        <cmp x="974" y="932" width="9" height="19" />
        <cmp x="982" y="958" width="29" height="29" />
        <cmp x="1021" y="928" width="13" height="56" />
        <cmp x="1030" y="956" width="41" height="63" />
        <cmp x="1033" y="925" width="11" height="55" />
        <cmp x="1056" y="926" width="5" height="12" />
      </word>
      <word id="a03-011-01-03" tag="IN" text="in">
        <cmp x="1140" y="963" width="8" height="23" />
        <cmp x="1151" y="930" width="7" height="21" />
        <cmp x="1157" y="961" width="30" height="32" />
      </word>
      <word id="a03-011-01-04" tag="NN" text="view">
        <cmp x="1232" y="965" width="24" height="23" />
        <cmp x="1262" y="966" width="7" height="24" />
        <cmp x="1274" y="938" width="34" height="50" />
        <cmp x="1314" y="965" width="39" height="23" />
      </word>
      <word id="a03-011-01-05" tag="INO" text="of">
        <cmp x="1400" y="963" width="20" height="24" />
        <cmp x="1425" y="926" width="23" height="72" />
      </word>
      <word id="a03-011-01-06" tag="JJ" text="fresh">
        <cmp x="1483" y="931" width="28" height="64" />
        <cmp x="1511" y="962" width="76" height="33" />
        <cmp x="1593" y="940" width="27" height="68" />
      </word>
      <word id="a03-011-01-07" tag="NNS" text="problems">
        <cmp x="1657" y="965" width="28" height="55" />
        <cmp x="1694" y="963" width="43" height="35" />
        <cmp x="1747" y="935" width="28" height="65" />
        <cmp x="1781" y="936" width="128" height="68" />
      </word>
      <word id="a03-011-01-08" tag="VBG" text="facing">
        <cmp x="1957" y="941" width="48" height="63" />
        <cmp x="2014" y="967" width="27" height="28" />
        <cmp x="2051" y="969" width="10" height="25" />
        <cmp x="2070" y="936" width="5" height="19" />
        <cmp x="2074" y="977" width="27" height="20" />
        <cmp x="2108" y="970" width="25" height="48" />
      </word>
      <upper-contour>
        <point x="362" y="854" />
        <point x="2018" y="854" />
      </upper-contour>
      <lower-contour>
        <point x="362" y="1020" />
        <point x="2096" y="1020" />
      </lower-contour>
    </line>
    <line ass="-1027" asx="0" asy="1077" character-width="999" dss="-1027" dsx="0" dsy="1177" fd0="13029" fd1="2584" fd2="-446" filter-width="4" id="a03-011-02" lbs="-1052" lbx="0" lby="1148" segmentation="ok" slant="78000" stroke-width="6025" threshold="175" text="the new and independent countries of Africa, that the" ubs="-977" ubx="0" uby="1124">
      <word id="a03-011-02-00" tag="ATI" text="the">
        <cmp x="363" y="1111" width="18" height="49" />
        <cmp x="380" y="1106" width="31" height="50" />
        <cmp x="409" y="1130" width="42" height="26" />
      </word>
      <word id="a03-011-02-01" tag="JJ" text="new">
        <cmp x="511" y="1123" width="114" height="33" />
      </word>
      <word id="a03-011-02-02" tag="CC" text="and">
        <cmp x="661" y="1133" width="32" height="23" />
        <cmp x="694" y="1141" width="34" height="28" />
        <cmp x="725" y="1125" width="33" height="43" />
      </word>
      <word id="a03-011-02-03" tag="JJ" text="independent">
        <cmp x="825" y="1148" width="8" height="18" />
        <cmp x="835" y="1115" width="9" height="14" />
        <cmp x="843" y="1144" width="33" height="23" />
        <cmp x="885" y="1108" width="147" height="87" />
        <cmp x="1033" y="1114" width="99" height="59" />
        <cmp x="1144" y="1103" width="23" height="67" />
      </word>
      <word id="a03-011-02-04" tag="NNS" text="countries">
        <cmp x="1196" y="1149" width="22" height="22" />
        <cmp x="1222" y="1145" width="21" height="23" />
        <cmp x="1247" y="1149" width="31" height="24" />
        <cmp x="1283" y="1150" width="37" height="25" />
        <cmp x="1332" y="1103" width="48" height="76" />
        <cmp x="1384" y="1108" width="9" height="27" />
        <cmp x="1384" y="1144" width="61" height="35" />
      </word>
      <word id="a03-011-02-05" tag="INO" text="of">
        <cmp x="1494" y="1150" width="28" height="26" />
        <cmp x="1527" y="1110" width="29" height="74" />
      </word>
      <word id="a03-011-02-06" tag="NP" text="Africa">
        <cmp x="1593" y="1125" width="88" height="62" />
        <cmp x="1686" y="1159" width="7" height="18" />
        <cmp x="1696" y="1122" width="5" height="19" />
        <cmp x="1698" y="1153" width="22" height="29" />
        <cmp x="1721" y="1154" width="24" height="34" />
      </word>
      <word id="a03-011-02-07" tag="," text=",">
        <cmp x="1761" y="1177" width="11" height="25" />
      </word>
      <word id="a03-011-02-08" tag="CS" text="that">
        <cmp x="1818" y="1131" width="20" height="66" />
        <cmp x="1845" y="1132" width="34" height="53" />
        <cmp x="1883" y="1152" width="34" height="25" />
        <cmp x="1915" y="1121" width="21" height="63" />
      </word>
      <word id="a03-011-02-09" tag="ATI" text="the">
        <cmp x="1983" y="1117" width="18" height="60" />
        <cmp x="2009" y="1113" width="86" height="65" />
      </word>
      <upper-contour>
        <point x="362" y="1020" />
        <point x="2096" y="1020" />
      </upper-contour>
      <lower-contour>
        <point x="361" y="1202" />
        <point x="2096" y="1202" />
      </lower-contour>
    </line>
    <line ass="-887" asx="0" asy="1252" character-width="999" dss="-887" dsx="0" dsy="1343" fd0="13065" fd1="2793" fd2="-445" filter-width="4" id="a03-011-03" lbs="-899" lbx="0" lby="1325" segmentation="ok" slant="82000" stroke-width="6316" threshold="175" text="time is ripe to have more frequent consultations between" ubs="-862" ubx="0" uby="1297">
      <word id="a03-011-03-00" tag="NN" text="time">
        <cmp x="355" y="1283" width="21" height="46" />
        <cmp x="381" y="1306" width="6" height="22" />
        <cmp x="386" y="1273" width="7" height="17" />
        <cmp x="398" y="1297" width="96" height="34" />
      </word>
      <word id="a03-011-03-01" tag="BEZ" text="is">
        <cmp x="532" y="1303" width="10" height="32" />
        <cmp x="538" y="1273" width="9" height="12" />
        <cmp x="548" y="1300" width="28" height="33" />
      </word>
      <word id="a03-011-03-02" tag="JJ" text="ripe">
        <cmp x="629" y="1297" width="19" height="32" />
        <cmp x="659" y="1310" width="8" height="15" />
        <cmp x="669" y="1269" width="7" height="16" />
        <cmp x="675" y="1297" width="78" height="45" />
      </word>
      <word id="a03-011-03-03" tag="TO" text="to">
        <cmp x="816" y="1284" width="41" height="63" />
      </word>
      <word id="a03-011-03-04" tag="HV" text="have">
        <cmp x="895" y="1277" width="23" height="61" />
        <cmp x="921" y="1316" width="26" height="26" />
        <cmp x="951" y="1313" width="24" height="30" />
        <cmp x="980" y="1313" width="32" height="31" />
      </word>
      <word id="a03-011-03-05" tag="QL" text="more">
        <cmp x="1057" y="1310" width="41" height="32" />
        <cmp x="1099" y="1308" width="87" height="40" />
      </word>
      <word id="a03-011-03-06" tag="JJ" text="frequent">
        <cmp x="1237" y="1290" width="25" height="71" />
        <cmp x="1257" y="1312" width="62" height="31" />
        <cmp x="1324" y="1311" width="102" height="54" />
        <cmp x="1430" y="1292" width="13" height="67" />
      </word>
      <word id="a03-011-03-07" tag="NNS" text="consultations">
        <cmp x="1487" y="1319" width="25" height="29" />
        <cmp x="1513" y="1318" width="116" height="32" />
        <cmp x="1634" y="1296" width="12" height="63" />
        <cmp x="1654" y="1298" width="22" height="64" />
        <cmp x="1676" y="1325" width="24" height="30" />
        <cmp x="1705" y="1287" width="33" height="70" />
        <cmp x="1737" y="1327" width="11" height="23" />
        <cmp x="1744" y="1280" width="8" height="32" />
        <cmp x="1754" y="1323" width="26" height="27" />
        <cmp x="1787" y="1325" width="65" height="32" />
      </word>
      <word id="a03-011-03-08" tag="IN" text="between">
        <cmp x="1900" y="1296" width="25" height="51" />
        <cmp x="1931" y="1299" width="88" height="55" />
        <cmp x="2021" y="1321" width="59" height="30" />
        <cmp x="2085" y="1321" width="34" height="38" />
      </word>
      <upper-contour>
        <point x="361" y="1202" />
        <point x="2096" y="1202" />
      </upper-contour>
      <lower-contour>
        <point x="353" y="1365" />
        <point x="2120" y="1365" />
      </lower-contour>
    </line>
    <line ass="270" asx="0" asy="1454" character-width="999" dss="270" dsx="0" dsy="1542" fd0="13314" fd1="2989" fd2="-304" filter-width="4" id="a03-011-04" lbs="282" lbx="0" lby="1530" segmentation="ok" slant="85000" stroke-width="6094" threshold="175" text="the uncommitted countries and even to work out common" ubs="246" ubx="0" uby="1505">
      <word id="a03-011-04-00" tag="ATI" text="the">
        <cmp x="355" y="1454" width="18" height="52" />
        <cmp x="378" y="1456" width="59" height="47" />
      </word>
      <word id="a03-011-04-01" tag="JJ" text="uncommitted">
        <cmp x="491" y="1485" width="30" height="26" />
        <cmp x="525" y="1492" width="38" height="31" />
        <cmp x="566" y="1490" width="26" height="32" />
        <cmp x="594" y="1494" width="30" height="32" />
        <cmp x="639" y="1495" width="49" height="34" />
        <cmp x="699" y="1502" width="58" height="23" />
        <cmp x="761" y="1462" width="7" height="11" />
        <cmp x="772" y="1463" width="29" height="63" />
        <cmp x="785" y="1463" width="94" height="73" />
      </word>
      <word id="a03-011-04-02" tag="NNS" text="countries">
        <cmp x="922" y="1503" width="29" height="28" />
        <cmp x="951" y="1501" width="20" height="26" />
        <cmp x="981" y="1503" width="32" height="25" />
        <cmp x="1023" y="1507" width="30" height="22" />
        <cmp x="1060" y="1476" width="54" height="57" />
        <cmp x="1115" y="1504" width="10" height="23" />
        <cmp x="1127" y="1469" width="62" height="61" />
      </word>
      <word id="a03-011-04-03" tag="CC" text="and">
        <cmp x="1276" y="1494" width="35" height="24" />
        <cmp x="1318" y="1500" width="28" height="27" />
        <cmp x="1350" y="1476" width="38" height="53" />
      </word>
      <word id="a03-011-04-04" tag="RB" text="even">
        <cmp x="1438" y="1497" width="24" height="32" />
        <cmp x="1473" y="1493" width="84" height="41" />
      </word>
      <word id="a03-011-04-05" tag="TO" text="to">
        <cmp x="1603" y="1477" width="41" height="55" />
      </word>
      <word id="a03-011-04-06" tag="VB" text="work">
        <cmp x="1680" y="1504" width="46" height="30" />
        <cmp x="1730" y="1507" width="21" height="24" />
        <cmp x="1761" y="1502" width="24" height="22" />
        <cmp x="1788" y="1468" width="28" height="62" />
      </word>
      <word id="a03-011-04-07" tag="RP" text="out">
        <cmp x="1854" y="1493" width="21" height="24" />
        <cmp x="1881" y="1498" width="31" height="18" />
        <cmp x="1915" y="1467" width="32" height="57" />
      </word>
      <word id="a03-011-04-08" tag="JJ" text="common">
        <cmp x="1994" y="1487" width="57" height="29" />
        <cmp x="2060" y="1491" width="53" height="25" />
        <cmp x="2124" y="1492" width="43" height="24" />
        <cmp x="2170" y="1490" width="23" height="22" />
        <cmp x="2197" y="1492" width="30" height="26" />
      </word>
      <upper-contour>
        <point x="353" y="1365" />
        <point x="2120" y="1365" />
      </upper-contour>
      <lower-contour>
        <point x="372" y="1536" />
        <point x="2126" y="1536" />
      </lower-contour>
    </line>
    <line ass="1256" asx="0" asy="1674" character-width="999" dss="1256" dsx="0" dsy="1774" fd0="13334" fd1="2865" fd2="-574" filter-width="4" id="a03-011-05" lbs="1281" lbx="0" lby="1745" segmentation="ok" slant="87000" stroke-width="6121" threshold="175" text="stands on various problems facing those nations. Two" ubs="1205" ubx="0" uby="1717">
      <word id="a03-011-05-00" tag="NNS" text="stands">
        <cmp x="374" y="1696" width="24" height="37" />
        <cmp x="400" y="1665" width="91" height="78" />
        <cmp x="502" y="1679" width="57" height="54" />
      </word>
      <word id="a03-011-05-01" tag="IN" text="on">
        <cmp x="615" y="1704" width="29" height="23" />
        <cmp x="651" y="1708" width="40" height="23" />
      </word>
      <word id="a03-011-05-02" tag="JJ" text="various">
        <cmp x="735" y="1703" width="33" height="29" />
        <cmp x="769" y="1701" width="34" height="22" />
        <cmp x="808" y="1701" width="28" height="26" />
        <cmp x="837" y="1705" width="11" height="24" />
        <cmp x="846" y="1677" width="9" height="15" />
        <cmp x="854" y="1703" width="23" height="24" />
        <cmp x="889" y="1702" width="34" height="26" />
        <cmp x="921" y="1698" width="24" height="37" />
      </word>
      <word id="a03-011-05-03" tag="NNS" text="problems">
        <cmp x="1005" y="1703" width="24" height="43" />
        <cmp x="1044" y="1696" width="44" height="29" />
        <cmp x="1096" y="1669" width="24" height="55" />
        <cmp x="1131" y="1659" width="132" height="60" />
      </word>
      <word id="a03-011-05-04" tag="VBG" text="facing">
        <cmp x="1311" y="1671" width="32" height="61" />
        <cmp x="1338" y="1688" width="30" height="32" />
        <cmp x="1377" y="1687" width="26" height="28" />
        <cmp x="1413" y="1688" width="10" height="25" />
        <cmp x="1420" y="1652" width="7" height="23" />
        <cmp x="1433" y="1686" width="31" height="30" />
        <cmp x="1472" y="1682" width="21" height="59" />
      </word>
      <word id="a03-011-05-05" tag="DTS" text="those">
        <cmp x="1541" y="1654" width="53" height="67" />
        <cmp x="1594" y="1684" width="29" height="29" />
        <cmp x="1625" y="1680" width="69" height="33" />
      </word>
      <word id="a03-011-05-06" tag="NNS" text="nations">
        <cmp x="1727" y="1677" width="33" height="31" />
        <cmp x="1758" y="1676" width="27" height="24" />
        <cmp x="1788" y="1641" width="35" height="66" />
        <cmp x="1822" y="1639" width="26" height="58" />
        <cmp x="1861" y="1677" width="34" height="20" />
        <cmp x="1900" y="1669" width="27" height="31" />
      </word>
      <word id="a03-011-05-07" tag="." text=".">
        <cmp x="1948" y="1691" width="11" height="12" />
      </word>
      <word id="a03-011-05-08" sentence-start="yes" tag="CD" text="Two">
        <cmp x="2006" y="1639" width="32" height="12" />
        <cmp x="2018" y="1650" width="12" height="51" />
        <cmp x="2036" y="1673" width="49" height="24" />
        <cmp x="2095" y="1669" width="30" height="24" />
      </word>
      <upper-contour>
        <point x="372" y="1536" />
        <point x="2126" y="1536" />
      </upper-contour>
      <lower-contour>
        <point x="372" y="1746" />
        <point x="2126" y="1746" />
      </lower-contour>
    </line>
    <line ass="-345" asx="0" asy="1815" character-width="999" dss="-345" dsx="0" dsy="1918" fd0="12906" fd1="2987" fd2="-506" filter-width="4" id="a03-011-06" lbs="-296" lbx="0" lby="1883" segmentation="ok" slant="90000" stroke-width="6110" threshold="175" text="subjects, the Congo and Algeria, are the main topics" ubs="-443" ubx="0" uby="1852">
      <word id="a03-011-06-00" tag="NNS" text="subjects">
        <cmp x="370" y="1851" width="29" height="34" />
        <cmp x="398" y="1856" width="32" height="27" />
        <cmp x="440" y="1830" width="39" height="73" />
        <cmp x="480" y="1825" width="8" height="22" />
        <cmp x="496" y="1856" width="25" height="28" />
        <cmp x="525" y="1860" width="18" height="18" />
        <cmp x="551" y="1822" width="40" height="74" />
      </word>
      <word id="a03-011-06-01" tag="," text=",">
        <cmp x="611" y="1874" width="8" height="26" />
      </word>
      <word id="a03-011-06-02" tag="ATI" text="the">
        <cmp x="654" y="1825" width="22" height="65" />
        <cmp x="677" y="1828" width="68" height="62" />
      </word>
      <word id="a03-011-06-03" tag="NP" text="Congo">
        <cmp x="792" y="1830" width="40" height="54" />
        <cmp x="830" y="1850" width="30" height="30" />
        <cmp x="868" y="1852" width="41" height="25" />
        <cmp x="905" y="1852" width="28" height="71" />
        <cmp x="943" y="1850" width="29" height="34" />
      </word>
      <word id="a03-011-06-04" tag="CC" text="and">
        <cmp x="1026" y="1856" width="62" height="31" />
        <cmp x="1094" y="1839" width="35" height="60" />
      </word>
      <word id="a03-011-06-05" tag="NP" text="Algeria">
        <cmp x="1190" y="1833" width="42" height="63" />
        <cmp x="1238" y="1825" width="12" height="63" />
        <cmp x="1251" y="1862" width="30" height="64" />
        <cmp x="1287" y="1862" width="65" height="26" />
        <cmp x="1364" y="1860" width="7" height="32" />
        <cmp x="1367" y="1830" width="48" height="70" />
      </word>
      <word id="a03-011-06-06" tag="," text=",">
        <cmp x="1443" y="1873" width="8" height="29" />
      </word>
      <word id="a03-011-06-07" tag="BER" text="are">
        <cmp x="1485" y="1862" width="34" height="29" />
        <cmp x="1526" y="1856" width="76" height="37" />
      </word>
      <word id="a03-011-06-08" tag="ATI" text="the">
        <cmp x="1663" y="1826" width="29" height="58" />
        <cmp x="1700" y="1832" width="95" height="50" />
      </word>
      <word id="a03-011-06-09" tag="JJB" text="main">
        <cmp x="1842" y="1867" width="90" height="33" />
        <cmp x="1937" y="1874" width="10" height="20" />
        <cmp x="1954" y="1841" width="32" height="58" />
      </word>
      <word id="a03-011-06-10" tag="NNS" text="topics">
        <cmp x="2045" y="1834" width="25" height="77" />
        <cmp x="2070" y="1871" width="34" height="23" />
        <cmp x="2102" y="1868" width="26" height="50" />
        <cmp x="2140" y="1869" width="9" height="26" />
        <cmp x="2150" y="1831" width="7" height="27" />
        <cmp x="2157" y="1868" width="22" height="23" />
        <cmp x="2178" y="1866" width="20" height="31" />
      </word>
      <upper-contour>
        <point x="372" y="1746" />
        <point x="2126" y="1746" />
      </upper-contour>
      <lower-contour>
        <point x="375" y="1927" />
        <point x="2167" y="1927" />
      </lower-contour>
    </line>
    <line ass="-628" asx="0" asy="1973" character-width="999" dss="-628" dsx="0" dsy="2077" fd0="12572" fd1="2707" fd2="-363" filter-width="4" id="a03-011-07" lbs="-580" lbx="0" lby="2051" segmentation="ok" slant="87999" stroke-width="6214" threshold="175" text="of the talks in Belgrade - and on both the two" ubs="-725" ubx="0" uby="2008">
      <word id="a03-011-07-00" tag="INO" text="of">
        <cmp x="377" y="1981" width="72" height="73" />
      </word>
      <word id="a03-011-07-01" tag="ATI" text="the">
        <cmp x="489" y="1998" width="25" height="66" />
        <cmp x="518" y="2009" width="75" height="50" />
      </word>
      <word id="a03-011-07-02" tag="NNS" text="talks">
        <cmp x="674" y="2003" width="50" height="61" />
        <cmp x="730" y="1988" width="13" height="69" />
        <cmp x="753" y="1993" width="33" height="62" />
        <cmp x="790" y="2027" width="27" height="28" />
      </word>
      <word id="a03-011-07-03" tag="IN" text="in">
        <cmp x="869" y="2037" width="8" height="27" />
        <cmp x="878" y="1992" width="8" height="29" />
        <cmp x="888" y="2037" width="27" height="30" />
      </word>
      <word id="a03-011-07-04" tag="NP" text="Belgrade">
        <cmp x="968" y="1990" width="36" height="68" />
        <cmp x="1015" y="2001" width="47" height="62" />
        <cmp x="1061" y="2029" width="38" height="60" />
        <cmp x="1116" y="2026" width="54" height="41" />
        <cmp x="1174" y="1999" width="79" height="73" />
      </word>
      <word id="a03-011-07-05" tag="*-" text="-">
        <cmp x="1316" y="2035" width="27" height="7" />
      </word>
      <word id="a03-011-07-06" tag="CC" text="and">
        <cmp x="1370" y="2029" width="33" height="31" />
        <cmp x="1408" y="2039" width="45" height="36" />
        <cmp x="1455" y="2009" width="41" height="61" />
      </word>
      <word id="a03-011-07-07" tag="IN" text="on">
        <cmp x="1583" y="2033" width="25" height="23" />
        <cmp x="1616" y="2039" width="37" height="31" />
      </word>
      <word id="a03-011-07-08" tag="ABX" text="both">
        <cmp x="1714" y="1992" width="106" height="84" />
      </word>
      <word id="a03-011-07-09" tag="ATI" text="the">
        <cmp x="1889" y="2011" width="24" height="71" />
        <cmp x="1923" y="2003" width="78" height="67" />
      </word>
      <word id="a03-011-07-10" tag="CD" text="two">
        <cmp x="2057" y="2011" width="29" height="61" />
        <cmp x="2094" y="2036" width="46" height="30" />
        <cmp x="2145" y="2039" width="21" height="28" />
      </word>
      <upper-contour>
        <point x="375" y="1927" />
        <point x="2167" y="1927" />
      </upper-contour>
      <lower-contour>
        <point x="384" y="2089" />
        <point x="1444" y="2089" />
      </lower-contour>
    </line>
    <line ass="-890" asx="0" asy="2155" character-width="999" dss="-890" dsx="0" dsy="2240" fd0="12874" fd1="3097" fd2="-858" filter-width="4" id="a03-011-08" lbs="-912" lbx="0" lby="2231" segmentation="ok" slant="90000" stroke-width="6019" threshold="162" text="leaders have identical ideas." ubs="-846" ubx="0" uby="2197">
      <word id="a03-011-08-00" tag="NNS" text="leaders">
        <cmp x="386" y="2186" width="8" height="57" />
        <cmp x="403" y="2207" width="44" height="37" />
        <cmp x="446" y="2210" width="36" height="35" />
        <cmp x="489" y="2179" width="109" height="65" />
        <cmp x="584" y="2203" width="48" height="35" />
      </word>
      <word id="a03-011-08-01" tag="HV" text="have">
        <cmp x="697" y="2186" width="44" height="53" />
        <cmp x="742" y="2205" width="122" height="39" />
      </word>
      <word id="a03-011-08-02" tag="JJ" text="identical">
        <cmp x="917" y="2213" width="6" height="29" />
        <cmp x="918" y="2181" width="6" height="19" />
        <cmp x="930" y="2175" width="32" height="64" />
        <cmp x="975" y="2203" width="65" height="48" />
        <cmp x="1036" y="2177" width="38" height="76" />
        <cmp x="1078" y="2173" width="6" height="25" />
        <cmp x="1099" y="2216" width="19" height="36" />
        <cmp x="1126" y="2213" width="31" height="42" />
        <cmp x="1172" y="2178" width="13" height="75" />
      </word>
      <word id="a03-011-08-03" tag="NNS" text="ideas">
        <cmp x="1243" y="2225" width="11" height="35" />
        <cmp x="1246" y="2192" width="8" height="16" />
        <cmp x="1259" y="2189" width="98" height="62" />
        <cmp x="1344" y="2214" width="34" height="43" />
        <cmp x="1380" y="2215" width="30" height="38" />
      </word>
      <word id="a03-011-08-04" tag="." text=".">
        <cmp x="1422" y="2239" width="21" height="15" />
      </word>
      <upper-contour>
        <point x="384" y="2089" />
        <point x="1444" y="2089" />
      </upper-contour>
    </line>
  </handwritten-part>
</form>

