<?xml version="1.0" encoding="ISO-8859-1"?>

<!DOCTYPE form SYSTEM 'http://www.iam.unibe.ch/~fki/iamdb/form-metadata.dtd'>

<form created="2002-01-16" height="3542" id="a04-096" last-modified="2002-07-17" skew="-30" status="final" version="3.0_beta" width="2479" writer-id="064">
  <machine-printed-part>
    <machine-print-line text="The second reason is concerned with doubts as to the safety of the people of Great" />
    <machine-print-line text="Britain; &amp;quot;in a time of crisis it would probably be impossible for the British authorities" />
    <machine-print-line text="to exercise any degree of control over the action of Polaris submarines.&amp;quot; He argues" />
    <machine-print-line text="that there is a distinct possibility that so long as there is a Polaris base in Britain the" />
    <machine-print-line text="Soviet Union might retaliate against Britain alone." />
  </machine-printed-part>
  <handwritten-part>
    <line ass="418" asx="0" asy="717" character-width="999" dss="418" dsx="0" dsy="810" fd0="13795" fd1="3168" fd2="-770" filter-width="3" id="a04-096-00" lbs="423" lbx="0" lby="800" segmentation="ok" slant="81000" stroke-width="4762" threshold="182" text="The second reason is concerned with doubts" ubs="408" ubx="0" uby="764">
      <word id="a04-096-00-00" sentence-start="yes" tag="ATI" text="The">
        <cmp x="372" y="720" width="65" height="86" />
        <cmp x="439" y="720" width="32" height="76" />
        <cmp x="484" y="764" width="35" height="35" />
      </word>
      <word id="a04-096-00-01" tag="OD" text="second">
        <cmp x="583" y="753" width="55" height="54" />
        <cmp x="651" y="758" width="41" height="45" />
        <cmp x="693" y="761" width="35" height="34" />
        <cmp x="737" y="758" width="41" height="29" />
        <cmp x="783" y="757" width="28" height="38" />
        <cmp x="809" y="720" width="22" height="72" />
      </word>
      <word id="a04-096-00-02" tag="NN" text="reason">
        <cmp x="886" y="758" width="24" height="36" />
        <cmp x="919" y="751" width="23" height="34" />
        <cmp x="948" y="761" width="31" height="29" />
        <cmp x="990" y="746" width="24" height="47" />
        <cmp x="1027" y="749" width="26" height="35" />
        <cmp x="1060" y="749" width="41" height="33" />
      </word>
      <word id="a04-096-00-03" tag="BEZ" text="is">
        <cmp x="1205" y="754" width="6" height="46" />
        <cmp x="1211" y="724" width="10" height="10" />
        <cmp x="1221" y="750" width="29" height="46" />
      </word>
      <word id="a04-096-00-04" tag="VBN" text="concerned">
        <cmp x="1312" y="748" width="36" height="48" />
        <cmp x="1353" y="757" width="31" height="38" />
        <cmp x="1394" y="759" width="36" height="31" />
        <cmp x="1441" y="752" width="26" height="42" />
        <cmp x="1471" y="756" width="26" height="35" />
        <cmp x="1504" y="754" width="33" height="38" />
        <cmp x="1541" y="754" width="32" height="37" />
        <cmp x="1573" y="747" width="28" height="47" />
        <cmp x="1602" y="731" width="35" height="62" />
      </word>
      <word id="a04-096-00-05" tag="IN" text="with">
        <cmp x="1702" y="754" width="50" height="30" />
        <cmp x="1758" y="748" width="9" height="31" />
        <cmp x="1765" y="709" width="3" height="5" />
        <cmp x="1782" y="714" width="33" height="62" />
        <cmp x="1820" y="724" width="35" height="60" />
      </word>
      <word id="a04-096-00-06" tag="NNS" text="doubts">
        <cmp x="1920" y="714" width="45" height="71" />
        <cmp x="1969" y="756" width="24" height="30" />
        <cmp x="2000" y="755" width="32" height="29" />
        <cmp x="2033" y="718" width="34" height="70" />
        <cmp x="2073" y="702" width="68" height="91" />
        <cmp x="2134" y="743" width="5" height="3" />
      </word>
      <lower-contour>
        <point x="370" y="807" />
        <point x="2142" y="807" />
      </lower-contour>
    </line>
    <line ass="417" asx="0" asy="885" character-width="999" dss="417" dsx="0" dsy="1022" fd0="13412" fd1="3278" fd2="-529" filter-width="3" id="a04-096-01" lbs="407" lbx="0" lby="978" segmentation="ok" slant="83000" stroke-width="4837" threshold="182" text="as to the safety of the people of Great Britain;" ubs="437" ubx="0" uby="938">
      <word id="a04-096-01-00" tag="IN21" text="as">
        <cmp x="371" y="925" width="39" height="51" />
        <cmp x="395" y="935" width="14" height="34" />
        <cmp x="424" y="925" width="23" height="53" />
      </word>
      <word id="a04-096-01-01" tag="IN22" text="to">
        <cmp x="491" y="885" width="43" height="82" />
        <cmp x="534" y="934" width="31" height="30" />
      </word>
      <word id="a04-096-01-02" tag="ATI" text="the">
        <cmp x="618" y="881" width="33" height="83" />
        <cmp x="655" y="900" width="34" height="63" />
        <cmp x="696" y="933" width="40" height="31" />
      </word>
      <word id="a04-096-01-03" tag="NN" text="safety">
        <cmp x="781" y="929" width="27" height="43" />
        <cmp x="812" y="939" width="30" height="34" />
        <cmp x="847" y="894" width="65" height="78" />
        <cmp x="917" y="896" width="31" height="77" />
        <cmp x="938" y="891" width="4" height="3" />
        <cmp x="944" y="951" width="32" height="65" />
      </word>
      <word id="a04-096-01-04" tag="INO" text="of">
        <cmp x="1042" y="935" width="29" height="38" />
        <cmp x="1076" y="891" width="46" height="87" />
      </word>
      <word id="a04-096-01-05" tag="ATI" text="the">
        <cmp x="1150" y="904" width="35" height="67" />
        <cmp x="1191" y="911" width="25" height="62" />
        <cmp x="1221" y="941" width="31" height="40" />
      </word>
      <word id="a04-096-01-06" tag="NNS" text="people">
        <cmp x="1321" y="934" width="38" height="76" />
        <cmp x="1365" y="938" width="27" height="40" />
        <cmp x="1404" y="942" width="36" height="33" />
        <cmp x="1452" y="925" width="28" height="71" />
        <cmp x="1501" y="884" width="12" height="82" />
        <cmp x="1520" y="928" width="30" height="45" />
      </word>
      <word id="a04-096-01-07" tag="INO" text="of">
        <cmp x="1618" y="927" width="27" height="43" />
        <cmp x="1651" y="880" width="41" height="88" />
      </word>
      <word id="a04-096-01-08" tag="NP" text="Great">
        <cmp x="1740" y="895" width="43" height="75" />
        <cmp x="1780" y="935" width="25" height="32" />
        <cmp x="1805" y="936" width="27" height="33" />
        <cmp x="1832" y="937" width="28" height="30" />
        <cmp x="1863" y="874" width="55" height="89" />
      </word>
      <word id="a04-096-01-09" tag="NP" text="Britain">
        <cmp x="1987" y="885" width="48" height="71" />
        <cmp x="2033" y="921" width="24" height="33" />
        <cmp x="2061" y="922" width="10" height="36" />
        <cmp x="2076" y="889" width="4" height="7" />
        <cmp x="2083" y="874" width="33" height="75" />
        <cmp x="2108" y="919" width="31" height="31" />
        <cmp x="2147" y="920" width="6" height="37" />
        <cmp x="2154" y="883" width="7" height="9" />
        <cmp x="2157" y="923" width="37" height="37" />
      </word>
      <word id="a04-096-01-10" tag=";" text=";">
        <cmp x="2195" y="966" width="40" height="35" />
        <cmp x="2224" y="927" width="11" height="13" />
      </word>
      <upper-contour>
        <point x="370" y="807" />
        <point x="2142" y="807" />
      </upper-contour>
      <lower-contour>
        <point x="369" y="1016" />
        <point x="2100" y="1016" />
      </lower-contour>
    </line>
    <line ass="126" asx="0" asy="1076" character-width="999" dss="126" dsx="0" dsy="1191" fd0="14031" fd1="2923" fd2="-496" filter-width="3" id="a04-096-02" lbs="112" lbx="0" lby="1155" segmentation="ok" slant="75000" stroke-width="4879" threshold="182" text="&amp;quot;in the time of crisis it would probably be" ubs="154" ubx="0" uby="1124">
      <word id="a04-096-02-00" tag="*&apos;" text="&quot;">
        <cmp x="347" y="1076" width="12" height="20" />
        <cmp x="356" y="1076" width="19" height="21" />
      </word>
      <word id="a04-096-02-01" tag="IN" text="in">
        <cmp x="375" y="1117" width="24" height="46" />
        <cmp x="408" y="1125" width="39" height="31" />
        <cmp x="409" y="1085" width="4" height="8" />
      </word>
      <word id="a04-096-02-02" tag="ATI" text="the">
        <cmp x="484" y="1076" width="35" height="85" />
        <cmp x="526" y="1094" width="36" height="63" />
        <cmp x="580" y="1122" width="29" height="44" />
      </word>
      <word id="a04-096-02-03" tag="NN" text="time">
        <cmp x="660" y="1081" width="47" height="82" />
        <cmp x="703" y="1134" width="15" height="28" />
        <cmp x="725" y="1092" width="6" height="13" />
        <cmp x="725" y="1121" width="68" height="36" />
        <cmp x="810" y="1123" width="31" height="40" />
      </word>
      <word id="a04-096-02-04" tag="INO" text="of">
        <cmp x="900" y="1121" width="29" height="42" />
        <cmp x="934" y="1084" width="56" height="76" />
      </word>
      <word id="a04-096-02-05" tag="NN" text="crisis">
        <cmp x="1010" y="1125" width="26" height="43" />
        <cmp x="1041" y="1127" width="31" height="38" />
        <cmp x="1082" y="1127" width="8" height="39" />
        <cmp x="1092" y="1100" width="7" height="10" />
        <cmp x="1102" y="1125" width="18" height="41" />
        <cmp x="1138" y="1130" width="9" height="31" />
        <cmp x="1146" y="1101" width="5" height="5" />
        <cmp x="1165" y="1123" width="21" height="39" />
      </word>
      <word id="a04-096-02-06" tag="PP3" text="it">
        <cmp x="1270" y="1122" width="16" height="33" />
        <cmp x="1285" y="1089" width="7" height="6" />
        <cmp x="1303" y="1079" width="36" height="77" />
      </word>
      <word id="a04-096-02-07" tag="MD" text="would">
        <cmp x="1379" y="1123" width="53" height="31" />
        <cmp x="1433" y="1120" width="30" height="34" />
        <cmp x="1471" y="1123" width="28" height="26" />
        <cmp x="1510" y="1088" width="21" height="64" />
        <cmp x="1530" y="1125" width="25" height="28" />
        <cmp x="1555" y="1088" width="25" height="68" />
      </word>
      <word id="a04-096-02-08" tag="RB" text="probably">
        <cmp x="1648" y="1109" width="45" height="79" />
        <cmp x="1692" y="1116" width="34" height="37" />
        <cmp x="1727" y="1116" width="28" height="38" />
        <cmp x="1768" y="1084" width="33" height="69" />
        <cmp x="1805" y="1121" width="34" height="31" />
        <cmp x="1825" y="1121" width="6" height="4" />
        <cmp x="1857" y="1084" width="30" height="64" />
        <cmp x="1898" y="1089" width="15" height="52" />
        <cmp x="1912" y="1122" width="43" height="58" />
      </word>
      <word id="a04-096-02-09" tag="BE" text="be">
        <cmp x="2014" y="1080" width="32" height="70" />
        <cmp x="2057" y="1111" width="42" height="40" />
      </word>
      <upper-contour>
        <point x="369" y="1016" />
        <point x="2100" y="1016" />
      </upper-contour>
      <lower-contour>
        <point x="372" y="1188" />
        <point x="2062" y="1188" />
      </lower-contour>
    </line>
    <line ass="773" asx="0" asy="1250" character-width="999" dss="773" dsx="0" dsy="1376" fd0="13640" fd1="3032" fd2="-1231" filter-width="3" id="a04-096-03" lbs="799" lbx="0" lby="1345" segmentation="ok" slant="79000" stroke-width="4891" threshold="182" text="impossible for the British authorities to" ubs="721" ubx="0" uby="1312">
      <word id="a04-096-03-00" tag="JJ" text="impossible">
        <cmp x="374" y="1283" width="21" height="56" />
        <cmp x="400" y="1245" width="3" height="5" />
        <cmp x="404" y="1298" width="20" height="34" />
        <cmp x="425" y="1303" width="48" height="34" />
        <cmp x="486" y="1293" width="40" height="77" />
        <cmp x="535" y="1299" width="37" height="35" />
        <cmp x="579" y="1297" width="29" height="43" />
        <cmp x="614" y="1298" width="31" height="47" />
        <cmp x="623" y="1290" width="9" height="7" />
        <cmp x="659" y="1300" width="9" height="36" />
        <cmp x="673" y="1256" width="7" height="12" />
        <cmp x="688" y="1262" width="32" height="80" />
        <cmp x="731" y="1259" width="18" height="73" />
        <cmp x="753" y="1297" width="40" height="44" />
      </word>
      <word id="a04-096-03-01" tag="IN" text="for">
        <cmp x="870" y="1261" width="63" height="79" />
        <cmp x="913" y="1306" width="35" height="29" />
        <cmp x="957" y="1304" width="36" height="36" />
      </word>
      <word id="a04-096-03-02" tag="ATI" text="the">
        <cmp x="1039" y="1261" width="38" height="77" />
        <cmp x="1074" y="1277" width="40" height="55" />
        <cmp x="1124" y="1297" width="30" height="42" />
      </word>
      <word id="a04-096-03-03" tag="JNP" text="British">
        <cmp x="1230" y="1252" width="51" height="85" />
        <cmp x="1296" y="1294" width="34" height="38" />
        <cmp x="1335" y="1302" width="6" height="29" />
        <cmp x="1337" y="1264" width="6" height="17" />
        <cmp x="1350" y="1258" width="38" height="69" />
        <cmp x="1389" y="1301" width="8" height="28" />
        <cmp x="1397" y="1270" width="6" height="8" />
        <cmp x="1403" y="1290" width="22" height="45" />
        <cmp x="1435" y="1260" width="33" height="72" />
      </word>
      <word id="a04-096-03-04" tag="NNS" text="authorities">
        <cmp x="1544" y="1288" width="30" height="45" />
        <cmp x="1588" y="1300" width="29" height="23" />
        <cmp x="1621" y="1257" width="29" height="70" />
        <cmp x="1657" y="1273" width="33" height="59" />
        <cmp x="1703" y="1300" width="33" height="31" />
        <cmp x="1747" y="1292" width="29" height="36" />
        <cmp x="1785" y="1297" width="6" height="35" />
        <cmp x="1794" y="1260" width="5" height="12" />
        <cmp x="1814" y="1252" width="34" height="78" />
        <cmp x="1844" y="1297" width="13" height="34" />
        <cmp x="1860" y="1271" width="7" height="8" />
        <cmp x="1863" y="1287" width="26" height="42" />
        <cmp x="1902" y="1285" width="21" height="46" />
      </word>
      <word id="a04-096-03-05" tag="TO" text="to">
        <cmp x="1990" y="1241" width="32" height="74" />
        <cmp x="2024" y="1290" width="37" height="32" />
      </word>
      <upper-contour>
        <point x="372" y="1188" />
        <point x="2062" y="1188" />
      </upper-contour>
      <lower-contour>
        <point x="372" y="1370" />
        <point x="2062" y="1370" />
      </lower-contour>
    </line>
    <line ass="-11" asx="0" asy="1429" character-width="999" dss="-11" dsx="0" dsy="1559" fd0="13802" fd1="3274" fd2="-761" filter-width="3" id="a04-096-04" lbs="-54" lbx="0" lby="1507" segmentation="ok" slant="80000" stroke-width="4845" threshold="182" text="exercise any degree of control over the action" ubs="74" ubx="0" uby="1477">
      <word id="a04-096-04-00" tag="VB" text="exercise">
        <cmp x="366" y="1463" width="32" height="42" />
        <cmp x="404" y="1459" width="38" height="42" />
        <cmp x="444" y="1465" width="28" height="34" />
        <cmp x="481" y="1464" width="6" height="4" />
        <cmp x="482" y="1467" width="36" height="34" />
        <cmp x="520" y="1463" width="35" height="39" />
        <cmp x="563" y="1442" width="6" height="8" />
        <cmp x="564" y="1466" width="10" height="40" />
        <cmp x="581" y="1465" width="31" height="40" />
        <cmp x="622" y="1468" width="29" height="42" />
      </word>
      <word id="a04-096-04-01" tag="DTI" text="any">
        <cmp x="715" y="1473" width="29" height="37" />
        <cmp x="743" y="1482" width="8" height="31" />
        <cmp x="762" y="1479" width="32" height="35" />
        <cmp x="806" y="1490" width="26" height="17" />
        <cmp x="816" y="1482" width="36" height="60" />
      </word>
      <word id="a04-096-04-02" tag="NN" text="degree">
        <cmp x="887" y="1454" width="42" height="63" />
        <cmp x="947" y="1483" width="27" height="34" />
        <cmp x="972" y="1512" width="3" height="3" />
        <cmp x="978" y="1487" width="37" height="73" />
        <cmp x="1026" y="1485" width="31" height="35" />
        <cmp x="1057" y="1484" width="32" height="33" />
        <cmp x="1105" y="1484" width="24" height="32" />
      </word>
      <word id="a04-096-04-03" tag="INO" text="of">
        <cmp x="1207" y="1476" width="34" height="34" />
        <cmp x="1245" y="1431" width="51" height="86" />
      </word>
      <word id="a04-096-04-04" tag="NN" text="control">
        <cmp x="1308" y="1483" width="29" height="37" />
        <cmp x="1350" y="1488" width="70" height="30" />
        <cmp x="1425" y="1440" width="33" height="75" />
        <cmp x="1456" y="1485" width="30" height="30" />
        <cmp x="1491" y="1488" width="32" height="31" />
        <cmp x="1540" y="1446" width="12" height="72" />
      </word>
      <word id="a04-096-04-05" tag="IN" text="over">
        <cmp x="1628" y="1465" width="34" height="42" />
        <cmp x="1671" y="1464" width="25" height="33" />
        <cmp x="1700" y="1463" width="28" height="38" />
        <cmp x="1738" y="1468" width="37" height="37" />
      </word>
      <word id="a04-096-04-06" tag="ATI" text="the">
        <cmp x="1842" y="1431" width="25" height="76" />
        <cmp x="1873" y="1435" width="34" height="67" />
        <cmp x="1911" y="1469" width="25" height="34" />
      </word>
      <word id="a04-096-04-07" tag="NN" text="action">
        <cmp x="1977" y="1471" width="30" height="37" />
        <cmp x="2017" y="1471" width="33" height="34" />
        <cmp x="2062" y="1435" width="30" height="68" />
        <cmp x="2079" y="1431" width="4" height="3" />
        <cmp x="2087" y="1480" width="10" height="28" />
        <cmp x="2096" y="1458" width="5" height="7" />
        <cmp x="2107" y="1476" width="21" height="28" />
        <cmp x="2134" y="1476" width="31" height="37" />
      </word>
      <upper-contour>
        <point x="372" y="1370" />
        <point x="2062" y="1370" />
      </upper-contour>
      <lower-contour>
        <point x="373" y="1560" />
        <point x="2086" y="1560" />
      </lower-contour>
    </line>
    <line ass="373" asx="0" asy="1615" character-width="999" dss="373" dsx="0" dsy="1737" fd0="13916" fd1="3498" fd2="-409" filter-width="3" id="a04-096-05" lbs="409" lbx="0" lby="1690" segmentation="ok" slant="74000" stroke-width="4775" threshold="182" text="of Polaris submarines.&amp;quot; He argues that" ubs="301" ubx="0" uby="1656">
      <word id="a04-096-05-00" tag="INO" text="of">
        <cmp x="375" y="1639" width="33" height="51" />
        <cmp x="419" y="1613" width="52" height="76" />
      </word>
      <word id="a04-096-05-01" tag="NP" text="Polaris">
        <cmp x="533" y="1616" width="38" height="64" />
        <cmp x="560" y="1651" width="35" height="38" />
        <cmp x="612" y="1615" width="10" height="66" />
        <cmp x="631" y="1651" width="29" height="34" />
        <cmp x="669" y="1654" width="25" height="33" />
        <cmp x="710" y="1660" width="6" height="30" />
        <cmp x="721" y="1626" width="6" height="7" />
        <cmp x="737" y="1650" width="25" height="47" />
      </word>
      <word id="a04-096-05-02" tag="NNS" text="submarines">
        <cmp x="843" y="1646" width="29" height="45" />
        <cmp x="880" y="1653" width="39" height="29" />
        <cmp x="924" y="1619" width="36" height="69" />
        <cmp x="973" y="1656" width="60" height="31" />
        <cmp x="1037" y="1658" width="27" height="31" />
        <cmp x="1070" y="1657" width="20" height="28" />
        <cmp x="1105" y="1653" width="5" height="33" />
        <cmp x="1112" y="1625" width="7" height="3" />
        <cmp x="1120" y="1654" width="34" height="32" />
        <cmp x="1154" y="1650" width="27" height="35" />
        <cmp x="1196" y="1648" width="31" height="55" />
      </word>
      <word id="a04-096-05-03" tag="." text=".">
        <cmp x="1246" y="1681" width="9" height="12" />
      </word>
      <word id="a04-096-05-04" tag="**&apos;" text="&quot;">
        <cmp x="1284" y="1612" width="13" height="23" />
        <cmp x="1298" y="1622" width="10" height="16" />
      </word>
      <word id="a04-096-05-05" sentence-start="yes" tag="PP3A" text="He">
        <cmp x="1398" y="1617" width="42" height="72" />
        <cmp x="1437" y="1623" width="20" height="59" />
        <cmp x="1458" y="1648" width="42" height="37" />
      </word>
      <word id="a04-096-05-06" tag="VBZ" text="argues">
        <cmp x="1568" y="1645" width="35" height="35" />
        <cmp x="1614" y="1644" width="36" height="41" />
        <cmp x="1645" y="1649" width="38" height="78" />
        <cmp x="1695" y="1648" width="34" height="31" />
        <cmp x="1740" y="1646" width="31" height="36" />
        <cmp x="1789" y="1640" width="28" height="48" />
      </word>
      <word id="a04-096-05-07" tag="CS" text="that">
        <cmp x="1890" y="1604" width="33" height="75" />
        <cmp x="1928" y="1615" width="42" height="59" />
        <cmp x="1978" y="1648" width="31" height="34" />
        <cmp x="2031" y="1602" width="54" height="78" />
      </word>
      <upper-contour>
        <point x="373" y="1560" />
        <point x="2086" y="1560" />
      </upper-contour>
      <lower-contour>
        <point x="373" y="1727" />
        <point x="2086" y="1727" />
      </lower-contour>
    </line>
    <line ass="-3" asx="0" asy="1772" character-width="999" dss="-3" dsx="0" dsy="1917" fd0="13561" fd1="3051" fd2="-768" filter-width="3" id="a04-096-06" lbs="-20" lbx="0" lby="1860" segmentation="ok" slant="80000" stroke-width="4900" threshold="182" text="there is a distinct possibility that so long" ubs="31" ubx="0" uby="1830">
      <word id="a04-096-06-00" tag="EX" text="there">
        <cmp x="352" y="1773" width="90" height="87" />
        <cmp x="447" y="1820" width="30" height="40" />
        <cmp x="486" y="1823" width="33" height="35" />
        <cmp x="526" y="1825" width="28" height="35" />
      </word>
      <word id="a04-096-06-01" tag="BEZ" text="is">
        <cmp x="630" y="1833" width="12" height="41" />
        <cmp x="639" y="1828" width="4" height="3" />
        <cmp x="657" y="1789" width="11" height="25" />
        <cmp x="664" y="1829" width="26" height="46" />
      </word>
      <word id="a04-096-06-02" tag="AT" text="a">
        <cmp x="725" y="1836" width="46" height="43" />
      </word>
      <word id="a04-096-06-03" tag="JJ" text="distinct">
        <cmp x="832" y="1795" width="52" height="76" />
        <cmp x="886" y="1841" width="11" height="27" />
        <cmp x="904" y="1807" width="14" height="12" />
        <cmp x="909" y="1836" width="23" height="47" />
        <cmp x="946" y="1800" width="35" height="75" />
        <cmp x="976" y="1850" width="10" height="27" />
        <cmp x="998" y="1848" width="37" height="26" />
        <cmp x="999" y="1810" width="8" height="15" />
        <cmp x="1047" y="1843" width="36" height="35" />
        <cmp x="1091" y="1792" width="56" height="75" />
      </word>
      <word id="a04-096-06-04" tag="NN" text="possibility">
        <cmp x="1189" y="1834" width="48" height="84" />
        <cmp x="1238" y="1842" width="34" height="36" />
        <cmp x="1280" y="1833" width="34" height="43" />
        <cmp x="1321" y="1836" width="24" height="39" />
        <cmp x="1357" y="1842" width="8" height="32" />
        <cmp x="1358" y="1815" width="7" height="6" />
        <cmp x="1382" y="1802" width="34" height="74" />
        <cmp x="1428" y="1836" width="10" height="38" />
        <cmp x="1438" y="1809" width="10" height="14" />
        <cmp x="1465" y="1794" width="15" height="69" />
        <cmp x="1492" y="1836" width="7" height="34" />
        <cmp x="1503" y="1804" width="6" height="12" />
        <cmp x="1524" y="1796" width="27" height="72" />
        <cmp x="1555" y="1845" width="40" height="66" />
      </word>
      <word id="a04-096-06-05" tag="CS" text="that">
        <cmp x="1678" y="1783" width="51" height="82" />
        <cmp x="1725" y="1796" width="31" height="62" />
        <cmp x="1762" y="1830" width="27" height="30" />
        <cmp x="1812" y="1778" width="37" height="85" />
      </word>
      <word id="a04-096-06-06" tag="QL" text="so">
        <cmp x="1924" y="1820" width="28" height="45" />
        <cmp x="1959" y="1833" width="32" height="37" />
      </word>
      <word id="a04-096-06-07" tag="RB" text="long">
        <cmp x="2043" y="1784" width="21" height="81" />
        <cmp x="2062" y="1832" width="28" height="32" />
        <cmp x="2092" y="1831" width="33" height="30" />
        <cmp x="2134" y="1836" width="35" height="79" />
      </word>
      <upper-contour>
        <point x="373" y="1727" />
        <point x="2086" y="1727" />
      </upper-contour>
      <lower-contour>
        <point x="350" y="1918" />
        <point x="2088" y="1918" />
      </lower-contour>
    </line>
    <line ass="-234" asx="0" asy="1952" character-width="999" dss="-234" dsx="0" dsy="2046" fd0="13707" fd1="2993" fd2="-727" filter-width="3" id="a04-096-07" lbs="-269" lbx="0" lby="2034" segmentation="ok" slant="87000" stroke-width="4886" threshold="182" text="as there is a Polaris base in Britain the" ubs="-163" ubx="0" uby="2003">
      <word id="a04-096-07-00" tag="CS" text="as">
        <cmp x="340" y="1989" width="45" height="55" />
        <cmp x="402" y="1994" width="31" height="51" />
      </word>
      <word id="a04-096-07-01" tag="EX" text="there">
        <cmp x="493" y="1956" width="49" height="82" />
        <cmp x="542" y="1972" width="30" height="65" />
        <cmp x="576" y="1996" width="34" height="40" />
        <cmp x="622" y="1999" width="5" height="3" />
        <cmp x="622" y="2000" width="26" height="38" />
        <cmp x="653" y="1997" width="42" height="41" />
      </word>
      <word id="a04-096-07-02" tag="BEZ" text="is">
        <cmp x="743" y="1999" width="9" height="36" />
        <cmp x="761" y="1959" width="8" height="18" />
        <cmp x="773" y="1996" width="30" height="49" />
      </word>
      <word id="a04-096-07-03" tag="AT" text="a">
        <cmp x="843" y="2006" width="33" height="31" />
        <cmp x="869" y="2011" width="20" height="34" />
      </word>
      <word id="a04-096-07-04" tag="NP" text="Polaris">
        <cmp x="975" y="1966" width="44" height="78" />
        <cmp x="1011" y="2011" width="37" height="33" />
        <cmp x="1055" y="1971" width="14" height="69" />
        <cmp x="1076" y="2010" width="27" height="32" />
        <cmp x="1121" y="2007" width="30" height="28" />
        <cmp x="1156" y="2014" width="6" height="31" />
        <cmp x="1166" y="1988" width="7" height="7" />
        <cmp x="1180" y="2004" width="17" height="47" />
      </word>
      <word id="a04-096-07-05" tag="NN" text="base">
        <cmp x="1273" y="1967" width="37" height="79" />
        <cmp x="1323" y="2010" width="27" height="33" />
        <cmp x="1368" y="2004" width="21" height="47" />
        <cmp x="1404" y="2012" width="29" height="34" />
      </word>
      <word id="a04-096-07-06" tag="IN" text="in">
        <cmp x="1480" y="2019" width="7" height="33" />
        <cmp x="1487" y="1981" width="8" height="11" />
        <cmp x="1502" y="2013" width="40" height="29" />
      </word>
      <word id="a04-096-07-07" tag="NP" text="Britain">
        <cmp x="1624" y="1962" width="43" height="75" />
        <cmp x="1675" y="1996" width="36" height="38" />
        <cmp x="1720" y="2005" width="7" height="30" />
        <cmp x="1727" y="1968" width="5" height="9" />
        <cmp x="1732" y="1977" width="3" height="5" />
        <cmp x="1736" y="1964" width="68" height="76" />
        <cmp x="1815" y="2010" width="6" height="36" />
        <cmp x="1821" y="1975" width="7" height="10" />
        <cmp x="1832" y="2004" width="36" height="47" />
      </word>
      <word id="a04-096-07-08" tag="ATI" text="the">
        <cmp x="1952" y="1973" width="33" height="70" />
        <cmp x="1991" y="1974" width="30" height="72" />
        <cmp x="2045" y="2005" width="42" height="38" />
      </word>
      <upper-contour>
        <point x="350" y="1918" />
        <point x="2088" y="1918" />
      </upper-contour>
      <lower-contour>
        <point x="365" y="2052" />
        <point x="1999" y="2052" />
      </lower-contour>
    </line>
    <line ass="-419" asx="0" asy="2124" character-width="999" dss="-419" dsx="0" dsy="2261" fd0="13333" fd1="3124" fd2="-473" filter-width="3" id="a04-096-08" lbs="-584" lbx="0" lby="2209" segmentation="ok" slant="90000" stroke-width="4807" threshold="182" text="Soviet Union might retaliate against" ubs="-89" ubx="0" uby="2183">
      <word id="a04-096-08-00" tag="NP" text="Soviet">
        <cmp x="367" y="2152" width="37" height="78" />
        <cmp x="413" y="2196" width="21" height="33" />
        <cmp x="441" y="2192" width="26" height="30" />
        <cmp x="479" y="2190" width="5" height="30" />
        <cmp x="489" y="2162" width="7" height="7" />
        <cmp x="506" y="2186" width="31" height="41" />
        <cmp x="557" y="2141" width="41" height="79" />
        <cmp x="564" y="2136" width="7" height="4" />
      </word>
      <word id="a04-096-08-01" tag="NP" text="Union">
        <cmp x="682" y="2152" width="55" height="63" />
        <cmp x="741" y="2188" width="35" height="26" />
        <cmp x="793" y="2183" width="7" height="37" />
        <cmp x="798" y="2154" width="6" height="8" />
        <cmp x="805" y="2161" width="3" height="5" />
        <cmp x="820" y="2190" width="29" height="29" />
        <cmp x="858" y="2192" width="38" height="30" />
      </word>
      <word id="a04-096-08-02" tag="MD" text="might">
        <cmp x="966" y="2188" width="53" height="39" />
        <cmp x="1035" y="2188" width="11" height="41" />
        <cmp x="1054" y="2155" width="7" height="14" />
        <cmp x="1066" y="2192" width="35" height="77" />
        <cmp x="1119" y="2163" width="37" height="63" />
        <cmp x="1160" y="2157" width="32" height="70" />
      </word>
      <word id="a04-096-08-03" tag="VB" text="retaliate">
        <cmp x="1273" y="2182" width="27" height="47" />
        <cmp x="1312" y="2187" width="29" height="40" />
        <cmp x="1354" y="2149" width="61" height="72" />
        <cmp x="1365" y="2141" width="5" height="6" />
        <cmp x="1432" y="2153" width="9" height="64" />
        <cmp x="1448" y="2191" width="7" height="34" />
        <cmp x="1467" y="2151" width="10" height="14" />
        <cmp x="1478" y="2189" width="36" height="32" />
        <cmp x="1531" y="2145" width="20" height="68" />
        <cmp x="1559" y="2187" width="28" height="49" />
      </word>
      <word id="a04-096-08-04" tag="IN" text="against">
        <cmp x="1696" y="2186" width="36" height="35" />
        <cmp x="1739" y="2191" width="34" height="71" />
        <cmp x="1787" y="2196" width="36" height="32" />
        <cmp x="1844" y="2187" width="8" height="34" />
        <cmp x="1858" y="2153" width="4" height="10" />
        <cmp x="1870" y="2191" width="35" height="31" />
        <cmp x="1922" y="2184" width="23" height="44" />
        <cmp x="1958" y="2139" width="40" height="82" />
      </word>
      <upper-contour>
        <point x="365" y="2052" />
        <point x="1999" y="2052" />
      </upper-contour>
      <lower-contour>
        <point x="382" y="2230" />
        <point x="1014" y="2230" />
      </lower-contour>
    </line>
    <line ass="-345" asx="0" asy="2318" character-width="999" dss="-345" dsx="0" dsy="2410" fd0="13972" fd1="3232" fd2="-438" filter-width="3" id="a04-096-09" lbs="-563" lbx="0" lby="2399" segmentation="ok" slant="90000" stroke-width="5038" threshold="182" text="Britain alone." ubs="90" ubx="0" uby="2369">
      <word id="a04-096-09-00" tag="NP" text="Britain">
        <cmp x="384" y="2338" width="7" height="62" />
        <cmp x="388" y="2339" width="42" height="73" />
        <cmp x="443" y="2370" width="32" height="31" />
        <cmp x="488" y="2376" width="8" height="31" />
        <cmp x="489" y="2336" width="15" height="17" />
        <cmp x="523" y="2331" width="31" height="62" />
        <cmp x="560" y="2371" width="8" height="33" />
        <cmp x="571" y="2340" width="11" height="7" />
        <cmp x="589" y="2360" width="25" height="48" />
        <cmp x="634" y="2326" width="37" height="88" />
      </word>
      <word id="a04-096-09-01" tag="RB" text="alone">
        <cmp x="761" y="2361" width="39" height="47" />
        <cmp x="811" y="2324" width="20" height="65" />
        <cmp x="837" y="2371" width="30" height="40" />
        <cmp x="882" y="2369" width="34" height="32" />
        <cmp x="939" y="2364" width="38" height="41" />
      </word>
      <word id="a04-096-09-02" tag="." text=".">
        <cmp x="1005" y="2407" width="8" height="8" />
      </word>
      <upper-contour>
        <point x="382" y="2230" />
        <point x="1014" y="2230" />
      </upper-contour>
    </line>
  </handwritten-part>
</form>

