<?xml version="1.0" encoding="ISO-8859-1"?>

<!DOCTYPE form SYSTEM 'http://www.iam.unibe.ch/~fki/iamdb/form-metadata.dtd'>

<form created="2002-01-15" height="3542" id="a04-006" last-modified="2002-07-17" skew="30" status="final" version="3.0_beta" width="2479" writer-id="058">
  <machine-printed-part>
    <machine-print-line text="Mr. Kennedy told Mr. Macmillan that he still wanted him to apply for membership" />
    <machine-print-line text="of the Common Market, even if it meant an unconditional surrender. There were also" />
    <machine-print-line text="brief discussions on Laos, Berlin and other foreign questions, after Mr. Kennedy had" />
    <machine-print-line text="informed Mr. Macmillan of his discussions with Mr. Krushchov. With the exception" />
    <machine-print-line text="of 40 minutes when Lord Home, Foreign Secretary, and Mr. McGeorge Bundy, the" />
    <machine-print-line text="President&apos;s special assistant for security affairs, were brought in, the two men talked" />
    <machine-print-line text="alone." />
  </machine-printed-part>
  <handwritten-part>
    <line ass="-616" asx="0" asy="642" character-width="999" dss="-616" dsx="0" dsy="785" fd0="13229" fd1="2801" fd2="-710" filter-width="4" id="a04-006-00" lbs="-659" lbx="0" lby="728" segmentation="ok" slant="96000" stroke-width="6162" threshold="172" text="Mr. Kennedy told Mr. Macmillan that he still" ubs="-529" ubx="0" uby="694">
      <word id="a04-006-00-00" sentence-start="yes" tag="NPT" text="Mr.">
        <cmp x="213" y="661" width="55" height="82" />
        <cmp x="264" y="699" width="36" height="41" />
        <cmp x="319" y="728" width="7" height="8" />
      </word>
      <word id="a04-006-00-01" tag="NP" text="Kennedy">
        <cmp x="370" y="657" width="325" height="136" />
      </word>
      <word id="a04-006-00-02" tag="VBD" text="told">
        <cmp x="728" y="660" width="63" height="77" />
        <cmp x="797" y="654" width="79" height="84" />
        <cmp x="872" y="652" width="12" height="83" />
      </word>
      <word id="a04-006-00-03" tag="NPT" text="Mr.">
        <cmp x="939" y="661" width="94" height="82" />
        <cmp x="1055" y="732" width="7" height="9" />
      </word>
      <word id="a04-006-00-04" tag="NP" text="Macmillan">
        <cmp x="1101" y="660" width="103" height="78" />
        <cmp x="1207" y="702" width="108" height="39" />
        <cmp x="1321" y="681" width="10" height="8" />
        <cmp x="1324" y="706" width="10" height="36" />
        <cmp x="1351" y="666" width="193" height="81" />
      </word>
      <word id="a04-006-00-05" tag="CS" text="that">
        <cmp x="1563" y="664" width="28" height="80" />
        <cmp x="1594" y="668" width="147" height="83" />
      </word>
      <word id="a04-006-00-06" tag="PP3A" text="he">
        <cmp x="1779" y="666" width="94" height="92" />
      </word>
      <word id="a04-006-00-07" tag="RB" text="still">
        <cmp x="1921" y="721" width="44" height="39" />
        <cmp x="1959" y="682" width="33" height="68" />
        <cmp x="1995" y="723" width="11" height="32" />
        <cmp x="2003" y="693" width="7" height="8" />
        <cmp x="2016" y="676" width="79" height="81" />
      </word>
      <lower-contour>
        <point x="214" y="793" />
        <point x="2096" y="793" />
      </lower-contour>
    </line>
    <line ass="-356" asx="0" asy="808" character-width="999" dss="-356" dsx="0" dsy="959" fd0="13426" fd1="2644" fd2="-1015" filter-width="4" id="a04-006-01" lbs="-395" lbx="0" lby="905" segmentation="ok" slant="103000" stroke-width="6301" threshold="172" text="wanted him to apply for membership of the Common" ubs="-279" ubx="0" uby="876">
      <word id="a04-006-01-00" tag="VBD" text="wanted">
        <cmp x="216" y="871" width="49" height="43" />
        <cmp x="269" y="842" width="128" height="73" />
        <cmp x="402" y="843" width="79" height="75" />
      </word>
      <word id="a04-006-01-01" tag="PP3O" text="him">
        <cmp x="553" y="838" width="59" height="74" />
        <cmp x="619" y="876" width="13" height="33" />
        <cmp x="620" y="860" width="11" height="7" />
        <cmp x="635" y="879" width="90" height="35" />
      </word>
      <word id="a04-006-01-02" tag="TO" text="to">
        <cmp x="760" y="839" width="62" height="72" />
      </word>
      <word id="a04-006-01-03" tag="VB" text="apply">
        <cmp x="865" y="878" width="80" height="84" />
        <cmp x="952" y="848" width="112" height="119" />
      </word>
      <word id="a04-006-01-04" tag="IN" text="for">
        <cmp x="1112" y="836" width="116" height="103" />
      </word>
      <word id="a04-006-01-05" tag="NN" text="membership">
        <cmp x="1262" y="877" width="181" height="42" />
        <cmp x="1448" y="846" width="52" height="72" />
        <cmp x="1499" y="864" width="108" height="52" />
        <cmp x="1606" y="831" width="57" height="79" />
        <cmp x="1670" y="881" width="11" height="30" />
        <cmp x="1672" y="850" width="10" height="9" />
        <cmp x="1707" y="871" width="14" height="64" />
        <cmp x="1715" y="869" width="35" height="33" />
      </word>
      <word id="a04-006-01-06" tag="INO" text="of">
        <cmp x="1774" y="820" width="85" height="113" />
      </word>
      <word id="a04-006-01-07" tag="ATI" text="the">
        <cmp x="1909" y="830" width="108" height="94" />
      </word>
      <word id="a04-006-01-08" tag="JJ" text="Common">
        <cmp x="2055" y="846" width="134" height="84" />
        <cmp x="2189" y="886" width="86" height="42" />
        <cmp x="2274" y="890" width="87" height="39" />
      </word>
      <upper-contour>
        <point x="214" y="793" />
        <point x="2096" y="793" />
      </upper-contour>
      <lower-contour>
        <point x="228" y="967" />
        <point x="2362" y="967" />
      </lower-contour>
    </line>
    <line ass="-1020" asx="0" asy="980" character-width="999" dss="-1020" dsx="0" dsy="1113" fd0="13626" fd1="2822" fd2="-594" filter-width="4" id="a04-006-02" lbs="-1041" lbx="0" lby="1068" segmentation="ok" slant="98000" stroke-width="6587" threshold="172" text="Market, even if it meant an unconditional surrender." ubs="-979" ubx="0" uby="1039">
      <word id="a04-006-02-00" tag="NN" text="Market">
        <cmp x="230" y="1007" width="86" height="71" />
        <cmp x="320" y="1045" width="63" height="40" />
        <cmp x="399" y="1005" width="101" height="79" />
      </word>
      <word id="a04-006-02-01" tag="," text=",">
        <cmp x="503" y="1077" width="8" height="45" />
      </word>
      <word id="a04-006-02-02" tag="CS21" text="even">
        <cmp x="565" y="1037" width="154" height="44" />
      </word>
      <word id="a04-006-02-03" tag="CS22" text="if">
        <cmp x="758" y="1048" width="11" height="29" />
        <cmp x="762" y="1029" width="7" height="9" />
        <cmp x="775" y="1000" width="48" height="89" />
      </word>
      <word id="a04-006-02-04" tag="PP3" text="it">
        <cmp x="860" y="1008" width="16" height="9" />
        <cmp x="864" y="1000" width="57" height="84" />
      </word>
      <word id="a04-006-02-05" tag="VBD" text="meant">
        <cmp x="963" y="1052" width="150" height="42" />
        <cmp x="1119" y="1022" width="100" height="69" />
      </word>
      <word id="a04-006-02-06" tag="AT" text="an">
        <cmp x="1268" y="1067" width="108" height="45" />
      </word>
      <word id="a04-006-02-07" tag="JJ" text="unconditional">
        <cmp x="1398" y="1063" width="98" height="35" />
        <cmp x="1501" y="1066" width="118" height="32" />
        <cmp x="1631" y="1062" width="39" height="34" />
        <cmp x="1668" y="1012" width="18" height="77" />
        <cmp x="1697" y="1062" width="11" height="26" />
        <cmp x="1705" y="1032" width="9" height="7" />
        <cmp x="1719" y="1011" width="25" height="74" />
        <cmp x="1752" y="1063" width="13" height="30" />
        <cmp x="1755" y="1033" width="8" height="7" />
        <cmp x="1779" y="1057" width="130" height="40" />
        <cmp x="1913" y="1025" width="44" height="84" />
      </word>
      <word id="a04-006-02-08" tag="NN" text="surrender">
        <cmp x="1987" y="1037" width="380" height="86" />
      </word>
      <word id="a04-006-02-09" tag="." text=".">
        <cmp x="2393" y="1114" width="14" height="11" />
      </word>
      <upper-contour>
        <point x="228" y="967" />
        <point x="2362" y="967" />
      </upper-contour>
      <lower-contour>
        <point x="228" y="1122" />
        <point x="2229" y="1122" />
      </lower-contour>
    </line>
    <line ass="-310" asx="0" asy="1176" character-width="999" dss="-310" dsx="0" dsy="1302" fd0="13692" fd1="2759" fd2="-1096" filter-width="4" id="a04-006-03" lbs="-292" lbx="0" lby="1268" segmentation="ok" slant="92000" stroke-width="6273" threshold="172" text="There were also brief discussions on Laos, Berlin" ubs="-348" ubx="0" uby="1230">
      <word id="a04-006-03-00" sentence-start="yes" tag="EX" text="There">
        <cmp x="208" y="1190" width="217" height="80" />
      </word>
      <word id="a04-006-03-01" tag="BED" text="were">
        <cmp x="468" y="1219" width="57" height="55" />
        <cmp x="525" y="1225" width="117" height="51" />
      </word>
      <word id="a04-006-03-02" tag="RB" text="also">
        <cmp x="694" y="1240" width="32" height="29" />
        <cmp x="723" y="1207" width="95" height="66" />
        <cmp x="825" y="1237" width="41" height="34" />
      </word>
      <word id="a04-006-03-03" tag="JJ" text="brief">
        <cmp x="905" y="1181" width="183" height="114" />
        <cmp x="997" y="1225" width="10" height="11" />
      </word>
      <word id="a04-006-03-04" tag="NNS" text="discussions">
        <cmp x="1134" y="1207" width="47" height="72" />
        <cmp x="1198" y="1258" width="12" height="26" />
        <cmp x="1199" y="1238" width="12" height="12" />
        <cmp x="1217" y="1247" width="49" height="38" />
        <cmp x="1271" y="1238" width="158" height="39" />
        <cmp x="1429" y="1248" width="19" height="30" />
        <cmp x="1444" y="1222" width="9" height="7" />
        <cmp x="1463" y="1232" width="136" height="44" />
      </word>
      <word id="a04-006-03-05" tag="IN" text="on">
        <cmp x="1618" y="1241" width="95" height="48" />
      </word>
      <word id="a04-006-03-06" tag="NP" text="Laos">
        <cmp x="1768" y="1214" width="138" height="72" />
        <cmp x="1909" y="1237" width="48" height="46" />
      </word>
      <word id="a04-006-03-07" tag="," text=",">
        <cmp x="1967" y="1270" width="9" height="43" />
      </word>
      <word id="a04-006-03-08" tag="NP" text="Berlin">
        <cmp x="1993" y="1202" width="57" height="78" />
        <cmp x="2049" y="1212" width="179" height="73" />
        <cmp x="2180" y="1231" width="10" height="7" />
      </word>
      <upper-contour>
        <point x="228" y="1122" />
        <point x="2229" y="1122" />
      </upper-contour>
      <lower-contour>
        <point x="230" y="1313" />
        <point x="2229" y="1313" />
      </lower-contour>
    </line>
    <line ass="-175" asx="0" asy="1364" character-width="999" dss="-175" dsx="0" dsy="1525" fd0="13060" fd1="2605" fd2="-988" filter-width="4" id="a04-006-04" lbs="-110" lbx="0" lby="1458" segmentation="ok" slant="97000" stroke-width="6320" threshold="172" text="and other foreign questions, after Mr. Kennedy had" ubs="-306" ubx="0" uby="1418">
      <word id="a04-006-04-00" tag="CC" text="and">
        <cmp x="232" y="1429" width="94" height="34" />
        <cmp x="331" y="1394" width="42" height="66" />
      </word>
      <word id="a04-006-04-01" tag="AP" text="other">
        <cmp x="413" y="1422" width="38" height="37" />
        <cmp x="447" y="1377" width="25" height="72" />
        <cmp x="473" y="1377" width="145" height="82" />
      </word>
      <word id="a04-006-04-02" tag="JJ" text="foreign">
        <cmp x="665" y="1367" width="84" height="108" />
        <cmp x="756" y="1408" width="79" height="47" />
        <cmp x="826" y="1404" width="9" height="7" />
        <cmp x="841" y="1421" width="103" height="95" />
      </word>
      <word id="a04-006-04-03" tag="NNS" text="questions">
        <cmp x="986" y="1436" width="28" height="86" />
        <cmp x="1017" y="1427" width="133" height="44" />
        <cmp x="1150" y="1389" width="38" height="67" />
        <cmp x="1195" y="1428" width="13" height="30" />
        <cmp x="1201" y="1407" width="10" height="7" />
        <cmp x="1216" y="1417" width="131" height="45" />
      </word>
      <word id="a04-006-04-04" tag="," text=",">
        <cmp x="1376" y="1458" width="8" height="37" />
      </word>
      <word id="a04-006-04-05" tag="CS" text="after">
        <cmp x="1440" y="1428" width="33" height="34" />
        <cmp x="1473" y="1383" width="87" height="108" />
        <cmp x="1554" y="1426" width="101" height="44" />
      </word>
      <word id="a04-006-04-06" tag="NPT" text="Mr.">
        <cmp x="1683" y="1387" width="98" height="81" />
        <cmp x="1793" y="1456" width="6" height="8" />
      </word>
      <word id="a04-006-04-07" tag="NP" text="Kennedy">
        <cmp x="1829" y="1377" width="46" height="76" />
        <cmp x="1845" y="1415" width="212" height="47" />
        <cmp x="2056" y="1394" width="49" height="138" />
      </word>
      <word id="a04-006-04-08" tag="HVD" text="had">
        <cmp x="2151" y="1382" width="155" height="89" />
      </word>
      <upper-contour>
        <point x="230" y="1313" />
        <point x="2229" y="1313" />
      </upper-contour>
      <lower-contour>
        <point x="233" y="1532" />
        <point x="2259" y="1532" />
      </lower-contour>
    </line>
    <line ass="-438" asx="0" asy="1538" character-width="999" dss="-438" dsx="0" dsy="1650" fd0="13535" fd1="2869" fd2="-789" filter-width="4" id="a04-006-05" lbs="-424" lbx="0" lby="1629" segmentation="ok" slant="97000" stroke-width="6386" threshold="165" text="informed Mr. Macmillan of his discussions with Mr." ubs="-465" ubx="0" uby="1597">
      <word id="a04-006-05-00" tag="VBN" text="informed">
        <cmp x="235" y="1585" width="51" height="44" />
        <cmp x="239" y="1562" width="9" height="6" />
        <cmp x="296" y="1541" width="193" height="110" />
        <cmp x="492" y="1553" width="75" height="86" />
      </word>
      <word id="a04-006-05-01" tag="NPT" text="Mr.">
        <cmp x="620" y="1553" width="108" height="84" />
        <cmp x="735" y="1631" width="7" height="7" />
      </word>
      <word id="a04-006-05-02" tag="NP" text="Macmillan">
        <cmp x="773" y="1551" width="101" height="88" />
        <cmp x="876" y="1610" width="102" height="36" />
        <cmp x="986" y="1601" width="9" height="28" />
        <cmp x="987" y="1572" width="7" height="12" />
        <cmp x="1010" y="1558" width="163" height="78" />
      </word>
      <word id="a04-006-05-03" tag="INO" text="of">
        <cmp x="1208" y="1565" width="69" height="96" />
      </word>
      <word id="a04-006-05-04" tag="PP$" text="his">
        <cmp x="1325" y="1563" width="53" height="72" />
        <cmp x="1383" y="1609" width="13" height="23" />
        <cmp x="1388" y="1595" width="9" height="7" />
        <cmp x="1399" y="1603" width="44" height="37" />
      </word>
      <word id="a04-006-05-05" tag="NNS" text="discussions">
        <cmp x="1489" y="1562" width="32" height="78" />
        <cmp x="1526" y="1590" width="12" height="8" />
        <cmp x="1527" y="1593" width="219" height="51" />
        <cmp x="1737" y="1588" width="12" height="7" />
        <cmp x="1755" y="1612" width="30" height="27" />
        <cmp x="1788" y="1606" width="94" height="51" />
      </word>
      <word id="a04-006-05-06" tag="IN" text="with">
        <cmp x="1902" y="1615" width="46" height="36" />
        <cmp x="1955" y="1623" width="13" height="28" />
        <cmp x="1959" y="1578" width="102" height="77" />
      </word>
      <word id="a04-006-05-07" tag="NPT" text="Mr.">
        <cmp x="2122" y="1564" width="115" height="83" />
        <cmp x="2252" y="1634" width="7" height="8" />
      </word>
      <upper-contour>
        <point x="233" y="1532" />
        <point x="2259" y="1532" />
      </upper-contour>
      <lower-contour>
        <point x="233" y="1661" />
        <point x="2259" y="1661" />
      </lower-contour>
    </line>
    <line ass="-1256" asx="0" asy="1714" character-width="999" dss="-1256" dsx="0" dsy="1827" fd0="13662" fd1="2810" fd2="-1216" filter-width="4" id="a04-006-06" lbs="-1257" lbx="0" lby="1791" segmentation="err" slant="100000" stroke-width="6359" threshold="172" text="Krushchov. With the exception of 40 minutes when" ubs="-1253" ubx="0" uby="1755">
      <word id="a04-006-06-00" tag="NP" text="Krushchov">
        <cmp x="215" y="1724" width="41" height="65" />
        <cmp x="255" y="1757" width="132" height="43" />
        <cmp x="390" y="1724" width="53" height="76" />
        <cmp x="447" y="1732" width="182" height="75" />
        <cmp x="629" y="1799" width="8" height="9" />
      </word>
      <word id="a04-006-06-01" tag="." text=".">
        <cmp x="702" y="1735" width="76" height="75" />
      </word>
      <word id="a04-006-06-02" sentence-start="yes" tag="IN" text="With">
        <cmp x="783" y="1778" width="14" height="36" />
        <cmp x="784" y="1755" width="9" height="9" />
        <cmp x="800" y="1737" width="91" height="82" />
      </word>
      <word id="a04-006-06-03" tag="ATI" text="the">
        <cmp x="942" y="1741" width="122" height="74" />
      </word>
      <word id="a04-006-06-04" tag="NN" text="exception">
        <cmp x="1131" y="1775" width="65" height="46" />
        <cmp x="1198" y="1787" width="103" height="68" />
        <cmp x="1309" y="1743" width="34" height="70" />
        <cmp x="1348" y="1796" width="13" height="31" />
        <cmp x="1349" y="1771" width="9" height="9" />
        <cmp x="1371" y="1785" width="96" height="36" />
      </word>
      <word id="a04-006-06-05" tag="INO" text="of">
        <cmp x="1511" y="1752" width="80" height="107" />
      </word>
      <word id="a04-006-06-06" tag="CD" text="40">
        <cmp x="1629" y="1777" width="46" height="65" />
        <cmp x="1678" y="1778" width="41" height="48" />
      </word>
      <word id="a04-006-06-07" tag="NNS" text="minutes">
        <cmp x="1752" y="1793" width="77" height="34" />
        <cmp x="1828" y="1757" width="228" height="78" />
        <cmp x="1838" y="1776" width="9" height="6" />
      </word>
      <word id="a04-006-06-08" tag="WRB" text="when">
        <cmp x="2091" y="1798" width="56" height="48" />
        <cmp x="2149" y="1763" width="149" height="83" />
      </word>
      <upper-contour>
        <point x="233" y="1661" />
        <point x="2259" y="1661" />
      </upper-contour>
      <lower-contour>
        <point x="229" y="1860" />
        <point x="2168" y="1860" />
      </lower-contour>
    </line>
    <line ass="-544" asx="0" asy="1891" character-width="999" dss="-544" dsx="0" dsy="2046" fd0="13308" fd1="2372" fd2="-1033" filter-width="4" id="a04-006-07" lbs="-585" lbx="0" lby="1989" segmentation="ok" slant="97000" stroke-width="6451" threshold="172" text="Lord Home, Foreign Secretary, and Mr. McGeorge" ubs="-461" ubx="0" uby="1958">
      <word id="a04-006-07-00" tag="NPT" text="Lord">
        <cmp x="231" y="1924" width="86" height="76" />
        <cmp x="320" y="1918" width="91" height="85" />
      </word>
      <word id="a04-006-07-01" tag="NP" text="Home">
        <cmp x="445" y="1914" width="49" height="82" />
        <cmp x="497" y="1972" width="32" height="29" />
        <cmp x="536" y="1964" width="121" height="41" />
      </word>
      <word id="a04-006-07-02" tag="," text=",">
        <cmp x="680" y="1995" width="10" height="37" />
      </word>
      <word id="a04-006-07-03" tag="JJ" text="Foreign">
        <cmp x="701" y="1920" width="47" height="56" />
        <cmp x="738" y="1965" width="37" height="32" />
        <cmp x="779" y="1951" width="102" height="55" />
        <cmp x="860" y="1949" width="11" height="7" />
        <cmp x="892" y="1967" width="104" height="83" />
      </word>
      <word id="a04-006-07-04" tag="NPT" text="Secretary">
        <cmp x="1044" y="1920" width="50" height="81" />
        <cmp x="1098" y="1961" width="38" height="38" />
        <cmp x="1138" y="1960" width="101" height="41" />
        <cmp x="1223" y="1913" width="69" height="85" />
        <cmp x="1295" y="1955" width="115" height="105" />
      </word>
      <word id="a04-006-07-05" tag="," text=",">
        <cmp x="1431" y="1990" width="8" height="29" />
      </word>
      <word id="a04-006-07-06" tag="CC" text="and">
        <cmp x="1456" y="1969" width="29" height="31" />
        <cmp x="1487" y="1909" width="116" height="98" />
      </word>
      <word id="a04-006-07-07" tag="NPT" text="Mr.">
        <cmp x="1628" y="1922" width="101" height="83" />
        <cmp x="1750" y="1993" width="7" height="8" />
      </word>
      <word id="a04-006-07-08" tag="NP" text="McGeorge">
        <cmp x="1799" y="1909" width="54" height="87" />
        <cmp x="1858" y="1972" width="38" height="33" />
        <cmp x="1896" y="1930" width="119" height="130" />
        <cmp x="2021" y="1960" width="146" height="92" />
      </word>
      <upper-contour>
        <point x="229" y="1860" />
        <point x="2168" y="1860" />
      </upper-contour>
      <lower-contour>
        <point x="229" y="2060" />
        <point x="2052" y="2060" />
      </lower-contour>
    </line>
    <line ass="-241" asx="0" asy="2081" character-width="999" dss="-241" dsx="0" dsy="2215" fd0="13493" fd1="2896" fd2="-841" filter-width="4" id="a04-006-08" lbs="-212" lbx="0" lby="2175" segmentation="ok" slant="92999" stroke-width="6302" threshold="165" text="Bundy, the President&apos;s special assistant for" ubs="-299" ubx="0" uby="2136">
      <word id="a04-006-08-00" tag="NP" text="Bundy">
        <cmp x="220" y="2091" width="59" height="75" />
        <cmp x="283" y="2085" width="123" height="93" />
        <cmp x="411" y="2145" width="41" height="72" />
      </word>
      <word id="a04-006-08-01" tag="," text=",">
        <cmp x="489" y="2170" width="8" height="30" />
      </word>
      <word id="a04-006-08-02" tag="ATI" text="the">
        <cmp x="525" y="2084" width="136" height="103" />
      </word>
      <word id="a04-006-08-03" tag="NPT$" text="President&apos;s">
        <cmp x="696" y="2093" width="47" height="80" />
        <cmp x="746" y="2133" width="116" height="42" />
        <cmp x="868" y="2141" width="14" height="27" />
        <cmp x="871" y="2123" width="12" height="8" />
        <cmp x="886" y="2087" width="49" height="90" />
        <cmp x="941" y="2100" width="134" height="72" />
        <cmp x="1086" y="2108" width="11" height="19" />
        <cmp x="1102" y="2137" width="54" height="38" />
      </word>
      <word id="a04-006-08-04" tag="JJ" text="special">
        <cmp x="1176" y="2137" width="49" height="38" />
        <cmp x="1226" y="2151" width="24" height="65" />
        <cmp x="1229" y="2139" width="79" height="42" />
        <cmp x="1314" y="2114" width="164" height="70" />
        <cmp x="1364" y="2126" width="7" height="7" />
      </word>
      <word id="a04-006-08-05" tag="NN" text="assistant">
        <cmp x="1517" y="2136" width="85" height="43" />
        <cmp x="1603" y="2138" width="47" height="40" />
        <cmp x="1652" y="2108" width="101" height="75" />
        <cmp x="1655" y="2124" width="8" height="8" />
        <cmp x="1756" y="2115" width="129" height="73" />
      </word>
      <word id="a04-006-08-06" tag="IN" text="for">
        <cmp x="1903" y="2102" width="90" height="117" />
        <cmp x="1996" y="2139" width="55" height="42" />
      </word>
      <upper-contour>
        <point x="229" y="2060" />
        <point x="2052" y="2060" />
      </upper-contour>
      <lower-contour>
        <point x="238" y="2220" />
        <point x="2052" y="2220" />
      </lower-contour>
    </line>
    <line ass="-69" asx="0" asy="2275" character-width="999" dss="-69" dsx="0" dsy="2423" fd0="13375" fd1="2843" fd2="-803" filter-width="4" id="a04-006-09" lbs="-109" lbx="0" lby="2354" segmentation="ok" slant="101000" stroke-width="6210" threshold="172" text="security affairs, were brought in, the two" ubs="11" ubx="0" uby="2326">
      <word id="a04-006-09-00" tag="NN" text="security">
        <cmp x="240" y="2313" width="81" height="43" />
        <cmp x="330" y="2322" width="131" height="49" />
        <cmp x="444" y="2310" width="7" height="9" />
        <cmp x="471" y="2277" width="63" height="148" />
      </word>
      <word id="a04-006-09-01" tag="NNS" text="affairs">
        <cmp x="598" y="2333" width="38" height="25" />
        <cmp x="636" y="2284" width="247" height="114" />
        <cmp x="770" y="2300" width="10" height="8" />
      </word>
      <word id="a04-006-09-02" tag="," text=",">
        <cmp x="898" y="2354" width="13" height="41" />
      </word>
      <word id="a04-006-09-03" tag="BED" text="were">
        <cmp x="954" y="2308" width="56" height="51" />
        <cmp x="1018" y="2314" width="128" height="48" />
      </word>
      <word id="a04-006-09-04" tag="VBN" text="brought">
        <cmp x="1209" y="2281" width="50" height="80" />
        <cmp x="1263" y="2315" width="87" height="42" />
        <cmp x="1358" y="2277" width="203" height="142" />
      </word>
      <word id="a04-006-09-05" tag="RP" text="in">
        <cmp x="1625" y="2325" width="80" height="40" />
        <cmp x="1631" y="2307" width="11" height="11" />
      </word>
      <word id="a04-006-09-06" tag="," text=",">
        <cmp x="1744" y="2351" width="10" height="39" />
      </word>
      <word id="a04-006-09-07" tag="ATI" text="the">
        <cmp x="1793" y="2278" width="41" height="85" />
        <cmp x="1830" y="2281" width="112" height="86" />
      </word>
      <word id="a04-006-09-08" tag="CD" text="two">
        <cmp x="2012" y="2294" width="45" height="73" />
        <cmp x="2063" y="2329" width="47" height="42" />
        <cmp x="2117" y="2338" width="37" height="30" />
      </word>
      <upper-contour>
        <point x="238" y="2220" />
        <point x="2052" y="2220" />
      </upper-contour>
      <lower-contour>
        <point x="290" y="2425" />
        <point x="1161" y="2425" />
      </lower-contour>
    </line>
    <line ass="493" asx="0" asy="2457" character-width="999" dss="493" dsx="0" dsy="2550" fd0="13233" fd1="2582" fd2="-671" filter-width="4" id="a04-006-10" lbs="323" lbx="0" lby="2544" segmentation="ok" slant="103000" stroke-width="6228" threshold="172" text="men talked alone." ubs="833" ubx="0" uby="2517">
      <word id="a04-006-10-00" tag="NNS" text="men">
        <cmp x="292" y="2508" width="154" height="38" />
      </word>
      <word id="a04-006-10-01" tag="VBD" text="talked">
        <cmp x="495" y="2467" width="70" height="75" />
        <cmp x="567" y="2475" width="62" height="66" />
        <cmp x="659" y="2451" width="125" height="91" />
      </word>
      <word id="a04-006-10-02" tag="JJ" text="alone">
        <cmp x="889" y="2469" width="249" height="73" />
      </word>
      <word id="a04-006-10-03" tag="." text=".">
        <cmp x="1155" y="2534" width="6" height="7" />
      </word>
      <upper-contour>
        <point x="290" y="2425" />
        <point x="1161" y="2425" />
      </upper-contour>
    </line>
  </handwritten-part>
</form>

