<?xml version="1.0" encoding="ISO-8859-1"?>

<!DOCTYPE form SYSTEM 'http://www.iam.unibe.ch/~fki/iamdb/form-metadata.dtd'>

<form created="2002-03-16" height="3542" id="a05-073" last-modified="2002-07-17" skew="159" status="final" version="3.0_beta" width="2479" writer-id="000">
  <machine-printed-part>
    <machine-print-line text="He spent most of his short half-hour on Berlin. He deplored the possibility of some" />
    <machine-print-line text="&amp;quot;new myth&amp;quot; about betrayal of Germany by the Allies. &amp;quot;We do not,&amp;quot; he said, &amp;quot;really" />
    <machine-print-line text="know what the Russians want.&amp;quot; But he was certain that they wanted to establish a" />
    <machine-print-line text="final and irrevocable division of Germany. Britain could not be a party to an imposed" />
    <machine-print-line text="division. But negotiation, as the debate had shown, could be undertaken on a variety" />
    <machine-print-line text="of bases." />
  </machine-printed-part>
  <handwritten-part>
    <line ass="-430" asx="0" asy="736" character-width="999" dss="-430" dsx="0" dsy="808" fd0="13768" fd1="3079" fd2="483" filter-width="4" id="a05-073-00" lbs="-383" lbx="0" lby="798" segmentation="ok" slant="111000" stroke-width="6775" threshold="176" text="He spent most of his short half-hour on" ubs="-526" ubx="0" uby="771">
      <word id="a05-073-00-00" sentence-start="yes" tag="PP3A" text="He">
        <cmp x="360" y="756" width="98" height="47" />
      </word>
      <word id="a05-073-00-01" tag="VBD" text="spent">
        <cmp x="528" y="770" width="61" height="44" />
        <cmp x="592" y="764" width="130" height="37" />
      </word>
      <word id="a05-073-00-02" tag="AP" text="most">
        <cmp x="796" y="785" width="60" height="17" />
        <cmp x="856" y="758" width="99" height="48" />
      </word>
      <word id="a05-073-00-03" tag="INO" text="of">
        <cmp x="1043" y="776" width="42" height="31" />
        <cmp x="1087" y="746" width="36" height="66" />
      </word>
      <word id="a05-073-00-04" tag="PP$" text="his">
        <cmp x="1181" y="770" width="98" height="40" />
        <cmp x="1222" y="756" width="8" height="9" />
      </word>
      <word id="a05-073-00-05" tag="JJ" text="short">
        <cmp x="1347" y="784" width="29" height="22" />
        <cmp x="1383" y="769" width="39" height="39" />
        <cmp x="1424" y="782" width="56" height="27" />
        <cmp x="1496" y="760" width="31" height="41" />
      </word>
      <word id="a05-073-00-06" tag="NN" text="half-hour">
        <cmp x="1607" y="777" width="42" height="32" />
        <cmp x="1646" y="784" width="45" height="25" />
        <cmp x="1690" y="757" width="51" height="64" />
        <cmp x="1756" y="798" width="23" height="7" />
        <cmp x="1794" y="767" width="49" height="46" />
        <cmp x="1842" y="781" width="112" height="33" />
      </word>
      <word id="a05-073-00-07" tag="IN" text="on">
        <cmp x="2030" y="793" width="74" height="22" />
      </word>
      <lower-contour>
        <point x="327" y="822" />
        <point x="2105" y="822" />
      </lower-contour>
    </line>
    <line ass="-822" asx="0" asy="909" character-width="999" dss="-822" dsx="0" dsy="992" fd0="13413" fd1="2852" fd2="99" filter-width="4" id="a05-073-01" lbs="-796" lbx="0" lby="972" segmentation="ok" slant="107000" stroke-width="6919" threshold="176" text="Berlin. He deplored the possibility of" ubs="-873" ubx="0" uby="946">
      <word id="a05-073-01-00" tag="NP" text="Berlin">
        <cmp x="329" y="938" width="123" height="48" />
        <cmp x="462" y="941" width="93" height="40" />
        <cmp x="477" y="939" width="12" height="9" />
      </word>
      <word id="a05-073-01-01" tag="." text=".">
        <cmp x="582" y="977" width="12" height="9" />
      </word>
      <word id="a05-073-01-02" sentence-start="yes" tag="PP3A" text="He">
        <cmp x="737" y="938" width="108" height="46" />
      </word>
      <word id="a05-073-01-03" tag="VBD" text="deplored">
        <cmp x="953" y="954" width="81" height="38" />
        <cmp x="1038" y="961" width="36" height="46" />
        <cmp x="1079" y="949" width="23" height="40" />
        <cmp x="1103" y="959" width="61" height="30" />
        <cmp x="1168" y="954" width="43" height="32" />
        <cmp x="1223" y="947" width="60" height="35" />
      </word>
      <word id="a05-073-01-04" tag="ATI" text="the">
        <cmp x="1376" y="948" width="141" height="51" />
      </word>
      <word id="a05-073-01-05" tag="NN" text="possibility">
        <cmp x="1610" y="973" width="154" height="42" />
        <cmp x="1748" y="946" width="8" height="11" />
        <cmp x="1780" y="950" width="51" height="46" />
        <cmp x="1837" y="948" width="10" height="16" />
        <cmp x="1837" y="977" width="20" height="21" />
        <cmp x="1859" y="959" width="46" height="41" />
        <cmp x="1891" y="949" width="14" height="19" />
        <cmp x="1913" y="957" width="78" height="62" />
      </word>
      <word id="a05-073-01-06" tag="INO" text="of">
        <cmp x="2042" y="968" width="39" height="27" />
        <cmp x="2088" y="939" width="40" height="62" />
      </word>
      <upper-contour>
        <point x="327" y="822" />
        <point x="2105" y="822" />
      </upper-contour>
      <lower-contour>
        <point x="329" y="1021" />
        <point x="2129" y="1021" />
      </lower-contour>
    </line>
    <line ass="-530" asx="0" asy="1096" character-width="999" dss="-530" dsx="0" dsy="1187" fd0="13456" fd1="2924" fd2="150" filter-width="4" id="a05-073-02" lbs="-598" lbx="0" lby="1151" segmentation="ok" slant="102000" stroke-width="6891" threshold="178" text="some &amp;quot;new myth&amp;quot; about betrayal of Germany" ubs="-395" ubx="0" uby="1132">
      <word id="a05-073-02-00" tag="DTI" text="some">
        <cmp x="331" y="1134" width="25" height="22" />
        <cmp x="363" y="1133" width="165" height="23" />
      </word>
      <word id="a05-073-02-01" tag="*&apos;" text="&quot;">
        <cmp x="614" y="1154" width="24" height="27" />
      </word>
      <word id="a05-073-02-02" tag="JJ" text="new">
        <cmp x="663" y="1134" width="87" height="30" />
        <cmp x="746" y="1133" width="64" height="34" />
      </word>
      <word id="a05-073-02-03" tag="NN" text="myth">
        <cmp x="857" y="1141" width="95" height="55" />
        <cmp x="962" y="1121" width="74" height="41" />
      </word>
      <word id="a05-073-02-04" tag="**&apos;" text="&quot;">
        <cmp x="1062" y="1107" width="20" height="22" />
      </word>
      <word id="a05-073-02-05" tag="IN" text="about">
        <cmp x="1155" y="1117" width="75" height="48" />
        <cmp x="1234" y="1114" width="120" height="51" />
      </word>
      <word id="a05-073-02-06" tag="NN" text="betrayal">
        <cmp x="1437" y="1118" width="44" height="48" />
        <cmp x="1489" y="1135" width="40" height="33" />
        <cmp x="1531" y="1117" width="38" height="50" />
        <cmp x="1577" y="1144" width="105" height="50" />
        <cmp x="1686" y="1142" width="44" height="29" />
        <cmp x="1729" y="1131" width="18" height="37" />
      </word>
      <word id="a05-073-02-07" tag="INO" text="of">
        <cmp x="1836" y="1116" width="70" height="59" />
      </word>
      <word id="a05-073-02-08" tag="NP" text="Germany">
        <cmp x="1987" y="1124" width="31" height="41" />
        <cmp x="2024" y="1143" width="50" height="30" />
        <cmp x="2089" y="1153" width="46" height="22" />
        <cmp x="2142" y="1152" width="89" height="43" />
      </word>
      <upper-contour>
        <point x="329" y="1021" />
        <point x="2129" y="1021" />
      </upper-contour>
      <lower-contour>
        <point x="341" y="1197" />
        <point x="2232" y="1197" />
      </lower-contour>
    </line>
    <line ass="-411" asx="0" asy="1275" character-width="999" dss="-411" dsx="0" dsy="1357" fd0="13777" fd1="3975" fd2="1203" filter-width="4" id="a05-073-03" lbs="-361" lbx="0" lby="1338" segmentation="err" slant="113000" stroke-width="6782" threshold="176" text="by the Allies. &amp;quot;We do not,&amp;quot; he said, &amp;quot;really" ubs="-511" ubx="0" uby="1311">
      <word id="a05-073-03-00" tag="IN" text="by">
        <cmp x="343" y="1293" width="45" height="47" />
        <cmp x="393" y="1311" width="40" height="41" />
      </word>
      <word id="a05-073-03-01" tag="ATI" text="the">
        <cmp x="519" y="1301" width="137" height="43" />
      </word>
      <word id="a05-073-03-02" tag="NNS" text="Allies">
        <cmp x="728" y="1288" width="48" height="59" />
        <cmp x="789" y="1295" width="39" height="39" />
        <cmp x="831" y="1295" width="9" height="7" />
        <cmp x="838" y="1312" width="87" height="30" />
      </word>
      <word id="a05-073-03-03" tag="." text=".">
        <cmp x="944" y="1340" width="8" height="7" />
      </word>
      <word id="a05-073-03-04" sentence-start="yes" tag="*&apos;" text="&quot;">
        <cmp x="1034" y="1337" width="21" height="23" />
      </word>
      <word id="a05-073-03-05" tag="PP1AS" text="We">
        <cmp x="1084" y="1311" width="57" height="38" />
        <cmp x="1151" y="1319" width="40" height="28" />
      </word>
      <word id="a05-073-03-06" tag="DO" text="do">
        <cmp x="1255" y="1306" width="44" height="36" />
        <cmp x="1304" y="1317" width="25" height="24" />
      </word>
      <word id="a05-073-03-07" tag="XNOT" text="not">
        <cmp x="1377" y="1324" width="47" height="19" />
        <cmp x="1429" y="1304" width="66" height="46" />
      </word>
      <word id="a05-073-03-08" tag="," text=",">
        <cmp x="1526" y="1343" width="11" height="25" />
      </word>
      <word id="a05-073-03-09" tag="**&apos;" text="&quot;">
        <cmp x="1574" y="1288" width="28" height="17" />
      </word>
      <word id="a05-073-03-10" tag="PP3A" text="he">
        <cmp x="1673" y="1312" width="71" height="37" />
      </word>
      <word id="a05-073-03-11" tag="VBD" text="said">
        <cmp x="1790" y="1332" width="23" height="17" />
        <cmp x="1820" y="1331" width="73" height="21" />
        <cmp x="1871" y="1302" width="10" height="17" />
        <cmp x="1901" y="1319" width="47" height="32" />
      </word>
      <word id="a05-073-03-12" tag="," text=",">
        <cmp x="2003" y="1344" width="28" height="21" />
      </word>
      <word id="a05-073-03-13" tag="*&apos;" text="&quot;">
        <cmp x="2085" y="1321" width="48" height="30" />
      </word>
      <word id="a05-073-03-14" tag="RB" text="really">
        <cmp x="2140" y="1328" width="42" height="25" />
        <cmp x="2185" y="1320" width="74" height="54" />
      </word>
      <upper-contour>
        <point x="341" y="1197" />
        <point x="2232" y="1197" />
      </upper-contour>
      <lower-contour>
        <point x="341" y="1368" />
        <point x="2196" y="1368" />
      </lower-contour>
    </line>
    <line ass="-583" asx="0" asy="1445" character-width="999" dss="-583" dsx="0" dsy="1519" fd0="13658" fd1="3230" fd2="776" filter-width="4" id="a05-073-04" lbs="-586" lbx="0" lby="1510" segmentation="ok" slant="108999" stroke-width="6885" threshold="176" text="know what the Russians want.&amp;quot; But he was" ubs="-576" ubx="0" uby="1488">
      <word id="a05-073-04-00" tag="VB" text="know">
        <cmp x="338" y="1474" width="44" height="47" />
        <cmp x="389" y="1496" width="34" height="18" />
        <cmp x="426" y="1488" width="32" height="29" />
        <cmp x="466" y="1490" width="53" height="25" />
      </word>
      <word id="a05-073-04-01" tag="WDT" text="what">
        <cmp x="591" y="1491" width="45" height="32" />
        <cmp x="640" y="1479" width="40" height="36" />
        <cmp x="685" y="1476" width="74" height="37" />
      </word>
      <word id="a05-073-04-02" tag="ATI" text="the">
        <cmp x="829" y="1484" width="130" height="41" />
      </word>
      <word id="a05-073-04-03" tag="NNPS" text="Russians">
        <cmp x="1019" y="1462" width="66" height="61" />
        <cmp x="1084" y="1497" width="127" height="26" />
        <cmp x="1214" y="1500" width="19" height="18" />
        <cmp x="1219" y="1479" width="11" height="16" />
        <cmp x="1246" y="1502" width="77" height="23" />
      </word>
      <word id="a05-073-04-04" tag="VB" text="want">
        <cmp x="1367" y="1499" width="58" height="28" />
        <cmp x="1434" y="1480" width="98" height="41" />
      </word>
      <word id="a05-073-04-05" tag="." text=".">
        <cmp x="1548" y="1520" width="8" height="7" />
      </word>
      <word id="a05-073-04-06" tag="**&apos;" text="&quot;">
        <cmp x="1601" y="1462" width="23" height="20" />
      </word>
      <word id="a05-073-04-07" sentence-start="yes" tag="CC" text="But">
        <cmp x="1680" y="1474" width="73" height="64" />
        <cmp x="1771" y="1488" width="80" height="47" />
      </word>
      <word id="a05-073-04-08" tag="PP3A" text="he">
        <cmp x="1917" y="1499" width="84" height="32" />
      </word>
      <word id="a05-073-04-09" tag="BEDZ" text="was">
        <cmp x="2056" y="1505" width="54" height="28" />
        <cmp x="2117" y="1505" width="78" height="25" />
      </word>
      <upper-contour>
        <point x="341" y="1368" />
        <point x="2196" y="1368" />
      </upper-contour>
      <lower-contour>
        <point x="337" y="1540" />
        <point x="2115" y="1540" />
      </lower-contour>
    </line>
    <line ass="-560" asx="0" asy="1634" character-width="999" dss="-560" dsx="0" dsy="1706" fd0="13518" fd1="3069" fd2="506" filter-width="4" id="a05-073-05" lbs="-571" lbx="0" lby="1687" segmentation="ok" slant="106000" stroke-width="6680" threshold="174" text="certain that they wanted to establish a" ubs="-537" ubx="0" uby="1663">
      <word id="a05-073-05-00" tag="JJ" text="certain">
        <cmp x="339" y="1664" width="110" height="35" />
        <cmp x="460" y="1647" width="28" height="36" />
        <cmp x="491" y="1668" width="131" height="26" />
        <cmp x="563" y="1648" width="9" height="10" />
      </word>
      <word id="a05-073-05-01" tag="CS" text="that">
        <cmp x="703" y="1660" width="79" height="38" />
        <cmp x="784" y="1658" width="91" height="39" />
      </word>
      <word id="a05-073-05-02" tag="PP3AS" text="they">
        <cmp x="956" y="1661" width="32" height="37" />
        <cmp x="986" y="1663" width="133" height="55" />
      </word>
      <word id="a05-073-05-03" tag="VBD" text="wanted">
        <cmp x="1205" y="1680" width="59" height="27" />
        <cmp x="1267" y="1657" width="166" height="43" />
        <cmp x="1429" y="1667" width="45" height="30" />
      </word>
      <word id="a05-073-05-04" tag="TO" text="to">
        <cmp x="1555" y="1651" width="18" height="50" />
        <cmp x="1581" y="1674" width="38" height="29" />
      </word>
      <word id="a05-073-05-05" tag="VB" text="establish">
        <cmp x="1680" y="1674" width="52" height="36" />
        <cmp x="1747" y="1665" width="22" height="35" />
        <cmp x="1804" y="1672" width="67" height="39" />
        <cmp x="1878" y="1665" width="57" height="47" />
        <cmp x="1912" y="1662" width="9" height="9" />
        <cmp x="1943" y="1687" width="19" height="20" />
        <cmp x="1970" y="1670" width="37" height="37" />
      </word>
      <word id="a05-073-05-06" tag="AT" text="a">
        <cmp x="2045" y="1680" width="69" height="27" />
      </word>
      <upper-contour>
        <point x="337" y="1540" />
        <point x="2115" y="1540" />
      </upper-contour>
      <lower-contour>
        <point x="340" y="1718" />
        <point x="2115" y="1718" />
      </lower-contour>
    </line>
    <line ass="-836" asx="0" asy="1800" character-width="999" dss="-836" dsx="0" dsy="1891" fd0="13964" fd1="3385" fd2="79" filter-width="4" id="a05-073-06" lbs="-825" lbx="0" lby="1860" segmentation="ok" slant="105000" stroke-width="6513" threshold="177" text="final and irrevocable division of Germany." ubs="-859" ubx="0" uby="1840">
      <word id="a05-073-06-00" tag="JJ" text="final">
        <cmp x="342" y="1831" width="50" height="66" />
        <cmp x="374" y="1837" width="10" height="10" />
        <cmp x="403" y="1858" width="47" height="16" />
        <cmp x="452" y="1847" width="56" height="25" />
        <cmp x="501" y="1837" width="29" height="31" />
      </word>
      <word id="a05-073-06-01" tag="CC" text="and">
        <cmp x="600" y="1849" width="85" height="22" />
        <cmp x="691" y="1837" width="47" height="35" />
      </word>
      <word id="a05-073-06-02" tag="JJ" text="irrevocable">
        <cmp x="788" y="1837" width="12" height="9" />
        <cmp x="796" y="1860" width="23" height="16" />
        <cmp x="819" y="1857" width="49" height="18" />
        <cmp x="877" y="1847" width="41" height="31" />
        <cmp x="929" y="1845" width="32" height="31" />
        <cmp x="968" y="1849" width="36" height="28" />
        <cmp x="1011" y="1849" width="32" height="28" />
        <cmp x="1058" y="1834" width="84" height="42" />
        <cmp x="1149" y="1840" width="79" height="44" />
      </word>
      <word id="a05-073-06-03" tag="NN" text="division">
        <cmp x="1309" y="1849" width="77" height="35" />
        <cmp x="1371" y="1834" width="11" height="19" />
        <cmp x="1397" y="1854" width="30" height="30" />
        <cmp x="1433" y="1836" width="14" height="13" />
        <cmp x="1436" y="1860" width="18" height="22" />
        <cmp x="1460" y="1856" width="60" height="22" />
        <cmp x="1495" y="1832" width="13" height="13" />
        <cmp x="1529" y="1858" width="95" height="21" />
      </word>
      <word id="a05-073-06-04" tag="INO" text="of">
        <cmp x="1676" y="1826" width="63" height="69" />
      </word>
      <word id="a05-073-06-05" tag="NP" text="Germany">
        <cmp x="1838" y="1842" width="38" height="42" />
        <cmp x="1885" y="1861" width="70" height="31" />
        <cmp x="1960" y="1866" width="61" height="22" />
        <cmp x="2026" y="1862" width="107" height="40" />
      </word>
      <word id="a05-073-06-06" tag="." text=".">
        <cmp x="2147" y="1885" width="9" height="9" />
      </word>
      <upper-contour>
        <point x="340" y="1718" />
        <point x="2115" y="1718" />
      </upper-contour>
      <lower-contour>
        <point x="340" y="1904" />
        <point x="2157" y="1904" />
      </lower-contour>
    </line>
    <line ass="-643" asx="0" asy="1990" character-width="999" dss="-643" dsx="0" dsy="2055" fd0="13382" fd1="3695" fd2="1044" filter-width="4" id="a05-073-07" lbs="-637" lbx="0" lby="2044" segmentation="ok" slant="107000" stroke-width="6791" threshold="175" text="Britain could not be a party to an imposed" ubs="-655" ubx="0" uby="2023">
      <word id="a05-073-07-00" sentence-start="yes" tag="NP" text="Britain">
        <cmp x="325" y="2005" width="74" height="50" />
        <cmp x="409" y="2031" width="41" height="22" />
        <cmp x="436" y="2005" width="14" height="9" />
        <cmp x="470" y="2014" width="16" height="33" />
        <cmp x="490" y="2028" width="111" height="24" />
        <cmp x="537" y="2007" width="8" height="7" />
      </word>
      <word id="a05-073-07-01" tag="MD" text="could">
        <cmp x="673" y="2025" width="25" height="29" />
        <cmp x="700" y="2027" width="99" height="28" />
        <cmp x="789" y="2011" width="23" height="42" />
        <cmp x="814" y="2022" width="55" height="32" />
      </word>
      <word id="a05-073-07-02" tag="XNOT" text="not">
        <cmp x="919" y="2010" width="114" height="44" />
      </word>
      <word id="a05-073-07-03" tag="BE" text="be">
        <cmp x="1109" y="2015" width="38" height="38" />
        <cmp x="1154" y="2024" width="36" height="27" />
      </word>
      <word id="a05-073-07-04" tag="AT" text="a">
        <cmp x="1239" y="2033" width="49" height="27" />
      </word>
      <word id="a05-073-07-05" tag="NN" text="party">
        <cmp x="1344" y="2030" width="100" height="36" />
        <cmp x="1450" y="2012" width="83" height="61" />
      </word>
      <word id="a05-073-07-06" tag="IN" text="to">
        <cmp x="1629" y="2020" width="22" height="44" />
        <cmp x="1654" y="2042" width="33" height="23" />
      </word>
      <word id="a05-073-07-07" tag="AT" text="an">
        <cmp x="1762" y="2044" width="98" height="20" />
      </word>
      <word id="a05-073-07-08" tag="JJ" text="imposed">
        <cmp x="1929" y="2012" width="13" height="12" />
        <cmp x="1929" y="2050" width="88" height="15" />
        <cmp x="2046" y="2044" width="37" height="29" />
        <cmp x="2088" y="2045" width="106" height="28" />
        <cmp x="2201" y="2031" width="45" height="39" />
      </word>
      <upper-contour>
        <point x="340" y="1904" />
        <point x="2157" y="1904" />
      </upper-contour>
      <lower-contour>
        <point x="342" y="2076" />
        <point x="2237" y="2076" />
      </lower-contour>
    </line>
    <line ass="-984" asx="0" asy="2163" character-width="999" dss="-984" dsx="0" dsy="2248" fd0="13737" fd1="3138" fd2="330" filter-width="4" id="a05-073-08" lbs="-1055" lbx="0" lby="2213" segmentation="ok" slant="102000" stroke-width="6668" threshold="175" text="division. But negotiation, as the debate had" ubs="-840" ubx="0" uby="2195">
      <word id="a05-073-08-00" tag="NN" text="division">
        <cmp x="344" y="2201" width="81" height="32" />
        <cmp x="401" y="2183" width="15" height="14" />
        <cmp x="435" y="2200" width="29" height="27" />
        <cmp x="462" y="2184" width="15" height="11" />
        <cmp x="469" y="2208" width="19" height="18" />
        <cmp x="499" y="2208" width="43" height="18" />
        <cmp x="529" y="2188" width="11" height="9" />
        <cmp x="549" y="2207" width="78" height="21" />
      </word>
      <word id="a05-073-08-01" tag="." text=".">
        <cmp x="657" y="2224" width="13" height="7" />
      </word>
      <word id="a05-073-08-02" sentence-start="yes" tag="CC" text="But">
        <cmp x="735" y="2183" width="80" height="45" />
        <cmp x="830" y="2192" width="71" height="39" />
      </word>
      <word id="a05-073-08-03" tag="NN" text="negotiation">
        <cmp x="984" y="2202" width="75" height="27" />
        <cmp x="1056" y="2206" width="44" height="40" />
        <cmp x="1097" y="2212" width="36" height="25" />
        <cmp x="1136" y="2184" width="37" height="51" />
        <cmp x="1169" y="2184" width="14" height="16" />
        <cmp x="1192" y="2194" width="92" height="41" />
        <cmp x="1289" y="2214" width="84" height="25" />
      </word>
      <word id="a05-073-08-04" tag="," text=",">
        <cmp x="1405" y="2248" width="11" height="25" />
      </word>
      <word id="a05-073-08-05" tag="CS" text="as">
        <cmp x="1462" y="2222" width="79" height="24" />
      </word>
      <word id="a05-073-08-06" tag="ATI" text="the">
        <cmp x="1610" y="2201" width="126" height="49" />
      </word>
      <word id="a05-073-08-07" tag="NN" text="debate">
        <cmp x="1784" y="2216" width="87" height="35" />
        <cmp x="1873" y="2210" width="38" height="42" />
        <cmp x="1920" y="2212" width="134" height="44" />
      </word>
      <word id="a05-073-08-08" tag="HVD" text="had">
        <cmp x="2105" y="2200" width="43" height="50" />
        <cmp x="2150" y="2223" width="33" height="26" />
        <cmp x="2187" y="2212" width="49" height="38" />
      </word>
      <upper-contour>
        <point x="342" y="2076" />
        <point x="2237" y="2076" />
      </upper-contour>
      <lower-contour>
        <point x="342" y="2273" />
        <point x="2124" y="2273" />
      </lower-contour>
    </line>
    <line ass="-765" asx="0" asy="2351" character-width="999" dss="-765" dsx="0" dsy="2427" fd0="13574" fd1="3820" fd2="471" filter-width="4" id="a05-073-09" lbs="-771" lbx="0" lby="2402" segmentation="ok" slant="113000" stroke-width="6754" threshold="176" text="shown, could be undertaken on a variety" ubs="-753" ubx="0" uby="2381">
      <word id="a05-073-09-00" tag="VBN" text="shown">
        <cmp x="340" y="2387" width="20" height="24" />
        <cmp x="360" y="2376" width="86" height="37" />
        <cmp x="452" y="2388" width="49" height="23" />
        <cmp x="503" y="2388" width="44" height="26" />
      </word>
      <word id="a05-073-09-01" tag="," text=",">
        <cmp x="586" y="2406" width="16" height="29" />
      </word>
      <word id="a05-073-09-02" tag="MD" text="could">
        <cmp x="694" y="2388" width="27" height="30" />
        <cmp x="724" y="2389" width="104" height="24" />
        <cmp x="824" y="2376" width="29" height="36" />
        <cmp x="853" y="2384" width="50" height="33" />
      </word>
      <word id="a05-073-09-03" tag="BE" text="be">
        <cmp x="1005" y="2383" width="41" height="40" />
        <cmp x="1049" y="2392" width="51" height="32" />
      </word>
      <word id="a05-073-09-04" tag="VBN" text="undertaken">
        <cmp x="1142" y="2391" width="163" height="31" />
        <cmp x="1308" y="2377" width="68" height="40" />
        <cmp x="1380" y="2389" width="123" height="35" />
      </word>
      <word id="a05-073-09-05" tag="IN" text="on">
        <cmp x="1609" y="2400" width="64" height="25" />
      </word>
      <word id="a05-073-09-06" tag="AT" text="a">
        <cmp x="1770" y="2401" width="41" height="28" />
      </word>
      <word id="a05-073-09-07" tag="NN" text="variety">
        <cmp x="1846" y="2398" width="46" height="33" />
        <cmp x="1893" y="2400" width="91" height="27" />
        <cmp x="1968" y="2378" width="10" height="8" />
        <cmp x="1996" y="2403" width="31" height="28" />
        <cmp x="2032" y="2390" width="91" height="55" />
      </word>
      <upper-contour>
        <point x="342" y="2273" />
        <point x="2124" y="2273" />
      </upper-contour>
      <lower-contour>
        <point x="350" y="2434" />
        <point x="767" y="2434" />
      </lower-contour>
    </line>
    <line ass="384" asx="0" asy="2530" character-width="999" dss="384" dsx="0" dsy="2598" fd0="12625" fd1="3581" fd2="167" filter-width="4" id="a05-073-10" lbs="641" lbx="0" lby="2595" segmentation="err" slant="107000" stroke-width="6496" threshold="178" text="of bases." ubs="-129" ubx="0" uby="2565">
      <word id="a05-073-10-00" tag="INO" text="of">
        <cmp x="352" y="2569" width="29" height="26" />
        <cmp x="392" y="2529" width="25" height="65" />
      </word>
      <word id="a05-073-10-01" tag="NNS" text="bases">
        <cmp x="530" y="2548" width="52" height="44" />
        <cmp x="583" y="2564" width="155" height="27" />
      </word>
      <word id="a05-073-10-02" tag="." text=".">
        <cmp x="739" y="2574" width="27" height="21" />
      </word>
      <upper-contour>
        <point x="350" y="2434" />
        <point x="767" y="2434" />
      </upper-contour>
    </line>
  </handwritten-part>
</form>

