<?xml version="1.0" encoding="ISO-8859-1"?>

<!DOCTYPE form SYSTEM 'http://www.iam.unibe.ch/~fki/iamdb/form-metadata.dtd'>

<form created="2002-03-16" height="3542" id="a05-053" last-modified="2002-07-17" skew="95" status="final" version="3.0_beta" width="2479" writer-id="000">
  <machine-printed-part>
    <machine-print-line text="He decided that it would be a great error to do so and to recall Parliament. But" />
    <machine-print-line text="there would be no hesitation in mobilising if a further deterioration in the situation" />
    <machine-print-line text="warranted such a step. It would have to be accompanied by other measures of a" />
    <machine-print-line text="military, economic and political kind. Mr. Macmillan, who was winding up the foreign" />
    <machine-print-line text="affairs debate, said the Government could not be party to accepting as a matter of" />
    <machine-print-line text="principle the imposed division of Germany." />
  </machine-printed-part>
  <handwritten-part>
    <line ass="-139" asx="0" asy="756" character-width="999" dss="-139" dsx="0" dsy="828" fd0="13197" fd1="3830" fd2="664" filter-width="3" id="a05-053-00" lbs="-122" lbx="0" lby="807" segmentation="ok" slant="113000" stroke-width="5672" threshold="179" text="He decided that it would be a great error" ubs="-171" ubx="0" uby="783">
      <word id="a05-053-00-00" sentence-start="yes" tag="PP3A" text="He">
        <cmp x="422" y="761" width="108" height="47" />
      </word>
      <word id="a05-053-00-01" tag="VBD" text="decided">
        <cmp x="601" y="780" width="73" height="28" />
        <cmp x="678" y="788" width="58" height="24" />
        <cmp x="710" y="764" width="11" height="8" />
        <cmp x="747" y="789" width="83" height="27" />
        <cmp x="834" y="778" width="60" height="41" />
      </word>
      <word id="a05-053-00-02" tag="CS" text="that">
        <cmp x="973" y="777" width="37" height="31" />
        <cmp x="1008" y="783" width="43" height="27" />
        <cmp x="1053" y="773" width="86" height="42" />
      </word>
      <word id="a05-053-00-03" tag="PP3" text="it">
        <cmp x="1169" y="760" width="15" height="7" />
        <cmp x="1181" y="764" width="44" height="42" />
      </word>
      <word id="a05-053-00-04" tag="MD" text="would">
        <cmp x="1255" y="773" width="174" height="45" />
        <cmp x="1427" y="773" width="53" height="39" />
      </word>
      <word id="a05-053-00-05" tag="BE" text="be">
        <cmp x="1532" y="774" width="79" height="38" />
      </word>
      <word id="a05-053-00-06" tag="AT" text="a">
        <cmp x="1650" y="792" width="47" height="20" />
      </word>
      <word id="a05-053-00-07" tag="JJ" text="great">
        <cmp x="1742" y="787" width="118" height="47" />
        <cmp x="1859" y="764" width="79" height="51" />
      </word>
      <word id="a05-053-00-08" tag="NN" text="error">
        <cmp x="2001" y="786" width="68" height="25" />
        <cmp x="2077" y="790" width="19" height="17" />
        <cmp x="2103" y="787" width="87" height="25" />
      </word>
      <lower-contour>
        <point x="410" y="834" />
        <point x="2036" y="834" />
      </lower-contour>
    </line>
    <line ass="-67" asx="0" asy="930" character-width="999" dss="-67" dsx="0" dsy="995" fd0="13465" fd1="3706" fd2="722" filter-width="4" id="a05-053-01" lbs="-80" lbx="0" lby="988" segmentation="err" slant="108000" stroke-width="6450" threshold="178" text="to do so and to recall Parliament. But" ubs="-39" ubx="0" uby="968">
      <word id="a05-053-01-00" tag="TO" text="to">
        <cmp x="412" y="953" width="53" height="40" />
      </word>
      <word id="a05-053-01-01" tag="DO" text="do">
        <cmp x="525" y="961" width="56" height="30" />
        <cmp x="582" y="969" width="37" height="26" />
      </word>
      <word id="a05-053-01-02" tag="PN" text="so">
        <cmp x="674" y="968" width="21" height="16" />
        <cmp x="703" y="969" width="26" height="20" />
      </word>
      <word id="a05-053-01-03" tag="CC" text="and">
        <cmp x="767" y="969" width="86" height="23" />
        <cmp x="856" y="964" width="69" height="30" />
      </word>
      <word id="a05-053-01-04" tag="TO" text="to">
        <cmp x="987" y="956" width="26" height="34" />
        <cmp x="1022" y="967" width="32" height="22" />
      </word>
      <word id="a05-053-01-05" tag="VB" text="recall">
        <cmp x="1099" y="963" width="75" height="28" />
        <cmp x="1167" y="963" width="35" height="30" />
        <cmp x="1204" y="960" width="102" height="38" />
      </word>
      <word id="a05-053-01-06" tag="NN" text="Parliament">
        <cmp x="1367" y="932" width="64" height="53" />
        <cmp x="1435" y="962" width="74" height="27" />
        <cmp x="1530" y="956" width="48" height="33" />
        <cmp x="1559" y="950" width="12" height="18" />
        <cmp x="1587" y="956" width="191" height="41" />
      </word>
      <word id="a05-053-01-07" tag="." text=".">
        <cmp x="1872" y="933" width="71" height="57" />
      </word>
      <word id="a05-053-01-08" sentence-start="yes" tag="CC" text="But">
        <cmp x="1954" y="934" width="81" height="59" />
      </word>
      <upper-contour>
        <point x="410" y="834" />
        <point x="2036" y="834" />
      </upper-contour>
      <lower-contour>
        <point x="410" y="998" />
        <point x="2036" y="998" />
      </lower-contour>
    </line>
    <line ass="-55" asx="0" asy="1115" character-width="999" dss="-55" dsx="0" dsy="1190" fd0="14142" fd1="3314" fd2="586" filter-width="4" id="a05-053-02" lbs="-17" lbx="0" lby="1171" segmentation="ok" slant="114999" stroke-width="6382" threshold="179" text="there would be no hesitation in mobilising" ubs="-130" ubx="0" uby="1149">
      <word id="a05-053-02-00" tag="EX" text="there">
        <cmp x="380" y="1138" width="108" height="37" />
        <cmp x="487" y="1148" width="65" height="31" />
      </word>
      <word id="a05-053-02-01" tag="MD" text="would">
        <cmp x="602" y="1142" width="53" height="29" />
        <cmp x="658" y="1140" width="98" height="28" />
        <cmp x="747" y="1138" width="33" height="32" />
        <cmp x="783" y="1144" width="63" height="27" />
      </word>
      <word id="a05-053-02-02" tag="BE" text="be">
        <cmp x="919" y="1135" width="110" height="45" />
      </word>
      <word id="a05-053-02-03" tag="ATI" text="no">
        <cmp x="1062" y="1156" width="43" height="16" />
        <cmp x="1106" y="1150" width="40" height="27" />
      </word>
      <word id="a05-053-02-04" tag="NN" text="hesitation">
        <cmp x="1229" y="1140" width="126" height="31" />
        <cmp x="1333" y="1118" width="10" height="8" />
        <cmp x="1363" y="1134" width="31" height="34" />
        <cmp x="1403" y="1151" width="50" height="23" />
        <cmp x="1455" y="1146" width="39" height="31" />
        <cmp x="1469" y="1135" width="10" height="12" />
        <cmp x="1504" y="1153" width="69" height="22" />
      </word>
      <word id="a05-053-02-05" tag="IN" text="in">
        <cmp x="1652" y="1153" width="64" height="21" />
        <cmp x="1656" y="1119" width="8" height="11" />
      </word>
      <word id="a05-053-02-06" tag="VBG" text="mobilising">
        <cmp x="1795" y="1154" width="55" height="14" />
        <cmp x="1861" y="1120" width="72" height="51" />
        <cmp x="1938" y="1155" width="21" height="17" />
        <cmp x="1940" y="1124" width="12" height="15" />
        <cmp x="1963" y="1139" width="48" height="30" />
        <cmp x="1993" y="1129" width="8" height="6" />
        <cmp x="2033" y="1154" width="80" height="22" />
        <cmp x="2054" y="1130" width="8" height="9" />
        <cmp x="2116" y="1156" width="32" height="37" />
      </word>
      <upper-contour>
        <point x="410" y="998" />
        <point x="2036" y="998" />
      </upper-contour>
      <lower-contour>
        <point x="378" y="1194" />
        <point x="2149" y="1194" />
      </lower-contour>
    </line>
    <line ass="59" asx="0" asy="1293" character-width="999" dss="59" dsx="0" dsy="1369" fd0="13708" fd1="3357" fd2="709" filter-width="4" id="a05-053-03" lbs="165" lbx="0" lby="1353" segmentation="ok" slant="113000" stroke-width="6352" threshold="177" text="if a further deterioration in the situation" ubs="-151" ubx="0" uby="1325">
      <word id="a05-053-03-00" tag="CS" text="if">
        <cmp x="371" y="1315" width="11" height="9" />
        <cmp x="375" y="1293" width="60" height="77" />
      </word>
      <word id="a05-053-03-01" tag="AT" text="a">
        <cmp x="478" y="1325" width="55" height="24" />
      </word>
      <word id="a05-053-03-02" tag="JJB" text="further">
        <cmp x="607" y="1303" width="92" height="55" />
        <cmp x="722" y="1308" width="32" height="37" />
        <cmp x="754" y="1322" width="137" height="34" />
      </word>
      <word id="a05-053-03-03" tag="NN" text="deterioration">
        <cmp x="969" y="1317" width="101" height="33" />
        <cmp x="1056" y="1312" width="38" height="36" />
        <cmp x="1107" y="1318" width="74" height="28" />
        <cmp x="1182" y="1300" width="13" height="14" />
        <cmp x="1186" y="1329" width="14" height="15" />
        <cmp x="1221" y="1323" width="71" height="22" />
        <cmp x="1301" y="1309" width="89" height="38" />
        <cmp x="1364" y="1315" width="17" height="14" />
        <cmp x="1398" y="1337" width="77" height="17" />
      </word>
      <word id="a05-053-03-04" tag="IN" text="in">
        <cmp x="1512" y="1305" width="13" height="12" />
        <cmp x="1524" y="1340" width="65" height="18" />
      </word>
      <word id="a05-053-03-05" tag="ATI" text="the">
        <cmp x="1652" y="1312" width="153" height="52" />
      </word>
      <word id="a05-053-03-06" tag="NN" text="situation">
        <cmp x="1869" y="1332" width="46" height="18" />
        <cmp x="1891" y="1306" width="16" height="12" />
        <cmp x="1926" y="1315" width="68" height="33" />
        <cmp x="2002" y="1295" width="93" height="56" />
        <cmp x="2097" y="1328" width="66" height="27" />
      </word>
      <upper-contour>
        <point x="378" y="1194" />
        <point x="2149" y="1194" />
      </upper-contour>
      <lower-contour>
        <point x="381" y="1369" />
        <point x="2164" y="1369" />
      </lower-contour>
    </line>
    <line ass="162" asx="0" asy="1482" character-width="999" dss="162" dsx="0" dsy="1545" fd0="14187" fd1="3326" fd2="668" filter-width="4" id="a05-053-04" lbs="129" lbx="0" lby="1530" segmentation="ok" slant="104000" stroke-width="6534" threshold="175" text="warranted such a step. It would have to be" ubs="229" ubx="0" uby="1510">
      <word id="a05-053-04-00" tag="VBD" text="warranted">
        <cmp x="383" y="1500" width="44" height="28" />
        <cmp x="434" y="1501" width="79" height="28" />
        <cmp x="515" y="1507" width="29" height="20" />
        <cmp x="553" y="1504" width="96" height="28" />
        <cmp x="640" y="1497" width="108" height="38" />
      </word>
      <word id="a05-053-04-01" tag="ABL" text="such">
        <cmp x="824" y="1513" width="22" height="15" />
        <cmp x="848" y="1513" width="43" height="18" />
        <cmp x="901" y="1505" width="95" height="26" />
      </word>
      <word id="a05-053-04-02" tag="AT" text="a">
        <cmp x="1029" y="1512" width="51" height="24" />
      </word>
      <word id="a05-053-04-03" tag="NN" text="step">
        <cmp x="1134" y="1484" width="86" height="40" />
        <cmp x="1224" y="1502" width="32" height="38" />
      </word>
      <word id="a05-053-04-04" tag="." text=".">
        <cmp x="1266" y="1526" width="8" height="6" />
      </word>
      <word id="a05-053-04-05" sentence-start="yes" tag="PP3" text="It">
        <cmp x="1367" y="1480" width="18" height="39" />
        <cmp x="1398" y="1488" width="24" height="35" />
      </word>
      <word id="a05-053-04-06" tag="MD" text="would">
        <cmp x="1476" y="1498" width="50" height="28" />
        <cmp x="1535" y="1486" width="122" height="42" />
        <cmp x="1653" y="1491" width="58" height="32" />
      </word>
      <word id="a05-053-04-07" tag="HV" text="have">
        <cmp x="1793" y="1485" width="36" height="39" />
        <cmp x="1833" y="1501" width="34" height="21" />
        <cmp x="1880" y="1504" width="23" height="19" />
        <cmp x="1909" y="1501" width="55" height="27" />
      </word>
      <word id="a05-053-04-08" tag="TO" text="to">
        <cmp x="2025" y="1497" width="22" height="29" />
        <cmp x="2051" y="1504" width="30" height="25" />
      </word>
      <word id="a05-053-04-09" tag="BE" text="be">
        <cmp x="2143" y="1492" width="29" height="36" />
        <cmp x="2181" y="1504" width="50" height="35" />
      </word>
      <upper-contour>
        <point x="381" y="1369" />
        <point x="2164" y="1369" />
      </upper-contour>
      <lower-contour>
        <point x="381" y="1541" />
        <point x="2232" y="1541" />
      </lower-contour>
    </line>
    <line ass="-82" asx="0" asy="1650" character-width="999" dss="-82" dsx="0" dsy="1734" fd0="14091" fd1="3814" fd2="583" filter-width="4" id="a05-053-05" lbs="-65" lbx="0" lby="1702" segmentation="ok" slant="114000" stroke-width="6590" threshold="173" text="accompanied by other measures of a military," ubs="-115" ubx="0" uby="1681">
      <word id="a05-053-05-00" tag="VBN" text="accompanied">
        <cmp x="374" y="1679" width="38" height="25" />
        <cmp x="426" y="1681" width="26" height="25" />
        <cmp x="460" y="1681" width="37" height="23" />
        <cmp x="502" y="1683" width="101" height="23" />
        <cmp x="603" y="1674" width="42" height="61" />
        <cmp x="652" y="1682" width="72" height="23" />
        <cmp x="706" y="1661" width="9" height="10" />
        <cmp x="736" y="1674" width="125" height="30" />
      </word>
      <word id="a05-053-05-01" tag="IN" text="by">
        <cmp x="940" y="1686" width="34" height="22" />
        <cmp x="983" y="1693" width="47" height="35" />
      </word>
      <word id="a05-053-05-02" tag="AP" text="other">
        <cmp x="1095" y="1688" width="28" height="21" />
        <cmp x="1130" y="1669" width="166" height="34" />
      </word>
      <word id="a05-053-05-03" tag="NNS" text="measures">
        <cmp x="1387" y="1674" width="84" height="23" />
        <cmp x="1473" y="1676" width="80" height="26" />
        <cmp x="1555" y="1676" width="101" height="30" />
      </word>
      <word id="a05-053-05-04" tag="INO" text="of">
        <cmp x="1761" y="1683" width="29" height="24" />
        <cmp x="1799" y="1655" width="27" height="58" />
      </word>
      <word id="a05-053-05-05" tag="AT" text="a">
        <cmp x="1881" y="1686" width="53" height="23" />
      </word>
      <word id="a05-053-05-06" tag="JJ" text="military">
        <cmp x="2004" y="1684" width="84" height="18" />
        <cmp x="2069" y="1657" width="10" height="11" />
        <cmp x="2102" y="1667" width="48" height="33" />
        <cmp x="2121" y="1655" width="14" height="15" />
        <cmp x="2156" y="1663" width="18" height="38" />
        <cmp x="2177" y="1680" width="102" height="52" />
      </word>
      <word id="a05-053-05-07" tag="," text=",">
        <cmp x="2304" y="1712" width="13" height="21" />
      </word>
      <upper-contour>
        <point x="381" y="1541" />
        <point x="2232" y="1541" />
      </upper-contour>
      <lower-contour>
        <point x="378" y="1734" />
        <point x="2299" y="1734" />
      </lower-contour>
    </line>
    <line ass="46" asx="0" asy="1831" character-width="999" dss="46" dsx="0" dsy="1916" fd0="14262" fd1="3550" fd2="721" filter-width="4" id="a05-053-06" lbs="61" lbx="0" lby="1884" segmentation="ok" slant="103000" stroke-width="6352" threshold="176" text="economic and political kind. Mr. Macmillan," ubs="16" ubx="0" uby="1865">
      <word id="a05-053-06-00" tag="JJ" text="economic">
        <cmp x="380" y="1861" width="34" height="29" />
        <cmp x="425" y="1863" width="25" height="26" />
        <cmp x="454" y="1868" width="92" height="23" />
        <cmp x="556" y="1867" width="116" height="24" />
        <cmp x="639" y="1845" width="8" height="10" />
        <cmp x="693" y="1863" width="33" height="22" />
      </word>
      <word id="a05-053-06-01" tag="CC" text="and">
        <cmp x="752" y="1863" width="82" height="19" />
        <cmp x="841" y="1848" width="69" height="37" />
      </word>
      <word id="a05-053-06-02" tag="JJ" text="political">
        <cmp x="1008" y="1871" width="30" height="43" />
        <cmp x="1046" y="1863" width="34" height="26" />
        <cmp x="1086" y="1853" width="47" height="28" />
        <cmp x="1110" y="1837" width="12" height="15" />
        <cmp x="1142" y="1850" width="36" height="29" />
        <cmp x="1166" y="1847" width="9" height="12" />
        <cmp x="1190" y="1859" width="30" height="24" />
        <cmp x="1224" y="1862" width="46" height="21" />
        <cmp x="1266" y="1852" width="26" height="31" />
      </word>
      <word id="a05-053-06-03" tag="NN" text="kind">
        <cmp x="1339" y="1856" width="100" height="24" />
        <cmp x="1390" y="1838" width="13" height="7" />
        <cmp x="1453" y="1857" width="54" height="29" />
      </word>
      <word id="a05-053-06-04" tag="." text=".">
        <cmp x="1526" y="1887" width="9" height="7" />
      </word>
      <word id="a05-053-06-05" sentence-start="yes" tag="NPT" text="Mr.">
        <cmp x="1636" y="1843" width="106" height="52" />
        <cmp x="1767" y="1882" width="8" height="9" />
      </word>
      <word id="a05-053-06-06" tag="NP" text="Macmillan">
        <cmp x="1869" y="1844" width="46" height="49" />
        <cmp x="1928" y="1861" width="39" height="22" />
        <cmp x="1976" y="1861" width="36" height="22" />
        <cmp x="2025" y="1861" width="65" height="16" />
        <cmp x="2082" y="1831" width="9" height="13" />
        <cmp x="2108" y="1837" width="38" height="37" />
        <cmp x="2154" y="1858" width="94" height="25" />
      </word>
      <word id="a05-053-06-07" tag="," text=",">
        <cmp x="2285" y="1896" width="13" height="19" />
      </word>
      <upper-contour>
        <point x="378" y="1734" />
        <point x="2299" y="1734" />
      </upper-contour>
      <lower-contour>
        <point x="379" y="1914" />
        <point x="2133" y="1914" />
      </lower-contour>
    </line>
    <line ass="67" asx="0" asy="2007" character-width="999" dss="67" dsx="0" dsy="2078" fd0="13712" fd1="3372" fd2="784" filter-width="4" id="a05-053-07" lbs="64" lbx="0" lby="2067" segmentation="ok" slant="102000" stroke-width="6729" threshold="176" text="who was winding up the foreign affairs" ubs="75" ubx="0" uby="2045">
      <word id="a05-053-07-00" tag="WP" text="who">
        <cmp x="381" y="2032" width="45" height="35" />
        <cmp x="436" y="2034" width="83" height="35" />
      </word>
      <word id="a05-053-07-01" tag="BEDZ" text="was">
        <cmp x="617" y="2037" width="51" height="31" />
        <cmp x="676" y="2038" width="73" height="24" />
      </word>
      <word id="a05-053-07-02" tag="VBG" text="winding">
        <cmp x="804" y="2041" width="40" height="26" />
        <cmp x="841" y="2023" width="10" height="9" />
        <cmp x="851" y="2048" width="22" height="18" />
        <cmp x="879" y="2053" width="35" height="17" />
        <cmp x="920" y="2033" width="134" height="42" />
        <cmp x="958" y="2021" width="12" height="9" />
      </word>
      <word id="a05-053-07-03" tag="RP" text="up">
        <cmp x="1130" y="2048" width="39" height="16" />
        <cmp x="1174" y="2045" width="33" height="30" />
      </word>
      <word id="a05-053-07-04" tag="ATI" text="the">
        <cmp x="1285" y="2033" width="152" height="41" />
      </word>
      <word id="a05-053-07-05" tag="JJ" text="foreign">
        <cmp x="1512" y="2017" width="33" height="50" />
        <cmp x="1554" y="2044" width="71" height="24" />
        <cmp x="1637" y="2043" width="64" height="28" />
        <cmp x="1671" y="2020" width="11" height="13" />
        <cmp x="1711" y="2043" width="75" height="34" />
      </word>
      <word id="a05-053-07-06" tag="NNS" text="affairs">
        <cmp x="1886" y="2036" width="49" height="26" />
        <cmp x="1938" y="2006" width="31" height="59" />
        <cmp x="1977" y="2013" width="27" height="51" />
        <cmp x="2012" y="2034" width="120" height="27" />
        <cmp x="2044" y="2008" width="11" height="9" />
      </word>
      <upper-contour>
        <point x="379" y="1914" />
        <point x="2133" y="1914" />
      </upper-contour>
      <lower-contour>
        <point x="379" y="2077" />
        <point x="2133" y="2077" />
      </lower-contour>
    </line>
    <line ass="342" asx="0" asy="2205" character-width="999" dss="342" dsx="0" dsy="2272" fd0="13431" fd1="3109" fd2="414" filter-width="4" id="a05-053-08" lbs="334" lbx="0" lby="2248" segmentation="ok" slant="107000" stroke-width="6381" threshold="177" text="debate, said the Government could not" ubs="357" ubx="0" uby="2226">
      <word id="a05-053-08-00" tag="NN" text="debate">
        <cmp x="379" y="2212" width="96" height="41" />
        <cmp x="490" y="2206" width="45" height="44" />
        <cmp x="540" y="2217" width="45" height="25" />
        <cmp x="579" y="2203" width="112" height="41" />
      </word>
      <word id="a05-053-08-01" tag="," text=",">
        <cmp x="707" y="2244" width="13" height="24" />
      </word>
      <word id="a05-053-08-02" tag="VBD" text="said">
        <cmp x="789" y="2222" width="24" height="19" />
        <cmp x="824" y="2223" width="77" height="19" />
        <cmp x="868" y="2200" width="17" height="13" />
        <cmp x="913" y="2213" width="69" height="30" />
      </word>
      <word id="a05-053-08-03" tag="ATI" text="the">
        <cmp x="1050" y="2201" width="134" height="46" />
      </word>
      <word id="a05-053-08-04" tag="NN" text="Government">
        <cmp x="1243" y="2200" width="40" height="42" />
        <cmp x="1291" y="2218" width="30" height="25" />
        <cmp x="1327" y="2219" width="28" height="26" />
        <cmp x="1360" y="2214" width="95" height="28" />
        <cmp x="1471" y="2204" width="197" height="41" />
      </word>
      <word id="a05-053-08-05" tag="MD" text="could">
        <cmp x="1755" y="2213" width="118" height="26" />
        <cmp x="1881" y="2200" width="10" height="30" />
        <cmp x="1906" y="2200" width="54" height="36" />
      </word>
      <word id="a05-053-08-06" tag="XNOT" text="not">
        <cmp x="2043" y="2222" width="34" height="16" />
        <cmp x="2083" y="2203" width="79" height="40" />
      </word>
      <upper-contour>
        <point x="379" y="2077" />
        <point x="2133" y="2077" />
      </upper-contour>
      <lower-contour>
        <point x="408" y="2268" />
        <point x="2001" y="2268" />
      </lower-contour>
    </line>
    <line ass="38" asx="0" asy="2372" character-width="999" dss="38" dsx="0" dsy="2440" fd0="13660" fd1="3733" fd2="578" filter-width="4" id="a05-053-09" lbs="35" lbx="0" lby="2424" segmentation="ok" slant="105000" stroke-width="6454" threshold="177" text="be party to accepting as a matter of" ubs="43" ubx="0" uby="2401">
      <word id="a05-053-09-00" tag="BE" text="be">
        <cmp x="410" y="2382" width="31" height="39" />
        <cmp x="449" y="2392" width="67" height="30" />
      </word>
      <word id="a05-053-09-01" tag="NN" text="party">
        <cmp x="562" y="2402" width="94" height="31" />
        <cmp x="669" y="2387" width="58" height="52" />
      </word>
      <word id="a05-053-09-02" tag="IN" text="to">
        <cmp x="818" y="2385" width="26" height="41" />
        <cmp x="845" y="2401" width="35" height="28" />
      </word>
      <word id="a05-053-09-03" tag="VBG" text="accepting">
        <cmp x="924" y="2400" width="49" height="19" />
        <cmp x="979" y="2399" width="34" height="26" />
        <cmp x="1016" y="2395" width="79" height="28" />
        <cmp x="1102" y="2397" width="26" height="41" />
        <cmp x="1136" y="2387" width="64" height="27" />
        <cmp x="1160" y="2375" width="18" height="16" />
        <cmp x="1212" y="2397" width="44" height="43" />
      </word>
      <word id="a05-053-09-04" tag="IN" text="as">
        <cmp x="1328" y="2399" width="53" height="24" />
        <cmp x="1386" y="2394" width="30" height="27" />
      </word>
      <word id="a05-053-09-05" tag="AT" text="a">
        <cmp x="1500" y="2399" width="43" height="23" />
      </word>
      <word id="a05-053-09-06" tag="NN" text="matter">
        <cmp x="1612" y="2407" width="60" height="18" />
        <cmp x="1685" y="2389" width="192" height="37" />
      </word>
      <word id="a05-053-09-07" tag="INO" text="of">
        <cmp x="1915" y="2371" width="85" height="57" />
      </word>
      <upper-contour>
        <point x="408" y="2268" />
        <point x="2001" y="2268" />
      </upper-contour>
      <lower-contour>
        <point x="408" y="2440" />
        <point x="2001" y="2440" />
      </lower-contour>
    </line>
    <line ass="2" asx="0" asy="2552" character-width="999" dss="2" dsx="0" dsy="2619" fd0="13773" fd1="3395" fd2="781" filter-width="4" id="a05-053-10" lbs="4" lbx="0" lby="2602" segmentation="ok" slant="96000" stroke-width="6251" threshold="177" text="principle the imposed division of Germany." ubs="-1" ubx="0" uby="2584">
      <word id="a05-053-10-00" tag="NN" text="principle">
        <cmp x="399" y="2588" width="23" height="31" />
        <cmp x="433" y="2590" width="38" height="16" />
        <cmp x="463" y="2560" width="9" height="19" />
        <cmp x="478" y="2586" width="37" height="18" />
        <cmp x="529" y="2581" width="48" height="18" />
        <cmp x="560" y="2555" width="9" height="11" />
        <cmp x="590" y="2580" width="18" height="31" />
        <cmp x="626" y="2566" width="98" height="40" />
      </word>
      <word id="a05-053-10-01" tag="ATI" text="the">
        <cmp x="801" y="2569" width="141" height="38" />
      </word>
      <word id="a05-053-10-02" tag="JJ" text="imposed">
        <cmp x="1019" y="2583" width="78" height="20" />
        <cmp x="1033" y="2553" width="9" height="7" />
        <cmp x="1114" y="2585" width="26" height="26" />
        <cmp x="1148" y="2579" width="97" height="23" />
        <cmp x="1247" y="2563" width="62" height="34" />
      </word>
      <word id="a05-053-10-03" tag="NN" text="division">
        <cmp x="1395" y="2569" width="74" height="28" />
        <cmp x="1479" y="2573" width="29" height="28" />
        <cmp x="1515" y="2553" width="13" height="10" />
        <cmp x="1517" y="2580" width="18" height="23" />
        <cmp x="1550" y="2581" width="22" height="19" />
        <cmp x="1583" y="2586" width="21" height="12" />
        <cmp x="1594" y="2558" width="11" height="12" />
        <cmp x="1625" y="2579" width="90" height="22" />
      </word>
      <word id="a05-053-10-04" tag="INO" text="of">
        <cmp x="1777" y="2580" width="28" height="21" />
        <cmp x="1817" y="2553" width="32" height="59" />
      </word>
      <word id="a05-053-10-05" tag="NP" text="Germany">
        <cmp x="1940" y="2563" width="48" height="36" />
        <cmp x="2000" y="2573" width="100" height="33" />
        <cmp x="2110" y="2577" width="77" height="38" />
      </word>
      <word id="a05-053-10-06" tag="." text=".">
        <cmp x="2224" y="2607" width="11" height="7" />
      </word>
      <upper-contour>
        <point x="408" y="2440" />
        <point x="2001" y="2440" />
      </upper-contour>
    </line>
  </handwritten-part>
</form>

