<?xml version="1.0" encoding="ISO-8859-1"?>

<!DOCTYPE form SYSTEM 'http://www.iam.unibe.ch/~fki/iamdb/form-metadata.dtd'>

<form created="2002-01-14" height="3542" id="b02-035" last-modified="2002-07-17" skew="-63" status="final" version="3.0_beta" width="2479" writer-id="095">
  <machine-printed-part>
    <machine-print-line text="On this reading what Mr Gollancz calls manoeuvring, and what we should call cool-" />
    <machine-print-line text="headed and inventive negotiation, is a means not to destruction but to safety. The" />
    <machine-print-line text="Government&apos;s pompous little statement on Northern Rhodesia does not say much," />
    <machine-print-line text="but it says what is necessary - that the Northern Rhodesia Constitution is open to" />
    <machine-print-line text="revision. This is news, however much the Government tries to disguise it by saying" />
    <machine-print-line text="that the revision would be &amp;quot;in accordance with normal practice.&amp;quot;" />
  </machine-printed-part>
  <handwritten-part>
    <line ass="333" asx="0" asy="736" character-width="999" dss="333" dsx="0" dsy="837" fd0="14475" fd1="3353" fd2="-55" filter-width="4" id="b02-035-00" lbs="304" lbx="0" lby="786" segmentation="ok" slant="65000" stroke-width="6485" threshold="170" text="On this reading what Mr. Gollancz calls" ubs="390" ubx="0" uby="765">
      <word id="b02-035-00-00" sentence-start="yes" tag="IN" text="On">
        <cmp x="367" y="737" width="46" height="57" />
        <cmp x="400" y="766" width="61" height="22" />
      </word>
      <word id="b02-035-00-01" tag="DT" text="this">
        <cmp x="521" y="741" width="130" height="52" />
        <cmp x="658" y="750" width="8" height="5" />
        <cmp x="665" y="770" width="21" height="21" />
      </word>
      <word id="b02-035-00-02" tag="NN" text="reading">
        <cmp x="747" y="759" width="87" height="29" />
        <cmp x="838" y="756" width="36" height="25" />
        <cmp x="881" y="741" width="67" height="44" />
        <cmp x="955" y="772" width="31" height="15" />
        <cmp x="963" y="740" width="7" height="8" />
        <cmp x="972" y="773" width="39" height="53" />
      </word>
      <word id="b02-035-00-03" tag="WDT" text="what">
        <cmp x="1046" y="764" width="71" height="22" />
        <cmp x="1123" y="734" width="68" height="49" />
        <cmp x="1200" y="741" width="75" height="42" />
      </word>
      <word id="b02-035-00-04" tag="NPT" text="Mr.">
        <cmp x="1323" y="736" width="66" height="48" />
        <cmp x="1385" y="761" width="35" height="27" />
        <cmp x="1426" y="784" width="7" height="6" />
      </word>
      <word id="b02-035-00-05" tag="NP" text="Gollancz">
        <cmp x="1478" y="737" width="57" height="93" />
        <cmp x="1535" y="755" width="27" height="23" />
        <cmp x="1565" y="730" width="51" height="48" />
        <cmp x="1605" y="737" width="42" height="42" />
        <cmp x="1638" y="753" width="39" height="25" />
        <cmp x="1683" y="752" width="38" height="26" />
        <cmp x="1717" y="753" width="42" height="67" />
      </word>
      <word id="b02-035-00-06" tag="VBZ" text="calls">
        <cmp x="1814" y="749" width="34" height="38" />
        <cmp x="1852" y="726" width="129" height="58" />
        <cmp x="1964" y="762" width="26" height="24" />
      </word>
      <lower-contour>
        <point x="365" y="830" />
        <point x="1991" y="830" />
      </lower-contour>
    </line>
    <line ass="517" asx="0" asy="918" character-width="999" dss="517" dsx="0" dsy="1017" fd0="14418" fd1="3116" fd2="-78" filter-width="4" id="b02-035-01" lbs="509" lbx="0" lby="978" segmentation="ok" slant="57000" stroke-width="6384" threshold="172" text="manoeuvring, and what we should call" ubs="534" ubx="0" uby="954">
      <word id="b02-035-01-00" tag="NN" text="manoeuvring">
        <cmp x="362" y="949" width="110" height="25" />
        <cmp x="493" y="944" width="46" height="30" />
        <cmp x="554" y="945" width="51" height="29" />
        <cmp x="610" y="941" width="35" height="36" />
        <cmp x="652" y="941" width="33" height="35" />
        <cmp x="694" y="950" width="43" height="26" />
        <cmp x="760" y="946" width="34" height="28" />
        <cmp x="796" y="945" width="46" height="28" />
        <cmp x="849" y="924" width="8" height="10" />
        <cmp x="849" y="947" width="35" height="24" />
        <cmp x="870" y="950" width="43" height="60" />
      </word>
      <word id="b02-035-01-01" tag="," text=",">
        <cmp x="922" y="974" width="11" height="19" />
      </word>
      <word id="b02-035-01-02" tag="CC" text="and">
        <cmp x="970" y="944" width="114" height="26" />
        <cmp x="1097" y="920" width="66" height="47" />
      </word>
      <word id="b02-035-01-03" tag="WDT" text="what">
        <cmp x="1166" y="948" width="85" height="24" />
        <cmp x="1252" y="906" width="63" height="60" />
        <cmp x="1321" y="917" width="80" height="48" />
      </word>
      <word id="b02-035-01-04" tag="PP1AS" text="we">
        <cmp x="1425" y="941" width="84" height="26" />
        <cmp x="1506" y="935" width="29" height="28" />
      </word>
      <word id="b02-035-01-05" tag="MD" text="should">
        <cmp x="1562" y="936" width="38" height="37" />
        <cmp x="1596" y="906" width="66" height="60" />
        <cmp x="1665" y="905" width="125" height="60" />
        <cmp x="1771" y="917" width="56" height="48" />
      </word>
      <word id="b02-035-01-06" tag="VB" text="call">
        <cmp x="1859" y="933" width="34" height="34" />
        <cmp x="1894" y="905" width="134" height="58" />
      </word>
      <upper-contour>
        <point x="365" y="830" />
        <point x="1991" y="830" />
      </upper-contour>
      <lower-contour>
        <point x="360" y="1010" />
        <point x="2029" y="1010" />
      </lower-contour>
    </line>
    <line ass="744" asx="0" asy="1101" character-width="999" dss="744" dsx="0" dsy="1194" fd0="14793" fd1="3489" fd2="-51" filter-width="4" id="b02-035-02" lbs="835" lbx="0" lby="1160" segmentation="err" slant="56000" stroke-width="6296" threshold="172" text="cool-headed and inventive negotiation, is" ubs="562" ubx="0" uby="1132">
      <word id="b02-035-02-00" tag="JJ" text="cool-headed">
        <cmp x="356" y="1120" width="26" height="41" />
        <cmp x="389" y="1122" width="31" height="32" />
        <cmp x="424" y="1120" width="31" height="34" />
        <cmp x="463" y="1096" width="44" height="51" />
        <cmp x="500" y="1095" width="98" height="55" />
        <cmp x="600" y="1123" width="32" height="25" />
        <cmp x="638" y="1095" width="69" height="55" />
        <cmp x="710" y="1099" width="55" height="52" />
      </word>
      <word id="b02-035-02-01" tag="CC" text="and">
        <cmp x="801" y="1126" width="82" height="26" />
        <cmp x="896" y="1102" width="69" height="51" />
      </word>
      <word id="b02-035-02-02" tag="JJ" text="inventive">
        <cmp x="1002" y="1128" width="35" height="20" />
        <cmp x="1050" y="1126" width="41" height="27" />
        <cmp x="1052" y="1100" width="7" height="8" />
        <cmp x="1108" y="1096" width="36" height="54" />
        <cmp x="1146" y="1124" width="36" height="22" />
        <cmp x="1188" y="1129" width="41" height="16" />
        <cmp x="1239" y="1095" width="42" height="51" />
        <cmp x="1291" y="1102" width="8" height="10" />
        <cmp x="1292" y="1119" width="32" height="24" />
        <cmp x="1322" y="1121" width="32" height="25" />
      </word>
      <word id="b02-035-02-03" tag="NN" text="negotiation">
        <cmp x="1398" y="1119" width="80" height="31" />
        <cmp x="1486" y="1119" width="38" height="30" />
        <cmp x="1505" y="1119" width="53" height="57" />
        <cmp x="1573" y="1119" width="32" height="29" />
        <cmp x="1615" y="1095" width="72" height="53" />
        <cmp x="1692" y="1120" width="34" height="22" />
        <cmp x="1699" y="1095" width="7" height="13" />
        <cmp x="1736" y="1098" width="58" height="47" />
        <cmp x="1803" y="1112" width="73" height="30" />
        <cmp x="1804" y="1100" width="8" height="8" />
      </word>
      <word id="b02-035-02-04" tag="," text=",">
        <cmp x="1884" y="1152" width="16" height="17" />
      </word>
      <word id="b02-035-02-05" tag="BEZ" text="is">
        <cmp x="1942" y="1123" width="45" height="24" />
        <cmp x="1997" y="1123" width="32" height="25" />
        <cmp x="1998" y="1102" width="9" height="13" />
      </word>
      <upper-contour>
        <point x="360" y="1010" />
        <point x="2029" y="1010" />
      </upper-contour>
      <lower-contour>
        <point x="354" y="1176" />
        <point x="2030" y="1176" />
      </lower-contour>
    </line>
    <line ass="601" asx="0" asy="1279" character-width="999" dss="601" dsx="0" dsy="1370" fd0="14635" fd1="3172" fd2="74" filter-width="4" id="b02-035-03" lbs="554" lbx="0" lby="1337" segmentation="ok" slant="56000" stroke-width="6408" threshold="174" text="a means not to destruction but to safety." ubs="697" ubx="0" uby="1314">
      <word id="b02-035-03-00" tag="AT" text="a">
        <cmp x="351" y="1304" width="40" height="25" />
      </word>
      <word id="b02-035-03-01" tag="NN" text="means">
        <cmp x="437" y="1305" width="107" height="28" />
        <cmp x="555" y="1302" width="37" height="33" />
        <cmp x="592" y="1307" width="50" height="23" />
        <cmp x="647" y="1309" width="36" height="18" />
        <cmp x="686" y="1311" width="31" height="28" />
      </word>
      <word id="b02-035-03-02" tag="XNOT" text="not">
        <cmp x="773" y="1303" width="78" height="29" />
        <cmp x="861" y="1308" width="32" height="25" />
        <cmp x="895" y="1283" width="54" height="51" />
      </word>
      <word id="b02-035-03-03" tag="IN" text="to">
        <cmp x="990" y="1289" width="79" height="42" />
      </word>
      <word id="b02-035-03-04" tag="NN" text="destruction">
        <cmp x="1122" y="1270" width="77" height="58" />
        <cmp x="1198" y="1299" width="32" height="34" />
        <cmp x="1236" y="1266" width="92" height="62" />
        <cmp x="1339" y="1296" width="33" height="31" />
        <cmp x="1379" y="1269" width="51" height="59" />
        <cmp x="1437" y="1296" width="79" height="34" />
        <cmp x="1443" y="1272" width="10" height="17" />
      </word>
      <word id="b02-035-03-05" tag="CC" text="but">
        <cmp x="1556" y="1277" width="120" height="47" />
        <cmp x="1692" y="1273" width="55" height="44" />
      </word>
      <word id="b02-035-03-06" tag="IN" text="to">
        <cmp x="1774" y="1267" width="79" height="56" />
      </word>
      <word id="b02-035-03-07" tag="NN" text="safety">
        <cmp x="1902" y="1290" width="31" height="31" />
        <cmp x="1940" y="1293" width="32" height="22" />
        <cmp x="1971" y="1264" width="72" height="79" />
        <cmp x="2046" y="1265" width="57" height="52" />
        <cmp x="2093" y="1300" width="41" height="49" />
      </word>
      <word id="b02-035-03-08" tag="." text=".">
        <cmp x="2138" y="1322" width="9" height="7" />
      </word>
      <upper-contour>
        <point x="354" y="1176" />
        <point x="2030" y="1176" />
      </upper-contour>
      <lower-contour>
        <point x="349" y="1349" />
        <point x="2147" y="1349" />
      </lower-contour>
    </line>
    <line ass="510" asx="0" asy="1452" character-width="999" dss="510" dsx="0" dsy="1556" fd0="14117" fd1="3114" fd2="-259" filter-width="4" id="b02-035-04" lbs="536" lbx="0" lby="1513" segmentation="ok" slant="55000" stroke-width="6404" threshold="173" text="The Government&apos;s pompous little statement" ubs="457" ubx="0" uby="1489">
      <word id="b02-035-04-00" sentence-start="yes" tag="ATI" text="The">
        <cmp x="342" y="1469" width="30" height="43" />
        <cmp x="352" y="1449" width="54" height="14" />
        <cmp x="371" y="1450" width="111" height="60" />
      </word>
      <word id="b02-035-04-01" tag="NN$" text="Government&apos;s">
        <cmp x="544" y="1485" width="47" height="63" />
        <cmp x="603" y="1482" width="37" height="30" />
        <cmp x="650" y="1485" width="35" height="23" />
        <cmp x="680" y="1480" width="59" height="31" />
        <cmp x="740" y="1483" width="45" height="26" />
        <cmp x="783" y="1475" width="206" height="35" />
        <cmp x="1000" y="1459" width="34" height="51" />
        <cmp x="1053" y="1452" width="19" height="25" />
        <cmp x="1051" y="1482" width="38" height="36" />
      </word>
      <word id="b02-035-04-02" tag="JJ" text="pompous">
        <cmp x="1138" y="1479" width="52" height="67" />
        <cmp x="1200" y="1481" width="104" height="29" />
        <cmp x="1303" y="1481" width="49" height="64" />
        <cmp x="1365" y="1483" width="89" height="28" />
        <cmp x="1457" y="1483" width="25" height="30" />
      </word>
      <word id="b02-035-04-03" tag="JJ" text="little">
        <cmp x="1523" y="1449" width="84" height="57" />
        <cmp x="1609" y="1451" width="119" height="52" />
        <cmp x="1617" y="1458" width="8" height="15" />
      </word>
      <word id="b02-035-04-04" tag="NN" text="statement">
        <cmp x="1769" y="1478" width="45" height="32" />
        <cmp x="1821" y="1450" width="76" height="52" />
        <cmp x="1904" y="1449" width="57" height="55" />
        <cmp x="1975" y="1471" width="172" height="31" />
        <cmp x="2161" y="1459" width="19" height="38" />
      </word>
      <upper-contour>
        <point x="349" y="1349" />
        <point x="2147" y="1349" />
      </upper-contour>
      <lower-contour>
        <point x="342" y="1549" />
        <point x="2181" y="1549" />
      </lower-contour>
    </line>
    <line ass="463" asx="0" asy="1635" character-width="999" dss="463" dsx="0" dsy="1735" fd0="14431" fd1="3087" fd2="-95" filter-width="4" id="b02-035-05" lbs="465" lbx="0" lby="1694" segmentation="ok" slant="48000" stroke-width="6316" threshold="174" text="on Northern Rhodesia does not say much," ubs="460" ubx="0" uby="1671">
      <word id="b02-035-05-00" tag="IN" text="on">
        <cmp x="344" y="1666" width="106" height="38" />
      </word>
      <word id="b02-035-05-01" tag="NP" text="Northern">
        <cmp x="522" y="1634" width="72" height="53" />
        <cmp x="593" y="1662" width="76" height="28" />
        <cmp x="678" y="1630" width="211" height="61" />
      </word>
      <word id="b02-035-05-02" tag="NP" text="Rhodesia">
        <cmp x="958" y="1635" width="61" height="52" />
        <cmp x="1005" y="1629" width="67" height="55" />
        <cmp x="1082" y="1664" width="27" height="24" />
        <cmp x="1125" y="1632" width="95" height="61" />
        <cmp x="1219" y="1661" width="32" height="30" />
        <cmp x="1251" y="1664" width="21" height="24" />
        <cmp x="1277" y="1666" width="40" height="26" />
        <cmp x="1282" y="1634" width="8" height="19" />
      </word>
      <word id="b02-035-05-03" tag="DOZ" text="does">
        <cmp x="1373" y="1624" width="84" height="64" />
        <cmp x="1436" y="1650" width="37" height="32" />
        <cmp x="1474" y="1650" width="40" height="32" />
        <cmp x="1518" y="1652" width="32" height="35" />
      </word>
      <word id="b02-035-05-04" tag="XNOT" text="not">
        <cmp x="1586" y="1654" width="82" height="27" />
        <cmp x="1677" y="1658" width="27" height="24" />
        <cmp x="1708" y="1632" width="60" height="49" />
      </word>
      <word id="b02-035-05-05" tag="VB" text="say">
        <cmp x="1812" y="1653" width="29" height="31" />
        <cmp x="1841" y="1657" width="40" height="24" />
        <cmp x="1887" y="1661" width="46" height="59" />
        <cmp x="1897" y="1660" width="15" height="18" />
      </word>
      <word id="b02-035-05-06" tag="AP" text="much">
        <cmp x="1968" y="1647" width="102" height="30" />
        <cmp x="2083" y="1657" width="41" height="20" />
        <cmp x="2138" y="1628" width="71" height="52" />
      </word>
      <word id="b02-035-05-07" tag="," text=",">
        <cmp x="2218" y="1684" width="15" height="24" />
      </word>
      <upper-contour>
        <point x="342" y="1549" />
        <point x="2181" y="1549" />
      </upper-contour>
      <lower-contour>
        <point x="342" y="1720" />
        <point x="2149" y="1720" />
      </lower-contour>
    </line>
    <line ass="502" asx="0" asy="1810" character-width="999" dss="502" dsx="0" dsy="1914" fd0="14887" fd1="3457" fd2="372" filter-width="4" id="b02-035-06" lbs="579" lbx="0" lby="1875" segmentation="ok" slant="53000" stroke-width="6321" threshold="181" text="but it says what is necessary - that" ubs="348" ubx="0" uby="1847">
      <word id="b02-035-06-00" tag="CC" text="but">
        <cmp x="324" y="1819" width="125" height="50" />
        <cmp x="459" y="1823" width="53" height="40" />
      </word>
      <word id="b02-035-06-01" tag="PP3" text="it">
        <cmp x="566" y="1849" width="37" height="22" />
        <cmp x="608" y="1820" width="56" height="49" />
        <cmp x="611" y="1822" width="9" height="13" />
      </word>
      <word id="b02-035-06-02" tag="VBZ" text="says">
        <cmp x="749" y="1844" width="35" height="27" />
        <cmp x="789" y="1848" width="40" height="22" />
        <cmp x="844" y="1880" width="12" height="20" />
        <cmp x="846" y="1850" width="16" height="19" />
        <cmp x="859" y="1851" width="24" height="28" />
        <cmp x="888" y="1850" width="33" height="27" />
      </word>
      <word id="b02-035-06-03" tag="WDT" text="what">
        <cmp x="990" y="1843" width="95" height="32" />
        <cmp x="1087" y="1801" width="84" height="61" />
        <cmp x="1179" y="1809" width="92" height="52" />
      </word>
      <word id="b02-035-06-04" tag="BEZ" text="is">
        <cmp x="1303" y="1839" width="45" height="24" />
        <cmp x="1355" y="1841" width="23" height="25" />
        <cmp x="1359" y="1812" width="9" height="18" />
      </word>
      <word id="b02-035-06-05" tag="JJ" text="necessary">
        <cmp x="1430" y="1836" width="114" height="28" />
        <cmp x="1552" y="1835" width="31" height="30" />
        <cmp x="1584" y="1829" width="49" height="30" />
        <cmp x="1631" y="1832" width="38" height="35" />
        <cmp x="1663" y="1834" width="32" height="34" />
        <cmp x="1692" y="1834" width="91" height="27" />
        <cmp x="1791" y="1846" width="38" height="53" />
        <cmp x="1796" y="1846" width="17" height="16" />
      </word>
      <word id="b02-035-06-06" tag="*-" text="-">
        <cmp x="1867" y="1835" width="26" height="8" />
      </word>
      <word id="b02-035-06-07" tag="CS" text="that">
        <cmp x="1932" y="1801" width="108" height="57" />
        <cmp x="2049" y="1806" width="99" height="48" />
      </word>
      <upper-contour>
        <point x="342" y="1720" />
        <point x="2149" y="1720" />
      </upper-contour>
      <lower-contour>
        <point x="333" y="1900" />
        <point x="2108" y="1900" />
      </lower-contour>
    </line>
    <line ass="295" asx="0" asy="1982" character-width="999" dss="295" dsx="0" dsy="2063" fd0="14455" fd1="2753" fd2="-778" filter-width="4" id="b02-035-07" lbs="320" lbx="0" lby="2050" segmentation="ok" slant="53000" stroke-width="6288" threshold="181" text="the Northern Rhodesia Constitution is" ubs="245" ubx="0" uby="2023">
      <word id="b02-035-07-00" tag="ATI" text="the">
        <cmp x="335" y="1994" width="157" height="56" />
      </word>
      <word id="b02-035-07-01" tag="NP" text="Northern">
        <cmp x="578" y="1980" width="78" height="63" />
        <cmp x="651" y="2013" width="65" height="28" />
        <cmp x="728" y="1989" width="231" height="59" />
      </word>
      <word id="b02-035-07-02" tag="NP" text="Rhodesia">
        <cmp x="1027" y="2005" width="46" height="51" />
        <cmp x="1052" y="1996" width="45" height="60" />
        <cmp x="1091" y="1998" width="67" height="51" />
        <cmp x="1171" y="2026" width="29" height="27" />
        <cmp x="1211" y="1998" width="85" height="57" />
        <cmp x="1296" y="2027" width="37" height="30" />
        <cmp x="1332" y="2030" width="24" height="23" />
        <cmp x="1363" y="2028" width="35" height="24" />
        <cmp x="1368" y="2000" width="8" height="16" />
      </word>
      <word id="b02-035-07-03" tag="NN" text="Constitution">
        <cmp x="1480" y="1996" width="51" height="53" />
        <cmp x="1518" y="2018" width="100" height="33" />
        <cmp x="1626" y="2013" width="35" height="35" />
        <cmp x="1665" y="1980" width="45" height="59" />
        <cmp x="1721" y="1991" width="9" height="11" />
        <cmp x="1723" y="1985" width="80" height="57" />
        <cmp x="1810" y="1973" width="54" height="61" />
        <cmp x="1875" y="2004" width="105" height="33" />
        <cmp x="1879" y="1982" width="9" height="13" />
      </word>
      <word id="b02-035-07-04" tag="BEZ" text="is">
        <cmp x="2034" y="2011" width="41" height="23" />
        <cmp x="2078" y="2011" width="30" height="27" />
        <cmp x="2084" y="1986" width="8" height="13" />
      </word>
      <upper-contour>
        <point x="333" y="1900" />
        <point x="2108" y="1900" />
      </upper-contour>
      <lower-contour>
        <point x="354" y="2058" />
        <point x="2059" y="2058" />
      </lower-contour>
    </line>
    <line ass="754" asx="0" asy="2170" character-width="999" dss="754" dsx="0" dsy="2280" fd0="14776" fd1="3563" fd2="226" filter-width="4" id="b02-035-08" lbs="854" lbx="0" lby="2238" segmentation="err" slant="49000" stroke-width="6281" threshold="173" text="open to revision. This is news, however" ubs="555" ubx="0" uby="2203">
      <word id="b02-035-08-00" tag="JJ" text="open">
        <cmp x="356" y="2195" width="37" height="37" />
        <cmp x="383" y="2199" width="58" height="71" />
        <cmp x="446" y="2195" width="82" height="29" />
      </word>
      <word id="b02-035-08-01" tag="IN" text="to">
        <cmp x="577" y="2176" width="95" height="52" />
      </word>
      <word id="b02-035-08-02" tag="NN" text="revision">
        <cmp x="717" y="2190" width="70" height="41" />
        <cmp x="796" y="2196" width="41" height="28" />
        <cmp x="836" y="2198" width="20" height="24" />
        <cmp x="865" y="2167" width="8" height="14" />
        <cmp x="866" y="2193" width="58" height="30" />
        <cmp x="937" y="2192" width="88" height="34" />
        <cmp x="946" y="2161" width="10" height="18" />
      </word>
      <word id="b02-035-08-03" tag="." text=".">
        <cmp x="1050" y="2226" width="9" height="6" />
      </word>
      <word id="b02-035-08-04" sentence-start="yes" tag="DT" text="This">
        <cmp x="1050" y="2262" width="4" height="4" />
        <cmp x="1100" y="2175" width="39" height="47" />
        <cmp x="1108" y="2155" width="53" height="25" />
        <cmp x="1123" y="2158" width="119" height="62" />
        <cmp x="1255" y="2175" width="9" height="12" />
        <cmp x="1259" y="2199" width="21" height="28" />
      </word>
      <word id="b02-035-08-05" tag="BEZ" text="is">
        <cmp x="1324" y="2195" width="42" height="28" />
        <cmp x="1376" y="2195" width="19" height="28" />
        <cmp x="1379" y="2173" width="9" height="17" />
      </word>
      <word id="b02-035-08-06" tag="NN" text="news">
        <cmp x="1435" y="2189" width="78" height="30" />
        <cmp x="1517" y="2189" width="104" height="35" />
        <cmp x="1608" y="2190" width="43" height="39" />
      </word>
      <word id="b02-035-08-07" tag="," text=",">
        <cmp x="1643" y="2228" width="17" height="24" />
      </word>
      <word id="b02-035-08-08" tag="WRB" text="however">
        <cmp x="1692" y="2150" width="95" height="64" />
        <cmp x="1798" y="2181" width="31" height="30" />
        <cmp x="1837" y="2180" width="61" height="26" />
        <cmp x="1898" y="2181" width="39" height="28" />
        <cmp x="1946" y="2183" width="35" height="23" />
        <cmp x="1977" y="2182" width="81" height="29" />
      </word>
      <upper-contour>
        <point x="354" y="2058" />
        <point x="2059" y="2058" />
      </upper-contour>
      <lower-contour>
        <point x="354" y="2270" />
        <point x="2059" y="2270" />
      </lower-contour>
    </line>
    <line ass="455" asx="0" asy="2349" character-width="999" dss="455" dsx="0" dsy="2458" fd0="14475" fd1="3277" fd2="-152" filter-width="4" id="b02-035-09" lbs="497" lbx="0" lby="2407" segmentation="ok" slant="57000" stroke-width="6096" threshold="176" text="much the Government tries to disguise" ubs="369" ubx="0" uby="2380">
      <word id="b02-035-09-00" tag="RB" text="much">
        <cmp x="320" y="2377" width="130" height="32" />
        <cmp x="457" y="2381" width="48" height="25" />
        <cmp x="525" y="2380" width="22" height="21" />
        <cmp x="548" y="2344" width="54" height="56" />
        <cmp x="587" y="2361" width="4" height="4" />
      </word>
      <word id="b02-035-09-01" tag="ATI" text="the">
        <cmp x="651" y="2353" width="158" height="54" />
      </word>
      <word id="b02-035-09-02" tag="NN" text="Government">
        <cmp x="879" y="2351" width="64" height="100" />
        <cmp x="937" y="2376" width="33" height="29" />
        <cmp x="976" y="2377" width="43" height="25" />
        <cmp x="1011" y="2369" width="70" height="35" />
        <cmp x="1090" y="2375" width="50" height="28" />
        <cmp x="1158" y="2373" width="74" height="32" />
        <cmp x="1234" y="2371" width="132" height="28" />
        <cmp x="1382" y="2341" width="40" height="52" />
      </word>
      <word id="b02-035-09-03" tag="VBZ" text="tries">
        <cmp x="1470" y="2341" width="102" height="62" />
        <cmp x="1583" y="2362" width="37" height="36" />
        <cmp x="1591" y="2345" width="10" height="14" />
        <cmp x="1620" y="2370" width="34" height="31" />
      </word>
      <word id="b02-035-09-04" tag="TO" text="to">
        <cmp x="1706" y="2339" width="98" height="57" />
      </word>
      <word id="b02-035-09-05" tag="VB" text="disguise">
        <cmp x="1848" y="2338" width="100" height="57" />
        <cmp x="1954" y="2370" width="27" height="24" />
        <cmp x="1959" y="2346" width="8" height="11" />
        <cmp x="1978" y="2368" width="52" height="76" />
        <cmp x="2040" y="2372" width="76" height="23" />
        <cmp x="2125" y="2378" width="31" height="26" />
        <cmp x="2135" y="2357" width="8" height="8" />
        <cmp x="2163" y="2377" width="32" height="24" />
      </word>
      <upper-contour>
        <point x="354" y="2270" />
        <point x="2059" y="2270" />
      </upper-contour>
      <lower-contour>
        <point x="336" y="2451" />
        <point x="2196" y="2451" />
      </lower-contour>
    </line>
    <line ass="307" asx="0" asy="2519" character-width="999" dss="307" dsx="0" dsy="2634" fd0="14858" fd1="2957" fd2="-21" filter-width="4" id="b02-035-10" lbs="425" lbx="0" lby="2588" segmentation="ok" slant="53000" stroke-width="6227" threshold="183" text="it by saying that the revision would be" ubs="70" ubx="0" uby="2552">
      <word id="b02-035-10-00" tag="PP3" text="it">
        <cmp x="338" y="2554" width="43" height="27" />
        <cmp x="385" y="2531" width="60" height="47" />
        <cmp x="390" y="2519" width="9" height="15" />
      </word>
      <word id="b02-035-10-01" tag="IN" text="by">
        <cmp x="487" y="2528" width="78" height="55" />
        <cmp x="571" y="2557" width="42" height="61" />
      </word>
      <word id="b02-035-10-02" tag="VBG" text="saying">
        <cmp x="682" y="2553" width="35" height="31" />
        <cmp x="726" y="2562" width="42" height="23" />
        <cmp x="773" y="2562" width="50" height="68" />
        <cmp x="828" y="2558" width="31" height="24" />
        <cmp x="870" y="2559" width="36" height="21" />
        <cmp x="871" y="2528" width="9" height="13" />
        <cmp x="893" y="2560" width="43" height="53" />
      </word>
      <word id="b02-035-10-03" tag="CS" text="that">
        <cmp x="994" y="2516" width="121" height="60" />
        <cmp x="1118" y="2554" width="29" height="24" />
        <cmp x="1161" y="2526" width="64" height="47" />
      </word>
      <word id="b02-035-10-04" tag="ATI" text="the">
        <cmp x="1246" y="2513" width="176" height="61" />
      </word>
      <word id="b02-035-10-05" tag="NN" text="revision">
        <cmp x="1479" y="2547" width="60" height="36" />
        <cmp x="1553" y="2551" width="43" height="26" />
        <cmp x="1602" y="2552" width="15" height="20" />
        <cmp x="1632" y="2522" width="8" height="11" />
        <cmp x="1632" y="2544" width="30" height="38" />
        <cmp x="1666" y="2550" width="17" height="25" />
        <cmp x="1692" y="2550" width="77" height="32" />
        <cmp x="1697" y="2518" width="8" height="17" />
      </word>
      <word id="b02-035-10-06" tag="MD" text="would">
        <cmp x="1812" y="2552" width="103" height="29" />
        <cmp x="1925" y="2550" width="90" height="26" />
        <cmp x="2027" y="2521" width="74" height="54" />
        <cmp x="2085" y="2513" width="71" height="57" />
      </word>
      <word id="b02-035-10-07" tag="BE" text="be">
        <cmp x="2165" y="2518" width="113" height="64" />
      </word>
      <upper-contour>
        <point x="336" y="2451" />
        <point x="2196" y="2451" />
      </upper-contour>
    </line>
  </handwritten-part>
</form>

