<?xml version="1.0" encoding="ISO-8859-1"?>

<!DOCTYPE form SYSTEM 'http://www.iam.unibe.ch/~fki/iamdb/form-metadata.dtd'>

<form created="2002-01-15" height="3542" id="b05-074" last-modified="2002-07-17" skew="95" status="final" version="3.0_beta" width="2479" writer-id="119">
  <machine-printed-part>
    <machine-print-line text="They really believed that the Treaty of Versailles was an iniquitous injustice. When" />
    <machine-print-line text="they burst into Czechoslovakia, Poland, Holland, Belgium and France they really be-" />
    <machine-print-line text="lieved Hitler when he screamed at them that they were being &amp;quot;encircled.&amp;quot; They really" />
    <machine-print-line text="believed in the moral superiority of &amp;quot;The New Order&amp;quot; which Himmler on October" />
    <machine-print-line text="4, 1943, expressed thus: &amp;quot;Whether nations live in prosperity or starve to death like" />
    <machine-print-line text="cattle interests me only in so far as we need them as slaves to our Kultur; otherwise" />
    <machine-print-line text="it is of no interest to me.&amp;quot;" />
  </machine-printed-part>
  <handwritten-part>
    <line ass="535" asx="0" asy="757" character-width="999" dss="535" dsx="0" dsy="863" fd0="13245" fd1="2798" fd2="-1118" filter-width="3" id="b05-074-00" lbs="671" lbx="0" lby="826" segmentation="ok" slant="103000" stroke-width="4963" threshold="186" text="They really believed that the Treaty of Versailles" ubs="264" ubx="0" uby="783">
      <word id="b05-074-00-00" sentence-start="yes" tag="PP3AS" text="They">
        <cmp x="334" y="762" width="148" height="88" />
      </word>
      <word id="b05-074-00-01" tag="RB" text="really">
        <cmp x="528" y="785" width="20" height="35" />
        <cmp x="549" y="785" width="34" height="33" />
        <cmp x="587" y="757" width="142" height="99" />
      </word>
      <word id="b05-074-00-02" tag="VBD" text="believed">
        <cmp x="794" y="749" width="143" height="72" />
        <cmp x="924" y="764" width="5" height="10" />
        <cmp x="953" y="781" width="36" height="38" />
        <cmp x="992" y="784" width="21" height="32" />
        <cmp x="1028" y="784" width="27" height="34" />
        <cmp x="1063" y="759" width="29" height="63" />
      </word>
      <word id="b05-074-00-03" tag="CS" text="that">
        <cmp x="1149" y="761" width="34" height="55" />
        <cmp x="1182" y="757" width="3" height="3" />
        <cmp x="1182" y="762" width="26" height="47" />
        <cmp x="1208" y="776" width="25" height="32" />
        <cmp x="1232" y="781" width="34" height="30" />
        <cmp x="1269" y="753" width="22" height="57" />
      </word>
      <word id="b05-074-00-04" tag="ATI" text="the">
        <cmp x="1347" y="760" width="30" height="56" />
        <cmp x="1377" y="760" width="5" height="4" />
        <cmp x="1377" y="765" width="74" height="48" />
      </word>
      <word id="b05-074-00-05" tag="NN" text="Treaty">
        <cmp x="1474" y="762" width="39" height="54" />
        <cmp x="1518" y="781" width="18" height="31" />
        <cmp x="1535" y="780" width="30" height="33" />
        <cmp x="1572" y="782" width="30" height="33" />
        <cmp x="1608" y="763" width="67" height="86" />
      </word>
      <word id="b05-074-00-06" tag="INO" text="of">
        <cmp x="1726" y="781" width="27" height="27" />
        <cmp x="1763" y="759" width="24" height="62" />
      </word>
      <word id="b05-074-00-07" tag="NP" text="Versailles">
        <cmp x="1838" y="759" width="19" height="50" />
        <cmp x="1855" y="759" width="5" height="13" />
        <cmp x="1861" y="776" width="54" height="33" />
        <cmp x="1920" y="778" width="38" height="32" />
        <cmp x="1958" y="776" width="28" height="30" />
        <cmp x="2001" y="777" width="9" height="27" />
        <cmp x="2003" y="763" width="11" height="6" />
        <cmp x="2033" y="749" width="17" height="61" />
        <cmp x="2047" y="763" width="17" height="45" />
        <cmp x="2076" y="773" width="21" height="35" />
        <cmp x="2103" y="778" width="27" height="35" />
        <cmp x="2114" y="778" width="9" height="6" />
      </word>
      <lower-contour>
        <point x="332" y="856" />
        <point x="2131" y="856" />
      </lower-contour>
    </line>
    <line ass="108" asx="0" asy="932" character-width="999" dss="108" dsx="0" dsy="1032" fd0="13845" fd1="3384" fd2="-778" filter-width="3" id="b05-074-01" lbs="108" lbx="0" lby="990" segmentation="ok" slant="100000" stroke-width="4822" threshold="186" text="was an iniquitous injustice. When they burst into" ubs="106" ubx="0" uby="960">
      <word id="b05-074-01-00" tag="BEDZ" text="was">
        <cmp x="332" y="958" width="21" height="35" />
        <cmp x="352" y="959" width="21" height="37" />
        <cmp x="378" y="962" width="33" height="37" />
        <cmp x="415" y="962" width="31" height="33" />
      </word>
      <word id="b05-074-01-01" tag="AT" text="an">
        <cmp x="509" y="962" width="58" height="29" />
        <cmp x="566" y="962" width="39" height="31" />
      </word>
      <word id="b05-074-01-02" tag="JJ" text="iniquitous">
        <cmp x="665" y="951" width="9" height="6" />
        <cmp x="672" y="961" width="8" height="30" />
        <cmp x="692" y="961" width="66" height="29" />
        <cmp x="739" y="946" width="7" height="6" />
        <cmp x="764" y="959" width="29" height="60" />
        <cmp x="799" y="958" width="31" height="33" />
        <cmp x="837" y="945" width="7" height="7" />
        <cmp x="837" y="963" width="7" height="24" />
        <cmp x="853" y="943" width="23" height="51" />
        <cmp x="881" y="964" width="28" height="30" />
        <cmp x="914" y="968" width="27" height="25" />
        <cmp x="952" y="962" width="28" height="35" />
      </word>
      <word id="b05-074-01-03" tag="NN" text="injustice">
        <cmp x="1041" y="948" width="9" height="6" />
        <cmp x="1044" y="959" width="8" height="31" />
        <cmp x="1063" y="959" width="20" height="28" />
        <cmp x="1084" y="963" width="21" height="31" />
        <cmp x="1108" y="966" width="26" height="54" />
        <cmp x="1124" y="943" width="11" height="10" />
        <cmp x="1150" y="961" width="27" height="30" />
        <cmp x="1172" y="961" width="4" height="12" />
        <cmp x="1183" y="959" width="32" height="37" />
        <cmp x="1222" y="937" width="39" height="57" />
        <cmp x="1228" y="933" width="5" height="3" />
        <cmp x="1246" y="948" width="14" height="6" />
        <cmp x="1278" y="963" width="27" height="30" />
        <cmp x="1319" y="958" width="33" height="37" />
      </word>
      <word id="b05-074-01-04" tag="." text=".">
        <cmp x="1379" y="988" width="5" height="5" />
      </word>
      <word id="b05-074-01-05" sentence-start="yes" tag="WRB" text="When">
        <cmp x="1448" y="947" width="43" height="45" />
        <cmp x="1449" y="939" width="5" height="6" />
        <cmp x="1489" y="947" width="5" height="23" />
        <cmp x="1502" y="946" width="20" height="43" />
        <cmp x="1524" y="960" width="15" height="32" />
        <cmp x="1546" y="960" width="33" height="31" />
        <cmp x="1583" y="963" width="45" height="34" />
      </word>
      <word id="b05-074-01-06" tag="PP3AS" text="they">
        <cmp x="1672" y="934" width="59" height="56" />
        <cmp x="1732" y="959" width="80" height="71" />
      </word>
      <word id="b05-074-01-07" tag="VBD" text="burst">
        <cmp x="1856" y="930" width="32" height="59" />
        <cmp x="1893" y="964" width="27" height="26" />
        <cmp x="1929" y="963" width="16" height="25" />
        <cmp x="1954" y="961" width="31" height="31" />
        <cmp x="1987" y="943" width="19" height="47" />
      </word>
      <word id="b05-074-01-08" tag="IN" text="into">
        <cmp x="2070" y="947" width="8" height="9" />
        <cmp x="2072" y="956" width="7" height="37" />
        <cmp x="2085" y="956" width="31" height="36" />
        <cmp x="2122" y="937" width="25" height="52" />
        <cmp x="2148" y="960" width="26" height="32" />
      </word>
      <upper-contour>
        <point x="332" y="856" />
        <point x="2131" y="856" />
      </upper-contour>
      <lower-contour>
        <point x="330" y="1030" />
        <point x="2174" y="1030" />
      </lower-contour>
    </line>
    <line ass="39" asx="0" asy="1109" character-width="999" dss="39" dsx="0" dsy="1201" fd0="13376" fd1="2840" fd2="-1062" filter-width="3" id="b05-074-02" lbs="66" lbx="0" lby="1170" segmentation="ok" slant="98000" stroke-width="5098" threshold="186" text="Czechoslovakia, Poland, Holland, Belgium and France" ubs="-13" ubx="0" uby="1139">
      <word id="b05-074-02-00" tag="NP" text="Czechoslovakia">
        <cmp x="331" y="1116" width="42" height="49" />
        <cmp x="376" y="1135" width="32" height="37" />
        <cmp x="420" y="1134" width="32" height="40" />
        <cmp x="465" y="1115" width="78" height="57" />
        <cmp x="551" y="1146" width="30" height="25" />
        <cmp x="585" y="1142" width="32" height="30" />
        <cmp x="632" y="1114" width="13" height="60" />
        <cmp x="650" y="1143" width="23" height="30" />
        <cmp x="682" y="1141" width="23" height="28" />
        <cmp x="711" y="1143" width="39" height="30" />
        <cmp x="757" y="1113" width="62" height="50" />
        <cmp x="809" y="1121" width="8" height="7" />
        <cmp x="833" y="1134" width="37" height="37" />
      </word>
      <word id="b05-074-02-01" tag="," text=",">
        <cmp x="894" y="1153" width="8" height="35" />
      </word>
      <word id="b05-074-02-02" tag="NP" text="Poland">
        <cmp x="945" y="1117" width="24" height="53" />
        <cmp x="977" y="1143" width="24" height="24" />
        <cmp x="1008" y="1116" width="17" height="50" />
        <cmp x="1031" y="1137" width="36" height="33" />
        <cmp x="1072" y="1119" width="85" height="54" />
      </word>
      <word id="b05-074-02-03" tag="," text=",">
        <cmp x="1183" y="1160" width="7" height="27" />
      </word>
      <word id="b05-074-02-04" tag="NP" text="Holland">
        <cmp x="1214" y="1119" width="34" height="52" />
        <cmp x="1258" y="1137" width="23" height="28" />
        <cmp x="1287" y="1120" width="12" height="50" />
        <cmp x="1304" y="1115" width="13" height="56" />
        <cmp x="1328" y="1138" width="38" height="32" />
        <cmp x="1371" y="1117" width="77" height="52" />
      </word>
      <word id="b05-074-02-05" tag="," text=",">
        <cmp x="1466" y="1153" width="6" height="26" />
      </word>
      <word id="b05-074-02-06" tag="NP" text="Belgium">
        <cmp x="1503" y="1118" width="135" height="83" />
        <cmp x="1645" y="1151" width="8" height="22" />
        <cmp x="1646" y="1133" width="9" height="7" />
        <cmp x="1669" y="1147" width="26" height="24" />
        <cmp x="1701" y="1149" width="64" height="19" />
      </word>
      <word id="b05-074-02-07" tag="CC" text="and">
        <cmp x="1818" y="1137" width="34" height="31" />
        <cmp x="1856" y="1136" width="26" height="29" />
        <cmp x="1880" y="1108" width="54" height="62" />
      </word>
      <word id="b05-074-02-08" tag="NP" text="France">
        <cmp x="1987" y="1113" width="42" height="6" />
        <cmp x="1994" y="1121" width="81" height="49" />
        <cmp x="2085" y="1136" width="33" height="32" />
        <cmp x="2121" y="1139" width="27" height="30" />
        <cmp x="2149" y="1135" width="33" height="39" />
      </word>
      <upper-contour>
        <point x="330" y="1030" />
        <point x="2174" y="1030" />
      </upper-contour>
      <lower-contour>
        <point x="329" y="1201" />
        <point x="2163" y="1201" />
      </lower-contour>
    </line>
    <line ass="299" asx="0" asy="1293" character-width="999" dss="299" dsx="0" dsy="1397" fd0="13230" fd1="2557" fd2="-1252" filter-width="3" id="b05-074-03" lbs="303" lbx="0" lby="1356" segmentation="ok" slant="100000" stroke-width="5047" threshold="186" text="they really believed Hitler when he screamed at" ubs="291" ubx="0" uby="1325">
      <word id="b05-074-03-00" tag="PP3AS" text="they">
        <cmp x="321" y="1303" width="30" height="54" />
        <cmp x="353" y="1304" width="23" height="54" />
        <cmp x="377" y="1322" width="80" height="74" />
      </word>
      <word id="b05-074-03-01" tag="RB" text="really">
        <cmp x="520" y="1320" width="19" height="32" />
        <cmp x="535" y="1317" width="38" height="34" />
        <cmp x="577" y="1289" width="128" height="100" />
      </word>
      <word id="b05-074-03-02" tag="VBD" text="believed">
        <cmp x="773" y="1288" width="161" height="69" />
        <cmp x="891" y="1290" width="10" height="9" />
        <cmp x="940" y="1327" width="21" height="29" />
        <cmp x="972" y="1325" width="23" height="29" />
        <cmp x="1001" y="1299" width="36" height="59" />
      </word>
      <word id="b05-074-03-03" tag="NP" text="Hitler">
        <cmp x="1099" y="1298" width="47" height="55" />
        <cmp x="1148" y="1324" width="9" height="26" />
        <cmp x="1153" y="1305" width="6" height="7" />
        <cmp x="1162" y="1297" width="24" height="60" />
        <cmp x="1195" y="1299" width="53" height="52" />
        <cmp x="1251" y="1320" width="19" height="32" />
      </word>
      <word id="b05-074-03-04" tag="WRB" text="when">
        <cmp x="1342" y="1314" width="51" height="35" />
        <cmp x="1395" y="1301" width="84" height="48" />
        <cmp x="1482" y="1313" width="44" height="41" />
      </word>
      <word id="b05-074-03-05" tag="PP3A" text="he">
        <cmp x="1587" y="1297" width="73" height="55" />
      </word>
      <word id="b05-074-03-06" tag="VBD" text="screamed">
        <cmp x="1706" y="1315" width="37" height="38" />
        <cmp x="1746" y="1316" width="42" height="36" />
        <cmp x="1764" y="1317" width="8" height="5" />
        <cmp x="1785" y="1313" width="22" height="35" />
        <cmp x="1813" y="1315" width="38" height="32" />
        <cmp x="1849" y="1316" width="39" height="33" />
        <cmp x="1891" y="1314" width="59" height="33" />
        <cmp x="1952" y="1317" width="27" height="28" />
        <cmp x="1990" y="1285" width="38" height="61" />
      </word>
      <word id="b05-074-03-07" tag="IN" text="at">
        <cmp x="2082" y="1316" width="58" height="33" />
        <cmp x="2141" y="1289" width="21" height="56" />
      </word>
      <upper-contour>
        <point x="329" y="1201" />
        <point x="2163" y="1201" />
      </upper-contour>
      <lower-contour>
        <point x="333" y="1395" />
        <point x="2070" y="1395" />
      </lower-contour>
    </line>
    <line ass="-571" asx="0" asy="1431" character-width="999" dss="-571" dsx="0" dsy="1559" fd0="13213" fd1="2591" fd2="-1062" filter-width="3" id="b05-074-04" lbs="-679" lbx="0" lby="1511" segmentation="ok" slant="100000" stroke-width="5072" threshold="186" text="them that they were being &amp;quot;encircled.&amp;quot; They really" ubs="-356" ubx="0" uby="1488">
      <word id="b05-074-04-00" tag="PP3OS" text="them">
        <cmp x="335" y="1474" width="31" height="59" />
        <cmp x="365" y="1477" width="145" height="56" />
        <cmp x="366" y="1473" width="3" height="3" />
      </word>
      <word id="b05-074-04-01" tag="CS" text="that">
        <cmp x="549" y="1476" width="82" height="56" />
        <cmp x="587" y="1475" width="4" height="4" />
        <cmp x="631" y="1470" width="71" height="62" />
      </word>
      <word id="b05-074-04-02" tag="PP3AS" text="they">
        <cmp x="737" y="1470" width="39" height="58" />
        <cmp x="774" y="1473" width="117" height="96" />
        <cmp x="843" y="1503" width="4" height="4" />
      </word>
      <word id="b05-074-04-03" tag="BED" text="were">
        <cmp x="957" y="1488" width="44" height="42" />
        <cmp x="966" y="1498" width="3" height="5" />
        <cmp x="1007" y="1491" width="44" height="37" />
        <cmp x="1052" y="1494" width="4" height="4" />
        <cmp x="1059" y="1492" width="36" height="40" />
      </word>
      <word id="b05-074-04-04" tag="BEG" text="being">
        <cmp x="1140" y="1468" width="94" height="65" />
        <cmp x="1220" y="1483" width="6" height="7" />
        <cmp x="1241" y="1497" width="41" height="34" />
        <cmp x="1279" y="1501" width="25" height="63" />
      </word>
      <word id="b05-074-04-05" tag="*&apos;" text="&quot;">
        <cmp x="1344" y="1458" width="7" height="29" />
        <cmp x="1358" y="1454" width="7" height="32" />
      </word>
      <word id="b05-074-04-06" tag="VBN" text="encircled">
        <cmp x="1387" y="1488" width="44" height="44" />
        <cmp x="1435" y="1497" width="18" height="34" />
        <cmp x="1453" y="1494" width="29" height="39" />
        <cmp x="1493" y="1485" width="10" height="7" />
        <cmp x="1494" y="1497" width="10" height="34" />
        <cmp x="1517" y="1498" width="23" height="32" />
        <cmp x="1545" y="1475" width="42" height="55" />
        <cmp x="1588" y="1465" width="35" height="60" />
      </word>
      <word id="b05-074-04-07" tag="." text=".">
        <cmp x="1656" y="1525" width="5" height="5" />
      </word>
      <word id="b05-074-04-08" tag="**&apos;" text="&quot;">
        <cmp x="1660" y="1453" width="9" height="17" />
        <cmp x="1674" y="1449" width="5" height="23" />
      </word>
      <word id="b05-074-04-09" sentence-start="yes" tag="PP3AS" text="They">
        <cmp x="1714" y="1475" width="26" height="52" />
        <cmp x="1744" y="1475" width="95" height="94" />
      </word>
      <word id="b05-074-04-10" tag="RB" text="really">
        <cmp x="1891" y="1497" width="12" height="34" />
        <cmp x="1908" y="1498" width="28" height="34" />
        <cmp x="1942" y="1465" width="127" height="96" />
      </word>
      <upper-contour>
        <point x="333" y="1395" />
        <point x="2070" y="1395" />
      </upper-contour>
      <lower-contour>
        <point x="335" y="1569" />
        <point x="2070" y="1569" />
      </lower-contour>
    </line>
    <line ass="134" asx="0" asy="1649" character-width="999" dss="134" dsx="0" dsy="1745" fd0="13442" fd1="2705" fd2="-654" filter-width="3" id="b05-074-05" lbs="283" lbx="0" lby="1709" segmentation="ok" slant="103000" stroke-width="5038" threshold="186" text="believed in the moral superiority of &amp;quot;The New" ubs="-163" ubx="0" uby="1672">
      <word id="b05-074-05-00" tag="VBD" text="believed">
        <cmp x="337" y="1648" width="169" height="70" />
        <cmp x="465" y="1649" width="6" height="6" />
        <cmp x="517" y="1674" width="27" height="32" />
        <cmp x="554" y="1677" width="26" height="29" />
        <cmp x="584" y="1649" width="43" height="59" />
      </word>
      <word id="b05-074-05-01" tag="IN" text="in">
        <cmp x="711" y="1661" width="8" height="6" />
        <cmp x="712" y="1672" width="8" height="37" />
        <cmp x="729" y="1680" width="42" height="30" />
      </word>
      <word id="b05-074-05-02" tag="ATI" text="the">
        <cmp x="820" y="1650" width="29" height="54" />
        <cmp x="852" y="1654" width="4" height="4" />
        <cmp x="852" y="1659" width="68" height="48" />
      </word>
      <word id="b05-074-05-03" tag="JJ" text="moral">
        <cmp x="983" y="1667" width="4" height="3" />
        <cmp x="983" y="1671" width="23" height="36" />
        <cmp x="1007" y="1676" width="35" height="30" />
        <cmp x="1044" y="1676" width="22" height="31" />
        <cmp x="1069" y="1680" width="16" height="25" />
        <cmp x="1087" y="1678" width="6" height="3" />
        <cmp x="1094" y="1653" width="83" height="59" />
      </word>
      <word id="b05-074-05-04" tag="NN" text="superiority">
        <cmp x="1240" y="1678" width="36" height="32" />
        <cmp x="1282" y="1682" width="27" height="32" />
        <cmp x="1314" y="1680" width="26" height="61" />
        <cmp x="1337" y="1680" width="91" height="33" />
        <cmp x="1421" y="1666" width="5" height="5" />
        <cmp x="1440" y="1680" width="25" height="30" />
        <cmp x="1476" y="1681" width="24" height="26" />
        <cmp x="1499" y="1681" width="17" height="23" />
        <cmp x="1507" y="1660" width="3" height="6" />
        <cmp x="1539" y="1652" width="74" height="89" />
        <cmp x="1586" y="1735" width="16" height="7" />
      </word>
      <word id="b05-074-05-05" tag="INO" text="of">
        <cmp x="1664" y="1676" width="27" height="28" />
        <cmp x="1702" y="1655" width="20" height="72" />
      </word>
      <word id="b05-074-05-06" tag="*&apos;" text="&quot;">
        <cmp x="1766" y="1646" width="8" height="22" />
        <cmp x="1777" y="1646" width="6" height="21" />
      </word>
      <word id="b05-074-05-07" tag="ATI" text="The">
        <cmp x="1802" y="1658" width="94" height="49" />
      </word>
      <word id="b05-074-05-08" tag="JJ" text="New">
        <cmp x="1933" y="1672" width="22" height="35" />
        <cmp x="1955" y="1672" width="59" height="36" />
        <cmp x="2014" y="1674" width="55" height="31" />
      </word>
      <upper-contour>
        <point x="335" y="1569" />
        <point x="2070" y="1569" />
      </upper-contour>
      <lower-contour>
        <point x="335" y="1742" />
        <point x="2070" y="1742" />
      </lower-contour>
    </line>
    <line ass="187" asx="0" asy="1819" character-width="999" dss="187" dsx="0" dsy="1922" fd0="13687" fd1="2909" fd2="-1083" filter-width="3" id="b05-074-06" lbs="247" lbx="0" lby="1891" segmentation="ok" slant="100000" stroke-width="5032" threshold="189" text="Order&amp;quot; which Himmler on October 4, 1943, expressed" ubs="66" ubx="0" uby="1855">
      <word id="b05-074-06-00" tag="NN" text="Order">
        <cmp x="320" y="1834" width="33" height="60" />
        <cmp x="347" y="1834" width="4" height="4" />
        <cmp x="366" y="1853" width="30" height="33" />
        <cmp x="392" y="1829" width="41" height="60" />
        <cmp x="440" y="1853" width="34" height="36" />
        <cmp x="476" y="1853" width="28" height="33" />
      </word>
      <word id="b05-074-06-01" tag="**&apos;" text="&quot;">
        <cmp x="515" y="1819" width="10" height="26" />
        <cmp x="525" y="1819" width="11" height="30" />
      </word>
      <word id="b05-074-06-02" tag="WDT" text="which">
        <cmp x="607" y="1861" width="47" height="34" />
        <cmp x="655" y="1838" width="71" height="55" />
        <cmp x="707" y="1839" width="7" height="6" />
        <cmp x="740" y="1835" width="87" height="54" />
      </word>
      <word id="b05-074-06-03" tag="NP" text="Himmler">
        <cmp x="897" y="1824" width="57" height="61" />
        <cmp x="952" y="1848" width="12" height="37" />
        <cmp x="955" y="1832" width="7" height="6" />
        <cmp x="979" y="1854" width="55" height="31" />
        <cmp x="1038" y="1856" width="39" height="31" />
        <cmp x="1078" y="1860" width="21" height="30" />
        <cmp x="1100" y="1828" width="18" height="63" />
        <cmp x="1118" y="1851" width="69" height="39" />
      </word>
      <word id="b05-074-06-04" tag="IN" text="on">
        <cmp x="1242" y="1852" width="27" height="36" />
        <cmp x="1274" y="1861" width="18" height="25" />
        <cmp x="1293" y="1858" width="17" height="29" />
      </word>
      <word id="b05-074-06-05" tag="NR" text="October">
        <cmp x="1360" y="1830" width="33" height="53" />
        <cmp x="1398" y="1851" width="31" height="34" />
        <cmp x="1440" y="1829" width="45" height="55" />
        <cmp x="1491" y="1828" width="33" height="60" />
        <cmp x="1531" y="1850" width="65" height="38" />
      </word>
      <word id="b05-074-06-06" tag="CD" text="4">
        <cmp x="1647" y="1826" width="42" height="59" />
      </word>
      <word id="b05-074-06-07" tag="," text=",">
        <cmp x="1709" y="1868" width="9" height="25" />
      </word>
      <word id="b05-074-06-08" tag="CD" text="1943">
        <cmp x="1753" y="1834" width="29" height="48" />
        <cmp x="1789" y="1831" width="34" height="50" />
        <cmp x="1833" y="1830" width="35" height="50" />
        <cmp x="1876" y="1831" width="31" height="59" />
      </word>
      <word id="b05-074-06-09" tag="," text=",">
        <cmp x="1928" y="1869" width="8" height="32" />
      </word>
      <word id="b05-074-06-10" tag="VBD" text="expressed">
        <cmp x="1977" y="1850" width="37" height="32" />
        <cmp x="2014" y="1853" width="35" height="32" />
        <cmp x="2058" y="1849" width="23" height="67" />
        <cmp x="2084" y="1852" width="12" height="37" />
        <cmp x="2095" y="1857" width="6" height="6" />
        <cmp x="2102" y="1853" width="5" height="4" />
        <cmp x="2103" y="1851" width="26" height="40" />
        <cmp x="2134" y="1846" width="74" height="42" />
        <cmp x="2206" y="1824" width="30" height="64" />
      </word>
      <upper-contour>
        <point x="335" y="1742" />
        <point x="2070" y="1742" />
      </upper-contour>
      <lower-contour>
        <point x="320" y="1917" />
        <point x="2237" y="1917" />
      </lower-contour>
    </line>
    <line ass="20" asx="0" asy="1992" character-width="999" dss="20" dsx="0" dsy="2096" fd0="13557" fd1="2981" fd2="-927" filter-width="3" id="b05-074-07" lbs="46" lbx="0" lby="2064" segmentation="ok" slant="100000" stroke-width="4959" threshold="186" text="thus: &amp;quot;Whether nations live in prosperity or starve" ubs="-31" ubx="0" uby="2032">
      <word id="b05-074-07-00" tag="RB" text="thus">
        <cmp x="322" y="2011" width="34" height="59" />
        <cmp x="356" y="2010" width="5" height="3" />
        <cmp x="358" y="2014" width="29" height="55" />
        <cmp x="388" y="2031" width="71" height="37" />
        <cmp x="464" y="2027" width="34" height="43" />
      </word>
      <word id="b05-074-07-01" tag=":" text=":">
        <cmp x="514" y="2032" width="3" height="4" />
        <cmp x="514" y="2049" width="5" height="4" />
      </word>
      <word id="b05-074-07-02" sentence-start="yes" tag="*&apos;" text="&quot;">
        <cmp x="535" y="1993" width="5" height="22" />
        <cmp x="542" y="1993" width="7" height="27" />
      </word>
      <word id="b05-074-07-03" tag="CS" text="Whether">
        <cmp x="592" y="2003" width="48" height="59" />
        <cmp x="647" y="2015" width="38" height="49" />
        <cmp x="701" y="2020" width="30" height="40" />
        <cmp x="730" y="2002" width="34" height="67" />
        <cmp x="764" y="2018" width="38" height="55" />
        <cmp x="765" y="2012" width="4" height="5" />
        <cmp x="817" y="2029" width="55" height="39" />
      </word>
      <word id="b05-074-07-04" tag="NNS" text="nations">
        <cmp x="948" y="2028" width="44" height="38" />
        <cmp x="997" y="2032" width="43" height="36" />
        <cmp x="1041" y="2008" width="9" height="59" />
        <cmp x="1051" y="2037" width="27" height="31" />
        <cmp x="1068" y="2022" width="13" height="5" />
        <cmp x="1092" y="2033" width="27" height="27" />
        <cmp x="1125" y="2032" width="41" height="28" />
        <cmp x="1169" y="2029" width="29" height="39" />
      </word>
      <word id="b05-074-07-05" tag="VB" text="live">
        <cmp x="1274" y="2009" width="49" height="64" />
        <cmp x="1307" y="2021" width="4" height="6" />
        <cmp x="1312" y="2025" width="7" height="6" />
        <cmp x="1332" y="2037" width="23" height="34" />
        <cmp x="1365" y="2036" width="27" height="37" />
      </word>
      <word id="b05-074-07-06" tag="IN" text="in">
        <cmp x="1446" y="2040" width="10" height="31" />
        <cmp x="1450" y="2019" width="4" height="10" />
        <cmp x="1470" y="2036" width="22" height="30" />
        <cmp x="1493" y="2038" width="21" height="33" />
      </word>
      <word id="b05-074-07-07" tag="NN" text="prosperity">
        <cmp x="1576" y="2039" width="26" height="57" />
        <cmp x="1614" y="2038" width="47" height="31" />
        <cmp x="1664" y="2037" width="29" height="29" />
        <cmp x="1709" y="2035" width="26" height="53" />
        <cmp x="1741" y="2036" width="50" height="30" />
        <cmp x="1791" y="2037" width="45" height="25" />
        <cmp x="1825" y="2025" width="4" height="5" />
        <cmp x="1852" y="2010" width="75" height="82" />
      </word>
      <word id="b05-074-07-08" tag="CC" text="or">
        <cmp x="1989" y="2033" width="29" height="35" />
        <cmp x="2001" y="2036" width="3" height="4" />
        <cmp x="2022" y="2031" width="15" height="38" />
      </word>
      <word id="b05-074-07-09" tag="VB" text="starve">
        <cmp x="2083" y="2030" width="31" height="37" />
        <cmp x="2115" y="2002" width="62" height="64" />
        <cmp x="2180" y="2033" width="14" height="30" />
        <cmp x="2196" y="2028" width="6" height="5" />
        <cmp x="2209" y="2032" width="30" height="31" />
        <cmp x="2237" y="2028" width="27" height="40" />
      </word>
      <upper-contour>
        <point x="320" y="1917" />
        <point x="2237" y="1917" />
      </upper-contour>
      <lower-contour>
        <point x="328" y="2096" />
        <point x="2243" y="2096" />
      </lower-contour>
    </line>
    <line ass="52" asx="0" asy="2183" character-width="999" dss="52" dsx="0" dsy="2282" fd0="13333" fd1="2837" fd2="-847" filter-width="3" id="b05-074-08" lbs="97" lbx="0" lby="2248" segmentation="ok" slant="99000" stroke-width="4930" threshold="186" text="to death like cattle interests me only in so far as we" ubs="-35" ubx="0" uby="2214">
      <word id="b05-074-08-00" tag="IN" text="to">
        <cmp x="330" y="2183" width="51" height="63" />
      </word>
      <word id="b05-074-08-01" tag="NN" text="death">
        <cmp x="438" y="2187" width="67" height="61" />
        <cmp x="513" y="2217" width="41" height="30" />
        <cmp x="551" y="2185" width="95" height="64" />
      </word>
      <word id="b05-074-08-02" tag="IN" text="like">
        <cmp x="705" y="2184" width="16" height="56" />
        <cmp x="729" y="2211" width="7" height="37" />
        <cmp x="744" y="2185" width="66" height="59" />
      </word>
      <word id="b05-074-08-03" tag="NNS" text="cattle">
        <cmp x="842" y="2213" width="33" height="37" />
        <cmp x="877" y="2215" width="32" height="34" />
        <cmp x="908" y="2186" width="34" height="62" />
        <cmp x="952" y="2187" width="11" height="61" />
        <cmp x="972" y="2210" width="35" height="40" />
      </word>
      <word id="b05-074-08-04" tag="VBZ" text="interests">
        <cmp x="1068" y="2197" width="7" height="12" />
        <cmp x="1068" y="2213" width="8" height="35" />
        <cmp x="1086" y="2212" width="33" height="38" />
        <cmp x="1123" y="2183" width="15" height="68" />
        <cmp x="1138" y="2215" width="39" height="32" />
        <cmp x="1178" y="2217" width="14" height="31" />
        <cmp x="1192" y="2209" width="45" height="44" />
        <cmp x="1239" y="2193" width="50" height="60" />
        <cmp x="1241" y="2189" width="3" height="3" />
      </word>
      <word id="b05-074-08-05" tag="PP1O" text="me">
        <cmp x="1344" y="2213" width="52" height="40" />
        <cmp x="1406" y="2221" width="25" height="34" />
      </word>
      <word id="b05-074-08-06" tag="RB" text="only">
        <cmp x="1471" y="2222" width="29" height="27" />
        <cmp x="1502" y="2218" width="22" height="31" />
        <cmp x="1525" y="2188" width="96" height="94" />
      </word>
      <word id="b05-074-08-07" tag="CS41" text="in">
        <cmp x="1671" y="2218" width="7" height="28" />
        <cmp x="1677" y="2204" width="8" height="7" />
        <cmp x="1693" y="2221" width="37" height="29" />
        <cmp x="1695" y="2215" width="3" height="6" />
      </word>
      <word id="b05-074-08-08" tag="CS42" text="so">
        <cmp x="1760" y="2216" width="34" height="30" />
        <cmp x="1802" y="2216" width="29" height="25" />
      </word>
      <word id="b05-074-08-09" tag="CS43" text="far">
        <cmp x="1867" y="2183" width="75" height="71" />
        <cmp x="1952" y="2211" width="22" height="29" />
      </word>
      <word id="b05-074-08-10" tag="CS44" text="as">
        <cmp x="2029" y="2211" width="40" height="29" />
        <cmp x="2072" y="2212" width="26" height="31" />
      </word>
      <word id="b05-074-08-11" tag="PP1AS" text="we">
        <cmp x="2149" y="2210" width="43" height="32" />
        <cmp x="2206" y="2211" width="36" height="36" />
      </word>
      <upper-contour>
        <point x="328" y="2096" />
        <point x="2243" y="2096" />
      </upper-contour>
      <lower-contour>
        <point x="332" y="2282" />
        <point x="2216" y="2282" />
      </lower-contour>
    </line>
    <line ass="-140" asx="0" asy="2348" character-width="999" dss="-140" dsx="0" dsy="2439" fd0="13384" fd1="3002" fd2="-787" filter-width="3" id="b05-074-09" lbs="-157" lbx="0" lby="2419" segmentation="ok" slant="101000" stroke-width="5051" threshold="186" text="need them as slaves to # our Kultur; otherwise" ubs="-108" ubx="0" uby="2387">
      <word id="b05-074-09-00" tag="VB" text="need">
        <cmp x="334" y="2383" width="95" height="45" />
        <cmp x="432" y="2373" width="36" height="51" />
      </word>
      <word id="b05-074-09-01" tag="PP3OS" text="them">
        <cmp x="525" y="2361" width="27" height="65" />
        <cmp x="558" y="2361" width="26" height="62" />
        <cmp x="584" y="2384" width="49" height="36" />
        <cmp x="635" y="2393" width="67" height="27" />
      </word>
      <word id="b05-074-09-02" tag="IN" text="as">
        <cmp x="767" y="2388" width="76" height="34" />
      </word>
      <word id="b05-074-09-03" tag="NNS" text="slaves">
        <cmp x="902" y="2387" width="42" height="35" />
        <cmp x="940" y="2366" width="17" height="58" />
        <cmp x="964" y="2385" width="31" height="38" />
        <cmp x="1004" y="2386" width="21" height="32" />
        <cmp x="1038" y="2385" width="26" height="34" />
        <cmp x="1073" y="2384" width="35" height="45" />
      </word>
      <word id="b05-074-09-04" tag="IN" text="to">
        <cmp x="1189" y="2362" width="57" height="63" />
      </word>
      <word id="b05-074-09-05" tag="&amp;GA" text="#">
        <cmp x="1253" y="2382" width="43" height="44" />
      </word>
      <word id="b05-074-09-06" tag="PP$" text="our">
        <cmp x="1346" y="2390" width="62" height="34" />
        <cmp x="1417" y="2389" width="28" height="33" />
      </word>
      <word id="b05-074-09-07" tag="&amp;FW" text="Kultur">
        <cmp x="1530" y="2353" width="50" height="65" />
        <cmp x="1583" y="2386" width="36" height="34" />
        <cmp x="1622" y="2368" width="16" height="59" />
        <cmp x="1652" y="2366" width="63" height="61" />
        <cmp x="1727" y="2390" width="24" height="29" />
      </word>
      <word id="b05-074-09-08" tag=";" text=";">
        <cmp x="1788" y="2398" width="13" height="47" />
        <cmp x="1789" y="2386" width="7" height="6" />
      </word>
      <word id="b05-074-09-09" tag="RB" text="otherwise">
        <cmp x="1861" y="2392" width="31" height="34" />
        <cmp x="1895" y="2367" width="32" height="58" />
        <cmp x="1897" y="2362" width="3" height="4" />
        <cmp x="1927" y="2361" width="24" height="65" />
        <cmp x="1951" y="2393" width="65" height="36" />
        <cmp x="2016" y="2391" width="13" height="31" />
        <cmp x="2051" y="2389" width="60" height="43" />
        <cmp x="2123" y="2394" width="6" height="35" />
        <cmp x="2128" y="2370" width="14" height="7" />
        <cmp x="2143" y="2386" width="29" height="44" />
        <cmp x="2177" y="2386" width="38" height="43" />
      </word>
      <upper-contour>
        <point x="332" y="2282" />
        <point x="2216" y="2282" />
      </upper-contour>
      <lower-contour>
        <point x="337" y="2429" />
        <point x="1517" y="2429" />
      </lower-contour>
    </line>
    <line ass="-242" asx="0" asy="2540" character-width="999" dss="-242" dsx="0" dsy="2615" fd0="13763" fd1="3491" fd2="152" filter-width="3" id="b05-074-10" lbs="-23" lbx="0" lby="2601" segmentation="ok" slant="105000" stroke-width="4968" threshold="186" text="it is of no interest to me." ubs="-682" ubx="0" uby="2559">
      <word id="b05-074-10-00" tag="PP3" text="it">
        <cmp x="339" y="2567" width="9" height="36" />
        <cmp x="358" y="2544" width="25" height="54" />
      </word>
      <word id="b05-074-10-01" tag="BEZ" text="is">
        <cmp x="420" y="2571" width="8" height="33" />
        <cmp x="421" y="2553" width="10" height="7" />
        <cmp x="443" y="2568" width="32" height="37" />
      </word>
      <word id="b05-074-10-02" tag="INO" text="of">
        <cmp x="567" y="2574" width="28" height="33" />
        <cmp x="600" y="2544" width="25" height="75" />
      </word>
      <word id="b05-074-10-03" tag="ATI" text="no">
        <cmp x="709" y="2564" width="47" height="36" />
        <cmp x="753" y="2574" width="31" height="28" />
      </word>
      <word id="b05-074-10-04" tag="NN" text="interest">
        <cmp x="863" y="2557" width="8" height="5" />
        <cmp x="871" y="2571" width="7" height="32" />
        <cmp x="889" y="2563" width="47" height="37" />
        <cmp x="935" y="2544" width="25" height="55" />
        <cmp x="967" y="2568" width="35" height="28" />
        <cmp x="1003" y="2588" width="3" height="3" />
        <cmp x="1009" y="2567" width="20" height="31" />
        <cmp x="1042" y="2572" width="30" height="35" />
        <cmp x="1080" y="2572" width="38" height="34" />
        <cmp x="1117" y="2550" width="19" height="58" />
      </word>
      <word id="b05-074-10-05" tag="IN" text="to">
        <cmp x="1248" y="2545" width="57" height="62" />
      </word>
      <word id="b05-074-10-06" tag="PP1O" text="me">
        <cmp x="1364" y="2571" width="74" height="38" />
        <cmp x="1443" y="2567" width="37" height="33" />
      </word>
      <word id="b05-074-10-07" tag="." text=".">
        <cmp x="1510" y="2592" width="7" height="10" />
      </word>
      <upper-contour>
        <point x="337" y="2429" />
        <point x="1517" y="2429" />
      </upper-contour>
    </line>
  </handwritten-part>
</form>

