<?xml version="1.0" encoding="ISO-8859-1"?>

<!DOCTYPE form SYSTEM 'http://www.iam.unibe.ch/~fki/iamdb/form-metadata.dtd'>

<form created="2002-01-16" height="3542" id="c02-007" last-modified="2002-07-17" skew="-127" status="final" version="3.0_beta" width="2479" writer-id="139">
  <machine-printed-part>
    <machine-print-line text="In 1950 he began to take photographs not only in Germany but also in Africa and" />
    <machine-print-line text="America. An exhibition of these works which is now on view in a Berlin gallery is" />
    <machine-print-line text="most impressive. As Friedrich Du&amp;quot;rrenmatt, the Swiss playwright and author, wrote:" />
    <machine-print-line text="&amp;quot;Wicki&apos;s blacks and greys are not only the colours of the lost and the forgotten, but" />
    <machine-print-line text="they are also the technical means of abstraction." />
  </machine-printed-part>
  <handwritten-part>
    <line ass="-283" asx="0" asy="755" character-width="999" dss="-283" dsx="0" dsy="862" fd0="13383" fd1="3013" fd2="-615" filter-width="3" id="c02-007-00" lbs="-18" lbx="0" lby="822" segmentation="ok" slant="95000" stroke-width="5268" threshold="190" text="In 1950 he began to take photographs not" ubs="-813" ubx="0" uby="769">
      <word id="c02-007-00-00" sentence-start="yes" tag="IN" text="In">
        <cmp x="368" y="761" width="15" height="69" />
        <cmp x="387" y="797" width="33" height="38" />
      </word>
      <word id="c02-007-00-01" tag="CD" text="1950">
        <cmp x="501" y="773" width="35" height="48" />
        <cmp x="546" y="771" width="28" height="50" />
        <cmp x="589" y="767" width="33" height="54" />
        <cmp x="624" y="775" width="42" height="37" />
      </word>
      <word id="c02-007-00-02" tag="PP3A" text="he">
        <cmp x="739" y="774" width="35" height="41" />
        <cmp x="777" y="784" width="36" height="33" />
      </word>
      <word id="c02-007-00-03" tag="VBD" text="began">
        <cmp x="878" y="773" width="33" height="47" />
        <cmp x="919" y="776" width="37" height="39" />
        <cmp x="944" y="780" width="42" height="87" />
        <cmp x="982" y="795" width="82" height="33" />
      </word>
      <word id="c02-007-00-04" tag="TO" text="to">
        <cmp x="1129" y="761" width="24" height="69" />
        <cmp x="1160" y="799" width="30" height="27" />
      </word>
      <word id="c02-007-00-05" tag="VB" text="take">
        <cmp x="1259" y="766" width="65" height="62" />
        <cmp x="1323" y="768" width="93" height="67" />
      </word>
      <word id="c02-007-00-06" tag="NNS" text="photographs">
        <cmp x="1512" y="789" width="34" height="57" />
        <cmp x="1547" y="767" width="35" height="63" />
        <cmp x="1582" y="798" width="19" height="29" />
        <cmp x="1610" y="765" width="19" height="54" />
        <cmp x="1633" y="796" width="20" height="26" />
        <cmp x="1658" y="794" width="35" height="60" />
        <cmp x="1702" y="793" width="22" height="26" />
        <cmp x="1736" y="792" width="29" height="23" />
        <cmp x="1776" y="791" width="22" height="54" />
        <cmp x="1807" y="769" width="56" height="60" />
      </word>
      <word id="c02-007-00-07" tag="XNOT" text="not">
        <cmp x="1940" y="793" width="51" height="35" />
        <cmp x="2004" y="768" width="19" height="50" />
      </word>
      <lower-contour>
        <point x="366" y="867" />
        <point x="1965" y="867" />
      </lower-contour>
    </line>
    <line ass="-75" asx="0" asy="935" character-width="999" dss="-75" dsx="0" dsy="1070" fd0="13502" fd1="3058" fd2="-533" filter-width="3" id="c02-007-01" lbs="-177" lbx="0" lby="997" segmentation="ok" slant="95000" stroke-width="5235" threshold="191" text="only in Germany but also in Africa and" ubs="130" ubx="0" uby="975">
      <word id="c02-007-01-00" tag="RB" text="only">
        <cmp x="354" y="971" width="34" height="28" />
        <cmp x="393" y="974" width="38" height="24" />
        <cmp x="439" y="946" width="67" height="126" />
      </word>
      <word id="c02-007-01-01" tag="IN" text="in">
        <cmp x="573" y="974" width="8" height="30" />
        <cmp x="581" y="951" width="5" height="7" />
        <cmp x="595" y="970" width="34" height="38" />
      </word>
      <word id="c02-007-01-02" tag="NP" text="Germany">
        <cmp x="689" y="948" width="53" height="56" />
        <cmp x="745" y="967" width="23" height="33" />
        <cmp x="772" y="974" width="16" height="24" />
        <cmp x="800" y="980" width="156" height="83" />
        <cmp x="857" y="979" width="21" height="14" />
      </word>
      <word id="c02-007-01-03" tag="CC" text="but">
        <cmp x="1049" y="945" width="41" height="50" />
        <cmp x="1099" y="968" width="49" height="30" />
        <cmp x="1151" y="938" width="26" height="56" />
      </word>
      <word id="c02-007-01-04" tag="RB" text="also">
        <cmp x="1264" y="948" width="69" height="59" />
        <cmp x="1337" y="968" width="32" height="38" />
        <cmp x="1368" y="969" width="28" height="33" />
      </word>
      <word id="c02-007-01-05" tag="IN" text="in">
        <cmp x="1459" y="940" width="6" height="12" />
        <cmp x="1460" y="971" width="8" height="32" />
        <cmp x="1476" y="977" width="35" height="27" />
      </word>
      <word id="c02-007-01-06" tag="NP" text="Africa">
        <cmp x="1583" y="938" width="77" height="83" />
        <cmp x="1662" y="973" width="43" height="33" />
        <cmp x="1698" y="953" width="6" height="6" />
        <cmp x="1713" y="972" width="28" height="32" />
        <cmp x="1740" y="972" width="36" height="31" />
      </word>
      <word id="c02-007-01-07" tag="CC" text="and">
        <cmp x="1836" y="967" width="40" height="30" />
        <cmp x="1876" y="971" width="34" height="31" />
        <cmp x="1917" y="977" width="32" height="23" />
        <cmp x="1937" y="941" width="27" height="55" />
      </word>
      <upper-contour>
        <point x="366" y="867" />
        <point x="1965" y="867" />
      </upper-contour>
      <lower-contour>
        <point x="360" y="1073" />
        <point x="1965" y="1073" />
      </lower-contour>
    </line>
    <line ass="32" asx="0" asy="1111" character-width="999" dss="32" dsx="0" dsy="1193" fd0="13697" fd1="3025" fd2="-647" filter-width="3" id="c02-007-02" lbs="14" lbx="0" lby="1183" segmentation="ok" slant="94000" stroke-width="5418" threshold="189" text="America. An exhibition of these works which" ubs="67" ubx="0" uby="1152">
      <word id="c02-007-02-00" tag="NP" text="America">
        <cmp x="362" y="1118" width="49" height="67" />
        <cmp x="417" y="1153" width="103" height="30" />
        <cmp x="520" y="1158" width="23" height="31" />
        <cmp x="556" y="1131" width="5" height="9" />
        <cmp x="560" y="1155" width="8" height="28" />
        <cmp x="585" y="1148" width="73" height="35" />
      </word>
      <word id="c02-007-02-01" tag="." text=".">
        <cmp x="696" y="1175" width="9" height="9" />
      </word>
      <word id="c02-007-02-02" sentence-start="yes" tag="AT" text="An">
        <cmp x="781" y="1121" width="50" height="61" />
        <cmp x="834" y="1149" width="48" height="31" />
      </word>
      <word id="c02-007-02-03" tag="NN" text="exhibition">
        <cmp x="962" y="1147" width="35" height="41" />
        <cmp x="1005" y="1146" width="37" height="39" />
        <cmp x="1043" y="1128" width="82" height="61" />
        <cmp x="1099" y="1121" width="5" height="12" />
        <cmp x="1130" y="1134" width="34" height="54" />
        <cmp x="1163" y="1154" width="18" height="36" />
        <cmp x="1177" y="1129" width="8" height="8" />
        <cmp x="1188" y="1126" width="44" height="54" />
        <cmp x="1222" y="1116" width="5" height="10" />
        <cmp x="1242" y="1146" width="74" height="39" />
      </word>
      <word id="c02-007-02-04" tag="INO" text="of">
        <cmp x="1386" y="1145" width="31" height="32" />
        <cmp x="1418" y="1112" width="21" height="74" />
      </word>
      <word id="c02-007-02-05" tag="DTS" text="these">
        <cmp x="1474" y="1129" width="22" height="58" />
        <cmp x="1500" y="1128" width="61" height="66" />
        <cmp x="1563" y="1148" width="81" height="43" />
      </word>
      <word id="c02-007-02-06" tag="NNS" text="works">
        <cmp x="1716" y="1147" width="77" height="35" />
        <cmp x="1798" y="1126" width="56" height="53" />
        <cmp x="1855" y="1137" width="28" height="38" />
      </word>
      <word id="c02-007-02-07" tag="WDT" text="which">
        <cmp x="1956" y="1149" width="47" height="31" />
        <cmp x="2006" y="1112" width="48" height="66" />
        <cmp x="2037" y="1117" width="6" height="10" />
        <cmp x="2055" y="1144" width="21" height="38" />
        <cmp x="2077" y="1125" width="45" height="63" />
      </word>
      <upper-contour>
        <point x="360" y="1073" />
        <point x="1965" y="1073" />
      </upper-contour>
      <lower-contour>
        <point x="360" y="1194" />
        <point x="2122" y="1194" />
      </lower-contour>
    </line>
    <line ass="-201" asx="0" asy="1292" character-width="999" dss="-201" dsx="0" dsy="1404" fd0="14057" fd1="3544" fd2="-55" filter-width="3" id="c02-007-03" lbs="-166" lbx="0" lby="1353" segmentation="ok" slant="97000" stroke-width="5233" threshold="192" text="is now on view in a Berlin gallery is most im-" ubs="-270" ubx="0" uby="1323">
      <word id="c02-007-03-00" tag="BEZ" text="is">
        <cmp x="361" y="1299" width="4" height="5" />
        <cmp x="361" y="1316" width="50" height="45" />
      </word>
      <word id="c02-007-03-01" tag="RN" text="now">
        <cmp x="460" y="1334" width="35" height="30" />
        <cmp x="495" y="1333" width="30" height="26" />
        <cmp x="525" y="1330" width="61" height="27" />
      </word>
      <word id="c02-007-03-02" tag="IN" text="on">
        <cmp x="656" y="1336" width="6" height="24" />
        <cmp x="661" y="1308" width="4" height="5" />
        <cmp x="671" y="1335" width="32" height="33" />
      </word>
      <word id="c02-007-03-03" tag="NN" text="view">
        <cmp x="764" y="1330" width="35" height="34" />
        <cmp x="802" y="1325" width="57" height="38" />
        <cmp x="809" y="1307" width="6" height="8" />
        <cmp x="853" y="1329" width="55" height="36" />
      </word>
      <word id="c02-007-03-04" tag="IN" text="in">
        <cmp x="962" y="1332" width="9" height="33" />
        <cmp x="971" y="1314" width="4" height="7" />
      </word>
      <word id="c02-007-03-05" tag="AT" text="a">
        <cmp x="981" y="1339" width="39" height="27" />
      </word>
      <word id="c02-007-03-06" tag="NP" text="Berlin">
        <cmp x="1088" y="1297" width="60" height="69" />
        <cmp x="1146" y="1323" width="23" height="35" />
        <cmp x="1169" y="1327" width="18" height="29" />
        <cmp x="1198" y="1304" width="106" height="67" />
        <cmp x="1240" y="1301" width="6" height="9" />
      </word>
      <word id="c02-007-03-07" tag="NN" text="gallery">
        <cmp x="1379" y="1326" width="38" height="71" />
        <cmp x="1417" y="1329" width="31" height="25" />
        <cmp x="1449" y="1311" width="21" height="50" />
        <cmp x="1466" y="1309" width="48" height="50" />
        <cmp x="1514" y="1327" width="64" height="84" />
      </word>
      <word id="c02-007-03-08" tag="BEZ" text="is">
        <cmp x="1642" y="1298" width="6" height="9" />
        <cmp x="1644" y="1328" width="10" height="26" />
        <cmp x="1666" y="1330" width="28" height="24" />
        <cmp x="1667" y="1316" width="21" height="13" />
      </word>
      <word id="c02-007-03-09" tag="QL" text="most">
        <cmp x="1789" y="1326" width="62" height="33" />
        <cmp x="1855" y="1332" width="26" height="29" />
        <cmp x="1882" y="1328" width="31" height="34" />
        <cmp x="1924" y="1305" width="14" height="55" />
      </word>
      <word id="c02-007-03-10" tag="JJ-" text="im-">
        <cmp x="2015" y="1334" width="7" height="25" />
        <cmp x="2028" y="1329" width="51" height="51" />
        <cmp x="2100" y="1341" width="28" height="8" />
      </word>
      <upper-contour>
        <point x="360" y="1194" />
        <point x="2122" y="1194" />
      </upper-contour>
      <lower-contour>
        <point x="359" y="1411" />
        <point x="2129" y="1411" />
      </lower-contour>
    </line>
    <line ass="244" asx="0" asy="1475" character-width="999" dss="244" dsx="0" dsy="1584" fd0="13601" fd1="2894" fd2="-853" filter-width="3" id="c02-007-04" lbs="312" lbx="0" lby="1544" segmentation="err" slant="101000" stroke-width="5352" threshold="188" text="pressive. As Friedrich Du&amp;quot;rrenmatt, the Swiss" ubs="107" ubx="0" uby="1512">
      <word id="c02-007-04-00" tag="-JJ" text="pressive">
        <cmp x="353" y="1517" width="44" height="66" />
        <cmp x="401" y="1510" width="55" height="35" />
        <cmp x="458" y="1501" width="70" height="45" />
        <cmp x="533" y="1473" width="6" height="25" />
        <cmp x="541" y="1514" width="7" height="26" />
        <cmp x="553" y="1508" width="30" height="31" />
        <cmp x="585" y="1500" width="41" height="42" />
      </word>
      <word id="c02-007-04-01" tag="." text=".">
        <cmp x="642" y="1534" width="5" height="8" />
      </word>
      <word id="c02-007-04-02" sentence-start="yes" tag="CS" text="As">
        <cmp x="735" y="1473" width="87" height="73" />
      </word>
      <word id="c02-007-04-03" tag="NP" text="Friedrich">
        <cmp x="899" y="1480" width="54" height="8" />
        <cmp x="911" y="1505" width="29" height="38" />
        <cmp x="948" y="1512" width="25" height="25" />
        <cmp x="976" y="1499" width="52" height="42" />
        <cmp x="980" y="1476" width="4" height="11" />
        <cmp x="1029" y="1485" width="56" height="57" />
        <cmp x="1092" y="1507" width="48" height="34" />
        <cmp x="1122" y="1487" width="5" height="5" />
        <cmp x="1148" y="1505" width="33" height="29" />
        <cmp x="1181" y="1479" width="52" height="63" />
      </word>
      <word id="c02-007-04-04" tag="NP" text="Du&quot;rrenmatt">
        <cmp x="1313" y="1472" width="135" height="72" />
        <cmp x="1350" y="1490" width="10" height="45" />
        <cmp x="1412" y="1480" width="30" height="5" />
        <cmp x="1448" y="1513" width="28" height="27" />
        <cmp x="1478" y="1516" width="28" height="26" />
        <cmp x="1513" y="1514" width="23" height="29" />
        <cmp x="1542" y="1519" width="38" height="31" />
        <cmp x="1543" y="1538" width="4" height="3" />
        <cmp x="1596" y="1523" width="57" height="24" />
        <cmp x="1657" y="1513" width="38" height="26" />
        <cmp x="1700" y="1481" width="23" height="57" />
        <cmp x="1727" y="1482" width="19" height="54" />
      </word>
      <word id="c02-007-04-05" tag="," text=",">
        <cmp x="1759" y="1534" width="10" height="24" />
      </word>
      <word id="c02-007-04-06" tag="ATI" text="the">
        <cmp x="1823" y="1489" width="26" height="55" />
        <cmp x="1859" y="1487" width="35" height="60" />
        <cmp x="1895" y="1510" width="42" height="38" />
      </word>
      <word id="c02-007-04-07" tag="JNP" text="Swiss">
        <cmp x="1995" y="1470" width="77" height="64" />
        <cmp x="2075" y="1483" width="5" height="7" />
        <cmp x="2077" y="1507" width="9" height="28" />
        <cmp x="2089" y="1506" width="24" height="30" />
        <cmp x="2093" y="1495" width="17" height="12" />
        <cmp x="2117" y="1498" width="32" height="45" />
      </word>
      <upper-contour>
        <point x="359" y="1411" />
        <point x="2129" y="1411" />
      </upper-contour>
      <lower-contour>
        <point x="352" y="1584" />
        <point x="2129" y="1584" />
      </lower-contour>
    </line>
    <line ass="388" asx="0" asy="1665" character-width="999" dss="388" dsx="0" dsy="1768" fd0="13880" fd1="3439" fd2="-495" filter-width="3" id="c02-007-05" lbs="355" lbx="0" lby="1725" segmentation="ok" slant="98000" stroke-width="5347" threshold="187" text="playwright and author, wrote: &amp;quot;Wicki&apos;s blacks" ubs="454" ubx="0" uby="1701">
      <word id="c02-007-05-00" tag="NN" text="playwright">
        <cmp x="354" y="1684" width="40" height="36" />
        <cmp x="359" y="1709" width="8" height="36" />
        <cmp x="395" y="1668" width="21" height="52" />
        <cmp x="418" y="1689" width="88" height="77" />
        <cmp x="519" y="1695" width="44" height="23" />
        <cmp x="571" y="1693" width="17" height="25" />
        <cmp x="592" y="1697" width="7" height="22" />
        <cmp x="596" y="1666" width="4" height="4" />
        <cmp x="605" y="1671" width="36" height="51" />
        <cmp x="647" y="1694" width="12" height="32" />
      </word>
      <word id="c02-007-05-01" tag="CC" text="and">
        <cmp x="721" y="1694" width="49" height="26" />
        <cmp x="770" y="1693" width="36" height="31" />
        <cmp x="807" y="1660" width="48" height="63" />
      </word>
      <word id="c02-007-05-02" tag="NN" text="author">
        <cmp x="914" y="1692" width="102" height="31" />
        <cmp x="1013" y="1670" width="24" height="49" />
        <cmp x="1039" y="1666" width="65" height="59" />
        <cmp x="1105" y="1690" width="25" height="25" />
      </word>
      <word id="c02-007-05-03" tag="," text=",">
        <cmp x="1168" y="1714" width="9" height="28" />
      </word>
      <word id="c02-007-05-04" tag="VBD" text="wrote">
        <cmp x="1229" y="1689" width="64" height="30" />
        <cmp x="1297" y="1691" width="8" height="25" />
        <cmp x="1318" y="1694" width="29" height="29" />
        <cmp x="1350" y="1674" width="23" height="48" />
        <cmp x="1381" y="1679" width="43" height="40" />
      </word>
      <word id="c02-007-05-05" tag=":" text=":">
        <cmp x="1437" y="1712" width="7" height="6" />
        <cmp x="1445" y="1688" width="7" height="6" />
      </word>
      <word id="c02-007-05-06" sentence-start="yes" tag="*&apos;" text="&quot;">
        <cmp x="1544" y="1659" width="35" height="18" />
      </word>
      <word id="c02-007-05-07" tag="NP$" text="Wicki&apos;s">
        <cmp x="1588" y="1664" width="73" height="52" />
        <cmp x="1668" y="1663" width="7" height="12" />
        <cmp x="1671" y="1692" width="8" height="25" />
        <cmp x="1683" y="1688" width="31" height="27" />
        <cmp x="1717" y="1672" width="45" height="38" />
        <cmp x="1755" y="1662" width="4" height="5" />
        <cmp x="1764" y="1682" width="8" height="26" />
        <cmp x="1787" y="1659" width="10" height="13" />
        <cmp x="1807" y="1681" width="30" height="34" />
      </word>
      <word id="c02-007-05-08" tag="NNS" text="blacks">
        <cmp x="1920" y="1666" width="35" height="43" />
        <cmp x="1954" y="1664" width="21" height="55" />
        <cmp x="1978" y="1689" width="40" height="27" />
        <cmp x="2021" y="1685" width="34" height="29" />
        <cmp x="2056" y="1662" width="37" height="57" />
        <cmp x="2099" y="1688" width="29" height="39" />
        <cmp x="2101" y="1723" width="8" height="3" />
      </word>
      <upper-contour>
        <point x="352" y="1584" />
        <point x="2129" y="1584" />
      </upper-contour>
      <lower-contour>
        <point x="352" y="1767" />
        <point x="2060" y="1767" />
      </lower-contour>
    </line>
    <line ass="207" asx="0" asy="1827" character-width="999" dss="207" dsx="0" dsy="1967" fd0="13207" fd1="2725" fd2="-688" filter-width="3" id="c02-007-06" lbs="170" lbx="0" lby="1903" segmentation="ok" slant="98000" stroke-width="5348" threshold="190" text="and greys are not only the colours of the" ubs="282" ubx="0" uby="1872">
      <word id="c02-007-06-00" tag="CC" text="and">
        <cmp x="343" y="1869" width="100" height="36" />
        <cmp x="442" y="1849" width="46" height="52" />
      </word>
      <word id="c02-007-06-01" tag="NNS" text="greys">
        <cmp x="544" y="1876" width="38" height="61" />
        <cmp x="581" y="1870" width="57" height="35" />
        <cmp x="643" y="1875" width="39" height="74" />
        <cmp x="684" y="1864" width="31" height="39" />
      </word>
      <word id="c02-007-06-02" tag="BER" text="are">
        <cmp x="793" y="1869" width="44" height="28" />
        <cmp x="841" y="1863" width="50" height="38" />
      </word>
      <word id="c02-007-06-03" tag="XNOT" text="not">
        <cmp x="945" y="1869" width="64" height="30" />
        <cmp x="1013" y="1841" width="17" height="59" />
      </word>
      <word id="c02-007-06-04" tag="RB" text="only">
        <cmp x="1088" y="1870" width="76" height="37" />
        <cmp x="1163" y="1839" width="80" height="125" />
      </word>
      <word id="c02-007-06-05" tag="ATI" text="the">
        <cmp x="1316" y="1847" width="30" height="53" />
        <cmp x="1349" y="1850" width="45" height="50" />
        <cmp x="1400" y="1862" width="36" height="37" />
      </word>
      <word id="c02-007-06-06" tag="NNS" text="colours">
        <cmp x="1503" y="1841" width="105" height="62" />
        <cmp x="1612" y="1867" width="96" height="32" />
        <cmp x="1707" y="1871" width="12" height="30" />
        <cmp x="1727" y="1861" width="35" height="39" />
      </word>
      <word id="c02-007-06-07" tag="INO" text="of">
        <cmp x="1818" y="1863" width="40" height="32" />
        <cmp x="1854" y="1822" width="25" height="79" />
      </word>
      <word id="c02-007-06-08" tag="ATI" text="the">
        <cmp x="1934" y="1833" width="24" height="59" />
        <cmp x="1959" y="1832" width="100" height="67" />
      </word>
      <upper-contour>
        <point x="352" y="1767" />
        <point x="2060" y="1767" />
      </upper-contour>
      <lower-contour>
        <point x="343" y="1964" />
        <point x="2060" y="1964" />
      </lower-contour>
    </line>
    <line ass="-50" asx="0" asy="2001" character-width="999" dss="-50" dsx="0" dsy="2148" fd0="13043" fd1="2784" fd2="-889" filter-width="3" id="c02-007-07" lbs="-62" lbx="0" lby="2074" segmentation="err" slant="100000" stroke-width="5269" threshold="192" text="lost and the forgotten, but they are also the" ubs="-27" ubx="0" uby="2042">
      <word id="c02-007-07-00" tag="JJ" text="lost">
        <cmp x="345" y="2003" width="30" height="77" />
        <cmp x="374" y="2042" width="38" height="33" />
        <cmp x="409" y="2043" width="35" height="32" />
        <cmp x="449" y="2018" width="20" height="54" />
      </word>
      <word id="c02-007-07-01" tag="CC" text="and">
        <cmp x="534" y="2051" width="80" height="28" />
        <cmp x="615" y="2034" width="36" height="42" />
      </word>
      <word id="c02-007-07-02" tag="ATI" text="the">
        <cmp x="670" y="2019" width="22" height="54" />
        <cmp x="688" y="2024" width="89" height="61" />
      </word>
      <word id="c02-007-07-03" tag="JJ" text="forgotten">
        <cmp x="835" y="2014" width="34" height="84" />
        <cmp x="870" y="2047" width="26" height="26" />
        <cmp x="903" y="2051" width="16" height="21" />
        <cmp x="931" y="2049" width="33" height="75" />
        <cmp x="960" y="2048" width="35" height="32" />
        <cmp x="997" y="2018" width="102" height="59" />
        <cmp x="1093" y="2077" width="19" height="44" />
      </word>
      <word id="c02-007-07-04" tag="," text=",">
        <cmp x="1188" y="2024" width="32" height="52" />
      </word>
      <word id="c02-007-07-05" tag="CC" text="but">
        <cmp x="1220" y="2052" width="49" height="28" />
        <cmp x="1267" y="2021" width="37" height="54" />
      </word>
      <word id="c02-007-07-06" tag="PP3AS" text="they">
        <cmp x="1331" y="2029" width="19" height="50" />
        <cmp x="1350" y="2021" width="113" height="130" />
      </word>
      <word id="c02-007-07-07" tag="BER" text="are">
        <cmp x="1546" y="2048" width="42" height="26" />
        <cmp x="1592" y="2041" width="73" height="36" />
      </word>
      <word id="c02-007-07-08" tag="RB" text="also">
        <cmp x="1735" y="2046" width="55" height="33" />
        <cmp x="1787" y="2017" width="28" height="60" />
        <cmp x="1816" y="2046" width="35" height="41" />
        <cmp x="1855" y="2049" width="38" height="29" />
      </word>
      <word id="c02-007-07-09" tag="ATI" text="the">
        <cmp x="1991" y="2009" width="26" height="68" />
        <cmp x="2027" y="2003" width="87" height="76" />
      </word>
      <upper-contour>
        <point x="343" y="1964" />
        <point x="2060" y="1964" />
      </upper-contour>
      <lower-contour>
        <point x="347" y="2151" />
        <point x="1733" y="2151" />
      </lower-contour>
    </line>
    <line ass="-944" asx="0" asy="2161" character-width="999" dss="-944" dsx="0" dsy="2253" fd0="13331" fd1="3028" fd2="-957" filter-width="3" id="c02-007-08" lbs="-924" lbx="0" lby="2243" segmentation="ok" slant="99000" stroke-width="5187" threshold="188" text="technical means of abstraction." ubs="-985" ubx="0" uby="2211">
      <word id="c02-007-08-00" tag="JJ" text="technical">
        <cmp x="349" y="2176" width="61" height="70" />
        <cmp x="409" y="2214" width="40" height="32" />
        <cmp x="450" y="2189" width="49" height="63" />
        <cmp x="499" y="2219" width="62" height="29" />
        <cmp x="554" y="2182" width="3" height="3" />
        <cmp x="574" y="2221" width="38" height="37" />
        <cmp x="611" y="2191" width="98" height="69" />
      </word>
      <word id="c02-007-08-01" tag="NNS" text="means">
        <cmp x="797" y="2223" width="111" height="43" />
        <cmp x="911" y="2227" width="46" height="32" />
        <cmp x="954" y="2233" width="43" height="27" />
        <cmp x="993" y="2223" width="36" height="47" />
      </word>
      <word id="c02-007-08-02" tag="INO" text="of">
        <cmp x="1113" y="2220" width="42" height="33" />
        <cmp x="1164" y="2181" width="31" height="87" />
      </word>
      <word id="c02-007-08-03" tag="NN" text="abstraction">
        <cmp x="1298" y="2227" width="50" height="35" />
        <cmp x="1352" y="2202" width="36" height="63" />
        <cmp x="1388" y="2229" width="39" height="36" />
        <cmp x="1432" y="2201" width="21" height="68" />
        <cmp x="1457" y="2233" width="20" height="31" />
        <cmp x="1483" y="2236" width="47" height="31" />
        <cmp x="1524" y="2232" width="43" height="35" />
        <cmp x="1570" y="2206" width="65" height="64" />
        <cmp x="1607" y="2198" width="4" height="12" />
        <cmp x="1636" y="2233" width="74" height="39" />
      </word>
      <word id="c02-007-08-04" tag="." text=".">
        <cmp x="1720" y="2254" width="13" height="9" />
      </word>
      <upper-contour>
        <point x="347" y="2151" />
        <point x="1733" y="2151" />
      </upper-contour>
    </line>
  </handwritten-part>
</form>

