<?xml version="1.0" encoding="ISO-8859-1"?>

<!DOCTYPE form SYSTEM 'http://www.iam.unibe.ch/~fki/iamdb/form-metadata.dtd'>

<form created="2002-01-16" height="3542" id="c03-016c" last-modified="2002-07-17" skew="220" status="final" version="3.0_beta" width="2479" writer-id="152">
  <machine-printed-part>
    <machine-print-line text="But there is heart in the telling, and an intense realism in the situation. A young" />
    <machine-print-line text="girl lives in a single dingy room with her slatternly, promiscuous mother. In such" />
    <machine-print-line text="surroundings she learns sex is something sordid, and when she experiences it for the" />
    <machine-print-line text="first time herself it is incoherently, clumsily, but half shyly and half inquisitively. As" />
    <machine-print-line text="is the case in Fanny her first lover is a sailor who leaves her to bear his child and sails" />
    <machine-print-line text="away." />
  </machine-printed-part>
  <handwritten-part>
    <line ass="445" asx="0" asy="945" character-width="999" dss="445" dsx="0" dsy="1084" fd0="13632" fd1="2465" fd2="-1401" filter-width="3" id="c03-016c-00" lbs="477" lbx="0" lby="1018" segmentation="ok" slant="71000" stroke-width="5225" threshold="188" text="But there is heart in the telling, and an" ubs="381" ubx="0" uby="969">
      <word id="c03-016c-00-00" sentence-start="yes" tag="CC" text="But">
        <cmp x="317" y="943" width="41" height="73" />
        <cmp x="360" y="948" width="91" height="68" />
      </word>
      <word id="c03-016c-00-01" tag="EX" text="there">
        <cmp x="529" y="944" width="183" height="76" />
      </word>
      <word id="c03-016c-00-02" tag="BEZ" text="is">
        <cmp x="779" y="968" width="38" height="52" />
        <cmp x="814" y="948" width="3" height="6" />
        <cmp x="816" y="967" width="34" height="45" />
      </word>
      <word id="c03-016c-00-03" tag="NN" text="heart">
        <cmp x="935" y="941" width="41" height="73" />
        <cmp x="979" y="956" width="37" height="50" />
        <cmp x="1020" y="947" width="98" height="66" />
      </word>
      <word id="c03-016c-00-04" tag="IN" text="in">
        <cmp x="1174" y="964" width="37" height="45" />
        <cmp x="1207" y="947" width="4" height="13" />
        <cmp x="1211" y="968" width="52" height="44" />
      </word>
      <word id="c03-016c-00-05" tag="ATI" text="the">
        <cmp x="1316" y="934" width="103" height="74" />
      </word>
      <word id="c03-016c-00-06" tag="NN" text="telling">
        <cmp x="1515" y="934" width="125" height="72" />
        <cmp x="1638" y="945" width="4" height="9" />
        <cmp x="1639" y="963" width="45" height="49" />
        <cmp x="1679" y="961" width="44" height="110" />
        <cmp x="1716" y="986" width="4" height="6" />
      </word>
      <word id="c03-016c-00-07" tag="," text=",">
        <cmp x="1774" y="986" width="13" height="40" />
      </word>
      <word id="c03-016c-00-08" tag="CC" text="and">
        <cmp x="1821" y="949" width="69" height="56" />
        <cmp x="1891" y="958" width="28" height="43" />
        <cmp x="1920" y="952" width="52" height="54" />
      </word>
      <word id="c03-016c-00-09" tag="AT" text="an">
        <cmp x="2045" y="957" width="95" height="54" />
      </word>
      <lower-contour>
        <point x="315" y="1072" />
        <point x="2136" y="1072" />
      </lower-contour>
    </line>
    <line ass="-259" asx="0" asy="1111" character-width="999" dss="-259" dsx="0" dsy="1254" fd0="13663" fd1="2337" fd2="-1524" filter-width="3" id="c03-016c-01" lbs="-399" lbx="0" lby="1178" segmentation="ok" slant="72000" stroke-width="5209" threshold="187" text="intense realism in the situation. A young" ubs="20" ubx="0" uby="1142">
      <word id="c03-016c-01-00" tag="JJ" text="intense">
        <cmp x="258" y="1151" width="37" height="47" />
        <cmp x="286" y="1137" width="4" height="8" />
        <cmp x="299" y="1143" width="42" height="43" />
        <cmp x="353" y="1133" width="94" height="53" />
        <cmp x="444" y="1143" width="73" height="46" />
      </word>
      <word id="c03-016c-01-01" tag="NN" text="realism">
        <cmp x="614" y="1135" width="53" height="51" />
        <cmp x="672" y="1122" width="94" height="66" />
        <cmp x="766" y="1140" width="130" height="47" />
        <cmp x="768" y="1125" width="6" height="6" />
      </word>
      <word id="c03-016c-01-02" tag="IN" text="in">
        <cmp x="978" y="1128" width="38" height="66" />
        <cmp x="1018" y="1143" width="45" height="47" />
      </word>
      <word id="c03-016c-01-03" tag="ATI" text="the">
        <cmp x="1136" y="1120" width="106" height="67" />
      </word>
      <word id="c03-016c-01-04" tag="NN" text="situation">
        <cmp x="1318" y="1134" width="83" height="55" />
        <cmp x="1400" y="1126" width="4" height="6" />
        <cmp x="1411" y="1124" width="70" height="59" />
        <cmp x="1484" y="1133" width="92" height="58" />
        <cmp x="1574" y="1127" width="7" height="7" />
        <cmp x="1577" y="1143" width="34" height="51" />
        <cmp x="1614" y="1148" width="19" height="45" />
        <cmp x="1636" y="1155" width="35" height="45" />
      </word>
      <word id="c03-016c-01-05" tag="." text=".">
        <cmp x="1710" y="1190" width="5" height="5" />
      </word>
      <word id="c03-016c-01-06" sentence-start="yes" tag="AT" text="A">
        <cmp x="1771" y="1120" width="60" height="79" />
      </word>
      <word id="c03-016c-01-07" tag="JJ" text="young">
        <cmp x="1918" y="1141" width="51" height="123" />
        <cmp x="1967" y="1135" width="168" height="107" />
      </word>
      <upper-contour>
        <point x="315" y="1072" />
        <point x="2136" y="1072" />
      </upper-contour>
      <lower-contour>
        <point x="256" y="1266" />
        <point x="2136" y="1266" />
      </lower-contour>
    </line>
    <line ass="145" asx="0" asy="1294" character-width="999" dss="145" dsx="0" dsy="1432" fd0="13908" fd1="2234" fd2="-1671" filter-width="3" id="c03-016c-02" lbs="67" lbx="0" lby="1357" segmentation="ok" slant="71000" stroke-width="5201" threshold="187" text="girl lives in a single dingy room with her" ubs="300" ubx="0" uby="1328">
      <word id="c03-016c-02-00" tag="NN" text="girl">
        <cmp x="253" y="1329" width="58" height="102" />
        <cmp x="309" y="1326" width="6" height="7" />
        <cmp x="321" y="1313" width="60" height="62" />
      </word>
      <word id="c03-016c-02-01" tag="NNS" text="lives">
        <cmp x="427" y="1293" width="76" height="82" />
        <cmp x="502" y="1308" width="5" height="9" />
        <cmp x="511" y="1319" width="89" height="48" />
      </word>
      <word id="c03-016c-02-02" tag="IN" text="in">
        <cmp x="687" y="1372" width="3" height="3" />
        <cmp x="690" y="1320" width="36" height="49" />
        <cmp x="718" y="1306" width="4" height="7" />
        <cmp x="729" y="1320" width="52" height="45" />
      </word>
      <word id="c03-016c-02-03" tag="AT" text="a">
        <cmp x="847" y="1312" width="49" height="55" />
      </word>
      <word id="c03-016c-02-04" tag="JJ" text="single">
        <cmp x="956" y="1322" width="72" height="51" />
        <cmp x="1033" y="1322" width="19" height="34" />
        <cmp x="1056" y="1321" width="23" height="43" />
        <cmp x="1071" y="1316" width="42" height="99" />
        <cmp x="1112" y="1298" width="73" height="61" />
      </word>
      <word id="c03-016c-02-05" tag="JJ" text="dingy">
        <cmp x="1282" y="1306" width="74" height="65" />
        <cmp x="1354" y="1307" width="4" height="8" />
        <cmp x="1357" y="1321" width="22" height="37" />
        <cmp x="1379" y="1324" width="19" height="44" />
        <cmp x="1394" y="1323" width="87" height="107" />
      </word>
      <word id="c03-016c-02-06" tag="NN" text="room">
        <cmp x="1563" y="1316" width="36" height="49" />
        <cmp x="1596" y="1318" width="36" height="47" />
        <cmp x="1631" y="1318" width="104" height="49" />
      </word>
      <word id="c03-016c-02-07" tag="IN" text="with">
        <cmp x="1805" y="1310" width="96" height="66" />
        <cmp x="1899" y="1298" width="5" height="9" />
        <cmp x="1899" y="1293" width="89" height="77" />
      </word>
      <word id="c03-016c-02-08" tag="PP$" text="her">
        <cmp x="2064" y="1301" width="102" height="64" />
      </word>
      <upper-contour>
        <point x="256" y="1266" />
        <point x="2136" y="1266" />
      </upper-contour>
      <lower-contour>
        <point x="251" y="1430" />
        <point x="2053" y="1430" />
      </lower-contour>
    </line>
    <line ass="-52" asx="0" asy="1473" character-width="999" dss="-52" dsx="0" dsy="1607" fd0="14000" fd1="2319" fd2="-1771" filter-width="3" id="c03-016c-03" lbs="-36" lbx="0" lby="1542" segmentation="err" slant="70000" stroke-width="5278" threshold="184" text="slatternly, promiscuous mother. In such" ubs="-85" ubx="0" uby="1500">
      <word id="c03-016c-03-00" tag="JJ" text="slatternly">
        <cmp x="244" y="1485" width="96" height="69" />
        <cmp x="343" y="1490" width="99" height="55" />
        <cmp x="437" y="1499" width="125" height="47" />
        <cmp x="563" y="1474" width="83" height="134" />
      </word>
      <word id="c03-016c-03-01" tag="," text=",">
        <cmp x="658" y="1533" width="20" height="49" />
      </word>
      <word id="c03-016c-03-02" tag="JJ" text="promiscuous">
        <cmp x="743" y="1495" width="53" height="86" />
        <cmp x="797" y="1497" width="38" height="44" />
        <cmp x="830" y="1494" width="95" height="48" />
        <cmp x="923" y="1531" width="5" height="3" />
        <cmp x="927" y="1498" width="32" height="46" />
        <cmp x="958" y="1499" width="38" height="48" />
        <cmp x="1004" y="1497" width="87" height="47" />
        <cmp x="1028" y="1499" width="3" height="5" />
        <cmp x="1096" y="1502" width="33" height="51" />
        <cmp x="1132" y="1504" width="95" height="47" />
      </word>
      <word id="c03-016c-03-03" tag="NN" text="mother">
        <cmp x="1322" y="1501" width="74" height="47" />
        <cmp x="1397" y="1482" width="183" height="69" />
      </word>
      <word id="c03-016c-03-04" tag="." text=".">
        <cmp x="1623" y="1535" width="8" height="6" />
      </word>
      <word id="c03-016c-03-05" sentence-start="yes" tag="IN" text="In">
        <cmp x="1692" y="1480" width="90" height="73" />
      </word>
      <word id="c03-016c-03-06" tag="ABL" text="such">
        <cmp x="1868" y="1500" width="104" height="46" />
        <cmp x="1971" y="1484" width="81" height="64" />
      </word>
      <upper-contour>
        <point x="251" y="1430" />
        <point x="2053" y="1430" />
      </upper-contour>
      <lower-contour>
        <point x="242" y="1607" />
        <point x="2053" y="1607" />
      </lower-contour>
    </line>
    <line ass="74" asx="0" asy="1655" character-width="999" dss="74" dsx="0" dsy="1780" fd0="14133" fd1="2457" fd2="-1780" filter-width="3" id="c03-016c-04" lbs="67" lbx="0" lby="1723" segmentation="ok" slant="70000" stroke-width="5220" threshold="184" text="surroundings she learns sex is something sordid," ubs="88" ubx="0" uby="1685">
      <word id="c03-016c-04-00" tag="NNS" text="surroundings">
        <cmp x="232" y="1681" width="162" height="54" />
        <cmp x="404" y="1684" width="28" height="46" />
        <cmp x="444" y="1684" width="103" height="45" />
        <cmp x="553" y="1667" width="73" height="66" />
        <cmp x="622" y="1671" width="4" height="8" />
        <cmp x="631" y="1684" width="39" height="43" />
        <cmp x="667" y="1682" width="72" height="98" />
      </word>
      <word id="c03-016c-04-01" tag="PP3A" text="she">
        <cmp x="814" y="1655" width="124" height="73" />
      </word>
      <word id="c03-016c-04-02" tag="VBZ" text="learns">
        <cmp x="1007" y="1654" width="98" height="80" />
        <cmp x="1111" y="1672" width="125" height="55" />
        <cmp x="1229" y="1686" width="41" height="45" />
      </word>
      <word id="c03-016c-04-03" tag="NN" text="sex">
        <cmp x="1341" y="1670" width="121" height="51" />
      </word>
      <word id="c03-016c-04-04" tag="BEZ" text="is">
        <cmp x="1528" y="1682" width="37" height="49" />
        <cmp x="1562" y="1665" width="5" height="7" />
        <cmp x="1566" y="1686" width="31" height="41" />
      </word>
      <word id="c03-016c-04-05" tag="PN" text="something">
        <cmp x="1662" y="1675" width="58" height="58" />
        <cmp x="1722" y="1677" width="30" height="45" />
        <cmp x="1756" y="1679" width="66" height="43" />
        <cmp x="1823" y="1677" width="32" height="50" />
        <cmp x="1874" y="1654" width="84" height="65" />
        <cmp x="1966" y="1660" width="4" height="6" />
        <cmp x="1973" y="1674" width="44" height="49" />
        <cmp x="2018" y="1677" width="41" height="99" />
      </word>
      <word id="c03-016c-04-06" tag="JJ" text="sordid">
        <cmp x="2124" y="1684" width="50" height="41" />
        <cmp x="2174" y="1680" width="62" height="49" />
        <cmp x="2236" y="1673" width="62" height="54" />
        <cmp x="2300" y="1670" width="6" height="4" />
        <cmp x="2304" y="1674" width="50" height="56" />
      </word>
      <word id="c03-016c-04-07" tag="," text=",">
        <cmp x="2360" y="1700" width="17" height="44" />
      </word>
      <upper-contour>
        <point x="242" y="1607" />
        <point x="2053" y="1607" />
      </upper-contour>
      <lower-contour>
        <point x="235" y="1779" />
        <point x="2323" y="1779" />
      </lower-contour>
    </line>
    <line ass="419" asx="0" asy="1810" character-width="999" dss="419" dsx="0" dsy="1956" fd0="14041" fd1="2432" fd2="-1484" filter-width="3" id="c03-016c-05" lbs="440" lbx="0" lby="1910" segmentation="err" slant="68999" stroke-width="5315" threshold="187" text="and when she experiences it for the first time" ubs="377" ubx="0" uby="1868">
      <word id="c03-016c-05-00" tag="CC" text="and">
        <cmp x="237" y="1865" width="92" height="58" />
        <cmp x="341" y="1846" width="56" height="71" />
      </word>
      <word id="c03-016c-05-01" tag="WRB" text="when">
        <cmp x="481" y="1857" width="158" height="53" />
        <cmp x="555" y="1807" width="26" height="45" />
      </word>
      <word id="c03-016c-05-02" tag="PP3A" text="she">
        <cmp x="714" y="1837" width="160" height="78" />
      </word>
      <word id="c03-016c-05-03" tag="VBZ" text="experiences">
        <cmp x="966" y="1849" width="75" height="67" />
        <cmp x="1035" y="1855" width="42" height="68" />
        <cmp x="1079" y="1849" width="87" height="46" />
        <cmp x="1163" y="1828" width="4" height="6" />
        <cmp x="1165" y="1852" width="84" height="50" />
        <cmp x="1257" y="1856" width="94" height="53" />
      </word>
      <word id="c03-016c-05-04" tag="PP3" text="it">
        <cmp x="1424" y="1868" width="48" height="59" />
        <cmp x="1469" y="1847" width="5" height="8" />
        <cmp x="1479" y="1842" width="25" height="65" />
      </word>
      <word id="c03-016c-05-05" tag="IN" text="for">
        <cmp x="1575" y="1829" width="59" height="108" />
        <cmp x="1615" y="1855" width="55" height="52" />
      </word>
      <word id="c03-016c-05-06" tag="ATI" text="the">
        <cmp x="1740" y="1837" width="62" height="73" />
        <cmp x="1760" y="1845" width="5" height="5" />
        <cmp x="1798" y="1862" width="58" height="47" />
      </word>
      <word id="c03-016c-05-07" tag="OD" text="first">
        <cmp x="1942" y="1828" width="65" height="115" />
        <cmp x="2006" y="1850" width="3" height="7" />
        <cmp x="2006" y="1844" width="90" height="59" />
      </word>
      <word id="c03-016c-05-08" tag="NN" text="time">
        <cmp x="2171" y="1837" width="41" height="63" />
        <cmp x="2210" y="1842" width="3" height="4" />
        <cmp x="2213" y="1852" width="74" height="42" />
        <cmp x="2288" y="1857" width="34" height="42" />
      </word>
      <upper-contour>
        <point x="235" y="1779" />
        <point x="2323" y="1779" />
      </upper-contour>
      <lower-contour>
        <point x="244" y="1945" />
        <point x="2205" y="1945" />
      </lower-contour>
    </line>
    <line ass="64" asx="0" asy="2022" character-width="999" dss="64" dsx="0" dsy="2164" fd0="13838" fd1="2213" fd2="-1676" filter-width="3" id="c03-016c-06" lbs="164" lbx="0" lby="2093" segmentation="ok" slant="71000" stroke-width="5168" threshold="187" text="herself it is incoherently, clumsily, but half" ubs="-133" ubx="0" uby="2040">
      <word id="c03-016c-06-00" tag="PPL" text="herself">
        <cmp x="246" y="2029" width="195" height="66" />
        <cmp x="442" y="2020" width="37" height="116" />
      </word>
      <word id="c03-016c-06-01" tag="PP3" text="it">
        <cmp x="555" y="2041" width="33" height="51" />
        <cmp x="586" y="2020" width="7" height="6" />
        <cmp x="593" y="2020" width="20" height="60" />
      </word>
      <word id="c03-016c-06-02" tag="BEZ" text="is">
        <cmp x="684" y="2043" width="36" height="46" />
        <cmp x="715" y="2029" width="4" height="6" />
        <cmp x="724" y="2040" width="25" height="42" />
      </word>
      <word id="c03-016c-06-03" tag="RB" text="incoherently">
        <cmp x="850" y="2086" width="5" height="5" />
        <cmp x="855" y="2046" width="32" height="46" />
        <cmp x="883" y="2028" width="4" height="6" />
        <cmp x="891" y="2047" width="41" height="43" />
        <cmp x="944" y="2044" width="33" height="49" />
        <cmp x="978" y="2045" width="35" height="48" />
        <cmp x="1017" y="2025" width="188" height="65" />
        <cmp x="1209" y="2021" width="94" height="128" />
      </word>
      <word id="c03-016c-06-04" tag="," text=",">
        <cmp x="1344" y="2090" width="11" height="20" />
      </word>
      <word id="c03-016c-06-05" tag="RB" text="clumsily">
        <cmp x="1394" y="2021" width="112" height="76" />
        <cmp x="1505" y="2044" width="141" height="51" />
        <cmp x="1642" y="2028" width="70" height="136" />
        <cmp x="1644" y="2023" width="4" height="4" />
      </word>
      <word id="c03-016c-06-06" tag="," text=",">
        <cmp x="1748" y="2069" width="23" height="52" />
      </word>
      <word id="c03-016c-06-07" tag="CC" text="but">
        <cmp x="1813" y="2033" width="21" height="52" />
        <cmp x="1827" y="2040" width="34" height="52" />
        <cmp x="1868" y="2027" width="87" height="63" />
      </word>
      <word id="c03-016c-06-08" tag="RB" text="half">
        <cmp x="2016" y="2020" width="75" height="74" />
        <cmp x="2091" y="2022" width="113" height="101" />
      </word>
      <upper-contour>
        <point x="244" y="1945" />
        <point x="2205" y="1945" />
      </upper-contour>
      <lower-contour>
        <point x="244" y="2165" />
        <point x="2205" y="2165" />
      </lower-contour>
    </line>
    <line ass="56" asx="0" asy="2188" character-width="999" dss="56" dsx="0" dsy="2363" fd0="13859" fd1="2328" fd2="-1640" filter-width="3" id="c03-016c-07" lbs="140" lbx="0" lby="2263" segmentation="err" slant="72000" stroke-width="5054" threshold="185" text="shyly and half inquisitively. As is the case in" ubs="-112" ubx="0" uby="2221">
      <word id="c03-016c-07-00" tag="RB" text="shyly">
        <cmp x="218" y="2227" width="50" height="53" />
        <cmp x="276" y="2214" width="42" height="62" />
        <cmp x="311" y="2205" width="132" height="157" />
      </word>
      <word id="c03-016c-07-01" tag="CC" text="and">
        <cmp x="537" y="2214" width="91" height="59" />
        <cmp x="631" y="2204" width="57" height="68" />
      </word>
      <word id="c03-016c-07-02" tag="RB" text="half">
        <cmp x="742" y="2190" width="61" height="71" />
        <cmp x="808" y="2201" width="71" height="65" />
        <cmp x="867" y="2187" width="52" height="123" />
      </word>
      <word id="c03-016c-07-03" tag="RB" text="inquisitively">
        <cmp x="994" y="2218" width="34" height="50" />
        <cmp x="1025" y="2203" width="3" height="11" />
        <cmp x="1032" y="2220" width="44" height="43" />
        <cmp x="1082" y="2214" width="107" height="96" />
        <cmp x="1184" y="2208" width="6" height="6" />
        <cmp x="1192" y="2218" width="70" height="45" />
        <cmp x="1258" y="2202" width="6" height="5" />
        <cmp x="1274" y="2201" width="22" height="55" />
        <cmp x="1304" y="2217" width="16" height="36" />
        <cmp x="1321" y="2197" width="5" height="10" />
        <cmp x="1333" y="2202" width="147" height="123" />
      </word>
      <word id="c03-016c-07-04" tag="." text=".">
        <cmp x="1500" y="2252" width="6" height="5" />
      </word>
      <word id="c03-016c-07-05" sentence-start="yes" tag="CS" text="As">
        <cmp x="1553" y="2187" width="83" height="82" />
      </word>
      <word id="c03-016c-07-06" tag="BEZ" text="is">
        <cmp x="1706" y="2223" width="41" height="45" />
        <cmp x="1747" y="2223" width="46" height="40" />
      </word>
      <word id="c03-016c-07-07" tag="ATI" text="the">
        <cmp x="1851" y="2191" width="102" height="71" />
      </word>
      <word id="c03-016c-07-08" tag="NN" text="case">
        <cmp x="2021" y="2212" width="42" height="52" />
        <cmp x="2056" y="2218" width="112" height="53" />
      </word>
      <word id="c03-016c-07-09" tag="IN" text="in">
        <cmp x="2232" y="2240" width="33" height="39" />
        <cmp x="2264" y="2236" width="58" height="44" />
        <cmp x="2265" y="2223" width="4" height="6" />
      </word>
      <upper-contour>
        <point x="244" y="2165" />
        <point x="2205" y="2165" />
      </upper-contour>
      <lower-contour>
        <point x="290" y="2361" />
        <point x="641" y="2325" />
        <point x="2273" y="2325" />
      </lower-contour>
    </line>
    <line ass="-196" asx="0" asy="2358" character-width="999" dss="-196" dsx="0" dsy="2506" fd0="13854" fd1="2290" fd2="-1779" filter-width="3" id="c03-016c-08" lbs="-57" lbx="0" lby="2437" segmentation="ok" slant="72000" stroke-width="5293" threshold="185" text="Fanny her first lover is a sailor who leaves" ubs="-473" ubx="0" uby="2384">
      <word id="c03-016c-08-00" tag="NP" text="Fanny">
        <cmp x="292" y="2368" width="61" height="15" />
        <cmp x="294" y="2386" width="45" height="57" />
        <cmp x="313" y="2361" width="8" height="3" />
        <cmp x="333" y="2391" width="40" height="57" />
        <cmp x="375" y="2392" width="39" height="47" />
        <cmp x="420" y="2395" width="38" height="46" />
        <cmp x="460" y="2395" width="47" height="113" />
      </word>
      <word id="c03-016c-08-01" tag="PP$" text="her">
        <cmp x="585" y="2361" width="138" height="85" />
      </word>
      <word id="c03-016c-08-02" tag="OD" text="first">
        <cmp x="799" y="2365" width="65" height="115" />
        <cmp x="863" y="2379" width="4" height="4" />
        <cmp x="865" y="2378" width="84" height="66" />
      </word>
      <word id="c03-016c-08-03" tag="NN" text="lover">
        <cmp x="1014" y="2445" width="3" height="6" />
        <cmp x="1018" y="2368" width="84" height="78" />
        <cmp x="1108" y="2393" width="93" height="53" />
      </word>
      <word id="c03-016c-08-04" tag="BEZ" text="is">
        <cmp x="1278" y="2403" width="32" height="47" />
        <cmp x="1305" y="2384" width="4" height="6" />
        <cmp x="1310" y="2402" width="30" height="40" />
      </word>
      <word id="c03-016c-08-05" tag="AT" text="a">
        <cmp x="1405" y="2391" width="41" height="57" />
      </word>
      <word id="c03-016c-08-06" tag="NN" text="sailor">
        <cmp x="1521" y="2393" width="56" height="55" />
        <cmp x="1575" y="2390" width="63" height="55" />
        <cmp x="1636" y="2379" width="7" height="8" />
        <cmp x="1639" y="2378" width="91" height="71" />
      </word>
      <word id="c03-016c-08-07" tag="WP" text="who">
        <cmp x="1816" y="2406" width="79" height="52" />
        <cmp x="1894" y="2383" width="43" height="66" />
        <cmp x="1943" y="2401" width="32" height="46" />
      </word>
      <word id="c03-016c-08-08" tag="VBZ" text="leaves">
        <cmp x="2031" y="2382" width="94" height="71" />
        <cmp x="2126" y="2396" width="146" height="54" />
      </word>
      <upper-contour>
        <point x="290" y="2361" />
        <point x="641" y="2325" />
        <point x="2273" y="2325" />
      </upper-contour>
      <lower-contour>
        <point x="296" y="2507" />
        <point x="2018" y="2507" />
      </lower-contour>
    </line>
    <line ass="-56" asx="0" asy="2539" character-width="999" dss="-56" dsx="0" dsy="2698" fd0="13917" fd1="2355" fd2="-1569" filter-width="3" id="c03-016c-09" lbs="33" lbx="0" lby="2624" segmentation="ok" slant="71000" stroke-width="5258" threshold="188" text="her to bear his child and sails away." ubs="-235" ubx="0" uby="2573">
      <word id="c03-016c-09-00" tag="PP3O" text="her">
        <cmp x="298" y="2573" width="114" height="69" />
        <cmp x="313" y="2566" width="3" height="5" />
      </word>
      <word id="c03-016c-09-01" tag="TO" text="to">
        <cmp x="498" y="2551" width="61" height="72" />
      </word>
      <word id="c03-016c-09-02" tag="VB" text="bear">
        <cmp x="626" y="2554" width="46" height="66" />
        <cmp x="682" y="2575" width="32" height="46" />
        <cmp x="716" y="2572" width="75" height="55" />
      </word>
      <word id="c03-016c-09-03" tag="PP$" text="his">
        <cmp x="841" y="2540" width="107" height="96" />
        <cmp x="947" y="2561" width="7" height="9" />
        <cmp x="948" y="2578" width="41" height="40" />
      </word>
      <word id="c03-016c-09-04" tag="NN" text="child">
        <cmp x="1057" y="2556" width="98" height="70" />
        <cmp x="1153" y="2565" width="4" height="6" />
        <cmp x="1160" y="2559" width="30" height="61" />
        <cmp x="1187" y="2557" width="48" height="65" />
      </word>
      <word id="c03-016c-09-05" tag="CC" text="and">
        <cmp x="1306" y="2571" width="95" height="53" />
        <cmp x="1402" y="2567" width="50" height="57" />
      </word>
      <word id="c03-016c-09-06" tag="VBZ" text="sails">
        <cmp x="1517" y="2571" width="99" height="60" />
        <cmp x="1603" y="2570" width="76" height="66" />
        <cmp x="1617" y="2563" width="6" height="4" />
      </word>
      <word id="c03-016c-09-07" tag="RP" text="away">
        <cmp x="1772" y="2573" width="117" height="62" />
        <cmp x="1893" y="2576" width="98" height="126" />
      </word>
      <word id="c03-016c-09-08" tag="." text=".">
        <cmp x="2011" y="2631" width="7" height="6" />
      </word>
      <upper-contour>
        <point x="296" y="2507" />
        <point x="2018" y="2507" />
      </upper-contour>
    </line>
  </handwritten-part>
</form>

