<?xml version="1.0" encoding="ISO-8859-1"?>

<!DOCTYPE form SYSTEM 'http://www.iam.unibe.ch/~fki/iamdb/form-metadata.dtd'>

<form created="2002-01-16" height="3542" id="c04-075" last-modified="2002-07-17" skew="-63" status="final" version="3.0_beta" width="2479" writer-id="164">
  <machine-printed-part>
    <machine-print-line text="Thus, musician David Lisbon&apos;s chances of being a starred disc solo pianist were greatly" />
    <machine-print-line text="enhanced when he dug out A PACKET OF DRAWING-PINS. &amp;quot;Why not,&amp;quot; thought" />
    <machine-print-line text="ex-soldier Mr. Lisbon, who is twenty-three, and lives in Dagenham, Essex, &amp;quot;press a" />
    <machine-print-line text="thumb-tack into the nose of the hammers that strike the piano strings?&amp;quot; He did, on" />
    <machine-print-line text="his piano at home. There weren&apos;t enough tacks and he got only the middle hammers" />
    <machine-print-line text="done." />
  </machine-printed-part>
  <handwritten-part>
    <line ass="-300" asx="0" asy="923" character-width="999" dss="-300" dsx="0" dsy="1054" fd0="12945" fd1="3089" fd2="-954" filter-width="3" id="c04-075-00" lbs="-309" lbx="0" lby="1000" segmentation="err" slant="95000" stroke-width="4939" threshold="176" text="Thus, musician David Lisbon&apos;s chances of being a starred" ubs="-281" ubx="0" uby="972">
      <word id="c04-075-00-00" sentence-start="yes" tag="RB" text="Thus">
        <cmp x="322" y="926" width="44" height="82" />
        <cmp x="369" y="927" width="27" height="79" />
        <cmp x="398" y="972" width="21" height="36" />
        <cmp x="423" y="971" width="24" height="36" />
        <cmp x="453" y="1007" width="13" height="29" />
      </word>
      <word id="c04-075-00-01" tag="," text=",">
        <cmp x="515" y="976" width="40" height="30" />
      </word>
      <word id="c04-075-00-02" tag="NN" text="musician">
        <cmp x="559" y="978" width="22" height="30" />
        <cmp x="587" y="972" width="28" height="37" />
        <cmp x="623" y="978" width="5" height="26" />
        <cmp x="624" y="964" width="6" height="12" />
        <cmp x="645" y="975" width="33" height="30" />
        <cmp x="670" y="962" width="5" height="10" />
        <cmp x="681" y="970" width="26" height="32" />
        <cmp x="715" y="977" width="24" height="32" />
      </word>
      <word id="c04-075-00-03" tag="NP" text="David">
        <cmp x="819" y="948" width="89" height="63" />
        <cmp x="913" y="972" width="4" height="10" />
        <cmp x="914" y="988" width="6" height="20" />
        <cmp x="933" y="943" width="29" height="66" />
      </word>
      <word id="c04-075-00-04" tag="NP$" text="Lisbon&apos;s">
        <cmp x="1034" y="945" width="22" height="56" />
        <cmp x="1062" y="965" width="6" height="7" />
        <cmp x="1064" y="980" width="5" height="26" />
        <cmp x="1075" y="974" width="22" height="29" />
        <cmp x="1105" y="954" width="24" height="51" />
        <cmp x="1131" y="979" width="27" height="26" />
        <cmp x="1161" y="983" width="26" height="28" />
        <cmp x="1186" y="969" width="8" height="12" />
        <cmp x="1203" y="976" width="27" height="23" />
      </word>
      <word id="c04-075-00-05" tag="NNS" text="chances">
        <cmp x="1305" y="976" width="23" height="26" />
        <cmp x="1338" y="950" width="24" height="58" />
        <cmp x="1360" y="977" width="31" height="30" />
        <cmp x="1393" y="984" width="28" height="27" />
        <cmp x="1426" y="984" width="18" height="29" />
        <cmp x="1447" y="986" width="42" height="32" />
      </word>
      <word id="c04-075-00-06" tag="INO" text="of">
        <cmp x="1529" y="989" width="34" height="26" />
        <cmp x="1566" y="976" width="19" height="51" />
      </word>
      <word id="c04-075-00-07" tag="BEG" text="being">
        <cmp x="1639" y="960" width="25" height="52" />
        <cmp x="1670" y="986" width="33" height="24" />
        <cmp x="1698" y="970" width="3" height="4" />
        <cmp x="1710" y="983" width="23" height="26" />
        <cmp x="1737" y="984" width="35" height="80" />
      </word>
      <word id="c04-075-00-08" tag="AT" text="a">
        <cmp x="1812" y="978" width="33" height="31" />
      </word>
      <word id="c04-075-00-09" tag="JJ" text="starred">
        <cmp x="1895" y="982" width="26" height="27" />
        <cmp x="1921" y="965" width="17" height="46" />
        <cmp x="1940" y="982" width="53" height="30" />
        <cmp x="1999" y="982" width="16" height="30" />
        <cmp x="2015" y="981" width="24" height="27" />
        <cmp x="2044" y="953" width="33" height="56" />
      </word>
      <lower-contour>
        <point x="325" y="1064" />
        <point x="2078" y="1064" />
      </lower-contour>
    </line>
    <line ass="-287" asx="0" asy="1118" character-width="999" dss="-287" dsx="0" dsy="1229" fd0="12902" fd1="3522" fd2="-981" filter-width="3" id="c04-075-01" lbs="-313" lbx="0" lby="1176" segmentation="ok" slant="90000" stroke-width="5029" threshold="175" text="disc solo pianist were greatly enhanced when he dug out" ubs="-234" ubx="0" uby="1150">
      <word id="c04-075-01-00" tag="NN" text="disc">
        <cmp x="327" y="1122" width="27" height="56" />
        <cmp x="361" y="1152" width="7" height="26" />
        <cmp x="362" y="1139" width="5" height="6" />
        <cmp x="374" y="1148" width="23" height="27" />
        <cmp x="404" y="1146" width="24" height="35" />
      </word>
      <word id="c04-075-01-01" tag="JJB" text="solo">
        <cmp x="481" y="1143" width="25" height="36" />
        <cmp x="511" y="1156" width="24" height="26" />
        <cmp x="536" y="1122" width="22" height="64" />
        <cmp x="562" y="1156" width="21" height="26" />
      </word>
      <word id="c04-075-01-02" tag="NN" text="pianist">
        <cmp x="647" y="1154" width="23" height="60" />
        <cmp x="674" y="1161" width="6" height="21" />
        <cmp x="676" y="1143" width="5" height="9" />
        <cmp x="690" y="1155" width="28" height="28" />
        <cmp x="724" y="1156" width="28" height="31" />
        <cmp x="760" y="1162" width="5" height="22" />
        <cmp x="767" y="1156" width="24" height="27" />
        <cmp x="798" y="1133" width="14" height="52" />
      </word>
      <word id="c04-075-01-03" tag="BED" text="were">
        <cmp x="884" y="1154" width="70" height="29" />
        <cmp x="960" y="1158" width="18" height="28" />
      </word>
      <word id="c04-075-01-04" tag="RB" text="greatly">
        <cmp x="1045" y="1149" width="43" height="86" />
        <cmp x="1086" y="1156" width="13" height="26" />
        <cmp x="1099" y="1154" width="26" height="28" />
        <cmp x="1122" y="1140" width="54" height="44" />
        <cmp x="1180" y="1128" width="18" height="52" />
        <cmp x="1193" y="1156" width="36" height="62" />
      </word>
      <word id="c04-075-01-05" tag="VBN" text="enhanced">
        <cmp x="1300" y="1152" width="29" height="23" />
        <cmp x="1331" y="1156" width="22" height="28" />
        <cmp x="1360" y="1136" width="22" height="51" />
        <cmp x="1384" y="1158" width="31" height="28" />
        <cmp x="1422" y="1162" width="26" height="28" />
        <cmp x="1453" y="1162" width="21" height="29" />
        <cmp x="1471" y="1162" width="22" height="28" />
        <cmp x="1496" y="1145" width="28" height="48" />
      </word>
      <word id="c04-075-01-06" tag="WRB" text="when">
        <cmp x="1596" y="1156" width="40" height="30" />
        <cmp x="1642" y="1130" width="21" height="56" />
        <cmp x="1667" y="1157" width="24" height="29" />
        <cmp x="1696" y="1163" width="19" height="29" />
      </word>
      <word id="c04-075-01-07" tag="PP3A" text="he">
        <cmp x="1784" y="1141" width="22" height="49" />
        <cmp x="1810" y="1160" width="21" height="29" />
      </word>
      <word id="c04-075-01-08" tag="VBD" text="dug">
        <cmp x="1875" y="1133" width="31" height="53" />
        <cmp x="1916" y="1160" width="24" height="24" />
        <cmp x="1945" y="1156" width="36" height="78" />
      </word>
      <word id="c04-075-01-09" tag="RP" text="out">
        <cmp x="2040" y="1149" width="51" height="33" />
        <cmp x="2098" y="1137" width="16" height="45" />
      </word>
      <upper-contour>
        <point x="325" y="1064" />
        <point x="2078" y="1064" />
      </upper-contour>
      <lower-contour>
        <point x="328" y="1235" />
        <point x="2115" y="1235" />
      </lower-contour>
    </line>
    <line ass="-252" asx="0" asy="1288" character-width="999" dss="-252" dsx="0" dsy="1408" fd0="12569" fd1="2883" fd2="-1030" filter-width="3" id="c04-075-02" lbs="-96" lbx="0" lby="1358" segmentation="err" slant="90000" stroke-width="5002" threshold="173" text="A PACKET OF DRAWING-PINS. &amp;quot;Why not,&amp;quot; thought ex-soldier" ubs="-564" ubx="0" uby="1312">
      <word id="c04-075-02-00" tag="AT" text="A">
        <cmp x="330" y="1303" width="19" height="52" />
      </word>
      <word id="c04-075-02-01" tag="NN" text="PACKET">
        <cmp x="416" y="1298" width="27" height="55" />
        <cmp x="450" y="1310" width="27" height="51" />
        <cmp x="492" y="1315" width="30" height="39" />
        <cmp x="531" y="1315" width="24" height="37" />
        <cmp x="563" y="1319" width="23" height="37" />
        <cmp x="596" y="1319" width="21" height="37" />
      </word>
      <word id="c04-075-02-02" tag="INO" text="OF">
        <cmp x="683" y="1314" width="26" height="45" />
        <cmp x="721" y="1310" width="29" height="44" />
      </word>
      <word id="c04-075-02-03" tag="NNS" text="DRAWING-PINS">
        <cmp x="812" y="1304" width="29" height="61" />
        <cmp x="853" y="1312" width="30" height="50" />
        <cmp x="894" y="1319" width="23" height="51" />
        <cmp x="930" y="1320" width="36" height="47" />
        <cmp x="977" y="1315" width="8" height="50" />
        <cmp x="1003" y="1325" width="24" height="42" />
        <cmp x="1040" y="1323" width="26" height="37" />
        <cmp x="1093" y="1327" width="15" height="5" />
        <cmp x="1120" y="1316" width="25" height="52" />
        <cmp x="1153" y="1327" width="6" height="42" />
        <cmp x="1175" y="1322" width="28" height="41" />
        <cmp x="1207" y="1324" width="27" height="37" />
      </word>
      <word id="c04-075-02-04" tag="." text=".">
        <cmp x="1263" y="1356" width="6" height="5" />
      </word>
      <word id="c04-075-02-05" sentence-start="yes" tag="*&apos;" text="&quot;">
        <cmp x="1301" y="1297" width="4" height="13" />
        <cmp x="1311" y="1295" width="5" height="17" />
      </word>
      <word id="c04-075-02-06" tag="WRB" text="Why">
        <cmp x="1350" y="1300" width="42" height="58" />
        <cmp x="1410" y="1299" width="26" height="61" />
        <cmp x="1438" y="1332" width="29" height="70" />
      </word>
      <word id="c04-075-02-07" tag="XNOT" text="not">
        <cmp x="1518" y="1341" width="26" height="27" />
        <cmp x="1548" y="1343" width="27" height="27" />
        <cmp x="1578" y="1326" width="16" height="49" />
        <cmp x="1601" y="1316" width="5" height="22" />
      </word>
      <word id="c04-075-02-08" tag="," text=",">
        <cmp x="1614" y="1318" width="5" height="14" />
      </word>
      <word id="c04-075-02-09" tag="**&apos;" text="&quot;">
        <cmp x="1631" y="1372" width="8" height="16" />
      </word>
      <word id="c04-075-02-10" tag="VBD" text="thought">
        <cmp x="1676" y="1315" width="25" height="51" />
        <cmp x="1704" y="1309" width="28" height="57" />
        <cmp x="1734" y="1341" width="27" height="24" />
        <cmp x="1769" y="1341" width="23" height="25" />
        <cmp x="1795" y="1339" width="36" height="77" />
        <cmp x="1834" y="1316" width="33" height="52" />
        <cmp x="1862" y="1315" width="21" height="59" />
      </word>
      <word id="c04-075-02-11" tag="NN" text="ex-soldier">
        <cmp x="1968" y="1335" width="49" height="32" />
        <cmp x="2030" y="1344" width="11" height="4" />
        <cmp x="2060" y="1331" width="29" height="31" />
        <cmp x="2076" y="1330" width="5" height="3" />
        <cmp x="2091" y="1308" width="75" height="59" />
        <cmp x="2167" y="1349" width="6" height="20" />
        <cmp x="2169" y="1333" width="3" height="4" />
        <cmp x="2184" y="1341" width="40" height="28" />
      </word>
      <upper-contour>
        <point x="328" y="1235" />
        <point x="2115" y="1235" />
      </upper-contour>
      <lower-contour>
        <point x="328" y="1416" />
        <point x="2225" y="1416" />
      </lower-contour>
    </line>
    <line ass="-118" asx="0" asy="1481" character-width="999" dss="-118" dsx="0" dsy="1587" fd0="13152" fd1="2928" fd2="-809" filter-width="3" id="c04-075-03" lbs="-167" lbx="0" lby="1543" segmentation="err" slant="94000" stroke-width="4997" threshold="175" text="Mr. Lisbon, who is twenty-three, and lives in Dagenham, Essex," ubs="-18" ubx="0" uby="1518">
      <word id="c04-075-03-00" tag="NPT" text="Mr.">
        <cmp x="330" y="1490" width="34" height="53" />
        <cmp x="379" y="1508" width="17" height="32" />
        <cmp x="408" y="1532" width="5" height="6" />
      </word>
      <word id="c04-075-03-01" tag="NP" text="Lisbon">
        <cmp x="453" y="1488" width="24" height="57" />
        <cmp x="478" y="1499" width="6" height="8" />
        <cmp x="480" y="1525" width="8" height="16" />
        <cmp x="495" y="1518" width="26" height="27" />
        <cmp x="524" y="1497" width="56" height="58" />
        <cmp x="587" y="1524" width="21" height="26" />
      </word>
      <word id="c04-075-03-02" tag="," text=",">
        <cmp x="629" y="1544" width="7" height="17" />
      </word>
      <word id="c04-075-03-03" tag="WP" text="who">
        <cmp x="679" y="1521" width="36" height="26" />
        <cmp x="718" y="1495" width="26" height="56" />
        <cmp x="746" y="1526" width="24" height="25" />
      </word>
      <word id="c04-075-03-04" tag="BEZ" text="is">
        <cmp x="851" y="1501" width="4" height="7" />
        <cmp x="852" y="1520" width="6" height="20" />
        <cmp x="865" y="1516" width="26" height="30" />
      </word>
      <word id="c04-075-03-05" tag="CD" text="twenty-three">
        <cmp x="933" y="1494" width="15" height="45" />
        <cmp x="957" y="1513" width="38" height="28" />
        <cmp x="1001" y="1513" width="22" height="25" />
        <cmp x="1026" y="1515" width="28" height="31" />
        <cmp x="1057" y="1496" width="25" height="47" />
        <cmp x="1082" y="1516" width="34" height="74" />
        <cmp x="1111" y="1528" width="24" height="6" />
        <cmp x="1169" y="1498" width="18" height="42" />
        <cmp x="1197" y="1485" width="24" height="58" />
        <cmp x="1223" y="1516" width="18" height="27" />
        <cmp x="1245" y="1515" width="45" height="32" />
      </word>
      <word id="c04-075-03-06" tag="," text=",">
        <cmp x="1317" y="1544" width="6" height="17" />
      </word>
      <word id="c04-075-03-07" tag="CC" text="and">
        <cmp x="1346" y="1513" width="35" height="32" />
        <cmp x="1387" y="1498" width="53" height="50" />
      </word>
      <word id="c04-075-03-08" tag="VBZ" text="lives">
        <cmp x="1497" y="1489" width="34" height="57" />
        <cmp x="1526" y="1497" width="6" height="13" />
        <cmp x="1541" y="1516" width="17" height="25" />
        <cmp x="1564" y="1514" width="45" height="28" />
      </word>
      <word id="c04-075-03-09" tag="IN" text="in">
        <cmp x="1671" y="1517" width="9" height="26" />
        <cmp x="1673" y="1498" width="6" height="9" />
        <cmp x="1695" y="1516" width="19" height="27" />
      </word>
      <word id="c04-075-03-10" tag="NP" text="Dagenham">
        <cmp x="1782" y="1500" width="29" height="43" />
        <cmp x="1812" y="1518" width="75" height="65" />
        <cmp x="1888" y="1517" width="23" height="26" />
        <cmp x="1917" y="1522" width="22" height="25" />
        <cmp x="1947" y="1505" width="22" height="48" />
        <cmp x="1969" y="1525" width="36" height="27" />
        <cmp x="2010" y="1531" width="33" height="23" />
      </word>
      <word id="c04-075-03-11" tag="," text=",">
        <cmp x="2073" y="1549" width="8" height="19" />
      </word>
      <word id="c04-075-03-12" tag="NP" text="Essex">
        <cmp x="2104" y="1507" width="51" height="39" />
        <cmp x="2155" y="1517" width="77" height="29" />
      </word>
      <word id="c04-075-03-13" tag="," text=",">
        <cmp x="2238" y="1548" width="9" height="16" />
      </word>
      <upper-contour>
        <point x="328" y="1416" />
        <point x="2225" y="1416" />
      </upper-contour>
      <lower-contour>
        <point x="328" y="1590" />
        <point x="2171" y="1590" />
      </lower-contour>
    </line>
    <line ass="-355" asx="0" asy="1635" character-width="999" dss="-355" dsx="0" dsy="1748" fd0="12870" fd1="3866" fd2="-414" filter-width="3" id="c04-075-04" lbs="-383" lbx="0" lby="1715" segmentation="ok" slant="90000" stroke-width="5035" threshold="173" text="&amp;quot;press a thumb-tack into the nose of the hammers that strike" ubs="-301" ubx="0" uby="1688">
      <word id="c04-075-04-00" tag="*&apos;" text="&quot;">
        <cmp x="316" y="1638" width="5" height="20" />
        <cmp x="323" y="1639" width="4" height="19" />
      </word>
      <word id="c04-075-04-01" tag="VB" text="press">
        <cmp x="354" y="1689" width="26" height="62" />
        <cmp x="388" y="1693" width="15" height="31" />
        <cmp x="406" y="1687" width="62" height="33" />
      </word>
      <word id="c04-075-04-02" tag="AT" text="a">
        <cmp x="516" y="1689" width="31" height="35" />
      </word>
      <word id="c04-075-04-03" tag="NN" text="thumb-tack">
        <cmp x="590" y="1663" width="22" height="55" />
        <cmp x="609" y="1664" width="31" height="61" />
        <cmp x="645" y="1695" width="20" height="28" />
        <cmp x="672" y="1696" width="31" height="28" />
        <cmp x="709" y="1668" width="29" height="53" />
        <cmp x="757" y="1702" width="9" height="7" />
        <cmp x="786" y="1671" width="25" height="51" />
        <cmp x="811" y="1695" width="30" height="30" />
        <cmp x="847" y="1691" width="47" height="30" />
      </word>
      <word id="c04-075-04-04" tag="IN" text="into">
        <cmp x="956" y="1680" width="3" height="5" />
        <cmp x="956" y="1698" width="5" height="20" />
        <cmp x="974" y="1690" width="26" height="28" />
        <cmp x="1003" y="1673" width="24" height="46" />
        <cmp x="1022" y="1694" width="23" height="27" />
      </word>
      <word id="c04-075-04-05" tag="ATI" text="the">
        <cmp x="1122" y="1671" width="22" height="52" />
        <cmp x="1148" y="1669" width="21" height="51" />
        <cmp x="1174" y="1695" width="20" height="25" />
      </word>
      <word id="c04-075-04-06" tag="NN" text="nose">
        <cmp x="1239" y="1697" width="25" height="27" />
        <cmp x="1269" y="1699" width="45" height="27" />
        <cmp x="1321" y="1704" width="23" height="26" />
      </word>
      <word id="c04-075-04-07" tag="INO" text="of">
        <cmp x="1397" y="1685" width="47" height="56" />
      </word>
      <word id="c04-075-04-08" tag="ATI" text="the">
        <cmp x="1486" y="1680" width="18" height="42" />
        <cmp x="1506" y="1679" width="51" height="47" />
      </word>
      <word id="c04-075-04-09" tag="NNS" text="hammers">
        <cmp x="1613" y="1668" width="29" height="60" />
        <cmp x="1644" y="1698" width="27" height="31" />
        <cmp x="1675" y="1702" width="38" height="28" />
        <cmp x="1718" y="1703" width="33" height="32" />
        <cmp x="1755" y="1706" width="36" height="24" />
        <cmp x="1793" y="1701" width="24" height="28" />
      </word>
      <word id="c04-075-04-10" tag="WP" text="that">
        <cmp x="1874" y="1672" width="22" height="48" />
        <cmp x="1898" y="1671" width="78" height="54" />
      </word>
      <word id="c04-075-04-11" tag="VB" text="strike">
        <cmp x="2026" y="1693" width="31" height="35" />
        <cmp x="2056" y="1683" width="18" height="44" />
        <cmp x="2079" y="1702" width="15" height="27" />
        <cmp x="2099" y="1690" width="7" height="8" />
        <cmp x="2102" y="1705" width="7" height="23" />
        <cmp x="2121" y="1697" width="19" height="34" />
        <cmp x="2149" y="1706" width="21" height="25" />
      </word>
      <upper-contour>
        <point x="328" y="1590" />
        <point x="2171" y="1590" />
      </upper-contour>
      <lower-contour>
        <point x="335" y="1751" />
        <point x="2171" y="1751" />
      </lower-contour>
    </line>
    <line ass="-285" asx="0" asy="1825" character-width="999" dss="-285" dsx="0" dsy="1946" fd0="12810" fd1="3855" fd2="-437" filter-width="3" id="c04-075-05" lbs="-278" lbx="0" lby="1894" segmentation="ok" slant="90000" stroke-width="4954" threshold="174" text="the piano strings?&amp;quot; He did, on his piano at home. There weren&apos;t" ubs="-298" ubx="0" uby="1870">
      <word id="c04-075-05-00" tag="ATI" text="the">
        <cmp x="337" y="1841" width="20" height="54" />
        <cmp x="354" y="1843" width="27" height="58" />
        <cmp x="386" y="1871" width="20" height="25" />
      </word>
      <word id="c04-075-05-01" tag="NN" text="piano">
        <cmp x="450" y="1871" width="24" height="66" />
        <cmp x="480" y="1865" width="5" height="9" />
        <cmp x="482" y="1878" width="6" height="27" />
        <cmp x="494" y="1876" width="25" height="31" />
        <cmp x="525" y="1878" width="20" height="33" />
        <cmp x="549" y="1873" width="30" height="29" />
      </word>
      <word id="c04-075-05-02" tag="NNS" text="strings">
        <cmp x="657" y="1870" width="26" height="32" />
        <cmp x="687" y="1851" width="19" height="50" />
        <cmp x="708" y="1875" width="16" height="26" />
        <cmp x="733" y="1860" width="5" height="11" />
        <cmp x="733" y="1878" width="8" height="22" />
        <cmp x="750" y="1874" width="22" height="30" />
        <cmp x="775" y="1872" width="40" height="78" />
        <cmp x="804" y="1865" width="24" height="33" />
      </word>
      <word id="c04-075-05-03" tag="?" text="?">
        <cmp x="867" y="1834" width="25" height="44" />
        <cmp x="873" y="1890" width="4" height="6" />
      </word>
      <word id="c04-075-05-04" tag="**&apos;" text="&quot;">
        <cmp x="907" y="1834" width="5" height="13" />
        <cmp x="917" y="1831" width="6" height="9" />
      </word>
      <word id="c04-075-05-05" sentence-start="yes" tag="PP3A" text="He">
        <cmp x="963" y="1840" width="47" height="66" />
        <cmp x="1015" y="1870" width="23" height="28" />
      </word>
      <word id="c04-075-05-06" tag="DOD" text="did">
        <cmp x="1087" y="1844" width="30" height="60" />
        <cmp x="1122" y="1880" width="5" height="19" />
        <cmp x="1125" y="1866" width="3" height="11" />
        <cmp x="1133" y="1845" width="29" height="53" />
      </word>
      <word id="c04-075-05-07" tag="," text=",">
        <cmp x="1179" y="1902" width="6" height="12" />
      </word>
      <word id="c04-075-05-08" tag="IN" text="on">
        <cmp x="1214" y="1875" width="26" height="33" />
        <cmp x="1247" y="1880" width="19" height="27" />
      </word>
      <word id="c04-075-05-09" tag="PP$" text="his">
        <cmp x="1300" y="1850" width="39" height="56" />
        <cmp x="1335" y="1866" width="4" height="7" />
        <cmp x="1342" y="1876" width="26" height="29" />
      </word>
      <word id="c04-075-05-10" tag="NN" text="piano">
        <cmp x="1431" y="1881" width="22" height="67" />
        <cmp x="1457" y="1888" width="6" height="26" />
        <cmp x="1460" y="1875" width="4" height="7" />
        <cmp x="1466" y="1884" width="29" height="26" />
        <cmp x="1502" y="1882" width="25" height="28" />
        <cmp x="1530" y="1881" width="30" height="28" />
      </word>
      <word id="c04-075-05-11" tag="IN" text="at">
        <cmp x="1645" y="1852" width="61" height="51" />
      </word>
      <word id="c04-075-05-12" tag="NR" text="home">
        <cmp x="1757" y="1845" width="24" height="63" />
        <cmp x="1780" y="1875" width="25" height="29" />
        <cmp x="1808" y="1877" width="34" height="26" />
        <cmp x="1849" y="1879" width="20" height="27" />
      </word>
      <word id="c04-075-05-13" tag="." text=".">
        <cmp x="1891" y="1889" width="4" height="6" />
      </word>
      <word id="c04-075-05-14" sentence-start="yes" tag="EX" text="There">
        <cmp x="1940" y="1847" width="96" height="61" />
        <cmp x="1955" y="1853" width="6" height="49" />
        <cmp x="2038" y="1878" width="25" height="30" />
      </word>
      <word id="c04-075-05-15" tag="BEDX" text="weren&apos;t">
        <cmp x="2101" y="1885" width="37" height="28" />
        <cmp x="2143" y="1887" width="40" height="24" />
        <cmp x="2182" y="1885" width="20" height="21" />
        <cmp x="2205" y="1888" width="25" height="21" />
        <cmp x="2224" y="1868" width="6" height="11" />
        <cmp x="2235" y="1865" width="19" height="45" />
      </word>
      <upper-contour>
        <point x="335" y="1751" />
        <point x="2171" y="1751" />
      </upper-contour>
      <lower-contour>
        <point x="335" y="1950" />
        <point x="2212" y="1950" />
      </lower-contour>
    </line>
    <line ass="-430" asx="0" asy="2016" character-width="999" dss="-430" dsx="0" dsy="2135" fd0="12549" fd1="3373" fd2="-791" filter-width="3" id="c04-075-06" lbs="-369" lbx="0" lby="2076" segmentation="ok" slant="90000" stroke-width="5100" threshold="175" text="enough tacks and he got only the middle hammers done." ubs="-552" ubx="0" uby="2044">
      <word id="c04-075-06-00" tag="DTI" text="enough">
        <cmp x="333" y="2049" width="23" height="32" />
        <cmp x="365" y="2053" width="29" height="29" />
        <cmp x="396" y="2051" width="28" height="27" />
        <cmp x="425" y="2051" width="24" height="26" />
        <cmp x="453" y="2050" width="36" height="89" />
        <cmp x="483" y="2024" width="36" height="62" />
      </word>
      <word id="c04-075-06-01" tag="NNS" text="tacks">
        <cmp x="605" y="2024" width="45" height="55" />
        <cmp x="659" y="2047" width="44" height="34" />
        <cmp x="700" y="2051" width="27" height="33" />
      </word>
      <word id="c04-075-06-02" tag="CC" text="and">
        <cmp x="806" y="2046" width="33" height="30" />
        <cmp x="842" y="2054" width="25" height="27" />
        <cmp x="868" y="2033" width="28" height="48" />
      </word>
      <word id="c04-075-06-03" tag="PP3A" text="he">
        <cmp x="962" y="2025" width="23" height="55" />
        <cmp x="989" y="2050" width="21" height="31" />
      </word>
      <word id="c04-075-06-04" tag="VBD" text="got">
        <cmp x="1065" y="2050" width="57" height="90" />
        <cmp x="1128" y="2028" width="15" height="50" />
      </word>
      <word id="c04-075-06-05" tag="RB" text="only">
        <cmp x="1218" y="2049" width="27" height="27" />
        <cmp x="1254" y="2052" width="23" height="28" />
        <cmp x="1286" y="2029" width="56" height="101" />
      </word>
      <word id="c04-075-06-06" tag="ATI" text="the">
        <cmp x="1404" y="2027" width="21" height="62" />
        <cmp x="1431" y="2027" width="21" height="63" />
        <cmp x="1459" y="2062" width="22" height="26" />
      </word>
      <word id="c04-075-06-07" tag="JJB" text="middle">
        <cmp x="1552" y="2069" width="29" height="24" />
        <cmp x="1590" y="2073" width="5" height="22" />
        <cmp x="1592" y="2058" width="3" height="8" />
        <cmp x="1606" y="2044" width="27" height="47" />
        <cmp x="1644" y="2044" width="28" height="50" />
        <cmp x="1679" y="2038" width="20" height="55" />
        <cmp x="1704" y="2067" width="20" height="34" />
      </word>
      <word id="c04-075-06-08" tag="NNS" text="hammers">
        <cmp x="1793" y="2039" width="52" height="57" />
        <cmp x="1857" y="2063" width="39" height="28" />
        <cmp x="1898" y="2064" width="37" height="27" />
        <cmp x="1946" y="2063" width="39" height="30" />
        <cmp x="1987" y="2060" width="25" height="24" />
      </word>
      <word id="c04-075-06-09" tag="VBN" text="done">
        <cmp x="2073" y="2032" width="31" height="52" />
        <cmp x="2107" y="2062" width="26" height="24" />
        <cmp x="2139" y="2061" width="22" height="26" />
        <cmp x="2162" y="2058" width="27" height="30" />
      </word>
      <word id="c04-075-06-10" tag="." text=".">
        <cmp x="2208" y="2081" width="4" height="5" />
      </word>
      <upper-contour>
        <point x="335" y="1950" />
        <point x="2212" y="1950" />
      </upper-contour>
    </line>
  </handwritten-part>
</form>

