<?xml version="1.0" encoding="ISO-8859-1"?>

<!DOCTYPE form SYSTEM 'http://www.iam.unibe.ch/~fki/iamdb/form-metadata.dtd'>

<form created="2002-01-16" height="3542" id="c04-004" last-modified="2002-07-17" skew="0" status="final" version="3.0_beta" width="2479" writer-id="157">
  <machine-printed-part>
    <machine-print-line text="I have a hunch that he will feel more at home in the old, star-studded West End than" />
    <machine-print-line text="he will ever feel in Hollywood. His American bosses, 20th-Century Fox, have recently" />
    <machine-print-line text="given Frankie the full, razzamataz, red-carpet treatment. But they haven&apos;t done a" />
    <machine-print-line text="thing for his film career that Anna Neagle and Herbert Wilcox were not doing better" />
    <machine-print-line text="here, before the platinum-plated Hollywood carrot was dangled before his nose." />
  </machine-printed-part>
  <handwritten-part>
    <line ass="3" asx="0" asy="742" character-width="999" dss="3" dsx="0" dsy="797" fd0="13330" fd1="3766" fd2="377" filter-width="3" id="c04-004-00" lbs="-1" lbx="0" lby="791" segmentation="ok" slant="100000" stroke-width="4605" threshold="182" text="I have a hunch that he will feel more at home in the" ubs="12" ubx="0" uby="769">
      <word id="c04-004-00-00" sentence-start="yes" tag="PP1A" text="I">
        <cmp x="359" y="746" width="15" height="45" />
      </word>
      <word id="c04-004-00-01" tag="HV" text="have">
        <cmp x="427" y="753" width="25" height="39" />
        <cmp x="458" y="774" width="33" height="21" />
        <cmp x="493" y="775" width="14" height="22" />
        <cmp x="513" y="772" width="21" height="24" />
      </word>
      <word id="c04-004-00-02" tag="AT" text="a">
        <cmp x="599" y="769" width="35" height="22" />
      </word>
      <word id="c04-004-00-03" tag="NN" text="hunch">
        <cmp x="680" y="754" width="27" height="35" />
        <cmp x="713" y="771" width="29" height="19" />
        <cmp x="743" y="773" width="24" height="17" />
        <cmp x="774" y="755" width="42" height="36" />
      </word>
      <word id="c04-004-00-04" tag="CS" text="that">
        <cmp x="872" y="752" width="48" height="39" />
        <cmp x="925" y="771" width="33" height="19" />
        <cmp x="962" y="760" width="17" height="28" />
      </word>
      <word id="c04-004-00-05" tag="PP3A" text="he">
        <cmp x="1048" y="751" width="55" height="38" />
      </word>
      <word id="c04-004-00-06" tag="MD" text="will">
        <cmp x="1154" y="770" width="40" height="22" />
        <cmp x="1201" y="772" width="7" height="19" />
        <cmp x="1204" y="758" width="4" height="4" />
        <cmp x="1216" y="749" width="46" height="41" />
      </word>
      <word id="c04-004-00-07" tag="VB" text="feel">
        <cmp x="1328" y="745" width="22" height="47" />
        <cmp x="1352" y="742" width="62" height="50" />
      </word>
      <word id="c04-004-00-08" tag="RBR" text="more">
        <cmp x="1484" y="766" width="37" height="25" />
        <cmp x="1525" y="771" width="26" height="19" />
        <cmp x="1555" y="767" width="17" height="24" />
        <cmp x="1575" y="768" width="23" height="24" />
      </word>
      <word id="c04-004-00-09" tag="IN" text="at">
        <cmp x="1654" y="770" width="38" height="20" />
        <cmp x="1694" y="759" width="22" height="28" />
      </word>
      <word id="c04-004-00-10" tag="NR" text="home">
        <cmp x="1770" y="752" width="25" height="40" />
        <cmp x="1800" y="773" width="25" height="19" />
        <cmp x="1829" y="773" width="32" height="22" />
        <cmp x="1866" y="772" width="19" height="22" />
      </word>
      <word id="c04-004-00-11" tag="IN" text="in">
        <cmp x="1956" y="773" width="6" height="20" />
        <cmp x="1958" y="763" width="6" height="4" />
        <cmp x="1968" y="775" width="24" height="18" />
      </word>
      <word id="c04-004-00-12" tag="ATI" text="the">
        <cmp x="2032" y="759" width="22" height="35" />
        <cmp x="2053" y="756" width="51" height="34" />
      </word>
      <lower-contour>
        <point x="360" y="797" />
        <point x="2052" y="797" />
      </lower-contour>
    </line>
    <line ass="-50" asx="0" asy="918" character-width="999" dss="-50" dsx="0" dsy="984" fd0="13173" fd1="3529" fd2="-71" filter-width="3" id="c04-004-01" lbs="-48" lbx="0" lby="969" segmentation="ok" slant="94000" stroke-width="4536" threshold="183" text="old, star-studded West End than he will ever feel in" ubs="-53" ubx="0" uby="946">
      <word id="c04-004-01-00" tag="JJ" text="old">
        <cmp x="362" y="947" width="26" height="23" />
        <cmp x="391" y="920" width="56" height="50" />
      </word>
      <word id="c04-004-01-01" tag="," text=",">
        <cmp x="467" y="967" width="7" height="18" />
      </word>
      <word id="c04-004-01-02" tag="JJ" text="star-studded">
        <cmp x="534" y="948" width="18" height="23" />
        <cmp x="557" y="934" width="17" height="36" />
        <cmp x="576" y="950" width="53" height="23" />
        <cmp x="649" y="958" width="19" height="4" />
        <cmp x="699" y="946" width="17" height="27" />
        <cmp x="723" y="933" width="19" height="38" />
        <cmp x="746" y="951" width="34" height="20" />
        <cmp x="782" y="924" width="30" height="47" />
        <cmp x="818" y="920" width="31" height="49" />
        <cmp x="856" y="920" width="52" height="49" />
      </word>
      <word id="c04-004-01-03" tag="NP" text="West">
        <cmp x="980" y="933" width="49" height="36" />
        <cmp x="1035" y="946" width="37" height="24" />
        <cmp x="1076" y="934" width="19" height="35" />
      </word>
      <word id="c04-004-01-04" tag="NP" text="End">
        <cmp x="1136" y="920" width="31" height="46" />
        <cmp x="1144" y="946" width="17" height="7" />
        <cmp x="1170" y="948" width="24" height="20" />
        <cmp x="1198" y="928" width="27" height="42" />
      </word>
      <word id="c04-004-01-05" tag="CS" text="than">
        <cmp x="1284" y="932" width="47" height="37" />
        <cmp x="1337" y="947" width="36" height="21" />
        <cmp x="1374" y="951" width="23" height="22" />
      </word>
      <word id="c04-004-01-06" tag="PP3A" text="he">
        <cmp x="1469" y="928" width="45" height="45" />
      </word>
      <word id="c04-004-01-07" tag="MD" text="will">
        <cmp x="1569" y="949" width="36" height="21" />
        <cmp x="1608" y="953" width="7" height="18" />
        <cmp x="1611" y="940" width="5" height="4" />
        <cmp x="1624" y="921" width="46" height="49" />
      </word>
      <word id="c04-004-01-08" tag="RB" text="ever">
        <cmp x="1728" y="950" width="19" height="24" />
        <cmp x="1754" y="948" width="14" height="23" />
        <cmp x="1774" y="949" width="42" height="23" />
      </word>
      <word id="c04-004-01-09" tag="VB" text="feel">
        <cmp x="1878" y="924" width="21" height="53" />
        <cmp x="1903" y="921" width="59" height="53" />
      </word>
      <word id="c04-004-01-10" tag="IN" text="in">
        <cmp x="2015" y="953" width="4" height="16" />
        <cmp x="2018" y="942" width="3" height="4" />
        <cmp x="2028" y="953" width="23" height="18" />
      </word>
      <upper-contour>
        <point x="360" y="797" />
        <point x="2052" y="797" />
      </upper-contour>
      <lower-contour>
        <point x="361" y="985" />
        <point x="2052" y="985" />
      </lower-contour>
    </line>
    <line ass="-294" asx="0" asy="1085" character-width="999" dss="-294" dsx="0" dsy="1187" fd0="13634" fd1="3971" fd2="-445" filter-width="3" id="c04-004-02" lbs="-301" lbx="0" lby="1140" segmentation="ok" slant="97000" stroke-width="4563" threshold="184" text="Hollywood. His American bosses, 20th-Century Fox, have" ubs="-281" ubx="0" uby="1120">
      <word id="c04-004-02-00" tag="NP" text="Hollywood">
        <cmp x="363" y="1100" width="28" height="41" />
        <cmp x="399" y="1122" width="24" height="20" />
        <cmp x="430" y="1100" width="70" height="88" />
        <cmp x="503" y="1122" width="38" height="24" />
        <cmp x="547" y="1126" width="24" height="19" />
        <cmp x="575" y="1124" width="23" height="19" />
        <cmp x="601" y="1097" width="31" height="48" />
      </word>
      <word id="c04-004-02-01" tag="." text=".">
        <cmp x="652" y="1141" width="5" height="5" />
      </word>
      <word id="c04-004-02-02" sentence-start="yes" tag="PP$" text="His">
        <cmp x="703" y="1104" width="32" height="43" />
        <cmp x="743" y="1126" width="7" height="18" />
        <cmp x="745" y="1118" width="7" height="6" />
        <cmp x="760" y="1123" width="20" height="23" />
      </word>
      <word id="c04-004-02-03" tag="JNP" text="American">
        <cmp x="843" y="1099" width="31" height="43" />
        <cmp x="881" y="1128" width="34" height="19" />
        <cmp x="923" y="1126" width="41" height="20" />
        <cmp x="969" y="1130" width="6" height="17" />
        <cmp x="971" y="1120" width="7" height="5" />
        <cmp x="982" y="1125" width="21" height="20" />
        <cmp x="998" y="1124" width="4" height="3" />
        <cmp x="1007" y="1127" width="55" height="20" />
      </word>
      <word id="c04-004-02-04" tag="NNS" text="bosses">
        <cmp x="1126" y="1099" width="24" height="58" />
        <cmp x="1156" y="1129" width="24" height="20" />
        <cmp x="1186" y="1127" width="16" height="23" />
        <cmp x="1211" y="1126" width="17" height="21" />
        <cmp x="1236" y="1123" width="38" height="25" />
      </word>
      <word id="c04-004-02-05" tag="," text=",">
        <cmp x="1298" y="1145" width="7" height="16" />
      </word>
      <word id="c04-004-02-06" tag="NP" text="20th-Century">
        <cmp x="1367" y="1109" width="28" height="45" />
        <cmp x="1395" y="1115" width="28" height="30" />
        <cmp x="1433" y="1107" width="46" height="39" />
        <cmp x="1488" y="1129" width="21" height="5" />
        <cmp x="1548" y="1107" width="55" height="42" />
        <cmp x="1604" y="1129" width="21" height="20" />
        <cmp x="1632" y="1115" width="18" height="34" />
        <cmp x="1653" y="1127" width="49" height="20" />
        <cmp x="1708" y="1128" width="27" height="68" />
      </word>
      <word id="c04-004-02-07" tag="NP" text="Fox">
        <cmp x="1789" y="1096" width="31" height="53" />
        <cmp x="1820" y="1124" width="26" height="22" />
        <cmp x="1851" y="1123" width="24" height="26" />
      </word>
      <word id="c04-004-02-08" tag="," text=",">
        <cmp x="1889" y="1150" width="10" height="15" />
      </word>
      <word id="c04-004-02-09" tag="HV" text="have">
        <cmp x="1951" y="1105" width="26" height="48" />
        <cmp x="1983" y="1129" width="33" height="20" />
        <cmp x="2019" y="1131" width="12" height="19" />
        <cmp x="2035" y="1128" width="25" height="18" />
      </word>
      <upper-contour>
        <point x="361" y="985" />
        <point x="2052" y="985" />
      </upper-contour>
      <lower-contour>
        <point x="361" y="1196" />
        <point x="2061" y="1196" />
      </lower-contour>
    </line>
    <line ass="-198" asx="0" asy="1272" character-width="999" dss="-198" dsx="0" dsy="1369" fd0="13281" fd1="3159" fd2="-619" filter-width="3" id="c04-004-03" lbs="-229" lbx="0" lby="1325" segmentation="ok" slant="98000" stroke-width="4582" threshold="183" text="recently given Frankie the full, razzamataz, red-carpet" ubs="-137" ubx="0" uby="1305">
      <word id="c04-004-03-00" tag="RB" text="recently">
        <cmp x="355" y="1304" width="20" height="23" />
        <cmp x="378" y="1303" width="21" height="25" />
        <cmp x="408" y="1306" width="64" height="22" />
        <cmp x="476" y="1297" width="19" height="28" />
        <cmp x="501" y="1288" width="47" height="82" />
      </word>
      <word id="c04-004-03-01" tag="VBN" text="given">
        <cmp x="619" y="1311" width="39" height="61" />
        <cmp x="651" y="1304" width="5" height="4" />
        <cmp x="664" y="1313" width="16" height="23" />
        <cmp x="685" y="1311" width="26" height="24" />
        <cmp x="714" y="1316" width="22" height="15" />
      </word>
      <word id="c04-004-03-02" tag="NP" text="Frankie">
        <cmp x="792" y="1279" width="32" height="51" />
        <cmp x="802" y="1300" width="19" height="7" />
        <cmp x="829" y="1308" width="18" height="19" />
        <cmp x="851" y="1309" width="35" height="19" />
        <cmp x="886" y="1313" width="20" height="17" />
        <cmp x="912" y="1284" width="21" height="46" />
        <cmp x="938" y="1302" width="4" height="3" />
        <cmp x="938" y="1311" width="7" height="21" />
        <cmp x="950" y="1308" width="25" height="23" />
      </word>
      <word id="c04-004-03-03" tag="ATI" text="the">
        <cmp x="1018" y="1294" width="21" height="34" />
        <cmp x="1045" y="1292" width="48" height="36" />
      </word>
      <word id="c04-004-03-04" tag="JJ" text="full">
        <cmp x="1144" y="1284" width="23" height="45" />
        <cmp x="1169" y="1307" width="33" height="24" />
        <cmp x="1204" y="1289" width="50" height="41" />
      </word>
      <word id="c04-004-03-05" tag="," text=",">
        <cmp x="1269" y="1324" width="8" height="18" />
      </word>
      <word id="c04-004-03-06" tag="NN" text="razzamataz">
        <cmp x="1341" y="1306" width="25" height="23" />
        <cmp x="1372" y="1309" width="36" height="21" />
        <cmp x="1410" y="1308" width="26" height="25" />
        <cmp x="1444" y="1308" width="22" height="27" />
        <cmp x="1472" y="1309" width="36" height="22" />
        <cmp x="1511" y="1311" width="34" height="19" />
        <cmp x="1551" y="1310" width="37" height="18" />
        <cmp x="1591" y="1291" width="19" height="34" />
        <cmp x="1613" y="1308" width="36" height="21" />
        <cmp x="1654" y="1304" width="30" height="28" />
      </word>
      <word id="c04-004-03-07" tag="," text=",">
        <cmp x="1705" y="1334" width="7" height="21" />
      </word>
      <word id="c04-004-03-08" tag="JJB" text="red-carpet">
        <cmp x="1766" y="1303" width="19" height="26" />
        <cmp x="1786" y="1308" width="23" height="22" />
        <cmp x="1808" y="1279" width="31" height="56" />
        <cmp x="1859" y="1315" width="22" height="7" />
        <cmp x="1903" y="1309" width="21" height="24" />
        <cmp x="1927" y="1311" width="54" height="22" />
        <cmp x="1988" y="1313" width="21" height="40" />
        <cmp x="2014" y="1311" width="19" height="21" />
        <cmp x="2041" y="1292" width="20" height="40" />
      </word>
      <upper-contour>
        <point x="361" y="1196" />
        <point x="2061" y="1196" />
      </upper-contour>
      <lower-contour>
        <point x="355" y="1372" />
        <point x="2042" y="1372" />
      </lower-contour>
    </line>
    <line ass="-162" asx="0" asy="1454" character-width="999" dss="-162" dsx="0" dsy="1554" fd0="13282" fd1="3844" fd2="-85" filter-width="3" id="c04-004-04" lbs="-173" lbx="0" lby="1504" segmentation="ok" slant="97000" stroke-width="4673" threshold="181" text="treatment. But they haven&apos;t done a thing for his film" ubs="-142" ubx="0" uby="1482">
      <word id="c04-004-04-00" tag="NN" text="treatment">
        <cmp x="357" y="1460" width="42" height="46" />
        <cmp x="400" y="1484" width="24" height="24" />
        <cmp x="425" y="1484" width="32" height="22" />
        <cmp x="461" y="1469" width="21" height="32" />
        <cmp x="484" y="1483" width="32" height="22" />
        <cmp x="521" y="1485" width="43" height="22" />
        <cmp x="570" y="1471" width="20" height="31" />
      </word>
      <word id="c04-004-04-01" tag="." text=".">
        <cmp x="607" y="1502" width="7" height="4" />
      </word>
      <word id="c04-004-04-02" sentence-start="yes" tag="CC" text="But">
        <cmp x="656" y="1464" width="30" height="49" />
        <cmp x="690" y="1488" width="32" height="19" />
        <cmp x="727" y="1472" width="16" height="31" />
      </word>
      <word id="c04-004-04-03" tag="PP3AS" text="they">
        <cmp x="798" y="1467" width="51" height="40" />
        <cmp x="852" y="1485" width="50" height="64" />
      </word>
      <word id="c04-004-04-04" tag="HVX" text="haven&apos;t">
        <cmp x="966" y="1464" width="24" height="46" />
        <cmp x="997" y="1489" width="33" height="18" />
        <cmp x="1036" y="1492" width="11" height="18" />
        <cmp x="1056" y="1489" width="44" height="22" />
        <cmp x="1106" y="1476" width="5" height="17" />
        <cmp x="1131" y="1476" width="17" height="29" />
      </word>
      <word id="c04-004-04-05" tag="VBN" text="done">
        <cmp x="1225" y="1464" width="34" height="47" />
        <cmp x="1267" y="1492" width="23" height="19" />
        <cmp x="1296" y="1488" width="48" height="24" />
      </word>
      <word id="c04-004-04-06" tag="AT" text="a">
        <cmp x="1404" y="1490" width="38" height="22" />
      </word>
      <word id="c04-004-04-07" tag="NN" text="thing">
        <cmp x="1492" y="1468" width="60" height="42" />
        <cmp x="1548" y="1478" width="7" height="7" />
        <cmp x="1559" y="1491" width="21" height="18" />
        <cmp x="1582" y="1492" width="29" height="67" />
      </word>
      <word id="c04-004-04-08" tag="IN" text="for">
        <cmp x="1684" y="1462" width="22" height="46" />
        <cmp x="1707" y="1488" width="23" height="22" />
        <cmp x="1735" y="1488" width="21" height="22" />
      </word>
      <word id="c04-004-04-09" tag="PP$" text="his">
        <cmp x="1816" y="1463" width="23" height="43" />
        <cmp x="1845" y="1489" width="5" height="18" />
        <cmp x="1847" y="1478" width="6" height="4" />
        <cmp x="1861" y="1489" width="19" height="23" />
      </word>
      <word id="c04-004-04-10" tag="NN" text="film">
        <cmp x="1936" y="1467" width="23" height="42" />
        <cmp x="1965" y="1494" width="5" height="16" />
        <cmp x="1970" y="1484" width="5" height="5" />
        <cmp x="1980" y="1460" width="24" height="49" />
        <cmp x="2008" y="1489" width="33" height="25" />
      </word>
      <upper-contour>
        <point x="355" y="1372" />
        <point x="2042" y="1372" />
      </upper-contour>
      <lower-contour>
        <point x="370" y="1559" />
        <point x="2042" y="1559" />
      </lower-contour>
    </line>
    <line ass="-97" asx="0" asy="1636" character-width="999" dss="-97" dsx="0" dsy="1723" fd0="13221" fd1="3661" fd2="-414" filter-width="3" id="c04-004-05" lbs="-111" lbx="0" lby="1686" segmentation="ok" slant="92999" stroke-width="4683" threshold="180" text="career that Anna Neagle and Herbert Wilcox were not" ubs="-68" ubx="0" uby="1665">
      <word id="c04-004-05-00" tag="NN" text="career">
        <cmp x="372" y="1663" width="19" height="21" />
        <cmp x="392" y="1663" width="52" height="23" />
        <cmp x="449" y="1663" width="64" height="24" />
      </word>
      <word id="c04-004-05-01" tag="WP" text="that">
        <cmp x="586" y="1649" width="48" height="41" />
        <cmp x="639" y="1666" width="35" height="26" />
        <cmp x="677" y="1653" width="21" height="34" />
      </word>
      <word id="c04-004-05-02" tag="NP" text="Anna">
        <cmp x="776" y="1647" width="28" height="43" />
        <cmp x="812" y="1670" width="23" height="21" />
        <cmp x="837" y="1671" width="24" height="21" />
        <cmp x="866" y="1673" width="35" height="23" />
      </word>
      <word id="c04-004-05-03" tag="NP" text="Neagle">
        <cmp x="967" y="1646" width="37" height="46" />
        <cmp x="1016" y="1666" width="20" height="21" />
        <cmp x="1036" y="1665" width="35" height="22" />
        <cmp x="1073" y="1668" width="26" height="57" />
        <cmp x="1099" y="1643" width="46" height="44" />
      </word>
      <word id="c04-004-05-04" tag="CC" text="and">
        <cmp x="1197" y="1670" width="33" height="21" />
        <cmp x="1232" y="1670" width="23" height="18" />
        <cmp x="1257" y="1641" width="38" height="48" />
      </word>
      <word id="c04-004-05-05" tag="NP" text="Herbert">
        <cmp x="1355" y="1647" width="27" height="44" />
        <cmp x="1390" y="1670" width="36" height="21" />
        <cmp x="1436" y="1644" width="27" height="47" />
        <cmp x="1468" y="1670" width="42" height="22" />
        <cmp x="1517" y="1656" width="21" height="31" />
      </word>
      <word id="c04-004-05-06" tag="NP" text="Wilcox">
        <cmp x="1616" y="1645" width="51" height="42" />
        <cmp x="1673" y="1668" width="5" height="21" />
        <cmp x="1675" y="1659" width="5" height="4" />
        <cmp x="1688" y="1640" width="22" height="47" />
        <cmp x="1717" y="1664" width="46" height="26" />
        <cmp x="1769" y="1664" width="24" height="24" />
      </word>
      <word id="c04-004-05-07" tag="BED" text="were">
        <cmp x="1857" y="1664" width="41" height="26" />
        <cmp x="1860" y="1668" width="5" height="4" />
        <cmp x="1903" y="1668" width="37" height="23" />
        <cmp x="1941" y="1668" width="25" height="23" />
      </word>
      <word id="c04-004-05-08" tag="XNOT" text="not">
        <cmp x="2022" y="1668" width="3" height="4" />
        <cmp x="2022" y="1672" width="23" height="19" />
        <cmp x="2050" y="1672" width="24" height="22" />
        <cmp x="2081" y="1656" width="19" height="36" />
      </word>
      <upper-contour>
        <point x="370" y="1559" />
        <point x="2042" y="1559" />
      </upper-contour>
      <lower-contour>
        <point x="370" y="1725" />
        <point x="2091" y="1725" />
      </lower-contour>
    </line>
    <line ass="58" asx="0" asy="1811" character-width="999" dss="58" dsx="0" dsy="1921" fd0="12900" fd1="3533" fd2="-726" filter-width="3" id="c04-004-06" lbs="71" lbx="0" lby="1872" segmentation="ok" slant="96000" stroke-width="4640" threshold="182" text="doing better here, before the platinum-plated Hollywood" ubs="33" ubx="0" uby="1848">
      <word id="c04-004-06-00" tag="VBG" text="doing">
        <cmp x="359" y="1828" width="27" height="44" />
        <cmp x="390" y="1848" width="26" height="22" />
        <cmp x="419" y="1839" width="5" height="4" />
        <cmp x="419" y="1851" width="7" height="18" />
        <cmp x="432" y="1854" width="20" height="16" />
        <cmp x="452" y="1853" width="33" height="59" />
      </word>
      <word id="c04-004-06-01" tag="RBR" text="better">
        <cmp x="543" y="1827" width="25" height="44" />
        <cmp x="571" y="1847" width="21" height="23" />
        <cmp x="600" y="1834" width="17" height="34" />
        <cmp x="620" y="1834" width="16" height="32" />
        <cmp x="640" y="1844" width="42" height="24" />
      </word>
      <word id="c04-004-06-02" tag="RN" text="here">
        <cmp x="747" y="1831" width="25" height="41" />
        <cmp x="780" y="1847" width="41" height="27" />
        <cmp x="824" y="1851" width="21" height="22" />
      </word>
      <word id="c04-004-06-03" tag="," text=",">
        <cmp x="854" y="1872" width="13" height="22" />
      </word>
      <word id="c04-004-06-04" tag="CS" text="before">
        <cmp x="923" y="1827" width="26" height="44" />
        <cmp x="956" y="1845" width="21" height="24" />
        <cmp x="984" y="1814" width="23" height="83" />
        <cmp x="1007" y="1849" width="23" height="21" />
        <cmp x="1035" y="1851" width="19" height="17" />
        <cmp x="1056" y="1847" width="20" height="21" />
      </word>
      <word id="c04-004-06-05" tag="ATI" text="the">
        <cmp x="1145" y="1831" width="18" height="46" />
        <cmp x="1171" y="1830" width="50" height="39" />
      </word>
      <word id="c04-004-06-06" tag="JJ" text="platinum-plated">
        <cmp x="1285" y="1846" width="24" height="48" />
        <cmp x="1314" y="1823" width="58" height="47" />
        <cmp x="1376" y="1834" width="35" height="36" />
        <cmp x="1403" y="1835" width="5" height="4" />
        <cmp x="1417" y="1848" width="21" height="20" />
        <cmp x="1442" y="1849" width="34" height="19" />
        <cmp x="1477" y="1849" width="34" height="21" />
        <cmp x="1531" y="1859" width="15" height="5" />
        <cmp x="1577" y="1851" width="21" height="45" />
        <cmp x="1607" y="1819" width="26" height="49" />
        <cmp x="1633" y="1852" width="39" height="21" />
        <cmp x="1671" y="1835" width="20" height="31" />
        <cmp x="1697" y="1821" width="54" height="45" />
      </word>
      <word id="c04-004-06-07" tag="NP" text="Hollywood">
        <cmp x="1817" y="1826" width="29" height="51" />
        <cmp x="1853" y="1848" width="23" height="22" />
        <cmp x="1884" y="1825" width="69" height="96" />
        <cmp x="1957" y="1850" width="39" height="21" />
        <cmp x="2001" y="1850" width="23" height="21" />
        <cmp x="2028" y="1848" width="25" height="22" />
        <cmp x="2059" y="1810" width="31" height="56" />
      </word>
      <upper-contour>
        <point x="370" y="1725" />
        <point x="2091" y="1725" />
      </upper-contour>
      <lower-contour>
        <point x="366" y="1912" />
        <point x="1537" y="1912" />
      </lower-contour>
    </line>
    <line ass="-278" asx="0" asy="1988" character-width="999" dss="-278" dsx="0" dsy="2086" fd0="13174" fd1="3455" fd2="-409" filter-width="3" id="c04-004-07" lbs="-237" lbx="0" lby="2043" segmentation="ok" slant="98000" stroke-width="4636" threshold="184" text="carrot was dangled before his nose." ubs="-359" ubx="0" uby="2020">
      <word id="c04-004-07-00" tag="NN" text="carrot">
        <cmp x="368" y="2020" width="19" height="23" />
        <cmp x="390" y="2022" width="56" height="22" />
        <cmp x="451" y="2025" width="19" height="20" />
        <cmp x="474" y="2024" width="22" height="20" />
        <cmp x="504" y="2008" width="22" height="34" />
      </word>
      <word id="c04-004-07-01" tag="BEDZ" text="was">
        <cmp x="609" y="2022" width="39" height="27" />
        <cmp x="655" y="2025" width="56" height="24" />
      </word>
      <word id="c04-004-07-02" tag="VBN" text="dangled">
        <cmp x="780" y="1996" width="36" height="54" />
        <cmp x="822" y="2024" width="34" height="23" />
        <cmp x="857" y="2028" width="24" height="21" />
        <cmp x="881" y="2030" width="33" height="61" />
        <cmp x="913" y="2001" width="40" height="47" />
        <cmp x="956" y="1994" width="39" height="51" />
      </word>
      <word id="c04-004-07-03" tag="IN" text="before">
        <cmp x="1068" y="1999" width="23" height="49" />
        <cmp x="1098" y="2024" width="21" height="19" />
        <cmp x="1127" y="1996" width="25" height="67" />
        <cmp x="1147" y="2029" width="22" height="18" />
        <cmp x="1173" y="2026" width="19" height="22" />
        <cmp x="1193" y="2026" width="22" height="22" />
      </word>
      <word id="c04-004-07-04" tag="PP$" text="his">
        <cmp x="1288" y="2005" width="22" height="42" />
        <cmp x="1314" y="2024" width="37" height="27" />
        <cmp x="1327" y="2004" width="5" height="4" />
      </word>
      <word id="c04-004-07-05" tag="NN" text="nose">
        <cmp x="1409" y="2029" width="23" height="22" />
        <cmp x="1437" y="2027" width="23" height="20" />
        <cmp x="1464" y="2025" width="22" height="22" />
        <cmp x="1490" y="2023" width="22" height="23" />
      </word>
      <word id="c04-004-07-06" tag="." text=".">
        <cmp x="1532" y="2043" width="5" height="5" />
      </word>
      <upper-contour>
        <point x="366" y="1912" />
        <point x="1537" y="1912" />
      </upper-contour>
    </line>
  </handwritten-part>
</form>

