<?xml version="1.0" encoding="ISO-8859-1"?>

<!DOCTYPE form SYSTEM 'http://www.iam.unibe.ch/~fki/iamdb/form-metadata.dtd'>

<form created="2002-01-16" height="3542" id="c04-089" last-modified="2002-07-17" skew="30" status="final" version="3.0_beta" width="2479" writer-id="166">
  <machine-printed-part>
    <machine-print-line text="Now along comes his solo disc, featuring two of his own compositions, &amp;quot;Deerstalker&amp;quot;" />
    <machine-print-line text="and &amp;quot;Almost Grown Up.&amp;quot; VERDICT: Mr. Lisbon has it taped. And tacked. And he" />
    <machine-print-line text="says: &amp;quot;Just as well I had only one box of tacks - it might have been so different....&amp;quot;" />
    <machine-print-line text="More news from the ivory-thumping dept.... Russ Conway, who has tinkled his way" />
    <machine-print-line text="to fame on an old 2pianna, comes in with another of his own works: &amp;quot;Parade of the" />
    <machine-print-line text="Poppets&amp;quot; (Columbia)." />
  </machine-printed-part>
  <handwritten-part>
    <line ass="421" asx="0" asy="812" character-width="999" dss="421" dsx="0" dsy="925" fd0="13457" fd1="3102" fd2="-632" filter-width="4" id="c04-089-00" lbs="473" lbx="0" lby="885" segmentation="ok" slant="86000" stroke-width="6214" threshold="167" text="Now along comes his solo disc, featuring two of his own" ubs="318" ubx="0" uby="851">
      <word id="c04-089-00-00" sentence-start="yes" tag="RN" text="Now">
        <cmp x="352" y="820" width="44" height="58" />
        <cmp x="394" y="854" width="22" height="27" />
        <cmp x="422" y="849" width="39" height="32" />
      </word>
      <word id="c04-089-00-01" tag="RP" text="along">
        <cmp x="521" y="851" width="32" height="30" />
        <cmp x="560" y="824" width="43" height="56" />
        <cmp x="610" y="848" width="24" height="32" />
        <cmp x="643" y="845" width="21" height="76" />
      </word>
      <word id="c04-089-00-02" tag="VBZ" text="comes">
        <cmp x="733" y="846" width="42" height="33" />
        <cmp x="778" y="843" width="41" height="35" />
        <cmp x="826" y="843" width="23" height="29" />
        <cmp x="856" y="844" width="18" height="39" />
      </word>
      <word id="c04-089-00-03" tag="PP$" text="his">
        <cmp x="908" y="826" width="22" height="49" />
        <cmp x="937" y="837" width="6" height="7" />
        <cmp x="937" y="853" width="6" height="20" />
        <cmp x="950" y="848" width="15" height="32" />
      </word>
      <word id="c04-089-00-04" tag="JJB" text="solo">
        <cmp x="1017" y="842" width="38" height="33" />
        <cmp x="1058" y="830" width="46" height="48" />
      </word>
      <word id="c04-089-00-05" tag="NN" text="disc">
        <cmp x="1146" y="818" width="36" height="61" />
        <cmp x="1188" y="852" width="7" height="24" />
        <cmp x="1197" y="838" width="6" height="6" />
        <cmp x="1202" y="850" width="18" height="27" />
        <cmp x="1229" y="850" width="19" height="26" />
      </word>
      <word id="c04-089-00-06" tag="," text=",">
        <cmp x="1257" y="873" width="9" height="17" />
      </word>
      <word id="c04-089-00-07" tag="VBG" text="featuring">
        <cmp x="1304" y="804" width="29" height="70" />
        <cmp x="1331" y="842" width="51" height="34" />
        <cmp x="1388" y="840" width="21" height="37" />
        <cmp x="1416" y="843" width="22" height="33" />
        <cmp x="1449" y="838" width="18" height="37" />
        <cmp x="1471" y="829" width="6" height="8" />
        <cmp x="1471" y="845" width="8" height="29" />
        <cmp x="1487" y="845" width="25" height="31" />
        <cmp x="1515" y="844" width="29" height="68" />
      </word>
      <word id="c04-089-00-08" tag="CD" text="two">
        <cmp x="1600" y="834" width="22" height="46" />
        <cmp x="1629" y="843" width="42" height="33" />
        <cmp x="1678" y="846" width="26" height="24" />
      </word>
      <word id="c04-089-00-09" tag="INO" text="of">
        <cmp x="1743" y="841" width="23" height="26" />
        <cmp x="1774" y="812" width="27" height="59" />
      </word>
      <word id="c04-089-00-10" tag="PP$" text="his">
        <cmp x="1852" y="822" width="24" height="47" />
        <cmp x="1882" y="847" width="7" height="25" />
        <cmp x="1883" y="834" width="7" height="6" />
        <cmp x="1902" y="843" width="14" height="27" />
      </word>
      <word id="c04-089-00-11" tag="AP" text="own">
        <cmp x="1951" y="827" width="23" height="45" />
        <cmp x="1979" y="845" width="22" height="22" />
        <cmp x="2002" y="841" width="41" height="32" />
        <cmp x="2045" y="842" width="28" height="30" />
      </word>
      <lower-contour>
        <point x="347" y="921" />
        <point x="2074" y="921" />
      </lower-contour>
    </line>
    <line ass="437" asx="0" asy="1002" character-width="999" dss="437" dsx="0" dsy="1092" fd0="13720" fd1="3645" fd2="-669" filter-width="4" id="c04-089-01" lbs="617" lbx="0" lby="1068" segmentation="err" slant="89000" stroke-width="6314" threshold="163" text="compositions, &amp;quot;Deerstalker&amp;quot; and &amp;quot;Almost Grown Up.&amp;quot; VERDICT:" ubs="76" ubx="0" uby="1026">
      <word id="c04-089-01-00" tag="NNS" text="compositions">
        <cmp x="339" y="1030" width="23" height="29" />
        <cmp x="365" y="1036" width="24" height="25" />
        <cmp x="400" y="1035" width="40" height="27" />
        <cmp x="445" y="1032" width="22" height="57" />
        <cmp x="470" y="1034" width="28" height="28" />
        <cmp x="504" y="1029" width="27" height="31" />
        <cmp x="527" y="1014" width="6" height="7" />
        <cmp x="540" y="1019" width="26" height="40" />
        <cmp x="573" y="1025" width="8" height="30" />
        <cmp x="575" y="1009" width="6" height="7" />
        <cmp x="588" y="1027" width="23" height="28" />
        <cmp x="617" y="1028" width="27" height="33" />
        <cmp x="648" y="1032" width="16" height="34" />
      </word>
      <word id="c04-089-01-01" tag="," text=",">
        <cmp x="691" y="1064" width="9" height="15" />
      </word>
      <word id="c04-089-01-02" tag="*&apos;" text="&quot;">
        <cmp x="753" y="1004" width="9" height="12" />
        <cmp x="763" y="1003" width="9" height="15" />
      </word>
      <word id="c04-089-01-03" tag="NN" text="Deerstalker">
        <cmp x="791" y="1015" width="28" height="48" />
        <cmp x="829" y="1030" width="30" height="31" />
        <cmp x="863" y="1027" width="22" height="31" />
        <cmp x="895" y="1025" width="21" height="34" />
        <cmp x="923" y="1025" width="16" height="32" />
        <cmp x="944" y="1014" width="18" height="40" />
        <cmp x="969" y="1029" width="27" height="30" />
        <cmp x="1009" y="1015" width="27" height="45" />
        <cmp x="1048" y="1012" width="22" height="49" />
        <cmp x="1071" y="1028" width="21" height="29" />
        <cmp x="1099" y="1024" width="17" height="33" />
      </word>
      <word id="c04-089-01-04" tag="**&apos;" text="&quot;">
        <cmp x="1135" y="995" width="9" height="16" />
        <cmp x="1144" y="998" width="6" height="17" />
      </word>
      <word id="c04-089-01-05" tag="CC" text="and">
        <cmp x="1199" y="1030" width="25" height="30" />
        <cmp x="1232" y="1029" width="25" height="31" />
        <cmp x="1263" y="1007" width="34" height="55" />
      </word>
      <word id="c04-089-01-06" tag="*&apos;" text="&quot;">
        <cmp x="1368" y="1008" width="10" height="15" />
        <cmp x="1379" y="1008" width="12" height="13" />
        <cmp x="1388" y="1010" width="26" height="48" />
      </word>
      <word id="c04-089-01-07" tag="RB" text="Almost">
        <cmp x="1423" y="1007" width="25" height="50" />
        <cmp x="1452" y="1031" width="36" height="30" />
        <cmp x="1491" y="1033" width="23" height="25" />
        <cmp x="1518" y="1019" width="34" height="41" />
      </word>
      <word id="c04-089-01-08" tag="VBN" text="Grown">
        <cmp x="1606" y="1010" width="29" height="42" />
        <cmp x="1638" y="1027" width="16" height="27" />
        <cmp x="1660" y="1030" width="26" height="25" />
        <cmp x="1692" y="1023" width="32" height="32" />
        <cmp x="1729" y="1023" width="25" height="29" />
      </word>
      <word id="c04-089-01-09" tag="RP" text="Up">
        <cmp x="1797" y="1013" width="26" height="41" />
        <cmp x="1822" y="1027" width="21" height="45" />
      </word>
      <word id="c04-089-01-10" tag="." text=".">
        <cmp x="1851" y="1048" width="7" height="8" />
      </word>
      <word id="c04-089-01-11" tag="**&apos;" text="&quot;">
        <cmp x="1858" y="998" width="9" height="16" />
        <cmp x="1872" y="998" width="7" height="16" />
      </word>
      <word id="c04-089-01-12" sentence-start="yes" tag="NN" text="VERDICT">
        <cmp x="1923" y="1016" width="28" height="40" />
        <cmp x="1954" y="1015" width="24" height="39" />
        <cmp x="1992" y="1011" width="29" height="42" />
        <cmp x="2034" y="1010" width="31" height="39" />
        <cmp x="2076" y="1011" width="8" height="40" />
        <cmp x="2092" y="1011" width="27" height="36" />
        <cmp x="2124" y="1008" width="30" height="45" />
      </word>
      <word id="c04-089-01-13" tag=":" text=":">
        <cmp x="2158" y="1040" width="8" height="9" />
        <cmp x="2166" y="1022" width="7" height="10" />
      </word>
      <upper-contour>
        <point x="347" y="921" />
        <point x="2074" y="921" />
      </upper-contour>
      <lower-contour>
        <point x="337" y="1089" />
        <point x="2174" y="1089" />
      </lower-contour>
    </line>
    <line ass="105" asx="0" asy="1176" character-width="999" dss="105" dsx="0" dsy="1258" fd0="13728" fd1="3385" fd2="-170" filter-width="4" id="c04-089-02" lbs="159" lbx="0" lby="1237" segmentation="ok" slant="76000" stroke-width="6606" threshold="162" text="Mr. Lisbon has it taped. And tacked. And he says: &amp;quot;Just as well" ubs="-1" ubx="0" uby="1203">
      <word id="c04-089-02-00" sentence-start="yes" tag="NPT" text="Mr.">
        <cmp x="332" y="1187" width="36" height="50" />
        <cmp x="373" y="1207" width="15" height="30" />
        <cmp x="395" y="1230" width="8" height="9" />
      </word>
      <word id="c04-089-02-01" tag="NP" text="Lisbon">
        <cmp x="443" y="1188" width="24" height="47" />
        <cmp x="471" y="1210" width="8" height="25" />
        <cmp x="473" y="1193" width="6" height="6" />
        <cmp x="485" y="1208" width="21" height="31" />
        <cmp x="513" y="1191" width="25" height="45" />
        <cmp x="542" y="1207" width="22" height="27" />
        <cmp x="567" y="1208" width="24" height="27" />
      </word>
      <word id="c04-089-02-02" tag="HVZ" text="has">
        <cmp x="656" y="1186" width="54" height="46" />
        <cmp x="713" y="1203" width="16" height="34" />
      </word>
      <word id="c04-089-02-03" tag="PP3" text="it">
        <cmp x="772" y="1208" width="9" height="27" />
        <cmp x="778" y="1189" width="6" height="8" />
        <cmp x="792" y="1198" width="19" height="39" />
      </word>
      <word id="c04-089-02-04" tag="VBN" text="taped">
        <cmp x="853" y="1198" width="22" height="39" />
        <cmp x="879" y="1207" width="27" height="27" />
        <cmp x="907" y="1204" width="26" height="52" />
        <cmp x="936" y="1203" width="25" height="31" />
        <cmp x="967" y="1178" width="35" height="51" />
      </word>
      <word id="c04-089-02-05" tag="." text=".">
        <cmp x="995" y="1225" width="8" height="8" />
      </word>
      <word id="c04-089-02-06" sentence-start="yes" tag="CC" text="And">
        <cmp x="1043" y="1184" width="28" height="44" />
        <cmp x="1080" y="1204" width="23" height="28" />
        <cmp x="1108" y="1178" width="42" height="55" />
      </word>
      <word id="c04-089-02-07" tag="VBN" text="tacked">
        <cmp x="1198" y="1194" width="22" height="39" />
        <cmp x="1224" y="1205" width="34" height="28" />
        <cmp x="1258" y="1207" width="23" height="27" />
        <cmp x="1285" y="1190" width="25" height="46" />
        <cmp x="1313" y="1203" width="21" height="33" />
        <cmp x="1337" y="1177" width="38" height="58" />
      </word>
      <word id="c04-089-02-08" tag="." text=".">
        <cmp x="1383" y="1232" width="9" height="8" />
      </word>
      <word id="c04-089-02-09" sentence-start="yes" tag="CC" text="And">
        <cmp x="1419" y="1186" width="35" height="47" />
        <cmp x="1459" y="1208" width="25" height="27" />
        <cmp x="1490" y="1186" width="32" height="48" />
      </word>
      <word id="c04-089-02-10" tag="PP3A" text="he">
        <cmp x="1565" y="1184" width="21" height="44" />
        <cmp x="1595" y="1199" width="23" height="35" />
      </word>
      <word id="c04-089-02-11" tag="VBZ" text="says">
        <cmp x="1657" y="1200" width="19" height="32" />
        <cmp x="1677" y="1200" width="31" height="30" />
        <cmp x="1713" y="1203" width="23" height="51" />
        <cmp x="1741" y="1201" width="24" height="31" />
      </word>
      <word id="c04-089-02-12" tag=":" text=":">
        <cmp x="1771" y="1224" width="8" height="8" />
        <cmp x="1777" y="1206" width="7" height="8" />
      </word>
      <word id="c04-089-02-13" sentence-start="yes" tag="*&apos;" text="&quot;">
        <cmp x="1825" y="1174" width="16" height="14" />
      </word>
      <word id="c04-089-02-14" tag="RB" text="Just">
        <cmp x="1832" y="1177" width="29" height="55" />
        <cmp x="1865" y="1202" width="22" height="29" />
        <cmp x="1895" y="1202" width="13" height="31" />
        <cmp x="1914" y="1191" width="21" height="39" />
      </word>
      <word id="c04-089-02-15" tag="QL" text="as">
        <cmp x="1975" y="1202" width="29" height="30" />
        <cmp x="2012" y="1202" width="17" height="32" />
      </word>
      <word id="c04-089-02-16" tag="JJ" text="well">
        <cmp x="2069" y="1201" width="31" height="29" />
        <cmp x="2102" y="1200" width="22" height="31" />
        <cmp x="2127" y="1188" width="31" height="47" />
        <cmp x="2148" y="1185" width="34" height="51" />
      </word>
      <upper-contour>
        <point x="337" y="1089" />
        <point x="2174" y="1089" />
      </upper-contour>
      <lower-contour>
        <point x="330" y="1257" />
        <point x="1934" y="1257" />
      </lower-contour>
    </line>
    <line ass="-21" asx="0" asy="1353" character-width="999" dss="-21" dsx="0" dsy="1443" fd0="13551" fd1="3139" fd2="50" filter-width="4" id="c04-089-03" lbs="-33" lbx="0" lby="1411" segmentation="ok" slant="85000" stroke-width="6454" threshold="164" text="I had only one box of tacks - it might have been so" ubs="3" ubx="0" uby="1381">
      <word id="c04-089-03-00" tag="PP1A" text="I">
        <cmp x="320" y="1369" width="23" height="45" />
      </word>
      <word id="c04-089-03-01" tag="HVD" text="had">
        <cmp x="389" y="1361" width="105" height="55" />
      </word>
      <word id="c04-089-03-02" tag="RB" text="only">
        <cmp x="549" y="1386" width="23" height="27" />
        <cmp x="579" y="1384" width="25" height="30" />
        <cmp x="616" y="1357" width="29" height="54" />
        <cmp x="640" y="1386" width="24" height="50" />
      </word>
      <word id="c04-089-03-03" tag="CD1" text="one">
        <cmp x="715" y="1381" width="21" height="27" />
        <cmp x="741" y="1382" width="24" height="27" />
        <cmp x="770" y="1377" width="26" height="35" />
      </word>
      <word id="c04-089-03-04" tag="NN" text="box">
        <cmp x="846" y="1366" width="27" height="42" />
        <cmp x="876" y="1385" width="23" height="26" />
        <cmp x="903" y="1384" width="25" height="28" />
      </word>
      <word id="c04-089-03-05" tag="INO" text="of">
        <cmp x="977" y="1384" width="25" height="22" />
        <cmp x="1015" y="1355" width="30" height="60" />
      </word>
      <word id="c04-089-03-06" tag="NNS" text="tacks">
        <cmp x="1108" y="1371" width="22" height="42" />
        <cmp x="1133" y="1381" width="27" height="30" />
        <cmp x="1164" y="1384" width="21" height="24" />
        <cmp x="1195" y="1365" width="27" height="49" />
        <cmp x="1223" y="1381" width="17" height="34" />
      </word>
      <word id="c04-089-03-07" tag="*-" text="-">
        <cmp x="1276" y="1383" width="22" height="9" />
      </word>
      <word id="c04-089-03-08" tag="PP3" text="it">
        <cmp x="1314" y="1377" width="15" height="32" />
        <cmp x="1318" y="1360" width="8" height="7" />
        <cmp x="1339" y="1371" width="21" height="38" />
      </word>
      <word id="c04-089-03-09" tag="MD" text="might">
        <cmp x="1409" y="1378" width="37" height="34" />
        <cmp x="1453" y="1383" width="7" height="24" />
        <cmp x="1454" y="1367" width="7" height="7" />
        <cmp x="1455" y="1383" width="28" height="61" />
        <cmp x="1492" y="1361" width="25" height="55" />
        <cmp x="1524" y="1377" width="20" height="34" />
      </word>
      <word id="c04-089-03-10" tag="HV" text="have">
        <cmp x="1583" y="1357" width="60" height="56" />
        <cmp x="1648" y="1380" width="25" height="34" />
        <cmp x="1670" y="1379" width="22" height="36" />
      </word>
      <word id="c04-089-03-11" tag="BEN" text="been">
        <cmp x="1735" y="1371" width="21" height="45" />
        <cmp x="1764" y="1388" width="22" height="29" />
        <cmp x="1789" y="1384" width="21" height="33" />
        <cmp x="1817" y="1386" width="26" height="30" />
      </word>
      <word id="c04-089-03-12" tag="QL" text="so">
        <cmp x="1884" y="1380" width="19" height="28" />
        <cmp x="1911" y="1379" width="22" height="27" />
      </word>
      <upper-contour>
        <point x="330" y="1257" />
        <point x="1934" y="1257" />
      </upper-contour>
      <lower-contour>
        <point x="323" y="1444" />
        <point x="1934" y="1444" />
      </lower-contour>
    </line>
    <line ass="-589" asx="0" asy="1510" character-width="999" dss="-589" dsx="0" dsy="1609" fd0="13485" fd1="3420" fd2="-382" filter-width="4" id="c04-089-04" lbs="-415" lbx="0" lby="1585" segmentation="ok" slant="86000" stroke-width="6363" threshold="163" text="different....&amp;quot; More news from the ivory-thumping dept...." ubs="-937" ubx="0" uby="1544">
      <word id="c04-089-04-00" tag="JJ" text="different">
        <cmp x="325" y="1530" width="32" height="65" />
        <cmp x="365" y="1562" width="7" height="26" />
        <cmp x="371" y="1544" width="5" height="6" />
        <cmp x="387" y="1525" width="23" height="71" />
        <cmp x="427" y="1525" width="23" height="67" />
        <cmp x="456" y="1554" width="20" height="34" />
        <cmp x="481" y="1553" width="19" height="35" />
        <cmp x="505" y="1552" width="51" height="40" />
        <cmp x="568" y="1549" width="17" height="47" />
      </word>
      <word id="c04-089-04-01" tag="..." text="...">
        <cmp x="607" y="1584" width="9" height="9" />
        <cmp x="632" y="1578" width="8" height="8" />
        <cmp x="657" y="1579" width="7" height="9" />
      </word>
      <word id="c04-089-04-02" tag="." text=".">
        <cmp x="687" y="1580" width="7" height="7" />
      </word>
      <word id="c04-089-04-03" tag="**&apos;" text="&quot;">
        <cmp x="718" y="1542" width="7" height="12" />
        <cmp x="731" y="1540" width="7" height="16" />
      </word>
      <word id="c04-089-04-04" sentence-start="yes" tag="AP" text="More">
        <cmp x="768" y="1530" width="73" height="62" />
        <cmp x="841" y="1553" width="22" height="33" />
        <cmp x="866" y="1555" width="26" height="35" />
      </word>
      <word id="c04-089-04-05" tag="NN" text="news">
        <cmp x="939" y="1552" width="26" height="40" />
        <cmp x="972" y="1556" width="21" height="37" />
        <cmp x="998" y="1554" width="41" height="34" />
        <cmp x="1041" y="1557" width="16" height="33" />
      </word>
      <word id="c04-089-04-06" tag="IN" text="from">
        <cmp x="1113" y="1523" width="29" height="65" />
        <cmp x="1142" y="1557" width="24" height="33" />
        <cmp x="1165" y="1559" width="63" height="29" />
      </word>
      <word id="c04-089-04-07" tag="ATI" text="the">
        <cmp x="1275" y="1535" width="45" height="56" />
        <cmp x="1327" y="1558" width="26" height="36" />
      </word>
      <word id="c04-089-04-08" tag="JJ" text="ivory-thumping">
        <cmp x="1396" y="1564" width="8" height="31" />
        <cmp x="1397" y="1550" width="7" height="8" />
        <cmp x="1411" y="1563" width="23" height="29" />
        <cmp x="1432" y="1565" width="24" height="27" />
        <cmp x="1461" y="1557" width="48" height="52" />
        <cmp x="1517" y="1578" width="4" height="5" />
        <cmp x="1523" y="1578" width="8" height="6" />
        <cmp x="1548" y="1544" width="21" height="48" />
        <cmp x="1575" y="1537" width="27" height="58" />
        <cmp x="1612" y="1566" width="21" height="32" />
        <cmp x="1639" y="1566" width="41" height="30" />
        <cmp x="1679" y="1564" width="22" height="53" />
        <cmp x="1711" y="1568" width="7" height="26" />
        <cmp x="1715" y="1547" width="6" height="7" />
        <cmp x="1729" y="1565" width="30" height="37" />
        <cmp x="1764" y="1560" width="24" height="59" />
      </word>
      <word id="c04-089-04-09" tag="NN" text="dept.">
        <cmp x="1827" y="1546" width="38" height="56" />
        <cmp x="1872" y="1566" width="49" height="62" />
        <cmp x="1928" y="1554" width="18" height="43" />
        <cmp x="1960" y="1585" width="9" height="8" />
      </word>
      <word id="c04-089-04-10" tag="..." text="...">
        <cmp x="1992" y="1585" width="8" height="9" />
        <cmp x="2008" y="1586" width="8" height="8" />
        <cmp x="2043" y="1587" width="9" height="7" />
      </word>
      <upper-contour>
        <point x="323" y="1444" />
        <point x="1934" y="1444" />
      </upper-contour>
      <lower-contour>
        <point x="326" y="1629" />
        <point x="2052" y="1629" />
      </lower-contour>
    </line>
    <line ass="-184" asx="0" asy="1708" character-width="999" dss="-184" dsx="0" dsy="1795" fd0="13425" fd1="2949" fd2="-758" filter-width="4" id="c04-089-05" lbs="-165" lbx="0" lby="1770" segmentation="err" slant="81000" stroke-width="6606" threshold="161" text="Russ Conway, who has tinkled his way to fame on an old 2pianna," ubs="-222" ubx="0" uby="1737">
      <word id="c04-089-05-00" sentence-start="yes" tag="NP" text="Russ">
        <cmp x="328" y="1713" width="47" height="58" />
        <cmp x="380" y="1741" width="16" height="33" />
        <cmp x="404" y="1741" width="15" height="36" />
      </word>
      <word id="c04-089-05-01" tag="NP" text="Conway">
        <cmp x="481" y="1720" width="43" height="50" />
        <cmp x="527" y="1741" width="23" height="31" />
        <cmp x="556" y="1739" width="63" height="34" />
        <cmp x="620" y="1739" width="28" height="58" />
        <cmp x="642" y="1771" width="17" height="23" />
      </word>
      <word id="c04-089-05-02" tag="," text=",">
        <cmp x="700" y="1743" width="38" height="30" />
      </word>
      <word id="c04-089-05-03" tag="WP" text="who">
        <cmp x="743" y="1720" width="52" height="49" />
      </word>
      <word id="c04-089-05-04" tag="HVZ" text="has">
        <cmp x="834" y="1725" width="60" height="47" />
        <cmp x="898" y="1744" width="14" height="33" />
      </word>
      <word id="c04-089-05-05" tag="VBN" text="tinkled">
        <cmp x="958" y="1725" width="17" height="46" />
        <cmp x="980" y="1744" width="7" height="24" />
        <cmp x="984" y="1728" width="6" height="8" />
        <cmp x="998" y="1743" width="23" height="31" />
        <cmp x="1034" y="1725" width="22" height="43" />
        <cmp x="1063" y="1714" width="24" height="50" />
        <cmp x="1084" y="1716" width="55" height="54" />
      </word>
      <word id="c04-089-05-06" tag="PP$" text="his">
        <cmp x="1180" y="1719" width="27" height="56" />
        <cmp x="1215" y="1729" width="7" height="7" />
        <cmp x="1215" y="1745" width="8" height="23" />
        <cmp x="1228" y="1746" width="19" height="33" />
      </word>
      <word id="c04-089-05-07" tag="NN" text="way">
        <cmp x="1283" y="1737" width="64" height="37" />
        <cmp x="1353" y="1741" width="26" height="50" />
      </word>
      <word id="c04-089-05-08" tag="IN" text="to">
        <cmp x="1421" y="1733" width="41" height="42" />
      </word>
      <word id="c04-089-05-09" tag="NN" text="fame">
        <cmp x="1488" y="1713" width="53" height="68" />
        <cmp x="1546" y="1749" width="40" height="29" />
        <cmp x="1591" y="1744" width="22" height="35" />
      </word>
      <word id="c04-089-05-10" tag="IN" text="on">
        <cmp x="1666" y="1746" width="22" height="26" />
        <cmp x="1693" y="1745" width="27" height="32" />
      </word>
      <word id="c04-089-05-11" tag="AT" text="an">
        <cmp x="1745" y="1748" width="27" height="28" />
        <cmp x="1779" y="1746" width="26" height="31" />
      </word>
      <word id="c04-089-05-12" tag="JJ" text="old">
        <cmp x="1837" y="1747" width="20" height="25" />
        <cmp x="1859" y="1726" width="62" height="50" />
      </word>
      <word id="c04-089-05-13" tag="NN" text="2pianna">
        <cmp x="1968" y="1734" width="23" height="37" />
        <cmp x="1996" y="1737" width="22" height="51" />
        <cmp x="2027" y="1742" width="8" height="27" />
        <cmp x="2032" y="1720" width="5" height="8" />
        <cmp x="2038" y="1738" width="27" height="31" />
        <cmp x="2071" y="1740" width="25" height="36" />
        <cmp x="2099" y="1739" width="60" height="40" />
      </word>
      <word id="c04-089-05-14" tag="," text=",">
        <cmp x="2162" y="1776" width="11" height="14" />
      </word>
      <upper-contour>
        <point x="326" y="1629" />
        <point x="2052" y="1629" />
      </upper-contour>
      <lower-contour>
        <point x="326" y="1797" />
        <point x="2006" y="1797" />
      </lower-contour>
    </line>
    <line ass="-6" asx="0" asy="1883" character-width="999" dss="-6" dsx="0" dsy="1959" fd0="13735" fd1="3256" fd2="-438" filter-width="4" id="c04-089-06" lbs="9" lbx="0" lby="1951" segmentation="ok" slant="89000" stroke-width="6433" threshold="162" text="comes in with another of his own works: &amp;quot;Parade of the" ubs="-37" ubx="0" uby="1919">
      <word id="c04-089-06-00" tag="VBZ" text="comes">
        <cmp x="317" y="1925" width="37" height="29" />
        <cmp x="327" y="1921" width="5" height="4" />
        <cmp x="358" y="1923" width="41" height="29" />
        <cmp x="401" y="1919" width="24" height="37" />
        <cmp x="429" y="1922" width="22" height="35" />
      </word>
      <word id="c04-089-06-01" tag="RP" text="in">
        <cmp x="508" y="1924" width="8" height="28" />
        <cmp x="509" y="1908" width="8" height="7" />
        <cmp x="523" y="1922" width="28" height="33" />
      </word>
      <word id="c04-089-06-02" tag="IN" text="with">
        <cmp x="602" y="1918" width="38" height="29" />
        <cmp x="645" y="1922" width="8" height="27" />
        <cmp x="649" y="1899" width="5" height="8" />
        <cmp x="666" y="1908" width="22" height="46" />
        <cmp x="689" y="1896" width="25" height="53" />
      </word>
      <word id="c04-089-06-03" tag="DT" text="another">
        <cmp x="762" y="1914" width="28" height="35" />
        <cmp x="795" y="1915" width="58" height="32" />
        <cmp x="863" y="1903" width="22" height="48" />
        <cmp x="887" y="1896" width="24" height="55" />
        <cmp x="914" y="1916" width="21" height="37" />
        <cmp x="943" y="1915" width="25" height="37" />
      </word>
      <word id="c04-089-06-04" tag="INO" text="of">
        <cmp x="1025" y="1926" width="20" height="28" />
        <cmp x="1056" y="1900" width="23" height="46" />
      </word>
      <word id="c04-089-06-05" tag="PP$" text="his">
        <cmp x="1127" y="1893" width="24" height="56" />
        <cmp x="1157" y="1922" width="7" height="24" />
        <cmp x="1158" y="1904" width="8" height="7" />
        <cmp x="1171" y="1921" width="19" height="36" />
      </word>
      <word id="c04-089-06-06" tag="AP" text="own">
        <cmp x="1241" y="1923" width="64" height="35" />
        <cmp x="1309" y="1921" width="23" height="32" />
      </word>
      <word id="c04-089-06-07" tag="NNS" text="works">
        <cmp x="1380" y="1921" width="37" height="32" />
        <cmp x="1412" y="1925" width="23" height="25" />
        <cmp x="1440" y="1918" width="22" height="35" />
        <cmp x="1474" y="1906" width="23" height="51" />
        <cmp x="1504" y="1919" width="17" height="33" />
      </word>
      <word id="c04-089-06-08" tag=":" text=":">
        <cmp x="1535" y="1947" width="7" height="8" />
        <cmp x="1538" y="1929" width="7" height="9" />
      </word>
      <word id="c04-089-06-09" tag="*&apos;" text="&quot;">
        <cmp x="1578" y="1886" width="10" height="16" />
        <cmp x="1584" y="1891" width="12" height="14" />
      </word>
      <word id="c04-089-06-10" tag="NN" text="Parade">
        <cmp x="1605" y="1889" width="27" height="60" />
        <cmp x="1631" y="1916" width="28" height="36" />
        <cmp x="1666" y="1918" width="22" height="34" />
        <cmp x="1689" y="1894" width="74" height="59" />
        <cmp x="1763" y="1918" width="24" height="37" />
      </word>
      <word id="c04-089-06-11" tag="INO" text="of">
        <cmp x="1841" y="1923" width="25" height="25" />
        <cmp x="1873" y="1885" width="32" height="62" />
      </word>
      <word id="c04-089-06-12" tag="ATI" text="the">
        <cmp x="1930" y="1899" width="21" height="51" />
        <cmp x="1951" y="1897" width="24" height="57" />
        <cmp x="1979" y="1919" width="25" height="41" />
      </word>
      <upper-contour>
        <point x="326" y="1797" />
        <point x="2006" y="1797" />
      </upper-contour>
      <lower-contour>
        <point x="320" y="1957" />
        <point x="890" y="1957" />
      </lower-contour>
    </line>
    <line ass="187" asx="0" asy="2064" character-width="999" dss="187" dsx="0" dsy="2153" fd0="13356" fd1="3263" fd2="-909" filter-width="4" id="c04-089-07" lbs="-152" lbx="0" lby="2128" segmentation="err" slant="89000" stroke-width="6375" threshold="161" text="Poppets&amp;quot; (Columbia)." ubs="867" ubx="0" uby="2104">
      <word id="c04-089-07-00" tag="NNS" text="Poppets">
        <cmp x="322" y="2064" width="21" height="62" />
        <cmp x="336" y="2102" width="20" height="27" />
        <cmp x="362" y="2101" width="20" height="51" />
        <cmp x="384" y="2101" width="21" height="50" />
        <cmp x="406" y="2094" width="21" height="37" />
        <cmp x="435" y="2086" width="21" height="46" />
        <cmp x="460" y="2096" width="18" height="38" />
      </word>
      <word id="c04-089-07-01" tag="**&apos;" text="&quot;">
        <cmp x="497" y="2074" width="8" height="15" />
        <cmp x="505" y="2078" width="7" height="12" />
      </word>
      <word id="c04-089-07-02" tag="(" text="(">
        <cmp x="568" y="2073" width="37" height="51" />
      </word>
      <word id="c04-089-07-03" tag="NP" text="Columbia">
        <cmp x="619" y="2086" width="35" height="44" />
        <cmp x="662" y="2077" width="48" height="54" />
        <cmp x="720" y="2095" width="37" height="32" />
        <cmp x="763" y="2079" width="24" height="49" />
        <cmp x="796" y="2102" width="9" height="27" />
        <cmp x="800" y="2082" width="7" height="8" />
        <cmp x="817" y="2098" width="31" height="32" />
      </word>
      <word id="c04-089-07-04" tag=")" text=")">
        <cmp x="854" y="2074" width="25" height="60" />
      </word>
      <word id="c04-089-07-05" tag="." text=".">
        <cmp x="880" y="2123" width="9" height="9" />
      </word>
      <upper-contour>
        <point x="320" y="1957" />
        <point x="890" y="1957" />
      </upper-contour>
    </line>
  </handwritten-part>
</form>

