<?xml version="1.0" encoding="ISO-8859-1"?>

<!DOCTYPE form SYSTEM 'http://www.iam.unibe.ch/~fki/iamdb/form-metadata.dtd'>

<form created="2002-01-17" height="3542" id="c06-076" last-modified="2002-07-17" skew="222" status="final" version="3.0_beta" width="2479" writer-id="128">
  <machine-printed-part>
    <machine-print-line text="I AM happy to report that I saw something this week I have never before witnessed," />
    <machine-print-line text="either in pictures or outside - a budgerigar playing a drunk scene, and playing it with" />
    <machine-print-line text="perfect timing and technique. It gives one loud, clear hiccup and falls flat on its back." />
    <machine-print-line text="This brilliant budge, I may add, gets no credit in the cast list of Come September" />
    <machine-print-line text="(Odeon, Leicester-square), which suggests that it is either using a stand-in for the" />
    <machine-print-line text="stunt stuff or needs a more pushful personal manager." />
  </machine-printed-part>
  <handwritten-part>
    <line ass="-95" asx="0" asy="898" character-width="999" dss="-95" dsx="0" dsy="1059" fd0="12398" fd1="2536" fd2="-1431" filter-width="4" id="c06-076-00" lbs="-39" lbx="0" lby="984" segmentation="ok" slant="96000" stroke-width="6141" threshold="196" text="I AM happy to report that I saw some-" ubs="-206" ubx="0" uby="917">
      <word id="c06-076-00-00" sentence-start="yes" tag="PP1A" text="I">
        <cmp x="356" y="901" width="15" height="84" />
      </word>
      <word id="c06-076-00-01" tag="BEM" text="AM">
        <cmp x="430" y="899" width="56" height="91" />
        <cmp x="497" y="899" width="56" height="90" />
      </word>
      <word id="c06-076-00-02" tag="JJ" text="happy">
        <cmp x="621" y="899" width="146" height="137" />
        <cmp x="775" y="920" width="50" height="112" />
        <cmp x="830" y="924" width="19" height="57" />
        <cmp x="834" y="925" width="32" height="136" />
      </word>
      <word id="c06-076-00-03" tag="TO" text="to">
        <cmp x="924" y="900" width="59" height="93" />
      </word>
      <word id="c06-076-00-04" tag="VB" text="report">
        <cmp x="1066" y="921" width="27" height="66" />
        <cmp x="1100" y="917" width="65" height="83" />
        <cmp x="1172" y="921" width="52" height="114" />
        <cmp x="1226" y="921" width="41" height="71" />
        <cmp x="1283" y="912" width="38" height="79" />
        <cmp x="1328" y="900" width="61" height="87" />
      </word>
      <word id="c06-076-00-05" tag="CS" text="that">
        <cmp x="1454" y="901" width="166" height="90" />
      </word>
      <word id="c06-076-00-06" tag="PP1A" text="I">
        <cmp x="1678" y="905" width="22" height="88" />
      </word>
      <word id="c06-076-00-07" tag="VBD" text="saw">
        <cmp x="1714" y="925" width="43" height="68" />
        <cmp x="1771" y="916" width="119" height="75" />
      </word>
      <word id="c06-076-00-08" tag="PN-" text="some-">
        <cmp x="1931" y="925" width="38" height="65" />
        <cmp x="1979" y="918" width="32" height="61" />
        <cmp x="2036" y="917" width="99" height="74" />
        <cmp x="2154" y="951" width="24" height="8" />
      </word>
      <lower-contour>
        <point x="354" y="1060" />
        <point x="2179" y="1060" />
      </lower-contour>
    </line>
    <line ass="-15" asx="0" asy="1076" character-width="999" dss="-15" dsx="0" dsy="1214" fd0="12627" fd1="2340" fd2="-2362" filter-width="4" id="c06-076-01" lbs="59" lbx="0" lby="1161" segmentation="ok" slant="95000" stroke-width="6171" threshold="196" text="thing this week I have never before witnessed," ubs="-164" ubx="0" uby="1098">
      <word id="c06-076-01-00" tag="-PN" text="thing">
        <cmp x="340" y="1080" width="109" height="83" />
        <cmp x="418" y="1084" width="8" height="6" />
        <cmp x="455" y="1102" width="56" height="65" />
        <cmp x="519" y="1098" width="49" height="116" />
      </word>
      <word id="c06-076-01-01" tag="DT" text="this">
        <cmp x="631" y="1082" width="117" height="90" />
        <cmp x="719" y="1092" width="8" height="6" />
        <cmp x="748" y="1092" width="46" height="76" />
      </word>
      <word id="c06-076-01-02" tag="NN" text="week">
        <cmp x="841" y="1095" width="61" height="70" />
        <cmp x="908" y="1079" width="150" height="91" />
      </word>
      <word id="c06-076-01-03" tag="PP1A" text="I">
        <cmp x="1103" y="1087" width="14" height="84" />
      </word>
      <word id="c06-076-01-04" tag="HV" text="have">
        <cmp x="1137" y="1083" width="105" height="85" />
        <cmp x="1242" y="1091" width="32" height="67" />
        <cmp x="1277" y="1095" width="51" height="60" />
      </word>
      <word id="c06-076-01-05" tag="RB" text="never">
        <cmp x="1385" y="1096" width="219" height="77" />
      </word>
      <word id="c06-076-01-06" tag="RI" text="before">
        <cmp x="1638" y="1078" width="48" height="91" />
        <cmp x="1687" y="1078" width="104" height="124" />
        <cmp x="1806" y="1104" width="28" height="65" />
        <cmp x="1830" y="1104" width="64" height="72" />
      </word>
      <word id="c06-076-01-07" tag="VBN" text="witnessed">
        <cmp x="1923" y="1101" width="63" height="63" />
        <cmp x="1984" y="1090" width="5" height="6" />
        <cmp x="1993" y="1103" width="10" height="62" />
        <cmp x="2007" y="1078" width="29" height="81" />
        <cmp x="2047" y="1092" width="189" height="78" />
        <cmp x="2233" y="1084" width="61" height="82" />
      </word>
      <word id="c06-076-01-08" tag="," text=",">
        <cmp x="2303" y="1161" width="6" height="26" />
      </word>
      <upper-contour>
        <point x="354" y="1060" />
        <point x="2179" y="1060" />
      </upper-contour>
      <lower-contour>
        <point x="338" y="1213" />
        <point x="2283" y="1213" />
      </lower-contour>
    </line>
    <line ass="39" asx="0" asy="1253" character-width="999" dss="39" dsx="0" dsy="1445" fd0="12639" fd1="2656" fd2="-1536" filter-width="4" id="c06-076-02" lbs="76" lbx="0" lby="1343" segmentation="ok" slant="95000" stroke-width="6227" threshold="195" text="either in pictures or outside - a budgerigar" ubs="-34" ubx="0" uby="1283">
      <word id="c06-076-02-00" tag="DTX" text="either">
        <cmp x="332" y="1275" width="69" height="72" />
        <cmp x="369" y="1270" width="9" height="7" />
        <cmp x="409" y="1253" width="172" height="96" />
      </word>
      <word id="c06-076-02-01" tag="IN" text="in">
        <cmp x="623" y="1277" width="8" height="7" />
        <cmp x="630" y="1291" width="12" height="56" />
        <cmp x="656" y="1280" width="55" height="69" />
      </word>
      <word id="c06-076-02-02" tag="NNS" text="pictures">
        <cmp x="777" y="1282" width="45" height="106" />
        <cmp x="817" y="1264" width="9" height="8" />
        <cmp x="830" y="1279" width="11" height="66" />
        <cmp x="848" y="1287" width="51" height="62" />
        <cmp x="905" y="1253" width="129" height="98" />
        <cmp x="1025" y="1287" width="86" height="60" />
      </word>
      <word id="c06-076-02-03" tag="CC" text="or">
        <cmp x="1156" y="1293" width="46" height="68" />
        <cmp x="1214" y="1294" width="42" height="61" />
      </word>
      <word id="c06-076-02-04" tag="RP" text="outside">
        <cmp x="1305" y="1280" width="37" height="61" />
        <cmp x="1350" y="1257" width="109" height="92" />
        <cmp x="1466" y="1284" width="43" height="62" />
        <cmp x="1508" y="1274" width="20" height="66" />
        <cmp x="1540" y="1259" width="106" height="82" />
      </word>
      <word id="c06-076-02-05" tag="*-" text="-">
        <cmp x="1676" y="1304" width="18" height="6" />
      </word>
      <word id="c06-076-02-06" tag="AT" text="a">
        <cmp x="1730" y="1288" width="54" height="68" />
      </word>
      <word id="c06-076-02-07" tag="NN" text="budgerigar">
        <cmp x="1818" y="1266" width="43" height="84" />
        <cmp x="1868" y="1289" width="48" height="57" />
        <cmp x="1932" y="1270" width="42" height="72" />
        <cmp x="1984" y="1280" width="49" height="145" />
        <cmp x="2038" y="1278" width="71" height="63" />
        <cmp x="2112" y="1256" width="5" height="6" />
        <cmp x="2126" y="1293" width="8" height="50" />
        <cmp x="2142" y="1281" width="43" height="163" />
        <cmp x="2189" y="1270" width="93" height="75" />
      </word>
      <upper-contour>
        <point x="338" y="1213" />
        <point x="2283" y="1213" />
      </upper-contour>
      <lower-contour>
        <point x="347" y="1440" />
        <point x="2158" y="1447" />
        <point x="2214" y="1447" />
      </lower-contour>
    </line>
    <line ass="112" asx="0" asy="1444" character-width="999" dss="112" dsx="0" dsy="1626" fd0="12824" fd1="2675" fd2="-1318" filter-width="4" id="c06-076-03" lbs="9" lbx="0" lby="1524" segmentation="ok" slant="95000" stroke-width="6144" threshold="195" text="playing a drunk scene, and playing it with" ubs="317" ubx="0" uby="1477">
      <word id="c06-076-03-00" tag="VBG" text="playing">
        <cmp x="349" y="1468" width="46" height="95" />
        <cmp x="396" y="1447" width="70" height="82" />
        <cmp x="465" y="1465" width="37" height="106" />
        <cmp x="504" y="1447" width="7" height="7" />
        <cmp x="519" y="1472" width="12" height="52" />
        <cmp x="547" y="1463" width="48" height="72" />
        <cmp x="599" y="1464" width="50" height="127" />
      </word>
      <word id="c06-076-03-01" tag="AT" text="a">
        <cmp x="703" y="1472" width="58" height="64" />
      </word>
      <word id="c06-076-03-02" tag="JJ" text="drunk">
        <cmp x="805" y="1451" width="107" height="77" />
        <cmp x="930" y="1460" width="122" height="69" />
        <cmp x="1056" y="1447" width="55" height="83" />
      </word>
      <word id="c06-076-03-03" tag="NN" text="scene">
        <cmp x="1136" y="1466" width="50" height="69" />
        <cmp x="1187" y="1466" width="49" height="63" />
        <cmp x="1237" y="1459" width="144" height="66" />
      </word>
      <word id="c06-076-03-04" tag="," text=",">
        <cmp x="1412" y="1510" width="8" height="30" />
      </word>
      <word id="c06-076-03-05" tag="CC" text="and">
        <cmp x="1439" y="1461" width="122" height="73" />
        <cmp x="1566" y="1444" width="69" height="81" />
      </word>
      <word id="c06-076-03-06" tag="VBG" text="playing">
        <cmp x="1661" y="1468" width="44" height="106" />
        <cmp x="1703" y="1446" width="19" height="76" />
        <cmp x="1722" y="1463" width="51" height="64" />
        <cmp x="1776" y="1463" width="29" height="105" />
        <cmp x="1810" y="1452" width="5" height="6" />
        <cmp x="1822" y="1470" width="8" height="59" />
        <cmp x="1848" y="1463" width="45" height="66" />
        <cmp x="1892" y="1465" width="48" height="158" />
      </word>
      <word id="c06-076-03-07" tag="PP3" text="it">
        <cmp x="1972" y="1452" width="8" height="6" />
        <cmp x="1984" y="1443" width="49" height="88" />
      </word>
      <word id="c06-076-03-08" tag="IN" text="with">
        <cmp x="2069" y="1464" width="51" height="63" />
        <cmp x="2113" y="1445" width="7" height="7" />
        <cmp x="2134" y="1440" width="80" height="92" />
      </word>
      <upper-contour>
        <point x="347" y="1440" />
        <point x="2158" y="1447" />
        <point x="2214" y="1447" />
      </upper-contour>
      <lower-contour>
        <point x="347" y="1614" />
        <point x="1896" y="1625" />
        <point x="2214" y="1625" />
      </lower-contour>
    </line>
    <line ass="9" asx="0" asy="1618" character-width="999" dss="9" dsx="0" dsy="1784" fd0="12526" fd1="2361" fd2="-2203" filter-width="4" id="c06-076-04" lbs="-37" lbx="0" lby="1698" segmentation="ok" slant="97000" stroke-width="6064" threshold="194" text="perfect timing and technique. It gives one loud," ubs="102" ubx="0" uby="1647">
      <word id="c06-076-04-00" tag="JJ" text="perfect">
        <cmp x="332" y="1639" width="122" height="102" />
        <cmp x="459" y="1618" width="120" height="108" />
      </word>
      <word id="c06-076-04-01" tag="NN" text="timing">
        <cmp x="641" y="1626" width="45" height="92" />
        <cmp x="651" y="1629" width="6" height="6" />
        <cmp x="698" y="1643" width="74" height="67" />
        <cmp x="773" y="1623" width="6" height="9" />
        <cmp x="784" y="1642" width="11" height="62" />
        <cmp x="810" y="1637" width="102" height="148" />
      </word>
      <word id="c06-076-04-02" tag="CC" text="and">
        <cmp x="958" y="1643" width="110" height="65" />
        <cmp x="1076" y="1618" width="53" height="87" />
      </word>
      <word id="c06-076-04-03" tag="NN" text="technique">
        <cmp x="1183" y="1628" width="68" height="88" />
        <cmp x="1240" y="1632" width="170" height="75" />
        <cmp x="1384" y="1623" width="6" height="6" />
        <cmp x="1431" y="1639" width="42" height="74" />
        <cmp x="1482" y="1640" width="100" height="63" />
      </word>
      <word id="c06-076-04-04" tag="." text=".">
        <cmp x="1606" y="1693" width="9" height="5" />
      </word>
      <word id="c06-076-04-05" sentence-start="yes" tag="PP3" text="It">
        <cmp x="1645" y="1631" width="11" height="83" />
        <cmp x="1654" y="1630" width="36" height="79" />
      </word>
      <word id="c06-076-04-06" tag="VBZ" text="gives">
        <cmp x="1726" y="1645" width="39" height="135" />
        <cmp x="1769" y="1628" width="7" height="10" />
        <cmp x="1778" y="1649" width="8" height="51" />
        <cmp x="1798" y="1633" width="28" height="66" />
        <cmp x="1826" y="1640" width="75" height="63" />
      </word>
      <word id="c06-076-04-07" tag="CD1" text="one">
        <cmp x="1936" y="1644" width="39" height="61" />
        <cmp x="1979" y="1639" width="88" height="64" />
      </word>
      <word id="c06-076-04-08" tag="JJ" text="loud">
        <cmp x="2074" y="1625" width="14" height="65" />
        <cmp x="2094" y="1645" width="36" height="59" />
        <cmp x="2133" y="1641" width="40" height="55" />
        <cmp x="2183" y="1629" width="50" height="74" />
      </word>
      <word id="c06-076-04-09" tag="," text=",">
        <cmp x="2240" y="1689" width="10" height="30" />
      </word>
      <upper-contour>
        <point x="347" y="1614" />
        <point x="1896" y="1625" />
        <point x="2214" y="1625" />
      </upper-contour>
      <lower-contour>
        <point x="338" y="1782" />
        <point x="892" y="1784" />
        <point x="2209" y="1784" />
      </lower-contour>
    </line>
    <line ass="-93" asx="0" asy="1787" character-width="999" dss="-93" dsx="0" dsy="1915" fd0="12901" fd1="2635" fd2="-1722" filter-width="4" id="c06-076-05" lbs="-127" lbx="0" lby="1878" segmentation="ok" slant="95000" stroke-width="6152" threshold="194" text="clear hiccup and falls flat on its back. This" ubs="-26" ubx="0" uby="1816">
      <word id="c06-076-05-00" tag="JJ" text="clear">
        <cmp x="340" y="1809" width="49" height="69" />
        <cmp x="379" y="1788" width="76" height="91" />
        <cmp x="454" y="1812" width="95" height="67" />
      </word>
      <word id="c06-076-05-01" tag="NN" text="hiccup">
        <cmp x="600" y="1796" width="86" height="81" />
        <cmp x="648" y="1795" width="9" height="9" />
        <cmp x="693" y="1814" width="34" height="65" />
        <cmp x="727" y="1813" width="47" height="64" />
        <cmp x="779" y="1815" width="51" height="63" />
        <cmp x="836" y="1815" width="53" height="103" />
      </word>
      <word id="c06-076-05-02" tag="CC" text="and">
        <cmp x="929" y="1818" width="114" height="69" />
        <cmp x="1049" y="1802" width="62" height="81" />
      </word>
      <word id="c06-076-05-03" tag="VBZ" text="falls">
        <cmp x="1131" y="1799" width="36" height="107" />
        <cmp x="1177" y="1819" width="50" height="62" />
        <cmp x="1228" y="1809" width="19" height="74" />
        <cmp x="1246" y="1812" width="60" height="70" />
      </word>
      <word id="c06-076-05-04" tag="JJ" text="flat">
        <cmp x="1343" y="1806" width="55" height="108" />
        <cmp x="1402" y="1798" width="103" height="85" />
      </word>
      <word id="c06-076-05-05" tag="IN" text="on">
        <cmp x="1542" y="1824" width="43" height="59" />
        <cmp x="1596" y="1821" width="53" height="62" />
      </word>
      <word id="c06-076-05-06" tag="PP$" text="its">
        <cmp x="1699" y="1802" width="8" height="7" />
        <cmp x="1709" y="1827" width="7" height="59" />
        <cmp x="1720" y="1804" width="77" height="82" />
      </word>
      <word id="c06-076-05-07" tag="NN" text="back">
        <cmp x="1832" y="1809" width="94" height="74" />
        <cmp x="1924" y="1805" width="89" height="75" />
      </word>
      <word id="c06-076-05-08" tag="." text=".">
        <cmp x="2041" y="1872" width="7" height="8" />
      </word>
      <word id="c06-076-05-09" sentence-start="yes" tag="DT" text="This">
        <cmp x="2056" y="1802" width="40" height="77" />
        <cmp x="2100" y="1799" width="70" height="83" />
        <cmp x="2146" y="1795" width="9" height="8" />
        <cmp x="2175" y="1816" width="34" height="68" />
      </word>
      <upper-contour>
        <point x="338" y="1782" />
        <point x="892" y="1784" />
        <point x="2209" y="1784" />
      </upper-contour>
      <lower-contour>
        <point x="338" y="1917" />
        <point x="2183" y="1917" />
      </lower-contour>
    </line>
    <line ass="-326" asx="0" asy="1963" character-width="999" dss="-326" dsx="0" dsy="2116" fd0="12512" fd1="2472" fd2="-1985" filter-width="4" id="c06-076-06" lbs="-341" lbx="0" lby="2051" segmentation="ok" slant="97000" stroke-width="6151" threshold="195" text="brilliant budge, I may add, gets no credit" ubs="-296" ubx="0" uby="1988">
      <word id="c06-076-06-00" tag="JJ" text="brilliant">
        <cmp x="335" y="1969" width="40" height="91" />
        <cmp x="376" y="1993" width="38" height="58" />
        <cmp x="421" y="1982" width="6" height="7" />
        <cmp x="433" y="1996" width="10" height="63" />
        <cmp x="453" y="1969" width="20" height="83" />
        <cmp x="472" y="1971" width="49" height="84" />
        <cmp x="485" y="1973" width="6" height="7" />
        <cmp x="527" y="1988" width="113" height="65" />
        <cmp x="638" y="1970" width="25" height="81" />
      </word>
      <word id="c06-076-06-01" tag="NN" text="budge">
        <cmp x="732" y="1977" width="44" height="79" />
        <cmp x="777" y="1996" width="54" height="65" />
        <cmp x="830" y="1979" width="47" height="82" />
        <cmp x="886" y="1993" width="80" height="130" />
      </word>
      <word id="c06-076-06-02" tag="," text=",">
        <cmp x="1012" y="2027" width="6" height="35" />
      </word>
      <word id="c06-076-06-03" tag="PP1A" text="I">
        <cmp x="1071" y="1975" width="16" height="77" />
      </word>
      <word id="c06-076-06-04" tag="MD" text="may">
        <cmp x="1141" y="1994" width="80" height="66" />
        <cmp x="1228" y="1999" width="53" height="66" />
        <cmp x="1286" y="1993" width="39" height="107" />
      </word>
      <word id="c06-076-06-05" tag="VB" text="add">
        <cmp x="1363" y="2000" width="45" height="68" />
        <cmp x="1411" y="1985" width="49" height="73" />
        <cmp x="1464" y="1972" width="48" height="88" />
      </word>
      <word id="c06-076-06-06" tag="," text=",">
        <cmp x="1540" y="2033" width="10" height="33" />
      </word>
      <word id="c06-076-06-07" tag="VBZ" text="gets">
        <cmp x="1572" y="1999" width="45" height="125" />
        <cmp x="1628" y="1979" width="73" height="86" />
        <cmp x="1705" y="2003" width="44" height="57" />
      </word>
      <word id="c06-076-06-08" tag="ATI" text="no">
        <cmp x="1784" y="1997" width="50" height="66" />
        <cmp x="1838" y="1996" width="46" height="66" />
      </word>
      <word id="c06-076-06-09" tag="NN" text="credit">
        <cmp x="1921" y="1995" width="47" height="64" />
        <cmp x="1977" y="1989" width="29" height="68" />
        <cmp x="2008" y="1992" width="43" height="71" />
        <cmp x="2058" y="1978" width="85" height="88" />
        <cmp x="2125" y="1992" width="10" height="7" />
        <cmp x="2149" y="1987" width="33" height="81" />
      </word>
      <upper-contour>
        <point x="338" y="1917" />
        <point x="2183" y="1917" />
      </upper-contour>
      <lower-contour>
        <point x="333" y="2125" />
        <point x="2148" y="2125" />
      </lower-contour>
    </line>
    <line ass="-263" asx="0" asy="2130" character-width="999" dss="-263" dsx="0" dsy="2280" fd0="12636" fd1="2539" fd2="-2110" filter-width="4" id="c06-076-07" lbs="-288" lbx="0" lby="2225" segmentation="err" slant="98000" stroke-width="6000" threshold="198" text="in the cast list of Come September (Odeon," ubs="-213" ubx="0" uby="2171">
      <word id="c06-076-07-00" tag="IN" text="in">
        <cmp x="324" y="2155" width="4" height="8" />
        <cmp x="330" y="2175" width="11" height="53" />
        <cmp x="355" y="2165" width="59" height="62" />
      </word>
      <word id="c06-076-07-01" tag="ATI" text="the">
        <cmp x="434" y="2141" width="141" height="91" />
      </word>
      <word id="c06-076-07-02" tag="NN" text="cast">
        <cmp x="612" y="2174" width="44" height="60" />
        <cmp x="656" y="2167" width="90" height="71" />
        <cmp x="736" y="2162" width="52" height="76" />
      </word>
      <word id="c06-076-07-03" tag="NN" text="list">
        <cmp x="843" y="2153" width="14" height="97" />
        <cmp x="853" y="2162" width="7" height="7" />
        <cmp x="871" y="2171" width="53" height="69" />
        <cmp x="926" y="2148" width="49" height="83" />
      </word>
      <word id="c06-076-07-04" tag="INO" text="of">
        <cmp x="1005" y="2174" width="37" height="60" />
        <cmp x="1044" y="2150" width="44" height="114" />
      </word>
      <word id="c06-076-07-05" tag="VB" text="Come">
        <cmp x="1133" y="2158" width="48" height="79" />
        <cmp x="1182" y="2176" width="39" height="59" />
        <cmp x="1229" y="2174" width="118" height="65" />
      </word>
      <word id="c06-076-07-06" tag="NR" text="September">
        <cmp x="1367" y="2156" width="46" height="76" />
        <cmp x="1414" y="2170" width="98" height="108" />
        <cmp x="1522" y="2158" width="156" height="82" />
        <cmp x="1690" y="2155" width="137" height="83" />
      </word>
      <word id="c06-076-07-07" tag="(" text="(">
        <cmp x="1850" y="2140" width="25" height="149" />
        <cmp x="1868" y="2159" width="49" height="71" />
      </word>
      <word id="c06-076-07-08" tag="NP" text="Odeon">
        <cmp x="1922" y="2162" width="102" height="81" />
        <cmp x="2016" y="2183" width="40" height="52" />
        <cmp x="2066" y="2175" width="54" height="61" />
      </word>
      <word id="c06-076-07-09" tag="," text=",">
        <cmp x="2141" y="2223" width="7" height="39" />
      </word>
      <upper-contour>
        <point x="333" y="2125" />
        <point x="2148" y="2125" />
      </upper-contour>
      <lower-contour>
        <point x="339" y="2291" />
        <point x="2145" y="2291" />
      </lower-contour>
    </line>
    <line ass="-288" asx="0" asy="2308" character-width="999" dss="-288" dsx="0" dsy="2485" fd0="12734" fd1="2550" fd2="-2292" filter-width="4" id="c06-076-08" lbs="-310" lbx="0" lby="2404" segmentation="err" slant="96000" stroke-width="6039" threshold="198" text="Leicester-square), which suggests that it" ubs="-242" ubx="0" uby="2351">
      <word id="c06-076-08-00" tag="NP" text="Leicester-square">
        <cmp x="341" y="2320" width="138" height="91" />
        <cmp x="442" y="2328" width="7" height="7" />
        <cmp x="484" y="2342" width="135" height="76" />
        <cmp x="625" y="2328" width="95" height="85" />
        <cmp x="737" y="2373" width="25" height="8" />
        <cmp x="765" y="2356" width="52" height="63" />
        <cmp x="823" y="2355" width="51" height="73" />
        <cmp x="888" y="2357" width="46" height="60" />
        <cmp x="937" y="2354" width="146" height="64" />
        <cmp x="1068" y="2315" width="36" height="139" />
      </word>
      <word id="c06-076-08-01" tag=")" text=")">
        <cmp x="1133" y="2407" width="9" height="34" />
      </word>
      <word id="c06-076-08-02" tag="," text=",">
        <cmp x="1170" y="2347" width="66" height="70" />
      </word>
      <word id="c06-076-08-03" tag="WDT" text="which">
        <cmp x="1244" y="2335" width="81" height="80" />
        <cmp x="1302" y="2336" width="8" height="7" />
        <cmp x="1332" y="2337" width="124" height="79" />
      </word>
      <word id="c06-076-08-04" tag="VBZ" text="suggests">
        <cmp x="1478" y="2363" width="42" height="59" />
        <cmp x="1523" y="2359" width="58" height="64" />
        <cmp x="1590" y="2357" width="48" height="122" />
        <cmp x="1641" y="2357" width="45" height="137" />
        <cmp x="1696" y="2339" width="145" height="82" />
      </word>
      <word id="c06-076-08-05" tag="CS" text="that">
        <cmp x="1887" y="2336" width="154" height="86" />
      </word>
      <word id="c06-076-08-06" tag="PP3" text="it">
        <cmp x="2078" y="2338" width="8" height="7" />
        <cmp x="2088" y="2358" width="7" height="61" />
        <cmp x="2110" y="2330" width="35" height="87" />
      </word>
      <upper-contour>
        <point x="339" y="2291" />
        <point x="2145" y="2291" />
      </upper-contour>
      <lower-contour>
        <point x="339" y="2495" />
        <point x="2145" y="2495" />
      </lower-contour>
    </line>
    <line ass="-172" asx="0" asy="2499" character-width="999" dss="-172" dsx="0" dsy="2656" fd0="12541" fd1="2754" fd2="-1602" filter-width="4" id="c06-076-09" lbs="-62" lbx="0" lby="2597" segmentation="ok" slant="98000" stroke-width="6056" threshold="189" text="is either using a stand-in for the stunt" ubs="-390" ubx="0" uby="2533">
      <word id="c06-076-09-00" tag="BEZ" text="is">
        <cmp x="326" y="2501" width="6" height="9" />
        <cmp x="341" y="2528" width="13" height="64" />
        <cmp x="357" y="2526" width="44" height="66" />
      </word>
      <word id="c06-076-09-01" tag="DTX" text="either">
        <cmp x="465" y="2536" width="66" height="75" />
        <cmp x="497" y="2509" width="10" height="11" />
        <cmp x="542" y="2508" width="184" height="96" />
      </word>
      <word id="c06-076-09-02" tag="VBG" text="using">
        <cmp x="782" y="2536" width="88" height="69" />
        <cmp x="867" y="2528" width="5" height="8" />
        <cmp x="880" y="2543" width="15" height="63" />
        <cmp x="909" y="2544" width="54" height="65" />
        <cmp x="981" y="2541" width="48" height="118" />
      </word>
      <word id="c06-076-09-03" tag="AT" text="a">
        <cmp x="1091" y="2541" width="54" height="70" />
      </word>
      <word id="c06-076-09-04" tag="NN" text="stand-in">
        <cmp x="1187" y="2542" width="52" height="76" />
        <cmp x="1233" y="2524" width="38" height="80" />
        <cmp x="1272" y="2535" width="126" height="73" />
        <cmp x="1410" y="2520" width="69" height="91" />
        <cmp x="1479" y="2568" width="21" height="6" />
        <cmp x="1512" y="2529" width="4" height="8" />
        <cmp x="1521" y="2547" width="8" height="57" />
        <cmp x="1544" y="2544" width="47" height="60" />
      </word>
      <word id="c06-076-09-05" tag="IN" text="for">
        <cmp x="1630" y="2520" width="57" height="116" />
        <cmp x="1694" y="2548" width="33" height="57" />
      </word>
      <word id="c06-076-09-06" tag="ATI" text="the">
        <cmp x="1780" y="2523" width="132" height="89" />
      </word>
      <word id="c06-076-09-07" tag="NN" text="stunt">
        <cmp x="1933" y="2511" width="228" height="103" />
      </word>
      <upper-contour>
        <point x="339" y="2495" />
        <point x="2145" y="2495" />
      </upper-contour>
    </line>
  </handwritten-part>
</form>

