<?xml version="1.0" encoding="ISO-8859-1"?>

<!DOCTYPE form SYSTEM 'http://www.iam.unibe.ch/~fki/iamdb/form-metadata.dtd'>

<form created="2002-01-16" height="3542" id="d04-121" last-modified="2002-07-17" skew="-30" status="final" version="3.0_beta" width="2479" writer-id="197">
  <machine-printed-part>
    <machine-print-line text="And we want all to eat and drink His Great Philosophy of the four ways of Israel&apos;s" />
    <machine-print-line text="redemption. Hence &amp;quot;four questions&amp;quot;, which are really interrogations to examine into" />
    <machine-print-line text="the principles of the four redemptions are asked at the Seder-evening about these" />
    <machine-print-line text="&amp;quot;four symbols&amp;quot; (the MANISHTANO). And the person who asks these questions is" />
    <machine-print-line text="seeking the opinion of the one who is conducting the Seder." />
  </machine-printed-part>
  <handwritten-part>
    <line ass="60" asx="0" asy="739" character-width="999" dss="60" dsx="0" dsy="801" fd0="13604" fd1="3457" fd2="218" filter-width="3" id="d04-121-00" lbs="73" lbx="0" lby="783" segmentation="ok" slant="94000" stroke-width="4984" threshold="180" text="And we want all to eat and drink His Great Philosophy of the" ubs="34" ubx="0" uby="761">
      <word id="d04-121-00-00" sentence-start="yes" tag="CC" text="And">
        <cmp x="348" y="744" width="27" height="41" />
        <cmp x="383" y="763" width="28" height="24" />
        <cmp x="424" y="746" width="25" height="39" />
      </word>
      <word id="d04-121-00-01" tag="PP1AS" text="we">
        <cmp x="489" y="765" width="42" height="22" />
        <cmp x="548" y="763" width="22" height="22" />
      </word>
      <word id="d04-121-00-02" tag="VB" text="want">
        <cmp x="617" y="760" width="42" height="22" />
        <cmp x="667" y="763" width="25" height="20" />
        <cmp x="705" y="761" width="48" height="22" />
      </word>
      <word id="d04-121-00-03" tag="ABN" text="all">
        <cmp x="790" y="762" width="21" height="19" />
        <cmp x="825" y="746" width="11" height="36" />
        <cmp x="851" y="746" width="9" height="36" />
      </word>
      <word id="d04-121-00-04" tag="TO" text="to">
        <cmp x="893" y="761" width="15" height="23" />
        <cmp x="926" y="762" width="26" height="18" />
      </word>
      <word id="d04-121-00-05" tag="VB" text="eat">
        <cmp x="983" y="758" width="24" height="23" />
        <cmp x="1011" y="761" width="12" height="9" />
        <cmp x="1011" y="758" width="45" height="22" />
      </word>
      <word id="d04-121-00-06" tag="CC" text="and">
        <cmp x="1082" y="758" width="28" height="23" />
        <cmp x="1121" y="764" width="24" height="16" />
        <cmp x="1163" y="742" width="22" height="40" />
      </word>
      <word id="d04-121-00-07" tag="VB" text="drink">
        <cmp x="1218" y="740" width="27" height="42" />
        <cmp x="1258" y="759" width="21" height="21" />
        <cmp x="1287" y="763" width="6" height="15" />
        <cmp x="1288" y="749" width="4" height="5" />
        <cmp x="1308" y="760" width="22" height="21" />
        <cmp x="1341" y="745" width="26" height="38" />
      </word>
      <word id="d04-121-00-08" tag="PP$" text="His">
        <cmp x="1395" y="746" width="20" height="39" />
        <cmp x="1429" y="765" width="5" height="14" />
        <cmp x="1433" y="751" width="3" height="5" />
        <cmp x="1448" y="759" width="18" height="26" />
      </word>
      <word id="d04-121-00-09" tag="JJ" text="Great">
        <cmp x="1492" y="747" width="30" height="33" />
        <cmp x="1532" y="760" width="20" height="25" />
        <cmp x="1560" y="760" width="20" height="20" />
        <cmp x="1590" y="761" width="42" height="21" />
      </word>
      <word id="d04-121-00-10" tag="NN" text="Philosophy">
        <cmp x="1668" y="744" width="18" height="33" />
        <cmp x="1695" y="742" width="28" height="40" />
        <cmp x="1735" y="769" width="4" height="9" />
        <cmp x="1753" y="746" width="8" height="35" />
        <cmp x="1765" y="765" width="23" height="20" />
        <cmp x="1799" y="761" width="42" height="24" />
        <cmp x="1847" y="742" width="21" height="58" />
        <cmp x="1858" y="765" width="6" height="4" />
        <cmp x="1880" y="744" width="22" height="37" />
        <cmp x="1913" y="756" width="19" height="39" />
      </word>
      <word id="d04-121-00-11" tag="INO" text="of">
        <cmp x="1968" y="760" width="29" height="20" />
        <cmp x="2000" y="740" width="26" height="40" />
      </word>
      <word id="d04-121-00-12" tag="ATI" text="the">
        <cmp x="2070" y="751" width="15" height="30" />
        <cmp x="2096" y="738" width="25" height="47" />
        <cmp x="2131" y="757" width="25" height="24" />
      </word>
      <lower-contour>
        <point x="346" y="800" />
        <point x="2103" y="800" />
      </lower-contour>
    </line>
    <line ass="353" asx="0" asy="923" character-width="999" dss="353" dsx="0" dsy="992" fd0="14193" fd1="3855" fd2="-322" filter-width="3" id="d04-121-01" lbs="371" lbx="0" lby="968" segmentation="err" slant="95000" stroke-width="5120" threshold="179" text="four ways of Israel&apos;s redemption. Hence &amp;quot;four questions&amp;quot;, which are" ubs="318" ubx="0" uby="946">
      <word id="d04-121-01-00" tag="CD" text="four">
        <cmp x="331" y="921" width="16" height="42" />
        <cmp x="358" y="946" width="23" height="17" />
        <cmp x="385" y="941" width="26" height="22" />
        <cmp x="419" y="943" width="17" height="16" />
      </word>
      <word id="d04-121-01-01" tag="NNS" text="ways">
        <cmp x="471" y="941" width="38" height="23" />
        <cmp x="515" y="945" width="27" height="18" />
        <cmp x="547" y="943" width="20" height="37" />
        <cmp x="575" y="941" width="16" height="24" />
      </word>
      <word id="d04-121-01-02" tag="INO" text="of">
        <cmp x="621" y="945" width="25" height="22" />
        <cmp x="647" y="922" width="22" height="42" />
      </word>
      <word id="d04-121-01-03" tag="NP$" text="Israel&apos;s">
        <cmp x="696" y="924" width="9" height="36" />
        <cmp x="717" y="940" width="16" height="26" />
        <cmp x="743" y="941" width="16" height="22" />
        <cmp x="761" y="943" width="22" height="18" />
        <cmp x="791" y="941" width="23" height="19" />
        <cmp x="828" y="923" width="10" height="40" />
        <cmp x="855" y="918" width="9" height="18" />
        <cmp x="870" y="939" width="19" height="23" />
      </word>
      <word id="d04-121-01-04" tag="NN" text="redemption">
        <cmp x="919" y="937" width="18" height="24" />
        <cmp x="940" y="941" width="20" height="21" />
        <cmp x="968" y="921" width="20" height="41" />
        <cmp x="992" y="939" width="21" height="24" />
        <cmp x="1025" y="942" width="30" height="16" />
        <cmp x="1057" y="919" width="26" height="60" />
        <cmp x="1093" y="936" width="13" height="29" />
        <cmp x="1118" y="931" width="3" height="4" />
        <cmp x="1118" y="943" width="6" height="15" />
        <cmp x="1130" y="939" width="23" height="19" />
        <cmp x="1158" y="936" width="24" height="22" />
      </word>
      <word id="d04-121-01-05" tag="." text=".">
        <cmp x="1191" y="951" width="7" height="9" />
      </word>
      <word id="d04-121-01-06" sentence-start="yes" tag="RB" text="Hence">
        <cmp x="1222" y="927" width="5" height="34" />
        <cmp x="1230" y="925" width="10" height="34" />
        <cmp x="1250" y="939" width="17" height="22" />
        <cmp x="1276" y="938" width="19" height="22" />
        <cmp x="1304" y="940" width="19" height="23" />
        <cmp x="1327" y="942" width="19" height="12" />
        <cmp x="1330" y="953" width="18" height="9" />
      </word>
      <word id="d04-121-01-07" tag="*&apos;" text="&quot;">
        <cmp x="1369" y="916" width="15" height="23" />
        <cmp x="1388" y="916" width="16" height="23" />
      </word>
      <word id="d04-121-01-08" tag="CD" text="four">
        <cmp x="1414" y="915" width="23" height="49" />
        <cmp x="1439" y="945" width="20" height="20" />
        <cmp x="1465" y="940" width="25" height="23" />
        <cmp x="1501" y="944" width="17" height="16" />
      </word>
      <word id="d04-121-01-09" tag="NNS" text="questions">
        <cmp x="1544" y="933" width="22" height="50" />
        <cmp x="1585" y="937" width="23" height="26" />
        <cmp x="1615" y="939" width="17" height="12" />
        <cmp x="1617" y="935" width="32" height="25" />
        <cmp x="1657" y="937" width="14" height="23" />
        <cmp x="1679" y="943" width="5" height="12" />
        <cmp x="1682" y="930" width="3" height="4" />
        <cmp x="1695" y="937" width="21" height="18" />
        <cmp x="1721" y="936" width="47" height="24" />
      </word>
      <word id="d04-121-01-10" tag="**&apos;" text="&quot;">
        <cmp x="1767" y="916" width="14" height="22" />
      </word>
      <word id="d04-121-01-11" tag="," text=",">
        <cmp x="1788" y="915" width="11" height="24" />
        <cmp x="1788" y="965" width="15" height="8" />
        <cmp x="1798" y="956" width="6" height="9" />
      </word>
      <word id="d04-121-01-12" tag="WDT" text="which">
        <cmp x="1820" y="936" width="35" height="25" />
        <cmp x="1858" y="914" width="28" height="44" />
        <cmp x="1898" y="942" width="5" height="14" />
        <cmp x="1900" y="934" width="4" height="4" />
        <cmp x="1916" y="936" width="23" height="23" />
        <cmp x="1936" y="914" width="27" height="42" />
      </word>
      <word id="d04-121-01-13" tag="BER" text="are">
        <cmp x="2004" y="935" width="28" height="24" />
        <cmp x="2042" y="935" width="25" height="21" />
        <cmp x="2071" y="932" width="31" height="26" />
      </word>
      <upper-contour>
        <point x="346" y="800" />
        <point x="2103" y="800" />
      </upper-contour>
      <lower-contour>
        <point x="329" y="983" />
        <point x="2103" y="983" />
      </lower-contour>
    </line>
    <line ass="209" asx="0" asy="1101" character-width="999" dss="209" dsx="0" dsy="1173" fd0="14066" fd1="3392" fd2="13" filter-width="3" id="d04-121-02" lbs="236" lbx="0" lby="1147" segmentation="ok" slant="92999" stroke-width="5240" threshold="180" text="really interrogations to examine into the principles of the four re-" ubs="154" ubx="0" uby="1125">
      <word id="d04-121-02-00" tag="RB" text="really">
        <cmp x="331" y="1114" width="20" height="28" />
        <cmp x="353" y="1119" width="23" height="23" />
        <cmp x="384" y="1124" width="21" height="22" />
        <cmp x="414" y="1110" width="8" height="38" />
        <cmp x="426" y="1111" width="8" height="35" />
        <cmp x="443" y="1127" width="19" height="35" />
      </word>
      <word id="d04-121-02-01" tag="NNS" text="interrogations">
        <cmp x="480" y="1115" width="4" height="5" />
        <cmp x="482" y="1130" width="6" height="17" />
        <cmp x="500" y="1126" width="3" height="7" />
        <cmp x="500" y="1130" width="22" height="16" />
        <cmp x="534" y="1122" width="9" height="28" />
        <cmp x="550" y="1126" width="16" height="22" />
        <cmp x="571" y="1125" width="14" height="20" />
        <cmp x="597" y="1124" width="16" height="19" />
        <cmp x="614" y="1123" width="22" height="19" />
        <cmp x="643" y="1110" width="28" height="61" />
        <cmp x="684" y="1118" width="42" height="25" />
        <cmp x="733" y="1126" width="7" height="15" />
        <cmp x="738" y="1116" width="4" height="5" />
        <cmp x="752" y="1125" width="19" height="20" />
        <cmp x="773" y="1121" width="41" height="24" />
      </word>
      <word id="d04-121-02-02" tag="TO" text="to">
        <cmp x="852" y="1119" width="12" height="25" />
        <cmp x="878" y="1123" width="22" height="19" />
      </word>
      <word id="d04-121-02-03" tag="VB" text="examine">
        <cmp x="917" y="1121" width="23" height="22" />
        <cmp x="949" y="1122" width="21" height="21" />
        <cmp x="982" y="1123" width="16" height="21" />
        <cmp x="1015" y="1125" width="40" height="18" />
        <cmp x="1070" y="1128" width="5" height="12" />
        <cmp x="1094" y="1120" width="20" height="20" />
        <cmp x="1121" y="1123" width="22" height="21" />
      </word>
      <word id="d04-121-02-04" tag="IN" text="into">
        <cmp x="1168" y="1110" width="3" height="4" />
        <cmp x="1170" y="1124" width="4" height="16" />
        <cmp x="1194" y="1119" width="36" height="23" />
        <cmp x="1243" y="1125" width="22" height="19" />
      </word>
      <word id="d04-121-02-05" tag="ATI" text="the">
        <cmp x="1297" y="1119" width="15" height="23" />
        <cmp x="1318" y="1103" width="29" height="37" />
        <cmp x="1355" y="1122" width="21" height="20" />
      </word>
      <word id="d04-121-02-06" tag="NNS" text="principles">
        <cmp x="1403" y="1111" width="23" height="54" />
        <cmp x="1446" y="1123" width="21" height="19" />
        <cmp x="1471" y="1127" width="5" height="13" />
        <cmp x="1496" y="1124" width="24" height="19" />
        <cmp x="1527" y="1123" width="24" height="21" />
        <cmp x="1558" y="1126" width="9" height="15" />
        <cmp x="1560" y="1114" width="3" height="4" />
        <cmp x="1577" y="1108" width="26" height="55" />
        <cmp x="1618" y="1097" width="7" height="39" />
        <cmp x="1637" y="1112" width="47" height="27" />
      </word>
      <word id="d04-121-02-07" tag="INO" text="of">
        <cmp x="1707" y="1097" width="45" height="45" />
      </word>
      <word id="d04-121-02-08" tag="ATI" text="the">
        <cmp x="1788" y="1119" width="14" height="21" />
        <cmp x="1823" y="1103" width="21" height="35" />
        <cmp x="1857" y="1119" width="21" height="23" />
      </word>
      <word id="d04-121-02-09" tag="CD" text="four">
        <cmp x="1910" y="1097" width="31" height="45" />
        <cmp x="1939" y="1119" width="22" height="20" />
        <cmp x="1975" y="1116" width="32" height="26" />
        <cmp x="2017" y="1122" width="27" height="16" />
      </word>
      <word id="d04-121-02-10" tag="NNS-" text="re-">
        <cmp x="2085" y="1119" width="21" height="22" />
        <cmp x="2107" y="1120" width="26" height="21" />
        <cmp x="2149" y="1126" width="9" height="6" />
      </word>
      <upper-contour>
        <point x="329" y="983" />
        <point x="2103" y="983" />
      </upper-contour>
      <lower-contour>
        <point x="337" y="1171" />
        <point x="2117" y="1171" />
      </lower-contour>
    </line>
    <line ass="-18" asx="0" asy="1276" character-width="999" dss="-18" dsx="0" dsy="1353" fd0="13782" fd1="3544" fd2="-33" filter-width="3" id="d04-121-03" lbs="-40" lbx="0" lby="1319" segmentation="err" slant="98000" stroke-width="5211" threshold="180" text="demptions are asked at the Seder-evening about these &amp;quot;four" ubs="27" ubx="0" uby="1298">
      <word id="d04-121-03-00" tag="-NNS" text="demptions">
        <cmp x="339" y="1284" width="27" height="41" />
        <cmp x="381" y="1301" width="23" height="24" />
        <cmp x="414" y="1298" width="56" height="24" />
        <cmp x="475" y="1286" width="25" height="62" />
        <cmp x="512" y="1296" width="15" height="28" />
        <cmp x="541" y="1300" width="5" height="17" />
        <cmp x="561" y="1298" width="19" height="20" />
        <cmp x="587" y="1291" width="46" height="27" />
      </word>
      <word id="d04-121-03-01" tag="BER" text="are">
        <cmp x="659" y="1299" width="27" height="24" />
        <cmp x="699" y="1299" width="23" height="20" />
        <cmp x="734" y="1296" width="18" height="23" />
      </word>
      <word id="d04-121-03-02" tag="VBN" text="asked">
        <cmp x="787" y="1297" width="43" height="26" />
        <cmp x="834" y="1278" width="30" height="41" />
        <cmp x="870" y="1299" width="18" height="23" />
        <cmp x="895" y="1279" width="23" height="42" />
      </word>
      <word id="d04-121-03-03" tag="IN" text="at">
        <cmp x="960" y="1297" width="24" height="22" />
        <cmp x="990" y="1295" width="13" height="24" />
      </word>
      <word id="d04-121-03-04" tag="ATI" text="the">
        <cmp x="1048" y="1295" width="14" height="26" />
        <cmp x="1070" y="1279" width="31" height="41" />
        <cmp x="1110" y="1302" width="26" height="23" />
      </word>
      <word id="d04-121-03-05" tag="NN" text="Seder-evening">
        <cmp x="1170" y="1282" width="27" height="43" />
        <cmp x="1206" y="1300" width="26" height="21" />
        <cmp x="1241" y="1278" width="22" height="38" />
        <cmp x="1280" y="1293" width="23" height="25" />
        <cmp x="1314" y="1289" width="27" height="22" />
        <cmp x="1355" y="1306" width="20" height="6" />
        <cmp x="1386" y="1296" width="27" height="25" />
        <cmp x="1416" y="1300" width="22" height="19" />
        <cmp x="1444" y="1301" width="19" height="20" />
        <cmp x="1468" y="1301" width="26" height="19" />
        <cmp x="1512" y="1305" width="6" height="15" />
        <cmp x="1531" y="1305" width="23" height="13" />
        <cmp x="1561" y="1298" width="21" height="56" />
      </word>
      <word id="d04-121-03-06" tag="IN" text="about">
        <cmp x="1616" y="1300" width="24" height="20" />
        <cmp x="1648" y="1280" width="24" height="42" />
        <cmp x="1675" y="1303" width="24" height="21" />
        <cmp x="1710" y="1290" width="47" height="33" />
      </word>
      <word id="d04-121-03-07" tag="DTS" text="these">
        <cmp x="1789" y="1297" width="13" height="24" />
        <cmp x="1808" y="1282" width="27" height="35" />
        <cmp x="1843" y="1298" width="42" height="24" />
        <cmp x="1889" y="1299" width="28" height="23" />
      </word>
      <word id="d04-121-03-08" tag="*&apos;" text="&quot;">
        <cmp x="1942" y="1283" width="11" height="22" />
      </word>
      <word id="d04-121-03-09" tag="CD" text="four">
        <cmp x="1965" y="1283" width="14" height="21" />
        <cmp x="1980" y="1282" width="31" height="45" />
        <cmp x="2019" y="1306" width="21" height="17" />
        <cmp x="2052" y="1302" width="28" height="24" />
        <cmp x="2089" y="1301" width="27" height="22" />
      </word>
      <upper-contour>
        <point x="337" y="1171" />
        <point x="2117" y="1171" />
      </upper-contour>
      <lower-contour>
        <point x="339" y="1354" />
        <point x="2117" y="1354" />
      </lower-contour>
    </line>
    <line ass="191" asx="0" asy="1454" character-width="999" dss="191" dsx="0" dsy="1519" fd0="13611" fd1="3258" fd2="-388" filter-width="3" id="d04-121-04" lbs="206" lbx="0" lby="1503" segmentation="err" slant="97000" stroke-width="5067" threshold="178" text="symbols&amp;quot; (the MANISHTANO). And the person who asks these" ubs="162" ubx="0" uby="1478">
      <word id="d04-121-04-00" tag="NNS" text="symbols">
        <cmp x="341" y="1473" width="16" height="28" />
        <cmp x="362" y="1478" width="23" height="35" />
        <cmp x="394" y="1485" width="35" height="17" />
        <cmp x="438" y="1458" width="22" height="45" />
        <cmp x="469" y="1483" width="18" height="19" />
        <cmp x="496" y="1461" width="10" height="41" />
        <cmp x="521" y="1478" width="19" height="25" />
        <cmp x="539" y="1455" width="12" height="25" />
      </word>
      <word id="d04-121-04-01" tag="**&apos;" text="&quot;">
        <cmp x="560" y="1458" width="12" height="22" />
      </word>
      <word id="d04-121-04-02" tag="(" text="(">
        <cmp x="592" y="1453" width="26" height="48" />
      </word>
      <word id="d04-121-04-03" tag="ATI" text="the">
        <cmp x="631" y="1479" width="18" height="26" />
        <cmp x="638" y="1475" width="3" height="3" />
        <cmp x="661" y="1459" width="28" height="40" />
        <cmp x="694" y="1475" width="21" height="22" />
      </word>
      <word id="d04-121-04-04" tag="&amp;FW" text="MANISHTANO">
        <cmp x="746" y="1463" width="36" height="39" />
        <cmp x="795" y="1469" width="23" height="30" />
        <cmp x="833" y="1464" width="29" height="32" />
        <cmp x="875" y="1470" width="7" height="27" />
        <cmp x="893" y="1464" width="21" height="33" />
        <cmp x="928" y="1465" width="23" height="35" />
        <cmp x="968" y="1464" width="26" height="33" />
        <cmp x="1002" y="1466" width="23" height="32" />
        <cmp x="1036" y="1469" width="34" height="30" />
        <cmp x="1073" y="1470" width="25" height="26" />
      </word>
      <word id="d04-121-04-05" tag=")" text=")">
        <cmp x="1103" y="1459" width="20" height="44" />
      </word>
      <word id="d04-121-04-06" tag="." text=".">
        <cmp x="1127" y="1494" width="6" height="8" />
      </word>
      <word id="d04-121-04-07" sentence-start="yes" tag="CC" text="And">
        <cmp x="1152" y="1464" width="28" height="36" />
        <cmp x="1161" y="1486" width="12" height="6" />
        <cmp x="1197" y="1479" width="4" height="4" />
        <cmp x="1197" y="1481" width="22" height="18" />
        <cmp x="1235" y="1461" width="23" height="38" />
      </word>
      <word id="d04-121-04-08" tag="ATI" text="the">
        <cmp x="1307" y="1477" width="12" height="25" />
        <cmp x="1325" y="1457" width="34" height="40" />
        <cmp x="1374" y="1475" width="25" height="25" />
      </word>
      <word id="d04-121-04-09" tag="NN" text="person">
        <cmp x="1437" y="1459" width="26" height="56" />
        <cmp x="1482" y="1475" width="21" height="23" />
        <cmp x="1515" y="1476" width="21" height="22" />
        <cmp x="1545" y="1472" width="19" height="28" />
        <cmp x="1569" y="1479" width="22" height="20" />
        <cmp x="1597" y="1474" width="29" height="23" />
      </word>
      <word id="d04-121-04-10" tag="WP" text="who">
        <cmp x="1671" y="1474" width="47" height="26" />
        <cmp x="1727" y="1453" width="29" height="48" />
        <cmp x="1771" y="1476" width="22" height="20" />
      </word>
      <word id="d04-121-04-11" tag="VBZ" text="asks">
        <cmp x="1840" y="1471" width="62" height="28" />
        <cmp x="1913" y="1453" width="27" height="40" />
        <cmp x="1950" y="1470" width="20" height="29" />
      </word>
      <word id="d04-121-04-12" tag="DTS" text="these">
        <cmp x="2016" y="1470" width="17" height="27" />
        <cmp x="2044" y="1459" width="24" height="37" />
        <cmp x="2078" y="1473" width="47" height="26" />
        <cmp x="2140" y="1472" width="29" height="22" />
      </word>
      <upper-contour>
        <point x="339" y="1354" />
        <point x="2117" y="1354" />
      </upper-contour>
      <lower-contour>
        <point x="339" y="1515" />
        <point x="2054" y="1515" />
      </lower-contour>
    </line>
    <line ass="138" asx="0" asy="1628" character-width="999" dss="138" dsx="0" dsy="1703" fd0="14160" fd1="3922" fd2="576" filter-width="3" id="d04-121-05" lbs="252" lbx="0" lby="1685" segmentation="ok" slant="96000" stroke-width="4820" threshold="179" text="questions is seeking the opinion of the one who is" ubs="-89" ubx="0" uby="1654">
      <word id="d04-121-05-00" tag="NNS" text="questions">
        <cmp x="337" y="1654" width="22" height="46" />
        <cmp x="374" y="1661" width="28" height="24" />
        <cmp x="408" y="1658" width="24" height="24" />
        <cmp x="445" y="1657" width="17" height="26" />
        <cmp x="474" y="1652" width="15" height="27" />
        <cmp x="503" y="1647" width="4" height="6" />
        <cmp x="506" y="1663" width="6" height="14" />
        <cmp x="523" y="1656" width="20" height="24" />
        <cmp x="557" y="1655" width="45" height="26" />
      </word>
      <word id="d04-121-05-01" tag="BEZ" text="is">
        <cmp x="648" y="1647" width="5" height="6" />
        <cmp x="651" y="1657" width="7" height="25" />
        <cmp x="669" y="1652" width="18" height="29" />
      </word>
      <word id="d04-121-05-02" tag="VBG" text="seeking">
        <cmp x="736" y="1656" width="15" height="25" />
        <cmp x="762" y="1656" width="24" height="23" />
        <cmp x="797" y="1656" width="24" height="22" />
        <cmp x="830" y="1629" width="31" height="51" />
        <cmp x="874" y="1642" width="5" height="7" />
        <cmp x="879" y="1664" width="6" height="13" />
        <cmp x="904" y="1657" width="24" height="20" />
        <cmp x="939" y="1651" width="27" height="50" />
      </word>
      <word id="d04-121-05-03" tag="ATI" text="the">
        <cmp x="1006" y="1650" width="13" height="30" />
        <cmp x="1028" y="1634" width="28" height="40" />
        <cmp x="1063" y="1653" width="23" height="25" />
      </word>
      <word id="d04-121-05-04" tag="NN" text="opinion">
        <cmp x="1136" y="1657" width="26" height="22" />
        <cmp x="1170" y="1637" width="26" height="61" />
        <cmp x="1212" y="1637" width="8" height="13" />
        <cmp x="1215" y="1661" width="5" height="15" />
        <cmp x="1241" y="1650" width="27" height="24" />
        <cmp x="1281" y="1643" width="3" height="5" />
        <cmp x="1281" y="1656" width="5" height="17" />
        <cmp x="1306" y="1659" width="24" height="21" />
        <cmp x="1342" y="1656" width="26" height="22" />
      </word>
      <word id="d04-121-05-05" tag="INO" text="of">
        <cmp x="1417" y="1626" width="50" height="60" />
      </word>
      <word id="d04-121-05-06" tag="ATI" text="the">
        <cmp x="1515" y="1654" width="27" height="28" />
        <cmp x="1546" y="1637" width="26" height="41" />
        <cmp x="1570" y="1669" width="5" height="15" />
        <cmp x="1586" y="1664" width="25" height="22" />
      </word>
      <word id="d04-121-05-07" tag="CD1" text="one">
        <cmp x="1650" y="1661" width="26" height="21" />
        <cmp x="1700" y="1659" width="29" height="24" />
        <cmp x="1734" y="1661" width="27" height="21" />
      </word>
      <word id="d04-121-05-08" tag="WP" text="who">
        <cmp x="1811" y="1665" width="10" height="17" />
        <cmp x="1814" y="1661" width="4" height="3" />
        <cmp x="1821" y="1657" width="35" height="27" />
        <cmp x="1863" y="1629" width="31" height="53" />
        <cmp x="1904" y="1659" width="28" height="24" />
      </word>
      <word id="d04-121-05-09" tag="BEZ" text="is">
        <cmp x="2000" y="1654" width="6" height="19" />
        <cmp x="2003" y="1644" width="4" height="7" />
        <cmp x="2031" y="1649" width="22" height="31" />
      </word>
      <upper-contour>
        <point x="339" y="1515" />
        <point x="2054" y="1515" />
      </upper-contour>
      <lower-contour>
        <point x="335" y="1701" />
        <point x="1001" y="1701" />
      </lower-contour>
    </line>
    <line ass="203" asx="0" asy="1817" character-width="999" dss="203" dsx="0" dsy="1888" fd0="14166" fd1="3874" fd2="138" filter-width="3" id="d04-121-06" lbs="345" lbx="0" lby="1862" segmentation="ok" slant="98000" stroke-width="5140" threshold="175" text="conducting the Seder." ubs="-82" ubx="0" uby="1836">
      <word id="d04-121-06-00" tag="VBG" text="conducting">
        <cmp x="333" y="1837" width="19" height="26" />
        <cmp x="369" y="1840" width="25" height="21" />
        <cmp x="403" y="1840" width="26" height="20" />
        <cmp x="442" y="1817" width="21" height="45" />
        <cmp x="479" y="1840" width="28" height="23" />
        <cmp x="513" y="1835" width="26" height="26" />
        <cmp x="541" y="1836" width="11" height="25" />
        <cmp x="548" y="1832" width="3" height="4" />
        <cmp x="561" y="1825" width="4" height="5" />
        <cmp x="566" y="1844" width="5" height="12" />
        <cmp x="580" y="1838" width="8" height="14" />
        <cmp x="589" y="1839" width="13" height="16" />
        <cmp x="607" y="1830" width="28" height="56" />
      </word>
      <word id="d04-121-06-01" tag="ATI" text="the">
        <cmp x="685" y="1828" width="14" height="34" />
        <cmp x="710" y="1817" width="27" height="36" />
        <cmp x="749" y="1832" width="24" height="24" />
      </word>
      <word id="d04-121-06-02" tag="NN" text="Seder">
        <cmp x="831" y="1823" width="24" height="40" />
        <cmp x="866" y="1842" width="20" height="21" />
        <cmp x="901" y="1818" width="25" height="43" />
        <cmp x="935" y="1836" width="23" height="26" />
        <cmp x="967" y="1839" width="4" height="4" />
        <cmp x="969" y="1830" width="23" height="29" />
        <cmp x="990" y="1835" width="3" height="4" />
      </word>
      <word id="d04-121-06-03" tag="." text=".">
        <cmp x="991" y="1851" width="9" height="8" />
      </word>
      <upper-contour>
        <point x="335" y="1701" />
        <point x="1001" y="1701" />
      </upper-contour>
    </line>
  </handwritten-part>
</form>

