<?xml version="1.0" encoding="ISO-8859-1"?>

<!DOCTYPE form SYSTEM 'http://www.iam.unibe.ch/~fki/iamdb/form-metadata.dtd'>

<form created="2002-01-16" height="3542" id="d06-091" last-modified="2002-07-17" skew="127" status="final" version="3.0_beta" width="2479" writer-id="202">
  <machine-printed-part>
    <machine-print-line text="There may be some who will argue that routine destroys the soul. It is so easy, they" />
    <machine-print-line text="say, to get into a rut. Save us from the school curriculum and even worse the school" />
    <machine-print-line text="system whereby for meals everybody knows beforehand exactly what, on any given" />
    <machine-print-line text="day of the week, they are going to have. If - such a critic may say - you are calling" />
    <machine-print-line text="us to adventure, do not strangle us before we start by putting us into a strait-jacket" />
    <machine-print-line text="called &apos;order&apos;." />
  </machine-printed-part>
  <handwritten-part>
    <line ass="77" asx="0" asy="823" character-width="999" dss="77" dsx="0" dsy="922" fd0="12874" fd1="3124" fd2="-659" filter-width="3" id="d06-091-00" lbs="32" lbx="0" lby="877" segmentation="ok" slant="95000" stroke-width="5698" threshold="179" text="There may be some who will argue that" ubs="168" ubx="0" uby="849">
      <word id="d06-091-00-00" sentence-start="yes" tag="EX" text="There">
        <cmp x="351" y="824" width="44" height="54" />
        <cmp x="400" y="823" width="53" height="51" />
        <cmp x="458" y="840" width="75" height="45" />
        <cmp x="534" y="843" width="55" height="37" />
      </word>
      <word id="d06-091-00-01" tag="MD" text="may">
        <cmp x="660" y="845" width="85" height="36" />
        <cmp x="745" y="849" width="54" height="33" />
        <cmp x="803" y="850" width="42" height="59" />
      </word>
      <word id="d06-091-00-02" tag="BE" text="be">
        <cmp x="906" y="832" width="56" height="50" />
        <cmp x="969" y="845" width="52" height="41" />
      </word>
      <word id="d06-091-00-03" tag="DTI" text="some">
        <cmp x="1088" y="848" width="48" height="38" />
        <cmp x="1139" y="846" width="46" height="37" />
        <cmp x="1193" y="843" width="76" height="35" />
        <cmp x="1268" y="843" width="55" height="37" />
      </word>
      <word id="d06-091-00-04" tag="WP" text="who">
        <cmp x="1385" y="844" width="49" height="37" />
        <cmp x="1440" y="834" width="51" height="47" />
        <cmp x="1497" y="848" width="40" height="36" />
      </word>
      <word id="d06-091-00-05" tag="MD" text="will">
        <cmp x="1587" y="845" width="53" height="36" />
        <cmp x="1650" y="844" width="9" height="35" />
        <cmp x="1656" y="826" width="5" height="5" />
        <cmp x="1664" y="829" width="7" height="45" />
        <cmp x="1676" y="827" width="7" height="44" />
      </word>
      <word id="d06-091-00-06" tag="VB" text="argue">
        <cmp x="1753" y="844" width="48" height="37" />
        <cmp x="1806" y="847" width="23" height="35" />
        <cmp x="1817" y="849" width="57" height="72" />
        <cmp x="1875" y="846" width="49" height="36" />
        <cmp x="1943" y="840" width="51" height="38" />
      </word>
      <word id="d06-091-00-07" tag="CS" text="that">
        <cmp x="2030" y="824" width="31" height="52" />
        <cmp x="2067" y="829" width="42" height="47" />
        <cmp x="2110" y="843" width="49" height="34" />
        <cmp x="2162" y="831" width="25" height="45" />
      </word>
      <lower-contour>
        <point x="357" y="922" />
        <point x="2187" y="922" />
      </lower-contour>
    </line>
    <line ass="118" asx="0" asy="1006" character-width="999" dss="118" dsx="0" dsy="1083" fd0="13014" fd1="2936" fd2="-853" filter-width="3" id="d06-091-01" lbs="106" lbx="0" lby="1063" segmentation="ok" slant="94000" stroke-width="5579" threshold="181" text="routine destroys the soul. It is so easy," ubs="143" ubx="0" uby="1030">
      <word id="d06-091-01-00" tag="NN" text="routine">
        <cmp x="359" y="1028" width="35" height="39" />
        <cmp x="394" y="1027" width="45" height="34" />
        <cmp x="439" y="1007" width="97" height="59" />
        <cmp x="542" y="1021" width="99" height="42" />
      </word>
      <word id="d06-091-01-01" tag="VBZ" text="destroys">
        <cmp x="722" y="1020" width="53" height="43" />
        <cmp x="777" y="1025" width="98" height="37" />
        <cmp x="879" y="1014" width="54" height="51" />
        <cmp x="943" y="1029" width="42" height="31" />
        <cmp x="987" y="1029" width="25" height="25" />
        <cmp x="1004" y="1027" width="23" height="54" />
        <cmp x="1029" y="1024" width="51" height="38" />
      </word>
      <word id="d06-091-01-02" tag="ATI" text="the">
        <cmp x="1146" y="1008" width="28" height="52" />
        <cmp x="1183" y="1013" width="41" height="51" />
        <cmp x="1229" y="1024" width="48" height="40" />
      </word>
      <word id="d06-091-01-03" tag="NN" text="soul">
        <cmp x="1355" y="1024" width="47" height="42" />
        <cmp x="1410" y="1025" width="41" height="32" />
        <cmp x="1453" y="1021" width="52" height="41" />
        <cmp x="1516" y="1018" width="6" height="44" />
      </word>
      <word id="d06-091-01-04" tag="." text=".">
        <cmp x="1539" y="1044" width="8" height="8" />
      </word>
      <word id="d06-091-01-05" sentence-start="yes" tag="PP3" text="It">
        <cmp x="1627" y="1007" width="39" height="49" />
      </word>
      <word id="d06-091-01-06" tag="BEZ" text="is">
        <cmp x="1720" y="1018" width="8" height="35" />
        <cmp x="1725" y="1004" width="9" height="4" />
        <cmp x="1739" y="1020" width="43" height="38" />
      </word>
      <word id="d06-091-01-07" tag="QL" text="so">
        <cmp x="1822" y="1018" width="45" height="40" />
        <cmp x="1873" y="1023" width="40" height="37" />
      </word>
      <word id="d06-091-01-08" tag="JJ" text="easy">
        <cmp x="1957" y="1021" width="54" height="39" />
        <cmp x="2010" y="1021" width="50" height="35" />
        <cmp x="2069" y="1019" width="49" height="39" />
        <cmp x="2124" y="1025" width="21" height="20" />
        <cmp x="2136" y="1025" width="26" height="50" />
      </word>
      <word id="d06-091-01-09" tag="," text=",">
        <cmp x="2170" y="1051" width="16" height="27" />
      </word>
      <upper-contour>
        <point x="357" y="922" />
        <point x="2187" y="922" />
      </upper-contour>
      <lower-contour>
        <point x="357" y="1081" />
        <point x="2129" y="1081" />
      </lower-contour>
    </line>
    <line ass="336" asx="0" asy="1188" character-width="999" dss="336" dsx="0" dsy="1282" fd0="13007" fd1="3286" fd2="-156" filter-width="3" id="d06-091-02" lbs="235" lbx="0" lby="1243" segmentation="ok" slant="96000" stroke-width="5532" threshold="182" text="they say, to get into a rut. Save us" ubs="539" ubx="0" uby="1219">
      <word id="d06-091-02-00" tag="PP3AS" text="they">
        <cmp x="352" y="1186" width="34" height="58" />
        <cmp x="390" y="1192" width="42" height="51" />
        <cmp x="436" y="1205" width="55" height="38" />
        <cmp x="489" y="1208" width="32" height="57" />
      </word>
      <word id="d06-091-02-01" tag="VB" text="say">
        <cmp x="629" y="1202" width="54" height="38" />
        <cmp x="687" y="1207" width="50" height="34" />
        <cmp x="742" y="1208" width="37" height="58" />
      </word>
      <word id="d06-091-02-02" tag="," text=",">
        <cmp x="798" y="1230" width="11" height="28" />
      </word>
      <word id="d06-091-02-03" tag="TO" text="to">
        <cmp x="899" y="1186" width="44" height="47" />
        <cmp x="937" y="1202" width="46" height="34" />
      </word>
      <word id="d06-091-02-04" tag="VB" text="get">
        <cmp x="1032" y="1203" width="61" height="74" />
        <cmp x="1094" y="1187" width="79" height="52" />
      </word>
      <word id="d06-091-02-05" tag="IN" text="into">
        <cmp x="1269" y="1204" width="7" height="33" />
        <cmp x="1270" y="1186" width="6" height="8" />
        <cmp x="1270" y="1200" width="3" height="3" />
        <cmp x="1286" y="1200" width="47" height="42" />
        <cmp x="1324" y="1192" width="37" height="48" />
        <cmp x="1366" y="1204" width="44" height="36" />
      </word>
      <word id="d06-091-02-06" tag="AT" text="a">
        <cmp x="1457" y="1204" width="47" height="36" />
      </word>
      <word id="d06-091-02-07" tag="NN" text="rut">
        <cmp x="1564" y="1204" width="26" height="36" />
        <cmp x="1600" y="1203" width="54" height="36" />
        <cmp x="1651" y="1189" width="27" height="45" />
      </word>
      <word id="d06-091-02-08" tag="." text=".">
        <cmp x="1704" y="1227" width="5" height="5" />
      </word>
      <word id="d06-091-02-09" sentence-start="yes" tag="VB" text="Save">
        <cmp x="1772" y="1189" width="51" height="52" />
        <cmp x="1826" y="1206" width="46" height="29" />
        <cmp x="1879" y="1203" width="33" height="35" />
        <cmp x="1920" y="1200" width="48" height="39" />
      </word>
      <word id="d06-091-02-10" tag="PP1OS" text="us">
        <cmp x="2034" y="1200" width="45" height="39" />
        <cmp x="2084" y="1199" width="44" height="40" />
      </word>
      <upper-contour>
        <point x="357" y="1081" />
        <point x="2129" y="1081" />
      </upper-contour>
      <lower-contour>
        <point x="357" y="1277" />
        <point x="2126" y="1277" />
      </lower-contour>
    </line>
    <line ass="276" asx="0" asy="1363" character-width="999" dss="276" dsx="0" dsy="1437" fd0="12892" fd1="3352" fd2="-678" filter-width="3" id="d06-091-03" lbs="249" lbx="0" lby="1422" segmentation="ok" slant="96000" stroke-width="5652" threshold="179" text="from the school curriculum and even" ubs="331" ubx="0" uby="1392">
      <word id="d06-091-03-00" tag="IN" text="from">
        <cmp x="359" y="1366" width="61" height="71" />
        <cmp x="424" y="1388" width="42" height="31" />
        <cmp x="468" y="1383" width="78" height="37" />
      </word>
      <word id="d06-091-03-01" tag="ATI" text="the">
        <cmp x="611" y="1362" width="29" height="53" />
        <cmp x="650" y="1366" width="47" height="54" />
        <cmp x="707" y="1383" width="52" height="35" />
      </word>
      <word id="d06-091-03-02" tag="NN" text="school">
        <cmp x="858" y="1380" width="52" height="38" />
        <cmp x="918" y="1383" width="38" height="36" />
        <cmp x="949" y="1380" width="54" height="42" />
        <cmp x="1019" y="1389" width="43" height="32" />
        <cmp x="1068" y="1386" width="44" height="33" />
        <cmp x="1115" y="1370" width="10" height="54" />
      </word>
      <word id="d06-091-03-03" tag="NN" text="curriculum">
        <cmp x="1229" y="1382" width="49" height="35" />
        <cmp x="1279" y="1383" width="46" height="36" />
        <cmp x="1331" y="1383" width="26" height="33" />
        <cmp x="1364" y="1381" width="23" height="34" />
        <cmp x="1398" y="1380" width="8" height="36" />
        <cmp x="1399" y="1366" width="5" height="7" />
        <cmp x="1417" y="1380" width="44" height="37" />
        <cmp x="1469" y="1380" width="50" height="38" />
        <cmp x="1526" y="1367" width="10" height="44" />
        <cmp x="1544" y="1375" width="52" height="39" />
        <cmp x="1600" y="1380" width="73" height="37" />
      </word>
      <word id="d06-091-03-04" tag="CC" text="and">
        <cmp x="1737" y="1382" width="50" height="35" />
        <cmp x="1788" y="1384" width="40" height="34" />
        <cmp x="1836" y="1376" width="53" height="41" />
      </word>
      <word id="d06-091-03-05" tag="RB" text="even">
        <cmp x="1938" y="1376" width="54" height="38" />
        <cmp x="1994" y="1380" width="30" height="38" />
        <cmp x="2026" y="1379" width="99" height="39" />
      </word>
      <upper-contour>
        <point x="357" y="1277" />
        <point x="2126" y="1277" />
      </upper-contour>
      <lower-contour>
        <point x="368" y="1436" />
        <point x="2072" y="1436" />
      </lower-contour>
    </line>
    <line ass="35" asx="0" asy="1544" character-width="999" dss="35" dsx="0" dsy="1625" fd0="12924" fd1="2993" fd2="-1101" filter-width="4" id="d06-091-04" lbs="26" lbx="0" lby="1598" segmentation="ok" slant="97000" stroke-width="5716" threshold="177" text="worse the school system whereby for" ubs="54" ubx="0" uby="1565">
      <word id="d06-091-04-00" tag="JJR" text="worse">
        <cmp x="370" y="1560" width="45" height="37" />
        <cmp x="417" y="1564" width="41" height="34" />
        <cmp x="458" y="1565" width="29" height="31" />
        <cmp x="481" y="1562" width="47" height="40" />
        <cmp x="528" y="1566" width="48" height="32" />
      </word>
      <word id="d06-091-04-01" tag="ATI" text="the">
        <cmp x="640" y="1548" width="34" height="48" />
        <cmp x="681" y="1550" width="48" height="49" />
        <cmp x="733" y="1563" width="55" height="37" />
      </word>
      <word id="d06-091-04-02" tag="NN" text="school">
        <cmp x="860" y="1562" width="52" height="39" />
        <cmp x="916" y="1564" width="48" height="34" />
        <cmp x="965" y="1561" width="45" height="41" />
        <cmp x="1019" y="1570" width="41" height="35" />
        <cmp x="1065" y="1564" width="48" height="32" />
        <cmp x="1117" y="1552" width="8" height="44" />
      </word>
      <word id="d06-091-04-03" tag="NN" text="system">
        <cmp x="1216" y="1557" width="44" height="42" />
        <cmp x="1263" y="1562" width="34" height="58" />
        <cmp x="1296" y="1562" width="46" height="39" />
        <cmp x="1344" y="1547" width="28" height="52" />
        <cmp x="1378" y="1561" width="124" height="45" />
      </word>
      <word id="d06-091-04-04" tag="WRB" text="whereby">
        <cmp x="1575" y="1562" width="54" height="39" />
        <cmp x="1638" y="1549" width="115" height="49" />
        <cmp x="1755" y="1557" width="53" height="41" />
        <cmp x="1819" y="1549" width="47" height="48" />
        <cmp x="1865" y="1564" width="25" height="24" />
        <cmp x="1880" y="1564" width="23" height="60" />
      </word>
      <word id="d06-091-04-05" tag="IN" text="for">
        <cmp x="1967" y="1543" width="77" height="72" />
        <cmp x="2046" y="1562" width="25" height="32" />
      </word>
      <upper-contour>
        <point x="368" y="1436" />
        <point x="2072" y="1436" />
      </upper-contour>
      <lower-contour>
        <point x="368" y="1625" />
        <point x="1941" y="1625" />
      </lower-contour>
    </line>
    <line ass="-35" asx="0" asy="1727" character-width="999" dss="-35" dsx="0" dsy="1797" fd0="13104" fd1="2861" fd2="-1351" filter-width="3" id="d06-091-05" lbs="-40" lbx="0" lby="1776" segmentation="ok" slant="98000" stroke-width="5698" threshold="178" text="meals everybody knows beforehand" ubs="-27" ubx="0" uby="1743">
      <word id="d06-091-05-00" tag="NNS" text="meals">
        <cmp x="363" y="1746" width="68" height="36" />
        <cmp x="431" y="1739" width="51" height="37" />
        <cmp x="483" y="1740" width="49" height="34" />
        <cmp x="536" y="1728" width="12" height="47" />
        <cmp x="552" y="1737" width="43" height="41" />
      </word>
      <word id="d06-091-05-01" tag="PN" text="everybody">
        <cmp x="673" y="1740" width="48" height="40" />
        <cmp x="725" y="1742" width="31" height="37" />
        <cmp x="759" y="1741" width="78" height="36" />
        <cmp x="846" y="1743" width="37" height="55" />
        <cmp x="890" y="1730" width="44" height="49" />
        <cmp x="939" y="1747" width="41" height="31" />
        <cmp x="983" y="1738" width="48" height="40" />
        <cmp x="1039" y="1746" width="42" height="50" />
      </word>
      <word id="d06-091-05-02" tag="VBZ" text="knows">
        <cmp x="1150" y="1731" width="48" height="43" />
        <cmp x="1200" y="1739" width="48" height="38" />
        <cmp x="1253" y="1743" width="37" height="36" />
        <cmp x="1292" y="1743" width="55" height="37" />
        <cmp x="1342" y="1768" width="9" height="10" />
        <cmp x="1351" y="1742" width="39" height="40" />
      </word>
      <word id="d06-091-05-03" tag="RB" text="beforehand">
        <cmp x="1464" y="1728" width="46" height="46" />
        <cmp x="1514" y="1742" width="48" height="33" />
        <cmp x="1564" y="1728" width="77" height="64" />
        <cmp x="1640" y="1742" width="33" height="36" />
        <cmp x="1672" y="1744" width="60" height="35" />
        <cmp x="1732" y="1736" width="48" height="42" />
        <cmp x="1780" y="1745" width="55" height="34" />
        <cmp x="1838" y="1744" width="47" height="33" />
        <cmp x="1887" y="1738" width="53" height="39" />
      </word>
      <upper-contour>
        <point x="368" y="1625" />
        <point x="1941" y="1625" />
      </upper-contour>
      <lower-contour>
        <point x="361" y="1798" />
        <point x="1941" y="1798" />
      </lower-contour>
    </line>
    <line ass="-113" asx="0" asy="1902" character-width="999" dss="-113" dsx="0" dsy="1991" fd0="13044" fd1="3371" fd2="-521" filter-width="3" id="d06-091-06" lbs="-127" lbx="0" lby="1955" segmentation="ok" slant="91000" stroke-width="5682" threshold="179" text="exactly what, on any given day of the" ubs="-84" ubx="0" uby="1920">
      <word id="d06-091-06-00" tag="RB" text="exactly">
        <cmp x="357" y="1921" width="41" height="36" />
        <cmp x="403" y="1921" width="29" height="34" />
        <cmp x="438" y="1922" width="48" height="34" />
        <cmp x="491" y="1921" width="46" height="38" />
        <cmp x="536" y="1910" width="31" height="49" />
        <cmp x="575" y="1913" width="9" height="45" />
        <cmp x="589" y="1922" width="40" height="60" />
      </word>
      <word id="d06-091-06-01" tag="WDT" text="what">
        <cmp x="716" y="1921" width="53" height="39" />
        <cmp x="779" y="1912" width="47" height="44" />
        <cmp x="835" y="1925" width="47" height="35" />
        <cmp x="884" y="1911" width="24" height="47" />
      </word>
      <word id="d06-091-06-02" tag="," text=",">
        <cmp x="937" y="1949" width="8" height="27" />
      </word>
      <word id="d06-091-06-03" tag="IN" text="on">
        <cmp x="1045" y="1920" width="41" height="33" />
        <cmp x="1087" y="1922" width="48" height="30" />
      </word>
      <word id="d06-091-06-04" tag="DTI" text="any">
        <cmp x="1220" y="1920" width="46" height="32" />
        <cmp x="1274" y="1920" width="46" height="31" />
        <cmp x="1323" y="1923" width="19" height="25" />
        <cmp x="1331" y="1923" width="26" height="58" />
      </word>
      <word id="d06-091-06-05" tag="JJ" text="given">
        <cmp x="1447" y="1920" width="49" height="74" />
        <cmp x="1509" y="1908" width="4" height="4" />
        <cmp x="1509" y="1921" width="7" height="38" />
        <cmp x="1527" y="1920" width="33" height="37" />
        <cmp x="1562" y="1919" width="103" height="40" />
      </word>
      <word id="d06-091-06-06" tag="NN" text="day">
        <cmp x="1730" y="1916" width="54" height="43" />
        <cmp x="1792" y="1923" width="45" height="36" />
        <cmp x="1839" y="1926" width="37" height="53" />
      </word>
      <word id="d06-091-06-07" tag="INO" text="of">
        <cmp x="1931" y="1921" width="42" height="35" />
        <cmp x="1980" y="1907" width="28" height="68" />
      </word>
      <word id="d06-091-06-08" tag="ATI" text="the">
        <cmp x="2058" y="1913" width="32" height="47" />
        <cmp x="2096" y="1913" width="40" height="43" />
        <cmp x="2140" y="1922" width="45" height="37" />
      </word>
      <upper-contour>
        <point x="361" y="1798" />
        <point x="1941" y="1798" />
      </upper-contour>
      <lower-contour>
        <point x="357" y="1994" />
        <point x="2180" y="1994" />
      </lower-contour>
    </line>
    <line ass="-80" asx="0" asy="2080" character-width="999" dss="-80" dsx="0" dsy="2167" fd0="12874" fd1="3279" fd2="-385" filter-width="3" id="d06-091-07" lbs="82" lbx="0" lby="2134" segmentation="ok" slant="95000" stroke-width="5621" threshold="180" text="week, they are going to have. If - such" ubs="-405" ubx="0" uby="2094">
      <word id="d06-091-07-00" tag="NN" text="week">
        <cmp x="359" y="2099" width="48" height="38" />
        <cmp x="414" y="2095" width="48" height="37" />
        <cmp x="464" y="2092" width="47" height="38" />
        <cmp x="511" y="2085" width="9" height="41" />
        <cmp x="519" y="2090" width="31" height="38" />
      </word>
      <word id="d06-091-07-01" tag="," text=",">
        <cmp x="577" y="2126" width="10" height="26" />
      </word>
      <word id="d06-091-07-02" tag="PP3AS" text="they">
        <cmp x="662" y="2082" width="30" height="49" />
        <cmp x="701" y="2085" width="41" height="46" />
        <cmp x="746" y="2096" width="44" height="39" />
        <cmp x="792" y="2094" width="39" height="57" />
      </word>
      <word id="d06-091-07-03" tag="BER" text="are">
        <cmp x="932" y="2095" width="48" height="38" />
        <cmp x="982" y="2100" width="28" height="33" />
        <cmp x="1017" y="2097" width="51" height="35" />
      </word>
      <word id="d06-091-07-04" tag="VBG" text="going">
        <cmp x="1119" y="2099" width="55" height="66" />
        <cmp x="1179" y="2101" width="41" height="32" />
        <cmp x="1225" y="2097" width="6" height="37" />
        <cmp x="1228" y="2087" width="7" height="5" />
        <cmp x="1241" y="2100" width="48" height="38" />
        <cmp x="1281" y="2107" width="55" height="63" />
      </word>
      <word id="d06-091-07-05" tag="TO" text="to">
        <cmp x="1389" y="2090" width="39" height="46" />
        <cmp x="1423" y="2105" width="44" height="33" />
      </word>
      <word id="d06-091-07-06" tag="HV" text="have">
        <cmp x="1506" y="2090" width="51" height="46" />
        <cmp x="1564" y="2104" width="43" height="32" />
        <cmp x="1611" y="2104" width="31" height="32" />
        <cmp x="1649" y="2101" width="52" height="37" />
      </word>
      <word id="d06-091-07-07" tag="." text=".">
        <cmp x="1733" y="2129" width="5" height="6" />
      </word>
      <word id="d06-091-07-08" sentence-start="yes" tag="CS" text="If">
        <cmp x="1808" y="2090" width="10" height="47" />
        <cmp x="1824" y="2087" width="32" height="70" />
      </word>
      <word id="d06-091-07-09" tag="*-" text="-">
        <cmp x="1902" y="2107" width="29" height="7" />
      </word>
      <word id="d06-091-07-10" tag="ABL" text="such">
        <cmp x="1981" y="2094" width="45" height="37" />
        <cmp x="2029" y="2094" width="49" height="39" />
        <cmp x="2087" y="2100" width="52" height="35" />
        <cmp x="2141" y="2093" width="39" height="44" />
      </word>
      <upper-contour>
        <point x="357" y="1994" />
        <point x="2180" y="1994" />
      </upper-contour>
      <lower-contour>
        <point x="357" y="2170" />
        <point x="2033" y="2170" />
      </lower-contour>
    </line>
    <line ass="42" asx="0" asy="2261" character-width="999" dss="42" dsx="0" dsy="2347" fd0="13355" fd1="3657" fd2="-317" filter-width="3" id="d06-091-08" lbs="67" lbx="0" lby="2315" segmentation="ok" slant="90000" stroke-width="5599" threshold="180" text="a critic may say - you are calling" ubs="-7" ubx="0" uby="2280">
      <word id="d06-091-08-00" tag="AT" text="a">
        <cmp x="358" y="2277" width="44" height="36" />
      </word>
      <word id="d06-091-08-01" tag="NN" text="critic">
        <cmp x="472" y="2274" width="50" height="39" />
        <cmp x="520" y="2276" width="30" height="37" />
        <cmp x="556" y="2263" width="6" height="6" />
        <cmp x="557" y="2275" width="8" height="38" />
        <cmp x="572" y="2265" width="41" height="46" />
        <cmp x="603" y="2262" width="6" height="5" />
        <cmp x="621" y="2279" width="49" height="41" />
      </word>
      <word id="d06-091-08-02" tag="MD" text="may">
        <cmp x="756" y="2281" width="78" height="35" />
        <cmp x="845" y="2284" width="52" height="30" />
        <cmp x="898" y="2284" width="35" height="57" />
      </word>
      <word id="d06-091-08-03" tag="VB" text="say">
        <cmp x="1040" y="2277" width="47" height="41" />
        <cmp x="1094" y="2283" width="47" height="33" />
        <cmp x="1147" y="2284" width="40" height="55" />
      </word>
      <word id="d06-091-08-04" tag="*-" text="-">
        <cmp x="1259" y="2284" width="28" height="6" />
      </word>
      <word id="d06-091-08-05" tag="PP2" text="you">
        <cmp x="1344" y="2276" width="39" height="62" />
        <cmp x="1396" y="2282" width="45" height="35" />
        <cmp x="1447" y="2282" width="48" height="35" />
      </word>
      <word id="d06-091-08-06" tag="BER" text="are">
        <cmp x="1583" y="2281" width="52" height="34" />
        <cmp x="1642" y="2283" width="24" height="35" />
        <cmp x="1673" y="2280" width="50" height="36" />
      </word>
      <word id="d06-091-08-07" tag="VBG" text="calling">
        <cmp x="1796" y="2277" width="42" height="36" />
        <cmp x="1845" y="2283" width="46" height="28" />
        <cmp x="1898" y="2268" width="7" height="44" />
        <cmp x="1912" y="2269" width="8" height="42" />
        <cmp x="1926" y="2278" width="9" height="34" />
        <cmp x="1931" y="2268" width="5" height="6" />
        <cmp x="1942" y="2280" width="47" height="36" />
        <cmp x="1986" y="2281" width="46" height="65" />
      </word>
      <upper-contour>
        <point x="357" y="2170" />
        <point x="2033" y="2170" />
      </upper-contour>
      <lower-contour>
        <point x="356" y="2347" />
        <point x="2033" y="2347" />
      </lower-contour>
    </line>
    <line ass="-156" asx="0" asy="2441" character-width="999" dss="-156" dsx="0" dsy="2522" fd0="12649" fd1="3117" fd2="-836" filter-width="3" id="d06-091-09" lbs="-151" lbx="0" lby="2489" segmentation="ok" slant="90000" stroke-width="5674" threshold="179" text="us to adventure, do not strangle us before" ubs="-164" ubx="0" uby="2456">
      <word id="d06-091-09-00" tag="PP1OS" text="us">
        <cmp x="358" y="2454" width="86" height="40" />
      </word>
      <word id="d06-091-09-01" tag="IN" text="to">
        <cmp x="495" y="2447" width="43" height="47" />
        <cmp x="532" y="2458" width="42" height="36" />
      </word>
      <word id="d06-091-09-02" tag="NN" text="adventure">
        <cmp x="683" y="2457" width="46" height="32" />
        <cmp x="738" y="2449" width="55" height="41" />
        <cmp x="793" y="2455" width="36" height="36" />
        <cmp x="833" y="2457" width="103" height="34" />
        <cmp x="932" y="2445" width="35" height="44" />
        <cmp x="978" y="2457" width="54" height="34" />
        <cmp x="1034" y="2457" width="23" height="33" />
        <cmp x="1055" y="2452" width="49" height="39" />
      </word>
      <word id="d06-091-09-03" tag="," text=",">
        <cmp x="1125" y="2484" width="7" height="21" />
      </word>
      <word id="d06-091-09-04" tag="DO" text="do">
        <cmp x="1195" y="2454" width="48" height="43" />
        <cmp x="1252" y="2461" width="43" height="35" />
      </word>
      <word id="d06-091-09-05" tag="XNOT" text="not">
        <cmp x="1348" y="2459" width="47" height="35" />
        <cmp x="1403" y="2464" width="41" height="31" />
        <cmp x="1443" y="2446" width="30" height="47" />
      </word>
      <word id="d06-091-09-06" tag="VB" text="strangle">
        <cmp x="1525" y="2459" width="49" height="37" />
        <cmp x="1575" y="2447" width="36" height="48" />
        <cmp x="1612" y="2460" width="24" height="35" />
        <cmp x="1643" y="2461" width="47" height="30" />
        <cmp x="1700" y="2462" width="44" height="34" />
        <cmp x="1735" y="2463" width="53" height="65" />
        <cmp x="1794" y="2450" width="7" height="41" />
        <cmp x="1811" y="2455" width="50" height="34" />
      </word>
      <word id="d06-091-09-07" tag="PP1OS" text="us">
        <cmp x="1908" y="2455" width="41" height="39" />
        <cmp x="1955" y="2460" width="40" height="37" />
      </word>
      <word id="d06-091-09-08" tag="CS" text="before">
        <cmp x="2046" y="2450" width="40" height="45" />
        <cmp x="2094" y="2463" width="45" height="31" />
        <cmp x="2141" y="2448" width="61" height="68" />
        <cmp x="2203" y="2465" width="28" height="34" />
        <cmp x="2233" y="2464" width="44" height="38" />
      </word>
      <upper-contour>
        <point x="356" y="2347" />
        <point x="2033" y="2347" />
      </upper-contour>
      <lower-contour>
        <point x="356" y="2529" />
        <point x="2231" y="2529" />
      </lower-contour>
    </line>
    <line ass="95" asx="0" asy="2619" character-width="999" dss="95" dsx="0" dsy="2711" fd0="12753" fd1="3249" fd2="-889" filter-width="3" id="d06-091-10" lbs="174" lbx="0" lby="2676" segmentation="err" slant="91000" stroke-width="5618" threshold="179" text="we start by putting us into a strait-jacket" ubs="-62" ubx="0" uby="2632">
      <word id="d06-091-10-00" tag="PP1AS" text="we">
        <cmp x="358" y="2633" width="44" height="37" />
        <cmp x="404" y="2633" width="45" height="38" />
      </word>
      <word id="d06-091-10-01" tag="VB" text="start">
        <cmp x="519" y="2636" width="50" height="37" />
        <cmp x="567" y="2621" width="30" height="49" />
        <cmp x="599" y="2634" width="50" height="35" />
        <cmp x="651" y="2634" width="26" height="34" />
        <cmp x="681" y="2617" width="29" height="50" />
      </word>
      <word id="d06-091-10-02" tag="IN" text="by">
        <cmp x="796" y="2624" width="47" height="45" />
        <cmp x="838" y="2636" width="35" height="55" />
      </word>
      <word id="d06-091-10-03" tag="VBG" text="putting">
        <cmp x="954" y="2640" width="46" height="53" />
        <cmp x="1003" y="2639" width="49" height="34" />
        <cmp x="1052" y="2619" width="32" height="49" />
        <cmp x="1093" y="2630" width="6" height="39" />
        <cmp x="1095" y="2621" width="4" height="4" />
        <cmp x="1110" y="2635" width="49" height="34" />
        <cmp x="1158" y="2640" width="55" height="64" />
      </word>
      <word id="d06-091-10-04" tag="PP1OS" text="us">
        <cmp x="1273" y="2638" width="49" height="34" />
        <cmp x="1324" y="2636" width="42" height="38" />
      </word>
      <word id="d06-091-10-05" tag="IN" text="into">
        <cmp x="1435" y="2619" width="7" height="6" />
        <cmp x="1435" y="2634" width="7" height="36" />
        <cmp x="1450" y="2637" width="45" height="36" />
        <cmp x="1493" y="2626" width="31" height="46" />
        <cmp x="1523" y="2636" width="39" height="35" />
      </word>
      <word id="d06-091-10-06" tag="AT" text="a">
        <cmp x="1631" y="2638" width="47" height="34" />
      </word>
      <word id="d06-091-10-07" tag="NN" text="strait-jacket">
        <cmp x="1733" y="2634" width="45" height="43" />
        <cmp x="1765" y="2626" width="33" height="46" />
        <cmp x="1803" y="2636" width="29" height="37" />
        <cmp x="1838" y="2639" width="56" height="31" />
        <cmp x="1895" y="2637" width="7" height="31" />
        <cmp x="1897" y="2622" width="4" height="6" />
        <cmp x="1907" y="2623" width="26" height="47" />
        <cmp x="1956" y="2644" width="18" height="6" />
        <cmp x="1973" y="2638" width="40" height="70" />
        <cmp x="2001" y="2617" width="6" height="6" />
        <cmp x="2018" y="2638" width="47" height="30" />
        <cmp x="2066" y="2637" width="43" height="32" />
        <cmp x="2115" y="2628" width="33" height="41" />
        <cmp x="2145" y="2635" width="49" height="38" />
        <cmp x="2195" y="2622" width="35" height="51" />
      </word>
      <upper-contour>
        <point x="356" y="2529" />
        <point x="2231" y="2529" />
      </upper-contour>
    </line>
  </handwritten-part>
</form>

