<?xml version="1.0" encoding="ISO-8859-1"?>

<!DOCTYPE form SYSTEM 'http://www.iam.unibe.ch/~fki/iamdb/form-metadata.dtd'>

<form created="2002-01-16" height="3542" id="d06-086" last-modified="2002-07-17" skew="95" status="final" version="3.0_beta" width="2479" writer-id="208">
  <machine-printed-part>
    <machine-print-line text="The housewife would find life far less tiring if she made a list, followed a routine" />
    <machine-print-line text="of work rather than getting from one thing to the next. The business man would" />
    <machine-print-line text="find that he reached the end of the day with far less strain if he was a little more" />
    <machine-print-line text="systematic. To drift aimlessly along is more wearying than anything else. If we would" />
    <machine-print-line text="only sit down and write out all the necessary jobs waiting to be done and then work" />
    <machine-print-line text="quietly through them, we would find life considerably less exhausting - and in the end" />
    <machine-print-line text="we would do more." />
  </machine-printed-part>
  <handwritten-part>
    <line ass="496" asx="0" asy="863" character-width="999" dss="496" dsx="0" dsy="1003" fd0="15039" fd1="2693" fd2="-1754" filter-width="4" id="d06-086-00" lbs="524" lbx="0" lby="933" segmentation="ok" slant="39000" stroke-width="6620" threshold="166" text="The housewife would find life far less tiring" ubs="440" ubx="0" uby="902">
      <word id="d06-086-00-00" sentence-start="yes" tag="ATI" text="The">
        <cmp x="358" y="888" width="76" height="56" />
        <cmp x="396" y="871" width="76" height="17" />
        <cmp x="405" y="859" width="100" height="79" />
        <cmp x="458" y="893" width="60" height="45" />
      </word>
      <word id="d06-086-00-01" tag="NN" text="housewife">
        <cmp x="548" y="862" width="99" height="80" />
        <cmp x="616" y="905" width="95" height="35" />
        <cmp x="703" y="898" width="55" height="43" />
        <cmp x="735" y="894" width="51" height="41" />
        <cmp x="767" y="900" width="79" height="38" />
        <cmp x="820" y="881" width="108" height="94" />
        <cmp x="827" y="900" width="49" height="36" />
        <cmp x="893" y="883" width="60" height="50" />
        <cmp x="896" y="875" width="7" height="5" />
        <cmp x="933" y="867" width="20" height="9" />
      </word>
      <word id="d06-086-00-02" tag="MD" text="would">
        <cmp x="971" y="896" width="82" height="40" />
        <cmp x="1031" y="901" width="53" height="34" />
        <cmp x="1065" y="903" width="57" height="37" />
        <cmp x="1112" y="865" width="90" height="71" />
        <cmp x="1123" y="904" width="6" height="6" />
        <cmp x="1151" y="881" width="95" height="56" />
      </word>
      <word id="d06-086-00-03" tag="VB" text="find">
        <cmp x="1187" y="886" width="103" height="87" />
        <cmp x="1262" y="893" width="49" height="39" />
        <cmp x="1290" y="897" width="67" height="34" />
        <cmp x="1296" y="871" width="18" height="8" />
        <cmp x="1333" y="864" width="109" height="71" />
        <cmp x="1347" y="862" width="5" height="6" />
      </word>
      <word id="d06-086-00-04" tag="NN" text="life">
        <cmp x="1410" y="854" width="98" height="86" />
        <cmp x="1436" y="957" width="7" height="7" />
        <cmp x="1439" y="896" width="48" height="42" />
        <cmp x="1443" y="876" width="89" height="83" />
        <cmp x="1496" y="883" width="56" height="48" />
        <cmp x="1509" y="872" width="5" height="6" />
        <cmp x="1532" y="872" width="4" height="5" />
        <cmp x="1540" y="859" width="12" height="8" />
      </word>
      <word id="d06-086-00-05" tag="RB" text="far">
        <cmp x="1502" y="866" width="142" height="124" />
        <cmp x="1600" y="891" width="53" height="40" />
        <cmp x="1639" y="903" width="37" height="30" />
        <cmp x="1675" y="896" width="17" height="7" />
      </word>
      <word id="d06-086-00-06" tag="QL" text="less">
        <cmp x="1702" y="848" width="100" height="89" />
        <cmp x="1738" y="886" width="107" height="51" />
      </word>
      <word id="d06-086-00-07" tag="JJ" text="tiring">
        <cmp x="1850" y="847" width="102" height="87" />
        <cmp x="1884" y="884" width="56" height="45" />
        <cmp x="1911" y="891" width="49" height="36" />
        <cmp x="1934" y="896" width="49" height="40" />
        <cmp x="1960" y="856" width="6" height="8" />
        <cmp x="1962" y="890" width="127" height="90" />
        <cmp x="2009" y="863" width="11" height="8" />
      </word>
      <lower-contour>
        <point x="356" y="992" />
        <point x="2090" y="992" />
      </lower-contour>
    </line>
    <line ass="545" asx="0" asy="1036" character-width="999" dss="545" dsx="0" dsy="1176" fd0="15134" fd1="2479" fd2="-1657" filter-width="4" id="d06-086-01" lbs="571" lbx="0" lby="1124" segmentation="ok" slant="39000" stroke-width="6619" threshold="166" text="if she made a list, followed a routine of work" ubs="492" ubx="0" uby="1089">
      <word id="d06-086-01-00" tag="CS" text="if">
        <cmp x="351" y="1082" width="44" height="37" />
        <cmp x="351" y="1067" width="91" height="83" />
        <cmp x="416" y="1052" width="5" height="6" />
        <cmp x="446" y="1052" width="19" height="12" />
      </word>
      <word id="d06-086-01-01" tag="PP3A" text="she">
        <cmp x="449" y="1084" width="58" height="39" />
        <cmp x="482" y="1035" width="110" height="90" />
        <cmp x="536" y="1072" width="54" height="43" />
      </word>
      <word id="d06-086-01-02" tag="VBD" text="made">
        <cmp x="584" y="1076" width="132" height="42" />
        <cmp x="700" y="1046" width="120" height="74" />
        <cmp x="753" y="1070" width="61" height="45" />
      </word>
      <word id="d06-086-01-03" tag="AT" text="a">
        <cmp x="814" y="1078" width="57" height="40" />
      </word>
      <word id="d06-086-01-04" tag="NN" text="list">
        <cmp x="895" y="1042" width="100" height="83" />
        <cmp x="935" y="1082" width="47" height="37" />
        <cmp x="961" y="1036" width="130" height="87" />
        <cmp x="1012" y="1048" width="8" height="6" />
      </word>
      <word id="d06-086-01-05" tag="," text=",">
        <cmp x="1010" y="1109" width="53" height="45" />
      </word>
      <word id="d06-086-01-06" tag="VBD" text="followed">
        <cmp x="1065" y="1052" width="144" height="115" />
        <cmp x="1156" y="1077" width="56" height="39" />
        <cmp x="1197" y="1044" width="91" height="74" />
        <cmp x="1238" y="1044" width="80" height="65" />
        <cmp x="1267" y="1076" width="46" height="36" />
        <cmp x="1304" y="1072" width="82" height="45" />
        <cmp x="1317" y="1034" width="13" height="7" />
        <cmp x="1356" y="1064" width="67" height="52" />
        <cmp x="1395" y="1043" width="106" height="74" />
      </word>
      <word id="d06-086-01-07" tag="AT" text="a">
        <cmp x="1475" y="1069" width="63" height="46" />
      </word>
      <word id="d06-086-01-08" tag="NN" text="routine">
        <cmp x="1549" y="1081" width="56" height="38" />
        <cmp x="1585" y="1080" width="62" height="41" />
        <cmp x="1632" y="1080" width="63" height="37" />
        <cmp x="1677" y="1040" width="94" height="77" />
        <cmp x="1714" y="1069" width="54" height="40" />
        <cmp x="1743" y="1073" width="75" height="40" />
        <cmp x="1798" y="1036" width="8" height="7" />
        <cmp x="1799" y="1062" width="57" height="48" />
      </word>
      <word id="d06-086-01-09" tag="INO" text="of">
        <cmp x="1861" y="1065" width="64" height="45" />
        <cmp x="1861" y="1051" width="114" height="105" />
        <cmp x="1977" y="1044" width="19" height="11" />
      </word>
      <word id="d06-086-01-10" tag="NN" text="work">
        <cmp x="1961" y="1068" width="87" height="48" />
        <cmp x="2016" y="1076" width="62" height="40" />
        <cmp x="2056" y="1073" width="53" height="41" />
        <cmp x="2081" y="1017" width="114" height="100" />
      </word>
      <upper-contour>
        <point x="356" y="992" />
        <point x="2090" y="992" />
      </upper-contour>
      <lower-contour>
        <point x="349" y="1170" />
        <point x="2196" y="1170" />
      </lower-contour>
    </line>
    <line ass="195" asx="0" asy="1196" character-width="999" dss="195" dsx="0" dsy="1348" fd0="15387" fd1="2848" fd2="-1734" filter-width="4" id="d06-086-02" lbs="132" lbx="0" lby="1289" segmentation="ok" slant="39000" stroke-width="6851" threshold="163" text="rather than getting from one thing to the next." ubs="322" ubx="0" uby="1262">
      <word id="d06-086-02-00" tag="RB" text="rather">
        <cmp x="340" y="1259" width="55" height="41" />
        <cmp x="379" y="1260" width="57" height="41" />
        <cmp x="425" y="1219" width="87" height="77" />
        <cmp x="456" y="1202" width="101" height="89" />
        <cmp x="499" y="1250" width="61" height="48" />
        <cmp x="528" y="1261" width="45" height="33" />
      </word>
      <word id="d06-086-02-01" tag="CS" text="than">
        <cmp x="599" y="1233" width="85" height="70" />
        <cmp x="635" y="1213" width="102" height="86" />
        <cmp x="694" y="1258" width="54" height="40" />
        <cmp x="732" y="1262" width="76" height="34" />
      </word>
      <word id="d06-086-02-02" tag="VBG" text="getting">
        <cmp x="806" y="1250" width="112" height="97" />
        <cmp x="891" y="1237" width="74" height="62" />
        <cmp x="926" y="1207" width="119" height="87" />
        <cmp x="970" y="1249" width="58" height="47" />
        <cmp x="998" y="1246" width="141" height="100" />
      </word>
      <word id="d06-086-02-03" tag="IN" text="from">
        <cmp x="1126" y="1251" width="103" height="89" />
        <cmp x="1209" y="1254" width="57" height="40" />
        <cmp x="1229" y="1234" width="5" height="5" />
        <cmp x="1232" y="1231" width="26" height="11" />
        <cmp x="1242" y="1256" width="51" height="37" />
        <cmp x="1274" y="1252" width="96" height="42" />
      </word>
      <word id="d06-086-02-04" tag="CD1" text="one">
        <cmp x="1384" y="1254" width="64" height="41" />
        <cmp x="1427" y="1261" width="38" height="33" />
        <cmp x="1453" y="1252" width="45" height="38" />
        <cmp x="1475" y="1242" width="62" height="52" />
      </word>
      <word id="d06-086-02-05" tag="NN" text="thing">
        <cmp x="1541" y="1200" width="111" height="96" />
        <cmp x="1565" y="1194" width="122" height="104" />
        <cmp x="1624" y="1249" width="49" height="40" />
        <cmp x="1648" y="1246" width="130" height="98" />
        <cmp x="1704" y="1216" width="8" height="8" />
      </word>
      <word id="d06-086-02-06" tag="IN" text="to">
        <cmp x="1791" y="1203" width="100" height="88" />
        <cmp x="1823" y="1246" width="60" height="45" />
      </word>
      <word id="d06-086-02-07" tag="ATI" text="the">
        <cmp x="1896" y="1198" width="129" height="92" />
        <cmp x="1964" y="1237" width="60" height="50" />
      </word>
      <word id="d06-086-02-08" tag="AP" text="next">
        <cmp x="2012" y="1251" width="75" height="43" />
        <cmp x="2059" y="1245" width="65" height="51" />
        <cmp x="2089" y="1249" width="66" height="49" />
        <cmp x="2128" y="1212" width="86" height="80" />
      </word>
      <word id="d06-086-02-09" tag="." text=".">
        <cmp x="2161" y="1285" width="9" height="8" />
      </word>
      <upper-contour>
        <point x="349" y="1170" />
        <point x="2196" y="1170" />
      </upper-contour>
      <lower-contour>
        <point x="348" y="1347" />
        <point x="2195" y="1347" />
      </lower-contour>
    </line>
    <line ass="66" asx="0" asy="1377" character-width="999" dss="66" dsx="0" dsy="1515" fd0="15383" fd1="2685" fd2="-1889" filter-width="4" id="d06-086-03" lbs="100" lbx="0" lby="1468" segmentation="ok" slant="39000" stroke-width="6862" threshold="163" text="The business man would find that he reached" ubs="-2" ubx="0" uby="1434">
      <word id="d06-086-03-00" sentence-start="yes" tag="ATI" text="The">
        <cmp x="350" y="1428" width="76" height="64" />
        <cmp x="372" y="1413" width="89" height="21" />
        <cmp x="408" y="1394" width="88" height="81" />
        <cmp x="453" y="1432" width="52" height="42" />
        <cmp x="506" y="1423" width="8" height="6" />
      </word>
      <word id="d06-086-03-01" tag="NN" text="business">
        <cmp x="527" y="1377" width="122" height="103" />
        <cmp x="580" y="1434" width="66" height="41" />
        <cmp x="631" y="1431" width="64" height="48" />
        <cmp x="660" y="1429" width="57" height="47" />
        <cmp x="692" y="1432" width="77" height="44" />
        <cmp x="746" y="1425" width="60" height="50" />
        <cmp x="749" y="1395" width="6" height="6" />
        <cmp x="776" y="1427" width="82" height="47" />
      </word>
      <word id="d06-086-03-02" tag="NN" text="man">
        <cmp x="860" y="1434" width="105" height="49" />
        <cmp x="940" y="1432" width="63" height="46" />
        <cmp x="986" y="1437" width="63" height="37" />
      </word>
      <word id="d06-086-03-03" tag="MD" text="would">
        <cmp x="1057" y="1430" width="106" height="51" />
        <cmp x="1128" y="1438" width="56" height="39" />
        <cmp x="1171" y="1438" width="64" height="38" />
        <cmp x="1221" y="1394" width="89" height="77" />
        <cmp x="1250" y="1406" width="104" height="70" />
      </word>
      <word id="d06-086-03-04" tag="VB" text="find">
        <cmp x="1298" y="1398" width="146" height="117" />
        <cmp x="1376" y="1422" width="60" height="51" />
        <cmp x="1404" y="1429" width="68" height="44" />
        <cmp x="1453" y="1400" width="6" height="7" />
        <cmp x="1453" y="1400" width="111" height="74" />
      </word>
      <word id="d06-086-03-05" tag="CS" text="that">
        <cmp x="1539" y="1394" width="95" height="86" />
        <cmp x="1577" y="1382" width="112" height="88" />
        <cmp x="1677" y="1384" width="94" height="81" />
      </word>
      <word id="d06-086-03-06" tag="PP3A" text="he">
        <cmp x="1736" y="1375" width="115" height="98" />
        <cmp x="1783" y="1415" width="61" height="52" />
      </word>
      <word id="d06-086-03-07" tag="VBD" text="reached">
        <cmp x="1838" y="1431" width="67" height="44" />
        <cmp x="1880" y="1419" width="67" height="53" />
        <cmp x="1913" y="1425" width="68" height="48" />
        <cmp x="1959" y="1428" width="63" height="45" />
        <cmp x="2001" y="1375" width="115" height="92" />
        <cmp x="2052" y="1418" width="67" height="50" />
        <cmp x="2082" y="1406" width="112" height="67" />
      </word>
      <upper-contour>
        <point x="348" y="1347" />
        <point x="2195" y="1347" />
      </upper-contour>
      <lower-contour>
        <point x="354" y="1515" />
        <point x="2132" y="1515" />
      </lower-contour>
    </line>
    <line ass="331" asx="0" asy="1559" character-width="999" dss="331" dsx="0" dsy="1710" fd0="15348" fd1="3074" fd2="-1342" filter-width="4" id="d06-086-04" lbs="353" lbx="0" lby="1654" segmentation="ok" slant="40000" stroke-width="7082" threshold="160" text="the end of the day with far less strain if" ubs="286" ubx="0" uby="1618">
      <word id="d06-086-04-00" tag="ATI" text="the">
        <cmp x="356" y="1571" width="82" height="78" />
        <cmp x="376" y="1557" width="108" height="99" />
        <cmp x="434" y="1597" width="66" height="56" />
      </word>
      <word id="d06-086-04-01" tag="NN" text="end">
        <cmp x="498" y="1606" width="72" height="58" />
        <cmp x="536" y="1617" width="76" height="40" />
        <cmp x="590" y="1579" width="119" height="82" />
      </word>
      <word id="d06-086-04-02" tag="INO" text="of">
        <cmp x="675" y="1613" width="73" height="46" />
        <cmp x="686" y="1604" width="112" height="89" />
        <cmp x="793" y="1590" width="23" height="12" />
      </word>
      <word id="d06-086-04-03" tag="ATI" text="the">
        <cmp x="809" y="1574" width="95" height="80" />
        <cmp x="833" y="1558" width="113" height="96" />
        <cmp x="891" y="1599" width="67" height="52" />
      </word>
      <word id="d06-086-04-04" tag="NN" text="day">
        <cmp x="947" y="1576" width="129" height="86" />
        <cmp x="1009" y="1610" width="65" height="46" />
        <cmp x="1046" y="1613" width="101" height="73" />
      </word>
      <word id="d06-086-04-05" tag="IN" text="with">
        <cmp x="1159" y="1605" width="101" height="53" />
        <cmp x="1229" y="1609" width="53" height="45" />
        <cmp x="1263" y="1556" width="99" height="90" />
        <cmp x="1297" y="1584" width="7" height="8" />
        <cmp x="1302" y="1552" width="100" height="92" />
      </word>
      <word id="d06-086-04-06" tag="RB" text="far">
        <cmp x="1357" y="1577" width="147" height="127" />
        <cmp x="1446" y="1604" width="67" height="52" />
        <cmp x="1500" y="1615" width="43" height="37" />
        <cmp x="1541" y="1607" width="20" height="8" />
      </word>
      <word id="d06-086-04-07" tag="AP" text="less">
        <cmp x="1566" y="1562" width="109" height="95" />
        <cmp x="1601" y="1597" width="67" height="54" />
        <cmp x="1636" y="1602" width="88" height="51" />
      </word>
      <word id="d06-086-04-08" tag="NN" text="strain">
        <cmp x="1750" y="1605" width="60" height="48" />
        <cmp x="1785" y="1556" width="94" height="95" />
        <cmp x="1821" y="1606" width="51" height="40" />
        <cmp x="1844" y="1605" width="67" height="45" />
        <cmp x="1889" y="1605" width="57" height="48" />
        <cmp x="1919" y="1604" width="71" height="43" />
        <cmp x="1975" y="1573" width="6" height="6" />
      </word>
      <word id="d06-086-04-09" tag="CS" text="if">
        <cmp x="1987" y="1586" width="122" height="104" />
        <cmp x="2000" y="1601" width="53" height="48" />
        <cmp x="2079" y="1578" width="7" height="8" />
        <cmp x="2104" y="1576" width="27" height="10" />
      </word>
      <upper-contour>
        <point x="354" y="1515" />
        <point x="2132" y="1515" />
      </upper-contour>
      <lower-contour>
        <point x="354" y="1704" />
        <point x="2081" y="1704" />
      </lower-contour>
    </line>
    <line ass="108" asx="0" asy="1741" character-width="999" dss="108" dsx="0" dsy="1878" fd0="15247" fd1="2953" fd2="-1638" filter-width="4" id="d06-086-05" lbs="96" lbx="0" lby="1826" segmentation="ok" slant="40000" stroke-width="7033" threshold="161" text="he was a little more systematic. To drift" ubs="132" ubx="0" uby="1791">
      <word id="d06-086-05-00" tag="PP3A" text="he">
        <cmp x="349" y="1740" width="98" height="98" />
        <cmp x="387" y="1781" width="8" height="5" />
        <cmp x="403" y="1775" width="60" height="54" />
      </word>
      <word id="d06-086-05-01" tag="BEDZ" text="was">
        <cmp x="464" y="1780" width="107" height="59" />
        <cmp x="536" y="1789" width="58" height="46" />
        <cmp x="581" y="1790" width="60" height="47" />
      </word>
      <word id="d06-086-05-02" tag="RB21" text="a">
        <cmp x="649" y="1790" width="64" height="46" />
      </word>
      <word id="d06-086-05-03" tag="RB22" text="little">
        <cmp x="726" y="1754" width="100" height="86" />
        <cmp x="762" y="1782" width="61" height="53" />
        <cmp x="790" y="1740" width="123" height="91" />
        <cmp x="832" y="1765" width="6" height="7" />
        <cmp x="849" y="1743" width="94" height="88" />
        <cmp x="868" y="1782" width="63" height="48" />
      </word>
      <word id="d06-086-05-04" tag="QL" text="more">
        <cmp x="938" y="1801" width="93" height="40" />
        <cmp x="1015" y="1791" width="103" height="47" />
        <cmp x="1098" y="1778" width="59" height="50" />
      </word>
      <word id="d06-086-05-05" tag="JJ" text="systematic">
        <cmp x="1187" y="1789" width="61" height="48" />
        <cmp x="1211" y="1788" width="90" height="71" />
        <cmp x="1281" y="1785" width="65" height="53" />
        <cmp x="1323" y="1744" width="92" height="87" />
        <cmp x="1352" y="1776" width="68" height="56" />
        <cmp x="1382" y="1790" width="101" height="39" />
        <cmp x="1466" y="1789" width="60" height="41" />
        <cmp x="1510" y="1748" width="98" height="81" />
        <cmp x="1546" y="1787" width="61" height="42" />
        <cmp x="1573" y="1783" width="69" height="48" />
        <cmp x="1622" y="1757" width="12" height="10" />
      </word>
      <word id="d06-086-05-06" tag="." text=".">
        <cmp x="1619" y="1822" width="8" height="9" />
      </word>
      <word id="d06-086-05-07" sentence-start="yes" tag="TO" text="To">
        <cmp x="1685" y="1776" width="77" height="62" />
        <cmp x="1710" y="1754" width="100" height="24" />
        <cmp x="1739" y="1791" width="64" height="40" />
      </word>
      <word id="d06-086-05-08" tag="VB" text="drift">
        <cmp x="1828" y="1780" width="67" height="51" />
        <cmp x="1862" y="1754" width="86" height="74" />
        <cmp x="1885" y="1790" width="47" height="35" />
        <cmp x="1892" y="1759" width="147" height="116" />
        <cmp x="1913" y="1783" width="54" height="45" />
        <cmp x="1986" y="1746" width="94" height="83" />
        <cmp x="1990" y="1754" width="7" height="8" />
      </word>
      <upper-contour>
        <point x="354" y="1704" />
        <point x="2081" y="1704" />
      </upper-contour>
      <lower-contour>
        <point x="347" y="1879" />
        <point x="2081" y="1879" />
      </lower-contour>
    </line>
    <line ass="274" asx="0" asy="1917" character-width="999" dss="274" dsx="0" dsy="2071" fd0="14851" fd1="2820" fd2="-1384" filter-width="4" id="d06-086-06" lbs="355" lbx="0" lby="2019" segmentation="ok" slant="41000" stroke-width="7117" threshold="163" text="aimlessly along is more wearying than any-" ubs="113" ubx="0" uby="1977">
      <word id="d06-086-06-00" tag="RB" text="aimlessly">
        <cmp x="340" y="1971" width="69" height="52" />
        <cmp x="395" y="1971" width="49" height="48" />
        <cmp x="423" y="1970" width="94" height="46" />
        <cmp x="472" y="1939" width="4" height="8" />
        <cmp x="508" y="1928" width="93" height="89" />
        <cmp x="536" y="1963" width="64" height="51" />
        <cmp x="572" y="1970" width="87" height="51" />
        <cmp x="651" y="1935" width="104" height="110" />
        <cmp x="727" y="1924" width="14" height="11" />
      </word>
      <word id="d06-086-06-01" tag="RP" text="along">
        <cmp x="789" y="1968" width="63" height="52" />
        <cmp x="848" y="1928" width="95" height="86" />
        <cmp x="882" y="1977" width="48" height="36" />
        <cmp x="917" y="1979" width="42" height="33" />
        <cmp x="937" y="1966" width="109" height="91" />
      </word>
      <word id="d06-086-06-02" tag="BEZ" text="is">
        <cmp x="1067" y="1970" width="52" height="46" />
        <cmp x="1101" y="1968" width="54" height="50" />
        <cmp x="1144" y="1935" width="7" height="8" />
      </word>
      <word id="d06-086-06-03" tag="QL" text="more">
        <cmp x="1167" y="1972" width="139" height="52" />
        <cmp x="1289" y="1970" width="55" height="42" />
        <cmp x="1321" y="1953" width="64" height="58" />
      </word>
      <word id="d06-086-06-04" tag="JJ" text="wearying">
        <cmp x="1382" y="1965" width="97" height="56" />
        <cmp x="1456" y="1959" width="62" height="51" />
        <cmp x="1492" y="1967" width="60" height="43" />
        <cmp x="1536" y="1971" width="53" height="36" />
        <cmp x="1556" y="1971" width="87" height="79" />
        <cmp x="1631" y="1966" width="51" height="49" />
        <cmp x="1653" y="1971" width="42" height="38" />
        <cmp x="1672" y="1961" width="106" height="103" />
        <cmp x="1702" y="1939" width="8" height="7" />
      </word>
      <word id="d06-086-06-05" tag="IN" text="than">
        <cmp x="1776" y="1921" width="104" height="95" />
        <cmp x="1813" y="1909" width="112" height="102" />
        <cmp x="1876" y="1968" width="56" height="41" />
        <cmp x="1913" y="1974" width="79" height="37" />
      </word>
      <word id="d06-086-06-06" tag="PN-" text="any-">
        <cmp x="1993" y="1968" width="70" height="50" />
        <cmp x="2051" y="1970" width="68" height="37" />
        <cmp x="2061" y="1972" width="111" height="78" />
        <cmp x="2191" y="1974" width="23" height="9" />
      </word>
      <upper-contour>
        <point x="347" y="1879" />
        <point x="2081" y="1879" />
      </upper-contour>
      <lower-contour>
        <point x="356" y="2064" />
        <point x="2215" y="2064" />
      </lower-contour>
    </line>
    <line ass="-124" asx="0" asy="2095" character-width="999" dss="-124" dsx="0" dsy="2243" fd0="14836" fd1="2612" fd2="-1494" filter-width="4" id="d06-086-07" lbs="-104" lbx="0" lby="2183" segmentation="ok" slant="40000" stroke-width="7056" threshold="162" text="thing else. If we would only sit down and" ubs="-164" ubx="0" uby="2148">
      <word id="d06-086-07-00" tag="-PN" text="thing">
        <cmp x="358" y="2114" width="87" height="82" />
        <cmp x="381" y="2096" width="109" height="102" />
        <cmp x="438" y="2150" width="49" height="42" />
        <cmp x="460" y="2143" width="132" height="103" />
        <cmp x="511" y="2115" width="7" height="8" />
      </word>
      <word id="d06-086-07-01" tag="RB" text="else">
        <cmp x="613" y="2132" width="70" height="58" />
        <cmp x="658" y="2098" width="95" height="91" />
        <cmp x="679" y="2143" width="71" height="55" />
        <cmp x="715" y="2143" width="59" height="48" />
      </word>
      <word id="d06-086-07-02" tag="." text=".">
        <cmp x="751" y="2185" width="7" height="6" />
      </word>
      <word id="d06-086-07-03" sentence-start="yes" tag="CS" text="If">
        <cmp x="832" y="2112" width="101" height="84" />
        <cmp x="832" y="2133" width="107" height="107" />
        <cmp x="943" y="2117" width="24" height="8" />
      </word>
      <word id="d06-086-07-04" tag="PP1AS" text="we">
        <cmp x="946" y="2150" width="82" height="43" />
        <cmp x="1004" y="2139" width="66" height="54" />
      </word>
      <word id="d06-086-07-05" tag="MD" text="would">
        <cmp x="1081" y="2142" width="116" height="56" />
        <cmp x="1160" y="2151" width="62" height="41" />
        <cmp x="1205" y="2154" width="74" height="43" />
        <cmp x="1261" y="2106" width="100" height="86" />
        <cmp x="1302" y="2117" width="119" height="78" />
      </word>
      <word id="d06-086-07-06" tag="RB" text="only">
        <cmp x="1382" y="2154" width="66" height="42" />
        <cmp x="1432" y="2148" width="80" height="45" />
        <cmp x="1510" y="2102" width="92" height="81" />
        <cmp x="1528" y="2146" width="89" height="68" />
      </word>
      <word id="d06-086-07-07" tag="VB" text="sit">
        <cmp x="1632" y="2149" width="69" height="56" />
        <cmp x="1671" y="2146" width="59" height="50" />
        <cmp x="1714" y="2103" width="94" height="86" />
        <cmp x="1745" y="2129" width="7" height="7" />
      </word>
      <word id="d06-086-07-08" tag="RP" text="down">
        <cmp x="1790" y="2106" width="130" height="86" />
        <cmp x="1848" y="2149" width="64" height="41" />
        <cmp x="1891" y="2142" width="102" height="47" />
        <cmp x="1953" y="2146" width="81" height="45" />
      </word>
      <word id="d06-086-07-09" tag="CC" text="and">
        <cmp x="2038" y="2144" width="68" height="54" />
        <cmp x="2096" y="2156" width="71" height="38" />
        <cmp x="2142" y="2122" width="120" height="76" />
      </word>
      <upper-contour>
        <point x="356" y="2064" />
        <point x="2215" y="2064" />
      </upper-contour>
      <lower-contour>
        <point x="356" y="2245" />
        <point x="2222" y="2245" />
      </lower-contour>
    </line>
    <line ass="43" asx="0" asy="2269" character-width="999" dss="43" dsx="0" dsy="2429" fd0="14930" fd1="2903" fd2="-1604" filter-width="5" id="d06-086-08" lbs="21" lbx="0" lby="2367" segmentation="ok" slant="40000" stroke-width="7221" threshold="161" text="write out all the necessary jobs waiting to" ubs="86" ubx="0" uby="2331">
      <word id="d06-086-08-00" tag="VB" text="write">
        <cmp x="354" y="2324" width="107" height="58" />
        <cmp x="425" y="2333" width="52" height="39" />
        <cmp x="456" y="2325" width="55" height="47" />
        <cmp x="486" y="2277" width="97" height="92" />
        <cmp x="515" y="2313" width="61" height="55" />
        <cmp x="528" y="2301" width="5" height="6" />
      </word>
      <word id="d06-086-08-01" tag="RP" text="out">
        <cmp x="595" y="2329" width="80" height="45" />
        <cmp x="644" y="2334" width="78" height="47" />
        <cmp x="715" y="2285" width="93" height="87" />
      </word>
      <word id="d06-086-08-02" tag="ABN" text="all">
        <cmp x="777" y="2330" width="70" height="49" />
        <cmp x="838" y="2286" width="107" height="90" />
        <cmp x="876" y="2293" width="87" height="77" />
        <cmp x="963" y="2284" width="12" height="9" />
      </word>
      <word id="d06-086-08-03" tag="ATI" text="the">
        <cmp x="933" y="2286" width="101" height="89" />
        <cmp x="961" y="2269" width="120" height="102" />
        <cmp x="1019" y="2319" width="63" height="47" />
      </word>
      <word id="d06-086-08-04" tag="JJ" text="necessary">
        <cmp x="1084" y="2331" width="78" height="45" />
        <cmp x="1140" y="2318" width="68" height="57" />
        <cmp x="1183" y="2323" width="67" height="47" />
        <cmp x="1227" y="2319" width="64" height="53" />
        <cmp x="1267" y="2327" width="96" height="51" />
        <cmp x="1340" y="2332" width="68" height="45" />
        <cmp x="1394" y="2335" width="62" height="39" />
        <cmp x="1438" y="2328" width="98" height="80" />
        <cmp x="1471" y="2330" width="17" height="27" />
      </word>
      <word id="d06-086-08-05" tag="NNS" text="jobs">
        <cmp x="1519" y="2325" width="112" height="104" />
        <cmp x="1621" y="2324" width="52" height="44" />
        <cmp x="1652" y="2269" width="117" height="107" />
        <cmp x="1657" y="2272" width="19" height="23" />
        <cmp x="1700" y="2318" width="65" height="56" />
      </word>
      <word id="d06-086-08-06" tag="VBG" text="waiting">
        <cmp x="1775" y="2308" width="121" height="65" />
        <cmp x="1843" y="2324" width="69" height="54" />
        <cmp x="1890" y="2324" width="63" height="50" />
        <cmp x="1923" y="2283" width="104" height="88" />
        <cmp x="1959" y="2323" width="60" height="48" />
        <cmp x="1971" y="2304" width="5" height="6" />
        <cmp x="1987" y="2316" width="129" height="107" />
        <cmp x="2043" y="2295" width="12" height="9" />
      </word>
      <word id="d06-086-08-07" tag="TO" text="to">
        <cmp x="2122" y="2282" width="99" height="88" />
        <cmp x="2155" y="2327" width="53" height="40" />
      </word>
      <upper-contour>
        <point x="356" y="2245" />
        <point x="2222" y="2245" />
      </upper-contour>
      <lower-contour>
        <point x="352" y="2429" />
        <point x="2222" y="2429" />
      </lower-contour>
    </line>
    <line ass="278" asx="0" asy="2454" character-width="999" dss="278" dsx="0" dsy="2606" fd0="15349" fd1="2839" fd2="-1792" filter-width="4" id="d06-086-09" lbs="381" lbx="0" lby="2553" segmentation="ok" slant="40000" stroke-width="7102" threshold="161" text="be done and then work quietly through them," ubs="70" ubx="0" uby="2514">
      <word id="d06-086-09-00" tag="BE" text="be">
        <cmp x="348" y="2474" width="88" height="83" />
        <cmp x="388" y="2491" width="67" height="60" />
        <cmp x="432" y="2466" width="8" height="7" />
      </word>
      <word id="d06-086-09-01" tag="VBN" text="done">
        <cmp x="458" y="2460" width="133" height="96" />
        <cmp x="523" y="2509" width="51" height="38" />
        <cmp x="554" y="2513" width="76" height="41" />
        <cmp x="613" y="2503" width="56" height="46" />
      </word>
      <word id="d06-086-09-02" tag="CC" text="and">
        <cmp x="689" y="2504" width="75" height="51" />
        <cmp x="744" y="2512" width="71" height="39" />
        <cmp x="801" y="2480" width="112" height="74" />
      </word>
      <word id="d06-086-09-03" tag="RN" text="then">
        <cmp x="887" y="2466" width="99" height="85" />
        <cmp x="923" y="2450" width="115" height="100" />
        <cmp x="980" y="2495" width="63" height="52" />
        <cmp x="1001" y="2504" width="80" height="46" />
      </word>
      <word id="d06-086-09-04" tag="VB" text="work">
        <cmp x="1082" y="2501" width="83" height="55" />
        <cmp x="1121" y="2495" width="70" height="52" />
        <cmp x="1147" y="2510" width="67" height="47" />
        <cmp x="1197" y="2515" width="53" height="39" />
        <cmp x="1237" y="2450" width="113" height="100" />
      </word>
      <word id="d06-086-09-05" tag="RB" text="quietly">
        <cmp x="1295" y="2501" width="93" height="87" />
        <cmp x="1373" y="2509" width="62" height="44" />
        <cmp x="1421" y="2509" width="51" height="42" />
        <cmp x="1443" y="2499" width="67" height="54" />
        <cmp x="1483" y="2462" width="97" height="88" />
        <cmp x="1497" y="2479" width="7" height="9" />
        <cmp x="1517" y="2457" width="99" height="93" />
        <cmp x="1529" y="2501" width="106" height="87" />
      </word>
      <word id="d06-086-09-06" tag="IN" text="through">
        <cmp x="1654" y="2463" width="102" height="89" />
        <cmp x="1684" y="2455" width="110" height="98" />
        <cmp x="1749" y="2511" width="48" height="32" />
        <cmp x="1776" y="2510" width="53" height="37" />
        <cmp x="1824" y="2498" width="123" height="101" />
        <cmp x="1849" y="2511" width="10" height="9" />
        <cmp x="1921" y="2466" width="109" height="91" />
      </word>
      <word id="d06-086-09-07" tag="PP3OS" text="them">
        <cmp x="2015" y="2464" width="105" height="90" />
        <cmp x="2041" y="2450" width="116" height="102" />
        <cmp x="2105" y="2495" width="65" height="52" />
        <cmp x="2131" y="2506" width="100" height="41" />
      </word>
      <word id="d06-086-09-08" tag="," text=",">
        <cmp x="2203" y="2530" width="32" height="37" />
      </word>
      <upper-contour>
        <point x="352" y="2429" />
        <point x="2222" y="2429" />
      </upper-contour>
      <lower-contour>
        <point x="346" y="2600" />
        <point x="2236" y="2600" />
      </lower-contour>
    </line>
    <line ass="414" asx="0" asy="2633" character-width="999" dss="414" dsx="0" dsy="2803" fd0="15320" fd1="2935" fd2="-1596" filter-width="4" id="d06-086-10" lbs="435" lbx="0" lby="2729" segmentation="ok" slant="41000" stroke-width="6797" threshold="162" text="we would find life considerably less exhausting" ubs="372" ubx="0" uby="2696">
      <word id="d06-086-10-00" tag="PP1AS" text="we">
        <cmp x="347" y="2687" width="102" height="52" />
        <cmp x="417" y="2679" width="64" height="56" />
      </word>
      <word id="d06-086-10-01" tag="MD" text="would">
        <cmp x="484" y="2678" width="130" height="58" />
        <cmp x="598" y="2687" width="68" height="42" />
        <cmp x="649" y="2655" width="84" height="70" />
        <cmp x="677" y="2657" width="111" height="73" />
        <cmp x="730" y="2643" width="13" height="13" />
      </word>
      <word id="d06-086-10-02" tag="VB" text="find">
        <cmp x="714" y="2675" width="130" height="123" />
        <cmp x="831" y="2680" width="53" height="46" />
        <cmp x="845" y="2663" width="4" height="4" />
        <cmp x="850" y="2655" width="27" height="13" />
        <cmp x="850" y="2685" width="74" height="42" />
        <cmp x="900" y="2652" width="116" height="80" />
        <cmp x="908" y="2654" width="5" height="7" />
      </word>
      <word id="d06-086-10-03" tag="NN" text="life">
        <cmp x="989" y="2639" width="100" height="92" />
        <cmp x="1008" y="2651" width="137" height="116" />
        <cmp x="1018" y="2682" width="55" height="46" />
        <cmp x="1081" y="2669" width="66" height="61" />
        <cmp x="1092" y="2655" width="7" height="6" />
      </word>
      <word id="d06-086-10-04" tag="RB" text="considerably">
        <cmp x="1151" y="2678" width="73" height="55" />
        <cmp x="1196" y="2687" width="56" height="43" />
        <cmp x="1233" y="2689" width="75" height="38" />
        <cmp x="1293" y="2684" width="62" height="52" />
        <cmp x="1333" y="2685" width="48" height="45" />
        <cmp x="1366" y="2643" width="117" height="88" />
        <cmp x="1399" y="2656" width="6" height="12" />
        <cmp x="1419" y="2683" width="53" height="44" />
        <cmp x="1452" y="2686" width="48" height="38" />
        <cmp x="1487" y="2679" width="70" height="51" />
        <cmp x="1543" y="2631" width="103" height="101" />
        <cmp x="1609" y="2626" width="90" height="91" />
        <cmp x="1613" y="2681" width="94" height="77" />
      </word>
      <word id="d06-086-10-05" tag="QL" text="less">
        <cmp x="1728" y="2621" width="106" height="106" />
        <cmp x="1762" y="2667" width="63" height="57" />
        <cmp x="1797" y="2674" width="85" height="54" />
      </word>
      <word id="d06-086-10-06" tag="JJ" text="exhausting">
        <cmp x="1888" y="2665" width="67" height="62" />
        <cmp x="1921" y="2673" width="61" height="57" />
        <cmp x="1967" y="2619" width="100" height="107" />
        <cmp x="2023" y="2674" width="56" height="49" />
        <cmp x="2067" y="2677" width="64" height="44" />
        <cmp x="2101" y="2674" width="64" height="54" />
        <cmp x="2137" y="2630" width="91" height="93" />
        <cmp x="2165" y="2679" width="52" height="42" />
        <cmp x="2190" y="2694" width="33" height="29" />
        <cmp x="2210" y="2674" width="112" height="99" />
        <cmp x="2248" y="2640" width="5" height="7" />
      </word>
      <upper-contour>
        <point x="346" y="2600" />
        <point x="2236" y="2600" />
      </upper-contour>
    </line>
  </handwritten-part>
</form>

