<?xml version="1.0" encoding="ISO-8859-1"?>

<!DOCTYPE form SYSTEM 'http://www.iam.unibe.ch/~fki/iamdb/form-metadata.dtd'>

<form created="2002-01-16" height="3542" id="d06-000" last-modified="2002-07-17" skew="255" status="final" version="3.0_beta" width="2479" writer-id="202">
  <machine-printed-part>
    <machine-print-line text="In the first place it is not a great deal of use telling even children, as I have already" />
    <machine-print-line text="suggested, not to be silly or to pull themselves together. Far better to help them to" />
    <machine-print-line text="face whatever it is that is worrying them, to find the original cause and then deal with" />
    <machine-print-line text="it; show it up either for the sham it is - and many fears are based upon completely" />
    <machine-print-line text="irrational pre-conceived notions - or to show how we may deal with it so as to remove" />
    <machine-print-line text="the power to torment us that it seems to possess." />
  </machine-printed-part>
  <handwritten-part>
    <line ass="-51" asx="0" asy="841" character-width="999" dss="-51" dsx="0" dsy="930" fd0="11711" fd1="3283" fd2="-179" filter-width="3" id="d06-000-00" lbs="-115" lbx="0" lby="894" segmentation="ok" slant="94000" stroke-width="5118" threshold="182" text="In the first place it is not a great deal" ubs="75" ubx="0" uby="868">
      <word id="d06-000-00-00" sentence-start="yes" tag="IN" text="In">
        <cmp x="356" y="853" width="7" height="42" />
        <cmp x="370" y="866" width="44" height="29" />
      </word>
      <word id="d06-000-00-01" tag="ATI" text="the">
        <cmp x="480" y="849" width="33" height="45" />
        <cmp x="519" y="850" width="43" height="45" />
        <cmp x="568" y="863" width="55" height="32" />
      </word>
      <word id="d06-000-00-02" tag="OD" text="first">
        <cmp x="698" y="843" width="28" height="77" />
        <cmp x="735" y="857" width="9" height="39" />
        <cmp x="740" y="845" width="4" height="4" />
        <cmp x="751" y="863" width="32" height="34" />
        <cmp x="782" y="848" width="77" height="51" />
      </word>
      <word id="d06-000-00-03" tag="NN" text="place">
        <cmp x="913" y="873" width="46" height="50" />
        <cmp x="968" y="855" width="7" height="45" />
        <cmp x="983" y="865" width="47" height="34" />
        <cmp x="1034" y="866" width="41" height="32" />
        <cmp x="1077" y="863" width="51" height="37" />
      </word>
      <word id="d06-000-00-04" tag="PP3" text="it">
        <cmp x="1195" y="862" width="6" height="37" />
        <cmp x="1200" y="848" width="5" height="6" />
        <cmp x="1206" y="848" width="28" height="50" />
      </word>
      <word id="d06-000-00-05" tag="BEZ" text="is">
        <cmp x="1277" y="864" width="8" height="36" />
        <cmp x="1283" y="850" width="4" height="7" />
        <cmp x="1291" y="865" width="44" height="37" />
      </word>
      <word id="d06-000-00-06" tag="XNOT" text="not">
        <cmp x="1383" y="871" width="49" height="31" />
        <cmp x="1438" y="851" width="62" height="49" />
      </word>
      <word id="d06-000-00-07" tag="AT" text="a">
        <cmp x="1551" y="870" width="46" height="32" />
      </word>
      <word id="d06-000-00-08" tag="JJ" text="great">
        <cmp x="1628" y="866" width="62" height="68" />
        <cmp x="1702" y="865" width="24" height="33" />
        <cmp x="1729" y="862" width="52" height="39" />
        <cmp x="1786" y="866" width="56" height="35" />
        <cmp x="1835" y="850" width="25" height="47" />
      </word>
      <word id="d06-000-00-09" tag="NN" text="deal">
        <cmp x="1922" y="855" width="49" height="46" />
        <cmp x="1977" y="864" width="99" height="36" />
        <cmp x="2080" y="860" width="8" height="43" />
      </word>
      <lower-contour>
        <point x="346" y="935" />
        <point x="2027" y="935" />
      </lower-contour>
    </line>
    <line ass="36" asx="0" asy="1021" character-width="999" dss="36" dsx="0" dsy="1110" fd0="12718" fd1="3214" fd2="-833" filter-width="3" id="d06-000-01" lbs="16" lbx="0" lby="1075" segmentation="ok" slant="94000" stroke-width="5452" threshold="182" text="of use telling even children, as I have" ubs="76" ubx="0" uby="1043">
      <word id="d06-000-01-00" tag="INO" text="of">
        <cmp x="348" y="1022" width="71" height="72" />
      </word>
      <word id="d06-000-01-01" tag="NN" text="use">
        <cmp x="465" y="1040" width="50" height="38" />
        <cmp x="521" y="1037" width="45" height="37" />
        <cmp x="569" y="1036" width="48" height="35" />
      </word>
      <word id="d06-000-01-02" tag="VBG" text="telling">
        <cmp x="681" y="1022" width="28" height="56" />
        <cmp x="712" y="1037" width="57" height="37" />
        <cmp x="772" y="1026" width="8" height="50" />
        <cmp x="784" y="1027" width="10" height="48" />
        <cmp x="802" y="1037" width="8" height="40" />
        <cmp x="805" y="1022" width="4" height="4" />
        <cmp x="817" y="1041" width="50" height="37" />
        <cmp x="860" y="1049" width="57" height="62" />
      </word>
      <word id="d06-000-01-03" tag="RB" text="even">
        <cmp x="980" y="1040" width="48" height="34" />
        <cmp x="1030" y="1040" width="29" height="40" />
        <cmp x="1062" y="1038" width="63" height="36" />
        <cmp x="1128" y="1043" width="46" height="32" />
      </word>
      <word id="d06-000-01-04" tag="NNS" text="children">
        <cmp x="1250" y="1041" width="49" height="39" />
        <cmp x="1300" y="1033" width="45" height="48" />
        <cmp x="1345" y="1043" width="8" height="35" />
        <cmp x="1349" y="1028" width="4" height="6" />
        <cmp x="1361" y="1037" width="7" height="38" />
        <cmp x="1364" y="1035" width="4" height="4" />
        <cmp x="1382" y="1036" width="53" height="40" />
        <cmp x="1440" y="1045" width="19" height="33" />
        <cmp x="1464" y="1041" width="57" height="39" />
        <cmp x="1524" y="1048" width="47" height="33" />
      </word>
      <word id="d06-000-01-05" tag="," text=",">
        <cmp x="1592" y="1073" width="10" height="24" />
      </word>
      <word id="d06-000-01-06" tag="CS" text="as">
        <cmp x="1661" y="1039" width="43" height="35" />
        <cmp x="1714" y="1041" width="43" height="37" />
      </word>
      <word id="d06-000-01-07" tag="PP1A" text="I">
        <cmp x="1811" y="1030" width="7" height="47" />
      </word>
      <word id="d06-000-01-08" tag="HV" text="have">
        <cmp x="1841" y="1029" width="49" height="44" />
        <cmp x="1894" y="1045" width="47" height="32" />
        <cmp x="1948" y="1043" width="28" height="37" />
        <cmp x="1974" y="1038" width="52" height="41" />
      </word>
      <upper-contour>
        <point x="346" y="935" />
        <point x="2027" y="935" />
      </upper-contour>
      <lower-contour>
        <point x="357" y="1110" />
        <point x="2027" y="1110" />
      </lower-contour>
    </line>
    <line ass="-131" asx="0" asy="1200" character-width="999" dss="-131" dsx="0" dsy="1286" fd0="12715" fd1="2959" fd2="-1146" filter-width="3" id="d06-000-02" lbs="-116" lbx="0" lby="1248" segmentation="ok" slant="95000" stroke-width="5655" threshold="186" text="already suggested, not to be silly or" ubs="-161" ubx="0" uby="1220">
      <word id="d06-000-02-00" tag="RB" text="already">
        <cmp x="359" y="1220" width="46" height="35" />
        <cmp x="409" y="1206" width="8" height="46" />
        <cmp x="424" y="1214" width="19" height="37" />
        <cmp x="444" y="1216" width="107" height="36" />
        <cmp x="553" y="1210" width="52" height="48" />
        <cmp x="611" y="1218" width="24" height="28" />
        <cmp x="629" y="1217" width="23" height="62" />
      </word>
      <word id="d06-000-02-01" tag="VBN" text="suggested">
        <cmp x="748" y="1218" width="51" height="38" />
        <cmp x="804" y="1216" width="46" height="39" />
        <cmp x="842" y="1222" width="106" height="67" />
        <cmp x="950" y="1206" width="128" height="50" />
        <cmp x="1077" y="1219" width="59" height="32" />
        <cmp x="1141" y="1211" width="50" height="43" />
      </word>
      <word id="d06-000-02-02" tag="," text=",">
        <cmp x="1197" y="1250" width="17" height="35" />
      </word>
      <word id="d06-000-02-03" tag="XNOT" text="not">
        <cmp x="1297" y="1220" width="47" height="37" />
        <cmp x="1353" y="1207" width="65" height="51" />
      </word>
      <word id="d06-000-02-04" tag="TO" text="to">
        <cmp x="1469" y="1211" width="41" height="47" />
        <cmp x="1507" y="1221" width="43" height="32" />
      </word>
      <word id="d06-000-02-05" tag="BE" text="be">
        <cmp x="1611" y="1211" width="46" height="46" />
        <cmp x="1659" y="1220" width="54" height="37" />
      </word>
      <word id="d06-000-02-06" tag="JJ" text="silly">
        <cmp x="1761" y="1218" width="51" height="36" />
        <cmp x="1818" y="1206" width="4" height="5" />
        <cmp x="1819" y="1217" width="7" height="36" />
        <cmp x="1837" y="1206" width="10" height="52" />
        <cmp x="1849" y="1208" width="9" height="51" />
        <cmp x="1868" y="1224" width="35" height="54" />
      </word>
      <word id="d06-000-02-07" tag="CC" text="or">
        <cmp x="1969" y="1218" width="44" height="36" />
        <cmp x="2018" y="1219" width="30" height="36" />
      </word>
      <upper-contour>
        <point x="357" y="1110" />
        <point x="2027" y="1110" />
      </upper-contour>
      <lower-contour>
        <point x="357" y="1288" />
        <point x="2048" y="1288" />
      </lower-contour>
    </line>
    <line ass="205" asx="0" asy="1378" character-width="999" dss="205" dsx="0" dsy="1473" fd0="12396" fd1="2856" fd2="-1290" filter-width="3" id="d06-000-03" lbs="322" lbx="0" lby="1439" segmentation="ok" slant="94000" stroke-width="5416" threshold="182" text="to pull themselves together. Far better" ubs="-29" ubx="0" uby="1401">
      <word id="d06-000-03-00" tag="TO" text="to">
        <cmp x="354" y="1383" width="73" height="51" />
      </word>
      <word id="d06-000-03-01" tag="VB" text="pull">
        <cmp x="505" y="1405" width="47" height="49" />
        <cmp x="556" y="1403" width="46" height="34" />
        <cmp x="608" y="1392" width="7" height="46" />
        <cmp x="621" y="1394" width="6" height="42" />
      </word>
      <word id="d06-000-03-02" tag="PPLS" text="themselves">
        <cmp x="733" y="1379" width="31" height="53" />
        <cmp x="769" y="1381" width="45" height="51" />
        <cmp x="812" y="1398" width="52" height="41" />
        <cmp x="866" y="1399" width="73" height="37" />
        <cmp x="950" y="1397" width="49" height="41" />
        <cmp x="999" y="1398" width="56" height="36" />
        <cmp x="1059" y="1389" width="7" height="43" />
        <cmp x="1075" y="1396" width="29" height="40" />
        <cmp x="1104" y="1398" width="103" height="41" />
      </word>
      <word id="d06-000-03-03" tag="RB" text="together">
        <cmp x="1300" y="1375" width="40" height="51" />
        <cmp x="1334" y="1394" width="80" height="76" />
        <cmp x="1417" y="1394" width="53" height="39" />
        <cmp x="1469" y="1381" width="30" height="58" />
        <cmp x="1507" y="1383" width="45" height="50" />
        <cmp x="1551" y="1396" width="76" height="43" />
      </word>
      <word id="d06-000-03-04" tag="." text=".">
        <cmp x="1658" y="1422" width="6" height="6" />
      </word>
      <word id="d06-000-03-05" sentence-start="yes" tag="RB" text="Far">
        <cmp x="1727" y="1382" width="50" height="53" />
        <cmp x="1759" y="1403" width="54" height="33" />
        <cmp x="1818" y="1405" width="19" height="33" />
      </word>
      <word id="d06-000-03-06" tag="JJR" text="better">
        <cmp x="1882" y="1390" width="48" height="43" />
        <cmp x="1932" y="1397" width="54" height="36" />
        <cmp x="1993" y="1386" width="30" height="47" />
        <cmp x="2032" y="1393" width="59" height="40" />
        <cmp x="2094" y="1401" width="24" height="33" />
      </word>
      <upper-contour>
        <point x="357" y="1288" />
        <point x="2048" y="1288" />
      </upper-contour>
      <lower-contour>
        <point x="354" y="1470" />
        <point x="2119" y="1470" />
      </lower-contour>
    </line>
    <line ass="-35" asx="0" asy="1558" character-width="999" dss="-35" dsx="0" dsy="1640" fd0="12441" fd1="3137" fd2="-724" filter-width="3" id="d06-000-04" lbs="-58" lbx="0" lby="1610" segmentation="ok" slant="91000" stroke-width="5435" threshold="182" text="to help them to face whatever it is that" ubs="8" ubx="0" uby="1579">
      <word id="d06-000-04-00" tag="TO" text="to">
        <cmp x="356" y="1565" width="72" height="50" />
      </word>
      <word id="d06-000-04-01" tag="VB" text="help">
        <cmp x="482" y="1567" width="47" height="45" />
        <cmp x="533" y="1575" width="52" height="36" />
        <cmp x="590" y="1568" width="8" height="43" />
        <cmp x="610" y="1579" width="45" height="51" />
      </word>
      <word id="d06-000-04-02" tag="PP3OS" text="them">
        <cmp x="710" y="1564" width="34" height="54" />
        <cmp x="751" y="1563" width="45" height="47" />
        <cmp x="795" y="1575" width="129" height="38" />
      </word>
      <word id="d06-000-04-03" tag="TO" text="to">
        <cmp x="1017" y="1565" width="37" height="45" />
        <cmp x="1057" y="1581" width="41" height="37" />
      </word>
      <word id="d06-000-04-04" tag="VB" text="face">
        <cmp x="1159" y="1563" width="36" height="78" />
        <cmp x="1198" y="1579" width="51" height="39" />
        <cmp x="1262" y="1579" width="45" height="35" />
        <cmp x="1305" y="1576" width="52" height="39" />
      </word>
      <word id="d06-000-04-05" tag="WDT" text="whatever">
        <cmp x="1447" y="1577" width="52" height="40" />
        <cmp x="1508" y="1571" width="47" height="43" />
        <cmp x="1561" y="1580" width="50" height="29" />
        <cmp x="1611" y="1563" width="25" height="46" />
        <cmp x="1641" y="1576" width="55" height="33" />
        <cmp x="1697" y="1578" width="103" height="36" />
      </word>
      <word id="d06-000-04-06" tag="PP3" text="it">
        <cmp x="1848" y="1577" width="6" height="40" />
        <cmp x="1853" y="1561" width="6" height="5" />
        <cmp x="1856" y="1564" width="33" height="52" />
      </word>
      <word id="d06-000-04-07" tag="BEZ" text="is">
        <cmp x="1937" y="1579" width="6" height="34" />
        <cmp x="1940" y="1565" width="9" height="7" />
        <cmp x="1949" y="1579" width="45" height="38" />
      </word>
      <word id="d06-000-04-08" tag="WP" text="that">
        <cmp x="2023" y="1567" width="33" height="48" />
        <cmp x="2062" y="1570" width="43" height="47" />
        <cmp x="2105" y="1587" width="45" height="30" />
        <cmp x="2147" y="1567" width="30" height="47" />
      </word>
      <upper-contour>
        <point x="354" y="1470" />
        <point x="2119" y="1470" />
      </upper-contour>
      <lower-contour>
        <point x="364" y="1641" />
        <point x="2020" y="1641" />
      </lower-contour>
    </line>
    <line ass="2" asx="0" asy="1737" character-width="999" dss="2" dsx="0" dsy="1828" fd0="12943" fd1="3464" fd2="-646" filter-width="3" id="d06-000-05" lbs="15" lbx="0" lby="1794" segmentation="ok" slant="94000" stroke-width="5497" threshold="182" text="is worrying them, to find the original" ubs="-24" ubx="0" uby="1758">
      <word id="d06-000-05-00" tag="BEZ" text="is">
        <cmp x="366" y="1742" width="3" height="5" />
        <cmp x="366" y="1757" width="8" height="35" />
        <cmp x="382" y="1757" width="45" height="39" />
      </word>
      <word id="d06-000-05-01" tag="VBG" text="worrying">
        <cmp x="508" y="1757" width="51" height="39" />
        <cmp x="563" y="1760" width="40" height="34" />
        <cmp x="615" y="1756" width="30" height="36" />
        <cmp x="648" y="1754" width="21" height="36" />
        <cmp x="675" y="1754" width="35" height="60" />
        <cmp x="720" y="1754" width="8" height="38" />
        <cmp x="721" y="1738" width="6" height="6" />
        <cmp x="735" y="1760" width="51" height="33" />
        <cmp x="781" y="1763" width="51" height="62" />
      </word>
      <word id="d06-000-05-02" tag="PP3OS" text="them">
        <cmp x="903" y="1738" width="31" height="54" />
        <cmp x="946" y="1743" width="43" height="47" />
        <cmp x="989" y="1756" width="57" height="34" />
        <cmp x="1048" y="1759" width="74" height="32" />
      </word>
      <word id="d06-000-05-03" tag="," text=",">
        <cmp x="1129" y="1783" width="10" height="24" />
      </word>
      <word id="d06-000-05-04" tag="TO" text="to">
        <cmp x="1199" y="1739" width="38" height="47" />
        <cmp x="1237" y="1755" width="48" height="37" />
      </word>
      <word id="d06-000-05-05" tag="VB" text="find">
        <cmp x="1331" y="1738" width="36" height="77" />
        <cmp x="1376" y="1754" width="5" height="4" />
        <cmp x="1377" y="1759" width="8" height="31" />
        <cmp x="1381" y="1740" width="4" height="5" />
        <cmp x="1395" y="1750" width="100" height="46" />
      </word>
      <word id="d06-000-05-06" tag="ATI" text="the">
        <cmp x="1533" y="1742" width="30" height="50" />
        <cmp x="1565" y="1748" width="46" height="45" />
        <cmp x="1614" y="1759" width="53" height="33" />
      </word>
      <word id="d06-000-05-07" tag="JJ" text="original">
        <cmp x="1729" y="1757" width="48" height="37" />
        <cmp x="1780" y="1756" width="31" height="37" />
        <cmp x="1823" y="1757" width="7" height="37" />
        <cmp x="1825" y="1741" width="6" height="6" />
        <cmp x="1826" y="1761" width="60" height="69" />
        <cmp x="1896" y="1748" width="6" height="3" />
        <cmp x="1896" y="1761" width="8" height="36" />
        <cmp x="1915" y="1749" width="104" height="47" />
      </word>
      <upper-contour>
        <point x="364" y="1641" />
        <point x="2020" y="1641" />
      </upper-contour>
      <lower-contour>
        <point x="364" y="1833" />
        <point x="2020" y="1833" />
      </lower-contour>
    </line>
    <line ass="-70" asx="0" asy="1915" character-width="999" dss="-70" dsx="0" dsy="1983" fd0="12814" fd1="3230" fd2="-604" filter-width="3" id="d06-000-06" lbs="-199" lbx="0" lby="1965" segmentation="ok" slant="90000" stroke-width="5449" threshold="182" text="cause and then deal with it; show it" ubs="187" ubx="0" uby="1942">
      <word id="d06-000-06-00" tag="NN" text="cause">
        <cmp x="353" y="1930" width="87" height="41" />
        <cmp x="444" y="1937" width="49" height="32" />
        <cmp x="498" y="1933" width="55" height="38" />
        <cmp x="551" y="1940" width="57" height="38" />
      </word>
      <word id="d06-000-06-01" tag="CC" text="and">
        <cmp x="674" y="1935" width="48" height="37" />
        <cmp x="724" y="1937" width="44" height="38" />
        <cmp x="774" y="1928" width="52" height="48" />
      </word>
      <word id="d06-000-06-02" tag="RN" text="then">
        <cmp x="909" y="1923" width="34" height="50" />
        <cmp x="946" y="1922" width="46" height="48" />
        <cmp x="992" y="1935" width="64" height="38" />
        <cmp x="1055" y="1936" width="50" height="34" />
      </word>
      <word id="d06-000-06-03" tag="VB" text="deal">
        <cmp x="1185" y="1929" width="53" height="47" />
        <cmp x="1241" y="1936" width="54" height="33" />
        <cmp x="1302" y="1939" width="51" height="36" />
        <cmp x="1360" y="1929" width="6" height="42" />
      </word>
      <word id="d06-000-06-04" tag="IN" text="with">
        <cmp x="1451" y="1934" width="48" height="36" />
        <cmp x="1512" y="1919" width="5" height="3" />
        <cmp x="1512" y="1933" width="7" height="36" />
        <cmp x="1524" y="1920" width="31" height="51" />
        <cmp x="1559" y="1925" width="46" height="50" />
      </word>
      <word id="d06-000-06-05" tag="PP3" text="it">
        <cmp x="1654" y="1937" width="8" height="39" />
        <cmp x="1656" y="1921" width="4" height="5" />
        <cmp x="1668" y="1920" width="24" height="53" />
      </word>
      <word id="d06-000-06-06" tag=";" text=";">
        <cmp x="1705" y="1940" width="5" height="4" />
        <cmp x="1707" y="1962" width="8" height="24" />
      </word>
      <word id="d06-000-06-07" tag="VB" text="show">
        <cmp x="1784" y="1932" width="45" height="42" />
        <cmp x="1838" y="1924" width="47" height="46" />
        <cmp x="1888" y="1939" width="40" height="30" />
        <cmp x="1931" y="1934" width="52" height="37" />
      </word>
      <word id="d06-000-06-08" tag="PP3" text="it">
        <cmp x="2051" y="1936" width="9" height="37" />
        <cmp x="2053" y="1919" width="7" height="7" />
        <cmp x="2064" y="1921" width="26" height="54" />
      </word>
      <upper-contour>
        <point x="364" y="1833" />
        <point x="2020" y="1833" />
      </upper-contour>
      <lower-contour>
        <point x="360" y="1988" />
        <point x="2091" y="1988" />
      </lower-contour>
    </line>
    <line ass="-64" asx="0" asy="2095" character-width="999" dss="-64" dsx="0" dsy="2181" fd0="12725" fd1="3156" fd2="-466" filter-width="3" id="d06-000-07" lbs="0" lbx="0" lby="2147" segmentation="ok" slant="95000" stroke-width="5417" threshold="182" text="up either for the sham it is - and many" ubs="-191" ubx="0" uby="2114">
      <word id="d06-000-07-00" tag="RP" text="up">
        <cmp x="362" y="2113" width="48" height="37" />
        <cmp x="417" y="2117" width="54" height="47" />
      </word>
      <word id="d06-000-07-01" tag="DTX" text="either">
        <cmp x="537" y="2112" width="60" height="37" />
        <cmp x="588" y="2097" width="7" height="7" />
        <cmp x="597" y="2098" width="30" height="47" />
        <cmp x="631" y="2099" width="50" height="49" />
        <cmp x="685" y="2111" width="49" height="37" />
        <cmp x="734" y="2118" width="30" height="35" />
      </word>
      <word id="d06-000-07-02" tag="IN" text="for">
        <cmp x="859" y="2097" width="33" height="79" />
        <cmp x="888" y="2118" width="39" height="31" />
        <cmp x="929" y="2112" width="24" height="37" />
      </word>
      <word id="d06-000-07-03" tag="ATI" text="the">
        <cmp x="1033" y="2097" width="25" height="52" />
        <cmp x="1069" y="2100" width="43" height="47" />
        <cmp x="1113" y="2113" width="46" height="37" />
      </word>
      <word id="d06-000-07-04" tag="NN" text="sham">
        <cmp x="1245" y="2134" width="11" height="11" />
        <cmp x="1256" y="2109" width="36" height="42" />
        <cmp x="1291" y="2101" width="47" height="47" />
        <cmp x="1341" y="2117" width="50" height="33" />
        <cmp x="1395" y="2118" width="70" height="34" />
      </word>
      <word id="d06-000-07-05" tag="PP3" text="it">
        <cmp x="1532" y="2120" width="10" height="34" />
        <cmp x="1537" y="2101" width="6" height="8" />
        <cmp x="1547" y="2101" width="24" height="51" />
      </word>
      <word id="d06-000-07-06" tag="BEZ" text="is">
        <cmp x="1633" y="2119" width="7" height="32" />
        <cmp x="1635" y="2102" width="6" height="6" />
        <cmp x="1650" y="2115" width="36" height="44" />
      </word>
      <word id="d06-000-07-07" tag="*-" text="-">
        <cmp x="1735" y="2120" width="21" height="7" />
      </word>
      <word id="d06-000-07-08" tag="CC" text="and">
        <cmp x="1837" y="2116" width="54" height="32" />
        <cmp x="1895" y="2116" width="48" height="34" />
        <cmp x="1946" y="2107" width="55" height="41" />
      </word>
      <word id="d06-000-07-09" tag="AP" text="many">
        <cmp x="2040" y="2120" width="115" height="36" />
        <cmp x="2159" y="2127" width="41" height="33" />
        <cmp x="2200" y="2131" width="31" height="53" />
      </word>
      <upper-contour>
        <point x="360" y="1988" />
        <point x="2091" y="1988" />
      </upper-contour>
      <lower-contour>
        <point x="360" y="2175" />
        <point x="1958" y="2175" />
      </lower-contour>
    </line>
    <line ass="50" asx="0" asy="2282" character-width="999" dss="50" dsx="0" dsy="2357" fd0="12765" fd1="2906" fd2="-1254" filter-width="3" id="d06-000-08" lbs="237" lbx="0" lby="2334" segmentation="ok" slant="97000" stroke-width="5603" threshold="182" text="fears are based upon completely" ubs="-322" ubx="0" uby="2290">
      <word id="d06-000-08-00" tag="NNS" text="fears">
        <cmp x="358" y="2282" width="37" height="74" />
        <cmp x="396" y="2296" width="49" height="38" />
        <cmp x="446" y="2296" width="47" height="38" />
        <cmp x="493" y="2296" width="33" height="38" />
        <cmp x="525" y="2292" width="48" height="37" />
      </word>
      <word id="d06-000-08-01" tag="BER" text="are">
        <cmp x="665" y="2292" width="48" height="34" />
        <cmp x="715" y="2296" width="21" height="31" />
        <cmp x="742" y="2291" width="49" height="37" />
      </word>
      <word id="d06-000-08-02" tag="VBN" text="based">
        <cmp x="867" y="2282" width="95" height="48" />
        <cmp x="966" y="2296" width="47" height="38" />
        <cmp x="1018" y="2294" width="51" height="40" />
        <cmp x="1072" y="2288" width="58" height="46" />
      </word>
      <word id="d06-000-08-03" tag="IN" text="upon">
        <cmp x="1229" y="2297" width="46" height="39" />
        <cmp x="1281" y="2304" width="50" height="48" />
        <cmp x="1339" y="2299" width="42" height="34" />
        <cmp x="1386" y="2299" width="49" height="34" />
      </word>
      <word id="d06-000-08-04" tag="RB" text="completely">
        <cmp x="1514" y="2294" width="43" height="34" />
        <cmp x="1563" y="2298" width="45" height="31" />
        <cmp x="1611" y="2297" width="72" height="35" />
        <cmp x="1685" y="2300" width="45" height="54" />
        <cmp x="1737" y="2284" width="8" height="47" />
        <cmp x="1753" y="2294" width="56" height="39" />
        <cmp x="1808" y="2286" width="26" height="43" />
        <cmp x="1810" y="2319" width="3" height="3" />
        <cmp x="1842" y="2295" width="53" height="37" />
        <cmp x="1902" y="2289" width="10" height="40" />
        <cmp x="1914" y="2295" width="43" height="61" />
      </word>
      <upper-contour>
        <point x="360" y="2175" />
        <point x="1958" y="2175" />
      </upper-contour>
      <lower-contour>
        <point x="373" y="2360" />
        <point x="1958" y="2360" />
      </lower-contour>
    </line>
    <line ass="72" asx="0" asy="2454" character-width="999" dss="72" dsx="0" dsy="2532" fd0="12818" fd1="2977" fd2="-798" filter-width="3" id="d06-000-09" lbs="118" lbx="0" lby="2509" segmentation="ok" slant="95000" stroke-width="5671" threshold="182" text="irrational pre-conceived notions - or to" ubs="-19" ubx="0" uby="2475">
      <word id="d06-000-09-00" tag="JJ" text="irrational">
        <cmp x="375" y="2474" width="6" height="37" />
        <cmp x="378" y="2460" width="4" height="7" />
        <cmp x="390" y="2471" width="30" height="40" />
        <cmp x="424" y="2471" width="30" height="38" />
        <cmp x="458" y="2471" width="55" height="41" />
        <cmp x="512" y="2456" width="44" height="52" />
        <cmp x="553" y="2455" width="4" height="4" />
        <cmp x="567" y="2469" width="47" height="38" />
        <cmp x="616" y="2470" width="52" height="35" />
        <cmp x="671" y="2479" width="57" height="33" />
        <cmp x="732" y="2466" width="6" height="47" />
      </word>
      <word id="d06-000-09-01" tag="JJ" text="pre-conceived">
        <cmp x="842" y="2478" width="45" height="53" />
        <cmp x="892" y="2475" width="27" height="36" />
        <cmp x="919" y="2474" width="46" height="36" />
        <cmp x="986" y="2480" width="21" height="6" />
        <cmp x="1046" y="2474" width="51" height="38" />
        <cmp x="1102" y="2477" width="92" height="35" />
        <cmp x="1202" y="2477" width="47" height="31" />
        <cmp x="1258" y="2474" width="54" height="37" />
        <cmp x="1313" y="2476" width="7" height="30" />
        <cmp x="1316" y="2457" width="4" height="6" />
        <cmp x="1330" y="2476" width="31" height="37" />
        <cmp x="1374" y="2472" width="52" height="34" />
        <cmp x="1429" y="2461" width="51" height="46" />
      </word>
      <word id="d06-000-09-02" tag="NNS" text="notions">
        <cmp x="1557" y="2473" width="52" height="34" />
        <cmp x="1615" y="2473" width="44" height="35" />
        <cmp x="1660" y="2458" width="43" height="46" />
        <cmp x="1696" y="2455" width="5" height="5" />
        <cmp x="1709" y="2476" width="41" height="34" />
        <cmp x="1751" y="2475" width="51" height="38" />
        <cmp x="1803" y="2474" width="41" height="42" />
      </word>
      <word id="d06-000-09-03" tag="*-" text="-">
        <cmp x="1889" y="2477" width="28" height="7" />
      </word>
      <word id="d06-000-09-04" tag="CC" text="or">
        <cmp x="1957" y="2472" width="43" height="35" />
        <cmp x="2003" y="2473" width="27" height="39" />
      </word>
      <word id="d06-000-09-05" tag="TO" text="to">
        <cmp x="2073" y="2458" width="75" height="59" />
      </word>
      <upper-contour>
        <point x="373" y="2360" />
        <point x="1958" y="2360" />
      </upper-contour>
    </line>
  </handwritten-part>
</form>

