<?xml version="1.0" encoding="ISO-8859-1"?>

<!DOCTYPE form SYSTEM 'http://www.iam.unibe.ch/~fki/iamdb/form-metadata.dtd'>

<form created="2002-01-17" height="3542" id="e01-018" last-modified="2002-07-17" skew="127" status="final" version="3.0_beta" width="2479" writer-id="210">
  <machine-printed-part>
    <machine-print-line text="We read, with sympathy, an advertisement in the reign of Charles 2 stating: &apos;Lost:" />
    <machine-print-line text="a lawn 1handkercher with a broad hem laced round with fine Point lace about four" />
    <machine-print-line text="fingers broad&apos; and among the effects left by Nell Gwyn is an unpaid bill for &apos;scarlet" />
    <machine-print-line text="satin shoes with silver lace&apos;. The records of these tender trifles are very touching but" />
    <machine-print-line text="then lace does place upon everything a delicate sentiment." />
  </machine-printed-part>
  <handwritten-part>
    <line ass="436" asx="0" asy="720" character-width="999" dss="436" dsx="0" dsy="845" fd0="13151" fd1="3022" fd2="-1235" filter-width="3" id="e01-018-00" lbs="514" lbx="0" lby="794" segmentation="err" slant="90000" stroke-width="4609" threshold="192" text="We read, with sympathy, an advertisement in the" ubs="279" ubx="0" uby="752">
      <word id="e01-018-00-00" sentence-start="yes" tag="PP1AS" text="We">
        <cmp x="355" y="727" width="43" height="62" />
        <cmp x="403" y="743" width="31" height="46" />
      </word>
      <word id="e01-018-00-01" tag="VB" text="read">
        <cmp x="478" y="754" width="50" height="43" />
        <cmp x="533" y="754" width="34" height="38" />
        <cmp x="575" y="724" width="34" height="66" />
      </word>
      <word id="e01-018-00-02" tag="," text=",">
        <cmp x="616" y="781" width="10" height="24" />
      </word>
      <word id="e01-018-00-03" tag="IN" text="with">
        <cmp x="673" y="756" width="44" height="41" />
        <cmp x="733" y="737" width="3" height="5" />
        <cmp x="734" y="757" width="6" height="32" />
        <cmp x="755" y="719" width="65" height="73" />
      </word>
      <word id="e01-018-00-04" tag="NN" text="sympathy">
        <cmp x="866" y="741" width="26" height="40" />
        <cmp x="907" y="745" width="31" height="94" />
        <cmp x="946" y="748" width="13" height="38" />
        <cmp x="960" y="750" width="35" height="32" />
        <cmp x="1007" y="732" width="36" height="91" />
        <cmp x="1052" y="714" width="71" height="65" />
        <cmp x="1128" y="712" width="51" height="59" />
        <cmp x="1163" y="753" width="28" height="80" />
      </word>
      <word id="e01-018-00-05" tag="," text=",">
        <cmp x="1211" y="765" width="9" height="31" />
      </word>
      <word id="e01-018-00-06" tag="AT" text="an">
        <cmp x="1246" y="750" width="48" height="42" />
        <cmp x="1299" y="753" width="33" height="42" />
      </word>
      <word id="e01-018-00-07" tag="NN" text="advertisement">
        <cmp x="1373" y="747" width="39" height="44" />
        <cmp x="1418" y="718" width="42" height="68" />
        <cmp x="1462" y="740" width="28" height="44" />
        <cmp x="1488" y="721" width="116" height="65" />
        <cmp x="1592" y="717" width="5" height="4" />
        <cmp x="1612" y="742" width="29" height="45" />
        <cmp x="1638" y="744" width="40" height="41" />
        <cmp x="1689" y="716" width="165" height="63" />
        <cmp x="1769" y="750" width="3" height="5" />
      </word>
      <word id="e01-018-00-08" tag="IN" text="in">
        <cmp x="1915" y="741" width="6" height="36" />
        <cmp x="1930" y="747" width="32" height="38" />
      </word>
      <word id="e01-018-00-09" tag="ATI" text="the">
        <cmp x="2014" y="721" width="25" height="63" />
        <cmp x="2049" y="715" width="65" height="67" />
      </word>
      <lower-contour>
        <point x="353" y="839" />
        <point x="2114" y="839" />
      </lower-contour>
    </line>
    <line ass="-253" asx="0" asy="888" character-width="999" dss="-253" dsx="0" dsy="1005" fd0="13184" fd1="2913" fd2="-1060" filter-width="3" id="e01-018-01" lbs="-198" lbx="0" lby="954" segmentation="ok" slant="90000" stroke-width="4712" threshold="191" text="reign of Charles 2 stating: &apos;Lost: a lawn 1hand-" ubs="-362" ubx="0" uby="912">
      <word id="e01-018-01-00" tag="NN" text="reign">
        <cmp x="352" y="914" width="63" height="51" />
        <cmp x="412" y="905" width="3" height="5" />
        <cmp x="415" y="916" width="39" height="91" />
        <cmp x="463" y="922" width="31" height="37" />
      </word>
      <word id="e01-018-01-01" tag="INO" text="of">
        <cmp x="548" y="920" width="29" height="41" />
        <cmp x="586" y="898" width="21" height="69" />
      </word>
      <word id="e01-018-01-02" tag="NP" text="Charles">
        <cmp x="665" y="896" width="75" height="64" />
        <cmp x="743" y="920" width="43" height="42" />
        <cmp x="787" y="896" width="69" height="62" />
        <cmp x="848" y="930" width="3" height="6" />
        <cmp x="863" y="915" width="28" height="47" />
      </word>
      <word id="e01-018-01-03" tag="CD" text="2">
        <cmp x="930" y="906" width="54" height="61" />
      </word>
      <word id="e01-018-01-04" tag="VBG" text="stating">
        <cmp x="1036" y="919" width="40" height="54" />
        <cmp x="1072" y="918" width="5" height="3" />
        <cmp x="1083" y="900" width="24" height="67" />
        <cmp x="1101" y="896" width="92" height="72" />
        <cmp x="1186" y="897" width="4" height="6" />
        <cmp x="1208" y="926" width="16" height="35" />
        <cmp x="1225" y="923" width="24" height="39" />
        <cmp x="1247" y="922" width="36" height="89" />
      </word>
      <word id="e01-018-01-05" tag=":" text=":">
        <cmp x="1304" y="922" width="4" height="5" />
        <cmp x="1307" y="946" width="4" height="7" />
      </word>
      <word id="e01-018-01-06" sentence-start="yes" tag="*&apos;" text="&apos;">
        <cmp x="1353" y="900" width="7" height="16" />
      </word>
      <word id="e01-018-01-07" tag="VBN" text="Lost">
        <cmp x="1371" y="896" width="100" height="70" />
        <cmp x="1477" y="896" width="17" height="67" />
      </word>
      <word id="e01-018-01-08" tag=":" text=":">
        <cmp x="1512" y="926" width="8" height="5" />
        <cmp x="1513" y="966" width="12" height="8" />
      </word>
      <word id="e01-018-01-09" tag="AT" text="a">
        <cmp x="1553" y="931" width="39" height="44" />
      </word>
      <word id="e01-018-01-10" tag="NN" text="lawn">
        <cmp x="1642" y="898" width="9" height="69" />
        <cmp x="1662" y="921" width="95" height="43" />
        <cmp x="1765" y="926" width="34" height="37" />
      </word>
      <word id="e01-018-01-11" tag="NN-" text="1hand-">
        <cmp x="1882" y="904" width="32" height="59" />
        <cmp x="1931" y="902" width="44" height="65" />
        <cmp x="1979" y="926" width="80" height="38" />
        <cmp x="2067" y="902" width="45" height="70" />
        <cmp x="2124" y="934" width="13" height="5" />
      </word>
      <upper-contour>
        <point x="353" y="839" />
        <point x="2114" y="839" />
      </upper-contour>
      <lower-contour>
        <point x="350" y="1011" />
        <point x="2003" y="1011" />
      </lower-contour>
    </line>
    <line ass="-217" asx="0" asy="1071" character-width="999" dss="-217" dsx="0" dsy="1148" fd0="13076" fd1="2910" fd2="-916" filter-width="3" id="e01-018-02" lbs="-195" lbx="0" lby="1143" segmentation="ok" slant="90000" stroke-width="4715" threshold="191" text="kercher with a broad hem laced round with" ubs="-262" ubx="0" uby="1102">
      <word id="e01-018-02-00" tag="-NN" text="kercher">
        <cmp x="351" y="1088" width="9" height="58" />
        <cmp x="361" y="1102" width="78" height="43" />
        <cmp x="445" y="1102" width="35" height="47" />
        <cmp x="479" y="1082" width="93" height="66" />
      </word>
      <word id="e01-018-02-01" tag="IN" text="with">
        <cmp x="636" y="1105" width="49" height="44" />
        <cmp x="695" y="1081" width="6" height="4" />
        <cmp x="701" y="1108" width="8" height="34" />
        <cmp x="727" y="1080" width="71" height="68" />
      </word>
      <word id="e01-018-02-02" tag="AT" text="a">
        <cmp x="853" y="1109" width="47" height="43" />
      </word>
      <word id="e01-018-02-03" tag="JJ" text="broad">
        <cmp x="950" y="1081" width="33" height="68" />
        <cmp x="990" y="1109" width="17" height="39" />
        <cmp x="1013" y="1113" width="27" height="30" />
        <cmp x="1050" y="1081" width="74" height="71" />
      </word>
      <word id="e01-018-02-04" tag="NN" text="hem">
        <cmp x="1182" y="1094" width="130" height="58" />
      </word>
      <word id="e01-018-02-05" tag="VBN" text="laced">
        <cmp x="1387" y="1090" width="14" height="62" />
        <cmp x="1406" y="1111" width="40" height="43" />
        <cmp x="1456" y="1112" width="18" height="41" />
        <cmp x="1479" y="1108" width="29" height="38" />
        <cmp x="1512" y="1084" width="33" height="64" />
      </word>
      <word id="e01-018-02-06" tag="RP" text="round">
        <cmp x="1614" y="1107" width="23" height="43" />
        <cmp x="1636" y="1112" width="35" height="35" />
        <cmp x="1678" y="1093" width="113" height="59" />
        <cmp x="1789" y="1102" width="3" height="15" />
      </word>
      <word id="e01-018-02-07" tag="IN" text="with">
        <cmp x="1843" y="1114" width="50" height="38" />
        <cmp x="1903" y="1117" width="6" height="31" />
        <cmp x="1905" y="1088" width="6" height="7" />
        <cmp x="1929" y="1085" width="26" height="65" />
        <cmp x="1956" y="1114" width="3" height="3" />
        <cmp x="1967" y="1080" width="35" height="70" />
      </word>
      <upper-contour>
        <point x="350" y="1011" />
        <point x="2003" y="1011" />
      </upper-contour>
      <lower-contour>
        <point x="349" y="1154" />
        <point x="2003" y="1154" />
      </lower-contour>
    </line>
    <line ass="0" asx="0" asy="1246" character-width="999" dss="0" dsx="0" dsy="1369" fd0="13476" fd1="2965" fd2="-1072" filter-width="3" id="e01-018-03" lbs="10" lbx="0" lby="1320" segmentation="ok" slant="90000" stroke-width="4581" threshold="192" text="fine Point lace about four fingers broad&apos; and" ubs="-18" ubx="0" uby="1286">
      <word id="e01-018-03-00" tag="JJ" text="fine">
        <cmp x="345" y="1249" width="24" height="70" />
        <cmp x="379" y="1282" width="5" height="4" />
        <cmp x="382" y="1259" width="4" height="4" />
        <cmp x="384" y="1276" width="8" height="36" />
        <cmp x="406" y="1277" width="63" height="36" />
      </word>
      <word id="e01-018-03-01" tag="NN" text="Point">
        <cmp x="527" y="1256" width="35" height="67" />
        <cmp x="559" y="1291" width="22" height="30" />
        <cmp x="591" y="1290" width="9" height="29" />
        <cmp x="609" y="1262" width="67" height="60" />
      </word>
      <word id="e01-018-03-02" tag="NN" text="lace">
        <cmp x="726" y="1262" width="9" height="69" />
        <cmp x="744" y="1286" width="40" height="42" />
        <cmp x="794" y="1289" width="62" height="43" />
      </word>
      <word id="e01-018-03-03" tag="RB" text="about">
        <cmp x="919" y="1263" width="90" height="68" />
        <cmp x="1015" y="1289" width="30" height="37" />
        <cmp x="1050" y="1255" width="76" height="70" />
      </word>
      <word id="e01-018-03-04" tag="CD" text="four">
        <cmp x="1174" y="1247" width="27" height="75" />
        <cmp x="1206" y="1285" width="31" height="29" />
        <cmp x="1227" y="1281" width="3" height="4" />
        <cmp x="1241" y="1283" width="20" height="30" />
        <cmp x="1262" y="1284" width="47" height="33" />
      </word>
      <word id="e01-018-03-05" tag="NNS" text="fingers">
        <cmp x="1345" y="1256" width="44" height="78" />
        <cmp x="1381" y="1262" width="5" height="3" />
        <cmp x="1404" y="1285" width="40" height="35" />
        <cmp x="1443" y="1285" width="72" height="85" />
        <cmp x="1518" y="1280" width="19" height="40" />
        <cmp x="1538" y="1276" width="40" height="42" />
      </word>
      <word id="e01-018-03-06" tag="JJ" text="broad">
        <cmp x="1630" y="1257" width="36" height="65" />
        <cmp x="1672" y="1281" width="15" height="39" />
        <cmp x="1696" y="1283" width="37" height="37" />
        <cmp x="1716" y="1283" width="4" height="3" />
        <cmp x="1736" y="1286" width="41" height="36" />
        <cmp x="1783" y="1258" width="41" height="66" />
      </word>
      <word id="e01-018-03-07" tag="**&apos;" text="&apos;">
        <cmp x="1849" y="1255" width="8" height="19" />
      </word>
      <word id="e01-018-03-08" tag="CC" text="and">
        <cmp x="1883" y="1286" width="103" height="39" />
        <cmp x="1992" y="1261" width="44" height="66" />
      </word>
      <upper-contour>
        <point x="349" y="1154" />
        <point x="2003" y="1154" />
      </upper-contour>
      <lower-contour>
        <point x="343" y="1370" />
        <point x="1980" y="1370" />
      </lower-contour>
    </line>
    <line ass="-323" asx="0" asy="1416" character-width="999" dss="-323" dsx="0" dsy="1544" fd0="13203" fd1="2988" fd2="-1159" filter-width="3" id="e01-018-04" lbs="-354" lbx="0" lby="1497" segmentation="ok" slant="90000" stroke-width="4609" threshold="191" text="among the effects left by Nell Gwyn is an" ubs="-262" ubx="0" uby="1456">
      <word id="e01-018-04-00" tag="IN" text="among">
        <cmp x="345" y="1456" width="44" height="46" />
        <cmp x="393" y="1461" width="62" height="37" />
        <cmp x="457" y="1462" width="33" height="35" />
        <cmp x="497" y="1457" width="37" height="37" />
        <cmp x="538" y="1459" width="33" height="89" />
      </word>
      <word id="e01-018-04-01" tag="ATI" text="the">
        <cmp x="624" y="1434" width="20" height="71" />
        <cmp x="656" y="1428" width="65" height="75" />
      </word>
      <word id="e01-018-04-02" tag="NNS" text="effects">
        <cmp x="783" y="1461" width="31" height="46" />
        <cmp x="817" y="1431" width="30" height="75" />
        <cmp x="844" y="1430" width="36" height="77" />
        <cmp x="868" y="1458" width="26" height="45" />
        <cmp x="898" y="1431" width="54" height="71" />
        <cmp x="963" y="1461" width="30" height="43" />
        <cmp x="977" y="1461" width="17" height="9" />
      </word>
      <word id="e01-018-04-03" tag="VBN" text="left">
        <cmp x="1081" y="1440" width="42" height="72" />
        <cmp x="1119" y="1424" width="42" height="82" />
        <cmp x="1163" y="1424" width="23" height="80" />
      </word>
      <word id="e01-018-04-04" tag="IN" text="by">
        <cmp x="1241" y="1437" width="35" height="73" />
        <cmp x="1289" y="1473" width="30" height="68" />
      </word>
      <word id="e01-018-04-05" tag="NP" text="Nell">
        <cmp x="1371" y="1432" width="36" height="71" />
        <cmp x="1411" y="1434" width="65" height="69" />
      </word>
      <word id="e01-018-04-06" tag="NP" text="Gwyn">
        <cmp x="1518" y="1437" width="49" height="68" />
        <cmp x="1574" y="1466" width="48" height="39" />
        <cmp x="1633" y="1469" width="24" height="67" />
        <cmp x="1664" y="1464" width="46" height="45" />
      </word>
      <word id="e01-018-04-07" tag="BEZ" text="is">
        <cmp x="1757" y="1469" width="6" height="35" />
        <cmp x="1769" y="1443" width="3" height="9" />
        <cmp x="1778" y="1459" width="30" height="54" />
      </word>
      <word id="e01-018-04-08" tag="AT" text="an">
        <cmp x="1891" y="1470" width="46" height="31" />
        <cmp x="1938" y="1468" width="41" height="31" />
      </word>
      <upper-contour>
        <point x="343" y="1370" />
        <point x="1980" y="1370" />
      </upper-contour>
      <lower-contour>
        <point x="345" y="1547" />
        <point x="1878" y="1547" />
      </lower-contour>
    </line>
    <line ass="306" asx="0" asy="1608" character-width="999" dss="306" dsx="0" dsy="1720" fd0="13455" fd1="3153" fd2="-931" filter-width="3" id="e01-018-05" lbs="477" lbx="0" lby="1688" segmentation="ok" slant="90000" stroke-width="4653" threshold="187" text="unpaid bill for &apos;scarlet satin shoes with" ubs="-35" ubx="0" uby="1643">
      <word id="e01-018-05-00" tag="JJ" text="unpaid">
        <cmp x="347" y="1645" width="71" height="40" />
        <cmp x="424" y="1642" width="41" height="76" />
        <cmp x="468" y="1645" width="45" height="37" />
        <cmp x="515" y="1642" width="11" height="35" />
        <cmp x="522" y="1627" width="4" height="6" />
        <cmp x="533" y="1613" width="34" height="64" />
      </word>
      <word id="e01-018-05-01" tag="NN" text="bill">
        <cmp x="632" y="1615" width="31" height="68" />
        <cmp x="668" y="1654" width="9" height="29" />
        <cmp x="670" y="1627" width="4" height="4" />
        <cmp x="689" y="1621" width="28" height="58" />
      </word>
      <word id="e01-018-05-02" tag="IN" text="for">
        <cmp x="771" y="1618" width="20" height="69" />
        <cmp x="788" y="1618" width="18" height="19" />
        <cmp x="799" y="1655" width="29" height="26" />
        <cmp x="838" y="1639" width="21" height="42" />
      </word>
      <word id="e01-018-05-03" tag="*&apos;" text="&apos;">
        <cmp x="897" y="1612" width="7" height="26" />
      </word>
      <word id="e01-018-05-04" tag="JJ" text="scarlet">
        <cmp x="928" y="1640" width="32" height="45" />
        <cmp x="952" y="1645" width="5" height="7" />
        <cmp x="966" y="1644" width="24" height="38" />
        <cmp x="997" y="1644" width="46" height="38" />
        <cmp x="1044" y="1613" width="106" height="70" />
      </word>
      <word id="e01-018-05-05" tag="NN" text="satin">
        <cmp x="1210" y="1641" width="32" height="45" />
        <cmp x="1245" y="1621" width="92" height="62" />
        <cmp x="1351" y="1648" width="39" height="29" />
      </word>
      <word id="e01-018-05-06" tag="NNS" text="shoes">
        <cmp x="1452" y="1640" width="28" height="48" />
        <cmp x="1496" y="1623" width="38" height="61" />
        <cmp x="1539" y="1644" width="37" height="39" />
        <cmp x="1578" y="1636" width="31" height="43" />
        <cmp x="1616" y="1637" width="35" height="41" />
      </word>
      <word id="e01-018-05-07" tag="IN" text="with">
        <cmp x="1702" y="1642" width="51" height="38" />
        <cmp x="1750" y="1647" width="6" height="20" />
        <cmp x="1772" y="1649" width="8" height="26" />
        <cmp x="1773" y="1622" width="6" height="7" />
        <cmp x="1799" y="1618" width="27" height="62" />
        <cmp x="1827" y="1643" width="5" height="5" />
        <cmp x="1839" y="1600" width="38" height="72" />
      </word>
      <upper-contour>
        <point x="345" y="1547" />
        <point x="1878" y="1547" />
      </upper-contour>
      <lower-contour>
        <point x="354" y="1717" />
        <point x="1878" y="1717" />
      </lower-contour>
    </line>
    <line ass="1" asx="0" asy="1779" character-width="999" dss="1" dsx="0" dsy="1873" fd0="13357" fd1="3104" fd2="-945" filter-width="3" id="e01-018-06" lbs="5" lbx="0" lby="1855" segmentation="ok" slant="90000" stroke-width="4557" threshold="190" text="silver lace&apos;. The records of these tender trifles" ubs="-7" ubx="0" uby="1820">
      <word id="e01-018-06-00" tag="JJ" text="silver">
        <cmp x="356" y="1810" width="34" height="56" />
        <cmp x="395" y="1821" width="8" height="40" />
        <cmp x="421" y="1788" width="8" height="68" />
        <cmp x="442" y="1814" width="23" height="45" />
        <cmp x="462" y="1812" width="3" height="7" />
        <cmp x="475" y="1812" width="55" height="48" />
      </word>
      <word id="e01-018-06-01" tag="NN" text="lace">
        <cmp x="571" y="1795" width="13" height="62" />
        <cmp x="590" y="1814" width="29" height="37" />
        <cmp x="635" y="1812" width="61" height="46" />
      </word>
      <word id="e01-018-06-02" tag="**&apos;" text="&apos;">
        <cmp x="711" y="1780" width="5" height="18" />
      </word>
      <word id="e01-018-06-03" tag="." text=".">
        <cmp x="735" y="1855" width="6" height="6" />
      </word>
      <word id="e01-018-06-04" sentence-start="yes" tag="ATI" text="The">
        <cmp x="790" y="1785" width="56" height="20" />
        <cmp x="819" y="1801" width="8" height="54" />
        <cmp x="846" y="1801" width="68" height="53" />
      </word>
      <word id="e01-018-06-05" tag="NNS" text="records">
        <cmp x="968" y="1821" width="55" height="40" />
        <cmp x="1028" y="1816" width="28" height="46" />
        <cmp x="1062" y="1825" width="34" height="35" />
        <cmp x="1107" y="1824" width="8" height="38" />
        <cmp x="1116" y="1823" width="13" height="6" />
        <cmp x="1124" y="1791" width="43" height="71" />
        <cmp x="1174" y="1816" width="28" height="45" />
      </word>
      <word id="e01-018-06-06" tag="INO" text="of">
        <cmp x="1269" y="1818" width="36" height="38" />
        <cmp x="1310" y="1790" width="25" height="72" />
      </word>
      <word id="e01-018-06-07" tag="DTS" text="these">
        <cmp x="1373" y="1799" width="14" height="61" />
        <cmp x="1407" y="1787" width="65" height="68" />
        <cmp x="1481" y="1816" width="54" height="44" />
      </word>
      <word id="e01-018-06-08" tag="JJ" text="tender">
        <cmp x="1598" y="1807" width="51" height="59" />
        <cmp x="1603" y="1803" width="3" height="3" />
        <cmp x="1650" y="1823" width="53" height="33" />
        <cmp x="1708" y="1799" width="98" height="62" />
      </word>
      <word id="e01-018-06-09" tag="NNS" text="trifles">
        <cmp x="1848" y="1797" width="89" height="75" />
        <cmp x="1931" y="1799" width="7" height="10" />
        <cmp x="1949" y="1793" width="25" height="80" />
        <cmp x="1975" y="1798" width="8" height="14" />
        <cmp x="1982" y="1813" width="3" height="6" />
        <cmp x="1986" y="1806" width="38" height="61" />
        <cmp x="2036" y="1820" width="35" height="45" />
      </word>
      <upper-contour>
        <point x="354" y="1717" />
        <point x="1878" y="1717" />
      </upper-contour>
      <lower-contour>
        <point x="354" y="1874" />
        <point x="1979" y="1874" />
      </lower-contour>
    </line>
    <line ass="52" asx="0" asy="1970" character-width="999" dss="52" dsx="0" dsy="2094" fd0="13467" fd1="2856" fd2="-912" filter-width="3" id="e01-018-07" lbs="-25" lbx="0" lby="2035" segmentation="ok" slant="90000" stroke-width="4664" threshold="192" text="are very touching but then lace does place" ubs="208" ubx="0" uby="2005">
      <word id="e01-018-07-00" tag="BER" text="are">
        <cmp x="350" y="2002" width="101" height="39" />
        <cmp x="364" y="2023" width="4" height="4" />
      </word>
      <word id="e01-018-07-01" tag="QL" text="very">
        <cmp x="497" y="1997" width="29" height="41" />
        <cmp x="527" y="1995" width="88" height="45" />
        <cmp x="539" y="2013" width="8" height="15" />
        <cmp x="599" y="2005" width="30" height="82" />
      </word>
      <word id="e01-018-07-02" tag="JJ" text="touching">
        <cmp x="696" y="1972" width="59" height="72" />
        <cmp x="759" y="2000" width="31" height="35" />
        <cmp x="798" y="1998" width="35" height="46" />
        <cmp x="837" y="1969" width="55" height="70" />
        <cmp x="887" y="1973" width="3" height="6" />
        <cmp x="906" y="2002" width="39" height="34" />
        <cmp x="943" y="2008" width="33" height="86" />
      </word>
      <word id="e01-018-07-03" tag="CC" text="but">
        <cmp x="1039" y="1974" width="101" height="61" />
      </word>
      <word id="e01-018-07-04" tag="RN" text="then">
        <cmp x="1202" y="1969" width="98" height="69" />
        <cmp x="1307" y="2000" width="36" height="32" />
      </word>
      <word id="e01-018-07-05" tag="NN" text="lace">
        <cmp x="1406" y="1977" width="17" height="65" />
        <cmp x="1427" y="2000" width="41" height="38" />
        <cmp x="1477" y="1997" width="58" height="40" />
      </word>
      <word id="e01-018-07-06" tag="DOZ" text="does">
        <cmp x="1583" y="1975" width="56" height="72" />
        <cmp x="1641" y="2001" width="28" height="39" />
        <cmp x="1671" y="1996" width="31" height="42" />
        <cmp x="1712" y="1998" width="28" height="37" />
      </word>
      <word id="e01-018-07-07" tag="VB" text="place">
        <cmp x="1795" y="2003" width="39" height="72" />
        <cmp x="1842" y="1974" width="12" height="65" />
        <cmp x="1860" y="1999" width="48" height="39" />
        <cmp x="1925" y="1993" width="54" height="40" />
      </word>
      <upper-contour>
        <point x="354" y="1874" />
        <point x="1979" y="1874" />
      </upper-contour>
      <lower-contour>
        <point x="351" y="2094" />
        <point x="1792" y="2094" />
      </lower-contour>
    </line>
    <line ass="464" asx="0" asy="2158" character-width="999" dss="464" dsx="0" dsy="2270" fd0="13172" fd1="2571" fd2="-1206" filter-width="3" id="e01-018-08" lbs="596" lbx="0" lby="2225" segmentation="ok" slant="89000" stroke-width="4727" threshold="189" text="upon everything a delicate sentiment." ubs="201" ubx="0" uby="2180">
      <word id="e01-018-08-00" tag="IN" text="upon">
        <cmp x="353" y="2170" width="43" height="44" />
        <cmp x="396" y="2172" width="47" height="75" />
        <cmp x="444" y="2177" width="35" height="32" />
        <cmp x="484" y="2179" width="32" height="29" />
      </word>
      <word id="e01-018-08-01" tag="PN" text="everything">
        <cmp x="582" y="2172" width="68" height="49" />
        <cmp x="651" y="2174" width="88" height="41" />
        <cmp x="718" y="2180" width="38" height="86" />
        <cmp x="775" y="2153" width="93" height="72" />
        <cmp x="865" y="2162" width="6" height="8" />
        <cmp x="879" y="2182" width="66" height="77" />
      </word>
      <word id="e01-018-08-02" tag="AT" text="a">
        <cmp x="1003" y="2185" width="45" height="35" />
      </word>
      <word id="e01-018-08-03" tag="JJ" text="delicate">
        <cmp x="1109" y="2155" width="111" height="63" />
        <cmp x="1221" y="2155" width="6" height="7" />
        <cmp x="1234" y="2173" width="18" height="42" />
        <cmp x="1252" y="2174" width="4" height="4" />
        <cmp x="1259" y="2154" width="102" height="62" />
      </word>
      <word id="e01-018-08-04" tag="NN" text="sentiment">
        <cmp x="1408" y="2150" width="166" height="78" />
        <cmp x="1566" y="2152" width="3" height="5" />
        <cmp x="1583" y="2145" width="181" height="62" />
        <cmp x="1728" y="2190" width="4" height="4" />
      </word>
      <word id="e01-018-08-05" tag="." text=".">
        <cmp x="1787" y="2211" width="5" height="6" />
      </word>
      <upper-contour>
        <point x="351" y="2094" />
        <point x="1792" y="2094" />
      </upper-contour>
    </line>
  </handwritten-part>
</form>

