<?xml version="1.0" encoding="ISO-8859-1"?>

<!DOCTYPE form SYSTEM 'http://www.iam.unibe.ch/~fki/iamdb/form-metadata.dtd'>

<form created="2002-01-17" height="3542" id="e02-021" last-modified="2002-07-17" skew="-95" status="final" version="3.0_beta" width="2479" writer-id="221">
  <machine-printed-part>
    <machine-print-line text="Incidentally, it is better to complete any mortising that may be needed at the top" />
    <machine-print-line text="before the tapering is begun. Some plain tapered legs have the taper on the two inner" />
    <machine-print-line text="faces only, the outer surfaces being vertical as at (B), Fig. 1. To make a leg such as" />
    <machine-print-line text="that at (D), Fig. 1, the square is first marked out as at (A), Fig. 3." />
  </machine-printed-part>
  <handwritten-part>
    <line ass="-245" asx="0" asy="660" character-width="999" dss="-245" dsx="0" dsy="895" fd0="15551" fd1="3214" fd2="448" filter-width="3" id="e02-021-00" lbs="-356" lbx="0" lby="752" segmentation="ok" slant="55000" stroke-width="5072" threshold="193" text="Incidentally, it is better to" ubs="-23" ubx="0" uby="732">
      <word id="e02-021-00-00" sentence-start="yes" tag="RB" text="Incidentally">
        <cmp x="377" y="737" width="25" height="25" />
        <cmp x="406" y="748" width="4" height="4" />
        <cmp x="408" y="701" width="18" height="7" />
        <cmp x="421" y="732" width="3" height="3" />
        <cmp x="428" y="719" width="5" height="9" />
        <cmp x="435" y="712" width="4" height="6" />
        <cmp x="439" y="704" width="13" height="10" />
        <cmp x="444" y="730" width="59" height="38" />
        <cmp x="514" y="737" width="98" height="42" />
        <cmp x="630" y="741" width="46" height="40" />
        <cmp x="647" y="694" width="7" height="8" />
        <cmp x="662" y="771" width="3" height="3" />
        <cmp x="681" y="715" width="192" height="80" />
        <cmp x="728" y="705" width="12" height="16" />
        <cmp x="896" y="688" width="81" height="98" />
        <cmp x="965" y="678" width="215" height="98" />
        <cmp x="1125" y="741" width="108" height="160" />
      </word>
      <word id="e02-021-00-01" tag="," text=",">
        <cmp x="1250" y="778" width="23" height="31" />
      </word>
      <word id="e02-021-00-02" tag="PP3" text="it">
        <cmp x="1339" y="749" width="27" height="26" />
        <cmp x="1366" y="703" width="7" height="9" />
        <cmp x="1385" y="688" width="71" height="97" />
      </word>
      <word id="e02-021-00-03" tag="BEZ" text="is">
        <cmp x="1481" y="736" width="88" height="46" />
        <cmp x="1543" y="684" width="6" height="8" />
      </word>
      <word id="e02-021-00-04" tag="JJR" text="better">
        <cmp x="1640" y="668" width="95" height="106" />
        <cmp x="1737" y="673" width="143" height="120" />
      </word>
      <word id="e02-021-00-05" tag="TO" text="to">
        <cmp x="1928" y="677" width="76" height="108" />
        <cmp x="1997" y="738" width="42" height="36" />
      </word>
      <lower-contour>
        <point x="375" y="807" />
        <point x="1125" y="901" />
        <point x="1374" y="793" />
        <point x="2040" y="793" />
      </lower-contour>
    </line>
    <line ass="-407" asx="0" asy="843" character-width="999" dss="-407" dsx="0" dsy="1083" fd0="15087" fd1="2733" fd2="-39" filter-width="3" id="e02-021-01" lbs="-329" lbx="0" lby="943" segmentation="err" slant="59000" stroke-width="5208" threshold="193" text="complete any mortising that may be" ubs="-561" ubx="0" uby="912">
      <word id="e02-021-01-00" tag="VB" text="complete">
        <cmp x="358" y="883" width="77" height="59" />
        <cmp x="439" y="902" width="72" height="47" />
        <cmp x="479" y="909" width="90" height="121" />
        <cmp x="564" y="869" width="103" height="89" />
        <cmp x="685" y="876" width="93" height="89" />
        <cmp x="751" y="870" width="5" height="5" />
      </word>
      <word id="e02-021-01-01" tag="DTI" text="any">
        <cmp x="855" y="917" width="144" height="49" />
        <cmp x="1033" y="931" width="44" height="49" />
      </word>
      <word id="e02-021-01-02" tag="NN" text="mortising">
        <cmp x="1139" y="918" width="95" height="62" />
        <cmp x="1236" y="929" width="44" height="43" />
        <cmp x="1275" y="927" width="38" height="45" />
        <cmp x="1329" y="873" width="73" height="91" />
        <cmp x="1420" y="928" width="61" height="47" />
        <cmp x="1445" y="882" width="6" height="10" />
        <cmp x="1485" y="933" width="99" height="40" />
        <cmp x="1570" y="872" width="7" height="10" />
        <cmp x="1583" y="938" width="74" height="134" />
      </word>
      <word id="e02-021-01-03" tag="WP" text="that">
        <cmp x="1709" y="879" width="65" height="92" />
        <cmp x="1730" y="876" width="64" height="99" />
        <cmp x="1799" y="930" width="35" height="36" />
        <cmp x="1856" y="887" width="54" height="83" />
        <cmp x="1909" y="880" width="7" height="11" />
      </word>
      <word id="e02-021-01-04" tag="MD" text="may">
        <cmp x="1929" y="932" width="68" height="40" />
        <cmp x="2007" y="934" width="58" height="37" />
        <cmp x="2043" y="1021" width="45" height="78" />
        <cmp x="2088" y="1016" width="4" height="3" />
        <cmp x="2091" y="925" width="60" height="105" />
      </word>
      <word id="e02-021-01-05" tag="BE" text="be">
        <cmp x="2200" y="859" width="92" height="107" />
      </word>
      <upper-contour>
        <point x="375" y="807" />
        <point x="1125" y="901" />
        <point x="1374" y="793" />
        <point x="2040" y="793" />
      </upper-contour>
      <lower-contour>
        <point x="356" y="1031" />
        <point x="1007" y="979" />
        <point x="1583" y="1072" />
        <point x="1691" y="975" />
        <point x="2043" y="1098" />
        <point x="2075" y="1057" />
        <point x="2088" y="1026" />
        <point x="2090" y="1032" />
        <point x="2091" y="1023" />
        <point x="2093" y="1029" />
        <point x="2293" y="1029" />
      </lower-contour>
    </line>
    <line ass="598" asx="0" asy="991" character-width="999" dss="598" dsx="0" dsy="1264" fd0="14990" fd1="3241" fd2="-162" filter-width="3" id="e02-021-02" lbs="723" lbx="0" lby="1160" segmentation="err" slant="56000" stroke-width="5374" threshold="194" text="needed at the top before the tapering is" ubs="348" ubx="0" uby="1122">
      <word id="e02-021-02-00" tag="VBN" text="needed">
        <cmp x="331" y="1095" width="140" height="75" />
        <cmp x="474" y="1085" width="111" height="72" />
        <cmp x="607" y="1087" width="99" height="71" />
      </word>
      <word id="e02-021-02-01" tag="IN" text="at">
        <cmp x="747" y="1120" width="48" height="35" />
        <cmp x="829" y="1072" width="65" height="87" />
      </word>
      <word id="e02-021-02-02" tag="ATI" text="the">
        <cmp x="906" y="982" width="159" height="181" />
      </word>
      <word id="e02-021-02-03" tag="NN" text="top">
        <cmp x="1076" y="1069" width="76" height="93" />
        <cmp x="1129" y="1117" width="41" height="34" />
        <cmp x="1146" y="1118" width="97" height="96" />
      </word>
      <word id="e02-021-02-04" tag="CS" text="before">
        <cmp x="1310" y="1051" width="95" height="105" />
        <cmp x="1378" y="1057" width="108" height="154" />
        <cmp x="1459" y="1110" width="119" height="45" />
      </word>
      <word id="e02-021-02-05" tag="ATI" text="the">
        <cmp x="1631" y="1059" width="118" height="106" />
        <cmp x="1702" y="1053" width="5" height="6" />
      </word>
      <word id="e02-021-02-06" tag="NN" text="tapering">
        <cmp x="1790" y="1059" width="62" height="88" />
        <cmp x="1830" y="1109" width="50" height="41" />
        <cmp x="1851" y="1116" width="82" height="99" />
        <cmp x="1946" y="1118" width="55" height="32" />
        <cmp x="2026" y="1126" width="97" height="23" />
        <cmp x="2075" y="1081" width="12" height="14" />
        <cmp x="2088" y="1023" width="6" height="15" />
        <cmp x="2121" y="1134" width="72" height="109" />
        <cmp x="2151" y="1105" width="34" height="30" />
      </word>
      <word id="e02-021-02-07" tag="BEZ" text="is">
        <cmp x="2231" y="1122" width="25" height="29" />
        <cmp x="2252" y="1116" width="12" height="6" />
        <cmp x="2279" y="1119" width="44" height="48" />
        <cmp x="2286" y="1054" width="6" height="11" />
      </word>
      <upper-contour>
        <point x="356" y="1031" />
        <point x="1007" y="979" />
        <point x="1583" y="1072" />
        <point x="1691" y="975" />
        <point x="2043" y="1098" />
        <point x="2075" y="1057" />
        <point x="2088" y="1026" />
        <point x="2090" y="1032" />
        <point x="2091" y="1023" />
        <point x="2093" y="1029" />
        <point x="2293" y="1029" />
      </upper-contour>
      <lower-contour>
        <point x="329" y="1214" />
        <point x="2121" y="1242" />
        <point x="2128" y="1228" />
        <point x="2130" y="1236" />
        <point x="2257" y="1236" />
      </lower-contour>
    </line>
    <line ass="472" asx="0" asy="1219" character-width="999" dss="472" dsx="0" dsy="1432" fd0="14546" fd1="2627" fd2="-601" filter-width="3" id="e02-021-03" lbs="634" lbx="0" lby="1360" segmentation="err" slant="58000" stroke-width="5433" threshold="196" text="begun. Some plain tapered legs have" ubs="148" ubx="0" uby="1312">
      <word id="e02-021-03-00" tag="VBN" text="begun">
        <cmp x="311" y="1217" width="94" height="107" />
        <cmp x="335" y="1401" width="10" height="13" />
        <cmp x="373" y="1404" width="16" height="10" />
        <cmp x="385" y="1280" width="76" height="127" />
        <cmp x="485" y="1292" width="123" height="59" />
        <cmp x="522" y="1406" width="7" height="8" />
      </word>
      <word id="e02-021-03-01" tag="." text=".">
        <cmp x="677" y="1339" width="7" height="10" />
      </word>
      <word id="e02-021-03-02" sentence-start="yes" tag="DTI" text="Some">
        <cmp x="716" y="1241" width="80" height="90" />
        <cmp x="772" y="1299" width="40" height="31" />
        <cmp x="833" y="1302" width="123" height="41" />
      </word>
      <word id="e02-021-03-03" tag="JJ" text="plain">
        <cmp x="948" y="1256" width="180" height="166" />
        <cmp x="1086" y="1314" width="199" height="43" />
        <cmp x="1233" y="1228" width="17" height="18" />
      </word>
      <word id="e02-021-03-04" tag="JJ" text="tapered">
        <cmp x="1342" y="1255" width="67" height="95" />
        <cmp x="1403" y="1298" width="48" height="43" />
        <cmp x="1408" y="1246" width="6" height="7" />
        <cmp x="1425" y="1293" width="75" height="120" />
        <cmp x="1525" y="1296" width="128" height="45" />
        <cmp x="1672" y="1305" width="37" height="33" />
        <cmp x="1694" y="1258" width="83" height="81" />
      </word>
      <word id="e02-021-03-05" tag="NNS" text="legs">
        <cmp x="1805" y="1248" width="82" height="93" />
        <cmp x="1868" y="1295" width="71" height="123" />
        <cmp x="1970" y="1291" width="40" height="53" />
      </word>
      <word id="e02-021-03-06" tag="HV" text="have">
        <cmp x="2022" y="1218" width="96" height="116" />
        <cmp x="2089" y="1289" width="45" height="43" />
        <cmp x="2128" y="1228" width="3" height="12" />
        <cmp x="2159" y="1279" width="98" height="58" />
      </word>
      <upper-contour>
        <point x="329" y="1214" />
        <point x="2121" y="1242" />
        <point x="2128" y="1228" />
        <point x="2130" y="1236" />
        <point x="2257" y="1236" />
      </upper-contour>
      <lower-contour>
        <point x="309" y="1413" />
        <point x="948" y="1422" />
        <point x="1045" y="1413" />
        <point x="1868" y="1417" />
        <point x="2257" y="1417" />
      </lower-contour>
    </line>
    <line ass="-1160" asx="0" asy="1384" character-width="999" dss="-1160" dsx="0" dsy="1578" fd0="14991" fd1="3510" fd2="301" filter-width="3" id="e02-021-04" lbs="-1200" lbx="0" lby="1478" segmentation="err" slant="56000" stroke-width="5315" threshold="191" text="the taper on the two inner faces only," ubs="-1080" ubx="0" uby="1450">
      <word id="e02-021-04-00" tag="ATI" text="the">
        <cmp x="283" y="1415" width="138" height="81" />
        <cmp x="371" y="1431" width="5" height="5" />
        <cmp x="380" y="1415" width="8" height="12" />
      </word>
      <word id="e02-021-04-01" tag="NN" text="taper">
        <cmp x="467" y="1415" width="59" height="83" />
        <cmp x="517" y="1455" width="43" height="44" />
        <cmp x="549" y="1459" width="82" height="98" />
        <cmp x="639" y="1484" width="5" height="4" />
        <cmp x="645" y="1460" width="79" height="49" />
      </word>
      <word id="e02-021-04-02" tag="IN" text="on">
        <cmp x="789" y="1469" width="50" height="41" />
        <cmp x="851" y="1479" width="68" height="42" />
      </word>
      <word id="e02-021-04-03" tag="ATI" text="the">
        <cmp x="974" y="1416" width="79" height="108" />
        <cmp x="1028" y="1429" width="101" height="88" />
      </word>
      <word id="e02-021-04-04" tag="CD" text="two">
        <cmp x="1203" y="1421" width="120" height="97" />
        <cmp x="1337" y="1477" width="36" height="38" />
      </word>
      <word id="e02-021-04-05" tag="JJB" text="inner">
        <cmp x="1443" y="1468" width="35" height="42" />
        <cmp x="1483" y="1480" width="204" height="42" />
        <cmp x="1491" y="1415" width="26" height="18" />
      </word>
      <word id="e02-021-04-06" tag="NNS" text="faces">
        <cmp x="1719" y="1433" width="117" height="155" />
        <cmp x="1751" y="1495" width="6" height="5" />
        <cmp x="1807" y="1474" width="51" height="35" />
        <cmp x="1874" y="1474" width="86" height="40" />
        <cmp x="1977" y="1476" width="38" height="47" />
      </word>
      <word id="e02-021-04-07" tag="RB" text="only">
        <cmp x="2074" y="1470" width="52" height="36" />
        <cmp x="2141" y="1433" width="180" height="191" />
      </word>
      <word id="e02-021-04-08" tag="," text=",">
        <cmp x="2323" y="1513" width="37" height="44" />
      </word>
      <upper-contour>
        <point x="309" y="1413" />
        <point x="948" y="1422" />
        <point x="1045" y="1413" />
        <point x="1868" y="1417" />
        <point x="2257" y="1417" />
      </upper-contour>
      <lower-contour>
        <point x="299" y="1558" />
        <point x="1719" y="1588" />
        <point x="2219" y="1623" />
        <point x="2303" y="1623" />
      </lower-contour>
    </line>
    <line ass="-609" asx="0" asy="1553" character-width="999" dss="-609" dsx="0" dsy="1730" fd0="14651" fd1="3064" fd2="238" filter-width="3" id="e02-021-05" lbs="-706" lbx="0" lby="1657" segmentation="ok" slant="54000" stroke-width="5195" threshold="191" text="the outer surfaces being vertical as" ubs="-417" ubx="0" uby="1636">
      <word id="e02-021-05-00" tag="ATI" text="the">
        <cmp x="301" y="1567" width="59" height="89" />
        <cmp x="331" y="1567" width="89" height="98" />
      </word>
      <word id="e02-021-05-01" tag="JJB" text="outer">
        <cmp x="481" y="1630" width="40" height="37" />
        <cmp x="535" y="1631" width="43" height="38" />
        <cmp x="618" y="1569" width="78" height="92" />
        <cmp x="709" y="1625" width="35" height="51" />
      </word>
      <word id="e02-021-05-02" tag="NNS" text="surfaces">
        <cmp x="810" y="1626" width="54" height="52" />
        <cmp x="816" y="1654" width="4" height="4" />
        <cmp x="861" y="1640" width="93" height="44" />
        <cmp x="955" y="1585" width="115" height="157" />
        <cmp x="1043" y="1646" width="51" height="37" />
        <cmp x="1128" y="1653" width="98" height="43" />
        <cmp x="1243" y="1647" width="37" height="52" />
      </word>
      <word id="e02-021-05-03" tag="BEG" text="being">
        <cmp x="1338" y="1576" width="115" height="107" />
        <cmp x="1393" y="1637" width="123" height="40" />
        <cmp x="1517" y="1654" width="55" height="30" />
        <cmp x="1532" y="1570" width="7" height="9" />
        <cmp x="1589" y="1652" width="46" height="96" />
      </word>
      <word id="e02-021-05-04" tag="JJ" text="vertical">
        <cmp x="1712" y="1638" width="40" height="40" />
        <cmp x="1748" y="1637" width="87" height="45" />
        <cmp x="1858" y="1591" width="72" height="89" />
        <cmp x="1956" y="1594" width="6" height="14" />
        <cmp x="1967" y="1641" width="44" height="36" />
        <cmp x="2020" y="1644" width="43" height="33" />
        <cmp x="2044" y="1600" width="126" height="85" />
      </word>
      <word id="e02-021-05-05" tag="CS" text="as">
        <cmp x="2193" y="1645" width="44" height="35" />
        <cmp x="2273" y="1640" width="30" height="47" />
      </word>
      <upper-contour>
        <point x="299" y="1558" />
        <point x="1719" y="1588" />
        <point x="2219" y="1623" />
        <point x="2303" y="1623" />
      </upper-contour>
      <lower-contour>
        <point x="324" y="1684" />
        <point x="955" y="1748" />
        <point x="1624" y="1716" />
        <point x="2303" y="1716" />
      </lower-contour>
    </line>
    <line ass="-1030" asx="0" asy="1715" character-width="999" dss="-1030" dsx="0" dsy="1926" fd0="14451" fd1="3199" fd2="686" filter-width="3" id="e02-021-06" lbs="-900" lbx="0" lby="1821" segmentation="ok" slant="59000" stroke-width="5299" threshold="194" text="at (B), Fig. 1. To make a leg such as" ubs="-1290" ubx="0" uby="1782">
      <word id="e02-021-06-00" tag="IN" text="at">
        <cmp x="326" y="1786" width="47" height="54" />
        <cmp x="403" y="1743" width="54" height="93" />
      </word>
      <word id="e02-021-06-01" tag="(" text="(">
        <cmp x="508" y="1729" width="92" height="130" />
        <cmp x="588" y="1736" width="9" height="14" />
      </word>
      <word id="e02-021-06-02" tag="ZZ" text="B">
        <cmp x="591" y="1760" width="82" height="92" />
      </word>
      <word id="e02-021-06-03" tag=")" text=")">
        <cmp x="636" y="1729" width="95" height="209" />
      </word>
      <word id="e02-021-06-04" tag="," text=",">
        <cmp x="711" y="1838" width="47" height="57" />
      </word>
      <word id="e02-021-06-05" tag="NN" text="Fig.">
        <cmp x="813" y="1736" width="94" height="111" />
        <cmp x="872" y="1805" width="24" height="30" />
        <cmp x="902" y="1816" width="54" height="99" />
        <cmp x="919" y="1757" width="9" height="11" />
        <cmp x="929" y="1803" width="27" height="16" />
      </word>
      <word id="e02-021-06-06" tag="CD1" text="1">
        <cmp x="1026" y="1775" width="94" height="68" />
      </word>
      <word id="e02-021-06-07" tag="." text=".">
        <cmp x="1153" y="1839" width="10" height="8" />
      </word>
      <word id="e02-021-06-08" sentence-start="yes" tag="TO" text="To">
        <cmp x="1235" y="1753" width="91" height="121" />
        <cmp x="1295" y="1774" width="12" height="12" />
        <cmp x="1295" y="1815" width="46" height="44" />
      </word>
      <word id="e02-021-06-09" tag="VB" text="make">
        <cmp x="1389" y="1824" width="92" height="40" />
        <cmp x="1501" y="1829" width="57" height="39" />
        <cmp x="1572" y="1766" width="113" height="96" />
      </word>
      <word id="e02-021-06-10" tag="AT" text="a">
        <cmp x="1741" y="1819" width="70" height="44" />
        <cmp x="1806" y="1857" width="4" height="8" />
      </word>
      <word id="e02-021-06-11" tag="NN" text="leg">
        <cmp x="1881" y="1750" width="100" height="99" />
        <cmp x="1959" y="1814" width="88" height="149" />
      </word>
      <word id="e02-021-06-12" tag="IN21" text="such">
        <cmp x="2109" y="1798" width="63" height="60" />
        <cmp x="2162" y="1822" width="49" height="40" />
        <cmp x="2229" y="1787" width="114" height="83" />
      </word>
      <word id="e02-021-06-13" tag="IN22" text="as">
        <cmp x="2363" y="1835" width="44" height="40" />
        <cmp x="2421" y="1834" width="36" height="42" />
      </word>
      <upper-contour>
        <point x="324" y="1684" />
        <point x="955" y="1748" />
        <point x="1624" y="1716" />
        <point x="2303" y="1716" />
      </upper-contour>
      <lower-contour>
        <point x="332" y="1860" />
        <point x="636" y="1939" />
        <point x="1070" y="1874" />
        <point x="1959" y="1962" />
        <point x="2025" y="1872" />
        <point x="2356" y="1872" />
      </lower-contour>
    </line>
    <line ass="-127" asx="0" asy="1923" character-width="999" dss="-127" dsx="0" dsy="2121" fd0="14959" fd1="3101" fd2="577" filter-width="3" id="e02-021-07" lbs="-148" lbx="0" lby="2028" segmentation="err" slant="58000" stroke-width="5289" threshold="194" text="that at (D), Fig. 1, the square is first" ubs="-85" ubx="0" uby="2000">
      <word id="e02-021-07-00" tag="DT" text="that">
        <cmp x="334" y="1959" width="95" height="85" />
        <cmp x="381" y="1964" width="7" height="4" />
        <cmp x="404" y="1999" width="7" height="6" />
        <cmp x="412" y="1985" width="9" height="11" />
      </word>
      <word id="e02-021-07-01" tag="IN" text="at">
        <cmp x="435" y="2009" width="42" height="37" />
        <cmp x="509" y="1965" width="52" height="83" />
      </word>
      <word id="e02-021-07-02" tag="(" text="(">
        <cmp x="592" y="2002" width="52" height="48" />
        <cmp x="631" y="1936" width="5" height="4" />
      </word>
      <word id="e02-021-07-03" tag="ZZ" text="D">
        <cmp x="667" y="1962" width="56" height="93" />
      </word>
      <word id="e02-021-07-04" tag=")" text=")">
        <cmp x="707" y="1957" width="53" height="111" />
        <cmp x="764" y="1944" width="100" height="157" />
        <cmp x="783" y="1980" width="50" height="76" />
        <cmp x="857" y="1942" width="62" height="140" />
      </word>
      <word id="e02-021-07-05" tag="," text=",">
        <cmp x="911" y="2043" width="33" height="40" />
      </word>
      <word id="e02-021-07-06" tag="NN" text="Fig.">
        <cmp x="1010" y="1938" width="98" height="109" />
        <cmp x="1090" y="2002" width="26" height="33" />
        <cmp x="1117" y="2003" width="63" height="117" />
        <cmp x="1148" y="1947" width="6" height="9" />
        <cmp x="1226" y="2031" width="7" height="8" />
      </word>
      <word id="e02-021-07-07" tag="CD1" text="1">
        <cmp x="1295" y="1993" width="72" height="62" />
      </word>
      <word id="e02-021-07-08" tag="," text=",">
        <cmp x="1386" y="2024" width="9" height="7" />
      </word>
      <word id="e02-021-07-09" tag="ATI" text="the">
        <cmp x="1425" y="1930" width="125" height="107" />
        <cmp x="1507" y="1928" width="5" height="5" />
        <cmp x="1515" y="1955" width="9" height="10" />
      </word>
      <word id="e02-021-07-10" tag="NN" text="square">
        <cmp x="1584" y="1972" width="69" height="69" />
        <cmp x="1617" y="1993" width="81" height="133" />
        <cmp x="1704" y="1999" width="28" height="42" />
        <cmp x="1734" y="2001" width="27" height="41" />
        <cmp x="1771" y="2005" width="49" height="31" />
        <cmp x="1798" y="2002" width="129" height="44" />
      </word>
      <word id="e02-021-07-11" tag="BEZ" text="is">
        <cmp x="1985" y="1999" width="23" height="37" />
        <cmp x="2023" y="1997" width="37" height="44" />
        <cmp x="2025" y="1956" width="9" height="12" />
      </word>
      <word id="e02-021-07-12" tag="RB" text="first">
        <cmp x="2078" y="1947" width="120" height="147" />
        <cmp x="2171" y="2009" width="53" height="35" />
        <cmp x="2238" y="1936" width="12" height="18" />
        <cmp x="2246" y="2006" width="34" height="43" />
        <cmp x="2304" y="1966" width="52" height="83" />
      </word>
      <upper-contour>
        <point x="332" y="1860" />
        <point x="636" y="1939" />
        <point x="1070" y="1874" />
        <point x="1959" y="1962" />
        <point x="2025" y="1872" />
        <point x="2356" y="1872" />
      </upper-contour>
      <lower-contour>
        <point x="380" y="2100" />
        <point x="772" y="2125" />
        <point x="1618" y="2126" />
        <point x="1659" y="2093" />
        <point x="2250" y="2093" />
      </lower-contour>
    </line>
    <line ass="415" asx="0" asy="2105" character-width="999" dss="415" dsx="0" dsy="2295" fd0="14825" fd1="3151" fd2="628" filter-width="3" id="e02-021-08" lbs="554" lbx="0" lby="2227" segmentation="err" slant="56000" stroke-width="5390" threshold="190" text="marked out as at (A), Fig. 3." ubs="137" ubx="0" uby="2191">
      <word id="e02-021-08-00" tag="VBN" text="marked">
        <cmp x="382" y="2171" width="59" height="59" />
        <cmp x="462" y="2185" width="92" height="40" />
        <cmp x="586" y="2123" width="90" height="94" />
        <cmp x="635" y="2102" width="42" height="45" />
        <cmp x="712" y="2128" width="82" height="87" />
      </word>
      <word id="e02-021-08-01" tag="RP" text="out">
        <cmp x="838" y="2185" width="49" height="43" />
        <cmp x="906" y="2194" width="53" height="36" />
        <cmp x="980" y="2145" width="58" height="89" />
      </word>
      <word id="e02-021-08-02" tag="CS" text="as">
        <cmp x="1078" y="2181" width="66" height="36" />
        <cmp x="1162" y="2173" width="50" height="55" />
      </word>
      <word id="e02-021-08-03" tag="IN" text="at">
        <cmp x="1262" y="2173" width="68" height="48" />
      </word>
      <word id="e02-021-08-04" tag="(" text="(">
        <cmp x="1357" y="2126" width="71" height="99" />
      </word>
      <word id="e02-021-08-05" tag="ZZ" text="A">
        <cmp x="1470" y="2136" width="75" height="115" />
      </word>
      <word id="e02-021-08-06" tag=")" text=")">
        <cmp x="1544" y="2146" width="83" height="87" />
        <cmp x="1574" y="2184" width="36" height="8" />
        <cmp x="1606" y="2115" width="75" height="137" />
      </word>
      <word id="e02-021-08-07" tag="," text=",">
        <cmp x="1693" y="2214" width="27" height="38" />
        <cmp x="1713" y="2203" width="6" height="7" />
      </word>
      <word id="e02-021-08-08" tag="NN" text="Fig.">
        <cmp x="1818" y="2127" width="84" height="93" />
        <cmp x="1885" y="2180" width="25" height="31" />
        <cmp x="1901" y="2180" width="61" height="103" />
        <cmp x="1946" y="2111" width="10" height="11" />
        <cmp x="2005" y="2215" width="15" height="12" />
      </word>
      <word id="e02-021-08-09" tag="CD" text="3">
        <cmp x="2076" y="2137" width="56" height="72" />
      </word>
      <word id="e02-021-08-10" tag="." text=".">
        <cmp x="2239" y="2202" width="10" height="20" />
      </word>
      <upper-contour>
        <point x="380" y="2100" />
        <point x="772" y="2125" />
        <point x="1618" y="2126" />
        <point x="1659" y="2093" />
        <point x="2250" y="2093" />
      </upper-contour>
    </line>
  </handwritten-part>
</form>

