<?xml version="1.0" encoding="ISO-8859-1"?>

<!DOCTYPE form SYSTEM 'http://www.iam.unibe.ch/~fki/iamdb/form-metadata.dtd'>

<form created="2002-01-17" height="3542" id="e04-068" last-modified="2002-07-17" skew="0" status="final" version="3.0_beta" width="2479" writer-id="237">
  <machine-printed-part>
    <machine-print-line text="I have also included a sketch of paddles I make for rowing this dinghy (Fig. 3). They" />
    <machine-print-line text="are very simple, cheap and easy to make. As will be seen from the plan there is only" />
    <machine-print-line text="a single gunwale on the outside. I find that the type of rowlock we use in Canada is" />
    <machine-print-line text="difficult to obtain here and expensive. I overcome this in another way as shown in" />
    <machine-print-line text="Fig. 4." />
  </machine-printed-part>
  <handwritten-part>
    <line ass="115" asx="0" asy="775" character-width="999" dss="115" dsx="0" dsy="851" fd0="13537" fd1="2882" fd2="-1038" filter-width="3" id="e04-068-00" lbs="172" lbx="0" lby="830" segmentation="ok" slant="111000" stroke-width="5147" threshold="171" text="I have also included a sketch of paddles I make for" ubs="0" ubx="0" uby="797">
      <word id="e04-068-00-00" sentence-start="yes" tag="PP1A" text="I">
        <cmp x="344" y="780" width="29" height="38" />
      </word>
      <word id="e04-068-00-01" tag="HV" text="have">
        <cmp x="405" y="783" width="81" height="48" />
        <cmp x="492" y="799" width="33" height="33" />
        <cmp x="526" y="823" width="4" height="4" />
      </word>
      <word id="e04-068-00-02" tag="RB" text="also">
        <cmp x="567" y="803" width="38" height="30" />
        <cmp x="595" y="787" width="18" height="32" />
        <cmp x="620" y="792" width="35" height="34" />
        <cmp x="656" y="801" width="38" height="26" />
      </word>
      <word id="e04-068-00-03" tag="VBN" text="included">
        <cmp x="719" y="781" width="6" height="10" />
        <cmp x="726" y="804" width="11" height="26" />
        <cmp x="753" y="803" width="47" height="32" />
        <cmp x="798" y="795" width="30" height="37" />
        <cmp x="835" y="791" width="18" height="37" />
        <cmp x="863" y="803" width="44" height="29" />
        <cmp x="917" y="787" width="33" height="42" />
        <cmp x="949" y="796" width="32" height="29" />
        <cmp x="983" y="779" width="33" height="47" />
      </word>
      <word id="e04-068-00-04" tag="AT" text="a">
        <cmp x="1047" y="802" width="51" height="30" />
      </word>
      <word id="e04-068-00-05" tag="NN" text="sketch">
        <cmp x="1116" y="790" width="40" height="38" />
        <cmp x="1162" y="796" width="34" height="37" />
        <cmp x="1198" y="795" width="36" height="28" />
        <cmp x="1237" y="787" width="31" height="45" />
        <cmp x="1269" y="789" width="42" height="36" />
      </word>
      <word id="e04-068-00-06" tag="INO" text="of">
        <cmp x="1340" y="788" width="76" height="46" />
      </word>
      <word id="e04-068-00-07" tag="NNS" text="paddles">
        <cmp x="1433" y="791" width="95" height="59" />
        <cmp x="1525" y="780" width="39" height="47" />
        <cmp x="1566" y="780" width="39" height="45" />
        <cmp x="1609" y="773" width="27" height="55" />
        <cmp x="1634" y="793" width="44" height="31" />
        <cmp x="1678" y="790" width="34" height="37" />
      </word>
      <word id="e04-068-00-08" tag="PP1A" text="I">
        <cmp x="1746" y="773" width="38" height="10" />
        <cmp x="1753" y="782" width="40" height="38" />
      </word>
      <word id="e04-068-00-09" tag="VB" text="make">
        <cmp x="1825" y="794" width="101" height="34" />
        <cmp x="1923" y="792" width="72" height="37" />
      </word>
      <word id="e04-068-00-10" tag="IN" text="for">
        <cmp x="2024" y="773" width="38" height="54" />
        <cmp x="2054" y="773" width="7" height="4" />
        <cmp x="2057" y="796" width="33" height="24" />
        <cmp x="2100" y="790" width="40" height="34" />
      </word>
      <lower-contour>
        <point x="342" y="850" />
        <point x="2148" y="850" />
      </lower-contour>
    </line>
    <line ass="-68" asx="0" asy="931" character-width="999" dss="-68" dsx="0" dsy="1047" fd0="13769" fd1="2823" fd2="-1681" filter-width="3" id="e04-068-01" lbs="14" lbx="0" lby="1013" segmentation="err" slant="108999" stroke-width="5455" threshold="168" text="rowing this dinghy (Fig. 3). They are very simple, cheap" ubs="-233" ubx="0" uby="977">
      <word id="e04-068-01-00" tag="VBG" text="rowing">
        <cmp x="333" y="969" width="33" height="44" />
        <cmp x="366" y="979" width="32" height="30" />
        <cmp x="405" y="981" width="49" height="28" />
        <cmp x="454" y="952" width="7" height="14" />
        <cmp x="462" y="982" width="6" height="25" />
        <cmp x="482" y="980" width="34" height="28" />
        <cmp x="519" y="977" width="33" height="62" />
        <cmp x="541" y="1012" width="3" height="4" />
      </word>
      <word id="e04-068-01-01" tag="DT" text="this">
        <cmp x="573" y="972" width="39" height="36" />
        <cmp x="611" y="968" width="46" height="41" />
        <cmp x="651" y="946" width="10" height="20" />
        <cmp x="665" y="981" width="10" height="26" />
        <cmp x="679" y="973" width="33" height="34" />
      </word>
      <word id="e04-068-01-02" tag="NN" text="dinghy">
        <cmp x="742" y="958" width="40" height="44" />
        <cmp x="775" y="950" width="7" height="15" />
        <cmp x="785" y="982" width="13" height="24" />
        <cmp x="810" y="982" width="47" height="33" />
        <cmp x="855" y="982" width="39" height="63" />
        <cmp x="889" y="964" width="52" height="48" />
        <cmp x="936" y="982" width="41" height="66" />
        <cmp x="956" y="1026" width="4" height="4" />
      </word>
      <word id="e04-068-01-03" tag="(" text="(">
        <cmp x="997" y="934" width="34" height="74" />
      </word>
      <word id="e04-068-01-04" tag="NN" text="Fig.">
        <cmp x="1036" y="941" width="45" height="61" />
        <cmp x="1050" y="967" width="19" height="6" />
        <cmp x="1080" y="952" width="7" height="14" />
        <cmp x="1081" y="979" width="8" height="20" />
        <cmp x="1093" y="968" width="38" height="81" />
        <cmp x="1135" y="995" width="7" height="14" />
      </word>
      <word id="e04-068-01-05" tag="CD" text="3">
        <cmp x="1157" y="958" width="33" height="47" />
        <cmp x="1186" y="951" width="38" height="67" />
      </word>
      <word id="e04-068-01-06" tag=")" text=")">
        <cmp x="1241" y="1000" width="17" height="11" />
      </word>
      <word id="e04-068-01-07" tag="." text=".">
        <cmp x="1256" y="955" width="45" height="48" />
      </word>
      <word id="e04-068-01-08" sentence-start="yes" tag="PP3AS" text="They">
        <cmp x="1305" y="959" width="43" height="49" />
        <cmp x="1352" y="974" width="29" height="29" />
        <cmp x="1383" y="977" width="38" height="66" />
      </word>
      <word id="e04-068-01-09" tag="BER" text="are">
        <cmp x="1444" y="976" width="41" height="30" />
        <cmp x="1474" y="976" width="32" height="31" />
        <cmp x="1513" y="971" width="36" height="38" />
        <cmp x="1548" y="1000" width="3" height="3" />
      </word>
      <word id="e04-068-01-10" tag="QL" text="very">
        <cmp x="1571" y="981" width="25" height="28" />
        <cmp x="1602" y="976" width="36" height="32" />
        <cmp x="1643" y="977" width="33" height="33" />
        <cmp x="1663" y="978" width="50" height="71" />
      </word>
      <word id="e04-068-01-11" tag="JJ" text="simple">
        <cmp x="1747" y="967" width="39" height="36" />
        <cmp x="1780" y="947" width="8" height="16" />
        <cmp x="1789" y="979" width="13" height="28" />
        <cmp x="1811" y="977" width="62" height="34" />
        <cmp x="1873" y="973" width="37" height="47" />
        <cmp x="1910" y="966" width="19" height="44" />
        <cmp x="1936" y="973" width="39" height="36" />
        <cmp x="1970" y="1003" width="4" height="4" />
        <cmp x="1981" y="994" width="19" height="37" />
      </word>
      <word id="e04-068-01-12" tag="," text=",">
        <cmp x="2019" y="954" width="33" height="58" />
      </word>
      <word id="e04-068-01-13" tag="JJ" text="cheap">
        <cmp x="2049" y="959" width="40" height="50" />
        <cmp x="2093" y="970" width="38" height="35" />
        <cmp x="2133" y="969" width="33" height="40" />
        <cmp x="2168" y="977" width="37" height="43" />
        <cmp x="2200" y="1010" width="7" height="6" />
      </word>
      <upper-contour>
        <point x="342" y="850" />
        <point x="2148" y="850" />
      </upper-contour>
      <lower-contour>
        <point x="334" y="1049" />
        <point x="2087" y="1049" />
      </lower-contour>
    </line>
    <line ass="63" asx="0" asy="1122" character-width="999" dss="63" dsx="0" dsy="1216" fd0="13625" fd1="3144" fd2="-952" filter-width="3" id="e04-068-02" lbs="67" lbx="0" lby="1187" segmentation="ok" slant="108999" stroke-width="5409" threshold="168" text="and easy to make. As will be seen from the plan" ubs="54" ubx="0" uby="1159">
      <word id="e04-068-02-00" tag="CC" text="and">
        <cmp x="336" y="1150" width="38" height="34" />
        <cmp x="374" y="1155" width="46" height="30" />
        <cmp x="420" y="1132" width="33" height="48" />
      </word>
      <word id="e04-068-02-01" tag="JJ" text="easy">
        <cmp x="495" y="1152" width="37" height="40" />
        <cmp x="533" y="1151" width="78" height="40" />
        <cmp x="599" y="1154" width="3" height="3" />
        <cmp x="606" y="1158" width="50" height="59" />
      </word>
      <word id="e04-068-02-02" tag="TO" text="to">
        <cmp x="691" y="1148" width="72" height="42" />
      </word>
      <word id="e04-068-02-03" tag="VB" text="make">
        <cmp x="790" y="1155" width="68" height="35" />
        <cmp x="854" y="1159" width="39" height="28" />
        <cmp x="889" y="1154" width="41" height="35" />
        <cmp x="931" y="1155" width="38" height="34" />
      </word>
      <word id="e04-068-02-04" tag="." text=".">
        <cmp x="979" y="1180" width="6" height="9" />
      </word>
      <word id="e04-068-02-05" sentence-start="yes" tag="CS" text="As">
        <cmp x="1020" y="1141" width="33" height="60" />
        <cmp x="1054" y="1145" width="35" height="34" />
      </word>
      <word id="e04-068-02-06" tag="MD" text="will">
        <cmp x="1126" y="1158" width="47" height="28" />
        <cmp x="1171" y="1122" width="7" height="21" />
        <cmp x="1178" y="1161" width="10" height="24" />
        <cmp x="1200" y="1150" width="16" height="41" />
        <cmp x="1221" y="1145" width="14" height="40" />
        <cmp x="1238" y="1183" width="5" height="5" />
      </word>
      <word id="e04-068-02-07" tag="BE" text="be">
        <cmp x="1271" y="1143" width="51" height="46" />
        <cmp x="1323" y="1147" width="40" height="31" />
      </word>
      <word id="e04-068-02-08" tag="VBN" text="seen">
        <cmp x="1387" y="1143" width="33" height="35" />
        <cmp x="1436" y="1149" width="37" height="34" />
        <cmp x="1479" y="1151" width="36" height="34" />
        <cmp x="1517" y="1156" width="37" height="30" />
        <cmp x="1552" y="1188" width="4" height="3" />
      </word>
      <word id="e04-068-02-09" tag="IN" text="from">
        <cmp x="1571" y="1135" width="46" height="54" />
        <cmp x="1617" y="1155" width="30" height="29" />
        <cmp x="1650" y="1158" width="31" height="25" />
        <cmp x="1687" y="1153" width="58" height="35" />
        <cmp x="1751" y="1183" width="4" height="4" />
      </word>
      <word id="e04-068-02-10" tag="ATI" text="the">
        <cmp x="1785" y="1150" width="54" height="39" />
        <cmp x="1825" y="1144" width="53" height="38" />
        <cmp x="1882" y="1146" width="33" height="34" />
      </word>
      <word id="e04-068-02-11" tag="NN" text="plan">
        <cmp x="1936" y="1150" width="35" height="49" />
        <cmp x="1974" y="1140" width="20" height="45" />
        <cmp x="1991" y="1154" width="44" height="29" />
        <cmp x="2027" y="1153" width="52" height="30" />
        <cmp x="2082" y="1184" width="5" height="5" />
      </word>
      <upper-contour>
        <point x="334" y="1049" />
        <point x="2087" y="1049" />
      </upper-contour>
      <lower-contour>
        <point x="340" y="1217" />
        <point x="2087" y="1217" />
      </lower-contour>
    </line>
    <line ass="42" asx="0" asy="1302" character-width="999" dss="42" dsx="0" dsy="1403" fd0="13518" fd1="2916" fd2="-1171" filter-width="3" id="e04-068-03" lbs="157" lbx="0" lby="1370" segmentation="ok" slant="108000" stroke-width="5513" threshold="168" text="there is only a single gunwale on the outside." ubs="-188" ubx="0" uby="1329">
      <word id="e04-068-03-00" tag="EX" text="there">
        <cmp x="342" y="1318" width="31" height="47" />
        <cmp x="374" y="1315" width="47" height="52" />
        <cmp x="425" y="1332" width="39" height="33" />
        <cmp x="472" y="1329" width="30" height="39" />
        <cmp x="512" y="1330" width="34" height="36" />
        <cmp x="539" y="1361" width="8" height="4" />
        <cmp x="548" y="1363" width="4" height="3" />
      </word>
      <word id="e04-068-03-01" tag="BEZ" text="is">
        <cmp x="582" y="1307" width="5" height="23" />
        <cmp x="593" y="1338" width="13" height="39" />
        <cmp x="615" y="1333" width="29" height="33" />
      </word>
      <word id="e04-068-03-02" tag="RB" text="only">
        <cmp x="670" y="1336" width="32" height="30" />
        <cmp x="709" y="1340" width="44" height="27" />
        <cmp x="748" y="1317" width="18" height="45" />
        <cmp x="773" y="1337" width="41" height="66" />
        <cmp x="796" y="1385" width="5" height="6" />
      </word>
      <word id="e04-068-03-03" tag="AT" text="a">
        <cmp x="848" y="1332" width="50" height="30" />
      </word>
      <word id="e04-068-03-04" tag="JJ" text="single">
        <cmp x="923" y="1323" width="35" height="43" />
        <cmp x="960" y="1303" width="9" height="13" />
        <cmp x="968" y="1338" width="9" height="23" />
        <cmp x="1002" y="1334" width="38" height="34" />
        <cmp x="1037" y="1334" width="38" height="61" />
        <cmp x="1080" y="1315" width="11" height="43" />
        <cmp x="1102" y="1327" width="37" height="34" />
      </word>
      <word id="e04-068-03-05" tag="NN" text="gunwale">
        <cmp x="1165" y="1322" width="46" height="73" />
        <cmp x="1228" y="1329" width="49" height="37" />
        <cmp x="1282" y="1330" width="50" height="39" />
        <cmp x="1330" y="1334" width="49" height="32" />
        <cmp x="1384" y="1313" width="72" height="52" />
        <cmp x="1460" y="1331" width="43" height="36" />
      </word>
      <word id="e04-068-03-06" tag="IN" text="on">
        <cmp x="1529" y="1337" width="39" height="27" />
        <cmp x="1572" y="1340" width="54" height="27" />
        <cmp x="1626" y="1359" width="6" height="6" />
      </word>
      <word id="e04-068-03-07" tag="ATI" text="the">
        <cmp x="1643" y="1326" width="38" height="46" />
        <cmp x="1680" y="1316" width="49" height="47" />
        <cmp x="1737" y="1327" width="43" height="38" />
      </word>
      <word id="e04-068-03-08" tag="NN" text="outside">
        <cmp x="1801" y="1328" width="40" height="31" />
        <cmp x="1854" y="1332" width="49" height="32" />
        <cmp x="1895" y="1328" width="40" height="41" />
        <cmp x="1932" y="1325" width="40" height="39" />
        <cmp x="1982" y="1304" width="6" height="15" />
        <cmp x="1982" y="1337" width="8" height="25" />
        <cmp x="2005" y="1318" width="39" height="47" />
        <cmp x="2048" y="1320" width="39" height="42" />
      </word>
      <word id="e04-068-03-09" tag="." text=".">
        <cmp x="2112" y="1355" width="13" height="7" />
      </word>
      <upper-contour>
        <point x="340" y="1217" />
        <point x="2087" y="1217" />
      </upper-contour>
      <lower-contour>
        <point x="347" y="1403" />
        <point x="2126" y="1403" />
      </lower-contour>
    </line>
    <line ass="-215" asx="0" asy="1459" character-width="999" dss="-215" dsx="0" dsy="1577" fd0="13168" fd1="3112" fd2="-790" filter-width="3" id="e04-068-04" lbs="-221" lbx="0" lby="1542" segmentation="ok" slant="90000" stroke-width="5677" threshold="167" text="I find that the type of rowlock we use in Canada" ubs="-205" ubx="0" uby="1509">
      <word id="e04-068-04-00" sentence-start="yes" tag="PP1A" text="I">
        <cmp x="349" y="1472" width="47" height="69" />
        <cmp x="368" y="1462" width="37" height="11" />
      </word>
      <word id="e04-068-04-01" tag="VB" text="find">
        <cmp x="449" y="1490" width="49" height="53" />
        <cmp x="484" y="1520" width="10" height="26" />
        <cmp x="495" y="1504" width="6" height="8" />
        <cmp x="514" y="1518" width="39" height="30" />
        <cmp x="558" y="1494" width="41" height="49" />
      </word>
      <word id="e04-068-04-02" tag="CS" text="that">
        <cmp x="645" y="1502" width="35" height="46" />
        <cmp x="690" y="1503" width="130" height="40" />
      </word>
      <word id="e04-068-04-03" tag="ATI" text="the">
        <cmp x="844" y="1500" width="44" height="50" />
        <cmp x="905" y="1500" width="35" height="44" />
        <cmp x="947" y="1507" width="44" height="38" />
      </word>
      <word id="e04-068-04-04" tag="NN" text="type">
        <cmp x="1012" y="1495" width="45" height="56" />
        <cmp x="1055" y="1515" width="40" height="66" />
        <cmp x="1103" y="1508" width="43" height="53" />
        <cmp x="1149" y="1501" width="42" height="38" />
      </word>
      <word id="e04-068-04-05" tag="INO" text="of">
        <cmp x="1232" y="1502" width="76" height="44" />
      </word>
      <word id="e04-068-04-06" tag="NN" text="rowlock">
        <cmp x="1343" y="1512" width="69" height="37" />
        <cmp x="1419" y="1519" width="55" height="27" />
        <cmp x="1481" y="1504" width="9" height="46" />
        <cmp x="1505" y="1520" width="30" height="28" />
        <cmp x="1550" y="1505" width="29" height="41" />
        <cmp x="1589" y="1501" width="40" height="47" />
        <cmp x="1621" y="1546" width="5" height="4" />
      </word>
      <word id="e04-068-04-07" tag="PP1AS" text="we">
        <cmp x="1659" y="1518" width="52" height="29" />
        <cmp x="1715" y="1507" width="41" height="44" />
      </word>
      <word id="e04-068-04-08" tag="VB" text="use">
        <cmp x="1788" y="1511" width="32" height="34" />
        <cmp x="1826" y="1510" width="31" height="38" />
        <cmp x="1864" y="1506" width="41" height="41" />
      </word>
      <word id="e04-068-04-09" tag="IN" text="in">
        <cmp x="1925" y="1478" width="10" height="15" />
        <cmp x="1939" y="1508" width="11" height="35" />
        <cmp x="1961" y="1509" width="41" height="39" />
        <cmp x="2002" y="1540" width="6" height="5" />
      </word>
      <word id="e04-068-04-10" tag="NP" text="Canada">
        <cmp x="2033" y="1492" width="66" height="54" />
        <cmp x="2102" y="1501" width="156" height="61" />
        <cmp x="2262" y="1557" width="5" height="6" />
      </word>
      <upper-contour>
        <point x="347" y="1403" />
        <point x="2126" y="1403" />
      </upper-contour>
      <lower-contour>
        <point x="347" y="1581" />
        <point x="2267" y="1581" />
      </lower-contour>
    </line>
    <line ass="285" asx="0" asy="1652" character-width="999" dss="285" dsx="0" dsy="1751" fd0="13847" fd1="2893" fd2="-1200" filter-width="3" id="e04-068-05" lbs="364" lbx="0" lby="1729" segmentation="err" slant="116000" stroke-width="5699" threshold="166" text="is difficult to obtain here and expensive. I overcome" ubs="128" ubx="0" uby="1698">
      <word id="e04-068-05-00" tag="BEZ" text="is">
        <cmp x="344" y="1652" width="7" height="11" />
        <cmp x="352" y="1681" width="17" height="38" />
        <cmp x="371" y="1680" width="38" height="47" />
      </word>
      <word id="e04-068-05-01" tag="JJ" text="difficult">
        <cmp x="451" y="1660" width="35" height="58" />
        <cmp x="497" y="1696" width="12" height="24" />
        <cmp x="499" y="1656" width="6" height="14" />
        <cmp x="515" y="1680" width="35" height="46" />
        <cmp x="542" y="1682" width="44" height="41" />
        <cmp x="595" y="1696" width="10" height="26" />
        <cmp x="599" y="1661" width="8" height="15" />
        <cmp x="622" y="1683" width="33" height="44" />
        <cmp x="651" y="1689" width="5" height="8" />
        <cmp x="657" y="1699" width="48" height="31" />
        <cmp x="702" y="1686" width="20" height="38" />
        <cmp x="725" y="1685" width="35" height="40" />
        <cmp x="766" y="1716" width="4" height="6" />
      </word>
      <word id="e04-068-05-02" tag="TO" text="to">
        <cmp x="781" y="1684" width="51" height="46" />
        <cmp x="836" y="1695" width="33" height="31" />
      </word>
      <word id="e04-068-05-03" tag="VB" text="obtain">
        <cmp x="903" y="1699" width="30" height="28" />
        <cmp x="944" y="1682" width="158" height="45" />
        <cmp x="1064" y="1662" width="9" height="17" />
        <cmp x="1104" y="1693" width="48" height="39" />
        <cmp x="1168" y="1722" width="5" height="5" />
      </word>
      <word id="e04-068-05-04" tag="RN" text="here">
        <cmp x="1184" y="1676" width="55" height="54" />
        <cmp x="1247" y="1691" width="38" height="36" />
        <cmp x="1295" y="1692" width="37" height="33" />
        <cmp x="1340" y="1686" width="42" height="38" />
      </word>
      <word id="e04-068-05-05" tag="CC" text="and">
        <cmp x="1405" y="1693" width="45" height="31" />
        <cmp x="1448" y="1676" width="48" height="46" />
        <cmp x="1500" y="1672" width="42" height="49" />
      </word>
      <word id="e04-068-05-06" tag="JJ" text="expensive">
        <cmp x="1567" y="1683" width="36" height="38" />
        <cmp x="1610" y="1689" width="37" height="37" />
        <cmp x="1654" y="1692" width="38" height="51" />
        <cmp x="1697" y="1683" width="74" height="40" />
        <cmp x="1777" y="1655" width="10" height="25" />
        <cmp x="1779" y="1697" width="9" height="26" />
        <cmp x="1801" y="1693" width="35" height="31" />
        <cmp x="1846" y="1686" width="44" height="43" />
      </word>
      <word id="e04-068-05-07" tag="." text=".">
        <cmp x="1912" y="1712" width="12" height="12" />
      </word>
      <word id="e04-068-05-08" sentence-start="yes" tag="PP1A" text="I">
        <cmp x="1916" y="1668" width="63" height="45" />
      </word>
      <word id="e04-068-05-09" tag="VB" text="overcome">
        <cmp x="1999" y="1688" width="35" height="24" />
        <cmp x="2041" y="1690" width="26" height="28" />
        <cmp x="2075" y="1680" width="30" height="37" />
        <cmp x="2115" y="1682" width="70" height="41" />
        <cmp x="2164" y="1707" width="4" height="6" />
        <cmp x="2186" y="1687" width="29" height="31" />
        <cmp x="2192" y="1673" width="10" height="7" />
        <cmp x="2223" y="1694" width="5" height="3" />
        <cmp x="2223" y="1689" width="51" height="29" />
        <cmp x="2282" y="1684" width="43" height="39" />
      </word>
      <upper-contour>
        <point x="347" y="1581" />
        <point x="2267" y="1581" />
      </upper-contour>
      <lower-contour>
        <point x="342" y="1743" />
        <point x="1782" y="1743" />
      </lower-contour>
    </line>
    <line ass="-46" asx="0" asy="1836" character-width="999" dss="-46" dsx="0" dsy="1934" fd0="13641" fd1="3041" fd2="-1164" filter-width="4" id="e04-068-06" lbs="150" lbx="0" lby="1911" segmentation="err" slant="97000" stroke-width="6075" threshold="164" text="this in another way as shown in Fig. 4." ubs="-440" ubx="0" uby="1868">
      <word id="e04-068-06-00" tag="DT" text="this">
        <cmp x="338" y="1855" width="34" height="49" />
        <cmp x="381" y="1860" width="35" height="49" />
        <cmp x="426" y="1849" width="8" height="14" />
        <cmp x="430" y="1884" width="8" height="24" />
        <cmp x="447" y="1867" width="27" height="44" />
      </word>
      <word id="e04-068-06-01" tag="IN" text="in">
        <cmp x="510" y="1852" width="7" height="16" />
        <cmp x="519" y="1881" width="7" height="28" />
        <cmp x="541" y="1881" width="36" height="31" />
        <cmp x="582" y="1910" width="5" height="8" />
      </word>
      <word id="e04-068-06-02" tag="DT" text="another">
        <cmp x="619" y="1878" width="33" height="35" />
        <cmp x="657" y="1879" width="39" height="32" />
        <cmp x="702" y="1878" width="31" height="31" />
        <cmp x="734" y="1867" width="41" height="38" />
        <cmp x="779" y="1859" width="36" height="44" />
        <cmp x="823" y="1865" width="40" height="38" />
        <cmp x="868" y="1871" width="40" height="38" />
      </word>
      <word id="e04-068-06-03" tag="NN" text="way">
        <cmp x="933" y="1873" width="50" height="35" />
        <cmp x="985" y="1871" width="82" height="57" />
      </word>
      <word id="e04-068-06-04" tag="CS" text="as">
        <cmp x="1098" y="1863" width="84" height="41" />
      </word>
      <word id="e04-068-06-05" tag="VBN" text="shown">
        <cmp x="1212" y="1864" width="38" height="40" />
        <cmp x="1265" y="1864" width="79" height="42" />
        <cmp x="1349" y="1877" width="51" height="29" />
        <cmp x="1406" y="1877" width="33" height="34" />
      </word>
      <word id="e04-068-06-06" tag="IN" text="in">
        <cmp x="1454" y="1839" width="11" height="16" />
        <cmp x="1465" y="1871" width="13" height="31" />
        <cmp x="1488" y="1873" width="45" height="37" />
        <cmp x="1534" y="1908" width="6" height="8" />
      </word>
      <word id="e04-068-06-07" tag="NN" text="Fig.">
        <cmp x="1572" y="1839" width="34" height="69" />
        <cmp x="1611" y="1874" width="16" height="28" />
        <cmp x="1613" y="1845" width="9" height="17" />
        <cmp x="1631" y="1861" width="37" height="74" />
        <cmp x="1687" y="1889" width="8" height="13" />
      </word>
      <word id="e04-068-06-08" tag="CD" text="4">
        <cmp x="1712" y="1856" width="46" height="52" />
      </word>
      <word id="e04-068-06-09" tag="." text=".">
        <cmp x="1772" y="1891" width="8" height="14" />
      </word>
      <upper-contour>
        <point x="342" y="1743" />
        <point x="1782" y="1743" />
      </upper-contour>
    </line>
  </handwritten-part>
</form>

