<?xml version="1.0" encoding="ISO-8859-1"?>

<!DOCTYPE form SYSTEM 'http://www.iam.unibe.ch/~fki/iamdb/form-metadata.dtd'>

<form created="2002-01-17" height="3542" id="e04-114" last-modified="2002-07-17" skew="0" status="final" version="3.0_beta" width="2479" writer-id="242">
  <machine-printed-part>
    <machine-print-line text="Clean up with the plane ready for the bottom, which is cut in one piece. It should" />
    <machine-print-line text="overlap just a trifle; this can be cleaned up later. As you are screwing and gluing this" />
    <machine-print-line text="piece to the chines it is necessary to be careful not to miss the chine with the screws." />
    <machine-print-line text="I prefer spacing screws 3 in. apart for the bottom, both for screwing to the chines" />
    <machine-print-line text="and the bottom shaped transom facing." />
  </machine-printed-part>
  <handwritten-part>
    <line ass="-2156" asx="0" asy="668" character-width="999" dss="-2156" dsx="0" dsy="851" fd0="14425" fd1="2090" fd2="-1958" filter-width="3" id="e04-114-00" lbs="-2339" lbx="0" lby="780" segmentation="ok" slant="75000" stroke-width="5086" threshold="183" text="Clean up with the plane ready for the bottom," ubs="-1790" ubx="0" uby="767">
      <word id="e04-114-00-00" sentence-start="yes" tag="VB" text="Clean">
        <cmp x="368" y="743" width="209" height="85" />
        <cmp x="370" y="793" width="5" height="9" />
        <cmp x="374" y="766" width="18" height="27" />
        <cmp x="390" y="761" width="5" height="4" />
        <cmp x="394" y="755" width="5" height="4" />
        <cmp x="398" y="740" width="22" height="16" />
        <cmp x="399" y="764" width="8" height="7" />
        <cmp x="407" y="759" width="5" height="5" />
        <cmp x="443" y="778" width="4" height="3" />
        <cmp x="449" y="731" width="6" height="11" />
        <cmp x="450" y="766" width="5" height="8" />
        <cmp x="455" y="726" width="13" height="40" />
        <cmp x="475" y="790" width="5" height="5" />
        <cmp x="477" y="782" width="6" height="7" />
        <cmp x="511" y="782" width="6" height="12" />
      </word>
      <word id="e04-114-00-01" tag="RP" text="up">
        <cmp x="581" y="771" width="83" height="100" />
        <cmp x="642" y="772" width="4" height="7" />
      </word>
      <word id="e04-114-00-02" tag="IN" text="with">
        <cmp x="713" y="786" width="18" height="47" />
        <cmp x="731" y="780" width="42" height="45" />
        <cmp x="755" y="791" width="51" height="38" />
        <cmp x="807" y="751" width="39" height="59" />
        <cmp x="812" y="744" width="7" height="8" />
        <cmp x="823" y="798" width="4" height="7" />
        <cmp x="834" y="739" width="45" height="83" />
      </word>
      <word id="e04-114-00-03" tag="ATI" text="the">
        <cmp x="916" y="733" width="102" height="107" />
      </word>
      <word id="e04-114-00-04" tag="NN" text="plane">
        <cmp x="1051" y="883" width="5" height="8" />
        <cmp x="1052" y="732" width="107" height="118" />
        <cmp x="1058" y="868" width="3" height="5" />
        <cmp x="1060" y="851" width="6" height="13" />
        <cmp x="1143" y="791" width="4" height="3" />
        <cmp x="1160" y="797" width="73" height="36" />
      </word>
      <word id="e04-114-00-05" tag="JJ" text="ready">
        <cmp x="1264" y="824" width="19" height="21" />
        <cmp x="1266" y="789" width="130" height="50" />
        <cmp x="1368" y="822" width="3" height="3" />
        <cmp x="1398" y="759" width="70" height="86" />
        <cmp x="1438" y="809" width="41" height="90" />
      </word>
      <word id="e04-114-00-06" tag="IN" text="for">
        <cmp x="1518" y="870" width="3" height="9" />
        <cmp x="1520" y="743" width="59" height="122" />
        <cmp x="1531" y="876" width="9" height="25" />
        <cmp x="1537" y="866" width="5" height="8" />
        <cmp x="1567" y="805" width="58" height="35" />
      </word>
      <word id="e04-114-00-07" tag="ATI" text="the">
        <cmp x="1664" y="747" width="109" height="103" />
      </word>
      <word id="e04-114-00-08" tag="NN" text="bottom">
        <cmp x="1805" y="737" width="60" height="120" />
        <cmp x="1842" y="803" width="65" height="46" />
        <cmp x="1906" y="741" width="70" height="101" />
        <cmp x="1929" y="748" width="3" height="3" />
        <cmp x="1959" y="808" width="55" height="39" />
        <cmp x="2018" y="811" width="18" height="30" />
        <cmp x="2041" y="814" width="23" height="23" />
      </word>
      <word id="e04-114-00-09" tag="," text=",">
        <cmp x="2055" y="833" width="42" height="46" />
      </word>
      <lower-contour>
        <point x="366" y="901" />
        <point x="2098" y="901" />
      </lower-contour>
    </line>
    <line ass="-496" asx="0" asy="892" character-width="999" dss="-496" dsx="0" dsy="1092" fd0="14055" fd1="3134" fd2="-659" filter-width="3" id="e04-114-01" lbs="-559" lbx="0" lby="1005" segmentation="err" slant="73000" stroke-width="5380" threshold="177" text="which is cut in one piece. It should overlap just a" ubs="-369" ubx="0" uby="989">
      <word id="e04-114-01-00" tag="WDT" text="which">
        <cmp x="352" y="933" width="87" height="108" />
        <cmp x="392" y="1021" width="4" height="3" />
        <cmp x="445" y="958" width="79" height="71" />
        <cmp x="447" y="959" width="8" height="10" />
        <cmp x="485" y="990" width="3" height="4" />
        <cmp x="487" y="989" width="4" height="6" />
        <cmp x="489" y="985" width="3" height="3" />
        <cmp x="491" y="945" width="16" height="39" />
      </word>
      <word id="e04-114-01-01" tag="BEZ" text="is">
        <cmp x="564" y="987" width="44" height="56" />
        <cmp x="606" y="1004" width="17" height="32" />
        <cmp x="612" y="962" width="9" height="7" />
      </word>
      <word id="e04-114-01-02" tag="VBN" text="cut">
        <cmp x="656" y="964" width="111" height="64" />
        <cmp x="662" y="992" width="15" height="13" />
        <cmp x="691" y="999" width="4" height="6" />
        <cmp x="741" y="949" width="7" height="16" />
      </word>
      <word id="e04-114-01-03" tag="IN" text="in">
        <cmp x="768" y="994" width="74" height="49" />
        <cmp x="817" y="966" width="9" height="5" />
      </word>
      <word id="e04-114-01-04" tag="CD1" text="one">
        <cmp x="868" y="997" width="101" height="38" />
      </word>
      <word id="e04-114-01-05" tag="NN" text="piece">
        <cmp x="992" y="1071" width="8" height="14" />
        <cmp x="997" y="1060" width="6" height="10" />
        <cmp x="1000" y="976" width="74" height="84" />
        <cmp x="1078" y="998" width="31" height="31" />
        <cmp x="1087" y="963" width="7" height="16" />
        <cmp x="1090" y="980" width="3" height="3" />
        <cmp x="1111" y="997" width="50" height="35" />
        <cmp x="1150" y="1001" width="13" height="8" />
      </word>
      <word id="e04-114-01-06" tag="." text=".">
        <cmp x="1180" y="1023" width="15" height="5" />
      </word>
      <word id="e04-114-01-07" sentence-start="yes" tag="PP3" text="It">
        <cmp x="1234" y="968" width="75" height="66" />
        <cmp x="1270" y="968" width="6" height="5" />
        <cmp x="1287" y="978" width="45" height="59" />
        <cmp x="1314" y="971" width="8" height="5" />
        <cmp x="1334" y="994" width="3" height="3" />
      </word>
      <word id="e04-114-01-08" tag="MD" text="should">
        <cmp x="1363" y="934" width="240" height="110" />
        <cmp x="1415" y="960" width="6" height="8" />
        <cmp x="1425" y="959" width="9" height="22" />
        <cmp x="1522" y="907" width="9" height="6" />
        <cmp x="1534" y="953" width="18" height="30" />
        <cmp x="1544" y="985" width="3" height="4" />
        <cmp x="1602" y="926" width="13" height="6" />
      </word>
      <word id="e04-114-01-09" tag="VB" text="overlap">
        <cmp x="1607" y="944" width="247" height="138" />
      </word>
      <word id="e04-114-01-10" tag="RB" text="just">
        <cmp x="1877" y="961" width="162" height="149" />
        <cmp x="1880" y="1031" width="17" height="41" />
        <cmp x="1904" y="999" width="4" height="3" />
        <cmp x="1923" y="952" width="9" height="21" />
      </word>
      <word id="e04-114-01-11" tag="AT" text="a">
        <cmp x="2051" y="1008" width="51" height="31" />
      </word>
      <upper-contour>
        <point x="366" y="901" />
        <point x="2098" y="901" />
      </upper-contour>
      <lower-contour>
        <point x="350" y="1110" />
        <point x="2059" y="1110" />
      </lower-contour>
    </line>
    <line ass="-479" asx="0" asy="1104" character-width="999" dss="-479" dsx="0" dsy="1281" fd0="14633" fd1="3119" fd2="-1127" filter-width="3" id="e04-114-02" lbs="-326" lbx="0" lby="1198" segmentation="ok" slant="68000" stroke-width="5253" threshold="180" text="trifle; this can be cleaned up later. As you are" ubs="-783" ubx="0" uby="1172">
      <word id="e04-114-02-00" tag="NN" text="trifle">
        <cmp x="336" y="1123" width="100" height="86" />
        <cmp x="423" y="1250" width="12" height="19" />
        <cmp x="425" y="1232" width="6" height="17" />
        <cmp x="433" y="1147" width="8" height="7" />
        <cmp x="435" y="1135" width="77" height="90" />
        <cmp x="435" y="1255" width="3" height="3" />
        <cmp x="436" y="1243" width="6" height="11" />
        <cmp x="440" y="1184" width="12" height="19" />
        <cmp x="441" y="1236" width="3" height="3" />
        <cmp x="442" y="1231" width="4" height="5" />
        <cmp x="443" y="1216" width="6" height="14" />
        <cmp x="461" y="1133" width="14" height="26" />
        <cmp x="492" y="1180" width="11" height="6" />
      </word>
      <word id="e04-114-02-01" tag=";" text=";">
        <cmp x="505" y="1192" width="37" height="61" />
        <cmp x="534" y="1168" width="9" height="7" />
      </word>
      <word id="e04-114-02-02" tag="DT" text="this">
        <cmp x="589" y="1115" width="62" height="98" />
        <cmp x="632" y="1120" width="91" height="89" />
        <cmp x="702" y="1158" width="7" height="4" />
      </word>
      <word id="e04-114-02-03" tag="MD" text="can">
        <cmp x="757" y="1170" width="103" height="38" />
        <cmp x="778" y="1162" width="8" height="10" />
        <cmp x="790" y="1180" width="5" height="3" />
        <cmp x="807" y="1170" width="6" height="8" />
      </word>
      <word id="e04-114-02-04" tag="BE" text="be">
        <cmp x="886" y="1115" width="58" height="93" />
        <cmp x="932" y="1150" width="5" height="9" />
        <cmp x="934" y="1160" width="51" height="40" />
        <cmp x="936" y="1138" width="5" height="11" />
      </word>
      <word id="e04-114-02-05" tag="VBN" text="cleaned">
        <cmp x="1019" y="1129" width="88" height="86" />
        <cmp x="1067" y="1115" width="27" height="61" />
        <cmp x="1089" y="1170" width="10" height="8" />
        <cmp x="1103" y="1172" width="47" height="45" />
        <cmp x="1113" y="1198" width="4" height="3" />
        <cmp x="1149" y="1177" width="93" height="31" />
        <cmp x="1247" y="1128" width="49" height="80" />
      </word>
      <word id="e04-114-02-06" tag="RP" text="up">
        <cmp x="1294" y="1173" width="96" height="121" />
      </word>
      <word id="e04-114-02-07" tag="RBR" text="later">
        <cmp x="1414" y="1121" width="94" height="96" />
        <cmp x="1476" y="1172" width="6" height="3" />
        <cmp x="1493" y="1178" width="4" height="6" />
        <cmp x="1511" y="1117" width="42" height="99" />
        <cmp x="1554" y="1200" width="5" height="5" />
        <cmp x="1565" y="1187" width="26" height="31" />
        <cmp x="1592" y="1208" width="4" height="3" />
      </word>
      <word id="e04-114-02-08" tag="." text=".">
        <cmp x="1628" y="1204" width="10" height="5" />
      </word>
      <word id="e04-114-02-09" sentence-start="yes" tag="CS" text="As">
        <cmp x="1677" y="1210" width="6" height="6" />
        <cmp x="1682" y="1200" width="5" height="6" />
        <cmp x="1686" y="1124" width="57" height="98" />
        <cmp x="1711" y="1183" width="46" height="43" />
      </word>
      <word id="e04-114-02-10" tag="PP2" text="you">
        <cmp x="1781" y="1186" width="64" height="93" />
        <cmp x="1794" y="1194" width="36" height="23" />
        <cmp x="1799" y="1185" width="7" height="7" />
        <cmp x="1831" y="1223" width="4" height="4" />
        <cmp x="1854" y="1183" width="53" height="41" />
        <cmp x="1899" y="1187" width="47" height="29" />
        <cmp x="1933" y="1194" width="3" height="5" />
      </word>
      <word id="e04-114-02-11" tag="BER" text="are">
        <cmp x="1966" y="1185" width="37" height="32" />
        <cmp x="2008" y="1186" width="50" height="31" />
      </word>
      <upper-contour>
        <point x="350" y="1110" />
        <point x="2059" y="1110" />
      </upper-contour>
      <lower-contour>
        <point x="334" y="1292" />
        <point x="1328" y="1294" />
        <point x="1627" y="1279" />
        <point x="2059" y="1279" />
      </lower-contour>
    </line>
    <line ass="513" asx="0" asy="1304" character-width="999" dss="513" dsx="0" dsy="1468" fd0="15022" fd1="2587" fd2="-1323" filter-width="3" id="e04-114-03" lbs="565" lbx="0" lby="1394" segmentation="ok" slant="76000" stroke-width="5099" threshold="181" text="screwing and gluing this piece to the chines it is" ubs="408" ubx="0" uby="1374">
      <word id="e04-114-03-00" tag="VBG" text="screwing">
        <cmp x="321" y="1337" width="65" height="65" />
        <cmp x="379" y="1351" width="26" height="38" />
        <cmp x="402" y="1350" width="8" height="10" />
        <cmp x="414" y="1348" width="98" height="36" />
        <cmp x="450" y="1352" width="5" height="8" />
        <cmp x="467" y="1347" width="8" height="5" />
        <cmp x="501" y="1351" width="84" height="33" />
        <cmp x="554" y="1325" width="11" height="11" />
        <cmp x="568" y="1355" width="54" height="85" />
      </word>
      <word id="e04-114-03-01" tag="CC" text="and">
        <cmp x="653" y="1355" width="64" height="37" />
        <cmp x="674" y="1353" width="19" height="14" />
        <cmp x="718" y="1316" width="63" height="73" />
      </word>
      <word id="e04-114-03-02" tag="VBG" text="gluing">
        <cmp x="809" y="1403" width="4" height="23" />
        <cmp x="810" y="1427" width="4" height="4" />
        <cmp x="811" y="1298" width="204" height="163" />
        <cmp x="885" y="1359" width="6" height="6" />
        <cmp x="934" y="1356" width="3" height="4" />
        <cmp x="940" y="1327" width="13" height="6" />
      </word>
      <word id="e04-114-03-03" tag="DT" text="this">
        <cmp x="1061" y="1295" width="87" height="90" />
        <cmp x="1124" y="1295" width="10" height="11" />
        <cmp x="1135" y="1295" width="11" height="12" />
        <cmp x="1135" y="1352" width="69" height="38" />
        <cmp x="1167" y="1352" width="11" height="15" />
        <cmp x="1182" y="1325" width="11" height="7" />
      </word>
      <word id="e04-114-03-04" tag="NN" text="piece">
        <cmp x="1228" y="1335" width="121" height="114" />
        <cmp x="1242" y="1376" width="10" height="7" />
        <cmp x="1298" y="1355" width="6" height="6" />
        <cmp x="1324" y="1329" width="9" height="9" />
        <cmp x="1354" y="1361" width="56" height="34" />
        <cmp x="1371" y="1355" width="4" height="3" />
        <cmp x="1384" y="1367" width="4" height="4" />
      </word>
      <word id="e04-114-03-05" tag="IN" text="to">
        <cmp x="1442" y="1306" width="59" height="90" />
        <cmp x="1489" y="1368" width="29" height="25" />
        <cmp x="1501" y="1358" width="21" height="10" />
        <cmp x="1502" y="1342" width="5" height="4" />
        <cmp x="1523" y="1358" width="7" height="5" />
      </word>
      <word id="e04-114-03-06" tag="ATI" text="the">
        <cmp x="1552" y="1308" width="116" height="84" />
        <cmp x="1576" y="1385" width="4" height="4" />
        <cmp x="1596" y="1295" width="13" height="15" />
        <cmp x="1596" y="1311" width="12" height="25" />
        <cmp x="1619" y="1295" width="14" height="11" />
        <cmp x="1652" y="1356" width="10" height="7" />
      </word>
      <word id="e04-114-03-07" tag="NNS" text="chines">
        <cmp x="1707" y="1298" width="105" height="101" />
        <cmp x="1719" y="1358" width="7" height="7" />
        <cmp x="1726" y="1362" width="3" height="6" />
        <cmp x="1749" y="1371" width="4" height="4" />
        <cmp x="1761" y="1338" width="11" height="22" />
        <cmp x="1801" y="1394" width="4" height="3" />
        <cmp x="1804" y="1359" width="6" height="9" />
        <cmp x="1822" y="1370" width="3" height="3" />
        <cmp x="1832" y="1360" width="70" height="30" />
        <cmp x="1841" y="1313" width="9" height="7" />
        <cmp x="1903" y="1354" width="26" height="30" />
        <cmp x="1908" y="1367" width="3" height="3" />
      </word>
      <word id="e04-114-03-08" tag="PP3" text="it">
        <cmp x="1939" y="1396" width="5" height="7" />
        <cmp x="1944" y="1351" width="28" height="50" />
        <cmp x="1976" y="1317" width="28" height="86" />
        <cmp x="1985" y="1310" width="11" height="11" />
      </word>
      <word id="e04-114-03-09" tag="BEZ" text="is">
        <cmp x="2020" y="1364" width="77" height="35" />
        <cmp x="2073" y="1348" width="5" height="3" />
        <cmp x="2077" y="1342" width="5" height="3" />
      </word>
      <upper-contour>
        <point x="334" y="1292" />
        <point x="1328" y="1294" />
        <point x="1627" y="1279" />
        <point x="2059" y="1279" />
      </upper-contour>
      <lower-contour>
        <point x="326" y="1461" />
        <point x="1742" y="1403" />
        <point x="2056" y="1403" />
      </lower-contour>
    </line>
    <line ass="568" asx="0" asy="1475" character-width="999" dss="568" dsx="0" dsy="1631" fd0="14529" fd1="2974" fd2="-1305" filter-width="3" id="e04-114-04" lbs="513" lbx="0" lby="1560" segmentation="ok" slant="73000" stroke-width="5213" threshold="177" text="necessary to be careful not to miss the chine with" ubs="679" ubx="0" uby="1548">
      <word id="e04-114-04-00" tag="JJ" text="necessary">
        <cmp x="328" y="1523" width="37" height="45" />
        <cmp x="362" y="1547" width="6" height="8" />
        <cmp x="374" y="1532" width="46" height="28" />
        <cmp x="400" y="1525" width="10" height="8" />
        <cmp x="409" y="1534" width="3" height="4" />
        <cmp x="421" y="1522" width="92" height="41" />
        <cmp x="438" y="1524" width="9" height="6" />
        <cmp x="498" y="1550" width="3" height="3" />
        <cmp x="515" y="1528" width="37" height="34" />
        <cmp x="555" y="1532" width="67" height="77" />
      </word>
      <word id="e04-114-04-01" tag="TO" text="to">
        <cmp x="662" y="1480" width="56" height="90" />
        <cmp x="709" y="1538" width="28" height="32" />
      </word>
      <word id="e04-114-04-02" tag="BE" text="be">
        <cmp x="767" y="1469" width="81" height="90" />
        <cmp x="833" y="1516" width="5" height="5" />
      </word>
      <word id="e04-114-04-03" tag="JJ" text="careful">
        <cmp x="879" y="1532" width="28" height="42" />
        <cmp x="908" y="1535" width="9" height="13" />
        <cmp x="910" y="1534" width="45" height="40" />
        <cmp x="961" y="1476" width="155" height="147" />
        <cmp x="1024" y="1477" width="23" height="14" />
        <cmp x="1033" y="1504" width="15" height="33" />
        <cmp x="1045" y="1495" width="3" height="7" />
      </word>
      <word id="e04-114-04-04" tag="XNOT" text="not">
        <cmp x="1140" y="1517" width="37" height="53" />
        <cmp x="1174" y="1546" width="3" height="5" />
        <cmp x="1182" y="1503" width="86" height="75" />
        <cmp x="1263" y="1488" width="6" height="9" />
      </word>
      <word id="e04-114-04-05" tag="TO" text="to">
        <cmp x="1294" y="1496" width="68" height="75" />
        <cmp x="1327" y="1543" width="42" height="33" />
        <cmp x="1341" y="1479" width="12" height="12" />
        <cmp x="1343" y="1491" width="5" height="10" />
      </word>
      <word id="e04-114-04-06" tag="VB" text="miss">
        <cmp x="1392" y="1529" width="32" height="49" />
        <cmp x="1425" y="1550" width="3" height="4" />
        <cmp x="1425" y="1538" width="15" height="28" />
        <cmp x="1445" y="1535" width="88" height="42" />
        <cmp x="1477" y="1540" width="4" height="4" />
        <cmp x="1480" y="1533" width="6" height="9" />
        <cmp x="1492" y="1504" width="7" height="10" />
      </word>
      <word id="e04-114-04-07" tag="ATI" text="the">
        <cmp x="1556" y="1490" width="75" height="89" />
        <cmp x="1575" y="1557" width="3" height="4" />
        <cmp x="1577" y="1549" width="4" height="7" />
        <cmp x="1605" y="1542" width="38" height="30" />
        <cmp x="1625" y="1472" width="15" height="6" />
        <cmp x="1630" y="1491" width="3" height="5" />
        <cmp x="1635" y="1536" width="17" height="22" />
        <cmp x="1637" y="1478" width="3" height="3" />
      </word>
      <word id="e04-114-04-08" tag="NN" text="chine">
        <cmp x="1689" y="1459" width="59" height="113" />
        <cmp x="1725" y="1539" width="3" height="3" />
        <cmp x="1729" y="1531" width="3" height="6" />
        <cmp x="1735" y="1520" width="4" height="6" />
        <cmp x="1737" y="1536" width="121" height="37" />
        <cmp x="1741" y="1512" width="3" height="4" />
        <cmp x="1750" y="1459" width="10" height="20" />
        <cmp x="1793" y="1496" width="8" height="7" />
      </word>
      <word id="e04-114-04-09" tag="IN" text="with">
        <cmp x="1890" y="1494" width="165" height="82" />
        <cmp x="1973" y="1505" width="12" height="7" />
        <cmp x="2003" y="1502" width="11" height="13" />
        <cmp x="2031" y="1488" width="5" height="8" />
        <cmp x="2036" y="1486" width="13" height="14" />
      </word>
      <upper-contour>
        <point x="326" y="1461" />
        <point x="1742" y="1403" />
        <point x="2056" y="1403" />
      </upper-contour>
      <lower-contour>
        <point x="326" y="1624" />
        <point x="2056" y="1624" />
      </lower-contour>
    </line>
    <line ass="-1931" asx="0" asy="1593" character-width="999" dss="-1931" dsx="0" dsy="1779" fd0="14452" fd1="3280" fd2="-780" filter-width="3" id="e04-114-05" lbs="-2018" lbx="0" lby="1699" segmentation="ok" slant="72000" stroke-width="5156" threshold="178" text="the screws. I prefer spacing screws 3 in. apart for" ubs="-1755" ubx="0" uby="1685">
      <word id="e04-114-05-00" tag="ATI" text="the">
        <cmp x="314" y="1645" width="68" height="105" />
        <cmp x="338" y="1686" width="3" height="7" />
        <cmp x="368" y="1724" width="7" height="8" />
        <cmp x="370" y="1650" width="4" height="6" />
        <cmp x="376" y="1719" width="3" height="3" />
        <cmp x="377" y="1706" width="36" height="39" />
        <cmp x="383" y="1645" width="4" height="3" />
        <cmp x="384" y="1660" width="3" height="3" />
        <cmp x="385" y="1653" width="3" height="5" />
      </word>
      <word id="e04-114-05-01" tag="NNS" text="screws">
        <cmp x="453" y="1692" width="42" height="54" />
        <cmp x="501" y="1703" width="174" height="39" />
        <cmp x="600" y="1700" width="8" height="8" />
        <cmp x="640" y="1702" width="8" height="9" />
      </word>
      <word id="e04-114-05-02" tag="." text=".">
        <cmp x="683" y="1736" width="12" height="8" />
      </word>
      <word id="e04-114-05-03" sentence-start="yes" tag="PP1A" text="I">
        <cmp x="746" y="1676" width="71" height="15" />
        <cmp x="746" y="1692" width="48" height="61" />
      </word>
      <word id="e04-114-05-04" tag="VB" text="prefer">
        <cmp x="847" y="1665" width="194" height="114" />
        <cmp x="848" y="1789" width="5" height="6" />
        <cmp x="852" y="1781" width="4" height="5" />
        <cmp x="924" y="1711" width="11" height="10" />
        <cmp x="938" y="1776" width="3" height="11" />
        <cmp x="940" y="1772" width="19" height="39" />
        <cmp x="970" y="1654" width="18" height="16" />
      </word>
      <word id="e04-114-05-05" tag="VBG" text="spacing">
        <cmp x="1072" y="1698" width="123" height="91" />
        <cmp x="1203" y="1705" width="90" height="39" />
        <cmp x="1220" y="1705" width="10" height="8" />
        <cmp x="1271" y="1678" width="9" height="9" />
        <cmp x="1286" y="1710" width="52" height="82" />
      </word>
      <word id="e04-114-05-06" tag="NNS" text="screws">
        <cmp x="1370" y="1697" width="78" height="58" />
        <cmp x="1429" y="1711" width="11" height="13" />
        <cmp x="1453" y="1708" width="139" height="46" />
        <cmp x="1479" y="1719" width="13" height="5" />
      </word>
      <word id="e04-114-05-07" tag="CD" text="3">
        <cmp x="1626" y="1669" width="37" height="82" />
      </word>
      <word id="e04-114-05-08" tag="NNU" text="in.">
        <cmp x="1692" y="1709" width="17" height="40" />
        <cmp x="1700" y="1720" width="48" height="31" />
        <cmp x="1711" y="1676" width="12" height="15" />
        <cmp x="1770" y="1741" width="9" height="5" />
      </word>
      <word id="e04-114-05-09" tag="RP" text="apart">
        <cmp x="1805" y="1727" width="18" height="22" />
        <cmp x="1822" y="1717" width="99" height="99" />
        <cmp x="1831" y="1721" width="6" height="5" />
        <cmp x="1905" y="1724" width="5" height="8" />
        <cmp x="1922" y="1669" width="58" height="89" />
      </word>
      <word id="e04-114-05-10" tag="IN" text="for">
        <cmp x="1994" y="1804" width="9" height="15" />
        <cmp x="2003" y="1793" width="4" height="7" />
        <cmp x="2005" y="1788" width="5" height="5" />
        <cmp x="2008" y="1678" width="37" height="95" />
        <cmp x="2008" y="1775" width="6" height="12" />
        <cmp x="2032" y="1662" width="21" height="16" />
        <cmp x="2041" y="1692" width="6" height="11" />
        <cmp x="2046" y="1684" width="4" height="8" />
        <cmp x="2046" y="1713" width="46" height="47" />
        <cmp x="2049" y="1679" width="3" height="4" />
      </word>
      <upper-contour>
        <point x="326" y="1624" />
        <point x="2056" y="1624" />
      </upper-contour>
      <lower-contour>
        <point x="342" y="1811" />
        <point x="1822" y="1819" />
        <point x="2093" y="1819" />
      </lower-contour>
    </line>
    <line ass="-1166" asx="0" asy="1791" character-width="999" dss="-1166" dsx="0" dsy="1963" fd0="14735" fd1="3065" fd2="-1461" filter-width="3" id="e04-114-06" lbs="-1164" lbx="0" lby="1876" segmentation="ok" slant="76000" stroke-width="5021" threshold="182" text="the bottom, both for screwing to the chines and" ubs="-1171" ubx="0" uby="1863">
      <word id="e04-114-06-00" tag="ATI" text="the">
        <cmp x="344" y="1870" width="24" height="46" />
        <cmp x="356" y="1837" width="92" height="97" />
        <cmp x="379" y="1821" width="8" height="11" />
        <cmp x="397" y="1828" width="7" height="9" />
        <cmp x="408" y="1821" width="14" height="12" />
        <cmp x="415" y="1842" width="4" height="4" />
        <cmp x="433" y="1888" width="11" height="7" />
      </word>
      <word id="e04-114-06-01" tag="NN" text="bottom">
        <cmp x="487" y="1839" width="137" height="92" />
        <cmp x="515" y="1881" width="6" height="12" />
        <cmp x="519" y="1818" width="23" height="19" />
        <cmp x="520" y="1859" width="12" height="21" />
        <cmp x="521" y="1889" width="6" height="3" />
        <cmp x="531" y="1852" width="4" height="5" />
        <cmp x="534" y="1846" width="3" height="5" />
        <cmp x="537" y="1838" width="3" height="6" />
        <cmp x="593" y="1824" width="9" height="18" />
        <cmp x="598" y="1848" width="3" height="5" />
        <cmp x="615" y="1887" width="73" height="42" />
        <cmp x="620" y="1827" width="10" height="10" />
        <cmp x="689" y="1887" width="28" height="25" />
      </word>
      <word id="e04-114-06-02" tag="," text=",">
        <cmp x="726" y="1910" width="26" height="46" />
        <cmp x="750" y="1905" width="3" height="3" />
      </word>
      <word id="e04-114-06-03" tag="ABX" text="both">
        <cmp x="814" y="1817" width="160" height="114" />
        <cmp x="849" y="1828" width="21" height="49" />
        <cmp x="950" y="1822" width="5" height="4" />
        <cmp x="975" y="1901" width="3" height="3" />
      </word>
      <word id="e04-114-06-04" tag="IN" text="for">
        <cmp x="1025" y="1952" width="4" height="17" />
        <cmp x="1026" y="1970" width="4" height="6" />
        <cmp x="1029" y="1817" width="85" height="168" />
      </word>
      <word id="e04-114-06-05" tag="VBG" text="screwing">
        <cmp x="1162" y="1873" width="41" height="55" />
        <cmp x="1188" y="1914" width="3" height="3" />
        <cmp x="1209" y="1892" width="82" height="35" />
        <cmp x="1231" y="1889" width="3" height="4" />
        <cmp x="1294" y="1888" width="119" height="46" />
        <cmp x="1390" y="1888" width="60" height="97" />
        <cmp x="1401" y="1859" width="10" height="8" />
        <cmp x="1421" y="1890" width="15" height="17" />
      </word>
      <word id="e04-114-06-06" tag="IN" text="to">
        <cmp x="1488" y="1923" width="7" height="11" />
        <cmp x="1495" y="1851" width="37" height="75" />
        <cmp x="1509" y="1928" width="3" height="3" />
        <cmp x="1520" y="1900" width="40" height="33" />
        <cmp x="1528" y="1834" width="13" height="18" />
        <cmp x="1530" y="1856" width="4" height="5" />
        <cmp x="1543" y="1901" width="4" height="3" />
      </word>
      <word id="e04-114-06-07" tag="ATI" text="the">
        <cmp x="1594" y="1845" width="58" height="89" />
        <cmp x="1610" y="1927" width="4" height="10" />
        <cmp x="1612" y="1916" width="6" height="9" />
        <cmp x="1615" y="1908" width="5" height="7" />
        <cmp x="1627" y="1829" width="63" height="102" />
        <cmp x="1645" y="1825" width="12" height="19" />
        <cmp x="1658" y="1900" width="47" height="33" />
        <cmp x="1666" y="1832" width="11" height="15" />
        <cmp x="1686" y="1897" width="9" height="8" />
      </word>
      <word id="e04-114-06-08" tag="NNS" text="chines">
        <cmp x="1740" y="1847" width="96" height="97" />
        <cmp x="1753" y="1890" width="15" height="12" />
        <cmp x="1755" y="1903" width="8" height="8" />
        <cmp x="1787" y="1836" width="8" height="12" />
        <cmp x="1793" y="1880" width="3" height="3" />
        <cmp x="1796" y="1834" width="10" height="23" />
        <cmp x="1796" y="1870" width="3" height="5" />
        <cmp x="1799" y="1858" width="4" height="7" />
        <cmp x="1837" y="1910" width="101" height="26" />
        <cmp x="1846" y="1852" width="11" height="7" />
        <cmp x="1895" y="1905" width="13" height="9" />
        <cmp x="1915" y="1924" width="8" height="11" />
      </word>
      <word id="e04-114-06-09" tag="CC" text="and">
        <cmp x="1958" y="1897" width="55" height="35" />
        <cmp x="2014" y="1853" width="95" height="78" />
      </word>
      <upper-contour>
        <point x="342" y="1811" />
        <point x="1822" y="1819" />
        <point x="2093" y="1819" />
      </upper-contour>
      <lower-contour>
        <point x="342" y="1985" />
        <point x="1654" y="1985" />
      </lower-contour>
    </line>
    <line ass="-2302" asx="0" asy="1952" character-width="999" dss="-2302" dsx="0" dsy="2135" fd0="13937" fd1="2187" fd2="-1786" filter-width="3" id="e04-114-07" lbs="-2218" lbx="0" lby="2066" segmentation="ok" slant="78000" stroke-width="5148" threshold="178" text="the bottom shaped transom facing." ubs="-2472" ubx="0" uby="2039">
      <word id="e04-114-07-00" tag="ATI" text="the">
        <cmp x="327" y="1988" width="116" height="120" />
        <cmp x="395" y="2006" width="7" height="9" />
        <cmp x="443" y="2090" width="3" height="3" />
      </word>
      <word id="e04-114-07-01" tag="NN" text="bottom">
        <cmp x="471" y="2006" width="61" height="100" />
        <cmp x="520" y="2069" width="7" height="4" />
        <cmp x="525" y="2065" width="7" height="6" />
        <cmp x="532" y="2013" width="114" height="90" />
        <cmp x="611" y="2008" width="6" height="6" />
        <cmp x="642" y="2063" width="3" height="3" />
        <cmp x="647" y="2063" width="70" height="35" />
      </word>
      <word id="e04-114-07-02" tag="JJ" text="shaped">
        <cmp x="752" y="2019" width="135" height="87" />
        <cmp x="816" y="2015" width="10" height="11" />
        <cmp x="867" y="2069" width="87" height="102" />
        <cmp x="895" y="2072" width="5" height="8" />
        <cmp x="899" y="2057" width="10" height="14" />
        <cmp x="956" y="2009" width="43" height="98" />
        <cmp x="998" y="2002" width="6" height="5" />
      </word>
      <word id="e04-114-07-03" tag="NN" text="transom">
        <cmp x="1029" y="2031" width="78" height="79" />
        <cmp x="1069" y="2007" width="19" height="20" />
        <cmp x="1077" y="2031" width="4" height="5" />
        <cmp x="1080" y="2024" width="3" height="4" />
        <cmp x="1112" y="2069" width="37" height="43" />
        <cmp x="1150" y="2030" width="114" height="85" />
        <cmp x="1210" y="2138" width="16" height="22" />
        <cmp x="1211" y="2124" width="4" height="12" />
        <cmp x="1219" y="2103" width="12" height="15" />
        <cmp x="1224" y="2116" width="12" height="29" />
        <cmp x="1251" y="2023" width="7" height="6" />
        <cmp x="1258" y="2060" width="113" height="47" />
      </word>
      <word id="e04-114-07-04" tag="NN" text="facing">
        <cmp x="1399" y="2135" width="11" height="30" />
        <cmp x="1401" y="2117" width="13" height="17" />
        <cmp x="1408" y="2141" width="7" height="13" />
        <cmp x="1409" y="2009" width="50" height="113" />
        <cmp x="1412" y="2132" width="4" height="8" />
        <cmp x="1415" y="2123" width="4" height="6" />
        <cmp x="1430" y="2076" width="140" height="39" />
        <cmp x="1490" y="2073" width="12" height="5" />
        <cmp x="1521" y="2076" width="9" height="5" />
        <cmp x="1550" y="2037" width="9" height="4" />
        <cmp x="1550" y="2148" width="6" height="6" />
        <cmp x="1552" y="2071" width="58" height="88" />
        <cmp x="1571" y="2072" width="18" height="35" />
      </word>
      <word id="e04-114-07-05" tag="." text=".">
        <cmp x="1642" y="2100" width="12" height="7" />
      </word>
      <upper-contour>
        <point x="342" y="1985" />
        <point x="1654" y="1985" />
      </upper-contour>
    </line>
  </handwritten-part>
</form>

