<?xml version="1.0" encoding="ISO-8859-1"?>

<!DOCTYPE form SYSTEM 'http://www.iam.unibe.ch/~fki/iamdb/form-metadata.dtd'>

<form created="2002-01-17" height="3542" id="e04-034" last-modified="2002-07-17" skew="30" status="final" version="3.0_beta" width="2479" writer-id="234">
  <machine-printed-part>
    <machine-print-line text="Punch in all nail and panel pin heads and fill the holes with plastic wood. Then" />
    <machine-print-line text="thoroughly glasspaper the whole framework and round off any sharp edges (such as" />
    <machine-print-line text="the edge of the seat, feeding tray, etc). Fill the grain with a woodfiller in the usual" />
    <machine-print-line text="way and paint the frame in a suitable pastel shade, using a contrasting colour for the" />
    <machine-print-line text="seat and the back which can be decorated with a suitable nursery transfer." />
  </machine-printed-part>
  <handwritten-part>
    <line ass="79" asx="0" asy="715" character-width="999" dss="79" dsx="0" dsy="825" fd0="14482" fd1="2059" fd2="-1796" filter-width="3" id="e04-034-00" lbs="101" lbx="0" lby="795" segmentation="err" slant="56000" stroke-width="5059" threshold="193" text="Punch in all nail and panel pin heads and fill the holes" ubs="35" ubx="0" uby="761">
      <word id="e04-034-00-00" sentence-start="yes" tag="VB" text="Punch">
        <cmp x="358" y="715" width="37" height="85" />
        <cmp x="382" y="755" width="32" height="34" />
        <cmp x="418" y="761" width="34" height="35" />
        <cmp x="458" y="760" width="28" height="32" />
        <cmp x="492" y="727" width="33" height="66" />
      </word>
      <word id="e04-034-00-01" tag="RP" text="in">
        <cmp x="558" y="758" width="11" height="38" />
        <cmp x="566" y="729" width="7" height="12" />
        <cmp x="582" y="759" width="25" height="37" />
      </word>
      <word id="e04-034-00-02" tag="ABN" text="all">
        <cmp x="651" y="757" width="35" height="36" />
        <cmp x="694" y="719" width="50" height="74" />
        <cmp x="713" y="716" width="53" height="77" />
      </word>
      <word id="e04-034-00-03" tag="NN" text="nail">
        <cmp x="773" y="752" width="41" height="43" />
        <cmp x="818" y="728" width="103" height="69" />
        <cmp x="878" y="734" width="6" height="11" />
      </word>
      <word id="e04-034-00-04" tag="CC" text="and">
        <cmp x="938" y="761" width="37" height="35" />
        <cmp x="984" y="760" width="35" height="37" />
        <cmp x="1017" y="734" width="50" height="65" />
      </word>
      <word id="e04-034-00-05" tag="NN" text="panel">
        <cmp x="1073" y="752" width="38" height="63" />
        <cmp x="1107" y="762" width="36" height="32" />
        <cmp x="1154" y="761" width="30" height="38" />
        <cmp x="1193" y="742" width="66" height="61" />
      </word>
      <word id="e04-034-00-06" tag="NN" text="pin">
        <cmp x="1277" y="755" width="38" height="59" />
        <cmp x="1329" y="757" width="66" height="36" />
        <cmp x="1347" y="728" width="6" height="9" />
      </word>
      <word id="e04-034-00-07" tag="NNS" text="heads">
        <cmp x="1412" y="720" width="38" height="72" />
        <cmp x="1450" y="753" width="59" height="44" />
        <cmp x="1502" y="745" width="45" height="49" />
        <cmp x="1540" y="762" width="20" height="28" />
      </word>
      <word id="e04-034-00-08" tag="CC" text="and">
        <cmp x="1577" y="757" width="40" height="38" />
        <cmp x="1615" y="746" width="78" height="51" />
      </word>
      <word id="e04-034-00-09" tag="VB" text="fill">
        <cmp x="1672" y="737" width="90" height="87" />
        <cmp x="1746" y="771" width="16" height="26" />
        <cmp x="1772" y="746" width="9" height="9" />
        <cmp x="1774" y="729" width="56" height="54" />
        <cmp x="1809" y="733" width="48" height="54" />
      </word>
      <word id="e04-034-00-10" tag="ATI" text="the">
        <cmp x="1873" y="738" width="58" height="51" />
      </word>
      <word id="e04-034-00-11" tag="NNS" text="holes">
        <cmp x="1939" y="733" width="29" height="58" />
        <cmp x="1968" y="758" width="40" height="40" />
        <cmp x="2030" y="715" width="49" height="72" />
        <cmp x="2051" y="715" width="3" height="3" />
        <cmp x="2086" y="727" width="43" height="56" />
        <cmp x="2124" y="747" width="43" height="43" />
      </word>
      <lower-contour>
        <point x="365" y="824" />
        <point x="2102" y="824" />
      </lower-contour>
    </line>
    <line ass="-82" asx="0" asy="892" character-width="999" dss="-82" dsx="0" dsy="1008" fd0="14809" fd1="2131" fd2="-2339" filter-width="3" id="e04-034-01" lbs="-73" lbx="0" lby="972" segmentation="ok" slant="61000" stroke-width="4896" threshold="193" text="with plastic wood. Then thoroughly glasspaper the whole" ubs="-101" ubx="0" uby="940">
      <word id="e04-034-01-00" tag="IN" text="with">
        <cmp x="367" y="936" width="43" height="35" />
        <cmp x="416" y="940" width="15" height="34" />
        <cmp x="432" y="916" width="8" height="10" />
        <cmp x="443" y="909" width="41" height="61" />
        <cmp x="470" y="908" width="29" height="66" />
      </word>
      <word id="e04-034-01-01" tag="NN" text="plastic">
        <cmp x="523" y="943" width="33" height="54" />
        <cmp x="558" y="914" width="61" height="62" />
        <cmp x="612" y="943" width="23" height="31" />
        <cmp x="642" y="914" width="35" height="57" />
        <cmp x="670" y="941" width="14" height="28" />
        <cmp x="687" y="924" width="5" height="10" />
        <cmp x="691" y="936" width="24" height="35" />
      </word>
      <word id="e04-034-01-02" tag="NN" text="wood">
        <cmp x="738" y="940" width="43" height="37" />
        <cmp x="777" y="946" width="33" height="29" />
        <cmp x="808" y="949" width="33" height="31" />
        <cmp x="840" y="915" width="55" height="64" />
      </word>
      <word id="e04-034-01-03" tag="." text=".">
        <cmp x="883" y="969" width="15" height="6" />
      </word>
      <word id="e04-034-01-04" sentence-start="yes" tag="RN" text="Then">
        <cmp x="916" y="923" width="7" height="13" />
        <cmp x="923" y="894" width="66" height="86" />
        <cmp x="972" y="894" width="36" height="85" />
        <cmp x="1011" y="938" width="28" height="34" />
        <cmp x="1053" y="944" width="32" height="32" />
      </word>
      <word id="e04-034-01-05" tag="RB" text="thoroughly">
        <cmp x="1110" y="910" width="45" height="63" />
        <cmp x="1139" y="910" width="33" height="71" />
        <cmp x="1180" y="939" width="32" height="31" />
        <cmp x="1224" y="934" width="51" height="35" />
        <cmp x="1270" y="940" width="37" height="31" />
        <cmp x="1272" y="936" width="72" height="72" />
        <cmp x="1348" y="904" width="35" height="66" />
        <cmp x="1362" y="968" width="55" height="38" />
        <cmp x="1363" y="906" width="90" height="105" />
      </word>
      <word id="e04-034-01-06" tag="VB" text="glasspaper">
        <cmp x="1427" y="909" width="133" height="101" />
        <cmp x="1559" y="937" width="26" height="33" />
        <cmp x="1585" y="929" width="31" height="43" />
        <cmp x="1607" y="927" width="52" height="64" />
        <cmp x="1651" y="934" width="37" height="32" />
        <cmp x="1672" y="928" width="51" height="63" />
        <cmp x="1715" y="939" width="36" height="37" />
        <cmp x="1760" y="934" width="34" height="32" />
      </word>
      <word id="e04-034-01-07" tag="ATI" text="the">
        <cmp x="1822" y="908" width="56" height="61" />
        <cmp x="1873" y="930" width="28" height="38" />
      </word>
      <word id="e04-034-01-08" tag="JJ" text="whole">
        <cmp x="1937" y="935" width="45" height="33" />
        <cmp x="1990" y="901" width="50" height="64" />
        <cmp x="2044" y="896" width="57" height="69" />
      </word>
      <upper-contour>
        <point x="365" y="824" />
        <point x="2102" y="824" />
      </upper-contour>
      <lower-contour>
        <point x="365" y="1011" />
        <point x="2069" y="1011" />
      </lower-contour>
    </line>
    <line ass="398" asx="0" asy="1076" character-width="999" dss="398" dsx="0" dsy="1207" fd0="14742" fd1="2821" fd2="-1733" filter-width="3" id="e04-034-02" lbs="358" lbx="0" lby="1160" segmentation="err" slant="57000" stroke-width="5167" threshold="191" text="framework and round off any sharp edges (such as the" ubs="479" ubx="0" uby="1129">
      <word id="e04-034-02-00" tag="NN" text="framework">
        <cmp x="341" y="1074" width="72" height="116" />
        <cmp x="405" y="1120" width="55" height="38" />
        <cmp x="469" y="1119" width="39" height="32" />
        <cmp x="512" y="1116" width="29" height="39" />
        <cmp x="549" y="1115" width="50" height="39" />
        <cmp x="600" y="1123" width="33" height="31" />
        <cmp x="649" y="1118" width="29" height="35" />
        <cmp x="684" y="1088" width="32" height="63" />
      </word>
      <word id="e04-034-02-01" tag="CC" text="and">
        <cmp x="730" y="1086" width="111" height="72" />
      </word>
      <word id="e04-034-02-02" tag="VB" text="round">
        <cmp x="862" y="1122" width="56" height="33" />
        <cmp x="912" y="1126" width="33" height="31" />
        <cmp x="951" y="1098" width="82" height="54" />
      </word>
      <word id="e04-034-02-03" tag="RP" text="off">
        <cmp x="1042" y="1091" width="103" height="103" />
        <cmp x="1049" y="1121" width="32" height="33" />
      </word>
      <word id="e04-034-02-04" tag="DTI" text="any">
        <cmp x="1167" y="1116" width="102" height="84" />
      </word>
      <word id="e04-034-02-05" tag="JJ" text="sharp">
        <cmp x="1305" y="1108" width="26" height="36" />
        <cmp x="1334" y="1076" width="74" height="76" />
        <cmp x="1411" y="1117" width="59" height="50" />
      </word>
      <word id="e04-034-02-06" tag="NNS" text="edges">
        <cmp x="1500" y="1080" width="88" height="78" />
        <cmp x="1529" y="1114" width="90" height="76" />
        <cmp x="1623" y="1110" width="21" height="36" />
      </word>
      <word id="e04-034-02-07" tag="(" text="(">
        <cmp x="1663" y="1074" width="41" height="72" />
        <cmp x="1695" y="1100" width="33" height="48" />
      </word>
      <word id="e04-034-02-08" tag="IN21" text="such">
        <cmp x="1732" y="1112" width="45" height="38" />
        <cmp x="1771" y="1114" width="31" height="34" />
        <cmp x="1799" y="1085" width="39" height="64" />
      </word>
      <word id="e04-034-02-09" tag="IN22" text="as">
        <cmp x="1855" y="1115" width="67" height="34" />
      </word>
      <word id="e04-034-02-10" tag="ATI" text="the">
        <cmp x="1958" y="1088" width="46" height="59" />
        <cmp x="1995" y="1086" width="32" height="61" />
        <cmp x="2034" y="1110" width="34" height="38" />
      </word>
      <upper-contour>
        <point x="365" y="1011" />
        <point x="2069" y="1011" />
      </upper-contour>
      <lower-contour>
        <point x="366" y="1201" />
        <point x="2069" y="1201" />
      </lower-contour>
    </line>
    <line ass="951" asx="0" asy="1262" character-width="999" dss="951" dsx="0" dsy="1406" fd0="14973" fd1="1994" fd2="-2059" filter-width="3" id="e04-034-03" lbs="1021" lbx="0" lby="1360" segmentation="err" slant="53000" stroke-width="5043" threshold="193" text="edge of the seat, feeding tray, etc). Fill the grain with a" ubs="811" ubx="0" uby="1326">
      <word id="e04-034-03-00" tag="NN" text="edge">
        <cmp x="368" y="1256" width="73" height="79" />
        <cmp x="389" y="1296" width="63" height="89" />
        <cmp x="455" y="1291" width="34" height="43" />
      </word>
      <word id="e04-034-03-01" tag="INO" text="of">
        <cmp x="513" y="1268" width="78" height="105" />
      </word>
      <word id="e04-034-03-02" tag="ATI" text="the">
        <cmp x="601" y="1272" width="43" height="70" />
        <cmp x="630" y="1267" width="57" height="68" />
      </word>
      <word id="e04-034-03-03" tag="NN" text="seat">
        <cmp x="717" y="1299" width="26" height="28" />
        <cmp x="753" y="1277" width="93" height="60" />
      </word>
      <word id="e04-034-03-04" tag="," text=",">
        <cmp x="840" y="1322" width="15" height="33" />
        <cmp x="841" y="1265" width="87" height="108" />
      </word>
      <word id="e04-034-03-05" tag="NN" text="feeding">
        <cmp x="916" y="1298" width="31" height="36" />
        <cmp x="950" y="1297" width="26" height="36" />
        <cmp x="975" y="1267" width="54" height="62" />
        <cmp x="984" y="1298" width="85" height="93" />
        <cmp x="1031" y="1279" width="6" height="5" />
      </word>
      <word id="e04-034-03-06" tag="NN" text="tray">
        <cmp x="1096" y="1263" width="43" height="63" />
        <cmp x="1118" y="1295" width="88" height="94" />
        <cmp x="1140" y="1259" width="4" height="3" />
      </word>
      <word id="e04-034-03-07" tag="," text=",">
        <cmp x="1186" y="1329" width="19" height="26" />
      </word>
      <word id="e04-034-03-08" tag="RB" text="etc">
        <cmp x="1228" y="1291" width="34" height="44" />
        <cmp x="1264" y="1267" width="47" height="71" />
        <cmp x="1295" y="1294" width="32" height="42" />
        <cmp x="1329" y="1241" width="36" height="92" />
      </word>
      <word id="e04-034-03-09" tag=")" text=")">
        <cmp x="1359" y="1319" width="6" height="6" />
        <cmp x="1387" y="1257" width="55" height="77" />
        <cmp x="1409" y="1268" width="94" height="73" />
        <cmp x="1435" y="1280" width="8" height="8" />
      </word>
      <word id="e04-034-03-10" tag="." text=".">
        <cmp x="1515" y="1269" width="52" height="60" />
      </word>
      <word id="e04-034-03-11" sentence-start="yes" tag="VB" text="Fill">
        <cmp x="1545" y="1268" width="34" height="60" />
        <cmp x="1562" y="1323" width="3" height="5" />
      </word>
      <word id="e04-034-03-12" tag="ATI" text="the">
        <cmp x="1586" y="1292" width="31" height="33" />
        <cmp x="1588" y="1355" width="4" height="10" />
        <cmp x="1588" y="1300" width="83" height="77" />
      </word>
      <word id="e04-034-03-13" tag="NN" text="grain">
        <cmp x="1688" y="1300" width="107" height="33" />
        <cmp x="1778" y="1269" width="8" height="7" />
      </word>
      <word id="e04-034-03-14" tag="IN" text="with">
        <cmp x="1820" y="1298" width="52" height="31" />
        <cmp x="1882" y="1295" width="24" height="36" />
        <cmp x="1911" y="1272" width="51" height="57" />
        <cmp x="1920" y="1263" width="6" height="9" />
        <cmp x="1948" y="1272" width="37" height="59" />
      </word>
      <word id="e04-034-03-15" tag="AT" text="a">
        <cmp x="2035" y="1292" width="42" height="37" />
      </word>
      <upper-contour>
        <point x="366" y="1201" />
        <point x="2069" y="1201" />
      </upper-contour>
      <lower-contour>
        <point x="366" y="1391" />
        <point x="2078" y="1391" />
      </lower-contour>
    </line>
    <line ass="237" asx="0" asy="1450" character-width="999" dss="237" dsx="0" dsy="1569" fd0="15094" fd1="1975" fd2="-1845" filter-width="3" id="e04-034-04" lbs="354" lbx="0" lby="1520" segmentation="ok" slant="56000" stroke-width="5060" threshold="191" text="woodfiller in the usual way and paint the frame in" ubs="2" ubx="0" uby="1480">
      <word id="e04-034-04-00" tag="NN" text="woodfiller">
        <cmp x="359" y="1462" width="57" height="50" />
        <cmp x="417" y="1481" width="35" height="37" />
        <cmp x="453" y="1485" width="33" height="32" />
        <cmp x="491" y="1449" width="55" height="67" />
        <cmp x="513" y="1454" width="78" height="112" />
        <cmp x="586" y="1486" width="17" height="28" />
        <cmp x="598" y="1466" width="6" height="8" />
        <cmp x="606" y="1448" width="79" height="63" />
        <cmp x="686" y="1478" width="33" height="44" />
      </word>
      <word id="e04-034-04-01" tag="IN" text="in">
        <cmp x="747" y="1474" width="20" height="37" />
        <cmp x="774" y="1447" width="8" height="10" />
        <cmp x="776" y="1478" width="37" height="32" />
      </word>
      <word id="e04-034-04-02" tag="ATI" text="the">
        <cmp x="843" y="1449" width="46" height="63" />
        <cmp x="882" y="1448" width="35" height="68" />
        <cmp x="922" y="1479" width="31" height="41" />
      </word>
      <word id="e04-034-04-03" tag="JJ" text="usual">
        <cmp x="982" y="1477" width="41" height="37" />
        <cmp x="1025" y="1473" width="30" height="42" />
        <cmp x="1062" y="1455" width="113" height="61" />
      </word>
      <word id="e04-034-04-04" tag="NN" text="way">
        <cmp x="1184" y="1481" width="54" height="33" />
        <cmp x="1237" y="1471" width="92" height="94" />
      </word>
      <word id="e04-034-04-05" tag="CC" text="and">
        <cmp x="1369" y="1451" width="106" height="67" />
      </word>
      <word id="e04-034-04-06" tag="VB" text="paint">
        <cmp x="1474" y="1476" width="51" height="63" />
        <cmp x="1522" y="1478" width="60" height="37" />
        <cmp x="1585" y="1459" width="12" height="9" />
        <cmp x="1590" y="1477" width="34" height="41" />
        <cmp x="1634" y="1447" width="50" height="67" />
      </word>
      <word id="e04-034-04-07" tag="ATI" text="the">
        <cmp x="1688" y="1449" width="56" height="64" />
        <cmp x="1720" y="1449" width="39" height="64" />
        <cmp x="1761" y="1476" width="31" height="35" />
      </word>
      <word id="e04-034-04-08" tag="NN" text="frame">
        <cmp x="1771" y="1452" width="100" height="96" />
        <cmp x="1862" y="1481" width="66" height="33" />
        <cmp x="1937" y="1474" width="53" height="34" />
        <cmp x="1998" y="1469" width="43" height="45" />
      </word>
      <word id="e04-034-04-09" tag="IN" text="in">
        <cmp x="2076" y="1472" width="18" height="38" />
        <cmp x="2092" y="1451" width="7" height="11" />
        <cmp x="2103" y="1478" width="36" height="38" />
      </word>
      <upper-contour>
        <point x="366" y="1391" />
        <point x="2078" y="1391" />
      </upper-contour>
      <lower-contour>
        <point x="371" y="1566" />
        <point x="2140" y="1566" />
      </lower-contour>
    </line>
    <line ass="-98" asx="0" asy="1618" character-width="999" dss="-98" dsx="0" dsy="1758" fd0="14959" fd1="2256" fd2="-1638" filter-width="3" id="e04-034-05" lbs="64" lbx="0" lby="1686" segmentation="ok" slant="50000" stroke-width="5210" threshold="188" text="a suitable pastel shade, using a contrasting colour" ubs="-423" ubx="0" uby="1646">
      <word id="e04-034-05-00" tag="AT" text="a">
        <cmp x="373" y="1643" width="45" height="48" />
      </word>
      <word id="e04-034-05-01" tag="JJ" text="suitable">
        <cmp x="454" y="1642" width="30" height="41" />
        <cmp x="488" y="1649" width="47" height="45" />
        <cmp x="536" y="1656" width="22" height="36" />
        <cmp x="565" y="1628" width="5" height="9" />
        <cmp x="576" y="1621" width="47" height="69" />
        <cmp x="607" y="1658" width="43" height="34" />
        <cmp x="658" y="1627" width="64" height="63" />
        <cmp x="708" y="1633" width="54" height="58" />
      </word>
      <word id="e04-034-05-02" tag="JJ" text="pastel">
        <cmp x="794" y="1660" width="43" height="64" />
        <cmp x="841" y="1653" width="43" height="39" />
        <cmp x="888" y="1651" width="21" height="37" />
        <cmp x="918" y="1623" width="48" height="68" />
        <cmp x="958" y="1624" width="72" height="65" />
      </word>
      <word id="e04-034-05-03" tag="NN" text="shade">
        <cmp x="1056" y="1646" width="27" height="43" />
        <cmp x="1090" y="1620" width="72" height="76" />
        <cmp x="1158" y="1622" width="64" height="72" />
      </word>
      <word id="e04-034-05-04" tag="," text=",">
        <cmp x="1234" y="1679" width="29" height="43" />
      </word>
      <word id="e04-034-05-05" tag="VBG" text="using">
        <cmp x="1287" y="1651" width="42" height="39" />
        <cmp x="1327" y="1646" width="25" height="43" />
        <cmp x="1348" y="1655" width="19" height="34" />
        <cmp x="1360" y="1699" width="63" height="58" />
        <cmp x="1361" y="1653" width="89" height="109" />
        <cmp x="1386" y="1636" width="5" height="5" />
      </word>
      <word id="e04-034-05-06" tag="AT" text="a">
        <cmp x="1485" y="1659" width="48" height="40" />
      </word>
      <word id="e04-034-05-07" tag="JJ" text="contrasting">
        <cmp x="1557" y="1656" width="30" height="34" />
        <cmp x="1579" y="1662" width="35" height="30" />
        <cmp x="1626" y="1662" width="38" height="34" />
        <cmp x="1668" y="1635" width="52" height="55" />
        <cmp x="1717" y="1656" width="57" height="39" />
        <cmp x="1780" y="1655" width="20" height="30" />
        <cmp x="1810" y="1631" width="59" height="57" />
        <cmp x="1836" y="1657" width="99" height="88" />
        <cmp x="1842" y="1655" width="17" height="26" />
      </word>
      <word id="e04-034-05-08" tag="NN" text="colour">
        <cmp x="1983" y="1634" width="143" height="58" />
        <cmp x="2123" y="1661" width="30" height="31" />
      </word>
      <upper-contour>
        <point x="371" y="1566" />
        <point x="2140" y="1566" />
      </upper-contour>
      <lower-contour>
        <point x="371" y="1762" />
        <point x="2101" y="1762" />
      </lower-contour>
    </line>
    <line ass="-44" asx="0" asy="1786" character-width="999" dss="-44" dsx="0" dsy="1924" fd0="14741" fd1="2131" fd2="-1875" filter-width="3" id="e04-034-06" lbs="-121" lbx="0" lby="1865" segmentation="ok" slant="63000" stroke-width="5229" threshold="191" text="for the seat and the back which can be decorated with" ubs="109" ubx="0" uby="1837">
      <word id="e04-034-06-00" tag="IN" text="for">
        <cmp x="349" y="1802" width="86" height="124" />
        <cmp x="442" y="1831" width="24" height="36" />
      </word>
      <word id="e04-034-06-01" tag="ATI" text="the">
        <cmp x="479" y="1810" width="52" height="60" />
        <cmp x="511" y="1811" width="50" height="63" />
      </word>
      <word id="e04-034-06-02" tag="NN" text="seat">
        <cmp x="591" y="1827" width="27" height="43" />
        <cmp x="630" y="1807" width="115" height="64" />
      </word>
      <word id="e04-034-06-03" tag="CC" text="and">
        <cmp x="747" y="1812" width="115" height="66" />
      </word>
      <word id="e04-034-06-04" tag="ATI" text="the">
        <cmp x="878" y="1812" width="49" height="63" />
        <cmp x="912" y="1814" width="52" height="57" />
      </word>
      <word id="e04-034-06-05" tag="NN" text="back">
        <cmp x="992" y="1802" width="35" height="67" />
        <cmp x="1024" y="1836" width="39" height="34" />
        <cmp x="1061" y="1835" width="31" height="38" />
        <cmp x="1091" y="1816" width="31" height="42" />
      </word>
      <word id="e04-034-06-06" tag="WDT" text="which">
        <cmp x="1152" y="1832" width="53" height="36" />
        <cmp x="1210" y="1788" width="39" height="84" />
        <cmp x="1253" y="1837" width="15" height="33" />
        <cmp x="1276" y="1811" width="5" height="11" />
        <cmp x="1279" y="1799" width="55" height="75" />
      </word>
      <word id="e04-034-06-07" tag="MD" text="can">
        <cmp x="1363" y="1827" width="92" height="46" />
      </word>
      <word id="e04-034-06-08" tag="BE" text="be">
        <cmp x="1473" y="1788" width="72" height="89" />
        <cmp x="1522" y="1833" width="35" height="44" />
      </word>
      <word id="e04-034-06-09" tag="VBN" text="decorated">
        <cmp x="1587" y="1797" width="60" height="73" />
        <cmp x="1628" y="1828" width="33" height="42" />
        <cmp x="1661" y="1835" width="56" height="33" />
        <cmp x="1735" y="1834" width="62" height="37" />
        <cmp x="1798" y="1812" width="50" height="61" />
        <cmp x="1829" y="1812" width="80" height="57" />
      </word>
      <word id="e04-034-06-10" tag="IN" text="with">
        <cmp x="1935" y="1836" width="63" height="35" />
        <cmp x="2005" y="1831" width="18" height="36" />
        <cmp x="2029" y="1809" width="7" height="7" />
        <cmp x="2037" y="1800" width="50" height="68" />
        <cmp x="2068" y="1811" width="32" height="59" />
      </word>
      <upper-contour>
        <point x="371" y="1762" />
        <point x="2101" y="1762" />
      </upper-contour>
      <lower-contour>
        <point x="362" y="1909" />
        <point x="1424" y="1909" />
      </lower-contour>
    </line>
    <line ass="-420" asx="0" asy="1971" character-width="999" dss="-420" dsx="0" dsy="2098" fd0="14852" fd1="2099" fd2="-1846" filter-width="3" id="e04-034-07" lbs="-275" lbx="0" lby="2045" segmentation="ok" slant="46000" stroke-width="5183" threshold="192" text="a suitable nursery transfer." ubs="-710" ubx="0" uby="2006">
      <word id="e04-034-07-00" tag="AT" text="a">
        <cmp x="364" y="2008" width="41" height="44" />
      </word>
      <word id="e04-034-07-01" tag="JJ" text="suitable">
        <cmp x="448" y="1996" width="32" height="49" />
        <cmp x="479" y="2008" width="40" height="46" />
        <cmp x="524" y="2013" width="18" height="33" />
        <cmp x="541" y="1983" width="119" height="77" />
        <cmp x="545" y="1986" width="5" height="13" />
        <cmp x="640" y="1992" width="63" height="59" />
      </word>
      <word id="e04-034-07-02" tag="NN" text="nursery">
        <cmp x="753" y="2040" width="3" height="3" />
        <cmp x="755" y="2013" width="52" height="41" />
        <cmp x="812" y="2012" width="39" height="38" />
        <cmp x="862" y="2014" width="33" height="39" />
        <cmp x="915" y="2013" width="23" height="35" />
        <cmp x="956" y="2013" width="35" height="39" />
        <cmp x="966" y="2016" width="105" height="91" />
      </word>
      <word id="e04-034-07-03" tag="NN" text="transfer">
        <cmp x="1105" y="1981" width="46" height="66" />
        <cmp x="1150" y="2015" width="56" height="35" />
        <cmp x="1210" y="2018" width="38" height="33" />
        <cmp x="1253" y="1995" width="104" height="83" />
        <cmp x="1264" y="2017" width="28" height="35" />
        <cmp x="1336" y="2015" width="37" height="34" />
        <cmp x="1378" y="2020" width="32" height="32" />
      </word>
      <word id="e04-034-07-04" tag="." text=".">
        <cmp x="1417" y="2042" width="7" height="7" />
      </word>
      <upper-contour>
        <point x="362" y="1909" />
        <point x="1424" y="1909" />
      </upper-contour>
    </line>
  </handwritten-part>
</form>

