<?xml version="1.0" encoding="ISO-8859-1"?>

<!DOCTYPE form SYSTEM 'http://www.iam.unibe.ch/~fki/iamdb/form-metadata.dtd'>

<form created="2002-01-18" height="3542" id="e06-006" last-modified="2002-07-17" skew="159" status="final" version="3.0_beta" width="2479" writer-id="202">
  <machine-printed-part>
    <machine-print-line text="The effect of bottom congestion due to the light pressure is inevitably mixed with" />
    <machine-print-line text="that of the suitability of ground for spawning. Both result in crowding, so there is no" />
    <machine-print-line text="need to try to separate them - thank Heaven! A good picture of this is seen on the" />
    <machine-print-line text="150 miles of spawning grounds from the Viking in the north down to the Klondykes" />
    <machine-print-line text="and the Reef along the western edge of the Norwegian Deep." />
  </machine-printed-part>
  <handwritten-part>
    <line ass="239" asx="0" asy="758" character-width="999" dss="239" dsx="0" dsy="854" fd0="12371" fd1="2854" fd2="-1145" filter-width="4" id="e06-006-00" lbs="268" lbx="0" lby="823" segmentation="ok" slant="94000" stroke-width="5808" threshold="180" text="The effect of bottom congestion due to" ubs="180" ubx="0" uby="787">
      <word id="e06-006-00-00" sentence-start="yes" tag="ATI" text="The">
        <cmp x="341" y="758" width="47" height="54" />
        <cmp x="393" y="758" width="48" height="52" />
        <cmp x="442" y="775" width="50" height="43" />
      </word>
      <word id="e06-006-00-01" tag="NN" text="effect">
        <cmp x="560" y="776" width="50" height="40" />
        <cmp x="608" y="763" width="57" height="80" />
        <cmp x="666" y="781" width="54" height="33" />
        <cmp x="726" y="782" width="53" height="35" />
        <cmp x="772" y="767" width="27" height="47" />
      </word>
      <word id="e06-006-00-02" tag="INO" text="of">
        <cmp x="881" y="782" width="46" height="35" />
        <cmp x="927" y="762" width="34" height="79" />
      </word>
      <word id="e06-006-00-03" tag="NN" text="bottom">
        <cmp x="1026" y="766" width="104" height="54" />
        <cmp x="1124" y="767" width="44" height="52" />
        <cmp x="1168" y="784" width="50" height="37" />
        <cmp x="1220" y="786" width="80" height="35" />
      </word>
      <word id="e06-006-00-04" tag="NN" text="congestion">
        <cmp x="1377" y="780" width="47" height="36" />
        <cmp x="1426" y="782" width="37" height="33" />
        <cmp x="1467" y="781" width="47" height="32" />
        <cmp x="1494" y="782" width="64" height="67" />
        <cmp x="1564" y="776" width="95" height="39" />
        <cmp x="1655" y="766" width="46" height="56" />
        <cmp x="1698" y="765" width="5" height="6" />
        <cmp x="1705" y="778" width="96" height="38" />
      </word>
      <word id="e06-006-00-05" tag="JJ" text="due">
        <cmp x="1876" y="766" width="53" height="51" />
        <cmp x="1934" y="780" width="38" height="37" />
        <cmp x="1978" y="779" width="58" height="38" />
      </word>
      <word id="e06-006-00-06" tag="IN" text="to">
        <cmp x="2075" y="765" width="76" height="53" />
      </word>
      <lower-contour>
        <point x="348" y="849" />
        <point x="2115" y="849" />
      </lower-contour>
    </line>
    <line ass="-3" asx="0" asy="937" character-width="999" dss="-3" dsx="0" dsy="1032" fd0="12939" fd1="2965" fd2="-1213" filter-width="4" id="e06-006-01" lbs="-3" lbx="0" lby="995" segmentation="ok" slant="97000" stroke-width="5742" threshold="180" text="the light pressure is inevitably mixed" ubs="-2" ubx="0" uby="962">
      <word id="e06-006-01-00" tag="ATI" text="the">
        <cmp x="350" y="940" width="34" height="55" />
        <cmp x="384" y="944" width="52" height="50" />
        <cmp x="442" y="957" width="58" height="37" />
      </word>
      <word id="e06-006-01-01" tag="NN" text="light">
        <cmp x="560" y="942" width="8" height="52" />
        <cmp x="576" y="959" width="62" height="75" />
        <cmp x="577" y="954" width="8" height="39" />
        <cmp x="580" y="945" width="4" height="6" />
        <cmp x="635" y="945" width="55" height="53" />
        <cmp x="681" y="943" width="30" height="51" />
      </word>
      <word id="e06-006-01-02" tag="NN" text="pressure">
        <cmp x="792" y="963" width="46" height="58" />
        <cmp x="843" y="962" width="23" height="41" />
        <cmp x="870" y="955" width="150" height="46" />
        <cmp x="1027" y="959" width="49" height="39" />
        <cmp x="1080" y="960" width="26" height="39" />
        <cmp x="1105" y="957" width="57" height="39" />
      </word>
      <word id="e06-006-01-03" tag="BEZ" text="is">
        <cmp x="1253" y="959" width="9" height="40" />
        <cmp x="1254" y="943" width="6" height="6" />
        <cmp x="1270" y="960" width="42" height="42" />
      </word>
      <word id="e06-006-01-04" tag="RB" text="inevitably">
        <cmp x="1422" y="960" width="8" height="36" />
        <cmp x="1423" y="943" width="6" height="6" />
        <cmp x="1438" y="963" width="49" height="32" />
        <cmp x="1491" y="961" width="56" height="36" />
        <cmp x="1551" y="960" width="27" height="40" />
        <cmp x="1591" y="939" width="5" height="6" />
        <cmp x="1593" y="959" width="7" height="38" />
        <cmp x="1603" y="947" width="39" height="47" />
        <cmp x="1639" y="962" width="56" height="35" />
        <cmp x="1703" y="949" width="48" height="52" />
        <cmp x="1755" y="952" width="7" height="48" />
        <cmp x="1764" y="963" width="41" height="61" />
      </word>
      <word id="e06-006-01-05" tag="VBN" text="mixed">
        <cmp x="1873" y="962" width="75" height="39" />
        <cmp x="1949" y="966" width="11" height="32" />
        <cmp x="1952" y="950" width="6" height="5" />
        <cmp x="1967" y="956" width="33" height="41" />
        <cmp x="2003" y="959" width="58" height="39" />
        <cmp x="2063" y="953" width="51" height="49" />
      </word>
      <upper-contour>
        <point x="348" y="849" />
        <point x="2115" y="849" />
      </upper-contour>
      <lower-contour>
        <point x="357" y="1033" />
        <point x="2070" y="1033" />
      </lower-contour>
    </line>
    <line ass="-373" asx="0" asy="1112" character-width="999" dss="-373" dsx="0" dsy="1200" fd0="12624" fd1="3431" fd2="-734" filter-width="3" id="e06-006-02" lbs="-333" lbx="0" lby="1169" segmentation="ok" slant="96000" stroke-width="5636" threshold="180" text="with that of the suitability of ground" ubs="-454" ubx="0" uby="1127">
      <word id="e06-006-02-00" tag="IN" text="with">
        <cmp x="359" y="1132" width="47" height="43" />
        <cmp x="413" y="1119" width="6" height="4" />
        <cmp x="415" y="1132" width="7" height="38" />
        <cmp x="422" y="1119" width="31" height="49" />
        <cmp x="459" y="1121" width="47" height="49" />
      </word>
      <word id="e06-006-02-01" tag="DT" text="that">
        <cmp x="573" y="1119" width="31" height="52" />
        <cmp x="615" y="1119" width="46" height="52" />
        <cmp x="668" y="1140" width="49" height="37" />
        <cmp x="715" y="1119" width="24" height="52" />
      </word>
      <word id="e06-006-02-02" tag="INO" text="of">
        <cmp x="797" y="1141" width="50" height="39" />
        <cmp x="841" y="1119" width="37" height="75" />
      </word>
      <word id="e06-006-02-03" tag="ATI" text="the">
        <cmp x="938" y="1124" width="33" height="52" />
        <cmp x="977" y="1130" width="45" height="44" />
        <cmp x="1020" y="1135" width="53" height="38" />
      </word>
      <word id="e06-006-02-04" tag="NN" text="suitability">
        <cmp x="1162" y="1138" width="49" height="40" />
        <cmp x="1212" y="1140" width="50" height="39" />
        <cmp x="1265" y="1141" width="8" height="39" />
        <cmp x="1269" y="1123" width="5" height="6" />
        <cmp x="1278" y="1123" width="31" height="57" />
        <cmp x="1314" y="1145" width="53" height="34" />
        <cmp x="1366" y="1127" width="55" height="47" />
        <cmp x="1425" y="1122" width="5" height="7" />
        <cmp x="1425" y="1135" width="10" height="39" />
        <cmp x="1446" y="1127" width="12" height="49" />
        <cmp x="1461" y="1139" width="8" height="34" />
        <cmp x="1462" y="1126" width="6" height="7" />
        <cmp x="1473" y="1127" width="31" height="48" />
        <cmp x="1508" y="1139" width="40" height="63" />
      </word>
      <word id="e06-006-02-05" tag="INO" text="of">
        <cmp x="1619" y="1123" width="75" height="72" />
      </word>
      <word id="e06-006-02-06" tag="NN" text="ground">
        <cmp x="1754" y="1144" width="60" height="69" />
        <cmp x="1817" y="1145" width="31" height="34" />
        <cmp x="1856" y="1145" width="42" height="33" />
        <cmp x="1904" y="1143" width="47" height="35" />
        <cmp x="1955" y="1144" width="48" height="32" />
        <cmp x="2017" y="1130" width="52" height="45" />
      </word>
      <upper-contour>
        <point x="357" y="1033" />
        <point x="2070" y="1033" />
      </upper-contour>
      <lower-contour>
        <point x="357" y="1214" />
        <point x="2070" y="1214" />
      </lower-contour>
    </line>
    <line ass="-220" asx="0" asy="1295" character-width="999" dss="-220" dsx="0" dsy="1394" fd0="12906" fd1="3364" fd2="-1151" filter-width="3" id="e06-006-03" lbs="-430" lbx="0" lby="1346" segmentation="ok" slant="95000" stroke-width="5674" threshold="179" text="for spawning. Both result in crowding," ubs="200" ubx="0" uby="1327">
      <word id="e06-006-03-00" tag="IN" text="for">
        <cmp x="348" y="1298" width="34" height="77" />
        <cmp x="386" y="1315" width="41" height="35" />
        <cmp x="429" y="1312" width="23" height="39" />
      </word>
      <word id="e06-006-03-01" tag="NN" text="spawning">
        <cmp x="556" y="1314" width="53" height="39" />
        <cmp x="612" y="1318" width="49" height="54" />
        <cmp x="662" y="1322" width="47" height="30" />
        <cmp x="714" y="1322" width="47" height="38" />
        <cmp x="765" y="1321" width="49" height="35" />
        <cmp x="819" y="1308" width="6" height="9" />
        <cmp x="820" y="1326" width="8" height="30" />
        <cmp x="840" y="1325" width="46" height="32" />
        <cmp x="868" y="1327" width="63" height="72" />
      </word>
      <word id="e06-006-03-02" tag="." text=".">
        <cmp x="950" y="1337" width="6" height="7" />
      </word>
      <word id="e06-006-03-03" sentence-start="yes" tag="ABX" text="Both">
        <cmp x="1028" y="1302" width="52" height="57" />
        <cmp x="1083" y="1328" width="47" height="31" />
        <cmp x="1125" y="1310" width="33" height="48" />
        <cmp x="1164" y="1311" width="45" height="46" />
      </word>
      <word id="e06-006-03-04" tag="VB" text="result">
        <cmp x="1277" y="1320" width="26" height="36" />
        <cmp x="1301" y="1317" width="61" height="40" />
        <cmp x="1360" y="1317" width="43" height="40" />
        <cmp x="1406" y="1317" width="47" height="42" />
        <cmp x="1462" y="1310" width="9" height="51" />
        <cmp x="1472" y="1312" width="25" height="45" />
      </word>
      <word id="e06-006-03-05" tag="IN" text="in">
        <cmp x="1569" y="1321" width="6" height="36" />
        <cmp x="1572" y="1307" width="5" height="6" />
        <cmp x="1585" y="1321" width="43" height="37" />
      </word>
      <word id="e06-006-03-06" tag="NN" text="crowding">
        <cmp x="1703" y="1318" width="46" height="38" />
        <cmp x="1753" y="1319" width="24" height="38" />
        <cmp x="1781" y="1323" width="42" height="36" />
        <cmp x="1825" y="1322" width="49" height="38" />
        <cmp x="1883" y="1307" width="50" height="52" />
        <cmp x="1939" y="1321" width="11" height="36" />
        <cmp x="1942" y="1308" width="5" height="5" />
        <cmp x="1956" y="1320" width="50" height="37" />
        <cmp x="1992" y="1323" width="59" height="64" />
      </word>
      <word id="e06-006-03-07" tag="," text=",">
        <cmp x="2077" y="1348" width="19" height="35" />
      </word>
      <upper-contour>
        <point x="357" y="1214" />
        <point x="2070" y="1214" />
      </upper-contour>
      <lower-contour>
        <point x="346" y="1399" />
        <point x="2097" y="1399" />
      </lower-contour>
    </line>
    <line ass="-344" asx="0" asy="1475" character-width="999" dss="-344" dsx="0" dsy="1550" fd0="12451" fd1="2930" fd2="-752" filter-width="4" id="e06-006-04" lbs="-358" lbx="0" lby="1527" segmentation="ok" slant="94000" stroke-width="5722" threshold="179" text="so there is no need to try to separate" ubs="-314" ubx="0" uby="1495">
      <word id="e06-006-04-00" tag="CS" text="so">
        <cmp x="345" y="1524" width="9" height="6" />
        <cmp x="354" y="1494" width="35" height="40" />
        <cmp x="392" y="1497" width="47" height="35" />
      </word>
      <word id="e06-006-04-01" tag="EX" text="there">
        <cmp x="477" y="1482" width="31" height="49" />
        <cmp x="516" y="1483" width="46" height="52" />
        <cmp x="564" y="1499" width="77" height="40" />
        <cmp x="642" y="1498" width="54" height="38" />
      </word>
      <word id="e06-006-04-02" tag="BEZ" text="is">
        <cmp x="781" y="1495" width="7" height="38" />
        <cmp x="786" y="1482" width="6" height="5" />
        <cmp x="799" y="1495" width="42" height="42" />
      </word>
      <word id="e06-006-04-03" tag="ATI" text="no">
        <cmp x="928" y="1493" width="50" height="40" />
        <cmp x="983" y="1500" width="44" height="34" />
      </word>
      <word id="e06-006-04-04" tag="NN" text="need">
        <cmp x="1088" y="1499" width="47" height="36" />
        <cmp x="1139" y="1497" width="103" height="39" />
        <cmp x="1247" y="1487" width="53" height="47" />
      </word>
      <word id="e06-006-04-05" tag="TO" text="to">
        <cmp x="1367" y="1490" width="80" height="54" />
      </word>
      <word id="e06-006-04-06" tag="VB" text="try">
        <cmp x="1515" y="1489" width="51" height="53" />
        <cmp x="1574" y="1503" width="35" height="58" />
      </word>
      <word id="e06-006-04-07" tag="TO" text="to">
        <cmp x="1657" y="1487" width="35" height="46" />
        <cmp x="1693" y="1498" width="43" height="36" />
      </word>
      <word id="e06-006-04-08" tag="VB" text="separate">
        <cmp x="1789" y="1497" width="49" height="42" />
        <cmp x="1839" y="1501" width="145" height="56" />
        <cmp x="1991" y="1506" width="33" height="35" />
        <cmp x="2025" y="1507" width="53" height="35" />
        <cmp x="2071" y="1488" width="29" height="55" />
        <cmp x="2106" y="1500" width="53" height="36" />
      </word>
      <upper-contour>
        <point x="346" y="1399" />
        <point x="2097" y="1399" />
      </upper-contour>
      <lower-contour>
        <point x="343" y="1561" />
        <point x="2138" y="1561" />
      </lower-contour>
    </line>
    <line ass="-347" asx="0" asy="1644" character-width="999" dss="-347" dsx="0" dsy="1738" fd0="12601" fd1="2954" fd2="-656" filter-width="4" id="e06-006-05" lbs="-370" lbx="0" lby="1702" segmentation="ok" slant="95000" stroke-width="5768" threshold="178" text="them - thank Heaven! A good picture of" ubs="-300" ubx="0" uby="1675">
      <word id="e06-006-05-00" tag="PP3OS" text="them">
        <cmp x="342" y="1660" width="26" height="49" />
        <cmp x="376" y="1662" width="166" height="51" />
      </word>
      <word id="e06-006-05-01" tag="*-" text="-">
        <cmp x="592" y="1683" width="30" height="7" />
      </word>
      <word id="e06-006-05-02" tag="VB" text="thank">
        <cmp x="677" y="1661" width="47" height="49" />
        <cmp x="728" y="1662" width="47" height="50" />
        <cmp x="782" y="1681" width="51" height="35" />
        <cmp x="837" y="1684" width="45" height="31" />
        <cmp x="887" y="1668" width="41" height="46" />
      </word>
      <word id="e06-006-05-03" tag="NN" text="Heaven">
        <cmp x="1011" y="1662" width="39" height="55" />
        <cmp x="1055" y="1676" width="50" height="34" />
        <cmp x="1106" y="1676" width="49" height="34" />
        <cmp x="1157" y="1674" width="36" height="40" />
        <cmp x="1196" y="1676" width="57" height="39" />
        <cmp x="1255" y="1679" width="49" height="38" />
      </word>
      <word id="e06-006-05-04" tag="!" text="!">
        <cmp x="1320" y="1659" width="7" height="44" />
        <cmp x="1325" y="1707" width="8" height="7" />
      </word>
      <word id="e06-006-05-05" sentence-start="yes" tag="AT" text="A">
        <cmp x="1403" y="1662" width="43" height="52" />
      </word>
      <word id="e06-006-05-06" tag="JJ" text="good">
        <cmp x="1495" y="1675" width="94" height="74" />
        <cmp x="1590" y="1674" width="96" height="43" />
      </word>
      <word id="e06-006-05-07" tag="NN" text="picture">
        <cmp x="1754" y="1688" width="43" height="57" />
        <cmp x="1801" y="1687" width="8" height="35" />
        <cmp x="1804" y="1669" width="5" height="5" />
        <cmp x="1817" y="1684" width="43" height="34" />
        <cmp x="1857" y="1705" width="6" height="6" />
        <cmp x="1862" y="1665" width="30" height="51" />
        <cmp x="1900" y="1682" width="51" height="35" />
        <cmp x="1954" y="1678" width="63" height="40" />
      </word>
      <word id="e06-006-05-08" tag="INO" text="of">
        <cmp x="2059" y="1680" width="47" height="39" />
        <cmp x="2107" y="1658" width="31" height="76" />
      </word>
      <upper-contour>
        <point x="343" y="1561" />
        <point x="2138" y="1561" />
      </upper-contour>
      <lower-contour>
        <point x="343" y="1749" />
        <point x="2138" y="1749" />
      </lower-contour>
    </line>
    <line ass="-536" asx="0" asy="1829" character-width="999" dss="-536" dsx="0" dsy="1919" fd0="12880" fd1="3066" fd2="-859" filter-width="4" id="e06-006-06" lbs="-645" lbx="0" lby="1878" segmentation="ok" slant="97000" stroke-width="5766" threshold="180" text="this is seen on the 150 miles of spawning" ubs="-316" ubx="0" uby="1856">
      <word id="e06-006-06-00" tag="DT" text="this">
        <cmp x="345" y="1842" width="29" height="52" />
        <cmp x="379" y="1844" width="46" height="47" />
        <cmp x="423" y="1855" width="10" height="37" />
        <cmp x="428" y="1839" width="6" height="4" />
        <cmp x="433" y="1852" width="52" height="41" />
      </word>
      <word id="e06-006-06-01" tag="BEZ" text="is">
        <cmp x="547" y="1852" width="9" height="38" />
        <cmp x="552" y="1839" width="8" height="5" />
        <cmp x="558" y="1853" width="50" height="39" />
      </word>
      <word id="e06-006-06-02" tag="VBN" text="seen">
        <cmp x="690" y="1854" width="45" height="40" />
        <cmp x="734" y="1853" width="54" height="36" />
        <cmp x="785" y="1851" width="60" height="40" />
        <cmp x="845" y="1853" width="52" height="39" />
      </word>
      <word id="e06-006-06-03" tag="IN" text="on">
        <cmp x="967" y="1860" width="48" height="32" />
        <cmp x="1016" y="1858" width="49" height="38" />
      </word>
      <word id="e06-006-06-04" tag="ATI" text="the">
        <cmp x="1099" y="1845" width="37" height="54" />
        <cmp x="1142" y="1845" width="85" height="53" />
      </word>
      <word id="e06-006-06-05" tag="CD" text="150">
        <cmp x="1317" y="1843" width="72" height="48" />
        <cmp x="1399" y="1847" width="46" height="42" />
      </word>
      <word id="e06-006-06-06" tag="NNS" text="miles">
        <cmp x="1502" y="1860" width="71" height="35" />
        <cmp x="1574" y="1865" width="8" height="31" />
        <cmp x="1575" y="1851" width="5" height="5" />
        <cmp x="1589" y="1849" width="9" height="45" />
        <cmp x="1602" y="1861" width="102" height="40" />
      </word>
      <word id="e06-006-06-07" tag="INO" text="of">
        <cmp x="1747" y="1862" width="50" height="36" />
        <cmp x="1792" y="1846" width="36" height="68" />
      </word>
      <word id="e06-006-06-08" tag="NN" text="spawning">
        <cmp x="1869" y="1860" width="46" height="34" />
        <cmp x="1919" y="1862" width="94" height="55" />
        <cmp x="2020" y="1864" width="44" height="35" />
        <cmp x="2068" y="1863" width="53" height="35" />
        <cmp x="2119" y="1853" width="7" height="6" />
        <cmp x="2121" y="1865" width="8" height="33" />
        <cmp x="2138" y="1866" width="47" height="30" />
        <cmp x="2175" y="1870" width="53" height="71" />
      </word>
      <upper-contour>
        <point x="343" y="1749" />
        <point x="2138" y="1749" />
      </upper-contour>
      <lower-contour>
        <point x="343" y="1941" />
        <point x="2201" y="1941" />
      </lower-contour>
    </line>
    <line ass="-177" asx="0" asy="2013" character-width="999" dss="-177" dsx="0" dsy="2099" fd0="12966" fd1="3176" fd2="-780" filter-width="4" id="e06-006-07" lbs="-157" lbx="0" lby="2068" segmentation="ok" slant="96000" stroke-width="5762" threshold="179" text="grounds from the Viking in the north down" ubs="-217" ubx="0" uby="2031">
      <word id="e06-006-07-00" tag="NNS" text="grounds">
        <cmp x="344" y="2030" width="48" height="69" />
        <cmp x="392" y="2028" width="26" height="37" />
        <cmp x="421" y="2033" width="43" height="33" />
        <cmp x="464" y="2032" width="44" height="38" />
        <cmp x="509" y="2034" width="47" height="36" />
        <cmp x="559" y="2024" width="54" height="46" />
        <cmp x="614" y="2030" width="40" height="39" />
      </word>
      <word id="e06-006-07-01" tag="IN" text="from">
        <cmp x="729" y="2018" width="60" height="81" />
        <cmp x="795" y="2038" width="112" height="36" />
      </word>
      <word id="e06-006-07-02" tag="ATI" text="the">
        <cmp x="965" y="2021" width="33" height="49" />
        <cmp x="1005" y="2021" width="45" height="49" />
        <cmp x="1052" y="2034" width="54" height="38" />
      </word>
      <word id="e06-006-07-03" tag="NNP" text="Viking">
        <cmp x="1173" y="2024" width="38" height="51" />
        <cmp x="1215" y="2037" width="7" height="35" />
        <cmp x="1230" y="2030" width="43" height="43" />
        <cmp x="1279" y="2035" width="9" height="34" />
        <cmp x="1296" y="2037" width="44" height="29" />
        <cmp x="1319" y="2041" width="62" height="64" />
      </word>
      <word id="e06-006-07-04" tag="IN" text="in">
        <cmp x="1460" y="2024" width="5" height="5" />
        <cmp x="1460" y="2039" width="9" height="32" />
        <cmp x="1479" y="2040" width="42" height="31" />
      </word>
      <word id="e06-006-07-05" tag="ATI" text="the">
        <cmp x="1557" y="2022" width="35" height="50" />
        <cmp x="1598" y="2023" width="44" height="47" />
        <cmp x="1641" y="2036" width="48" height="36" />
      </word>
      <word id="e06-006-07-06" tag="NR" text="north">
        <cmp x="1761" y="2037" width="50" height="38" />
        <cmp x="1815" y="2032" width="68" height="41" />
        <cmp x="1876" y="2019" width="34" height="53" />
        <cmp x="1915" y="2023" width="48" height="50" />
      </word>
      <word id="e06-006-07-07" tag="RP" text="down">
        <cmp x="1999" y="2026" width="51" height="45" />
        <cmp x="2052" y="2038" width="42" height="36" />
        <cmp x="2102" y="2037" width="44" height="41" />
        <cmp x="2157" y="2043" width="43" height="45" />
      </word>
      <upper-contour>
        <point x="343" y="1941" />
        <point x="2201" y="1941" />
      </upper-contour>
      <lower-contour>
        <point x="347" y="2105" />
        <point x="2107" y="2105" />
      </lower-contour>
    </line>
    <line ass="-352" asx="0" asy="2188" character-width="999" dss="-352" dsx="0" dsy="2277" fd0="12426" fd1="2932" fd2="-995" filter-width="3" id="e06-006-08" lbs="-318" lbx="0" lby="2241" segmentation="ok" slant="96000" stroke-width="5710" threshold="179" text="to the Klondykes and the Reef along" ubs="-419" ubx="0" uby="2208">
      <word id="e06-006-08-00" tag="IN" text="to">
        <cmp x="349" y="2193" width="79" height="53" />
      </word>
      <word id="e06-006-08-01" tag="ATI" text="the">
        <cmp x="502" y="2193" width="36" height="50" />
        <cmp x="545" y="2196" width="44" height="44" />
        <cmp x="594" y="2212" width="52" height="36" />
      </word>
      <word id="e06-006-08-02" tag="NPS" text="Klondykes">
        <cmp x="739" y="2193" width="53" height="51" />
        <cmp x="792" y="2199" width="10" height="44" />
        <cmp x="811" y="2214" width="35" height="35" />
        <cmp x="850" y="2219" width="51" height="37" />
        <cmp x="914" y="2206" width="52" height="44" />
        <cmp x="970" y="2217" width="38" height="58" />
        <cmp x="1015" y="2208" width="41" height="45" />
        <cmp x="1053" y="2212" width="91" height="41" />
      </word>
      <word id="e06-006-08-03" tag="CC" text="and">
        <cmp x="1213" y="2214" width="51" height="36" />
        <cmp x="1265" y="2216" width="43" height="36" />
        <cmp x="1318" y="2209" width="56" height="44" />
      </word>
      <word id="e06-006-08-04" tag="ATI" text="the">
        <cmp x="1433" y="2198" width="38" height="47" />
        <cmp x="1475" y="2200" width="43" height="47" />
        <cmp x="1518" y="2210" width="52" height="36" />
      </word>
      <word id="e06-006-08-05" tag="NP" text="Reef">
        <cmp x="1638" y="2201" width="42" height="49" />
        <cmp x="1681" y="2215" width="102" height="40" />
        <cmp x="1778" y="2201" width="39" height="75" />
      </word>
      <word id="e06-006-08-06" tag="IN" text="along">
        <cmp x="1869" y="2222" width="54" height="34" />
        <cmp x="1931" y="2210" width="8" height="44" />
        <cmp x="1950" y="2221" width="48" height="32" />
        <cmp x="1998" y="2219" width="108" height="72" />
      </word>
      <upper-contour>
        <point x="347" y="2105" />
        <point x="2107" y="2105" />
      </upper-contour>
      <lower-contour>
        <point x="348" y="2277" />
        <point x="2043" y="2277" />
      </lower-contour>
    </line>
    <line ass="-382" asx="0" asy="2371" character-width="999" dss="-382" dsx="0" dsy="2466" fd0="12403" fd1="2803" fd2="-1151" filter-width="4" id="e06-006-09" lbs="-397" lbx="0" lby="2419" segmentation="ok" slant="94000" stroke-width="5779" threshold="176" text="the western edge of the Norwegian" ubs="-351" ubx="0" uby="2391">
      <word id="e06-006-09-00" tag="ATI" text="the">
        <cmp x="350" y="2375" width="28" height="57" />
        <cmp x="385" y="2378" width="44" height="45" />
        <cmp x="439" y="2388" width="53" height="36" />
      </word>
      <word id="e06-006-09-01" tag="JJ" text="western">
        <cmp x="590" y="2390" width="47" height="36" />
        <cmp x="642" y="2390" width="55" height="38" />
        <cmp x="698" y="2388" width="39" height="40" />
        <cmp x="731" y="2376" width="35" height="52" />
        <cmp x="765" y="2391" width="78" height="42" />
        <cmp x="854" y="2395" width="55" height="37" />
      </word>
      <word id="e06-006-09-02" tag="NN" text="edge">
        <cmp x="980" y="2388" width="145" height="80" />
        <cmp x="1129" y="2395" width="49" height="38" />
      </word>
      <word id="e06-006-09-03" tag="INO" text="of">
        <cmp x="1240" y="2399" width="51" height="34" />
        <cmp x="1286" y="2380" width="35" height="76" />
      </word>
      <word id="e06-006-09-04" tag="ATI" text="the">
        <cmp x="1377" y="2382" width="35" height="57" />
        <cmp x="1419" y="2384" width="47" height="49" />
        <cmp x="1469" y="2398" width="52" height="38" />
      </word>
      <word id="e06-006-09-05" tag="JNP" text="Norwegian">
        <cmp x="1625" y="2387" width="50" height="51" />
        <cmp x="1682" y="2394" width="62" height="39" />
        <cmp x="1759" y="2391" width="49" height="43" />
        <cmp x="1816" y="2397" width="47" height="38" />
        <cmp x="1850" y="2402" width="64" height="78" />
        <cmp x="1916" y="2400" width="9" height="34" />
        <cmp x="1933" y="2403" width="49" height="34" />
        <cmp x="1987" y="2402" width="55" height="38" />
      </word>
      <upper-contour>
        <point x="348" y="2277" />
        <point x="2043" y="2277" />
      </upper-contour>
      <lower-contour>
        <point x="361" y="2431" />
        <point x="579" y="2431" />
      </lower-contour>
    </line>
    <line ass="-1473" asx="0" asy="2541" character-width="999" dss="-1473" dsx="0" dsy="2613" fd0="12236" fd1="2209" fd2="-1149" filter-width="4" id="e06-006-10" lbs="1207" lbx="0" lby="2610" segmentation="ok" slant="94000" stroke-width="6032" threshold="175" text="Deep." ubs="-6836" ubx="0" uby="2517">
      <word id="e06-006-10-00" tag="NN" text="Deep">
        <cmp x="363" y="2552" width="49" height="50" />
        <cmp x="416" y="2567" width="93" height="39" />
        <cmp x="505" y="2570" width="51" height="58" />
      </word>
      <word id="e06-006-10-01" tag="." text=".">
        <cmp x="573" y="2591" width="6" height="7" />
      </word>
      <upper-contour>
        <point x="361" y="2431" />
        <point x="579" y="2431" />
      </upper-contour>
    </line>
  </handwritten-part>
</form>

