<?xml version="1.0" encoding="ISO-8859-1"?>

<!DOCTYPE form SYSTEM 'http://www.iam.unibe.ch/~fki/iamdb/form-metadata.dtd'>

<form created="2002-04-10" height="3542" id="e07-101" last-modified="2002-07-17" skew="222" status="final" version="3.0_beta" width="2479" writer-id="248">
  <machine-printed-part>
    <machine-print-line text="One big advantage of soil blocks is an obvious one: the cost of a pot of any description" />
    <machine-print-line text="is saved completely. Manufacturing the block and planting it is very little more trouble" />
    <machine-print-line text="than normal potting, and a superior plant, which transplants more easily, is produced." />
    <machine-print-line text="The obvious limitation is that soil blocks can only be used for propagating; there can" />
    <machine-print-line text="be no progression to a larger block when the plant or seedling is ready to be moved;" />
    <machine-print-line text="it must be planted out or potted." />
  </machine-printed-part>
  <handwritten-part>
    <line ass="210" asx="0" asy="748" character-width="999" dss="210" dsx="0" dsy="839" fd0="13956" fd1="3357" fd2="-231" filter-width="3" id="e07-101-00" lbs="241" lbx="0" lby="808" segmentation="ok" slant="75000" stroke-width="5659" threshold="152" text="One big advantage of soil blocks is an obvious" ubs="146" ubx="0" uby="778">
      <word id="e07-101-00-00" sentence-start="yes" tag="CD1" text="One">
        <cmp x="391" y="760" width="39" height="45" />
        <cmp x="431" y="775" width="33" height="26" />
        <cmp x="476" y="778" width="26" height="23" />
      </word>
      <word id="e07-101-00-01" tag="JJ" text="big">
        <cmp x="563" y="755" width="35" height="49" />
        <cmp x="599" y="778" width="8" height="20" />
        <cmp x="604" y="765" width="7" height="7" />
        <cmp x="619" y="776" width="30" height="54" />
      </word>
      <word id="e07-101-00-02" tag="NN" text="advantage">
        <cmp x="711" y="770" width="43" height="33" />
        <cmp x="760" y="750" width="42" height="48" />
        <cmp x="820" y="774" width="30" height="27" />
        <cmp x="856" y="782" width="15" height="17" />
        <cmp x="873" y="785" width="15" height="12" />
        <cmp x="897" y="785" width="33" height="17" />
        <cmp x="936" y="757" width="28" height="50" />
        <cmp x="968" y="785" width="32" height="18" />
        <cmp x="1017" y="785" width="28" height="51" />
        <cmp x="1055" y="782" width="28" height="27" />
      </word>
      <word id="e07-101-00-03" tag="INO" text="of">
        <cmp x="1162" y="769" width="39" height="41" />
        <cmp x="1194" y="749" width="31" height="72" />
      </word>
      <word id="e07-101-00-04" tag="NN" text="soil">
        <cmp x="1278" y="763" width="34" height="47" />
        <cmp x="1313" y="771" width="29" height="31" />
        <cmp x="1352" y="774" width="9" height="26" />
        <cmp x="1370" y="744" width="5" height="10" />
        <cmp x="1381" y="744" width="24" height="62" />
      </word>
      <word id="e07-101-00-05" tag="NNS" text="blocks">
        <cmp x="1458" y="748" width="32" height="56" />
        <cmp x="1495" y="744" width="22" height="55" />
        <cmp x="1512" y="780" width="50" height="27" />
        <cmp x="1562" y="747" width="20" height="62" />
        <cmp x="1571" y="782" width="25" height="19" />
        <cmp x="1589" y="784" width="16" height="24" />
      </word>
      <word id="e07-101-00-06" tag="BEZ" text="is">
        <cmp x="1659" y="776" width="9" height="24" />
        <cmp x="1671" y="758" width="6" height="7" />
        <cmp x="1676" y="774" width="21" height="29" />
      </word>
      <word id="e07-101-00-07" tag="AT" text="an">
        <cmp x="1728" y="771" width="36" height="32" />
        <cmp x="1770" y="779" width="31" height="20" />
      </word>
      <word id="e07-101-00-08" tag="JJ" text="obvious">
        <cmp x="1855" y="767" width="33" height="36" />
        <cmp x="1890" y="746" width="28" height="54" />
        <cmp x="1927" y="771" width="24" height="24" />
        <cmp x="1963" y="774" width="7" height="21" />
        <cmp x="1972" y="758" width="6" height="8" />
        <cmp x="1987" y="773" width="24" height="25" />
        <cmp x="2020" y="773" width="30" height="21" />
        <cmp x="2063" y="767" width="21" height="29" />
      </word>
      <lower-contour>
        <point x="389" y="836" />
        <point x="2086" y="836" />
      </lower-contour>
    </line>
    <line ass="390" asx="0" asy="930" character-width="999" dss="390" dsx="0" dsy="1020" fd0="14427" fd1="3824" fd2="121" filter-width="4" id="e07-101-01" lbs="378" lbx="0" lby="989" segmentation="ok" slant="74000" stroke-width="5760" threshold="152" text="one: the cost of a pot of any description is saved" ubs="414" ubx="0" uby="962">
      <word id="e07-101-01-00" tag="CD1" text="one">
        <cmp x="382" y="950" width="37" height="38" />
        <cmp x="424" y="954" width="33" height="31" />
        <cmp x="462" y="955" width="21" height="28" />
      </word>
      <word id="e07-101-01-01" tag=":" text=":">
        <cmp x="524" y="972" width="4" height="5" />
        <cmp x="525" y="956" width="6" height="6" />
      </word>
      <word id="e07-101-01-02" tag="ATI" text="the">
        <cmp x="601" y="935" width="25" height="52" />
        <cmp x="634" y="935" width="29" height="49" />
        <cmp x="665" y="953" width="23" height="31" />
      </word>
      <word id="e07-101-01-03" tag="NN" text="cost">
        <cmp x="749" y="950" width="28" height="44" />
        <cmp x="782" y="959" width="27" height="30" />
        <cmp x="814" y="957" width="20" height="33" />
        <cmp x="835" y="931" width="28" height="54" />
      </word>
      <word id="e07-101-01-04" tag="INO" text="of">
        <cmp x="931" y="950" width="35" height="36" />
        <cmp x="961" y="928" width="32" height="71" />
      </word>
      <word id="e07-101-01-05" tag="AT" text="a">
        <cmp x="1038" y="954" width="35" height="31" />
      </word>
      <word id="e07-101-01-06" tag="NN" text="pot">
        <cmp x="1129" y="959" width="37" height="50" />
        <cmp x="1174" y="962" width="23" height="20" />
        <cmp x="1205" y="931" width="23" height="54" />
      </word>
      <word id="e07-101-01-07" tag="INO" text="of">
        <cmp x="1291" y="942" width="29" height="32" />
        <cmp x="1316" y="923" width="23" height="63" />
      </word>
      <word id="e07-101-01-08" tag="DTI" text="any">
        <cmp x="1391" y="948" width="31" height="26" />
        <cmp x="1428" y="958" width="30" height="20" />
        <cmp x="1472" y="956" width="27" height="53" />
      </word>
      <word id="e07-101-01-09" tag="NN" text="description">
        <cmp x="1544" y="934" width="44" height="45" />
        <cmp x="1592" y="948" width="25" height="25" />
        <cmp x="1617" y="954" width="16" height="20" />
        <cmp x="1640" y="951" width="24" height="29" />
        <cmp x="1676" y="951" width="23" height="20" />
        <cmp x="1711" y="958" width="7" height="14" />
        <cmp x="1717" y="951" width="39" height="40" />
        <cmp x="1719" y="936" width="4" height="8" />
        <cmp x="1760" y="923" width="36" height="53" />
        <cmp x="1797" y="933" width="4" height="5" />
        <cmp x="1810" y="949" width="23" height="24" />
        <cmp x="1844" y="952" width="41" height="27" />
      </word>
      <word id="e07-101-01-10" tag="BEZ" text="is">
        <cmp x="1932" y="952" width="6" height="21" />
        <cmp x="1937" y="929" width="9" height="12" />
        <cmp x="1938" y="948" width="27" height="33" />
      </word>
      <word id="e07-101-01-11" tag="VBN" text="saved">
        <cmp x="1984" y="942" width="28" height="41" />
        <cmp x="2014" y="947" width="36" height="28" />
        <cmp x="2055" y="948" width="27" height="24" />
        <cmp x="2088" y="946" width="23" height="27" />
        <cmp x="2110" y="927" width="47" height="48" />
      </word>
      <upper-contour>
        <point x="389" y="836" />
        <point x="2086" y="836" />
      </upper-contour>
      <lower-contour>
        <point x="380" y="1010" />
        <point x="2097" y="1010" />
      </lower-contour>
    </line>
    <line ass="329" asx="0" asy="1109" character-width="999" dss="329" dsx="0" dsy="1201" fd0="14134" fd1="3728" fd2="-147" filter-width="4" id="e07-101-02" lbs="329" lbx="0" lby="1165" segmentation="ok" slant="71000" stroke-width="5790" threshold="151" text="completely. Manufacturing the block and planting" ubs="330" ubx="0" uby="1137">
      <word id="e07-101-02-00" tag="RB" text="completely">
        <cmp x="380" y="1123" width="36" height="41" />
        <cmp x="418" y="1135" width="25" height="24" />
        <cmp x="448" y="1137" width="42" height="22" />
        <cmp x="497" y="1143" width="31" height="44" />
        <cmp x="539" y="1113" width="18" height="52" />
        <cmp x="556" y="1138" width="18" height="26" />
        <cmp x="587" y="1110" width="26" height="60" />
        <cmp x="618" y="1134" width="22" height="27" />
        <cmp x="655" y="1111" width="19" height="53" />
        <cmp x="677" y="1139" width="34" height="59" />
      </word>
      <word id="e07-101-02-01" tag="." text=".">
        <cmp x="739" y="1165" width="6" height="8" />
      </word>
      <word id="e07-101-02-02" sentence-start="yes" tag="VBG" text="Manufacturing">
        <cmp x="809" y="1110" width="43" height="55" />
        <cmp x="856" y="1136" width="32" height="20" />
        <cmp x="896" y="1138" width="33" height="20" />
        <cmp x="939" y="1136" width="36" height="20" />
        <cmp x="995" y="1105" width="38" height="74" />
        <cmp x="1031" y="1131" width="34" height="24" />
        <cmp x="1071" y="1133" width="24" height="29" />
        <cmp x="1103" y="1105" width="20" height="52" />
        <cmp x="1131" y="1132" width="31" height="19" />
        <cmp x="1176" y="1136" width="24" height="18" />
        <cmp x="1212" y="1137" width="7" height="17" />
        <cmp x="1231" y="1122" width="7" height="12" />
        <cmp x="1235" y="1134" width="37" height="23" />
        <cmp x="1281" y="1139" width="18" height="45" />
      </word>
      <word id="e07-101-02-03" tag="ATI" text="the">
        <cmp x="1360" y="1105" width="27" height="56" />
        <cmp x="1389" y="1110" width="32" height="49" />
        <cmp x="1431" y="1131" width="21" height="25" />
      </word>
      <word id="e07-101-02-04" tag="NN" text="block">
        <cmp x="1486" y="1110" width="40" height="53" />
        <cmp x="1532" y="1110" width="21" height="47" />
        <cmp x="1547" y="1134" width="26" height="22" />
        <cmp x="1576" y="1133" width="23" height="29" />
        <cmp x="1604" y="1114" width="22" height="48" />
      </word>
      <word id="e07-101-02-05" tag="CC" text="and">
        <cmp x="1688" y="1125" width="35" height="32" />
        <cmp x="1731" y="1135" width="21" height="14" />
        <cmp x="1760" y="1111" width="34" height="40" />
      </word>
      <word id="e07-101-02-06" tag="VBG" text="planting">
        <cmp x="1819" y="1130" width="34" height="44" />
        <cmp x="1865" y="1105" width="19" height="43" />
        <cmp x="1880" y="1133" width="28" height="17" />
        <cmp x="1921" y="1134" width="34" height="18" />
        <cmp x="1958" y="1115" width="42" height="39" />
        <cmp x="2005" y="1120" width="45" height="31" />
        <cmp x="2051" y="1130" width="42" height="52" />
      </word>
      <upper-contour>
        <point x="380" y="1010" />
        <point x="2097" y="1010" />
      </upper-contour>
      <lower-contour>
        <point x="386" y="1197" />
        <point x="2054" y="1197" />
      </lower-contour>
    </line>
    <line ass="176" asx="0" asy="1275" character-width="999" dss="176" dsx="0" dsy="1375" fd0="14281" fd1="3678" fd2="-60" filter-width="3" id="e07-101-03" lbs="116" lbx="0" lby="1338" segmentation="ok" slant="71000" stroke-width="5694" threshold="152" text="it is very little more trouble than normal potting," ubs="295" ubx="0" uby="1313">
      <word id="e07-101-03-00" tag="PP3" text="it">
        <cmp x="388" y="1294" width="6" height="13" />
        <cmp x="388" y="1316" width="8" height="28" />
        <cmp x="409" y="1288" width="23" height="56" />
      </word>
      <word id="e07-101-03-01" tag="BEZ" text="is">
        <cmp x="499" y="1318" width="7" height="22" />
        <cmp x="501" y="1300" width="7" height="8" />
        <cmp x="513" y="1313" width="13" height="25" />
      </word>
      <word id="e07-101-03-02" tag="QL" text="very">
        <cmp x="579" y="1309" width="22" height="31" />
        <cmp x="603" y="1311" width="24" height="28" />
        <cmp x="629" y="1318" width="27" height="19" />
        <cmp x="670" y="1312" width="38" height="61" />
      </word>
      <word id="e07-101-03-03" tag="AP" text="little">
        <cmp x="774" y="1285" width="18" height="54" />
        <cmp x="793" y="1308" width="10" height="32" />
        <cmp x="800" y="1286" width="7" height="10" />
        <cmp x="807" y="1297" width="4" height="4" />
        <cmp x="820" y="1280" width="35" height="58" />
        <cmp x="860" y="1277" width="24" height="59" />
        <cmp x="881" y="1308" width="18" height="26" />
      </word>
      <word id="e07-101-03-04" tag="AP" text="more">
        <cmp x="947" y="1306" width="46" height="30" />
        <cmp x="1001" y="1314" width="23" height="22" />
        <cmp x="1029" y="1315" width="26" height="21" />
        <cmp x="1058" y="1311" width="29" height="28" />
      </word>
      <word id="e07-101-03-05" tag="NN" text="trouble">
        <cmp x="1140" y="1282" width="25" height="54" />
        <cmp x="1168" y="1305" width="21" height="19" />
        <cmp x="1190" y="1305" width="34" height="27" />
        <cmp x="1232" y="1305" width="34" height="27" />
        <cmp x="1273" y="1290" width="25" height="44" />
        <cmp x="1301" y="1280" width="17" height="52" />
        <cmp x="1315" y="1310" width="24" height="30" />
      </word>
      <word id="e07-101-03-06" tag="IN" text="than">
        <cmp x="1391" y="1283" width="32" height="53" />
        <cmp x="1429" y="1288" width="26" height="45" />
        <cmp x="1437" y="1284" width="3" height="3" />
        <cmp x="1459" y="1312" width="28" height="20" />
        <cmp x="1496" y="1318" width="29" height="16" />
      </word>
      <word id="e07-101-03-07" tag="JJ" text="normal">
        <cmp x="1574" y="1303" width="38" height="28" />
        <cmp x="1614" y="1308" width="22" height="25" />
        <cmp x="1641" y="1308" width="27" height="20" />
        <cmp x="1670" y="1310" width="42" height="18" />
        <cmp x="1715" y="1317" width="25" height="13" />
        <cmp x="1752" y="1279" width="22" height="54" />
      </word>
      <word id="e07-101-03-08" tag="NN" text="potting">
        <cmp x="1826" y="1301" width="43" height="59" />
        <cmp x="1873" y="1307" width="16" height="22" />
        <cmp x="1905" y="1271" width="48" height="57" />
        <cmp x="1961" y="1300" width="28" height="23" />
        <cmp x="1981" y="1304" width="34" height="54" />
      </word>
      <word id="e07-101-03-09" tag="," text=",">
        <cmp x="2043" y="1325" width="9" height="29" />
      </word>
      <upper-contour>
        <point x="386" y="1197" />
        <point x="2054" y="1197" />
      </upper-contour>
      <lower-contour>
        <point x="392" y="1372" />
        <point x="2054" y="1372" />
      </lower-contour>
    </line>
    <line ass="396" asx="0" asy="1474" character-width="999" dss="396" dsx="0" dsy="1559" fd0="14317" fd1="3646" fd2="83" filter-width="3" id="e07-101-04" lbs="372" lbx="0" lby="1527" segmentation="ok" slant="68999" stroke-width="5654" threshold="148" text="and a superior plant, which transplants more" ubs="444" ubx="0" uby="1504">
      <word id="e07-101-04-00" tag="CC" text="and">
        <cmp x="394" y="1490" width="40" height="32" />
        <cmp x="443" y="1502" width="31" height="17" />
        <cmp x="483" y="1472" width="44" height="51" />
      </word>
      <word id="e07-101-04-01" tag="AT" text="a">
        <cmp x="564" y="1502" width="53" height="26" />
      </word>
      <word id="e07-101-04-02" tag="JJ" text="superior">
        <cmp x="673" y="1491" width="27" height="38" />
        <cmp x="708" y="1502" width="36" height="26" />
        <cmp x="716" y="1500" width="3" height="3" />
        <cmp x="749" y="1501" width="36" height="53" />
        <cmp x="784" y="1497" width="26" height="26" />
        <cmp x="812" y="1502" width="22" height="14" />
        <cmp x="849" y="1496" width="8" height="22" />
        <cmp x="853" y="1475" width="9" height="11" />
        <cmp x="867" y="1493" width="25" height="27" />
        <cmp x="899" y="1498" width="31" height="18" />
      </word>
      <word id="e07-101-04-03" tag="NN" text="plant">
        <cmp x="982" y="1493" width="34" height="54" />
        <cmp x="1027" y="1473" width="16" height="48" />
        <cmp x="1040" y="1498" width="28" height="21" />
        <cmp x="1077" y="1507" width="32" height="14" />
        <cmp x="1115" y="1473" width="28" height="49" />
      </word>
      <word id="e07-101-04-04" tag="," text=",">
        <cmp x="1155" y="1514" width="13" height="24" />
      </word>
      <word id="e07-101-04-05" tag="WDT" text="which">
        <cmp x="1231" y="1488" width="46" height="32" />
        <cmp x="1282" y="1467" width="34" height="48" />
        <cmp x="1324" y="1498" width="6" height="17" />
        <cmp x="1332" y="1481" width="6" height="6" />
        <cmp x="1342" y="1492" width="21" height="25" />
        <cmp x="1374" y="1473" width="27" height="47" />
      </word>
      <word id="e07-101-04-06" tag="VBZ" text="transplants">
        <cmp x="1477" y="1473" width="26" height="49" />
        <cmp x="1506" y="1494" width="24" height="19" />
        <cmp x="1533" y="1494" width="32" height="25" />
        <cmp x="1575" y="1500" width="29" height="18" />
        <cmp x="1614" y="1495" width="20" height="25" />
        <cmp x="1630" y="1493" width="48" height="51" />
        <cmp x="1689" y="1467" width="20" height="48" />
        <cmp x="1709" y="1496" width="24" height="17" />
        <cmp x="1739" y="1500" width="35" height="18" />
        <cmp x="1780" y="1467" width="39" height="56" />
        <cmp x="1810" y="1491" width="26" height="28" />
      </word>
      <word id="e07-101-04-07" tag="QL" text="more">
        <cmp x="1893" y="1487" width="62" height="31" />
        <cmp x="1962" y="1489" width="23" height="23" />
        <cmp x="1998" y="1484" width="32" height="24" />
        <cmp x="2034" y="1484" width="26" height="28" />
      </word>
      <upper-contour>
        <point x="392" y="1372" />
        <point x="2054" y="1372" />
      </upper-contour>
      <lower-contour>
        <point x="392" y="1554" />
        <point x="2062" y="1554" />
      </lower-contour>
    </line>
    <line ass="517" asx="0" asy="1639" character-width="999" dss="517" dsx="0" dsy="1727" fd0="10874" fd1="2297" fd2="-392" filter-width="4" id="e07-101-05" lbs="524" lbx="0" lby="1707" segmentation="ok" slant="73000" stroke-width="6248" threshold="141" text="easily, is produced. The obvious limitation #" ubs="502" ubx="0" uby="1678">
      <word id="e07-101-05-00" tag="RB" text="easily">
        <cmp x="394" y="1664" width="30" height="35" />
        <cmp x="425" y="1670" width="32" height="24" />
        <cmp x="462" y="1666" width="23" height="33" />
        <cmp x="503" y="1669" width="13" height="29" />
        <cmp x="513" y="1644" width="6" height="7" />
        <cmp x="532" y="1642" width="16" height="55" />
        <cmp x="556" y="1671" width="33" height="48" />
      </word>
      <word id="e07-101-05-01" tag="," text=",">
        <cmp x="636" y="1689" width="11" height="22" />
      </word>
      <word id="e07-101-05-02" tag="BEZ" text="is">
        <cmp x="696" y="1670" width="12" height="32" />
        <cmp x="706" y="1651" width="8" height="8" />
        <cmp x="710" y="1668" width="25" height="31" />
      </word>
      <word id="e07-101-05-03" tag="VBN" text="produced">
        <cmp x="812" y="1669" width="29" height="51" />
        <cmp x="848" y="1675" width="23" height="17" />
        <cmp x="877" y="1667" width="27" height="30" />
        <cmp x="914" y="1655" width="42" height="41" />
        <cmp x="966" y="1673" width="35" height="18" />
        <cmp x="1017" y="1671" width="24" height="25" />
        <cmp x="1054" y="1670" width="22" height="27" />
        <cmp x="1089" y="1651" width="42" height="45" />
      </word>
      <word id="e07-101-05-04" tag="." text=".">
        <cmp x="1149" y="1691" width="6" height="7" />
      </word>
      <word id="e07-101-05-05" sentence-start="yes" tag="ATI" text="The">
        <cmp x="1196" y="1639" width="75" height="69" />
        <cmp x="1281" y="1666" width="23" height="29" />
      </word>
      <word id="e07-101-05-06" tag="JJ" text="obvious">
        <cmp x="1360" y="1661" width="34" height="38" />
        <cmp x="1402" y="1628" width="26" height="69" />
        <cmp x="1440" y="1665" width="30" height="24" />
        <cmp x="1483" y="1673" width="10" height="16" />
        <cmp x="1496" y="1656" width="8" height="6" />
        <cmp x="1507" y="1669" width="34" height="28" />
        <cmp x="1547" y="1670" width="34" height="24" />
        <cmp x="1590" y="1671" width="18" height="23" />
      </word>
      <word id="e07-101-05-07" tag="NN" text="limitation">
        <cmp x="1673" y="1639" width="15" height="55" />
        <cmp x="1692" y="1666" width="8" height="24" />
        <cmp x="1704" y="1654" width="57" height="34" />
        <cmp x="1775" y="1671" width="10" height="14" />
        <cmp x="1781" y="1637" width="9" height="12" />
        <cmp x="1794" y="1640" width="31" height="49" />
        <cmp x="1825" y="1642" width="88" height="50" />
        <cmp x="1916" y="1649" width="6" height="9" />
        <cmp x="1919" y="1661" width="34" height="30" />
        <cmp x="1964" y="1667" width="33" height="22" />
      </word>
      <word id="e07-101-05-08" tag="&amp;GA" text="#">
        <cmp x="2036" y="1630" width="86" height="63" />
      </word>
      <upper-contour>
        <point x="392" y="1554" />
        <point x="2062" y="1554" />
      </upper-contour>
      <lower-contour>
        <point x="401" y="1719" />
        <point x="1884" y="1719" />
      </lower-contour>
    </line>
    <line ass="319" asx="0" asy="1816" character-width="999" dss="319" dsx="0" dsy="1898" fd0="13999" fd1="3492" fd2="238" filter-width="3" id="e07-101-06" lbs="418" lbx="0" lby="1883" segmentation="ok" slant="74000" stroke-width="5568" threshold="149" text="is that soil blocks can only be used for" ubs="120" ubx="0" uby="1849">
      <word id="e07-101-06-00" tag="BEZ" text="is">
        <cmp x="403" y="1851" width="9" height="32" />
        <cmp x="404" y="1832" width="7" height="11" />
        <cmp x="416" y="1847" width="23" height="31" />
      </word>
      <word id="e07-101-06-01" tag="CS" text="that">
        <cmp x="506" y="1824" width="28" height="55" />
        <cmp x="542" y="1827" width="35" height="49" />
        <cmp x="580" y="1858" width="30" height="14" />
        <cmp x="616" y="1821" width="20" height="57" />
      </word>
      <word id="e07-101-06-02" tag="NN" text="soil">
        <cmp x="705" y="1844" width="38" height="37" />
        <cmp x="734" y="1853" width="31" height="27" />
        <cmp x="770" y="1857" width="13" height="21" />
        <cmp x="793" y="1818" width="5" height="10" />
        <cmp x="798" y="1823" width="31" height="63" />
      </word>
      <word id="e07-101-06-03" tag="NNS" text="blocks">
        <cmp x="896" y="1817" width="29" height="59" />
        <cmp x="937" y="1812" width="16" height="59" />
        <cmp x="954" y="1847" width="25" height="24" />
        <cmp x="979" y="1851" width="22" height="24" />
        <cmp x="1009" y="1822" width="16" height="53" />
        <cmp x="1018" y="1851" width="23" height="19" />
        <cmp x="1046" y="1850" width="21" height="27" />
      </word>
      <word id="e07-101-06-04" tag="MD" text="can">
        <cmp x="1126" y="1843" width="41" height="40" />
        <cmp x="1158" y="1851" width="34" height="25" />
        <cmp x="1203" y="1858" width="29" height="16" />
      </word>
      <word id="e07-101-06-05" tag="RB" text="only">
        <cmp x="1296" y="1842" width="33" height="44" />
        <cmp x="1331" y="1849" width="29" height="23" />
        <cmp x="1373" y="1826" width="17" height="51" />
        <cmp x="1392" y="1851" width="16" height="15" />
        <cmp x="1398" y="1853" width="22" height="39" />
      </word>
      <word id="e07-101-06-06" tag="BE" text="be">
        <cmp x="1470" y="1824" width="65" height="50" />
      </word>
      <word id="e07-101-06-07" tag="VBN" text="used">
        <cmp x="1570" y="1839" width="36" height="36" />
        <cmp x="1612" y="1840" width="25" height="36" />
        <cmp x="1644" y="1841" width="28" height="28" />
        <cmp x="1673" y="1821" width="55" height="48" />
      </word>
      <word id="e07-101-06-08" tag="IN" text="for">
        <cmp x="1781" y="1819" width="52" height="71" />
        <cmp x="1847" y="1846" width="36" height="21" />
      </word>
      <upper-contour>
        <point x="401" y="1719" />
        <point x="1884" y="1719" />
      </upper-contour>
      <lower-contour>
        <point x="401" y="1892" />
        <point x="1884" y="1892" />
      </lower-contour>
    </line>
    <line ass="543" asx="0" asy="2009" character-width="999" dss="543" dsx="0" dsy="2103" fd0="14437" fd1="3829" fd2="9" filter-width="3" id="e07-101-07" lbs="538" lbx="0" lby="2069" segmentation="ok" slant="78000" stroke-width="5713" threshold="150" text="propagating; there can be no progression to a" ubs="552" ubx="0" uby="2045">
      <word id="e07-101-07-00" tag="VBG" text="propagating">
        <cmp x="394" y="2026" width="43" height="60" />
        <cmp x="445" y="2036" width="27" height="16" />
        <cmp x="472" y="2035" width="23" height="24" />
        <cmp x="508" y="2027" width="37" height="55" />
        <cmp x="551" y="2033" width="35" height="23" />
        <cmp x="602" y="2032" width="28" height="50" />
        <cmp x="637" y="2032" width="31" height="22" />
        <cmp x="674" y="2004" width="40" height="53" />
        <cmp x="717" y="2020" width="5" height="5" />
        <cmp x="727" y="2030" width="29" height="24" />
        <cmp x="770" y="2030" width="22" height="18" />
        <cmp x="771" y="2041" width="28" height="46" />
      </word>
      <word id="e07-101-07-01" tag=";" text=";">
        <cmp x="844" y="2048" width="10" height="26" />
        <cmp x="845" y="2025" width="7" height="17" />
      </word>
      <word id="e07-101-07-02" tag="EX" text="there">
        <cmp x="906" y="2009" width="30" height="55" />
        <cmp x="945" y="2014" width="26" height="46" />
        <cmp x="980" y="2033" width="21" height="27" />
        <cmp x="1006" y="2039" width="26" height="16" />
        <cmp x="1035" y="2034" width="19" height="27" />
      </word>
      <word id="e07-101-07-03" tag="MD" text="can">
        <cmp x="1119" y="2026" width="32" height="37" />
        <cmp x="1151" y="2034" width="34" height="25" />
        <cmp x="1196" y="2038" width="38" height="18" />
      </word>
      <word id="e07-101-07-04" tag="BE" text="be">
        <cmp x="1300" y="2007" width="29" height="53" />
        <cmp x="1336" y="2028" width="21" height="29" />
      </word>
      <word id="e07-101-07-05" tag="ATI" text="no">
        <cmp x="1415" y="2031" width="35" height="29" />
        <cmp x="1460" y="2038" width="28" height="22" />
      </word>
      <word id="e07-101-07-06" tag="NN" text="progression">
        <cmp x="1535" y="2019" width="40" height="59" />
        <cmp x="1581" y="2027" width="22" height="18" />
        <cmp x="1607" y="2027" width="24" height="22" />
        <cmp x="1633" y="2030" width="30" height="58" />
        <cmp x="1672" y="2033" width="27" height="17" />
        <cmp x="1703" y="2025" width="25" height="25" />
        <cmp x="1725" y="2029" width="25" height="28" />
        <cmp x="1750" y="2025" width="33" height="30" />
        <cmp x="1789" y="2031" width="17" height="24" />
        <cmp x="1809" y="2009" width="5" height="11" />
        <cmp x="1815" y="2031" width="30" height="27" />
        <cmp x="1853" y="2034" width="32" height="22" />
      </word>
      <word id="e07-101-07-07" tag="IN" text="to">
        <cmp x="1943" y="1998" width="20" height="52" />
        <cmp x="1966" y="2022" width="27" height="28" />
      </word>
      <word id="e07-101-07-08" tag="AT" text="a">
        <cmp x="2026" y="2021" width="51" height="34" />
      </word>
      <upper-contour>
        <point x="401" y="1892" />
        <point x="1884" y="1892" />
      </upper-contour>
      <lower-contour>
        <point x="392" y="2089" />
        <point x="2079" y="2089" />
      </lower-contour>
    </line>
    <line ass="200" asx="0" asy="2178" character-width="999" dss="200" dsx="0" dsy="2272" fd0="14276" fd1="3506" fd2="-289" filter-width="4" id="e07-101-08" lbs="164" lbx="0" lby="2238" segmentation="ok" slant="71000" stroke-width="5751" threshold="148" text="larger block when the plant or seedling is ready" ubs="271" ubx="0" uby="2213">
      <word id="e07-101-08-00" tag="JJR" text="larger">
        <cmp x="393" y="2181" width="15" height="60" />
        <cmp x="407" y="2208" width="31" height="25" />
        <cmp x="448" y="2213" width="21" height="16" />
        <cmp x="471" y="2212" width="60" height="58" />
        <cmp x="534" y="2216" width="33" height="18" />
      </word>
      <word id="e07-101-08-01" tag="NN" text="block">
        <cmp x="623" y="2177" width="30" height="55" />
        <cmp x="656" y="2176" width="21" height="56" />
        <cmp x="677" y="2208" width="27" height="23" />
        <cmp x="707" y="2209" width="28" height="27" />
        <cmp x="737" y="2182" width="18" height="54" />
        <cmp x="747" y="2217" width="25" height="20" />
      </word>
      <word id="e07-101-08-02" tag="WRB" text="when">
        <cmp x="844" y="2206" width="40" height="40" />
        <cmp x="899" y="2183" width="27" height="57" />
        <cmp x="927" y="2210" width="26" height="31" />
        <cmp x="953" y="2221" width="27" height="19" />
      </word>
      <word id="e07-101-08-03" tag="ATI" text="the">
        <cmp x="1029" y="2193" width="29" height="46" />
        <cmp x="1056" y="2193" width="33" height="43" />
        <cmp x="1098" y="2212" width="14" height="25" />
      </word>
      <word id="e07-101-08-04" tag="NN" text="plant">
        <cmp x="1160" y="2210" width="41" height="57" />
        <cmp x="1209" y="2188" width="24" height="46" />
        <cmp x="1225" y="2214" width="27" height="21" />
        <cmp x="1261" y="2221" width="24" height="16" />
        <cmp x="1296" y="2192" width="32" height="48" />
      </word>
      <word id="e07-101-08-05" tag="CC" text="or">
        <cmp x="1382" y="2210" width="34" height="31" />
        <cmp x="1417" y="2216" width="26" height="15" />
      </word>
      <word id="e07-101-08-06" tag="NN" text="seedling">
        <cmp x="1495" y="2198" width="31" height="43" />
        <cmp x="1527" y="2208" width="27" height="28" />
        <cmp x="1558" y="2205" width="29" height="29" />
        <cmp x="1593" y="2176" width="56" height="55" />
        <cmp x="1649" y="2177" width="24" height="51" />
        <cmp x="1667" y="2213" width="12" height="13" />
        <cmp x="1682" y="2205" width="30" height="19" />
        <cmp x="1713" y="2213" width="29" height="55" />
      </word>
      <word id="e07-101-08-07" tag="BEZ" text="is">
        <cmp x="1801" y="2200" width="14" height="33" />
        <cmp x="1819" y="2184" width="11" height="10" />
        <cmp x="1824" y="2194" width="18" height="33" />
      </word>
      <word id="e07-101-08-08" tag="JJ" text="ready">
        <cmp x="1886" y="2195" width="26" height="30" />
        <cmp x="1915" y="2197" width="34" height="30" />
        <cmp x="1946" y="2206" width="43" height="26" />
        <cmp x="1998" y="2185" width="43" height="44" />
        <cmp x="2051" y="2206" width="30" height="46" />
      </word>
      <upper-contour>
        <point x="392" y="2089" />
        <point x="2079" y="2089" />
      </upper-contour>
      <lower-contour>
        <point x="410" y="2269" />
        <point x="1983" y="2269" />
      </lower-contour>
    </line>
    <line ass="48" asx="0" asy="2358" character-width="999" dss="48" dsx="0" dsy="2441" fd0="14385" fd1="3645" fd2="630" filter-width="4" id="e07-101-09" lbs="38" lbx="0" lby="2416" segmentation="ok" slant="70000" stroke-width="5832" threshold="148" text="to be moved; it must be planted out or" ubs="67" ubx="0" uby="2392">
      <word id="e07-101-09-00" tag="TO" text="to">
        <cmp x="412" y="2360" width="27" height="53" />
        <cmp x="450" y="2390" width="21" height="21" />
      </word>
      <word id="e07-101-09-01" tag="BE" text="be">
        <cmp x="524" y="2366" width="26" height="50" />
        <cmp x="550" y="2388" width="22" height="30" />
      </word>
      <word id="e07-101-09-02" tag="VBN" text="moved">
        <cmp x="645" y="2395" width="61" height="24" />
        <cmp x="716" y="2397" width="32" height="22" />
        <cmp x="759" y="2392" width="23" height="22" />
        <cmp x="790" y="2388" width="27" height="26" />
        <cmp x="819" y="2369" width="51" height="46" />
      </word>
      <word id="e07-101-09-03" tag=";" text=";">
        <cmp x="883" y="2409" width="15" height="30" />
        <cmp x="900" y="2387" width="10" height="11" />
      </word>
      <word id="e07-101-09-04" tag="PP3" text="it">
        <cmp x="980" y="2390" width="7" height="25" />
        <cmp x="981" y="2359" width="7" height="10" />
        <cmp x="999" y="2359" width="22" height="55" />
      </word>
      <word id="e07-101-09-05" tag="MD" text="must">
        <cmp x="1085" y="2387" width="53" height="35" />
        <cmp x="1149" y="2394" width="27" height="20" />
        <cmp x="1182" y="2392" width="20" height="25" />
        <cmp x="1208" y="2366" width="23" height="53" />
      </word>
      <word id="e07-101-09-06" tag="BE" text="be">
        <cmp x="1298" y="2360" width="30" height="57" />
        <cmp x="1336" y="2388" width="22" height="22" />
      </word>
      <word id="e07-101-09-07" tag="VBN" text="planted">
        <cmp x="1415" y="2392" width="44" height="48" />
        <cmp x="1468" y="2369" width="29" height="48" />
        <cmp x="1483" y="2395" width="35" height="23" />
        <cmp x="1529" y="2400" width="27" height="18" />
        <cmp x="1572" y="2367" width="33" height="57" />
        <cmp x="1611" y="2389" width="28" height="26" />
        <cmp x="1639" y="2362" width="53" height="53" />
      </word>
      <word id="e07-101-09-08" tag="RP" text="out">
        <cmp x="1754" y="2384" width="40" height="32" />
        <cmp x="1800" y="2388" width="33" height="18" />
        <cmp x="1837" y="2361" width="21" height="52" />
      </word>
      <word id="e07-101-09-09" tag="CC" text="or">
        <cmp x="1910" y="2381" width="32" height="34" />
        <cmp x="1949" y="2388" width="32" height="22" />
      </word>
      <upper-contour>
        <point x="410" y="2269" />
        <point x="1983" y="2269" />
      </upper-contour>
      <lower-contour>
        <point x="424" y="2418" />
        <point x="651" y="2418" />
      </lower-contour>
    </line>
    <line ass="6987" asx="0" asy="2598" character-width="999" dss="6987" dsx="0" dsy="2677" fd0="13624" fd1="3448" fd2="-203" filter-width="4" id="e07-101-10" lbs="6401" lbx="0" lby="2658" segmentation="ok" slant="77000" stroke-width="6127" threshold="146" text="potted." ubs="8158" ubx="0" uby="2643">
      <word id="e07-101-10-00" tag="VBN" text="potted">
        <cmp x="426" y="2566" width="33" height="60" />
        <cmp x="466" y="2573" width="25" height="30" />
        <cmp x="508" y="2537" width="41" height="59" />
        <cmp x="550" y="2561" width="28" height="29" />
        <cmp x="578" y="2540" width="50" height="55" />
      </word>
      <word id="e07-101-10-01" tag="." text=".">
        <cmp x="644" y="2593" width="6" height="6" />
      </word>
      <upper-contour>
        <point x="424" y="2418" />
        <point x="651" y="2418" />
      </upper-contour>
    </line>
  </handwritten-part>
</form>

