<?xml version="1.0" encoding="ISO-8859-1"?>

<!DOCTYPE form SYSTEM 'http://www.iam.unibe.ch/~fki/iamdb/form-metadata.dtd'>

<form created="2002-01-17" height="3542" id="f02-044" last-modified="2002-07-17" skew="127" status="final" version="3.0_beta" width="2479" writer-id="265">
  <machine-printed-part>
    <machine-print-line text="In 1959 it was suggested by Mr. T. M. Banks, Assistant Director of Education for" />
    <machine-print-line text="Glasgow, that industrial firms might be ready to let older employees attend day-" />
    <machine-print-line text="release courses on preparation for retirement, their wages paid for the time thus" />
    <machine-print-line text="spent. An approach was made to about twenty large firms and in October, 1959, the" />
    <machine-print-line text="first experimental day-release course for men was organised. Eleven students from" />
    <machine-print-line text="seven firms attended a course on six full Fridays and it was made clear both to the men" />
    <machine-print-line text="and their employers that the venture was an experiment from which the organisers" />
    <machine-print-line text="hoped to learn as much as the participants." />
  </machine-printed-part>
  <handwritten-part>
    <line ass="-148" asx="0" asy="832" character-width="999" dss="-148" dsx="0" dsy="989" fd0="12405" fd1="1850" fd2="-2771" filter-width="3" id="f02-044-00" lbs="-57" lbx="0" lby="923" segmentation="ok" slant="90000" stroke-width="4922" threshold="224" text="In 1959 it was suggested by Mr. T. M. Banks, Assistant Director" ubs="-329" ubx="0" uby="876">
      <word id="f02-044-00-00" sentence-start="yes" tag="IN" text="In">
        <cmp x="393" y="835" width="4" height="111" />
        <cmp x="405" y="867" width="29" height="68" />
      </word>
      <word id="f02-044-00-01" tag="CD" text="1959">
        <cmp x="473" y="851" width="40" height="85" />
        <cmp x="519" y="844" width="74" height="99" />
        <cmp x="601" y="845" width="27" height="88" />
      </word>
      <word id="f02-044-00-02" tag="PP3" text="it">
        <cmp x="667" y="854" width="7" height="9" />
        <cmp x="667" y="888" width="6" height="51" />
        <cmp x="683" y="852" width="25" height="84" />
      </word>
      <word id="f02-044-00-03" tag="BEDZ" text="was">
        <cmp x="736" y="870" width="29" height="73" />
        <cmp x="768" y="878" width="51" height="64" />
      </word>
      <word id="f02-044-00-04" tag="VBN" text="suggested">
        <cmp x="861" y="869" width="31" height="73" />
        <cmp x="890" y="871" width="30" height="68" />
        <cmp x="911" y="876" width="89" height="118" />
        <cmp x="989" y="877" width="33" height="67" />
        <cmp x="1025" y="851" width="77" height="97" />
      </word>
      <word id="f02-044-00-05" tag="IN" text="by">
        <cmp x="1141" y="853" width="51" height="131" />
      </word>
      <word id="f02-044-00-06" tag="NPT" text="Mr.">
        <cmp x="1236" y="852" width="37" height="90" />
        <cmp x="1272" y="871" width="18" height="61" />
        <cmp x="1296" y="921" width="7" height="10" />
      </word>
      <word id="f02-044-00-07" tag="NP" text="T.">
        <cmp x="1340" y="853" width="35" height="19" />
        <cmp x="1352" y="872" width="7" height="66" />
        <cmp x="1369" y="920" width="9" height="13" />
      </word>
      <word id="f02-044-00-08" tag="NP" text="M.">
        <cmp x="1407" y="852" width="35" height="77" />
        <cmp x="1452" y="920" width="7" height="5" />
      </word>
      <word id="f02-044-00-09" tag="NP" text="Banks">
        <cmp x="1472" y="853" width="106" height="92" />
        <cmp x="1586" y="856" width="47" height="82" />
      </word>
      <word id="f02-044-00-10" tag="," text=",">
        <cmp x="1645" y="930" width="10" height="35" />
      </word>
      <word id="f02-044-00-11" tag="NN" text="Assistant">
        <cmp x="1683" y="855" width="31" height="85" />
        <cmp x="1709" y="857" width="192" height="80" />
        <cmp x="1757" y="860" width="6" height="15" />
      </word>
      <word id="f02-044-00-12" tag="NPT" text="Director">
        <cmp x="1930" y="845" width="36" height="93" />
        <cmp x="1962" y="858" width="7" height="13" />
        <cmp x="1973" y="875" width="38" height="56" />
        <cmp x="2020" y="871" width="26" height="62" />
        <cmp x="2045" y="850" width="32" height="84" />
        <cmp x="2074" y="872" width="60" height="66" />
      </word>
      <lower-contour>
        <point x="391" y="993" />
        <point x="2134" y="993" />
      </lower-contour>
    </line>
    <line ass="748" asx="0" asy="1038" character-width="999" dss="748" dsx="0" dsy="1191" fd0="11932" fd1="1942" fd2="-2735" filter-width="3" id="f02-044-01" lbs="944" lbx="0" lby="1127" segmentation="ok" slant="89000" stroke-width="4952" threshold="224" text="of Education for Glasgow, that industrial firms might be ready" ubs="357" ubx="0" uby="1064">
      <word id="f02-044-01-00" tag="INO" text="of">
        <cmp x="381" y="1058" width="22" height="66" />
        <cmp x="410" y="1038" width="18" height="85" />
      </word>
      <word id="f02-044-01-01" tag="NN" text="Education">
        <cmp x="468" y="1032" width="100" height="93" />
        <cmp x="569" y="1036" width="75" height="89" />
        <cmp x="646" y="1040" width="5" height="5" />
        <cmp x="650" y="1057" width="57" height="62" />
      </word>
      <word id="f02-044-01-02" tag="IN" text="for">
        <cmp x="740" y="1036" width="76" height="85" />
      </word>
      <word id="f02-044-01-03" tag="NP" text="Glasgow">
        <cmp x="847" y="1033" width="32" height="144" />
        <cmp x="886" y="1031" width="8" height="83" />
        <cmp x="896" y="1047" width="27" height="57" />
        <cmp x="921" y="1043" width="28" height="65" />
        <cmp x="946" y="1049" width="26" height="116" />
        <cmp x="977" y="1047" width="30" height="67" />
        <cmp x="1014" y="1050" width="31" height="61" />
      </word>
      <word id="f02-044-01-04" tag="," text=",">
        <cmp x="1063" y="1104" width="9" height="35" />
      </word>
      <word id="f02-044-01-05" tag="CS" text="that">
        <cmp x="1107" y="1033" width="49" height="91" />
        <cmp x="1161" y="1027" width="54" height="86" />
      </word>
      <word id="f02-044-01-06" tag="JJ" text="industrial">
        <cmp x="1274" y="1059" width="5" height="56" />
        <cmp x="1277" y="1027" width="6" height="16" />
        <cmp x="1292" y="1061" width="24" height="50" />
        <cmp x="1332" y="1030" width="77" height="86" />
        <cmp x="1412" y="1033" width="57" height="79" />
        <cmp x="1470" y="1027" width="8" height="20" />
        <cmp x="1474" y="1029" width="62" height="84" />
      </word>
      <word id="f02-044-01-07" tag="NNS" text="firms">
        <cmp x="1567" y="1027" width="42" height="88" />
        <cmp x="1607" y="1029" width="5" height="13" />
        <cmp x="1616" y="1050" width="87" height="61" />
      </word>
      <word id="f02-044-01-08" tag="MD" text="might">
        <cmp x="1738" y="1055" width="60" height="55" />
        <cmp x="1799" y="1029" width="7" height="17" />
        <cmp x="1802" y="1027" width="100" height="143" />
      </word>
      <word id="f02-044-01-09" tag="BE" text="be">
        <cmp x="1939" y="1032" width="59" height="82" />
      </word>
      <word id="f02-044-01-10" tag="JJ" text="ready">
        <cmp x="2017" y="1051" width="12" height="62" />
        <cmp x="2029" y="1048" width="45" height="67" />
        <cmp x="2080" y="1027" width="60" height="124" />
      </word>
      <upper-contour>
        <point x="391" y="993" />
        <point x="2134" y="993" />
      </upper-contour>
      <lower-contour>
        <point x="379" y="1176" />
        <point x="2141" y="1176" />
      </lower-contour>
    </line>
    <line ass="-62" asx="0" asy="1204" character-width="999" dss="-62" dsx="0" dsy="1341" fd0="12087" fd1="1685" fd2="-3075" filter-width="3" id="f02-044-02" lbs="-41" lbx="0" lby="1282" segmentation="err" slant="90000" stroke-width="4886" threshold="224" text="to let older employees attend day-release courses on preparation" ubs="-102" ubx="0" uby="1239">
      <word id="f02-044-02-00" tag="TO" text="to">
        <cmp x="370" y="1206" width="41" height="96" />
      </word>
      <word id="f02-044-02-01" tag="VB" text="let">
        <cmp x="460" y="1209" width="65" height="87" />
      </word>
      <word id="f02-044-02-02" tag="JJR" text="older">
        <cmp x="559" y="1236" width="25" height="68" />
        <cmp x="595" y="1206" width="84" height="90" />
        <cmp x="604" y="1217" width="7" height="9" />
      </word>
      <word id="f02-044-02-03" tag="NNS" text="employees">
        <cmp x="723" y="1233" width="64" height="67" />
        <cmp x="786" y="1208" width="124" height="135" />
        <cmp x="916" y="1235" width="67" height="67" />
      </word>
      <word id="f02-044-02-04" tag="VB" text="attend">
        <cmp x="1023" y="1232" width="33" height="69" />
        <cmp x="1058" y="1209" width="73" height="88" />
        <cmp x="1145" y="1218" width="28" height="74" />
      </word>
      <word id="f02-044-02-05" tag="JJB" text="day-release">
        <cmp x="1211" y="1214" width="31" height="81" />
        <cmp x="1246" y="1231" width="58" height="90" />
        <cmp x="1310" y="1208" width="85" height="85" />
        <cmp x="1379" y="1230" width="11" height="26" />
        <cmp x="1397" y="1233" width="34" height="58" />
        <cmp x="1431" y="1229" width="59" height="62" />
      </word>
      <word id="f02-044-02-06" tag="NNS" text="courses">
        <cmp x="1526" y="1224" width="122" height="72" />
        <cmp x="1635" y="1230" width="75" height="70" />
      </word>
      <word id="f02-044-02-07" tag="IN" text="on">
        <cmp x="1747" y="1228" width="69" height="71" />
      </word>
      <word id="f02-044-02-08" tag="NN" text="preparation">
        <cmp x="1846" y="1228" width="38" height="100" />
        <cmp x="1888" y="1230" width="45" height="59" />
        <cmp x="1931" y="1234" width="33" height="100" />
        <cmp x="1964" y="1237" width="40" height="62" />
        <cmp x="2007" y="1234" width="21" height="60" />
        <cmp x="2023" y="1208" width="75" height="89" />
        <cmp x="2099" y="1208" width="10" height="23" />
        <cmp x="2103" y="1228" width="62" height="68" />
      </word>
      <upper-contour>
        <point x="379" y="1176" />
        <point x="2141" y="1176" />
      </upper-contour>
      <lower-contour>
        <point x="368" y="1342" />
        <point x="2137" y="1342" />
      </lower-contour>
    </line>
    <line ass="101" asx="0" asy="1384" character-width="999" dss="101" dsx="0" dsy="1537" fd0="11804" fd1="1510" fd2="-2808" filter-width="3" id="f02-044-03" lbs="209" lbx="0" lby="1476" segmentation="ok" slant="90000" stroke-width="5069" threshold="224" text="for retirement, their wages paid for the time thus spent. An" ubs="-115" ubx="0" uby="1415">
      <word id="f02-044-03-00" tag="IN" text="for">
        <cmp x="365" y="1433" width="4" height="6" />
        <cmp x="365" y="1384" width="82" height="97" />
      </word>
      <word id="f02-044-03-01" tag="NN" text="retirement">
        <cmp x="482" y="1411" width="45" height="77" />
        <cmp x="524" y="1385" width="42" height="92" />
        <cmp x="562" y="1383" width="11" height="21" />
        <cmp x="577" y="1386" width="185" height="89" />
      </word>
      <word id="f02-044-03-02" tag="," text=",">
        <cmp x="779" y="1463" width="11" height="48" />
      </word>
      <word id="f02-044-03-03" tag="PP$" text="their">
        <cmp x="817" y="1393" width="102" height="93" />
        <cmp x="919" y="1392" width="6" height="14" />
        <cmp x="931" y="1420" width="26" height="50" />
      </word>
      <word id="f02-044-03-04" tag="NNS" text="wages">
        <cmp x="993" y="1412" width="32" height="57" />
        <cmp x="1029" y="1412" width="102" height="126" />
      </word>
      <word id="f02-044-03-05" tag="VBN" text="paid">
        <cmp x="1171" y="1420" width="28" height="93" />
        <cmp x="1203" y="1418" width="48" height="60" />
        <cmp x="1246" y="1396" width="8" height="10" />
        <cmp x="1257" y="1394" width="36" height="75" />
      </word>
      <word id="f02-044-03-06" tag="IN" text="for">
        <cmp x="1317" y="1383" width="80" height="97" />
      </word>
      <word id="f02-044-03-07" tag="ATI" text="the">
        <cmp x="1413" y="1386" width="95" height="98" />
      </word>
      <word id="f02-044-03-08" tag="NN" text="time">
        <cmp x="1535" y="1388" width="40" height="89" />
        <cmp x="1575" y="1383" width="6" height="16" />
        <cmp x="1584" y="1408" width="78" height="72" />
      </word>
      <word id="f02-044-03-09" tag="RB" text="thus">
        <cmp x="1697" y="1387" width="96" height="94" />
        <cmp x="1799" y="1416" width="18" height="57" />
      </word>
      <word id="f02-044-03-10" tag="VBN" text="spent">
        <cmp x="1843" y="1391" width="163" height="127" />
      </word>
      <word id="f02-044-03-11" tag="." text=".">
        <cmp x="2011" y="1465" width="7" height="13" />
      </word>
      <word id="f02-044-03-12" sentence-start="yes" tag="AT" text="An">
        <cmp x="2065" y="1383" width="72" height="100" />
      </word>
      <upper-contour>
        <point x="368" y="1342" />
        <point x="2137" y="1342" />
      </upper-contour>
      <lower-contour>
        <point x="366" y="1537" />
        <point x="2137" y="1537" />
      </lower-contour>
    </line>
    <line ass="852" asx="0" asy="1577" character-width="999" dss="852" dsx="0" dsy="1724" fd0="11716" fd1="1779" fd2="-2504" filter-width="3" id="f02-044-04" lbs="1065" lbx="0" lby="1671" segmentation="ok" slant="90000" stroke-width="4713" threshold="203" text="approach was made to about twenty large firms and in Oc-" ubs="425" ubx="0" uby="1601">
      <word id="f02-044-04-00" tag="NN" text="approach">
        <cmp x="368" y="1589" width="58" height="112" />
        <cmp x="432" y="1600" width="24" height="101" />
        <cmp x="452" y="1594" width="69" height="66" />
        <cmp x="520" y="1599" width="34" height="60" />
        <cmp x="562" y="1571" width="73" height="90" />
      </word>
      <word id="f02-044-04-01" tag="BEDZ" text="was">
        <cmp x="691" y="1582" width="35" height="69" />
        <cmp x="726" y="1589" width="49" height="68" />
      </word>
      <word id="f02-044-04-02" tag="VBN" text="made">
        <cmp x="815" y="1566" width="141" height="90" />
      </word>
      <word id="f02-044-04-03" tag="IN" text="to">
        <cmp x="982" y="1573" width="51" height="85" />
      </word>
      <word id="f02-044-04-04" tag="RB" text="about">
        <cmp x="1075" y="1559" width="67" height="92" />
        <cmp x="1144" y="1565" width="92" height="83" />
      </word>
      <word id="f02-044-04-05" tag="CD" text="twenty">
        <cmp x="1267" y="1560" width="184" height="130" />
      </word>
      <word id="f02-044-04-06" tag="JJ" text="large">
        <cmp x="1511" y="1571" width="7" height="73" />
        <cmp x="1522" y="1587" width="57" height="65" />
        <cmp x="1584" y="1588" width="63" height="115" />
      </word>
      <word id="f02-044-04-07" tag="NNS" text="firms">
        <cmp x="1684" y="1557" width="32" height="95" />
        <cmp x="1720" y="1564" width="3" height="16" />
        <cmp x="1725" y="1587" width="83" height="60" />
      </word>
      <word id="f02-044-04-08" tag="CC" text="and">
        <cmp x="1851" y="1583" width="48" height="64" />
        <cmp x="1899" y="1596" width="21" height="50" />
        <cmp x="1934" y="1568" width="31" height="77" />
      </word>
      <word id="f02-044-04-09" tag="IN" text="in">
        <cmp x="2009" y="1596" width="9" height="56" />
        <cmp x="2022" y="1557" width="3" height="5" />
        <cmp x="2029" y="1595" width="33" height="53" />
      </word>
      <word id="f02-044-04-10" tag="NR-" text="Oc-">
        <cmp x="2094" y="1572" width="23" height="76" />
        <cmp x="2112" y="1557" width="12" height="69" />
        <cmp x="2118" y="1590" width="29" height="57" />
        <cmp x="2152" y="1620" width="16" height="5" />
      </word>
      <upper-contour>
        <point x="366" y="1537" />
        <point x="2137" y="1537" />
      </upper-contour>
      <lower-contour>
        <point x="366" y="1703" />
        <point x="2148" y="1703" />
      </lower-contour>
    </line>
    <line ass="742" asx="0" asy="1752" character-width="999" dss="742" dsx="0" dsy="1884" fd0="12220" fd1="1553" fd2="-2916" filter-width="3" id="f02-044-05" lbs="804" lbx="0" lby="1841" segmentation="ok" slant="90000" stroke-width="5110" threshold="224" text="tober, 1959, the first experimental day-release course for" ubs="619" ubx="0" uby="1782">
      <word id="f02-044-05-00" tag="-NR" text="tober">
        <cmp x="354" y="1747" width="149" height="104" />
      </word>
      <word id="f02-044-05-01" tag="," text=",">
        <cmp x="515" y="1823" width="7" height="39" />
      </word>
      <word id="f02-044-05-02" tag="CD" text="1959">
        <cmp x="545" y="1761" width="35" height="75" />
        <cmp x="580" y="1759" width="103" height="92" />
      </word>
      <word id="f02-044-05-03" tag="," text=",">
        <cmp x="700" y="1825" width="8" height="35" />
      </word>
      <word id="f02-044-05-04" tag="ATI" text="the">
        <cmp x="734" y="1746" width="106" height="88" />
      </word>
      <word id="f02-044-05-05" tag="OD" text="first">
        <cmp x="871" y="1741" width="43" height="97" />
        <cmp x="911" y="1751" width="6" height="15" />
        <cmp x="920" y="1774" width="22" height="56" />
        <cmp x="943" y="1751" width="56" height="85" />
      </word>
      <word id="f02-044-05-06" tag="JJ" text="experimental">
        <cmp x="1035" y="1766" width="60" height="66" />
        <cmp x="1096" y="1766" width="86" height="85" />
        <cmp x="1180" y="1750" width="8" height="7" />
        <cmp x="1192" y="1738" width="216" height="91" />
      </word>
      <word id="f02-044-05-07" tag="JJB" text="day-release">
        <cmp x="1447" y="1740" width="31" height="86" />
        <cmp x="1478" y="1759" width="64" height="107" />
        <cmp x="1558" y="1781" width="30" height="6" />
        <cmp x="1605" y="1736" width="127" height="84" />
        <cmp x="1734" y="1755" width="61" height="70" />
      </word>
      <word id="f02-044-05-08" tag="NN" text="course">
        <cmp x="1838" y="1750" width="189" height="75" />
      </word>
      <word id="f02-044-05-09" tag="IN" text="for">
        <cmp x="2060" y="1735" width="88" height="90" />
      </word>
      <upper-contour>
        <point x="366" y="1703" />
        <point x="2148" y="1703" />
      </upper-contour>
      <lower-contour>
        <point x="367" y="1865" />
        <point x="2148" y="1865" />
      </lower-contour>
    </line>
    <line ass="472" asx="0" asy="1920" character-width="999" dss="472" dsx="0" dsy="2073" fd0="12526" fd1="1616" fd2="-3085" filter-width="3" id="f02-044-06" lbs="512" lbx="0" lby="2003" segmentation="ok" slant="90000" stroke-width="4901" threshold="224" text="men was organised. Eleven students from seven firms atten-" ubs="391" ubx="0" uby="1966">
      <word id="f02-044-06-00" tag="NNS" text="men">
        <cmp x="369" y="1947" width="105" height="74" />
        <cmp x="416" y="1942" width="13" height="39" />
      </word>
      <word id="f02-044-06-01" tag="BEDZ" text="was">
        <cmp x="530" y="1934" width="35" height="77" />
        <cmp x="566" y="1941" width="25" height="64" />
        <cmp x="590" y="1942" width="28" height="63" />
      </word>
      <word id="f02-044-06-02" tag="VBN" text="organised">
        <cmp x="669" y="1945" width="52" height="70" />
        <cmp x="707" y="1958" width="34" height="110" />
        <cmp x="741" y="1952" width="83" height="59" />
        <cmp x="816" y="1921" width="10" height="8" />
        <cmp x="836" y="1915" width="85" height="93" />
      </word>
      <word id="f02-044-06-03" tag="." text=".">
        <cmp x="940" y="1995" width="10" height="10" />
      </word>
      <word id="f02-044-06-04" sentence-start="yes" tag="CD" text="Eleven">
        <cmp x="997" y="1923" width="79" height="87" />
        <cmp x="1012" y="1911" width="16" height="18" />
        <cmp x="1082" y="1938" width="27" height="69" />
        <cmp x="1111" y="1941" width="63" height="66" />
      </word>
      <word id="f02-044-06-05" tag="NNS" text="students">
        <cmp x="1214" y="1921" width="87" height="91" />
        <cmp x="1307" y="1917" width="150" height="93" />
      </word>
      <word id="f02-044-06-06" tag="IN" text="from">
        <cmp x="1497" y="1926" width="121" height="87" />
      </word>
      <word id="f02-044-06-07" tag="CD" text="seven">
        <cmp x="1667" y="1940" width="79" height="68" />
        <cmp x="1744" y="1939" width="59" height="64" />
      </word>
      <word id="f02-044-06-08" tag="NNS" text="firms">
        <cmp x="1841" y="1915" width="41" height="92" />
        <cmp x="1886" y="1922" width="10" height="8" />
        <cmp x="1894" y="1941" width="62" height="65" />
        <cmp x="1958" y="1943" width="23" height="56" />
      </word>
      <word id="f02-044-06-09" tag="VBD-" text="atten-">
        <cmp x="2023" y="1940" width="23" height="64" />
        <cmp x="2059" y="1911" width="78" height="94" />
        <cmp x="2151" y="1969" width="26" height="5" />
      </word>
      <upper-contour>
        <point x="367" y="1865" />
        <point x="2148" y="1865" />
      </upper-contour>
      <lower-contour>
        <point x="367" y="2067" />
        <point x="2149" y="2067" />
      </lower-contour>
    </line>
    <line ass="134" asx="0" asy="2091" character-width="999" dss="134" dsx="0" dsy="2212" fd0="12241" fd1="1811" fd2="-2652" filter-width="3" id="f02-044-07" lbs="53" lbx="0" lby="2180" segmentation="ok" slant="90000" stroke-width="5094" threshold="224" text="ded a course on six full Fridays and it was made clear both" ubs="295" ubx="0" uby="2134">
      <word id="f02-044-07-00" tag="-VBD" text="ded">
        <cmp x="361" y="2106" width="53" height="95" />
        <cmp x="412" y="2102" width="34" height="83" />
      </word>
      <word id="f02-044-07-01" tag="AT" text="a">
        <cmp x="481" y="2124" width="36" height="68" />
      </word>
      <word id="f02-044-07-02" tag="NN" text="course">
        <cmp x="540" y="2122" width="184" height="73" />
      </word>
      <word id="f02-044-07-03" tag="IN" text="on">
        <cmp x="755" y="2126" width="72" height="66" />
      </word>
      <word id="f02-044-07-04" tag="CD" text="six">
        <cmp x="856" y="2123" width="38" height="75" />
        <cmp x="887" y="2097" width="10" height="19" />
        <cmp x="901" y="2127" width="42" height="62" />
      </word>
      <word id="f02-044-07-05" tag="JJ" text="full">
        <cmp x="969" y="2092" width="105" height="106" />
      </word>
      <word id="f02-044-07-06" tag="NRS" text="Fridays">
        <cmp x="1094" y="2098" width="33" height="20" />
        <cmp x="1094" y="2124" width="63" height="59" />
        <cmp x="1154" y="2098" width="7" height="16" />
        <cmp x="1163" y="2101" width="30" height="88" />
        <cmp x="1198" y="2122" width="67" height="88" />
        <cmp x="1271" y="2121" width="27" height="56" />
      </word>
      <word id="f02-044-07-07" tag="CC" text="and">
        <cmp x="1336" y="2106" width="96" height="85" />
      </word>
      <word id="f02-044-07-08" tag="PP3" text="it">
        <cmp x="1475" y="2137" width="6" height="50" />
        <cmp x="1478" y="2093" width="10" height="19" />
        <cmp x="1489" y="2108" width="32" height="78" />
      </word>
      <word id="f02-044-07-09" tag="BEDZ" text="was">
        <cmp x="1559" y="2120" width="33" height="67" />
        <cmp x="1595" y="2118" width="26" height="69" />
        <cmp x="1626" y="2119" width="27" height="68" />
      </word>
      <word id="f02-044-07-10" tag="VBN" text="made">
        <cmp x="1691" y="2125" width="40" height="65" />
        <cmp x="1732" y="2102" width="95" height="89" />
      </word>
      <word id="f02-044-07-11" tag="JJ" text="clear">
        <cmp x="1861" y="2118" width="23" height="66" />
        <cmp x="1892" y="2098" width="98" height="81" />
      </word>
      <word id="f02-044-07-12" tag="ABX" text="both">
        <cmp x="2020" y="2093" width="43" height="82" />
        <cmp x="2072" y="2112" width="18" height="65" />
        <cmp x="2094" y="2087" width="55" height="102" />
      </word>
      <upper-contour>
        <point x="367" y="2067" />
        <point x="2149" y="2067" />
      </upper-contour>
      <lower-contour>
        <point x="359" y="2210" />
        <point x="2098" y="2210" />
      </lower-contour>
    </line>
    <line ass="316" asx="0" asy="2271" character-width="999" dss="316" dsx="0" dsy="2408" fd0="11515" fd1="1645" fd2="-2718" filter-width="3" id="f02-044-08" lbs="279" lbx="0" lby="2368" segmentation="ok" slant="90000" stroke-width="4719" threshold="203" text="to the men and their employers that the venture was an" ubs="391" ubx="0" uby="2312">
      <word id="f02-044-08-00" tag="IN" text="to">
        <cmp x="356" y="2284" width="49" height="96" />
      </word>
      <word id="f02-044-08-01" tag="ATI" text="the">
        <cmp x="441" y="2276" width="100" height="98" />
      </word>
      <word id="f02-044-08-02" tag="NNS" text="men">
        <cmp x="565" y="2301" width="110" height="69" />
      </word>
      <word id="f02-044-08-03" tag="CC" text="and">
        <cmp x="715" y="2302" width="45" height="60" />
        <cmp x="758" y="2309" width="24" height="55" />
        <cmp x="781" y="2276" width="44" height="82" />
      </word>
      <word id="f02-044-08-04" tag="PP$" text="their">
        <cmp x="847" y="2278" width="105" height="91" />
        <cmp x="953" y="2267" width="6" height="15" />
        <cmp x="970" y="2296" width="25" height="62" />
      </word>
      <word id="f02-044-08-05" tag="NNS" text="employers">
        <cmp x="1039" y="2303" width="24" height="72" />
        <cmp x="1062" y="2302" width="47" height="66" />
        <cmp x="1118" y="2314" width="28" height="89" />
        <cmp x="1159" y="2284" width="68" height="113" />
        <cmp x="1232" y="2297" width="69" height="75" />
      </word>
      <word id="f02-044-08-06" tag="CS" text="that">
        <cmp x="1343" y="2279" width="136" height="86" />
      </word>
      <word id="f02-044-08-07" tag="ATI" text="the">
        <cmp x="1512" y="2282" width="96" height="93" />
      </word>
      <word id="f02-044-08-08" tag="NN" text="venture">
        <cmp x="1642" y="2293" width="27" height="75" />
        <cmp x="1670" y="2280" width="178" height="85" />
      </word>
      <word id="f02-044-08-09" tag="BEDZ" text="was">
        <cmp x="1893" y="2294" width="33" height="68" />
        <cmp x="1933" y="2290" width="24" height="71" />
        <cmp x="1962" y="2296" width="25" height="65" />
      </word>
      <word id="f02-044-08-10" tag="AT" text="an">
        <cmp x="2021" y="2288" width="77" height="74" />
      </word>
      <upper-contour>
        <point x="359" y="2210" />
        <point x="2098" y="2210" />
      </upper-contour>
      <lower-contour>
        <point x="357" y="2402" />
        <point x="2098" y="2402" />
      </lower-contour>
    </line>
    <line ass="22" asx="0" asy="2455" character-width="999" dss="22" dsx="0" dsy="2601" fd0="11798" fd1="1462" fd2="-3022" filter-width="3" id="f02-044-09" lbs="13" lbx="0" lby="2539" segmentation="ok" slant="90000" stroke-width="5017" threshold="224" text="experiment from which the organisers hoped to learn as much" ubs="40" ubx="0" uby="2487">
      <word id="f02-044-09-00" tag="NN" text="experiment">
        <cmp x="359" y="2479" width="147" height="103" />
        <cmp x="495" y="2457" width="9" height="9" />
        <cmp x="508" y="2467" width="146" height="84" />
      </word>
      <word id="f02-044-09-01" tag="IN" text="from">
        <cmp x="697" y="2456" width="121" height="93" />
      </word>
      <word id="f02-044-09-02" tag="WDT" text="which">
        <cmp x="870" y="2463" width="49" height="92" />
        <cmp x="906" y="2456" width="11" height="18" />
        <cmp x="930" y="2456" width="58" height="87" />
      </word>
      <word id="f02-044-09-03" tag="ATI" text="the">
        <cmp x="1031" y="2469" width="84" height="88" />
      </word>
      <word id="f02-044-09-04" tag="NNS" text="organisers">
        <cmp x="1152" y="2477" width="76" height="125" />
        <cmp x="1226" y="2486" width="89" height="61" />
        <cmp x="1310" y="2456" width="7" height="4" />
        <cmp x="1323" y="2481" width="92" height="71" />
      </word>
      <word id="f02-044-09-05" tag="VBN" text="hoped">
        <cmp x="1475" y="2456" width="153" height="125" />
      </word>
      <word id="f02-044-09-06" tag="TO" text="to">
        <cmp x="1660" y="2466" width="50" height="82" />
      </word>
      <word id="f02-044-09-07" tag="VB" text="learn">
        <cmp x="1767" y="2460" width="32" height="90" />
        <cmp x="1801" y="2473" width="102" height="72" />
      </word>
      <word id="f02-044-09-08" tag="QL" text="as">
        <cmp x="1945" y="2474" width="30" height="66" />
        <cmp x="1975" y="2472" width="25" height="64" />
      </word>
      <word id="f02-044-09-09" tag="AP" text="much">
        <cmp x="2035" y="2472" width="72" height="73" />
        <cmp x="2112" y="2456" width="53" height="87" />
      </word>
      <upper-contour>
        <point x="357" y="2402" />
        <point x="2098" y="2402" />
      </upper-contour>
      <lower-contour>
        <point x="362" y="2581" />
        <point x="1013" y="2581" />
      </lower-contour>
    </line>
    <line ass="-140" asx="0" asy="2631" character-width="999" dss="-140" dsx="0" dsy="2757" fd0="12495" fd1="1728" fd2="-2531" filter-width="3" id="f02-044-10" lbs="-284" lbx="0" lby="2719" segmentation="ok" slant="92000" stroke-width="4839" threshold="224" text="as the participants." ubs="147" ubx="0" uby="2685">
      <word id="f02-044-10-00" tag="IN" text="as">
        <cmp x="364" y="2654" width="57" height="79" />
      </word>
      <word id="f02-044-10-01" tag="ATI" text="the">
        <cmp x="462" y="2635" width="95" height="94" />
      </word>
      <word id="f02-044-10-02" tag="NNS" text="participants">
        <cmp x="604" y="2665" width="29" height="94" />
        <cmp x="645" y="2641" width="102" height="84" />
        <cmp x="742" y="2634" width="5" height="5" />
        <cmp x="768" y="2656" width="39" height="66" />
        <cmp x="805" y="2634" width="6" height="19" />
        <cmp x="817" y="2662" width="32" height="98" />
        <cmp x="857" y="2640" width="129" height="91" />
      </word>
      <word id="f02-044-10-03" tag="." text=".">
        <cmp x="1000" y="2716" width="13" height="8" />
      </word>
      <upper-contour>
        <point x="362" y="2581" />
        <point x="1013" y="2581" />
      </upper-contour>
    </line>
  </handwritten-part>
</form>

