<?xml version="1.0" encoding="ISO-8859-1"?>

<!DOCTYPE form SYSTEM 'http://www.iam.unibe.ch/~fki/iamdb/form-metadata.dtd'>

<form created="2002-01-17" height="3542" id="f02-020" last-modified="2002-07-17" skew="-191" status="final" version="3.0_beta" width="2479" writer-id="260">
  <machine-printed-part>
    <machine-print-line text="The weekend conference for the men and their wives, which takes place at company" />
    <machine-print-line text="expense in a country or resort hotel, includes an address on &apos;The Woman&apos;s Point of" />
    <machine-print-line text="View&apos; and one on &apos;Making the Most of Health&apos;. Separate discussions are arranged for" />
    <machine-print-line text="the wives in addition to the plenary sessions. Of the men reaching fifty years of age" />
    <machine-print-line text="since the scheme started, 125 (37.2 per cent) have taken part." />
  </machine-printed-part>
  <handwritten-part>
    <line ass="-313" asx="0" asy="722" character-width="999" dss="-313" dsx="0" dsy="831" fd0="15257" fd1="3031" fd2="-1207" filter-width="3" id="f02-020-00" lbs="-327" lbx="0" lby="785" segmentation="ok" slant="59000" stroke-width="5262" threshold="189" text="The weekend conference for the men and their wives," ubs="-283" ubx="0" uby="754">
      <word id="f02-020-00-00" sentence-start="yes" tag="ATI" text="The">
        <cmp x="329" y="739" width="25" height="50" />
        <cmp x="337" y="725" width="35" height="6" />
        <cmp x="358" y="725" width="30" height="57" />
        <cmp x="392" y="749" width="26" height="34" />
      </word>
      <word id="f02-020-00-01" tag="NN" text="weekend">
        <cmp x="475" y="756" width="49" height="36" />
        <cmp x="523" y="756" width="25" height="34" />
        <cmp x="546" y="756" width="24" height="32" />
        <cmp x="574" y="733" width="30" height="58" />
        <cmp x="607" y="756" width="23" height="31" />
        <cmp x="634" y="756" width="33" height="33" />
        <cmp x="668" y="743" width="48" height="44" />
      </word>
      <word id="f02-020-00-02" tag="NN" text="conference">
        <cmp x="748" y="757" width="35" height="35" />
        <cmp x="779" y="760" width="34" height="31" />
        <cmp x="820" y="762" width="29" height="29" />
        <cmp x="834" y="732" width="57" height="101" />
        <cmp x="878" y="759" width="30" height="37" />
        <cmp x="907" y="758" width="88" height="38" />
        <cmp x="998" y="758" width="30" height="37" />
        <cmp x="1031" y="760" width="26" height="32" />
      </word>
      <word id="f02-020-00-03" tag="IN" text="for">
        <cmp x="1074" y="732" width="112" height="106" />
      </word>
      <word id="f02-020-00-04" tag="ATI" text="the">
        <cmp x="1215" y="741" width="32" height="53" />
        <cmp x="1237" y="734" width="38" height="61" />
        <cmp x="1274" y="760" width="23" height="29" />
      </word>
      <word id="f02-020-00-05" tag="NNS" text="men">
        <cmp x="1325" y="761" width="55" height="36" />
        <cmp x="1388" y="760" width="64" height="36" />
        <cmp x="1435" y="763" width="4" height="3" />
      </word>
      <word id="f02-020-00-06" tag="CC" text="and">
        <cmp x="1491" y="759" width="45" height="34" />
        <cmp x="1536" y="762" width="37" height="30" />
        <cmp x="1569" y="759" width="48" height="37" />
        <cmp x="1617" y="753" width="5" height="4" />
      </word>
      <word id="f02-020-00-07" tag="PP$" text="their">
        <cmp x="1644" y="741" width="37" height="53" />
        <cmp x="1665" y="736" width="40" height="58" />
        <cmp x="1704" y="761" width="52" height="34" />
        <cmp x="1755" y="760" width="28" height="34" />
        <cmp x="1761" y="751" width="4" height="10" />
      </word>
      <word id="f02-020-00-08" tag="NNS" text="wives">
        <cmp x="1822" y="762" width="55" height="43" />
        <cmp x="1882" y="769" width="16" height="25" />
        <cmp x="1894" y="764" width="40" height="33" />
        <cmp x="1902" y="748" width="6" height="7" />
        <cmp x="1935" y="770" width="26" height="29" />
        <cmp x="1957" y="765" width="40" height="33" />
      </word>
      <word id="f02-020-00-09" tag="," text=",">
        <cmp x="1997" y="795" width="18" height="20" />
      </word>
      <lower-contour>
        <point x="327" y="838" />
        <point x="2016" y="838" />
      </lower-contour>
    </line>
    <line ass="-173" asx="0" asy="913" character-width="999" dss="-173" dsx="0" dsy="1002" fd0="15402" fd1="3169" fd2="-1068" filter-width="3" id="f02-020-01" lbs="-161" lbx="0" lby="973" segmentation="ok" slant="57000" stroke-width="5140" threshold="189" text="which takes place at company expense in a country or" ubs="-196" ubx="0" uby="941">
      <word id="f02-020-01-00" tag="WDT" text="which">
        <cmp x="304" y="926" width="48" height="46" />
        <cmp x="346" y="918" width="31" height="58" />
        <cmp x="383" y="947" width="15" height="26" />
        <cmp x="402" y="925" width="5" height="7" />
        <cmp x="403" y="937" width="26" height="35" />
        <cmp x="429" y="922" width="26" height="54" />
      </word>
      <word id="f02-020-01-01" tag="VBZ" text="takes">
        <cmp x="517" y="916" width="32" height="58" />
        <cmp x="540" y="941" width="37" height="28" />
        <cmp x="573" y="919" width="35" height="56" />
        <cmp x="583" y="943" width="24" height="31" />
        <cmp x="611" y="942" width="26" height="34" />
        <cmp x="639" y="941" width="35" height="31" />
      </word>
      <word id="f02-020-01-02" tag="NN" text="place">
        <cmp x="706" y="945" width="48" height="58" />
        <cmp x="758" y="919" width="35" height="59" />
        <cmp x="780" y="940" width="40" height="34" />
        <cmp x="817" y="943" width="28" height="32" />
        <cmp x="847" y="947" width="21" height="29" />
      </word>
      <word id="f02-020-01-03" tag="IN" text="at">
        <cmp x="903" y="946" width="34" height="30" />
        <cmp x="931" y="923" width="36" height="56" />
      </word>
      <word id="f02-020-01-04" tag="NN" text="company">
        <cmp x="1004" y="940" width="35" height="35" />
        <cmp x="1038" y="943" width="30" height="29" />
        <cmp x="1067" y="946" width="49" height="30" />
        <cmp x="1099" y="948" width="52" height="58" />
        <cmp x="1155" y="942" width="34" height="33" />
        <cmp x="1195" y="945" width="34" height="31" />
        <cmp x="1219" y="947" width="42" height="55" />
      </word>
      <word id="f02-020-01-05" tag="NN" text="expense">
        <cmp x="1313" y="944" width="28" height="34" />
        <cmp x="1339" y="946" width="34" height="34" />
        <cmp x="1354" y="948" width="49" height="55" />
        <cmp x="1411" y="947" width="58" height="31" />
        <cmp x="1472" y="947" width="41" height="31" />
        <cmp x="1507" y="952" width="21" height="23" />
      </word>
      <word id="f02-020-01-06" tag="IN" text="in">
        <cmp x="1574" y="952" width="17" height="29" />
        <cmp x="1592" y="949" width="32" height="26" />
        <cmp x="1606" y="926" width="4" height="13" />
      </word>
      <word id="f02-020-01-07" tag="AT" text="a">
        <cmp x="1679" y="944" width="43" height="34" />
      </word>
      <word id="f02-020-01-08" tag="NN" text="country">
        <cmp x="1763" y="942" width="33" height="31" />
        <cmp x="1796" y="946" width="37" height="29" />
        <cmp x="1832" y="945" width="46" height="31" />
        <cmp x="1876" y="952" width="31" height="25" />
        <cmp x="1909" y="930" width="36" height="46" />
        <cmp x="1923" y="940" width="34" height="34" />
        <cmp x="1936" y="944" width="49" height="63" />
      </word>
      <word id="f02-020-01-09" tag="CC" text="or">
        <cmp x="2036" y="949" width="71" height="32" />
      </word>
      <upper-contour>
        <point x="327" y="838" />
        <point x="2016" y="838" />
      </upper-contour>
      <lower-contour>
        <point x="302" y="1006" />
        <point x="2108" y="1006" />
      </lower-contour>
    </line>
    <line ass="-127" asx="0" asy="1091" character-width="999" dss="-127" dsx="0" dsy="1174" fd0="15292" fd1="3384" fd2="-966" filter-width="3" id="f02-020-02" lbs="-67" lbx="0" lby="1150" segmentation="ok" slant="58000" stroke-width="5118" threshold="189" text="resort hotel, includes an address on &apos;The Woman&apos;s Point" ubs="-247" ubx="0" uby="1116">
      <word id="f02-020-02-00" tag="NN" text="resort">
        <cmp x="298" y="1094" width="43" height="45" />
        <cmp x="339" y="1104" width="40" height="31" />
        <cmp x="376" y="1106" width="29" height="31" />
        <cmp x="411" y="1094" width="57" height="50" />
      </word>
      <word id="f02-020-02-01" tag="NN" text="hotel">
        <cmp x="521" y="1094" width="37" height="60" />
        <cmp x="555" y="1119" width="34" height="36" />
        <cmp x="586" y="1100" width="41" height="66" />
        <cmp x="615" y="1120" width="25" height="33" />
        <cmp x="642" y="1106" width="31" height="49" />
      </word>
      <word id="f02-020-02-02" tag="," text=",">
        <cmp x="663" y="1151" width="16" height="25" />
      </word>
      <word id="f02-020-02-03" tag="VBZ" text="includes">
        <cmp x="747" y="1128" width="19" height="27" />
        <cmp x="770" y="1123" width="36" height="28" />
        <cmp x="777" y="1103" width="6" height="9" />
        <cmp x="810" y="1122" width="28" height="31" />
        <cmp x="842" y="1101" width="32" height="51" />
        <cmp x="861" y="1121" width="39" height="34" />
        <cmp x="902" y="1119" width="46" height="41" />
        <cmp x="943" y="1128" width="22" height="29" />
        <cmp x="945" y="1115" width="5" height="3" />
        <cmp x="962" y="1132" width="35" height="28" />
      </word>
      <word id="f02-020-02-04" tag="AT" text="an">
        <cmp x="1049" y="1120" width="45" height="35" />
        <cmp x="1091" y="1121" width="32" height="33" />
      </word>
      <word id="f02-020-02-05" tag="NN" text="address">
        <cmp x="1164" y="1121" width="41" height="33" />
        <cmp x="1206" y="1112" width="49" height="44" />
        <cmp x="1247" y="1107" width="48" height="49" />
        <cmp x="1255" y="1106" width="5" height="4" />
        <cmp x="1283" y="1123" width="45" height="33" />
        <cmp x="1329" y="1128" width="54" height="29" />
      </word>
      <word id="f02-020-02-06" tag="IN" text="on">
        <cmp x="1432" y="1125" width="37" height="30" />
        <cmp x="1470" y="1128" width="32" height="30" />
      </word>
      <word id="f02-020-02-07" tag="*&apos;" text="&apos;">
        <cmp x="1552" y="1095" width="19" height="27" />
        <cmp x="1560" y="1101" width="17" height="21" />
      </word>
      <word id="f02-020-02-08" tag="ATI" text="The">
        <cmp x="1586" y="1104" width="53" height="54" />
        <cmp x="1612" y="1107" width="33" height="50" />
        <cmp x="1647" y="1127" width="21" height="31" />
      </word>
      <word id="f02-020-02-09" tag="NN$" text="Woman&apos;s">
        <cmp x="1718" y="1099" width="67" height="57" />
        <cmp x="1771" y="1123" width="30" height="32" />
        <cmp x="1802" y="1126" width="49" height="31" />
        <cmp x="1862" y="1125" width="40" height="30" />
        <cmp x="1900" y="1124" width="35" height="31" />
        <cmp x="1972" y="1105" width="6" height="5" />
        <cmp x="1964" y="1124" width="39" height="28" />
      </word>
      <word id="f02-020-02-10" tag="NN" text="Point">
        <cmp x="2039" y="1103" width="48" height="55" />
        <cmp x="2061" y="1117" width="5" height="6" />
        <cmp x="2074" y="1122" width="35" height="29" />
        <cmp x="2108" y="1125" width="21" height="26" />
        <cmp x="2123" y="1125" width="36" height="29" />
        <cmp x="2134" y="1109" width="3" height="6" />
        <cmp x="2158" y="1107" width="36" height="52" />
      </word>
      <upper-contour>
        <point x="302" y="1006" />
        <point x="2108" y="1006" />
      </upper-contour>
      <lower-contour>
        <point x="296" y="1177" />
        <point x="2195" y="1177" />
      </lower-contour>
    </line>
    <line ass="-252" asx="0" asy="1261" character-width="999" dss="-252" dsx="0" dsy="1367" fd0="14784" fd1="3057" fd2="-938" filter-width="3" id="f02-020-03" lbs="-148" lbx="0" lby="1330" segmentation="ok" slant="58000" stroke-width="5275" threshold="189" text="of View&apos; and one on &apos;Making the Most of Health&apos;. Separate" ubs="-460" ubx="0" uby="1296">
      <word id="f02-020-03-00" tag="INO" text="of">
        <cmp x="291" y="1285" width="28" height="31" />
        <cmp x="307" y="1264" width="43" height="89" />
      </word>
      <word id="f02-020-03-01" tag="NN" text="View">
        <cmp x="398" y="1269" width="38" height="55" />
        <cmp x="427" y="1296" width="15" height="26" />
        <cmp x="444" y="1281" width="3" height="6" />
        <cmp x="445" y="1294" width="21" height="32" />
        <cmp x="468" y="1294" width="46" height="36" />
      </word>
      <word id="f02-020-03-02" tag="**&apos;" text="&apos;">
        <cmp x="538" y="1266" width="13" height="24" />
      </word>
      <word id="f02-020-03-03" tag="CC" text="and">
        <cmp x="582" y="1301" width="38" height="36" />
        <cmp x="621" y="1305" width="33" height="27" />
        <cmp x="655" y="1286" width="49" height="53" />
      </word>
      <word id="f02-020-03-04" tag="CD1" text="one">
        <cmp x="744" y="1303" width="33" height="34" />
        <cmp x="778" y="1307" width="34" height="30" />
        <cmp x="818" y="1311" width="17" height="26" />
      </word>
      <word id="f02-020-03-05" tag="IN" text="on">
        <cmp x="883" y="1307" width="29" height="25" />
        <cmp x="916" y="1310" width="26" height="33" />
      </word>
      <word id="f02-020-03-06" tag="*&apos;" text="&apos;">
        <cmp x="1006" y="1277" width="7" height="12" />
      </word>
      <word id="f02-020-03-07" tag="VBG" text="Making">
        <cmp x="1012" y="1278" width="66" height="60" />
        <cmp x="1066" y="1293" width="39" height="37" />
        <cmp x="1100" y="1282" width="32" height="51" />
        <cmp x="1135" y="1310" width="15" height="24" />
        <cmp x="1149" y="1311" width="36" height="27" />
        <cmp x="1154" y="1294" width="5" height="7" />
        <cmp x="1163" y="1309" width="55" height="65" />
      </word>
      <word id="f02-020-03-08" tag="ATI" text="the">
        <cmp x="1271" y="1283" width="34" height="58" />
        <cmp x="1295" y="1281" width="32" height="57" />
        <cmp x="1330" y="1307" width="20" height="28" />
      </word>
      <word id="f02-020-03-09" tag="AP" text="Most">
        <cmp x="1385" y="1275" width="60" height="61" />
        <cmp x="1440" y="1302" width="33" height="32" />
        <cmp x="1473" y="1283" width="62" height="57" />
      </word>
      <word id="f02-020-03-10" tag="INO" text="of">
        <cmp x="1566" y="1304" width="33" height="30" />
        <cmp x="1585" y="1278" width="57" height="90" />
      </word>
      <word id="f02-020-03-11" tag="NN" text="Health">
        <cmp x="1673" y="1279" width="49" height="56" />
        <cmp x="1718" y="1298" width="27" height="33" />
        <cmp x="1748" y="1299" width="42" height="32" />
        <cmp x="1790" y="1274" width="42" height="59" />
        <cmp x="1811" y="1279" width="35" height="52" />
        <cmp x="1833" y="1279" width="34" height="54" />
      </word>
      <word id="f02-020-03-12" tag="**&apos;" text="&apos;">
        <cmp x="1895" y="1270" width="13" height="31" />
      </word>
      <word id="f02-020-03-13" tag="." text=".">
        <cmp x="1905" y="1335" width="5" height="5" />
      </word>
      <word id="f02-020-03-14" sentence-start="yes" tag="JJ" text="Separate">
        <cmp x="1961" y="1293" width="71" height="44" />
        <cmp x="1998" y="1311" width="63" height="57" />
        <cmp x="2009" y="1310" width="24" height="25" />
        <cmp x="2063" y="1310" width="42" height="30" />
        <cmp x="2104" y="1309" width="30" height="33" />
        <cmp x="2131" y="1313" width="40" height="29" />
        <cmp x="2168" y="1295" width="40" height="56" />
      </word>
      <upper-contour>
        <point x="296" y="1177" />
        <point x="2195" y="1177" />
      </upper-contour>
      <lower-contour>
        <point x="289" y="1374" />
        <point x="2209" y="1374" />
      </lower-contour>
    </line>
    <line ass="-604" asx="0" asy="1439" character-width="999" dss="-604" dsx="0" dsy="1534" fd0="15066" fd1="3342" fd2="-1214" filter-width="3" id="f02-020-04" lbs="-592" lbx="0" lby="1499" segmentation="ok" slant="59000" stroke-width="5067" threshold="189" text="discussions are arranged for the wives in addition to the" ubs="-626" ubx="0" uby="1470">
      <word id="f02-020-04-00" tag="NNS" text="discussions">
        <cmp x="276" y="1451" width="50" height="55" />
        <cmp x="316" y="1476" width="16" height="26" />
        <cmp x="333" y="1475" width="32" height="28" />
        <cmp x="335" y="1459" width="4" height="10" />
        <cmp x="369" y="1475" width="29" height="32" />
        <cmp x="398" y="1476" width="38" height="34" />
        <cmp x="433" y="1480" width="43" height="29" />
        <cmp x="463" y="1477" width="37" height="31" />
        <cmp x="494" y="1477" width="20" height="35" />
        <cmp x="515" y="1467" width="4" height="4" />
        <cmp x="520" y="1481" width="32" height="28" />
        <cmp x="558" y="1482" width="28" height="28" />
        <cmp x="589" y="1483" width="35" height="32" />
      </word>
      <word id="f02-020-04-01" tag="BER" text="are">
        <cmp x="669" y="1478" width="35" height="32" />
        <cmp x="706" y="1476" width="45" height="33" />
      </word>
      <word id="f02-020-04-02" tag="VBN" text="arranged">
        <cmp x="805" y="1475" width="38" height="32" />
        <cmp x="842" y="1476" width="28" height="33" />
        <cmp x="866" y="1474" width="30" height="36" />
        <cmp x="894" y="1479" width="35" height="31" />
        <cmp x="931" y="1483" width="29" height="28" />
        <cmp x="953" y="1478" width="48" height="67" />
        <cmp x="1004" y="1482" width="21" height="31" />
        <cmp x="1023" y="1483" width="6" height="11" />
        <cmp x="1036" y="1461" width="52" height="50" />
      </word>
      <word id="f02-020-04-03" tag="IN" text="for">
        <cmp x="1100" y="1455" width="59" height="93" />
        <cmp x="1142" y="1485" width="55" height="28" />
      </word>
      <word id="f02-020-04-04" tag="ATI" text="the">
        <cmp x="1245" y="1453" width="38" height="52" />
        <cmp x="1269" y="1457" width="33" height="52" />
        <cmp x="1310" y="1478" width="20" height="30" />
      </word>
      <word id="f02-020-04-05" tag="NNS" text="wives">
        <cmp x="1389" y="1470" width="52" height="43" />
        <cmp x="1440" y="1481" width="19" height="27" />
        <cmp x="1464" y="1463" width="5" height="7" />
        <cmp x="1465" y="1481" width="33" height="32" />
        <cmp x="1501" y="1481" width="22" height="29" />
        <cmp x="1523" y="1482" width="43" height="30" />
      </word>
      <word id="f02-020-04-06" tag="IN" text="in">
        <cmp x="1619" y="1486" width="22" height="30" />
        <cmp x="1634" y="1493" width="36" height="28" />
        <cmp x="1647" y="1461" width="5" height="14" />
      </word>
      <word id="f02-020-04-07" tag="NN" text="addition">
        <cmp x="1723" y="1485" width="40" height="35" />
        <cmp x="1770" y="1468" width="60" height="54" />
        <cmp x="1809" y="1469" width="57" height="55" />
        <cmp x="1854" y="1502" width="15" height="17" />
        <cmp x="1868" y="1481" width="44" height="49" />
        <cmp x="1870" y="1483" width="6" height="4" />
        <cmp x="1914" y="1486" width="6" height="6" />
        <cmp x="1917" y="1494" width="75" height="31" />
      </word>
      <word id="f02-020-04-08" tag="IN" text="to">
        <cmp x="2043" y="1474" width="65" height="52" />
      </word>
      <word id="f02-020-04-09" tag="ATI" text="the">
        <cmp x="2123" y="1474" width="60" height="54" />
        <cmp x="2187" y="1500" width="22" height="26" />
      </word>
      <upper-contour>
        <point x="289" y="1374" />
        <point x="2209" y="1374" />
      </upper-contour>
      <lower-contour>
        <point x="274" y="1548" />
        <point x="2167" y="1548" />
      </lower-contour>
    </line>
    <line ass="-1062" asx="0" asy="1602" character-width="999" dss="-1062" dsx="0" dsy="1708" fd0="15179" fd1="3002" fd2="-1182" filter-width="3" id="f02-020-05" lbs="-1198" lbx="0" lby="1668" segmentation="ok" slant="57000" stroke-width="5155" threshold="189" text="plenary sessions. Of the men reaching fifty years of age" ubs="-790" ubx="0" uby="1647">
      <word id="f02-020-05-00" tag="JJ" text="plenary">
        <cmp x="252" y="1624" width="47" height="74" />
        <cmp x="297" y="1609" width="29" height="57" />
        <cmp x="317" y="1631" width="55" height="31" />
        <cmp x="373" y="1632" width="36" height="33" />
        <cmp x="411" y="1630" width="56" height="67" />
      </word>
      <word id="f02-020-05-01" tag="NNS" text="sessions">
        <cmp x="513" y="1656" width="52" height="31" />
        <cmp x="565" y="1655" width="26" height="33" />
        <cmp x="593" y="1656" width="40" height="31" />
        <cmp x="618" y="1657" width="40" height="29" />
        <cmp x="658" y="1662" width="19" height="30" />
        <cmp x="675" y="1649" width="5" height="6" />
        <cmp x="679" y="1664" width="35" height="30" />
        <cmp x="717" y="1666" width="36" height="28" />
        <cmp x="754" y="1664" width="34" height="30" />
      </word>
      <word id="f02-020-05-02" tag="." text=".">
        <cmp x="792" y="1691" width="6" height="4" />
      </word>
      <word id="f02-020-05-03" sentence-start="yes" tag="INO" text="Of">
        <cmp x="873" y="1633" width="46" height="51" />
        <cmp x="894" y="1626" width="56" height="99" />
      </word>
      <word id="f02-020-05-04" tag="ATI" text="the">
        <cmp x="983" y="1636" width="32" height="52" />
        <cmp x="1008" y="1633" width="31" height="55" />
        <cmp x="1042" y="1657" width="20" height="33" />
      </word>
      <word id="f02-020-05-05" tag="NNS" text="men">
        <cmp x="1120" y="1660" width="57" height="43" />
        <cmp x="1183" y="1664" width="63" height="33" />
        <cmp x="1229" y="1663" width="5" height="4" />
      </word>
      <word id="f02-020-05-06" tag="VBG" text="reaching">
        <cmp x="1293" y="1659" width="55" height="35" />
        <cmp x="1349" y="1658" width="41" height="32" />
        <cmp x="1390" y="1647" width="54" height="45" />
        <cmp x="1444" y="1674" width="17" height="23" />
        <cmp x="1460" y="1674" width="31" height="23" />
        <cmp x="1461" y="1654" width="6" height="7" />
        <cmp x="1481" y="1664" width="45" height="61" />
      </word>
      <word id="f02-020-05-07" tag="CD" text="fifty">
        <cmp x="1561" y="1637" width="63" height="94" />
        <cmp x="1607" y="1670" width="18" height="23" />
        <cmp x="1613" y="1638" width="55" height="85" />
        <cmp x="1634" y="1649" width="5" height="7" />
        <cmp x="1651" y="1646" width="31" height="50" />
        <cmp x="1666" y="1663" width="40" height="57" />
      </word>
      <word id="f02-020-05-08" tag="NNS" text="years">
        <cmp x="1749" y="1666" width="51" height="65" />
        <cmp x="1802" y="1666" width="29" height="31" />
        <cmp x="1830" y="1666" width="39" height="34" />
        <cmp x="1867" y="1663" width="36" height="38" />
        <cmp x="1893" y="1665" width="42" height="34" />
      </word>
      <word id="f02-020-05-09" tag="INO" text="of">
        <cmp x="1972" y="1669" width="39" height="33" />
        <cmp x="1983" y="1644" width="67" height="99" />
      </word>
      <word id="f02-020-05-10" tag="NN" text="age">
        <cmp x="2063" y="1671" width="37" height="31" />
        <cmp x="2094" y="1670" width="48" height="60" />
        <cmp x="2143" y="1670" width="23" height="29" />
      </word>
      <upper-contour>
        <point x="274" y="1548" />
        <point x="2167" y="1548" />
      </upper-contour>
      <lower-contour>
        <point x="250" y="1742" />
        <point x="1994" y="1742" />
      </lower-contour>
    </line>
    <line ass="-641" asx="0" asy="1785" character-width="999" dss="-641" dsx="0" dsy="1889" fd0="15137" fd1="3319" fd2="-615" filter-width="3" id="f02-020-06" lbs="-732" lbx="0" lby="1857" segmentation="ok" slant="57000" stroke-width="5060" threshold="189" text="since the scheme started, 125 (37.2 per cent) have" ubs="-458" ubx="0" uby="1832">
      <word id="f02-020-06-00" tag="CS" text="since">
        <cmp x="246" y="1817" width="50" height="40" />
        <cmp x="286" y="1821" width="17" height="32" />
        <cmp x="304" y="1822" width="29" height="37" />
        <cmp x="307" y="1799" width="6" height="10" />
        <cmp x="332" y="1824" width="30" height="34" />
        <cmp x="368" y="1830" width="25" height="32" />
      </word>
      <word id="f02-020-06-01" tag="ATI" text="the">
        <cmp x="455" y="1803" width="30" height="54" />
        <cmp x="478" y="1799" width="30" height="60" />
        <cmp x="514" y="1832" width="20" height="32" />
      </word>
      <word id="f02-020-06-02" tag="NN" text="scheme">
        <cmp x="573" y="1835" width="51" height="29" />
        <cmp x="617" y="1810" width="69" height="64" />
        <cmp x="682" y="1844" width="27" height="28" />
        <cmp x="711" y="1844" width="55" height="29" />
        <cmp x="728" y="1841" width="5" height="4" />
        <cmp x="766" y="1843" width="23" height="32" />
      </word>
      <word id="f02-020-06-03" tag="VBD" text="started">
        <cmp x="833" y="1842" width="45" height="30" />
        <cmp x="880" y="1814" width="36" height="60" />
        <cmp x="906" y="1836" width="34" height="32" />
        <cmp x="941" y="1819" width="53" height="56" />
        <cmp x="1001" y="1842" width="30" height="29" />
        <cmp x="1027" y="1817" width="60" height="54" />
      </word>
      <word id="f02-020-06-04" tag="," text=",">
        <cmp x="1070" y="1867" width="14" height="17" />
      </word>
      <word id="f02-020-06-05" tag="CD" text="125">
        <cmp x="1162" y="1823" width="34" height="52" />
        <cmp x="1186" y="1826" width="36" height="43" />
        <cmp x="1213" y="1822" width="71" height="51" />
      </word>
      <word id="f02-020-06-06" tag="(" text="(">
        <cmp x="1294" y="1799" width="63" height="88" />
      </word>
      <word id="f02-020-06-07" tag="CD" text="37.2">
        <cmp x="1338" y="1833" width="46" height="42" />
        <cmp x="1384" y="1828" width="27" height="54" />
        <cmp x="1422" y="1876" width="12" height="19" />
        <cmp x="1459" y="1827" width="36" height="49" />
      </word>
      <word id="f02-020-06-08" tag="NNU21" text="per">
        <cmp x="1515" y="1847" width="58" height="57" />
        <cmp x="1577" y="1844" width="52" height="32" />
      </word>
      <word id="f02-020-06-09" tag="NNU22" text="cent">
        <cmp x="1671" y="1841" width="37" height="35" />
        <cmp x="1701" y="1845" width="62" height="30" />
        <cmp x="1758" y="1829" width="36" height="45" />
      </word>
      <word id="f02-020-06-10" tag=")" text=")">
        <cmp x="1771" y="1808" width="56" height="101" />
      </word>
      <word id="f02-020-06-11" tag="HV" text="have">
        <cmp x="1851" y="1817" width="43" height="57" />
        <cmp x="1891" y="1839" width="41" height="33" />
        <cmp x="1931" y="1840" width="36" height="32" />
        <cmp x="1969" y="1842" width="24" height="28" />
      </word>
      <upper-contour>
        <point x="250" y="1742" />
        <point x="1994" y="1742" />
      </upper-contour>
      <lower-contour>
        <point x="274" y="1866" />
        <point x="605" y="1866" />
      </lower-contour>
    </line>
    <line ass="-3125" asx="0" asy="1975" character-width="999" dss="-3125" dsx="0" dsy="2063" fd0="14796" fd1="3001" fd2="-740" filter-width="3" id="f02-020-07" lbs="-2220" lbx="0" lby="2035" segmentation="ok" slant="59999" stroke-width="5101" threshold="189" text="taken part." ubs="-4934" ubx="0" uby="1989">
      <word id="f02-020-07-00" tag="VBN" text="taken">
        <cmp x="276" y="1992" width="30" height="52" />
        <cmp x="301" y="2010" width="32" height="38" />
        <cmp x="334" y="1996" width="28" height="48" />
        <cmp x="346" y="2016" width="19" height="26" />
        <cmp x="366" y="2014" width="28" height="31" />
        <cmp x="394" y="2022" width="31" height="30" />
      </word>
      <word id="f02-020-07-01" tag="NN" text="part">
        <cmp x="449" y="2025" width="52" height="63" />
        <cmp x="504" y="2024" width="34" height="27" />
        <cmp x="542" y="2004" width="49" height="53" />
      </word>
      <word id="f02-020-07-02" tag="." text=".">
        <cmp x="598" y="2052" width="7" height="5" />
      </word>
      <upper-contour>
        <point x="274" y="1866" />
        <point x="605" y="1866" />
      </upper-contour>
    </line>
  </handwritten-part>
</form>

