<?xml version="1.0" encoding="ISO-8859-1"?>

<!DOCTYPE form SYSTEM 'http://www.iam.unibe.ch/~fki/iamdb/form-metadata.dtd'>

<form created="2002-01-17" height="3542" id="f03-182" last-modified="2002-07-17" skew="0" status="final" version="3.0_beta" width="2479" writer-id="269">
  <machine-printed-part>
    <machine-print-line text="But that&apos;s a terrible way to begin! Why tell them you are a novice? It&apos;s their interest" />
    <machine-print-line text="you want - not their sympathy. And you want to get it from the word GO! Try" />
    <machine-print-line text="something like this: It is said that television keeps people at home. But you, at any" />
    <machine-print-line text="rate, have proved that wrong. And they say, too, that television makes its appeal to" />
    <machine-print-line text="those of lesser intelligence." />
  </machine-printed-part>
  <handwritten-part>
    <line ass="-34" asx="0" asy="715" character-width="999" dss="-34" dsx="0" dsy="847" fd0="14871" fd1="2768" fd2="-926" filter-width="3" id="f03-182-00" lbs="16" lbx="0" lby="776" segmentation="ok" slant="78000" stroke-width="4638" threshold="203" text="But that&apos;s a terrible way to begin! Why tell them you" ubs="-137" ubx="0" uby="754">
      <word id="f03-182-00-00" sentence-start="yes" tag="CC" text="But">
        <cmp x="412" y="738" width="101" height="52" />
      </word>
      <word id="f03-182-00-01" tag="DT" text="that">
        <cmp x="553" y="730" width="132" height="57" />
        <cmp x="664" y="745" width="6" height="13" />
      </word>
      <word id="f03-182-00-02" tag="BEZ" text="&apos;s">
        <cmp x="668" y="736" width="4" height="9" />
        <cmp x="710" y="759" width="31" height="31" />
      </word>
      <word id="f03-182-00-03" tag="AT" text="a">
        <cmp x="729" y="762" width="3" height="3" />
      </word>
      <word id="f03-182-00-04" tag="JJ" text="terrible">
        <cmp x="783" y="736" width="190" height="55" />
        <cmp x="897" y="732" width="3" height="3" />
        <cmp x="916" y="761" width="8" height="8" />
      </word>
      <word id="f03-182-00-05" tag="NN" text="way">
        <cmp x="1006" y="753" width="36" height="32" />
        <cmp x="1031" y="761" width="43" height="27" />
        <cmp x="1047" y="765" width="5" height="5" />
        <cmp x="1073" y="753" width="62" height="77" />
      </word>
      <word id="f03-182-00-06" tag="TO" text="to">
        <cmp x="1189" y="771" width="3" height="4" />
        <cmp x="1191" y="718" width="43" height="52" />
        <cmp x="1200" y="749" width="49" height="31" />
        <cmp x="1221" y="744" width="3" height="4" />
      </word>
      <word id="f03-182-00-07" tag="VB" text="begin">
        <cmp x="1293" y="727" width="103" height="59" />
        <cmp x="1363" y="763" width="49" height="74" />
        <cmp x="1411" y="766" width="35" height="26" />
        <cmp x="1419" y="737" width="6" height="5" />
      </word>
      <word id="f03-182-00-08" tag="!" text="!">
        <cmp x="1489" y="790" width="7" height="7" />
        <cmp x="1497" y="726" width="12" height="43" />
      </word>
      <word id="f03-182-00-09" sentence-start="yes" tag="WRB" text="Why">
        <cmp x="1614" y="720" width="42" height="56" />
        <cmp x="1658" y="730" width="22" height="17" />
        <cmp x="1659" y="728" width="72" height="54" />
        <cmp x="1705" y="768" width="32" height="69" />
      </word>
      <word id="f03-182-00-10" tag="VB" text="tell">
        <cmp x="1794" y="764" width="17" height="19" />
        <cmp x="1815" y="781" width="4" height="5" />
        <cmp x="1818" y="742" width="82" height="53" />
        <cmp x="1829" y="754" width="3" height="3" />
        <cmp x="1833" y="718" width="18" height="18" />
        <cmp x="1834" y="744" width="3" height="4" />
        <cmp x="1836" y="737" width="5" height="6" />
        <cmp x="1887" y="736" width="4" height="4" />
        <cmp x="1890" y="724" width="12" height="16" />
        <cmp x="1900" y="727" width="13" height="13" />
      </word>
      <word id="f03-182-00-11" tag="PP3OS" text="them">
        <cmp x="1931" y="731" width="96" height="68" />
        <cmp x="2008" y="764" width="10" height="13" />
        <cmp x="2023" y="769" width="7" height="7" />
        <cmp x="2024" y="771" width="36" height="22" />
      </word>
      <word id="f03-182-00-12" tag="PP2" text="you">
        <cmp x="2095" y="763" width="36" height="36" />
        <cmp x="2102" y="774" width="40" height="75" />
        <cmp x="2143" y="785" width="17" height="11" />
        <cmp x="2151" y="768" width="21" height="15" />
        <cmp x="2160" y="779" width="11" height="8" />
        <cmp x="2171" y="775" width="30" height="21" />
      </word>
      <lower-contour>
        <point x="424" y="849" />
        <point x="2121" y="849" />
      </lower-contour>
    </line>
    <line ass="108" asx="0" asy="905" character-width="999" dss="108" dsx="0" dsy="1003" fd0="15755" fd1="3300" fd2="-330" filter-width="3" id="f03-182-01" lbs="137" lbx="0" lby="965" segmentation="ok" slant="54000" stroke-width="4631" threshold="203" text="are a novice? It&apos;s their interest you want - not their" ubs="51" ubx="0" uby="946">
      <word id="f03-182-01-00" tag="BER" text="are">
        <cmp x="426" y="925" width="43" height="41" />
        <cmp x="476" y="934" width="43" height="30" />
      </word>
      <word id="f03-182-01-01" tag="AT" text="a">
        <cmp x="565" y="933" width="33" height="34" />
      </word>
      <word id="f03-182-01-02" tag="NN" text="novice">
        <cmp x="636" y="938" width="34" height="37" />
        <cmp x="671" y="943" width="24" height="28" />
        <cmp x="697" y="944" width="15" height="27" />
        <cmp x="713" y="941" width="11" height="9" />
        <cmp x="722" y="955" width="8" height="18" />
        <cmp x="739" y="924" width="4" height="6" />
        <cmp x="740" y="944" width="56" height="32" />
      </word>
      <word id="f03-182-01-03" tag="?" text="?">
        <cmp x="840" y="961" width="7" height="7" />
        <cmp x="841" y="908" width="28" height="40" />
      </word>
      <word id="f03-182-01-04" sentence-start="yes" tag="PP3" text="It">
        <cmp x="961" y="904" width="53" height="60" />
      </word>
      <word id="f03-182-01-05" tag="BEZ" text="&apos;s">
        <cmp x="1026" y="907" width="13" height="15" />
        <cmp x="1039" y="963" width="11" height="7" />
        <cmp x="1042" y="940" width="29" height="21" />
      </word>
      <word id="f03-182-01-06" tag="PP$" text="their">
        <cmp x="1114" y="909" width="55" height="53" />
        <cmp x="1125" y="919" width="50" height="56" />
        <cmp x="1157" y="938" width="33" height="40" />
        <cmp x="1182" y="945" width="9" height="6" />
        <cmp x="1188" y="955" width="13" height="25" />
        <cmp x="1201" y="947" width="19" height="24" />
        <cmp x="1211" y="926" width="4" height="3" />
        <cmp x="1220" y="947" width="7" height="5" />
      </word>
      <word id="f03-182-01-07" tag="NN" text="interest">
        <cmp x="1266" y="944" width="27" height="26" />
        <cmp x="1293" y="948" width="18" height="18" />
        <cmp x="1308" y="908" width="6" height="8" />
        <cmp x="1316" y="915" width="58" height="56" />
        <cmp x="1365" y="937" width="9" height="6" />
        <cmp x="1371" y="950" width="3" height="5" />
        <cmp x="1382" y="945" width="31" height="25" />
        <cmp x="1407" y="920" width="56" height="54" />
      </word>
      <word id="f03-182-01-08" tag="PP2" text="you">
        <cmp x="1506" y="943" width="46" height="58" />
        <cmp x="1547" y="944" width="57" height="30" />
        <cmp x="1604" y="949" width="11" height="20" />
        <cmp x="1605" y="953" width="3" height="3" />
      </word>
      <word id="f03-182-01-09" tag="VB" text="want">
        <cmp x="1650" y="950" width="18" height="15" />
        <cmp x="1653" y="945" width="54" height="32" />
        <cmp x="1669" y="939" width="13" height="11" />
        <cmp x="1709" y="941" width="45" height="30" />
        <cmp x="1755" y="944" width="30" height="25" />
        <cmp x="1778" y="915" width="25" height="67" />
      </word>
      <word id="f03-182-01-10" tag="*-" text="-">
        <cmp x="1822" y="954" width="16" height="5" />
      </word>
      <word id="f03-182-01-11" tag="XNOT" text="not">
        <cmp x="1883" y="939" width="31" height="30" />
        <cmp x="1914" y="913" width="68" height="53" />
      </word>
      <word id="f03-182-01-12" tag="PP$" text="their">
        <cmp x="2001" y="910" width="49" height="54" />
        <cmp x="2024" y="929" width="88" height="40" />
        <cmp x="2050" y="917" width="12" height="12" />
        <cmp x="2106" y="904" width="6" height="7" />
        <cmp x="2112" y="937" width="9" height="4" />
      </word>
      <upper-contour>
        <point x="424" y="849" />
        <point x="2121" y="849" />
      </upper-contour>
      <lower-contour>
        <point x="434" y="1001" />
        <point x="2037" y="1001" />
      </lower-contour>
    </line>
    <line ass="30" asx="0" asy="1090" character-width="999" dss="30" dsx="0" dsy="1196" fd0="15199" fd1="2738" fd2="-737" filter-width="3" id="f03-182-02" lbs="36" lbx="0" lby="1144" segmentation="ok" slant="63000" stroke-width="4705" threshold="203" text="sympathy. And you want to get it from the word" ubs="18" ubx="0" uby="1123">
      <word id="f03-182-02-00" tag="NN" text="sympathy">
        <cmp x="436" y="1092" width="33" height="41" />
        <cmp x="473" y="1101" width="83" height="63" />
        <cmp x="553" y="1112" width="84" height="61" />
        <cmp x="633" y="1091" width="47" height="55" />
        <cmp x="658" y="1091" width="8" height="6" />
        <cmp x="665" y="1120" width="35" height="31" />
        <cmp x="683" y="1134" width="22" height="59" />
        <cmp x="701" y="1126" width="5" height="7" />
      </word>
      <word id="f03-182-02-01" tag="." text=".">
        <cmp x="742" y="1147" width="6" height="7" />
      </word>
      <word id="f03-182-02-02" sentence-start="yes" tag="CC" text="And">
        <cmp x="836" y="1091" width="49" height="58" />
        <cmp x="859" y="1093" width="14" height="12" />
        <cmp x="883" y="1119" width="9" height="27" />
        <cmp x="901" y="1091" width="47" height="52" />
      </word>
      <word id="f03-182-02-03" tag="PP2" text="you">
        <cmp x="979" y="1113" width="85" height="65" />
      </word>
      <word id="f03-182-02-04" tag="VB" text="want">
        <cmp x="1082" y="1135" width="18" height="13" />
        <cmp x="1103" y="1122" width="29" height="34" />
        <cmp x="1135" y="1123" width="11" height="9" />
        <cmp x="1146" y="1119" width="35" height="28" />
        <cmp x="1165" y="1125" width="4" height="4" />
        <cmp x="1171" y="1122" width="4" height="8" />
        <cmp x="1180" y="1132" width="3" height="3" />
        <cmp x="1184" y="1107" width="41" height="44" />
        <cmp x="1224" y="1095" width="8" height="9" />
      </word>
      <word id="f03-182-02-05" tag="TO" text="to">
        <cmp x="1283" y="1091" width="52" height="58" />
      </word>
      <word id="f03-182-02-06" tag="VB" text="get">
        <cmp x="1359" y="1125" width="64" height="72" />
        <cmp x="1427" y="1112" width="16" height="34" />
        <cmp x="1445" y="1099" width="8" height="8" />
      </word>
      <word id="f03-182-02-07" tag="PP3" text="it">
        <cmp x="1482" y="1127" width="43" height="37" />
        <cmp x="1524" y="1101" width="45" height="48" />
        <cmp x="1533" y="1098" width="4" height="4" />
      </word>
      <word id="f03-182-02-08" tag="IN" text="from">
        <cmp x="1594" y="1100" width="53" height="79" />
        <cmp x="1656" y="1122" width="49" height="26" />
        <cmp x="1698" y="1125" width="28" height="23" />
      </word>
      <word id="f03-182-02-09" tag="ATI" text="the">
        <cmp x="1766" y="1095" width="90" height="55" />
      </word>
      <word id="f03-182-02-10" tag="NN" text="word">
        <cmp x="1879" y="1115" width="97" height="36" />
        <cmp x="1983" y="1104" width="53" height="44" />
        <cmp x="1985" y="1124" width="9" height="3" />
      </word>
      <upper-contour>
        <point x="434" y="1001" />
        <point x="2037" y="1001" />
      </upper-contour>
      <lower-contour>
        <point x="443" y="1197" />
        <point x="2037" y="1197" />
      </lower-contour>
    </line>
    <line ass="-8" asx="0" asy="1264" character-width="999" dss="-8" dsx="0" dsy="1377" fd0="15960" fd1="3118" fd2="-639" filter-width="3" id="f03-182-03" lbs="46" lbx="0" lby="1319" segmentation="err" slant="53000" stroke-width="4614" threshold="203" text="GO! Try something like this: It is said that tele-" ubs="-116" ubx="0" uby="1301">
      <word id="f03-182-03-00" tag="NC" text="GO">
        <cmp x="445" y="1268" width="46" height="63" />
        <cmp x="491" y="1271" width="50" height="51" />
      </word>
      <word id="f03-182-03-01" tag="!" text="!">
        <cmp x="557" y="1320" width="16" height="19" />
        <cmp x="573" y="1269" width="25" height="39" />
      </word>
      <word id="f03-182-03-02" sentence-start="yes" tag="VB" text="Try">
        <cmp x="662" y="1278" width="8" height="8" />
        <cmp x="669" y="1301" width="18" height="37" />
        <cmp x="671" y="1274" width="56" height="7" />
        <cmp x="685" y="1294" width="4" height="5" />
        <cmp x="694" y="1304" width="35" height="26" />
        <cmp x="723" y="1304" width="33" height="67" />
      </word>
      <word id="f03-182-03-03" tag="PN" text="something">
        <cmp x="812" y="1299" width="40" height="40" />
        <cmp x="840" y="1305" width="34" height="32" />
        <cmp x="873" y="1304" width="22" height="31" />
        <cmp x="885" y="1311" width="28" height="20" />
        <cmp x="902" y="1274" width="80" height="62" />
        <cmp x="974" y="1309" width="23" height="23" />
        <cmp x="979" y="1300" width="12" height="11" />
        <cmp x="1004" y="1303" width="25" height="22" />
        <cmp x="1008" y="1339" width="36" height="40" />
        <cmp x="1013" y="1358" width="5" height="7" />
        <cmp x="1038" y="1302" width="20" height="23" />
        <cmp x="1055" y="1303" width="3" height="4" />
      </word>
      <word id="f03-182-03-04" tag="IN" text="like">
        <cmp x="1097" y="1265" width="64" height="59" />
        <cmp x="1155" y="1314" width="3" height="3" />
        <cmp x="1164" y="1268" width="67" height="53" />
        <cmp x="1178" y="1265" width="4" height="3" />
      </word>
      <word id="f03-182-03-05" tag="DT" text="this">
        <cmp x="1250" y="1269" width="66" height="54" />
        <cmp x="1289" y="1275" width="55" height="49" />
        <cmp x="1344" y="1306" width="30" height="13" />
        <cmp x="1354" y="1320" width="3" height="4" />
        <cmp x="1358" y="1276" width="3" height="4" />
      </word>
      <word id="f03-182-03-06" tag=":" text=":">
        <cmp x="1409" y="1289" width="6" height="4" />
      </word>
      <word id="f03-182-03-07" sentence-start="yes" tag="PP3" text="It">
        <cmp x="1474" y="1274" width="50" height="38" />
        <cmp x="1481" y="1278" width="65" height="57" />
      </word>
      <word id="f03-182-03-08" tag="BEZ" text="is">
        <cmp x="1563" y="1302" width="27" height="29" />
        <cmp x="1583" y="1305" width="37" height="19" />
        <cmp x="1598" y="1324" width="5" height="6" />
        <cmp x="1599" y="1277" width="7" height="8" />
        <cmp x="1603" y="1318" width="6" height="4" />
      </word>
      <word id="f03-182-03-09" tag="VBN" text="said">
        <cmp x="1659" y="1296" width="92" height="33" />
        <cmp x="1751" y="1281" width="48" height="46" />
        <cmp x="1765" y="1275" width="4" height="3" />
        <cmp x="1770" y="1305" width="3" height="4" />
      </word>
      <word id="f03-182-03-10" tag="CS" text="that">
        <cmp x="1834" y="1293" width="23" height="23" />
        <cmp x="1844" y="1268" width="40" height="51" />
        <cmp x="1856" y="1270" width="47" height="52" />
        <cmp x="1897" y="1302" width="31" height="22" />
        <cmp x="1910" y="1302" width="11" height="7" />
        <cmp x="1912" y="1296" width="8" height="4" />
        <cmp x="1927" y="1271" width="50" height="49" />
      </word>
      <word id="f03-182-03-11" tag="NN-" text="tele-">
        <cmp x="2012" y="1308" width="16" height="13" />
        <cmp x="2023" y="1279" width="102" height="57" />
        <cmp x="2049" y="1293" width="3" height="3" />
        <cmp x="2055" y="1280" width="4" height="6" />
        <cmp x="2147" y="1306" width="20" height="5" />
      </word>
      <upper-contour>
        <point x="443" y="1197" />
        <point x="2037" y="1197" />
      </upper-contour>
      <lower-contour>
        <point x="443" y="1379" />
        <point x="2091" y="1379" />
      </lower-contour>
    </line>
    <line ass="184" asx="0" asy="1438" character-width="999" dss="184" dsx="0" dsy="1556" fd0="15352" fd1="2572" fd2="-916" filter-width="3" id="f03-182-04" lbs="225" lbx="0" lby="1506" segmentation="ok" slant="62000" stroke-width="4578" threshold="203" text="vision keeps people at home. But you, at any" ubs="103" ubx="0" uby="1487">
      <word id="f03-182-04-00" tag="-NN" text="vision">
        <cmp x="421" y="1467" width="26" height="22" />
        <cmp x="422" y="1462" width="61" height="49" />
        <cmp x="451" y="1469" width="11" height="9" />
        <cmp x="475" y="1476" width="63" height="33" />
        <cmp x="490" y="1438" width="5" height="9" />
        <cmp x="532" y="1478" width="29" height="34" />
        <cmp x="547" y="1451" width="6" height="7" />
        <cmp x="558" y="1483" width="26" height="23" />
        <cmp x="580" y="1482" width="12" height="29" />
      </word>
      <word id="f03-182-04-01" tag="VBZ" text="keeps">
        <cmp x="636" y="1445" width="127" height="91" />
        <cmp x="769" y="1488" width="33" height="26" />
      </word>
      <word id="f03-182-04-02" tag="NNS" text="people">
        <cmp x="855" y="1499" width="24" height="37" />
        <cmp x="876" y="1457" width="192" height="75" />
        <cmp x="964" y="1481" width="9" height="4" />
      </word>
      <word id="f03-182-04-03" tag="IN" text="at">
        <cmp x="1135" y="1486" width="40" height="30" />
        <cmp x="1175" y="1449" width="41" height="59" />
      </word>
      <word id="f03-182-04-04" tag="NR" text="home">
        <cmp x="1248" y="1462" width="50" height="49" />
        <cmp x="1285" y="1454" width="14" height="12" />
        <cmp x="1296" y="1481" width="25" height="31" />
        <cmp x="1318" y="1477" width="85" height="36" />
      </word>
      <word id="f03-182-04-05" tag="." text=".">
        <cmp x="1422" y="1510" width="7" height="6" />
      </word>
      <word id="f03-182-04-06" sentence-start="yes" tag="CC" text="But">
        <cmp x="1518" y="1453" width="53" height="55" />
        <cmp x="1528" y="1461" width="4" height="11" />
        <cmp x="1567" y="1483" width="42" height="25" />
        <cmp x="1580" y="1481" width="8" height="5" />
        <cmp x="1610" y="1484" width="9" height="9" />
        <cmp x="1615" y="1447" width="40" height="54" />
      </word>
      <word id="f03-182-04-07" tag="PP2" text="you">
        <cmp x="1668" y="1471" width="44" height="19" />
        <cmp x="1682" y="1473" width="126" height="68" />
        <cmp x="1686" y="1470" width="45" height="28" />
      </word>
      <word id="f03-182-04-08" tag="," text=",">
        <cmp x="1831" y="1514" width="16" height="20" />
        <cmp x="1845" y="1510" width="4" height="3" />
      </word>
      <word id="f03-182-04-09" tag="IN" text="at">
        <cmp x="1883" y="1477" width="40" height="30" />
        <cmp x="1935" y="1446" width="39" height="51" />
        <cmp x="1949" y="1471" width="3" height="5" />
      </word>
      <word id="f03-182-04-10" tag="DTI" text="any">
        <cmp x="1982" y="1470" width="59" height="28" />
        <cmp x="2033" y="1475" width="57" height="77" />
      </word>
      <upper-contour>
        <point x="443" y="1379" />
        <point x="2091" y="1379" />
      </upper-contour>
      <lower-contour>
        <point x="419" y="1551" />
        <point x="2091" y="1551" />
      </lower-contour>
    </line>
    <line ass="65" asx="0" asy="1620" character-width="999" dss="65" dsx="0" dsy="1742" fd0="15279" fd1="2415" fd2="-1135" filter-width="3" id="f03-182-05" lbs="41" lbx="0" lby="1680" segmentation="ok" slant="52000" stroke-width="4603" threshold="203" text="rate, have proved that wrong. And they say, too," ubs="111" ubx="0" uby="1664">
      <word id="f03-182-05-00" tag="NN" text="rate">
        <cmp x="399" y="1620" width="113" height="68" />
      </word>
      <word id="f03-182-05-01" tag="," text=",">
        <cmp x="524" y="1696" width="17" height="17" />
        <cmp x="539" y="1692" width="5" height="4" />
      </word>
      <word id="f03-182-05-02" tag="HV" text="have">
        <cmp x="617" y="1638" width="34" height="38" />
        <cmp x="628" y="1647" width="37" height="33" />
        <cmp x="651" y="1635" width="4" height="5" />
        <cmp x="653" y="1620" width="11" height="14" />
        <cmp x="658" y="1648" width="93" height="44" />
      </word>
      <word id="f03-182-05-03" tag="VBN" text="proved">
        <cmp x="789" y="1654" width="52" height="61" />
        <cmp x="831" y="1634" width="201" height="61" />
        <cmp x="983" y="1663" width="14" height="5" />
      </word>
      <word id="f03-182-05-04" tag="DT" text="that">
        <cmp x="1065" y="1626" width="66" height="63" />
        <cmp x="1083" y="1627" width="59" height="58" />
        <cmp x="1118" y="1651" width="27" height="29" />
        <cmp x="1135" y="1653" width="30" height="34" />
        <cmp x="1174" y="1653" width="17" height="27" />
        <cmp x="1188" y="1630" width="21" height="25" />
      </word>
      <word id="f03-182-05-05" tag="JJ" text="wrong">
        <cmp x="1230" y="1683" width="9" height="7" />
        <cmp x="1232" y="1655" width="119" height="33" />
        <cmp x="1355" y="1659" width="26" height="19" />
        <cmp x="1370" y="1680" width="40" height="61" />
        <cmp x="1372" y="1659" width="14" height="22" />
        <cmp x="1398" y="1658" width="27" height="22" />
      </word>
      <word id="f03-182-05-06" tag="." text=".">
        <cmp x="1468" y="1689" width="12" height="7" />
      </word>
      <word id="f03-182-05-07" sentence-start="yes" tag="CC" text="And">
        <cmp x="1562" y="1632" width="66" height="47" />
        <cmp x="1596" y="1628" width="8" height="6" />
        <cmp x="1621" y="1653" width="13" height="23" />
        <cmp x="1636" y="1631" width="59" height="52" />
      </word>
      <word id="f03-182-05-08" tag="PP3AS" text="they">
        <cmp x="1715" y="1626" width="79" height="57" />
        <cmp x="1754" y="1648" width="91" height="84" />
      </word>
      <word id="f03-182-05-09" tag="VB" text="say">
        <cmp x="1890" y="1649" width="34" height="28" />
        <cmp x="1920" y="1647" width="36" height="31" />
        <cmp x="1942" y="1652" width="52" height="81" />
      </word>
      <word id="f03-182-05-10" tag="," text=",">
        <cmp x="1990" y="1686" width="16" height="25" />
        <cmp x="2006" y="1674" width="10" height="12" />
      </word>
      <word id="f03-182-05-11" tag="RB" text="too">
        <cmp x="2030" y="1673" width="8" height="8" />
        <cmp x="2037" y="1620" width="45" height="50" />
        <cmp x="2041" y="1680" width="3" height="8" />
        <cmp x="2060" y="1648" width="79" height="34" />
      </word>
      <word id="f03-182-05-12" tag="," text=",">
        <cmp x="2128" y="1685" width="15" height="16" />
        <cmp x="2141" y="1681" width="4" height="4" />
      </word>
      <upper-contour>
        <point x="419" y="1551" />
        <point x="2091" y="1551" />
      </upper-contour>
      <lower-contour>
        <point x="397" y="1741" />
        <point x="2111" y="1741" />
      </lower-contour>
    </line>
    <line ass="-634" asx="0" asy="1774" character-width="999" dss="-634" dsx="0" dsy="1878" fd0="15368" fd1="2682" fd2="-1278" filter-width="3" id="f03-182-06" lbs="-619" lbx="0" lby="1839" segmentation="ok" slant="56000" stroke-width="4631" threshold="203" text="that television makes its appeal to those of lesser" ubs="-662" ubx="0" uby="1822">
      <word id="f03-182-06-00" tag="CS" text="that">
        <cmp x="399" y="1788" width="73" height="73" />
        <cmp x="444" y="1822" width="22" height="39" />
        <cmp x="459" y="1794" width="79" height="68" />
      </word>
      <word id="f03-182-06-01" tag="NN" text="television">
        <cmp x="584" y="1796" width="59" height="60" />
        <cmp x="597" y="1836" width="6" height="8" />
        <cmp x="638" y="1793" width="86" height="66" />
        <cmp x="667" y="1818" width="13" height="13" />
        <cmp x="672" y="1808" width="5" height="3" />
        <cmp x="690" y="1826" width="10" height="10" />
        <cmp x="695" y="1833" width="3" height="4" />
        <cmp x="729" y="1838" width="18" height="12" />
        <cmp x="737" y="1828" width="53" height="37" />
        <cmp x="743" y="1795" width="9" height="7" />
        <cmp x="791" y="1831" width="28" height="35" />
        <cmp x="802" y="1800" width="5" height="4" />
        <cmp x="817" y="1834" width="36" height="27" />
      </word>
      <word id="f03-182-06-02" tag="VBZ" text="makes">
        <cmp x="920" y="1821" width="50" height="40" />
        <cmp x="968" y="1801" width="118" height="58" />
      </word>
      <word id="f03-182-06-03" tag="PP$" text="its">
        <cmp x="1121" y="1821" width="32" height="32" />
        <cmp x="1151" y="1796" width="50" height="49" />
        <cmp x="1158" y="1837" width="17" height="24" />
        <cmp x="1165" y="1788" width="7" height="8" />
      </word>
      <word id="f03-182-06-04" tag="NN" text="appeal">
        <cmp x="1241" y="1818" width="39" height="37" />
        <cmp x="1268" y="1820" width="120" height="75" />
        <cmp x="1393" y="1829" width="33" height="30" />
        <cmp x="1424" y="1846" width="6" height="7" />
        <cmp x="1440" y="1809" width="25" height="46" />
        <cmp x="1467" y="1803" width="4" height="6" />
        <cmp x="1472" y="1797" width="8" height="7" />
      </word>
      <word id="f03-182-06-05" tag="IN" text="to">
        <cmp x="1507" y="1833" width="24" height="19" />
        <cmp x="1518" y="1834" width="52" height="32" />
        <cmp x="1543" y="1832" width="4" height="3" />
        <cmp x="1558" y="1801" width="11" height="9" />
      </word>
      <word id="f03-182-06-06" tag="DTS" text="those">
        <cmp x="1605" y="1804" width="71" height="58" />
        <cmp x="1663" y="1831" width="32" height="29" />
        <cmp x="1697" y="1829" width="72" height="29" />
      </word>
      <word id="f03-182-06-07" tag="INO" text="of">
        <cmp x="1797" y="1798" width="93" height="89" />
      </word>
      <word id="f03-182-06-08" tag="JJR" text="lesser">
        <cmp x="1904" y="1808" width="76" height="60" />
        <cmp x="1976" y="1834" width="93" height="32" />
        <cmp x="1981" y="1844" width="6" height="5" />
        <cmp x="2073" y="1840" width="19" height="13" />
        <cmp x="2093" y="1837" width="18" height="6" />
      </word>
      <upper-contour>
        <point x="397" y="1741" />
        <point x="2111" y="1741" />
      </upper-contour>
      <lower-contour>
        <point x="397" y="1865" />
        <point x="760" y="1865" />
      </lower-contour>
    </line>
    <line ass="-664" asx="0" asy="1968" character-width="999" dss="-664" dsx="0" dsy="2082" fd0="15278" fd1="2313" fd2="-2197" filter-width="3" id="f03-182-07" lbs="-72" lbx="0" lby="2032" segmentation="err" slant="51000" stroke-width="4423" threshold="203" text="intelligence." ubs="-1848" ubx="0" uby="1992">
      <word id="f03-182-07-00" tag="NN" text="intelligence">
        <cmp x="366" y="1999" width="44" height="38" />
        <cmp x="407" y="1975" width="81" height="60" />
        <cmp x="463" y="2009" width="24" height="28" />
        <cmp x="478" y="2002" width="15" height="14" />
        <cmp x="493" y="1979" width="60" height="62" />
        <cmp x="548" y="2042" width="28" height="48" />
        <cmp x="557" y="2011" width="32" height="31" />
        <cmp x="566" y="1978" width="6" height="8" />
        <cmp x="578" y="2040" width="6" height="4" />
        <cmp x="585" y="2018" width="44" height="32" />
        <cmp x="630" y="2028" width="14" height="12" />
        <cmp x="642" y="2019" width="4" height="3" />
        <cmp x="649" y="2021" width="6" height="5" />
        <cmp x="653" y="2022" width="21" height="20" />
        <cmp x="682" y="2008" width="30" height="32" />
        <cmp x="710" y="2010" width="5" height="11" />
      </word>
      <word id="f03-182-07-01" tag="." text=".">
        <cmp x="723" y="2004" width="37" height="35" />
      </word>
      <upper-contour>
        <point x="397" y="1865" />
        <point x="760" y="1865" />
      </upper-contour>
    </line>
  </handwritten-part>
</form>

