<?xml version="1.0" encoding="ISO-8859-1"?>

<!DOCTYPE form SYSTEM 'http://www.iam.unibe.ch/~fki/iamdb/form-metadata.dtd'>

<form created="2002-01-17" height="3542" id="f04-061" last-modified="2002-07-17" skew="0" status="final" version="3.0_beta" width="2479" writer-id="280">
  <machine-printed-part>
    <machine-print-line text="Some thought that the result would be all sorts of horrible illnesses brought on by" />
    <machine-print-line text="the confined atmosphere. &amp;quot;The shareholders who travel by it will be so heartily sick," />
    <machine-print-line text="what with the foul air, smoke and sulphur, that the mention of a railway will be worse" />
    <machine-print-line text="than Ipecacuanha,&amp;quot; wrote an anti-railway industrialist when it was proposed to build" />
    <machine-print-line text="the Box Tunnel." />
  </machine-printed-part>
  <handwritten-part>
    <line ass="-198" asx="0" asy="727" character-width="999" dss="-198" dsx="0" dsy="821" fd0="13731" fd1="2541" fd2="-1200" filter-width="3" id="f04-061-00" lbs="-292" lbx="0" lby="779" segmentation="ok" slant="73000" stroke-width="5429" threshold="171" text="Some thought that the result would be all" ubs="-8" ubx="0" uby="751">
      <word id="f04-061-00-00" sentence-start="yes" tag="DTI" text="Some">
        <cmp x="344" y="731" width="33" height="67" />
        <cmp x="379" y="755" width="38" height="27" />
        <cmp x="406" y="756" width="10" height="9" />
        <cmp x="428" y="768" width="8" height="7" />
        <cmp x="429" y="759" width="5" height="8" />
        <cmp x="435" y="756" width="47" height="35" />
        <cmp x="484" y="741" width="34" height="38" />
      </word>
      <word id="f04-061-00-01" tag="VBD" text="thought">
        <cmp x="582" y="742" width="30" height="51" />
        <cmp x="622" y="745" width="33" height="39" />
        <cmp x="658" y="754" width="56" height="31" />
        <cmp x="707" y="746" width="45" height="78" />
        <cmp x="757" y="747" width="27" height="40" />
        <cmp x="792" y="746" width="26" height="38" />
      </word>
      <word id="f04-061-00-02" tag="CS" text="that">
        <cmp x="905" y="739" width="32" height="45" />
        <cmp x="945" y="742" width="72" height="42" />
        <cmp x="1024" y="747" width="35" height="38" />
      </word>
      <word id="f04-061-00-03" tag="ATI" text="the">
        <cmp x="1129" y="741" width="30" height="40" />
        <cmp x="1163" y="741" width="66" height="48" />
      </word>
      <word id="f04-061-00-04" tag="NN" text="result">
        <cmp x="1309" y="752" width="34" height="31" />
        <cmp x="1348" y="751" width="34" height="34" />
        <cmp x="1368" y="750" width="68" height="46" />
        <cmp x="1434" y="737" width="40" height="43" />
        <cmp x="1465" y="747" width="33" height="40" />
      </word>
      <word id="f04-061-00-05" tag="MD" text="would">
        <cmp x="1582" y="745" width="52" height="40" />
        <cmp x="1628" y="758" width="30" height="24" />
        <cmp x="1663" y="757" width="34" height="36" />
        <cmp x="1687" y="741" width="42" height="47" />
        <cmp x="1724" y="733" width="44" height="62" />
      </word>
      <word id="f04-061-00-06" tag="BE" text="be">
        <cmp x="1843" y="745" width="21" height="49" />
        <cmp x="1873" y="750" width="33" height="47" />
      </word>
      <word id="f04-061-00-07" tag="ABN" text="all">
        <cmp x="1985" y="755" width="41" height="37" />
        <cmp x="2028" y="741" width="44" height="48" />
        <cmp x="2068" y="739" width="40" height="46" />
      </word>
      <lower-contour>
        <point x="342" y="824" />
        <point x="2109" y="824" />
      </lower-contour>
    </line>
    <line ass="50" asx="0" asy="912" character-width="999" dss="50" dsx="0" dsy="1002" fd0="13688" fd1="2784" fd2="-1304" filter-width="3" id="f04-061-01" lbs="33" lbx="0" lby="968" segmentation="ok" slant="75000" stroke-width="5355" threshold="170" text="sorts of horrible illnesses brought on by the" ubs="84" ubx="0" uby="932">
      <word id="f04-061-01-00" tag="NNS" text="sorts">
        <cmp x="334" y="929" width="45" height="56" />
        <cmp x="381" y="934" width="25" height="26" />
        <cmp x="411" y="930" width="6" height="5" />
        <cmp x="417" y="932" width="28" height="32" />
        <cmp x="446" y="922" width="29" height="39" />
        <cmp x="467" y="923" width="33" height="56" />
      </word>
      <word id="f04-061-01-01" tag="INO" text="of">
        <cmp x="580" y="918" width="72" height="73" />
      </word>
      <word id="f04-061-01-02" tag="JJ" text="horrible">
        <cmp x="726" y="918" width="31" height="45" />
        <cmp x="760" y="934" width="27" height="22" />
        <cmp x="789" y="927" width="32" height="32" />
        <cmp x="821" y="926" width="32" height="34" />
        <cmp x="851" y="933" width="12" height="26" />
        <cmp x="861" y="917" width="14" height="9" />
        <cmp x="878" y="912" width="59" height="54" />
        <cmp x="935" y="928" width="39" height="50" />
      </word>
      <word id="f04-061-01-03" tag="NNS" text="illnesses">
        <cmp x="1063" y="935" width="12" height="36" />
        <cmp x="1073" y="918" width="15" height="9" />
        <cmp x="1085" y="920" width="44" height="46" />
        <cmp x="1121" y="922" width="38" height="42" />
        <cmp x="1159" y="924" width="69" height="48" />
        <cmp x="1211" y="924" width="48" height="54" />
        <cmp x="1246" y="929" width="38" height="51" />
        <cmp x="1282" y="939" width="43" height="32" />
        <cmp x="1317" y="934" width="47" height="57" />
      </word>
      <word id="f04-061-01-04" tag="VBN" text="brought">
        <cmp x="1438" y="922" width="24" height="42" />
        <cmp x="1468" y="930" width="28" height="30" />
        <cmp x="1494" y="932" width="63" height="36" />
        <cmp x="1535" y="928" width="56" height="74" />
        <cmp x="1596" y="925" width="36" height="35" />
        <cmp x="1633" y="925" width="30" height="40" />
      </word>
      <word id="f04-061-01-05" tag="RP" text="on">
        <cmp x="1742" y="937" width="27" height="25" />
        <cmp x="1777" y="940" width="32" height="45" />
      </word>
      <word id="f04-061-01-06" tag="IN" text="by">
        <cmp x="1869" y="919" width="25" height="43" />
        <cmp x="1893" y="923" width="39" height="66" />
      </word>
      <word id="f04-061-01-07" tag="ATI" text="the">
        <cmp x="1986" y="926" width="40" height="40" />
        <cmp x="2029" y="926" width="32" height="40" />
        <cmp x="2070" y="928" width="38" height="38" />
      </word>
      <upper-contour>
        <point x="342" y="824" />
        <point x="2109" y="824" />
      </upper-contour>
      <lower-contour>
        <point x="335" y="1002" />
        <point x="2109" y="1002" />
      </lower-contour>
    </line>
    <line ass="175" asx="0" asy="1078" character-width="999" dss="175" dsx="0" dsy="1164" fd0="13634" fd1="2635" fd2="-1591" filter-width="3" id="f04-061-02" lbs="224" lbx="0" lby="1149" segmentation="ok" slant="76000" stroke-width="5442" threshold="168" text="confined atmosphere. &amp;quot;The shareholders who travel" ubs="76" ubx="0" uby="1112">
      <word id="f04-061-02-00" tag="JJ" text="confined">
        <cmp x="337" y="1104" width="26" height="39" />
        <cmp x="361" y="1115" width="31" height="20" />
        <cmp x="397" y="1110" width="32" height="47" />
        <cmp x="428" y="1097" width="41" height="66" />
        <cmp x="471" y="1119" width="11" height="27" />
        <cmp x="484" y="1100" width="14" height="7" />
        <cmp x="496" y="1115" width="32" height="44" />
        <cmp x="532" y="1108" width="29" height="35" />
        <cmp x="564" y="1083" width="36" height="71" />
      </word>
      <word id="f04-061-02-01" tag="NN" text="atmosphere">
        <cmp x="657" y="1111" width="36" height="35" />
        <cmp x="698" y="1105" width="31" height="35" />
        <cmp x="733" y="1106" width="50" height="32" />
        <cmp x="763" y="1138" width="10" height="10" />
        <cmp x="786" y="1110" width="29" height="27" />
        <cmp x="809" y="1098" width="44" height="59" />
        <cmp x="843" y="1089" width="52" height="69" />
        <cmp x="897" y="1094" width="88" height="50" />
        <cmp x="979" y="1105" width="38" height="44" />
      </word>
      <word id="f04-061-02-02" tag="." text=".">
        <cmp x="1025" y="1131" width="8" height="7" />
      </word>
      <word id="f04-061-02-03" sentence-start="yes" tag="*&apos;" text="&quot;">
        <cmp x="1065" y="1079" width="14" height="26" />
        <cmp x="1090" y="1076" width="12" height="29" />
      </word>
      <word id="f04-061-02-04" tag="ATI" text="The">
        <cmp x="1107" y="1090" width="59" height="52" />
        <cmp x="1164" y="1106" width="34" height="39" />
        <cmp x="1202" y="1105" width="33" height="39" />
      </word>
      <word id="f04-061-02-05" tag="NNS" text="shareholders">
        <cmp x="1291" y="1110" width="29" height="44" />
        <cmp x="1330" y="1108" width="33" height="37" />
        <cmp x="1364" y="1111" width="45" height="29" />
        <cmp x="1411" y="1108" width="24" height="30" />
        <cmp x="1429" y="1107" width="37" height="35" />
        <cmp x="1480" y="1107" width="32" height="38" />
        <cmp x="1513" y="1115" width="29" height="24" />
        <cmp x="1532" y="1100" width="38" height="48" />
        <cmp x="1574" y="1098" width="38" height="54" />
        <cmp x="1608" y="1103" width="30" height="38" />
        <cmp x="1638" y="1103" width="31" height="36" />
        <cmp x="1653" y="1109" width="42" height="44" />
      </word>
      <word id="f04-061-02-06" tag="WP" text="who">
        <cmp x="1763" y="1105" width="39" height="37" />
        <cmp x="1803" y="1102" width="28" height="45" />
        <cmp x="1836" y="1117" width="31" height="26" />
      </word>
      <word id="f04-061-02-07" tag="VB" text="travel">
        <cmp x="1933" y="1096" width="50" height="47" />
        <cmp x="1987" y="1109" width="26" height="34" />
        <cmp x="2018" y="1110" width="33" height="34" />
        <cmp x="2057" y="1099" width="86" height="54" />
      </word>
      <upper-contour>
        <point x="335" y="1002" />
        <point x="2109" y="1002" />
      </upper-contour>
      <lower-contour>
        <point x="355" y="1163" />
        <point x="2101" y="1163" />
      </lower-contour>
    </line>
    <line ass="-123" asx="0" asy="1263" character-width="999" dss="-123" dsx="0" dsy="1354" fd0="14067" fd1="3187" fd2="-801" filter-width="3" id="f04-061-03" lbs="-29" lbx="0" lby="1322" segmentation="ok" slant="77000" stroke-width="5456" threshold="169" text="by it will be so heartily sick, what with the" ubs="-310" ubx="0" uby="1277">
      <word id="f04-061-03-00" tag="IN" text="by">
        <cmp x="357" y="1271" width="22" height="50" />
        <cmp x="379" y="1280" width="38" height="76" />
      </word>
      <word id="f04-061-03-01" tag="PP3" text="it">
        <cmp x="475" y="1286" width="11" height="37" />
        <cmp x="484" y="1269" width="15" height="9" />
        <cmp x="497" y="1275" width="34" height="43" />
      </word>
      <word id="f04-061-03-02" tag="MD" text="will">
        <cmp x="600" y="1283" width="42" height="35" />
        <cmp x="650" y="1293" width="9" height="27" />
        <cmp x="663" y="1268" width="12" height="9" />
        <cmp x="663" y="1273" width="39" height="44" />
        <cmp x="697" y="1272" width="34" height="46" />
      </word>
      <word id="f04-061-03-03" tag="BE" text="be">
        <cmp x="783" y="1272" width="57" height="45" />
      </word>
      <word id="f04-061-03-04" tag="QL" text="so">
        <cmp x="897" y="1283" width="39" height="49" />
        <cmp x="937" y="1293" width="32" height="22" />
      </word>
      <word id="f04-061-03-05" tag="RB" text="heartily">
        <cmp x="1015" y="1277" width="31" height="43" />
        <cmp x="1049" y="1282" width="31" height="37" />
        <cmp x="1077" y="1290" width="32" height="36" />
        <cmp x="1114" y="1286" width="30" height="35" />
        <cmp x="1143" y="1281" width="35" height="40" />
        <cmp x="1182" y="1287" width="11" height="31" />
        <cmp x="1190" y="1269" width="15" height="8" />
        <cmp x="1199" y="1267" width="41" height="49" />
        <cmp x="1222" y="1276" width="46" height="70" />
      </word>
      <word id="f04-061-03-06" tag="JJ" text="sick">
        <cmp x="1313" y="1293" width="38" height="48" />
        <cmp x="1353" y="1299" width="15" height="26" />
        <cmp x="1371" y="1274" width="16" height="10" />
        <cmp x="1385" y="1282" width="29" height="38" />
        <cmp x="1421" y="1280" width="54" height="50" />
      </word>
      <word id="f04-061-03-07" tag="," text=",">
        <cmp x="1467" y="1312" width="19" height="30" />
      </word>
      <word id="f04-061-03-08" tag="WDT" text="what">
        <cmp x="1528" y="1280" width="50" height="42" />
        <cmp x="1588" y="1280" width="34" height="37" />
        <cmp x="1628" y="1286" width="32" height="32" />
        <cmp x="1671" y="1283" width="27" height="38" />
      </word>
      <word id="f04-061-03-09" tag="IN" text="with">
        <cmp x="1770" y="1281" width="55" height="45" />
        <cmp x="1821" y="1300" width="11" height="22" />
        <cmp x="1834" y="1277" width="16" height="9" />
        <cmp x="1847" y="1290" width="27" height="39" />
        <cmp x="1879" y="1289" width="31" height="32" />
      </word>
      <word id="f04-061-03-10" tag="ATI" text="the">
        <cmp x="1994" y="1285" width="36" height="48" />
        <cmp x="2032" y="1283" width="68" height="42" />
      </word>
      <upper-contour>
        <point x="355" y="1163" />
        <point x="2101" y="1163" />
      </upper-contour>
      <lower-contour>
        <point x="355" y="1356" />
        <point x="2101" y="1356" />
      </lower-contour>
    </line>
    <line ass="12" asx="0" asy="1436" character-width="999" dss="12" dsx="0" dsy="1533" fd0="13705" fd1="2968" fd2="-839" filter-width="3" id="f04-061-04" lbs="15" lbx="0" lby="1505" segmentation="ok" slant="74000" stroke-width="5270" threshold="171" text="foul air, smoke and sulphur, that the mention" ubs="6" ubx="0" uby="1466">
      <word id="f04-061-04-00" tag="JJ" text="foul">
        <cmp x="325" y="1441" width="45" height="85" />
        <cmp x="373" y="1472" width="28" height="22" />
        <cmp x="407" y="1465" width="30" height="38" />
        <cmp x="436" y="1447" width="40" height="52" />
      </word>
      <word id="f04-061-04-01" tag="NN" text="air">
        <cmp x="544" y="1464" width="36" height="40" />
        <cmp x="596" y="1476" width="12" height="28" />
        <cmp x="606" y="1453" width="15" height="9" />
        <cmp x="629" y="1460" width="30" height="35" />
      </word>
      <word id="f04-061-04-02" tag="," text=",">
        <cmp x="664" y="1483" width="15" height="30" />
      </word>
      <word id="f04-061-04-03" tag="NN" text="smoke">
        <cmp x="712" y="1456" width="44" height="53" />
        <cmp x="762" y="1470" width="50" height="47" />
        <cmp x="821" y="1468" width="33" height="20" />
        <cmp x="866" y="1457" width="77" height="48" />
      </word>
      <word id="f04-061-04-04" tag="CC" text="and">
        <cmp x="1015" y="1472" width="37" height="37" />
        <cmp x="1062" y="1474" width="31" height="45" />
        <cmp x="1105" y="1437" width="41" height="73" />
      </word>
      <word id="f04-061-04-05" tag="NN" text="sulphur">
        <cmp x="1194" y="1459" width="36" height="60" />
        <cmp x="1232" y="1470" width="34" height="36" />
        <cmp x="1272" y="1447" width="32" height="50" />
        <cmp x="1300" y="1455" width="40" height="64" />
        <cmp x="1342" y="1455" width="32" height="36" />
        <cmp x="1375" y="1464" width="41" height="32" />
        <cmp x="1425" y="1469" width="26" height="29" />
        <cmp x="1428" y="1459" width="26" height="10" />
      </word>
      <word id="f04-061-04-06" tag="," text=",">
        <cmp x="1471" y="1493" width="16" height="24" />
      </word>
      <word id="f04-061-04-07" tag="CS" text="that">
        <cmp x="1512" y="1458" width="35" height="41" />
        <cmp x="1554" y="1459" width="36" height="40" />
        <cmp x="1603" y="1461" width="27" height="40" />
        <cmp x="1646" y="1457" width="32" height="41" />
      </word>
      <word id="f04-061-04-08" tag="ATI" text="the">
        <cmp x="1718" y="1458" width="58" height="45" />
        <cmp x="1785" y="1461" width="37" height="42" />
      </word>
      <word id="f04-061-04-09" tag="NN" text="mention">
        <cmp x="1896" y="1472" width="55" height="57" />
        <cmp x="1963" y="1464" width="30" height="36" />
        <cmp x="2000" y="1469" width="30" height="45" />
        <cmp x="2034" y="1458" width="30" height="45" />
        <cmp x="2071" y="1474" width="9" height="29" />
        <cmp x="2078" y="1457" width="13" height="9" />
        <cmp x="2088" y="1477" width="27" height="25" />
        <cmp x="2122" y="1475" width="38" height="58" />
      </word>
      <upper-contour>
        <point x="355" y="1356" />
        <point x="2101" y="1356" />
      </upper-contour>
      <lower-contour>
        <point x="342" y="1533" />
        <point x="2161" y="1533" />
      </lower-contour>
    </line>
    <line ass="-21" asx="0" asy="1618" character-width="999" dss="-21" dsx="0" dsy="1715" fd0="13883" fd1="2846" fd2="-972" filter-width="3" id="f04-061-05" lbs="-2" lbx="0" lby="1681" segmentation="err" slant="80000" stroke-width="5417" threshold="169" text="of a railway will be worse than Ipecacuanha,&amp;quot;" ubs="-59" ubx="0" uby="1647">
      <word id="f04-061-05-00" tag="INO" text="of">
        <cmp x="344" y="1653" width="30" height="27" />
        <cmp x="370" y="1632" width="52" height="73" />
      </word>
      <word id="f04-061-05-01" tag="AT" text="a">
        <cmp x="487" y="1657" width="32" height="34" />
      </word>
      <word id="f04-061-05-02" tag="NN" text="railway">
        <cmp x="572" y="1646" width="38" height="36" />
        <cmp x="606" y="1649" width="30" height="27" />
        <cmp x="645" y="1649" width="10" height="30" />
        <cmp x="650" y="1631" width="17" height="8" />
        <cmp x="658" y="1633" width="46" height="52" />
        <cmp x="709" y="1645" width="46" height="34" />
        <cmp x="749" y="1649" width="29" height="32" />
        <cmp x="778" y="1640" width="48" height="76" />
      </word>
      <word id="f04-061-05-03" tag="MD" text="will">
        <cmp x="889" y="1647" width="53" height="38" />
        <cmp x="942" y="1656" width="10" height="27" />
        <cmp x="953" y="1634" width="15" height="8" />
        <cmp x="960" y="1635" width="37" height="50" />
        <cmp x="992" y="1638" width="36" height="50" />
      </word>
      <word id="f04-061-05-04" tag="BE" text="be">
        <cmp x="1077" y="1639" width="25" height="43" />
        <cmp x="1106" y="1640" width="34" height="40" />
      </word>
      <word id="f04-061-05-05" tag="JJR" text="worse">
        <cmp x="1202" y="1645" width="47" height="35" />
        <cmp x="1243" y="1641" width="4" height="7" />
        <cmp x="1253" y="1652" width="30" height="22" />
        <cmp x="1291" y="1644" width="28" height="36" />
        <cmp x="1308" y="1641" width="51" height="51" />
        <cmp x="1355" y="1644" width="37" height="34" />
      </word>
      <word id="f04-061-05-06" tag="IN" text="than">
        <cmp x="1465" y="1643" width="35" height="42" />
        <cmp x="1502" y="1641" width="69" height="42" />
        <cmp x="1588" y="1650" width="36" height="49" />
      </word>
      <word id="f04-061-05-07" tag="NP" text="Ipecacuanha">
        <cmp x="1689" y="1623" width="12" height="59" />
        <cmp x="1715" y="1636" width="36" height="62" />
        <cmp x="1760" y="1642" width="30" height="35" />
        <cmp x="1802" y="1637" width="29" height="36" />
        <cmp x="1831" y="1639" width="29" height="35" />
        <cmp x="1867" y="1639" width="30" height="40" />
        <cmp x="1898" y="1646" width="41" height="35" />
        <cmp x="1955" y="1649" width="29" height="31" />
        <cmp x="1992" y="1653" width="35" height="45" />
        <cmp x="2037" y="1642" width="35" height="39" />
        <cmp x="2084" y="1644" width="31" height="22" />
        <cmp x="2104" y="1667" width="10" height="14" />
      </word>
      <word id="f04-061-05-08" tag="," text=",">
        <cmp x="2128" y="1620" width="11" height="22" />
      </word>
      <word id="f04-061-05-09" tag="**&apos;" text="&quot;">
        <cmp x="2134" y="1664" width="24" height="36" />
        <cmp x="2147" y="1620" width="16" height="30" />
      </word>
      <upper-contour>
        <point x="342" y="1533" />
        <point x="2161" y="1533" />
      </upper-contour>
      <lower-contour>
        <point x="350" y="1716" />
        <point x="2152" y="1716" />
      </lower-contour>
    </line>
    <line ass="103" asx="0" asy="1792" character-width="999" dss="103" dsx="0" dsy="1902" fd0="13697" fd1="2824" fd2="-1151" filter-width="3" id="f04-061-06" lbs="136" lbx="0" lby="1866" segmentation="ok" slant="75000" stroke-width="5620" threshold="167" text="wrote an anti-railway industrialist when it was" ubs="36" ubx="0" uby="1827">
      <word id="f04-061-06-00" tag="VBD" text="wrote">
        <cmp x="352" y="1817" width="39" height="42" />
        <cmp x="402" y="1826" width="23" height="30" />
        <cmp x="433" y="1819" width="36" height="40" />
        <cmp x="472" y="1819" width="32" height="40" />
        <cmp x="511" y="1815" width="34" height="42" />
      </word>
      <word id="f04-061-06-01" tag="AT" text="an">
        <cmp x="612" y="1825" width="33" height="32" />
        <cmp x="653" y="1829" width="29" height="49" />
      </word>
      <word id="f04-061-06-02" tag="JJB" text="anti-railway">
        <cmp x="748" y="1829" width="33" height="38" />
        <cmp x="787" y="1832" width="25" height="44" />
        <cmp x="820" y="1821" width="27" height="46" />
        <cmp x="843" y="1817" width="38" height="72" />
        <cmp x="875" y="1792" width="14" height="13" />
        <cmp x="889" y="1841" width="29" height="7" />
        <cmp x="935" y="1821" width="30" height="35" />
        <cmp x="959" y="1826" width="27" height="36" />
        <cmp x="998" y="1836" width="13" height="24" />
        <cmp x="1010" y="1812" width="16" height="8" />
        <cmp x="1018" y="1814" width="46" height="55" />
        <cmp x="1066" y="1828" width="40" height="29" />
        <cmp x="1109" y="1826" width="28" height="35" />
        <cmp x="1133" y="1823" width="52" height="78" />
      </word>
      <word id="f04-061-06-03" tag="NN" text="industrialist">
        <cmp x="1266" y="1828" width="10" height="35" />
        <cmp x="1268" y="1804" width="16" height="15" />
        <cmp x="1295" y="1831" width="32" height="47" />
        <cmp x="1326" y="1804" width="41" height="69" />
        <cmp x="1373" y="1825" width="28" height="35" />
        <cmp x="1405" y="1820" width="39" height="54" />
        <cmp x="1439" y="1820" width="30" height="38" />
        <cmp x="1474" y="1817" width="29" height="33" />
        <cmp x="1504" y="1833" width="13" height="24" />
        <cmp x="1519" y="1809" width="11" height="8" />
        <cmp x="1528" y="1824" width="27" height="41" />
        <cmp x="1533" y="1823" width="10" height="8" />
        <cmp x="1559" y="1813" width="38" height="49" />
        <cmp x="1595" y="1838" width="12" height="25" />
        <cmp x="1603" y="1820" width="16" height="9" />
        <cmp x="1613" y="1820" width="42" height="54" />
        <cmp x="1649" y="1823" width="29" height="39" />
      </word>
      <word id="f04-061-06-04" tag="WRB" text="when">
        <cmp x="1745" y="1823" width="42" height="43" />
        <cmp x="1797" y="1815" width="33" height="44" />
        <cmp x="1831" y="1820" width="38" height="39" />
        <cmp x="1876" y="1828" width="31" height="46" />
      </word>
      <word id="f04-061-06-05" tag="PP3" text="it">
        <cmp x="1968" y="1825" width="10" height="30" />
        <cmp x="1974" y="1806" width="12" height="9" />
        <cmp x="1986" y="1817" width="28" height="43" />
      </word>
      <word id="f04-061-06-06" tag="BEDZ" text="was">
        <cmp x="2061" y="1823" width="64" height="33" />
        <cmp x="2115" y="1817" width="36" height="64" />
      </word>
      <upper-contour>
        <point x="350" y="1716" />
        <point x="2152" y="1716" />
      </upper-contour>
      <lower-contour>
        <point x="355" y="1901" />
        <point x="1699" y="1901" />
      </lower-contour>
    </line>
    <line ass="-607" asx="0" asy="1940" character-width="999" dss="-607" dsx="0" dsy="2041" fd0="13530" fd1="2756" fd2="-897" filter-width="3" id="f04-061-07" lbs="-698" lbx="0" lby="2005" segmentation="ok" slant="74000" stroke-width="5586" threshold="169" text="proposed to build the Box Tunnel." ubs="-424" ubx="0" uby="1975">
      <word id="f04-061-07-00" tag="VBN" text="proposed">
        <cmp x="357" y="1967" width="36" height="78" />
        <cmp x="403" y="1984" width="31" height="29" />
        <cmp x="441" y="1986" width="33" height="20" />
        <cmp x="462" y="1971" width="54" height="75" />
        <cmp x="507" y="1989" width="33" height="18" />
        <cmp x="538" y="1978" width="38" height="44" />
        <cmp x="571" y="1976" width="34" height="40" />
        <cmp x="605" y="1955" width="34" height="64" />
      </word>
      <word id="f04-061-07-01" tag="TO" text="to">
        <cmp x="700" y="1978" width="32" height="44" />
        <cmp x="737" y="1985" width="30" height="22" />
      </word>
      <word id="f04-061-07-02" tag="VB" text="build">
        <cmp x="846" y="1974" width="23" height="47" />
        <cmp x="876" y="1978" width="35" height="37" />
        <cmp x="916" y="1987" width="15" height="28" />
        <cmp x="928" y="1970" width="16" height="7" />
        <cmp x="937" y="1971" width="33" height="45" />
        <cmp x="969" y="1952" width="40" height="64" />
      </word>
      <word id="f04-061-07-03" tag="ATI" text="the">
        <cmp x="1079" y="1974" width="30" height="47" />
        <cmp x="1119" y="1973" width="37" height="43" />
        <cmp x="1158" y="1975" width="35" height="40" />
      </word>
      <word id="f04-061-07-04" tag="NP" text="Box">
        <cmp x="1277" y="1964" width="52" height="55" />
        <cmp x="1328" y="1984" width="38" height="39" />
      </word>
      <word id="f04-061-07-05" tag="NN" text="Tunnel">
        <cmp x="1438" y="1967" width="70" height="12" />
        <cmp x="1464" y="1980" width="15" height="51" />
        <cmp x="1491" y="1994" width="35" height="32" />
        <cmp x="1535" y="1997" width="29" height="40" />
        <cmp x="1567" y="1996" width="37" height="42" />
        <cmp x="1605" y="1991" width="34" height="33" />
        <cmp x="1630" y="1975" width="49" height="46" />
      </word>
      <word id="f04-061-07-06" tag="." text=".">
        <cmp x="1683" y="2008" width="15" height="11" />
      </word>
      <upper-contour>
        <point x="355" y="1901" />
        <point x="1699" y="1901" />
      </upper-contour>
    </line>
  </handwritten-part>
</form>

