<?xml version="1.0" encoding="ISO-8859-1"?>

<!DOCTYPE form SYSTEM 'http://www.iam.unibe.ch/~fki/iamdb/form-metadata.dtd'>

<form created="2002-01-17" height="3542" id="f04-024" last-modified="2002-07-17" skew="0" status="final" version="3.0_beta" width="2479" writer-id="275">
  <machine-printed-part>
    <machine-print-line text="The police began a systematic search of the line - no easy task, but one in which" />
    <machine-print-line text="patience and method paid off. At a spot on the embankment between Putney and" />
    <machine-print-line text="Wandsworth they found a bloodstained pestle such as chemists use, with some hairs" />
    <machine-print-line text="sticking to it. The murder weapon, more than likely, and perhaps evidence enough" />
    <machine-print-line text="to have brought a killer to book in modern times." />
  </machine-printed-part>
  <handwritten-part>
    <line ass="-1786" asx="0" asy="738" character-width="999" dss="-1786" dsx="0" dsy="885" fd0="13573" fd1="3307" fd2="-468" filter-width="3" id="f04-024-00" lbs="-1855" lbx="0" lby="823" segmentation="ok" slant="90000" stroke-width="4508" threshold="187" text="The police began a systematic search of the line -" ubs="-1647" ubx="0" uby="799">
      <word id="f04-024-00-00" sentence-start="yes" tag="ATI" text="The">
        <cmp x="353" y="793" width="18" height="5" />
        <cmp x="365" y="817" width="3" height="4" />
        <cmp x="390" y="793" width="3" height="3" />
        <cmp x="392" y="802" width="3" height="5" />
        <cmp x="393" y="811" width="3" height="3" />
        <cmp x="393" y="812" width="26" height="32" />
        <cmp x="428" y="807" width="31" height="38" />
      </word>
      <word id="f04-024-00-01" tag="NNS" text="police">
        <cmp x="512" y="811" width="23" height="78" />
        <cmp x="549" y="824" width="26" height="28" />
        <cmp x="587" y="782" width="26" height="68" />
        <cmp x="624" y="784" width="3" height="10" />
        <cmp x="629" y="821" width="8" height="31" />
        <cmp x="646" y="821" width="22" height="28" />
        <cmp x="674" y="815" width="25" height="31" />
      </word>
      <word id="f04-024-00-02" tag="VBD" text="began">
        <cmp x="749" y="794" width="22" height="56" />
        <cmp x="779" y="819" width="26" height="35" />
        <cmp x="813" y="824" width="46" height="87" />
        <cmp x="864" y="829" width="28" height="29" />
        <cmp x="903" y="830" width="30" height="24" />
      </word>
      <word id="f04-024-00-03" tag="AT" text="a">
        <cmp x="995" y="833" width="43" height="34" />
      </word>
      <word id="f04-024-00-04" tag="JJ" text="systematic">
        <cmp x="1103" y="833" width="23" height="41" />
        <cmp x="1136" y="835" width="27" height="59" />
        <cmp x="1174" y="828" width="20" height="45" />
        <cmp x="1213" y="831" width="22" height="44" />
        <cmp x="1245" y="835" width="29" height="37" />
        <cmp x="1285" y="845" width="37" height="32" />
        <cmp x="1331" y="846" width="33" height="31" />
        <cmp x="1372" y="840" width="21" height="39" />
        <cmp x="1408" y="819" width="3" height="25" />
        <cmp x="1408" y="853" width="9" height="26" />
        <cmp x="1432" y="841" width="22" height="31" />
      </word>
      <word id="f04-024-00-05" tag="NN" text="search">
        <cmp x="1515" y="834" width="25" height="39" />
        <cmp x="1547" y="841" width="24" height="34" />
        <cmp x="1579" y="846" width="32" height="25" />
        <cmp x="1618" y="844" width="29" height="32" />
        <cmp x="1649" y="847" width="25" height="30" />
        <cmp x="1675" y="810" width="27" height="66" />
      </word>
      <word id="f04-024-00-06" tag="INO" text="of">
        <cmp x="1757" y="851" width="27" height="28" />
        <cmp x="1790" y="794" width="35" height="83" />
      </word>
      <word id="f04-024-00-07" tag="ATI" text="the">
        <cmp x="1865" y="842" width="26" height="44" />
        <cmp x="1901" y="817" width="23" height="60" />
        <cmp x="1934" y="846" width="22" height="36" />
      </word>
      <word id="f04-024-00-08" tag="NN" text="line">
        <cmp x="2027" y="815" width="26" height="75" />
        <cmp x="2073" y="860" width="6" height="28" />
        <cmp x="2079" y="818" width="4" height="13" />
        <cmp x="2096" y="860" width="25" height="25" />
        <cmp x="2128" y="847" width="24" height="42" />
      </word>
      <word id="f04-024-00-09" tag="*-" text="-">
        <cmp x="2168" y="863" width="25" height="10" />
      </word>
      <lower-contour>
        <point x="351" y="911" />
        <point x="2102" y="911" />
      </lower-contour>
    </line>
    <line ass="-1000" asx="0" asy="947" character-width="999" dss="-1000" dsx="0" dsy="1072" fd0="13607" fd1="3350" fd2="-438" filter-width="3" id="f04-024-01" lbs="-963" lbx="0" lby="1032" segmentation="ok" slant="94000" stroke-width="4718" threshold="183" text="no easy task, but one in which patience and method" ubs="-1073" ubx="0" uby="996">
      <word id="f04-024-01-00" tag="ATI" text="no">
        <cmp x="339" y="1005" width="33" height="31" />
        <cmp x="375" y="998" width="32" height="36" />
      </word>
      <word id="f04-024-01-01" tag="JJ" text="easy">
        <cmp x="463" y="1000" width="29" height="40" />
        <cmp x="503" y="1001" width="36" height="32" />
        <cmp x="541" y="991" width="20" height="46" />
        <cmp x="567" y="1000" width="27" height="82" />
      </word>
      <word id="f04-024-01-02" tag="NN" text="task">
        <cmp x="632" y="999" width="24" height="50" />
        <cmp x="669" y="1011" width="30" height="31" />
        <cmp x="699" y="1006" width="27" height="42" />
        <cmp x="735" y="1003" width="23" height="47" />
      </word>
      <word id="f04-024-01-03" tag="," text=",">
        <cmp x="767" y="1051" width="18" height="31" />
      </word>
      <word id="f04-024-01-04" tag="CC" text="but">
        <cmp x="799" y="975" width="29" height="65" />
        <cmp x="840" y="1009" width="31" height="34" />
        <cmp x="882" y="1006" width="25" height="41" />
      </word>
      <word id="f04-024-01-05" tag="CD1" text="one">
        <cmp x="950" y="1016" width="34" height="36" />
        <cmp x="995" y="1018" width="24" height="28" />
        <cmp x="1029" y="1009" width="27" height="31" />
      </word>
      <word id="f04-024-01-06" tag="IN" text="in">
        <cmp x="1104" y="1017" width="7" height="34" />
        <cmp x="1105" y="981" width="11" height="22" />
        <cmp x="1131" y="1018" width="33" height="32" />
      </word>
      <word id="f04-024-01-07" tag="WDT" text="which">
        <cmp x="1205" y="1019" width="45" height="29" />
        <cmp x="1258" y="986" width="29" height="60" />
        <cmp x="1296" y="979" width="7" height="20" />
        <cmp x="1297" y="1026" width="8" height="25" />
        <cmp x="1312" y="1022" width="27" height="33" />
        <cmp x="1339" y="989" width="28" height="66" />
      </word>
      <word id="f04-024-01-08" tag="NN" text="patience">
        <cmp x="1433" y="1025" width="21" height="71" />
        <cmp x="1461" y="1026" width="33" height="30" />
        <cmp x="1505" y="1023" width="18" height="40" />
        <cmp x="1535" y="1029" width="6" height="26" />
        <cmp x="1537" y="996" width="4" height="12" />
        <cmp x="1550" y="1023" width="26" height="39" />
        <cmp x="1589" y="1029" width="25" height="28" />
        <cmp x="1617" y="1027" width="20" height="29" />
        <cmp x="1644" y="1026" width="31" height="33" />
      </word>
      <word id="f04-024-01-09" tag="CC" text="and">
        <cmp x="1714" y="1020" width="38" height="41" />
        <cmp x="1749" y="1029" width="33" height="33" />
        <cmp x="1790" y="979" width="38" height="86" />
      </word>
      <word id="f04-024-01-10" tag="NN" text="method">
        <cmp x="1880" y="1036" width="40" height="27" />
        <cmp x="1926" y="1034" width="28" height="34" />
        <cmp x="1960" y="1030" width="22" height="42" />
        <cmp x="1993" y="1008" width="19" height="58" />
        <cmp x="2023" y="1037" width="26" height="27" />
        <cmp x="2055" y="987" width="47" height="79" />
      </word>
      <upper-contour>
        <point x="351" y="911" />
        <point x="2102" y="911" />
      </upper-contour>
      <lower-contour>
        <point x="337" y="1096" />
        <point x="2030" y="1096" />
      </lower-contour>
    </line>
    <line ass="-1173" asx="0" asy="1120" character-width="999" dss="-1173" dsx="0" dsy="1240" fd0="12962" fd1="2914" fd2="-400" filter-width="3" id="f04-024-02" lbs="-1207" lbx="0" lby="1205" segmentation="err" slant="92000" stroke-width="4648" threshold="186" text="paid off. At a spot on the embankment between" ubs="-1104" ubx="0" uby="1177">
      <word id="f04-024-02-00" tag="VBD" text="paid">
        <cmp x="338" y="1175" width="19" height="69" />
        <cmp x="361" y="1184" width="32" height="27" />
        <cmp x="403" y="1141" width="7" height="20" />
        <cmp x="408" y="1184" width="8" height="23" />
        <cmp x="433" y="1130" width="28" height="84" />
      </word>
      <word id="f04-024-02-01" tag="RP" text="off">
        <cmp x="509" y="1190" width="26" height="31" />
        <cmp x="539" y="1149" width="35" height="64" />
        <cmp x="560" y="1213" width="4" height="5" />
        <cmp x="587" y="1144" width="37" height="69" />
        <cmp x="603" y="1214" width="3" height="3" />
        <cmp x="625" y="1214" width="8" height="9" />
      </word>
      <word id="f04-024-02-02" tag="." text=".">
        <cmp x="666" y="1158" width="28" height="61" />
      </word>
      <word id="f04-024-02-03" sentence-start="yes" tag="IN" text="At">
        <cmp x="713" y="1181" width="30" height="40" />
      </word>
      <word id="f04-024-02-04" tag="AT" text="a">
        <cmp x="790" y="1199" width="43" height="34" />
      </word>
      <word id="f04-024-02-05" tag="NN" text="spot">
        <cmp x="884" y="1192" width="24" height="37" />
        <cmp x="922" y="1193" width="22" height="67" />
        <cmp x="951" y="1198" width="30" height="25" />
        <cmp x="997" y="1183" width="29" height="41" />
      </word>
      <word id="f04-024-02-06" tag="IN" text="on">
        <cmp x="1074" y="1197" width="31" height="32" />
        <cmp x="1118" y="1196" width="32" height="28" />
      </word>
      <word id="f04-024-02-07" tag="ATI" text="the">
        <cmp x="1194" y="1186" width="27" height="51" />
        <cmp x="1230" y="1167" width="12" height="60" />
        <cmp x="1243" y="1199" width="12" height="31" />
        <cmp x="1258" y="1195" width="29" height="37" />
      </word>
      <word id="f04-024-02-08" tag="NN" text="embankment">
        <cmp x="1342" y="1199" width="28" height="37" />
        <cmp x="1380" y="1208" width="42" height="28" />
        <cmp x="1431" y="1178" width="27" height="61" />
        <cmp x="1461" y="1210" width="40" height="25" />
        <cmp x="1510" y="1213" width="32" height="28" />
        <cmp x="1553" y="1202" width="22" height="47" />
        <cmp x="1583" y="1217" width="33" height="28" />
        <cmp x="1623" y="1210" width="29" height="36" />
        <cmp x="1657" y="1217" width="29" height="27" />
        <cmp x="1696" y="1207" width="38" height="42" />
      </word>
      <word id="f04-024-02-09" tag="IN" text="between">
        <cmp x="1788" y="1176" width="30" height="60" />
        <cmp x="1821" y="1211" width="26" height="31" />
        <cmp x="1859" y="1203" width="21" height="40" />
        <cmp x="1890" y="1212" width="47" height="25" />
        <cmp x="1939" y="1208" width="24" height="32" />
        <cmp x="1969" y="1209" width="22" height="34" />
        <cmp x="1997" y="1215" width="32" height="33" />
      </word>
      <upper-contour>
        <point x="337" y="1096" />
        <point x="2030" y="1096" />
      </upper-contour>
      <lower-contour>
        <point x="336" y="1260" />
        <point x="2030" y="1260" />
      </lower-contour>
    </line>
    <line ass="-984" asx="0" asy="1316" character-width="999" dss="-984" dsx="0" dsy="1425" fd0="13254" fd1="2579" fd2="-840" filter-width="3" id="f04-024-03" lbs="-959" lbx="0" lby="1395" segmentation="ok" slant="95000" stroke-width="4659" threshold="185" text="Putney and Wandsworth they found a bloodstained" ubs="-1034" ubx="0" uby="1360">
      <word id="f04-024-03-00" tag="NP" text="Putney">
        <cmp x="295" y="1339" width="21" height="62" />
        <cmp x="325" y="1368" width="32" height="35" />
        <cmp x="362" y="1366" width="21" height="36" />
        <cmp x="395" y="1374" width="28" height="28" />
        <cmp x="429" y="1364" width="26" height="34" />
        <cmp x="464" y="1365" width="31" height="68" />
      </word>
      <word id="f04-024-03-01" tag="CC" text="and">
        <cmp x="547" y="1370" width="47" height="36" />
        <cmp x="592" y="1377" width="28" height="26" />
        <cmp x="631" y="1335" width="39" height="71" />
      </word>
      <word id="f04-024-03-02" tag="NP" text="Wandsworth">
        <cmp x="700" y="1347" width="55" height="57" />
        <cmp x="754" y="1379" width="34" height="31" />
        <cmp x="792" y="1385" width="27" height="25" />
        <cmp x="828" y="1335" width="37" height="79" />
        <cmp x="867" y="1376" width="28" height="38" />
        <cmp x="903" y="1385" width="41" height="25" />
        <cmp x="949" y="1376" width="26" height="35" />
        <cmp x="989" y="1379" width="31" height="34" />
        <cmp x="1025" y="1373" width="27" height="36" />
        <cmp x="1060" y="1345" width="31" height="71" />
      </word>
      <word id="f04-024-03-03" tag="PP3AS" text="they">
        <cmp x="1156" y="1371" width="26" height="39" />
        <cmp x="1195" y="1344" width="28" height="66" />
        <cmp x="1226" y="1374" width="29" height="35" />
        <cmp x="1261" y="1383" width="31" height="63" />
      </word>
      <word id="f04-024-03-04" tag="VBD" text="found">
        <cmp x="1338" y="1347" width="35" height="75" />
        <cmp x="1375" y="1396" width="26" height="30" />
        <cmp x="1417" y="1398" width="32" height="26" />
        <cmp x="1457" y="1400" width="24" height="21" />
        <cmp x="1491" y="1345" width="38" height="74" />
      </word>
      <word id="f04-024-03-05" tag="AT" text="a">
        <cmp x="1587" y="1396" width="31" height="31" />
        <cmp x="1619" y="1385" width="19" height="34" />
      </word>
      <word id="f04-024-03-06" tag="JJ" text="bloodstained">
        <cmp x="1684" y="1359" width="29" height="61" />
        <cmp x="1723" y="1346" width="21" height="74" />
        <cmp x="1752" y="1397" width="24" height="20" />
        <cmp x="1782" y="1397" width="25" height="29" />
        <cmp x="1817" y="1350" width="38" height="78" />
        <cmp x="1868" y="1385" width="23" height="39" />
        <cmp x="1896" y="1386" width="16" height="39" />
        <cmp x="1919" y="1396" width="40" height="26" />
        <cmp x="1974" y="1400" width="8" height="30" />
        <cmp x="1975" y="1367" width="7" height="18" />
        <cmp x="1997" y="1403" width="33" height="29" />
        <cmp x="2039" y="1399" width="23" height="33" />
        <cmp x="2065" y="1357" width="44" height="76" />
      </word>
      <upper-contour>
        <point x="336" y="1260" />
        <point x="2030" y="1260" />
      </upper-contour>
      <lower-contour>
        <point x="297" y="1446" />
        <point x="2025" y="1446" />
      </lower-contour>
    </line>
    <line ass="-981" asx="0" asy="1495" character-width="999" dss="-981" dsx="0" dsy="1597" fd0="14220" fd1="2956" fd2="-653" filter-width="3" id="f04-024-04" lbs="-876" lbx="0" lby="1573" segmentation="ok" slant="90000" stroke-width="4603" threshold="184" text="pestle such as chemists use, with some hairs" ubs="-1192" ubx="0" uby="1532">
      <word id="f04-024-04-00" tag="NN" text="pestle">
        <cmp x="299" y="1535" width="15" height="68" />
        <cmp x="328" y="1537" width="27" height="34" />
        <cmp x="367" y="1532" width="21" height="41" />
        <cmp x="401" y="1529" width="13" height="45" />
        <cmp x="427" y="1510" width="36" height="74" />
        <cmp x="466" y="1542" width="34" height="41" />
      </word>
      <word id="f04-024-04-01" tag="CS21" text="such">
        <cmp x="573" y="1539" width="24" height="42" />
        <cmp x="604" y="1545" width="31" height="32" />
        <cmp x="646" y="1549" width="29" height="32" />
        <cmp x="677" y="1525" width="26" height="63" />
      </word>
      <word id="f04-024-04-02" tag="CS22" text="as">
        <cmp x="787" y="1547" width="33" height="36" />
        <cmp x="841" y="1537" width="30" height="49" />
      </word>
      <word id="f04-024-04-03" tag="NNS" text="chemists">
        <cmp x="926" y="1548" width="29" height="39" />
        <cmp x="961" y="1527" width="29" height="56" />
        <cmp x="997" y="1547" width="28" height="36" />
        <cmp x="1029" y="1558" width="41" height="27" />
        <cmp x="1082" y="1564" width="7" height="23" />
        <cmp x="1084" y="1529" width="6" height="18" />
        <cmp x="1102" y="1548" width="24" height="44" />
        <cmp x="1137" y="1544" width="25" height="47" />
        <cmp x="1178" y="1541" width="27" height="54" />
      </word>
      <word id="f04-024-04-04" tag="VB" text="use">
        <cmp x="1254" y="1561" width="33" height="32" />
        <cmp x="1291" y="1553" width="19" height="39" />
        <cmp x="1318" y="1551" width="29" height="40" />
      </word>
      <word id="f04-024-04-05" tag="," text=",">
        <cmp x="1370" y="1599" width="16" height="22" />
      </word>
      <word id="f04-024-04-06" tag="IN" text="with">
        <cmp x="1396" y="1569" width="50" height="24" />
        <cmp x="1455" y="1571" width="8" height="28" />
        <cmp x="1462" y="1521" width="5" height="24" />
        <cmp x="1477" y="1559" width="21" height="43" />
        <cmp x="1513" y="1538" width="26" height="61" />
        <cmp x="1551" y="1560" width="26" height="27" />
      </word>
      <word id="f04-024-04-07" tag="DTI" text="some">
        <cmp x="1634" y="1556" width="24" height="37" />
        <cmp x="1648" y="1556" width="4" height="3" />
        <cmp x="1664" y="1571" width="25" height="21" />
        <cmp x="1695" y="1572" width="42" height="26" />
        <cmp x="1748" y="1566" width="26" height="33" />
      </word>
      <word id="f04-024-04-08" tag="NNS" text="hairs">
        <cmp x="1857" y="1546" width="31" height="59" />
        <cmp x="1893" y="1573" width="33" height="30" />
        <cmp x="1943" y="1580" width="7" height="22" />
        <cmp x="1948" y="1541" width="5" height="12" />
        <cmp x="1964" y="1578" width="29" height="31" />
        <cmp x="2000" y="1565" width="24" height="47" />
      </word>
      <upper-contour>
        <point x="297" y="1446" />
        <point x="2025" y="1446" />
      </upper-contour>
      <lower-contour>
        <point x="297" y="1621" />
        <point x="2025" y="1621" />
      </lower-contour>
    </line>
    <line ass="-729" asx="0" asy="1687" character-width="999" dss="-729" dsx="0" dsy="1839" fd0="13675" fd1="2789" fd2="-656" filter-width="3" id="f04-024-05" lbs="-735" lbx="0" lby="1773" segmentation="ok" slant="91000" stroke-width="4616" threshold="186" text="sticking to it. The murder weapon, more than likely," ubs="-718" ubx="0" uby="1745">
      <word id="f04-024-05-00" tag="VBG" text="sticking">
        <cmp x="248" y="1743" width="24" height="42" />
        <cmp x="278" y="1738" width="28" height="38" />
        <cmp x="320" y="1715" width="7" height="19" />
        <cmp x="320" y="1750" width="10" height="28" />
        <cmp x="342" y="1752" width="29" height="34" />
        <cmp x="374" y="1744" width="9" height="40" />
        <cmp x="382" y="1749" width="17" height="30" />
        <cmp x="408" y="1758" width="7" height="29" />
        <cmp x="411" y="1712" width="5" height="20" />
        <cmp x="427" y="1759" width="27" height="28" />
        <cmp x="457" y="1761" width="23" height="25" />
        <cmp x="478" y="1748" width="39" height="98" />
      </word>
      <word id="f04-024-05-01" tag="IN" text="to">
        <cmp x="543" y="1748" width="25" height="46" />
        <cmp x="583" y="1758" width="23" height="26" />
      </word>
      <word id="f04-024-05-02" tag="PP3" text="it">
        <cmp x="659" y="1757" width="10" height="35" />
        <cmp x="660" y="1719" width="7" height="20" />
        <cmp x="690" y="1749" width="30" height="42" />
      </word>
      <word id="f04-024-05-03" tag="." text=".">
        <cmp x="734" y="1783" width="7" height="5" />
      </word>
      <word id="f04-024-05-04" sentence-start="yes" tag="ATI" text="The">
        <cmp x="739" y="1727" width="44" height="53" />
        <cmp x="801" y="1718" width="31" height="54" />
        <cmp x="841" y="1742" width="24" height="35" />
      </word>
      <word id="f04-024-05-05" tag="NN" text="murder">
        <cmp x="913" y="1754" width="42" height="28" />
        <cmp x="964" y="1752" width="32" height="31" />
        <cmp x="998" y="1754" width="36" height="34" />
        <cmp x="1039" y="1715" width="38" height="63" />
        <cmp x="1043" y="1777" width="10" height="10" />
        <cmp x="1085" y="1747" width="27" height="30" />
        <cmp x="1119" y="1747" width="36" height="38" />
      </word>
      <word id="f04-024-05-06" tag="NN" text="weapon">
        <cmp x="1202" y="1758" width="52" height="29" />
        <cmp x="1261" y="1752" width="27" height="41" />
        <cmp x="1294" y="1761" width="33" height="30" />
        <cmp x="1334" y="1755" width="17" height="83" />
        <cmp x="1365" y="1768" width="27" height="25" />
        <cmp x="1403" y="1764" width="31" height="26" />
      </word>
      <word id="f04-024-05-07" tag="," text=",">
        <cmp x="1447" y="1793" width="23" height="30" />
      </word>
      <word id="f04-024-05-08" tag="RB21" text="more">
        <cmp x="1483" y="1764" width="40" height="25" />
        <cmp x="1529" y="1762" width="31" height="28" />
        <cmp x="1571" y="1758" width="25" height="35" />
        <cmp x="1603" y="1752" width="30" height="37" />
      </word>
      <word id="f04-024-05-09" tag="RB22" text="than">
        <cmp x="1669" y="1743" width="30" height="48" />
        <cmp x="1704" y="1721" width="24" height="67" />
        <cmp x="1733" y="1760" width="31" height="33" />
        <cmp x="1773" y="1763" width="23" height="24" />
      </word>
      <word id="f04-024-05-10" tag="RB" text="likely">
        <cmp x="1850" y="1712" width="38" height="88" />
        <cmp x="1895" y="1766" width="6" height="29" />
        <cmp x="1901" y="1724" width="3" height="16" />
        <cmp x="1921" y="1756" width="17" height="36" />
        <cmp x="1952" y="1758" width="22" height="34" />
        <cmp x="1982" y="1723" width="29" height="72" />
        <cmp x="2012" y="1759" width="25" height="73" />
      </word>
      <word id="f04-024-05-11" tag="," text=",">
        <cmp x="2047" y="1792" width="16" height="28" />
      </word>
      <upper-contour>
        <point x="297" y="1621" />
        <point x="2025" y="1621" />
      </upper-contour>
      <lower-contour>
        <point x="246" y="1846" />
        <point x="2005" y="1846" />
      </lower-contour>
    </line>
    <line ass="-47" asx="0" asy="1888" character-width="999" dss="-47" dsx="0" dsy="2044" fd0="13351" fd1="2568" fd2="-916" filter-width="3" id="f04-024-06" lbs="4" lbx="0" lby="1968" segmentation="ok" slant="90000" stroke-width="4496" threshold="187" text="and perhaps evidence enough to have brought a" ubs="-153" ubx="0" uby="1935">
      <word id="f04-024-06-00" tag="CC" text="and">
        <cmp x="244" y="1929" width="39" height="37" />
        <cmp x="287" y="1937" width="32" height="32" />
        <cmp x="324" y="1893" width="44" height="73" />
      </word>
      <word id="f04-024-06-01" tag="RB" text="perhaps">
        <cmp x="414" y="1923" width="22" height="74" />
        <cmp x="452" y="1924" width="26" height="38" />
        <cmp x="491" y="1935" width="28" height="34" />
        <cmp x="528" y="1898" width="30" height="71" />
        <cmp x="563" y="1927" width="62" height="81" />
        <cmp x="634" y="1926" width="27" height="43" />
      </word>
      <word id="f04-024-06-02" tag="NN" text="evidence">
        <cmp x="729" y="1921" width="27" height="42" />
        <cmp x="769" y="1890" width="35" height="65" />
        <cmp x="775" y="1948" width="9" height="14" />
        <cmp x="822" y="1894" width="4" height="16" />
        <cmp x="825" y="1933" width="5" height="26" />
        <cmp x="842" y="1935" width="31" height="29" />
        <cmp x="874" y="1931" width="25" height="40" />
        <cmp x="910" y="1941" width="29" height="28" />
        <cmp x="943" y="1936" width="19" height="29" />
        <cmp x="970" y="1931" width="31" height="38" />
      </word>
      <word id="f04-024-06-03" tag="DTI" text="enough">
        <cmp x="1064" y="1942" width="27" height="31" />
        <cmp x="1101" y="1944" width="31" height="26" />
        <cmp x="1137" y="1947" width="27" height="24" />
        <cmp x="1170" y="1935" width="75" height="97" />
        <cmp x="1225" y="2019" width="8" height="24" />
        <cmp x="1234" y="2042" width="5" height="3" />
        <cmp x="1239" y="2034" width="3" height="4" />
        <cmp x="1257" y="1912" width="30" height="66" />
      </word>
      <word id="f04-024-06-04" tag="TO" text="to">
        <cmp x="1347" y="1930" width="18" height="49" />
        <cmp x="1375" y="1943" width="26" height="27" />
      </word>
      <word id="f04-024-06-05" tag="HV" text="have">
        <cmp x="1441" y="1914" width="35" height="55" />
        <cmp x="1490" y="1943" width="35" height="31" />
        <cmp x="1533" y="1945" width="25" height="28" />
        <cmp x="1564" y="1940" width="31" height="33" />
      </word>
      <word id="f04-024-06-06" tag="VBN" text="brought">
        <cmp x="1630" y="1916" width="33" height="52" />
        <cmp x="1669" y="1942" width="23" height="30" />
        <cmp x="1698" y="1937" width="24" height="26" />
        <cmp x="1735" y="1943" width="30" height="31" />
        <cmp x="1770" y="1943" width="50" height="103" />
        <cmp x="1824" y="1910" width="34" height="69" />
        <cmp x="1861" y="1940" width="33" height="37" />
      </word>
      <word id="f04-024-06-07" tag="AT" text="a">
        <cmp x="1956" y="1935" width="49" height="39" />
        <cmp x="1992" y="1930" width="5" height="5" />
      </word>
      <upper-contour>
        <point x="246" y="1846" />
        <point x="2005" y="1846" />
      </upper-contour>
      <lower-contour>
        <point x="251" y="2045" />
        <point x="1243" y="2045" />
      </lower-contour>
    </line>
    <line ass="-121" asx="0" asy="2080" character-width="999" dss="-121" dsx="0" dsy="2168" fd0="13766" fd1="3057" fd2="-690" filter-width="3" id="f04-024-07" lbs="-69" lbx="0" lby="2161" segmentation="err" slant="90000" stroke-width="4608" threshold="185" text="killer to book in modern times." ubs="-225" ubx="0" uby="2131">
      <word id="f04-024-07-00" tag="NN" text="killer">
        <cmp x="253" y="2117" width="16" height="43" />
        <cmp x="278" y="2135" width="8" height="28" />
        <cmp x="281" y="2097" width="6" height="21" />
        <cmp x="300" y="2087" width="24" height="78" />
        <cmp x="328" y="2082" width="25" height="78" />
        <cmp x="355" y="2126" width="27" height="35" />
        <cmp x="383" y="2134" width="35" height="33" />
      </word>
      <word id="f04-024-07-01" tag="IN" text="to">
        <cmp x="466" y="2119" width="24" height="43" />
        <cmp x="503" y="2126" width="29" height="31" />
      </word>
      <word id="f04-024-07-02" tag="NN" text="book">
        <cmp x="574" y="2100" width="24" height="61" />
        <cmp x="610" y="2139" width="26" height="27" />
        <cmp x="641" y="2136" width="32" height="28" />
        <cmp x="649" y="2143" width="3" height="4" />
        <cmp x="686" y="2120" width="29" height="44" />
      </word>
      <word id="f04-024-07-03" tag="IN" text="in">
        <cmp x="760" y="2133" width="8" height="31" />
        <cmp x="763" y="2108" width="8" height="18" />
        <cmp x="784" y="2139" width="36" height="24" />
      </word>
      <word id="f04-024-07-04" tag="JJ" text="modern">
        <cmp x="854" y="2136" width="44" height="22" />
        <cmp x="902" y="2132" width="24" height="28" />
        <cmp x="939" y="2088" width="38" height="74" />
        <cmp x="979" y="2124" width="26" height="38" />
        <cmp x="1007" y="2133" width="23" height="34" />
        <cmp x="1031" y="2134" width="41" height="31" />
      </word>
      <word id="f04-024-07-05" tag="NNS" text="times">
        <cmp x="1098" y="2121" width="21" height="50" />
        <cmp x="1137" y="2133" width="9" height="29" />
        <cmp x="1139" y="2098" width="6" height="16" />
        <cmp x="1152" y="2137" width="10" height="23" />
        <cmp x="1164" y="2143" width="21" height="15" />
        <cmp x="1193" y="2130" width="23" height="31" />
      </word>
      <word id="f04-024-07-06" tag="." text=".">
        <cmp x="1224" y="2114" width="18" height="50" />
      </word>
      <upper-contour>
        <point x="251" y="2045" />
        <point x="1243" y="2045" />
      </upper-contour>
    </line>
  </handwritten-part>
</form>

