<?xml version="1.0" encoding="ISO-8859-1"?>

<!DOCTYPE form SYSTEM 'http://www.iam.unibe.ch/~fki/iamdb/form-metadata.dtd'>

<form created="2002-01-17" height="3542" id="f04-079" last-modified="2002-07-24" skew="0" status="final" version="3.0_beta" width="2479" writer-id="282">
  <machine-printed-part>
    <machine-print-line text="Both her wrists bore the marks of severe bruising, and there were other injuries on" />
    <machine-print-line text="her body which had occurred before her death was ensured by some train which had" />
    <machine-print-line text="roared through the tunnel. There were no letters or papers found on her to assist" />
    <machine-print-line text="identification, no money, and no railway ticket. By then reports were being gathered" />
    <machine-print-line text="about all traffic over this stretch of line, but no information was forthcoming about" />
    <machine-print-line text="any carriage with an open door, nor any passenger reporting an incident which might" />
    <machine-print-line text="relate." />
  </machine-printed-part>
  <handwritten-part>
    <line ass="157" asx="0" asy="726" character-width="999" dss="157" dsx="0" dsy="834" fd0="12942" fd1="2968" fd2="-1443" filter-width="4" id="f04-079-00" lbs="140" lbx="0" lby="789" segmentation="ok" slant="99000" stroke-width="5871" threshold="168" text="Both her wrists bore the marks of severe bruising," ubs="190" ubx="0" uby="751">
      <word id="f04-079-00-00" sentence-start="yes" tag="ABX" text="Both">
        <cmp x="367" y="731" width="105" height="63" />
        <cmp x="469" y="731" width="42" height="63" />
      </word>
      <word id="f04-079-00-01" tag="PP$" text="her">
        <cmp x="561" y="735" width="42" height="53" />
        <cmp x="607" y="747" width="80" height="43" />
      </word>
      <word id="f04-079-00-02" tag="NNS" text="wrists">
        <cmp x="739" y="743" width="48" height="48" />
        <cmp x="790" y="743" width="30" height="44" />
        <cmp x="828" y="734" width="5" height="9" />
        <cmp x="830" y="754" width="10" height="31" />
        <cmp x="846" y="743" width="30" height="43" />
        <cmp x="871" y="737" width="36" height="54" />
        <cmp x="914" y="740" width="26" height="45" />
      </word>
      <word id="f04-079-00-03" tag="VBD" text="bore">
        <cmp x="978" y="724" width="39" height="66" />
        <cmp x="1021" y="753" width="25" height="35" />
        <cmp x="1047" y="745" width="75" height="45" />
      </word>
      <word id="f04-079-00-04" tag="ATI" text="the">
        <cmp x="1166" y="723" width="54" height="64" />
        <cmp x="1223" y="743" width="46" height="47" />
      </word>
      <word id="f04-079-00-05" tag="NNS" text="marks">
        <cmp x="1290" y="741" width="152" height="46" />
        <cmp x="1444" y="745" width="23" height="38" />
      </word>
      <word id="f04-079-00-06" tag="INO" text="of">
        <cmp x="1507" y="747" width="34" height="40" />
        <cmp x="1554" y="724" width="27" height="58" />
      </word>
      <word id="f04-079-00-07" tag="JJ" text="severe">
        <cmp x="1616" y="745" width="34" height="43" />
        <cmp x="1652" y="745" width="65" height="44" />
        <cmp x="1718" y="739" width="105" height="47" />
      </word>
      <word id="f04-079-00-08" tag="NN" text="bruising">
        <cmp x="1899" y="722" width="36" height="71" />
        <cmp x="1941" y="749" width="70" height="43" />
        <cmp x="2016" y="731" width="5" height="6" />
        <cmp x="2019" y="749" width="10" height="34" />
        <cmp x="2032" y="737" width="29" height="49" />
        <cmp x="2061" y="736" width="6" height="5" />
        <cmp x="2064" y="752" width="9" height="29" />
        <cmp x="2081" y="750" width="28" height="36" />
        <cmp x="2116" y="749" width="38" height="80" />
      </word>
      <word id="f04-079-00-09" tag="," text=",">
        <cmp x="2176" y="766" width="16" height="30" />
      </word>
      <lower-contour>
        <point x="365" y="794" />
        <point x="2069" y="794" />
      </lower-contour>
    </line>
    <line ass="596" asx="0" asy="889" character-width="999" dss="596" dsx="0" dsy="1009" fd0="12463" fd1="2680" fd2="-1883" filter-width="4" id="f04-079-01" lbs="578" lbx="0" lby="969" segmentation="ok" slant="83000" stroke-width="5943" threshold="167" text="and there were other injuries on her body which had" ubs="633" ubx="0" uby="925">
      <word id="f04-079-01-00" tag="CC" text="and">
        <cmp x="336" y="918" width="87" height="49" />
        <cmp x="423" y="886" width="28" height="81" />
      </word>
      <word id="f04-079-01-01" tag="EX" text="there">
        <cmp x="475" y="934" width="6" height="4" />
        <cmp x="482" y="895" width="64" height="74" />
        <cmp x="551" y="918" width="108" height="57" />
      </word>
      <word id="f04-079-01-02" tag="BED" text="were">
        <cmp x="696" y="912" width="41" height="57" />
        <cmp x="739" y="909" width="105" height="54" />
      </word>
      <word id="f04-079-01-03" tag="AP" text="other">
        <cmp x="873" y="890" width="101" height="73" />
        <cmp x="973" y="907" width="69" height="58" />
      </word>
      <word id="f04-079-01-04" tag="NNS" text="injuries">
        <cmp x="1076" y="893" width="5" height="8" />
        <cmp x="1076" y="919" width="8" height="40" />
        <cmp x="1096" y="911" width="35" height="43" />
        <cmp x="1119" y="910" width="33" height="88" />
        <cmp x="1138" y="884" width="7" height="11" />
        <cmp x="1157" y="909" width="38" height="49" />
        <cmp x="1205" y="907" width="29" height="52" />
        <cmp x="1235" y="901" width="5" height="7" />
        <cmp x="1235" y="916" width="8" height="43" />
        <cmp x="1245" y="909" width="55" height="54" />
      </word>
      <word id="f04-079-01-05" tag="IN" text="on">
        <cmp x="1334" y="916" width="30" height="47" />
        <cmp x="1377" y="914" width="35" height="48" />
      </word>
      <word id="f04-079-01-06" tag="PP$" text="her">
        <cmp x="1438" y="878" width="113" height="81" />
      </word>
      <word id="f04-079-01-07" tag="NN" text="body">
        <cmp x="1567" y="873" width="57" height="83" />
        <cmp x="1624" y="873" width="43" height="86" />
        <cmp x="1666" y="918" width="26" height="68" />
      </word>
      <word id="f04-079-01-08" tag="WDT" text="which">
        <cmp x="1716" y="897" width="52" height="66" />
        <cmp x="1771" y="873" width="31" height="78" />
        <cmp x="1810" y="914" width="7" height="35" />
        <cmp x="1830" y="905" width="28" height="53" />
        <cmp x="1861" y="876" width="35" height="80" />
      </word>
      <word id="f04-079-01-09" tag="HVD" text="had">
        <cmp x="1926" y="871" width="41" height="72" />
        <cmp x="1973" y="869" width="95" height="75" />
      </word>
      <upper-contour>
        <point x="365" y="794" />
        <point x="2069" y="794" />
      </upper-contour>
      <lower-contour>
        <point x="334" y="998" />
        <point x="2045" y="998" />
      </lower-contour>
    </line>
    <line ass="52" asx="0" asy="1053" character-width="999" dss="52" dsx="0" dsy="1168" fd0="12726" fd1="2752" fd2="-1697" filter-width="4" id="f04-079-02" lbs="85" lbx="0" lby="1143" segmentation="ok" slant="90000" stroke-width="5904" threshold="167" text="occurred before her death was ensured by some" ubs="-12" ubx="0" uby="1095">
      <word id="f04-079-02-00" tag="VBN" text="occurred">
        <cmp x="335" y="1088" width="35" height="57" />
        <cmp x="390" y="1090" width="31" height="48" />
        <cmp x="430" y="1090" width="31" height="51" />
        <cmp x="461" y="1097" width="42" height="46" />
        <cmp x="504" y="1094" width="39" height="50" />
        <cmp x="548" y="1091" width="32" height="51" />
        <cmp x="584" y="1065" width="65" height="75" />
      </word>
      <word id="f04-079-02-01" tag="CS" text="before">
        <cmp x="704" y="1069" width="80" height="75" />
        <cmp x="790" y="1076" width="35" height="67" />
        <cmp x="818" y="1102" width="31" height="40" />
        <cmp x="847" y="1099" width="75" height="49" />
      </word>
      <word id="f04-079-02-02" tag="PP$" text="her">
        <cmp x="955" y="1064" width="28" height="76" />
        <cmp x="991" y="1091" width="68" height="54" />
      </word>
      <word id="f04-079-02-03" tag="NN" text="death">
        <cmp x="1091" y="1053" width="30" height="90" />
        <cmp x="1129" y="1089" width="80" height="51" />
        <cmp x="1212" y="1073" width="56" height="75" />
      </word>
      <word id="f04-079-02-04" tag="BEDZ" text="was">
        <cmp x="1308" y="1098" width="43" height="53" />
        <cmp x="1357" y="1101" width="34" height="48" />
        <cmp x="1400" y="1100" width="26" height="45" />
      </word>
      <word id="f04-079-02-05" tag="VBN" text="ensured">
        <cmp x="1484" y="1089" width="78" height="54" />
        <cmp x="1568" y="1091" width="28" height="49" />
        <cmp x="1602" y="1096" width="33" height="46" />
        <cmp x="1640" y="1094" width="26" height="46" />
        <cmp x="1668" y="1065" width="60" height="76" />
      </word>
      <word id="f04-079-02-06" tag="IN" text="by">
        <cmp x="1755" y="1065" width="38" height="74" />
        <cmp x="1793" y="1091" width="48" height="76" />
      </word>
      <word id="f04-079-02-07" tag="DTI" text="some">
        <cmp x="1876" y="1091" width="59" height="49" />
        <cmp x="1938" y="1093" width="57" height="47" />
        <cmp x="1999" y="1089" width="44" height="57" />
      </word>
      <upper-contour>
        <point x="334" y="998" />
        <point x="2045" y="998" />
      </upper-contour>
      <lower-contour>
        <point x="333" y="1167" />
        <point x="2045" y="1167" />
      </lower-contour>
    </line>
    <line ass="100" asx="0" asy="1232" character-width="999" dss="100" dsx="0" dsy="1376" fd0="12248" fd1="2576" fd2="-2080" filter-width="4" id="f04-079-03" lbs="66" lbx="0" lby="1319" segmentation="ok" slant="89000" stroke-width="5879" threshold="168" text="train which had roared through the tunnel. There were" ubs="169" ubx="0" uby="1268">
      <word id="f04-079-03-00" tag="NN" text="train">
        <cmp x="335" y="1252" width="68" height="70" />
        <cmp x="398" y="1271" width="60" height="50" />
        <cmp x="444" y="1250" width="4" height="12" />
        <cmp x="464" y="1271" width="38" height="51" />
      </word>
      <word id="f04-079-03-01" tag="WDT" text="which">
        <cmp x="535" y="1268" width="43" height="63" />
        <cmp x="587" y="1231" width="29" height="87" />
        <cmp x="622" y="1249" width="5" height="8" />
        <cmp x="625" y="1274" width="7" height="42" />
        <cmp x="638" y="1239" width="63" height="80" />
      </word>
      <word id="f04-079-03-02" tag="HVD" text="had">
        <cmp x="726" y="1251" width="29" height="66" />
        <cmp x="760" y="1231" width="80" height="88" />
      </word>
      <word id="f04-079-03-03" tag="VBN" text="roared">
        <cmp x="872" y="1264" width="30" height="54" />
        <cmp x="874" y="1256" width="5" height="6" />
        <cmp x="901" y="1270" width="27" height="51" />
        <cmp x="931" y="1266" width="46" height="56" />
        <cmp x="978" y="1235" width="87" height="83" />
      </word>
      <word id="f04-079-03-04" tag="IN" text="through">
        <cmp x="1111" y="1252" width="36" height="66" />
        <cmp x="1151" y="1244" width="36" height="70" />
        <cmp x="1193" y="1276" width="36" height="44" />
        <cmp x="1225" y="1271" width="64" height="50" />
        <cmp x="1284" y="1272" width="44" height="102" />
        <cmp x="1330" y="1232" width="36" height="85" />
      </word>
      <word id="f04-079-03-05" tag="ATI" text="the">
        <cmp x="1395" y="1243" width="40" height="72" />
        <cmp x="1436" y="1235" width="32" height="80" />
        <cmp x="1476" y="1262" width="31" height="55" />
      </word>
      <word id="f04-079-03-06" tag="NN" text="tunnel">
        <cmp x="1552" y="1246" width="68" height="76" />
        <cmp x="1623" y="1268" width="33" height="45" />
        <cmp x="1659" y="1268" width="30" height="47" />
        <cmp x="1691" y="1264" width="38" height="55" />
        <cmp x="1732" y="1231" width="26" height="87" />
      </word>
      <word id="f04-079-03-07" tag="." text=".">
        <cmp x="1774" y="1307" width="5" height="5" />
      </word>
      <word id="f04-079-03-08" sentence-start="yes" tag="EX" text="There">
        <cmp x="1824" y="1235" width="48" height="78" />
        <cmp x="1858" y="1232" width="38" height="76" />
        <cmp x="1902" y="1257" width="99" height="55" />
      </word>
      <word id="f04-079-03-09" tag="BED" text="were">
        <cmp x="2037" y="1259" width="53" height="69" />
        <cmp x="2091" y="1261" width="110" height="65" />
      </word>
      <upper-contour>
        <point x="333" y="1167" />
        <point x="2045" y="1167" />
      </upper-contour>
      <lower-contour>
        <point x="351" y="1374" />
        <point x="2202" y="1374" />
      </lower-contour>
    </line>
    <line ass="-29" asx="0" asy="1397" character-width="999" dss="-29" dsx="0" dsy="1525" fd0="12603" fd1="2240" fd2="-1842" filter-width="4" id="f04-079-04" lbs="-34" lbx="0" lby="1499" segmentation="ok" slant="84000" stroke-width="5754" threshold="169" text="no letters or papers found on her to assist identi" ubs="-18" ubx="0" uby="1447">
      <word id="f04-079-04-00" tag="ATI" text="no">
        <cmp x="353" y="1429" width="31" height="62" />
        <cmp x="390" y="1440" width="28" height="53" />
      </word>
      <word id="f04-079-04-01" tag="NNS" text="letters">
        <cmp x="465" y="1413" width="30" height="86" />
        <cmp x="497" y="1444" width="38" height="56" />
        <cmp x="539" y="1427" width="158" height="79" />
      </word>
      <word id="f04-079-04-02" tag="CC" text="or">
        <cmp x="733" y="1449" width="36" height="53" />
        <cmp x="781" y="1446" width="35" height="55" />
      </word>
      <word id="f04-079-04-03" tag="NNS" text="papers">
        <cmp x="850" y="1444" width="116" height="83" />
        <cmp x="972" y="1443" width="71" height="54" />
        <cmp x="1038" y="1442" width="36" height="50" />
      </word>
      <word id="f04-079-04-04" tag="VBN" text="found">
        <cmp x="1103" y="1412" width="42" height="87" />
        <cmp x="1133" y="1423" width="154" height="86" />
      </word>
      <word id="f04-079-04-05" tag="IN" text="on">
        <cmp x="1338" y="1456" width="29" height="50" />
        <cmp x="1374" y="1449" width="46" height="52" />
      </word>
      <word id="f04-079-04-06" tag="PP3O" text="her">
        <cmp x="1467" y="1420" width="40" height="76" />
        <cmp x="1516" y="1443" width="78" height="64" />
      </word>
      <word id="f04-079-04-07" tag="TO" text="to">
        <cmp x="1620" y="1424" width="75" height="79" />
      </word>
      <word id="f04-079-04-08" tag="VB" text="assist">
        <cmp x="1730" y="1444" width="59" height="51" />
        <cmp x="1790" y="1440" width="35" height="55" />
        <cmp x="1826" y="1436" width="40" height="65" />
        <cmp x="1875" y="1455" width="9" height="44" />
        <cmp x="1901" y="1444" width="27" height="56" />
        <cmp x="1937" y="1433" width="40" height="67" />
      </word>
      <word id="f04-079-04-09" tag="NN-" text="identi">
        <cmp x="2028" y="1448" width="13" height="51" />
        <cmp x="2034" y="1425" width="6" height="9" />
        <cmp x="2052" y="1400" width="46" height="97" />
        <cmp x="2089" y="1434" width="37" height="66" />
        <cmp x="2138" y="1447" width="37" height="55" />
        <cmp x="2176" y="1433" width="29" height="73" />
        <cmp x="2209" y="1455" width="12" height="48" />
        <cmp x="2216" y="1436" width="5" height="8" />
      </word>
      <upper-contour>
        <point x="351" y="1374" />
        <point x="2202" y="1374" />
      </upper-contour>
      <lower-contour>
        <point x="351" y="1527" />
        <point x="2150" y="1527" />
      </lower-contour>
    </line>
    <line ass="-180" asx="0" asy="1577" character-width="999" dss="-180" dsx="0" dsy="1721" fd0="12526" fd1="2267" fd2="-2169" filter-width="4" id="f04-079-05" lbs="-71" lbx="0" lby="1684" segmentation="ok" slant="80000" stroke-width="5805" threshold="167" text="fication, no money, and no railway ticket. By then" ubs="-400" ubx="0" uby="1623">
      <word id="f04-079-05-00" tag="-NN" text="fication">
        <cmp x="327" y="1580" width="42" height="101" />
        <cmp x="373" y="1629" width="10" height="44" />
        <cmp x="375" y="1606" width="4" height="8" />
        <cmp x="403" y="1622" width="30" height="55" />
        <cmp x="432" y="1625" width="46" height="55" />
        <cmp x="486" y="1612" width="29" height="72" />
        <cmp x="522" y="1607" width="5" height="8" />
        <cmp x="524" y="1632" width="7" height="46" />
        <cmp x="539" y="1626" width="27" height="52" />
        <cmp x="567" y="1629" width="34" height="47" />
      </word>
      <word id="f04-079-05-01" tag="," text=",">
        <cmp x="610" y="1657" width="11" height="51" />
      </word>
      <word id="f04-079-05-02" tag="ATI" text="no">
        <cmp x="650" y="1618" width="41" height="62" />
        <cmp x="701" y="1630" width="26" height="49" />
      </word>
      <word id="f04-079-05-03" tag="NN" text="money">
        <cmp x="762" y="1629" width="57" height="56" />
        <cmp x="818" y="1629" width="146" height="87" />
      </word>
      <word id="f04-079-05-04" tag="," text=",">
        <cmp x="972" y="1685" width="11" height="40" />
      </word>
      <word id="f04-079-05-05" tag="CC" text="and">
        <cmp x="998" y="1638" width="92" height="58" />
        <cmp x="1096" y="1606" width="40" height="83" />
      </word>
      <word id="f04-079-05-06" tag="ATI" text="no">
        <cmp x="1160" y="1643" width="42" height="44" />
        <cmp x="1202" y="1647" width="38" height="44" />
      </word>
      <word id="f04-079-05-07" tag="NN" text="railway">
        <cmp x="1287" y="1629" width="42" height="58" />
        <cmp x="1319" y="1630" width="62" height="56" />
        <cmp x="1371" y="1605" width="5" height="12" />
        <cmp x="1385" y="1594" width="85" height="96" />
        <cmp x="1476" y="1626" width="76" height="85" />
      </word>
      <word id="f04-079-05-08" tag="NN" text="ticket">
        <cmp x="1587" y="1603" width="31" height="77" />
        <cmp x="1627" y="1634" width="13" height="45" />
        <cmp x="1636" y="1603" width="5" height="13" />
        <cmp x="1659" y="1627" width="21" height="52" />
        <cmp x="1685" y="1624" width="33" height="59" />
        <cmp x="1727" y="1629" width="38" height="58" />
        <cmp x="1776" y="1610" width="36" height="78" />
      </word>
      <word id="f04-079-05-09" tag="." text=".">
        <cmp x="1831" y="1673" width="4" height="6" />
      </word>
      <word id="f04-079-05-10" sentence-start="yes" tag="IN" text="By">
        <cmp x="1884" y="1592" width="50" height="88" />
        <cmp x="1936" y="1634" width="13" height="39" />
        <cmp x="1940" y="1621" width="28" height="83" />
      </word>
      <word id="f04-079-05-11" tag="RN" text="then">
        <cmp x="1997" y="1604" width="66" height="85" />
        <cmp x="2065" y="1631" width="84" height="56" />
      </word>
      <upper-contour>
        <point x="351" y="1527" />
        <point x="2150" y="1527" />
      </upper-contour>
      <lower-contour>
        <point x="345" y="1725" />
        <point x="2150" y="1725" />
      </lower-contour>
    </line>
    <line ass="-4" asx="0" asy="1765" character-width="999" dss="-4" dsx="0" dsy="1924" fd0="12608" fd1="2438" fd2="-1950" filter-width="4" id="f04-079-06" lbs="1" lbx="0" lby="1864" segmentation="ok" slant="83000" stroke-width="5959" threshold="167" text="reports were being gathered about all traffic over" ubs="-16" ubx="0" uby="1809">
      <word id="f04-079-06-00" tag="NNS" text="reports">
        <cmp x="347" y="1789" width="79" height="72" />
        <cmp x="427" y="1805" width="124" height="100" />
        <cmp x="549" y="1816" width="27" height="53" />
      </word>
      <word id="f04-079-06-01" tag="BED" text="were">
        <cmp x="622" y="1811" width="43" height="64" />
        <cmp x="674" y="1805" width="78" height="67" />
        <cmp x="751" y="1808" width="37" height="56" />
      </word>
      <word id="f04-079-06-02" tag="BEG" text="being">
        <cmp x="847" y="1771" width="93" height="89" />
        <cmp x="930" y="1787" width="4" height="12" />
        <cmp x="950" y="1812" width="64" height="100" />
      </word>
      <word id="f04-079-06-03" tag="VBN" text="gathered">
        <cmp x="1052" y="1812" width="83" height="114" />
        <cmp x="1133" y="1789" width="87" height="89" />
        <cmp x="1222" y="1777" width="149" height="96" />
      </word>
      <word id="f04-079-06-04" tag="IN" text="about">
        <cmp x="1412" y="1806" width="60" height="62" />
        <cmp x="1471" y="1766" width="114" height="107" />
        <cmp x="1587" y="1794" width="37" height="75" />
      </word>
      <word id="f04-079-06-05" tag="ABN" text="all">
        <cmp x="1633" y="1784" width="106" height="93" />
      </word>
      <word id="f04-079-06-06" tag="NN" text="traffic">
        <cmp x="1767" y="1781" width="122" height="91" />
        <cmp x="1901" y="1772" width="49" height="92" />
        <cmp x="1940" y="1770" width="46" height="91" />
        <cmp x="1981" y="1819" width="14" height="43" />
        <cmp x="1986" y="1796" width="6" height="9" />
        <cmp x="2006" y="1805" width="29" height="60" />
      </word>
      <word id="f04-079-06-07" tag="IN" text="over">
        <cmp x="2085" y="1810" width="38" height="56" />
        <cmp x="2125" y="1810" width="39" height="58" />
        <cmp x="2165" y="1803" width="97" height="62" />
      </word>
      <upper-contour>
        <point x="345" y="1725" />
        <point x="2150" y="1725" />
      </upper-contour>
      <lower-contour>
        <point x="345" y="1926" />
        <point x="2156" y="1926" />
      </lower-contour>
    </line>
    <line ass="27" asx="0" asy="1951" character-width="999" dss="27" dsx="0" dsy="2090" fd0="12759" fd1="2632" fd2="-1980" filter-width="4" id="f04-079-07" lbs="153" lbx="0" lby="2044" segmentation="ok" slant="81000" stroke-width="5811" threshold="167" text="this stretch of line, but no information was" ubs="-224" ubx="0" uby="1985">
      <word id="f04-079-07-00" tag="DT" text="this">
        <cmp x="337" y="1954" width="82" height="79" />
        <cmp x="423" y="1972" width="4" height="7" />
        <cmp x="426" y="1988" width="12" height="37" />
        <cmp x="448" y="1975" width="29" height="61" />
      </word>
      <word id="f04-079-07-01" tag="NN" text="stretch">
        <cmp x="526" y="1983" width="42" height="57" />
        <cmp x="573" y="1971" width="32" height="69" />
        <cmp x="610" y="1985" width="28" height="50" />
        <cmp x="643" y="1989" width="35" height="52" />
        <cmp x="680" y="1976" width="25" height="66" />
        <cmp x="711" y="1996" width="27" height="50" />
        <cmp x="740" y="1967" width="35" height="83" />
      </word>
      <word id="f04-079-07-02" tag="INO" text="of">
        <cmp x="809" y="2005" width="31" height="59" />
        <cmp x="856" y="1965" width="44" height="84" />
      </word>
      <word id="f04-079-07-03" tag="NN" text="line">
        <cmp x="963" y="1961" width="50" height="89" />
        <cmp x="1004" y="1973" width="5" height="11" />
        <cmp x="1025" y="2001" width="36" height="45" />
        <cmp x="1070" y="1991" width="46" height="63" />
      </word>
      <word id="f04-079-07-04" tag="," text=",">
        <cmp x="1133" y="2034" width="18" height="56" />
      </word>
      <word id="f04-079-07-05" tag="CC" text="but">
        <cmp x="1200" y="1958" width="88" height="86" />
        <cmp x="1288" y="1976" width="39" height="72" />
      </word>
      <word id="f04-079-07-06" tag="ATI" text="no">
        <cmp x="1366" y="1983" width="42" height="63" />
        <cmp x="1419" y="1994" width="35" height="57" />
      </word>
      <word id="f04-079-07-07" tag="NN" text="information">
        <cmp x="1506" y="1990" width="11" height="49" />
        <cmp x="1514" y="1962" width="5" height="6" />
        <cmp x="1529" y="1985" width="38" height="53" />
        <cmp x="1567" y="1951" width="54" height="86" />
        <cmp x="1601" y="1988" width="42" height="53" />
        <cmp x="1641" y="1991" width="49" height="55" />
        <cmp x="1673" y="1992" width="80" height="59" />
        <cmp x="1752" y="1992" width="54" height="57" />
        <cmp x="1816" y="1979" width="39" height="61" />
        <cmp x="1866" y="1995" width="17" height="44" />
        <cmp x="1876" y="1975" width="6" height="9" />
        <cmp x="1892" y="1992" width="32" height="47" />
        <cmp x="1925" y="1992" width="48" height="51" />
      </word>
      <word id="f04-079-07-08" tag="BEDZ" text="was">
        <cmp x="2007" y="1988" width="59" height="60" />
        <cmp x="2071" y="1984" width="46" height="60" />
        <cmp x="2125" y="1985" width="30" height="58" />
      </word>
      <upper-contour>
        <point x="345" y="1926" />
        <point x="2156" y="1926" />
      </upper-contour>
      <lower-contour>
        <point x="340" y="2090" />
        <point x="2156" y="2090" />
      </lower-contour>
    </line>
    <line ass="-15" asx="0" asy="2110" character-width="999" dss="-15" dsx="0" dsy="2278" fd0="13018" fd1="2260" fd2="-2159" filter-width="4" id="f04-079-08" lbs="102" lbx="0" lby="2225" segmentation="ok" slant="77000" stroke-width="5961" threshold="168" text="forthcoming about any carriage with an open" ubs="-249" ubx="0" uby="2167">
      <word id="f04-079-08-00" tag="JJ" text="forthcoming">
        <cmp x="342" y="2112" width="46" height="109" />
        <cmp x="371" y="2166" width="31" height="55" />
        <cmp x="404" y="2164" width="43" height="62" />
        <cmp x="443" y="2156" width="27" height="69" />
        <cmp x="472" y="2145" width="31" height="80" />
        <cmp x="514" y="2175" width="33" height="57" />
        <cmp x="547" y="2176" width="34" height="52" />
        <cmp x="588" y="2175" width="73" height="52" />
        <cmp x="671" y="2153" width="5" height="9" />
        <cmp x="673" y="2185" width="7" height="41" />
        <cmp x="701" y="2178" width="37" height="46" />
        <cmp x="733" y="2179" width="57" height="96" />
      </word>
      <word id="f04-079-08-01" tag="IN" text="about">
        <cmp x="835" y="2170" width="78" height="55" />
        <cmp x="919" y="2129" width="138" height="92" />
        <cmp x="1064" y="2157" width="38" height="70" />
      </word>
      <word id="f04-079-08-02" tag="DTI" text="any">
        <cmp x="1139" y="2161" width="105" height="55" />
        <cmp x="1251" y="2162" width="29" height="77" />
      </word>
      <word id="f04-079-08-03" tag="NN" text="carriage">
        <cmp x="1318" y="2157" width="147" height="63" />
        <cmp x="1454" y="2167" width="53" height="54" />
        <cmp x="1504" y="2183" width="10" height="44" />
        <cmp x="1509" y="2155" width="5" height="10" />
        <cmp x="1521" y="2175" width="57" height="49" />
        <cmp x="1570" y="2180" width="51" height="100" />
        <cmp x="1631" y="2169" width="43" height="58" />
      </word>
      <word id="f04-079-08-04" tag="IN" text="with">
        <cmp x="1709" y="2153" width="62" height="69" />
        <cmp x="1774" y="2160" width="21" height="53" />
        <cmp x="1779" y="2133" width="9" height="9" />
        <cmp x="1802" y="2138" width="74" height="88" />
      </word>
      <word id="f04-079-08-05" tag="AT" text="an">
        <cmp x="1904" y="2170" width="99" height="59" />
      </word>
      <word id="f04-079-08-06" tag="JJ" text="open">
        <cmp x="2028" y="2182" width="36" height="45" />
        <cmp x="2058" y="2167" width="149" height="102" />
      </word>
      <upper-contour>
        <point x="340" y="2090" />
        <point x="2156" y="2090" />
      </upper-contour>
      <lower-contour>
        <point x="343" y="2280" />
        <point x="2208" y="2280" />
      </lower-contour>
    </line>
    <line ass="233" asx="0" asy="2294" character-width="999" dss="233" dsx="0" dsy="2455" fd0="13182" fd1="2337" fd2="-1952" filter-width="4" id="f04-079-09" lbs="307" lbx="0" lby="2409" segmentation="ok" slant="74000" stroke-width="5876" threshold="167" text="door, nor any passenger reporting an incident" ubs="86" ubx="0" uby="2348">
      <word id="f04-079-09-00" tag="NN" text="door">
        <cmp x="345" y="2293" width="50" height="106" />
        <cmp x="395" y="2345" width="34" height="57" />
        <cmp x="433" y="2343" width="33" height="59" />
        <cmp x="477" y="2345" width="44" height="56" />
      </word>
      <word id="f04-079-09-01" tag="," text=",">
        <cmp x="535" y="2387" width="15" height="59" />
      </word>
      <word id="f04-079-09-02" tag="CC" text="nor">
        <cmp x="584" y="2339" width="37" height="60" />
        <cmp x="630" y="2345" width="35" height="52" />
        <cmp x="669" y="2338" width="4" height="4" />
        <cmp x="669" y="2343" width="48" height="59" />
      </word>
      <word id="f04-079-09-03" tag="DTI" text="any">
        <cmp x="750" y="2339" width="98" height="62" />
        <cmp x="857" y="2344" width="36" height="81" />
      </word>
      <word id="f04-079-09-04" tag="NN" text="passenger">
        <cmp x="916" y="2340" width="49" height="105" />
        <cmp x="965" y="2344" width="47" height="59" />
        <cmp x="1013" y="2335" width="90" height="63" />
        <cmp x="1100" y="2334" width="96" height="66" />
        <cmp x="1193" y="2332" width="189" height="120" />
      </word>
      <word id="f04-079-09-05" tag="VBG" text="reporting">
        <cmp x="1418" y="2333" width="88" height="72" />
        <cmp x="1485" y="2336" width="94" height="110" />
        <cmp x="1577" y="2331" width="52" height="68" />
        <cmp x="1624" y="2314" width="40" height="80" />
        <cmp x="1670" y="2345" width="21" height="48" />
        <cmp x="1692" y="2318" width="5" height="7" />
        <cmp x="1695" y="2347" width="48" height="49" />
        <cmp x="1711" y="2344" width="78" height="98" />
      </word>
      <word id="f04-079-09-06" tag="AT" text="an">
        <cmp x="1816" y="2336" width="107" height="60" />
      </word>
      <word id="f04-079-09-07" tag="NN" text="incident">
        <cmp x="1974" y="2338" width="17" height="60" />
        <cmp x="1990" y="2310" width="6" height="10" />
        <cmp x="2003" y="2342" width="36" height="49" />
        <cmp x="2045" y="2330" width="34" height="63" />
        <cmp x="2090" y="2348" width="19" height="53" />
        <cmp x="2103" y="2327" width="4" height="10" />
        <cmp x="2111" y="2311" width="48" height="98" />
        <cmp x="2149" y="2347" width="78" height="56" />
        <cmp x="2232" y="2331" width="34" height="84" />
      </word>
      <upper-contour>
        <point x="343" y="2280" />
        <point x="2208" y="2280" />
      </upper-contour>
      <lower-contour>
        <point x="360" y="2446" />
        <point x="1191" y="2446" />
      </lower-contour>
    </line>
    <line ass="-521" asx="0" asy="2472" character-width="999" dss="-521" dsx="0" dsy="2636" fd0="12856" fd1="2147" fd2="-2174" filter-width="4" id="f04-079-10" lbs="-566" lbx="0" lby="2569" segmentation="ok" slant="76000" stroke-width="5811" threshold="169" text="which might relate." ubs="-430" ubx="0" uby="2522">
      <word id="f04-079-10-00" tag="WDT" text="which">
        <cmp x="362" y="2489" width="56" height="85" />
        <cmp x="415" y="2477" width="34" height="95" />
        <cmp x="454" y="2528" width="11" height="40" />
        <cmp x="461" y="2493" width="5" height="8" />
        <cmp x="463" y="2515" width="37" height="62" />
        <cmp x="501" y="2488" width="35" height="88" />
      </word>
      <word id="f04-079-10-01" tag="MD" text="might">
        <cmp x="578" y="2529" width="61" height="52" />
        <cmp x="651" y="2535" width="17" height="51" />
        <cmp x="652" y="2494" width="108" height="149" />
        <cmp x="661" y="2511" width="5" height="9" />
        <cmp x="762" y="2510" width="57" height="65" />
      </word>
      <word id="f04-079-10-02" tag="VB" text="relate">
        <cmp x="893" y="2509" width="89" height="65" />
        <cmp x="978" y="2490" width="84" height="95" />
        <cmp x="1075" y="2506" width="92" height="78" />
      </word>
      <word id="f04-079-10-03" tag="." text=".">
        <cmp x="1184" y="2568" width="7" height="7" />
      </word>
      <upper-contour>
        <point x="360" y="2446" />
        <point x="1191" y="2446" />
      </upper-contour>
    </line>
  </handwritten-part>
</form>

