<?xml version="1.0" encoding="ISO-8859-1"?>

<!DOCTYPE form SYSTEM 'http://www.iam.unibe.ch/~fki/iamdb/form-metadata.dtd'>

<form created="2002-01-17" height="3542" id="f04-071" last-modified="2002-07-17" skew="-63" status="final" version="3.0_beta" width="2479" writer-id="281">
  <machine-printed-part>
    <machine-print-line text="Though in the minds of most people there was no doubt that the woman had been the" />
    <machine-print-line text="victim of foul play, the verdict brought in was that there was not sufficient evidence" />
    <machine-print-line text="to show whether she had fallen or been thrown from a train. The Merstham Tunnel," />
    <machine-print-line text="on the London-to-Brighton line, is approximately one mile long, and some time before" />
    <machine-print-line text="midnight on September 24, 1905, a Sunday, Sub-Inspector Peacock, of the London," />
    <machine-print-line text="Brighton and South Coast Railway, who was in charge of a gang of men engaged in" />
    <machine-print-line text="relining the tunnel, was walking through when he stumbled over something in the" />
    <machine-print-line text="darkness." />
  </machine-printed-part>
  <handwritten-part>
    <line ass="-711" asx="0" asy="865" character-width="999" dss="-711" dsx="0" dsy="957" fd0="13690" fd1="3124" fd2="202" filter-width="3" id="f04-071-00" lbs="-707" lbx="0" lby="923" segmentation="ok" slant="104000" stroke-width="4921" threshold="158" text="Though in the minds of most people there was" ubs="-720" ubx="0" uby="896">
      <word id="f04-071-00-00" sentence-start="yes" tag="CS" text="Though">
        <cmp x="379" y="881" width="39" height="36" />
        <cmp x="444" y="873" width="76" height="56" />
        <cmp x="533" y="906" width="92" height="60" />
        <cmp x="628" y="879" width="42" height="54" />
      </word>
      <word id="f04-071-00-01" tag="IN" text="in">
        <cmp x="731" y="910" width="13" height="21" />
        <cmp x="757" y="906" width="56" height="26" />
      </word>
      <word id="f04-071-00-02" tag="ATI" text="the">
        <cmp x="882" y="902" width="30" height="36" />
        <cmp x="911" y="889" width="84" height="55" />
      </word>
      <word id="f04-071-00-03" tag="NNS" text="minds">
        <cmp x="1061" y="928" width="53" height="14" />
        <cmp x="1122" y="905" width="16" height="11" />
        <cmp x="1123" y="921" width="13" height="22" />
        <cmp x="1149" y="884" width="94" height="60" />
        <cmp x="1245" y="908" width="23" height="32" />
      </word>
      <word id="f04-071-00-04" tag="INO" text="of">
        <cmp x="1320" y="913" width="34" height="26" />
        <cmp x="1365" y="882" width="28" height="56" />
      </word>
      <word id="f04-071-00-05" tag="AP" text="most">
        <cmp x="1484" y="919" width="73" height="22" />
        <cmp x="1566" y="914" width="22" height="32" />
        <cmp x="1601" y="911" width="29" height="28" />
      </word>
      <word id="f04-071-00-06" tag="NNS" text="people">
        <cmp x="1668" y="914" width="37" height="63" />
        <cmp x="1710" y="909" width="95" height="52" />
        <cmp x="1808" y="888" width="76" height="59" />
      </word>
      <word id="f04-071-00-07" tag="EX" text="there">
        <cmp x="1916" y="912" width="31" height="38" />
        <cmp x="1951" y="898" width="131" height="51" />
      </word>
      <word id="f04-071-00-08" tag="BEDZ" text="was">
        <cmp x="2114" y="922" width="63" height="29" />
        <cmp x="2187" y="923" width="94" height="40" />
      </word>
      <lower-contour>
        <point x="377" y="977" />
        <point x="2082" y="977" />
      </lower-contour>
    </line>
    <line ass="-1136" asx="0" asy="1025" character-width="999" dss="-1136" dsx="0" dsy="1104" fd0="13288" fd1="3377" fd2="397" filter-width="3" id="f04-071-01" lbs="-1111" lbx="0" lby="1095" segmentation="ok" slant="96000" stroke-width="5118" threshold="156" text="no doubt that the woman had been the victim" ubs="-1188" ubx="0" uby="1066">
      <word id="f04-071-01-00" tag="ATI" text="no">
        <cmp x="357" y="1075" width="53" height="26" />
      </word>
      <word id="f04-071-01-01" tag="NN" text="doubt">
        <cmp x="468" y="1040" width="34" height="58" />
        <cmp x="518" y="1072" width="28" height="31" />
        <cmp x="558" y="1075" width="32" height="22" />
        <cmp x="614" y="1039" width="38" height="58" />
        <cmp x="658" y="1064" width="30" height="32" />
      </word>
      <word id="f04-071-01-02" tag="CS" text="that">
        <cmp x="728" y="1085" width="30" height="32" />
        <cmp x="763" y="1077" width="97" height="39" />
      </word>
      <word id="f04-071-01-03" tag="ATI" text="the">
        <cmp x="907" y="1083" width="20" height="31" />
        <cmp x="932" y="1074" width="64" height="40" />
      </word>
      <word id="f04-071-01-04" tag="NN" text="woman">
        <cmp x="1060" y="1100" width="71" height="27" />
        <cmp x="1137" y="1103" width="96" height="26" />
        <cmp x="1237" y="1103" width="37" height="24" />
      </word>
      <word id="f04-071-01-05" tag="HVD" text="had">
        <cmp x="1326" y="1074" width="99" height="52" />
      </word>
      <word id="f04-071-01-06" tag="BEN" text="been">
        <cmp x="1479" y="1066" width="40" height="61" />
        <cmp x="1518" y="1097" width="31" height="28" />
        <cmp x="1550" y="1097" width="76" height="32" />
      </word>
      <word id="f04-071-01-07" tag="ATI" text="the">
        <cmp x="1703" y="1096" width="42" height="38" />
        <cmp x="1746" y="1094" width="71" height="42" />
      </word>
      <word id="f04-071-01-08" tag="NN" text="victim">
        <cmp x="1860" y="1100" width="27" height="28" />
        <cmp x="1899" y="1089" width="12" height="13" />
        <cmp x="1900" y="1107" width="9" height="22" />
        <cmp x="1933" y="1099" width="25" height="29" />
        <cmp x="1966" y="1096" width="22" height="32" />
        <cmp x="1991" y="1084" width="9" height="10" />
        <cmp x="1998" y="1103" width="8" height="26" />
        <cmp x="2013" y="1104" width="68" height="25" />
      </word>
      <upper-contour>
        <point x="377" y="977" />
        <point x="2082" y="977" />
      </upper-contour>
      <lower-contour>
        <point x="355" y="1136" />
        <point x="2082" y="1136" />
      </lower-contour>
    </line>
    <line ass="-495" asx="0" asy="1231" character-width="999" dss="-495" dsx="0" dsy="1321" fd0="13472" fd1="2824" fd2="-43" filter-width="3" id="f04-071-02" lbs="-489" lbx="0" lby="1290" segmentation="err" slant="106000" stroke-width="4860" threshold="158" text="of foul play, the verdict brought in was that there" ubs="-508" ubx="0" uby="1263">
      <word id="f04-071-02-00" tag="INO" text="of">
        <cmp x="331" y="1272" width="21" height="27" />
        <cmp x="357" y="1249" width="28" height="45" />
      </word>
      <word id="f04-071-02-01" tag="JJ" text="foul">
        <cmp x="442" y="1240" width="26" height="52" />
        <cmp x="466" y="1267" width="63" height="26" />
        <cmp x="537" y="1243" width="33" height="47" />
      </word>
      <word id="f04-071-02-02" tag="NN" text="play">
        <cmp x="620" y="1279" width="21" height="48" />
        <cmp x="652" y="1249" width="46" height="49" />
        <cmp x="702" y="1273" width="40" height="24" />
      </word>
      <word id="f04-071-02-03" tag="," text=",">
        <cmp x="753" y="1273" width="14" height="11" />
        <cmp x="759" y="1271" width="24" height="31" />
        <cmp x="799" y="1301" width="7" height="18" />
      </word>
      <word id="f04-071-02-04" tag="ATI" text="the">
        <cmp x="841" y="1270" width="31" height="34" />
        <cmp x="881" y="1263" width="73" height="44" />
      </word>
      <word id="f04-071-02-05" tag="NN" text="verdict">
        <cmp x="1014" y="1274" width="34" height="26" />
        <cmp x="1063" y="1269" width="37" height="35" />
        <cmp x="1112" y="1278" width="38" height="26" />
        <cmp x="1162" y="1243" width="45" height="58" />
        <cmp x="1210" y="1251" width="11" height="7" />
        <cmp x="1219" y="1276" width="7" height="20" />
        <cmp x="1245" y="1267" width="38" height="31" />
        <cmp x="1277" y="1264" width="29" height="35" />
      </word>
      <word id="f04-071-02-06" tag="VBN" text="brought">
        <cmp x="1369" y="1257" width="33" height="58" />
        <cmp x="1435" y="1281" width="30" height="29" />
        <cmp x="1466" y="1278" width="28" height="25" />
        <cmp x="1503" y="1279" width="90" height="50" />
        <cmp x="1578" y="1254" width="49" height="47" />
        <cmp x="1632" y="1274" width="20" height="32" />
      </word>
      <word id="f04-071-02-07" tag="RP" text="in">
        <cmp x="1702" y="1287" width="13" height="23" />
        <cmp x="1727" y="1285" width="39" height="19" />
      </word>
      <word id="f04-071-02-08" tag="BEDZ" text="was">
        <cmp x="1818" y="1280" width="51" height="22" />
        <cmp x="1879" y="1278" width="61" height="29" />
      </word>
      <word id="f04-071-02-09" tag="CS" text="that">
        <cmp x="1976" y="1281" width="36" height="34" />
        <cmp x="1999" y="1262" width="106" height="46" />
      </word>
      <word id="f04-071-02-10" tag="EX" text="there">
        <cmp x="2160" y="1265" width="139" height="56" />
      </word>
      <upper-contour>
        <point x="355" y="1136" />
        <point x="2082" y="1136" />
      </upper-contour>
      <lower-contour>
        <point x="349" y="1329" />
        <point x="2224" y="1329" />
      </lower-contour>
    </line>
    <line ass="-504" asx="0" asy="1415" character-width="999" dss="-504" dsx="0" dsy="1479" fd0="13802" fd1="3287" fd2="-31" filter-width="3" id="f04-071-03" lbs="-498" lbx="0" lby="1466" segmentation="ok" slant="108999" stroke-width="4756" threshold="158" text="was not sufficient evidence to show whether" ubs="-517" ubx="0" uby="1440">
      <word id="f04-071-03-00" tag="BEDZ" text="was">
        <cmp x="351" y="1440" width="43" height="28" />
        <cmp x="403" y="1434" width="60" height="27" />
      </word>
      <word id="f04-071-03-01" tag="XNOT" text="not">
        <cmp x="542" y="1448" width="39" height="24" />
        <cmp x="585" y="1447" width="31" height="27" />
        <cmp x="627" y="1443" width="17" height="28" />
      </word>
      <word id="f04-071-03-02" tag="JJ" text="sufficient">
        <cmp x="728" y="1441" width="24" height="31" />
        <cmp x="768" y="1455" width="41" height="18" />
        <cmp x="823" y="1427" width="25" height="48" />
        <cmp x="868" y="1425" width="34" height="52" />
        <cmp x="909" y="1450" width="5" height="22" />
        <cmp x="936" y="1447" width="29" height="29" />
        <cmp x="968" y="1433" width="8" height="6" />
        <cmp x="970" y="1449" width="14" height="28" />
        <cmp x="996" y="1442" width="35" height="29" />
        <cmp x="1034" y="1446" width="44" height="25" />
        <cmp x="1081" y="1447" width="19" height="31" />
      </word>
      <word id="f04-071-03-03" tag="NN" text="evidence">
        <cmp x="1153" y="1446" width="56" height="34" />
        <cmp x="1204" y="1450" width="37" height="25" />
        <cmp x="1248" y="1457" width="11" height="22" />
        <cmp x="1249" y="1443" width="8" height="8" />
        <cmp x="1276" y="1434" width="36" height="45" />
        <cmp x="1321" y="1453" width="79" height="29" />
        <cmp x="1405" y="1455" width="28" height="26" />
        <cmp x="1435" y="1452" width="31" height="33" />
      </word>
      <word id="f04-071-03-04" tag="TO" text="to">
        <cmp x="1530" y="1462" width="76" height="32" />
      </word>
      <word id="f04-071-03-05" tag="VB" text="show">
        <cmp x="1685" y="1453" width="27" height="34" />
        <cmp x="1724" y="1441" width="63" height="46" />
        <cmp x="1789" y="1460" width="54" height="22" />
      </word>
      <word id="f04-071-03-06" tag="CS" text="whether">
        <cmp x="1924" y="1450" width="61" height="30" />
        <cmp x="1992" y="1440" width="40" height="35" />
        <cmp x="2044" y="1445" width="69" height="40" />
        <cmp x="2118" y="1434" width="105" height="53" />
      </word>
      <upper-contour>
        <point x="349" y="1329" />
        <point x="2224" y="1329" />
      </upper-contour>
      <lower-contour>
        <point x="367" y="1494" />
        <point x="2224" y="1494" />
      </lower-contour>
    </line>
    <line ass="-498" asx="0" asy="1593" character-width="999" dss="-498" dsx="0" dsy="1658" fd0="13301" fd1="2834" fd2="-324" filter-width="3" id="f04-071-04" lbs="-506" lbx="0" lby="1649" segmentation="err" slant="99000" stroke-width="4750" threshold="155" text="she had fallen or been thrown from a train." ubs="-482" ubx="0" uby="1626">
      <word id="f04-071-04-00" tag="PP3A" text="she">
        <cmp x="369" y="1612" width="29" height="36" />
        <cmp x="413" y="1601" width="69" height="53" />
      </word>
      <word id="f04-071-04-01" tag="HVD" text="had">
        <cmp x="542" y="1611" width="55" height="39" />
        <cmp x="602" y="1631" width="27" height="15" />
        <cmp x="642" y="1600" width="39" height="47" />
      </word>
      <word id="f04-071-04-02" tag="VBN" text="fallen">
        <cmp x="754" y="1602" width="53" height="50" />
        <cmp x="799" y="1631" width="44" height="26" />
        <cmp x="851" y="1602" width="90" height="62" />
        <cmp x="937" y="1634" width="87" height="32" />
      </word>
      <word id="f04-071-04-03" tag="CC" text="or">
        <cmp x="1094" y="1642" width="70" height="27" />
      </word>
      <word id="f04-071-04-04" tag="BEN" text="been">
        <cmp x="1206" y="1615" width="50" height="53" />
        <cmp x="1262" y="1632" width="39" height="34" />
        <cmp x="1301" y="1633" width="84" height="32" />
      </word>
      <word id="f04-071-04-05" tag="VBN" text="thrown">
        <cmp x="1459" y="1630" width="39" height="38" />
        <cmp x="1504" y="1620" width="49" height="47" />
        <cmp x="1556" y="1643" width="25" height="28" />
        <cmp x="1592" y="1641" width="27" height="27" />
        <cmp x="1626" y="1643" width="50" height="24" />
        <cmp x="1684" y="1647" width="36" height="19" />
      </word>
      <word id="f04-071-04-06" tag="IN" text="from">
        <cmp x="1791" y="1617" width="30" height="51" />
        <cmp x="1825" y="1642" width="62" height="27" />
        <cmp x="1894" y="1647" width="64" height="16" />
      </word>
      <word id="f04-071-04-07" tag="AT" text="a">
        <cmp x="2022" y="1645" width="42" height="20" />
      </word>
      <word id="f04-071-04-08" tag="NN" text="train">
        <cmp x="2095" y="1629" width="30" height="35" />
        <cmp x="2126" y="1629" width="26" height="35" />
        <cmp x="2152" y="1635" width="36" height="25" />
        <cmp x="2192" y="1621" width="7" height="10" />
        <cmp x="2195" y="1639" width="9" height="26" />
      </word>
      <word id="f04-071-04-09" tag="." text=".">
        <cmp x="2215" y="1641" width="37" height="21" />
      </word>
      <upper-contour>
        <point x="367" y="1494" />
        <point x="2224" y="1494" />
      </upper-contour>
      <lower-contour>
        <point x="367" y="1671" />
        <point x="2253" y="1671" />
      </lower-contour>
    </line>
    <line ass="-671" asx="0" asy="1756" character-width="999" dss="-671" dsx="0" dsy="1850" fd0="12459" fd1="2994" fd2="-205" filter-width="3" id="f04-071-05" lbs="-656" lbx="0" lby="1826" segmentation="err" slant="90000" stroke-width="4902" threshold="156" text="The Merstham Tunnel, on the London-to-" ubs="-702" ubx="0" uby="1799">
      <word id="f04-071-05-00" sentence-start="yes" tag="ATI" text="The">
        <cmp x="353" y="1775" width="35" height="45" />
        <cmp x="402" y="1781" width="50" height="42" />
        <cmp x="457" y="1801" width="38" height="26" />
      </word>
      <word id="f04-071-05-01" tag="NP" text="Merstham">
        <cmp x="568" y="1790" width="50" height="38" />
        <cmp x="626" y="1806" width="36" height="31" />
        <cmp x="664" y="1811" width="31" height="23" />
        <cmp x="691" y="1808" width="24" height="29" />
        <cmp x="723" y="1806" width="37" height="32" />
        <cmp x="757" y="1787" width="35" height="51" />
        <cmp x="796" y="1816" width="35" height="24" />
        <cmp x="834" y="1823" width="53" height="15" />
      </word>
      <word id="f04-071-05-02" tag="NN" text="Tunnel">
        <cmp x="962" y="1799" width="35" height="6" />
        <cmp x="975" y="1810" width="13" height="27" />
        <cmp x="1004" y="1822" width="38" height="20" />
        <cmp x="1047" y="1823" width="44" height="18" />
        <cmp x="1091" y="1825" width="40" height="21" />
        <cmp x="1140" y="1821" width="44" height="27" />
        <cmp x="1187" y="1793" width="30" height="51" />
      </word>
      <word id="f04-071-05-03" tag="," text=",">
        <cmp x="1227" y="1844" width="11" height="21" />
      </word>
      <word id="f04-071-05-04" tag="IN" text="on">
        <cmp x="1300" y="1818" width="31" height="26" />
        <cmp x="1340" y="1820" width="45" height="30" />
      </word>
      <word id="f04-071-05-05" tag="ATI" text="the">
        <cmp x="1426" y="1814" width="35" height="33" />
        <cmp x="1463" y="1802" width="50" height="44" />
      </word>
      <word id="f04-071-05-06" tag="NP--" text="London-to-">
        <cmp x="1565" y="1775" width="243" height="73" />
        <cmp x="1849" y="1790" width="66" height="59" />
        <cmp x="1921" y="1820" width="42" height="25" />
        <cmp x="1966" y="1787" width="35" height="61" />
        <cmp x="2009" y="1818" width="29" height="27" />
        <cmp x="2047" y="1820" width="38" height="25" />
        <cmp x="2104" y="1834" width="44" height="5" />
        <cmp x="2109" y="1854" width="16" height="20" />
        <cmp x="2165" y="1814" width="70" height="41" />
        <cmp x="2250" y="1823" width="23" height="5" />
      </word>
      <upper-contour>
        <point x="367" y="1671" />
        <point x="2253" y="1671" />
      </upper-contour>
      <lower-contour>
        <point x="376" y="1875" />
        <point x="2274" y="1875" />
      </lower-contour>
    </line>
    <line ass="-499" asx="0" asy="1947" character-width="999" dss="-499" dsx="0" dsy="2050" fd0="13727" fd1="3124" fd2="-324" filter-width="3" id="f04-071-06" lbs="-426" lbx="0" lby="2010" segmentation="err" slant="103000" stroke-width="4644" threshold="159" text="Brighton line, is approximately one mile long," ubs="-644" ubx="0" uby="1980">
      <word id="f04-071-06-00" tag="-NP" text="Brighton">
        <cmp x="378" y="1961" width="26" height="46" />
        <cmp x="420" y="1981" width="37" height="28" />
        <cmp x="464" y="1969" width="10" height="8" />
        <cmp x="465" y="1988" width="7" height="19" />
        <cmp x="495" y="1983" width="50" height="50" />
        <cmp x="540" y="1961" width="64" height="42" />
        <cmp x="611" y="1973" width="32" height="32" />
        <cmp x="648" y="1982" width="22" height="27" />
        <cmp x="672" y="1990" width="38" height="19" />
      </word>
      <word id="f04-071-06-01" tag="NN" text="line">
        <cmp x="776" y="1961" width="62" height="59" />
        <cmp x="823" y="1972" width="8" height="7" />
        <cmp x="851" y="1994" width="48" height="25" />
        <cmp x="909" y="1992" width="47" height="29" />
        <cmp x="970" y="2028" width="9" height="16" />
      </word>
      <word id="f04-071-06-02" tag="," text=",">
        <cmp x="1026" y="1984" width="7" height="8" />
        <cmp x="1029" y="2001" width="9" height="27" />
      </word>
      <word id="f04-071-06-03" tag="BEZ" text="is">
        <cmp x="1055" y="2001" width="26" height="31" />
      </word>
      <word id="f04-071-06-04" tag="RB" text="approximately">
        <cmp x="1141" y="1995" width="50" height="29" />
        <cmp x="1193" y="2001" width="24" height="50" />
        <cmp x="1220" y="2003" width="71" height="51" />
        <cmp x="1289" y="2008" width="24" height="25" />
        <cmp x="1331" y="2004" width="31" height="26" />
        <cmp x="1369" y="1995" width="13" height="7" />
        <cmp x="1373" y="2014" width="16" height="24" />
        <cmp x="1412" y="2000" width="114" height="24" />
        <cmp x="1519" y="1976" width="33" height="40" />
        <cmp x="1553" y="1965" width="86" height="58" />
        <cmp x="1652" y="1999" width="9" height="12" />
        <cmp x="1657" y="2001" width="18" height="26" />
      </word>
      <word id="f04-071-06-05" tag="CD1" text="one">
        <cmp x="1730" y="1997" width="29" height="24" />
        <cmp x="1763" y="2003" width="41" height="24" />
        <cmp x="1819" y="1997" width="37" height="29" />
      </word>
      <word id="f04-071-06-06" tag="NN" text="mile">
        <cmp x="1919" y="1998" width="65" height="27" />
        <cmp x="1983" y="1981" width="13" height="15" />
        <cmp x="1993" y="2002" width="12" height="19" />
        <cmp x="2014" y="1966" width="73" height="61" />
      </word>
      <word id="f04-071-06-07" tag="JJ" text="long">
        <cmp x="2126" y="1966" width="82" height="61" />
        <cmp x="2215" y="2002" width="39" height="29" />
        <cmp x="2260" y="2005" width="36" height="44" />
      </word>
      <word id="f04-071-06-08" tag="," text=",">
        <cmp x="2302" y="2052" width="9" height="19" />
      </word>
      <upper-contour>
        <point x="376" y="1875" />
        <point x="2274" y="1875" />
      </upper-contour>
      <lower-contour>
        <point x="376" y="2054" />
        <point x="2234" y="2054" />
      </lower-contour>
    </line>
    <line ass="-723" asx="0" asy="2123" character-width="999" dss="-723" dsx="0" dsy="2210" fd0="13476" fd1="2834" fd2="-406" filter-width="3" id="f04-071-07" lbs="-748" lbx="0" lby="2182" segmentation="ok" slant="92999" stroke-width="4657" threshold="157" text="and some time before midnight on September" ubs="-674" ubx="0" uby="2161">
      <word id="f04-071-07-00" tag="CC" text="and">
        <cmp x="346" y="2165" width="39" height="21" />
        <cmp x="394" y="2169" width="34" height="17" />
        <cmp x="436" y="2144" width="46" height="49" />
      </word>
      <word id="f04-071-07-01" tag="DTI" text="some">
        <cmp x="553" y="2147" width="29" height="30" />
        <cmp x="591" y="2159" width="33" height="23" />
        <cmp x="628" y="2161" width="95" height="32" />
      </word>
      <word id="f04-071-07-02" tag="NN" text="time">
        <cmp x="800" y="2154" width="31" height="43" />
        <cmp x="823" y="2146" width="8" height="11" />
        <cmp x="835" y="2170" width="8" height="22" />
        <cmp x="849" y="2172" width="54" height="20" />
        <cmp x="915" y="2166" width="30" height="32" />
      </word>
      <word id="f04-071-07-03" tag="IN" text="before">
        <cmp x="1030" y="2151" width="34" height="46" />
        <cmp x="1067" y="2166" width="34" height="30" />
        <cmp x="1103" y="2147" width="31" height="55" />
        <cmp x="1134" y="2177" width="29" height="25" />
        <cmp x="1174" y="2175" width="30" height="25" />
        <cmp x="1210" y="2176" width="33" height="33" />
      </word>
      <word id="f04-071-07-04" tag="NN" text="midnight">
        <cmp x="1314" y="2183" width="59" height="15" />
        <cmp x="1380" y="2171" width="8" height="9" />
        <cmp x="1390" y="2184" width="10" height="17" />
        <cmp x="1421" y="2156" width="47" height="45" />
        <cmp x="1482" y="2180" width="32" height="25" />
        <cmp x="1518" y="2167" width="14" height="10" />
        <cmp x="1529" y="2189" width="8" height="18" />
        <cmp x="1550" y="2182" width="44" height="48" />
        <cmp x="1604" y="2173" width="32" height="35" />
        <cmp x="1647" y="2184" width="15" height="31" />
      </word>
      <word id="f04-071-07-05" tag="IN" text="on">
        <cmp x="1729" y="2189" width="37" height="23" />
        <cmp x="1775" y="2193" width="39" height="18" />
      </word>
      <word id="f04-071-07-06" tag="NR" text="September">
        <cmp x="1871" y="2172" width="22" height="31" />
        <cmp x="1896" y="2180" width="78" height="47" />
        <cmp x="1983" y="2175" width="130" height="37" />
        <cmp x="2111" y="2151" width="39" height="55" />
        <cmp x="2154" y="2177" width="49" height="31" />
        <cmp x="2202" y="2180" width="31" height="25" />
      </word>
      <upper-contour>
        <point x="376" y="2054" />
        <point x="2234" y="2054" />
      </upper-contour>
      <lower-contour>
        <point x="352" y="2230" />
        <point x="2147" y="2230" />
      </lower-contour>
    </line>
    <line ass="-825" asx="0" asy="2306" character-width="999" dss="-825" dsx="0" dsy="2386" fd0="13442" fd1="3380" fd2="412" filter-width="3" id="f04-071-08" lbs="-767" lbx="0" lby="2360" segmentation="ok" slant="92000" stroke-width="4768" threshold="157" text="24, 1905, a Sunday, Sub-Inspector Peacock, of" ubs="-941" ubx="0" uby="2331">
      <word id="f04-071-08-00" tag="CD" text="24">
        <cmp x="354" y="2322" width="36" height="33" />
        <cmp x="396" y="2326" width="40" height="37" />
      </word>
      <word id="f04-071-08-01" tag="," text=",">
        <cmp x="460" y="2363" width="5" height="13" />
      </word>
      <word id="f04-071-08-02" tag="CD" text="1905">
        <cmp x="514" y="2339" width="8" height="31" />
        <cmp x="539" y="2331" width="30" height="47" />
        <cmp x="583" y="2337" width="26" height="31" />
        <cmp x="620" y="2334" width="23" height="35" />
      </word>
      <word id="f04-071-08-03" tag="," text=",">
        <cmp x="665" y="2384" width="6" height="12" />
      </word>
      <word id="f04-071-08-04" tag="AT" text="a">
        <cmp x="733" y="2343" width="46" height="26" />
      </word>
      <word id="f04-071-08-05" tag="NR" text="Sunday">
        <cmp x="843" y="2332" width="31" height="33" />
        <cmp x="873" y="2350" width="36" height="21" />
        <cmp x="914" y="2351" width="49" height="28" />
        <cmp x="963" y="2321" width="41" height="52" />
        <cmp x="1007" y="2354" width="36" height="21" />
        <cmp x="1054" y="2352" width="10" height="12" />
        <cmp x="1058" y="2355" width="22" height="25" />
      </word>
      <word id="f04-071-08-06" tag="," text=",">
        <cmp x="1111" y="2381" width="11" height="15" />
      </word>
      <word id="f04-071-08-07" tag="NPT" text="Sub-Inspector">
        <cmp x="1185" y="2332" width="31" height="37" />
        <cmp x="1232" y="2352" width="30" height="18" />
        <cmp x="1283" y="2333" width="33" height="41" />
        <cmp x="1342" y="2360" width="20" height="5" />
        <cmp x="1392" y="2329" width="10" height="44" />
        <cmp x="1415" y="2357" width="35" height="19" />
        <cmp x="1460" y="2352" width="22" height="31" />
        <cmp x="1484" y="2358" width="32" height="42" />
        <cmp x="1520" y="2358" width="35" height="30" />
        <cmp x="1566" y="2362" width="28" height="24" />
        <cmp x="1595" y="2355" width="24" height="29" />
        <cmp x="1628" y="2360" width="30" height="24" />
        <cmp x="1673" y="2356" width="18" height="22" />
      </word>
      <word id="f04-071-08-08" tag="NP" text="Peacock">
        <cmp x="1768" y="2341" width="27" height="40" />
        <cmp x="1798" y="2364" width="68" height="28" />
        <cmp x="1876" y="2365" width="57" height="25" />
        <cmp x="1938" y="2362" width="33" height="28" />
        <cmp x="1969" y="2338" width="31" height="43" />
      </word>
      <word id="f04-071-08-09" tag="," text=",">
        <cmp x="2017" y="2396" width="8" height="11" />
      </word>
      <word id="f04-071-08-10" tag="INO" text="of">
        <cmp x="2071" y="2361" width="28" height="27" />
        <cmp x="2114" y="2337" width="32" height="49" />
      </word>
      <upper-contour>
        <point x="352" y="2230" />
        <point x="2147" y="2230" />
      </upper-contour>
      <lower-contour>
        <point x="359" y="2407" />
        <point x="2147" y="2407" />
      </lower-contour>
    </line>
    <line ass="-313" asx="0" asy="2489" character-width="999" dss="-313" dsx="0" dsy="2574" fd0="13773" fd1="3140" fd2="-90" filter-width="3" id="f04-071-09" lbs="-329" lbx="0" lby="2547" segmentation="err" slant="97000" stroke-width="4797" threshold="158" text="the London, Brighton and South Coast Railway," ubs="-279" ubx="0" uby="2526">
      <word id="f04-071-09-00" tag="ATI" text="the">
        <cmp x="361" y="2502" width="30" height="39" />
        <cmp x="394" y="2497" width="75" height="52" />
      </word>
      <word id="f04-071-09-01" tag="NP" text="London">
        <cmp x="542" y="2496" width="56" height="61" />
        <cmp x="603" y="2533" width="44" height="17" />
        <cmp x="648" y="2499" width="37" height="51" />
        <cmp x="696" y="2524" width="54" height="25" />
        <cmp x="746" y="2558" width="8" height="19" />
      </word>
      <word id="f04-071-09-02" tag="," text=",">
        <cmp x="807" y="2514" width="30" height="39" />
      </word>
      <word id="f04-071-09-03" tag="NP" text="Brighton">
        <cmp x="858" y="2533" width="27" height="25" />
        <cmp x="893" y="2525" width="6" height="5" />
        <cmp x="895" y="2538" width="6" height="21" />
        <cmp x="922" y="2538" width="34" height="42" />
        <cmp x="956" y="2515" width="40" height="41" />
        <cmp x="1007" y="2528" width="18" height="34" />
        <cmp x="1033" y="2537" width="21" height="23" />
        <cmp x="1056" y="2537" width="29" height="16" />
      </word>
      <word id="f04-071-09-04" tag="CC" text="and">
        <cmp x="1167" y="2536" width="37" height="21" />
        <cmp x="1214" y="2538" width="33" height="19" />
        <cmp x="1251" y="2515" width="33" height="40" />
      </word>
      <word id="f04-071-09-05" tag="NR" text="South">
        <cmp x="1372" y="2506" width="27" height="45" />
        <cmp x="1406" y="2531" width="30" height="24" />
        <cmp x="1438" y="2537" width="31" height="16" />
        <cmp x="1475" y="2522" width="27" height="31" />
        <cmp x="1517" y="2517" width="36" height="46" />
      </word>
      <word id="f04-071-09-06" tag="NN" text="Coast">
        <cmp x="1615" y="2516" width="75" height="42" />
        <cmp x="1699" y="2534" width="84" height="36" />
        <cmp x="1786" y="2531" width="19" height="32" />
      </word>
      <word id="f04-071-09-07" tag="NN" text="Railway">
        <cmp x="1849" y="2510" width="94" height="47" />
        <cmp x="1933" y="2517" width="10" height="12" />
        <cmp x="1957" y="2501" width="46" height="53" />
        <cmp x="2010" y="2533" width="53" height="21" />
        <cmp x="2071" y="2529" width="42" height="23" />
        <cmp x="2111" y="2527" width="37" height="34" />
      </word>
      <word id="f04-071-09-08" tag="," text=",">
        <cmp x="2144" y="2559" width="9" height="25" />
      </word>
      <upper-contour>
        <point x="359" y="2407" />
        <point x="2147" y="2407" />
      </upper-contour>
    </line>
  </handwritten-part>
</form>

