<?xml version="1.0" encoding="ISO-8859-1"?>

<!DOCTYPE form SYSTEM 'http://www.iam.unibe.ch/~fki/iamdb/form-metadata.dtd'>

<form created="2002-04-10" height="3542" id="f07-021b" last-modified="2002-07-17" skew="317" status="final" version="3.0_beta" width="2479" writer-id="287">
  <machine-printed-part>
    <machine-print-line text="Does one, however, know who first thought of boiling water and food? The ancient" />
    <machine-print-line text="Britons, I believe, used to make water hot by dropping a red-hot poker into it, because" />
    <machine-print-line text="their pots would not stand fire; but Jacob must have had one that would, because Esau" />
    <machine-print-line text="sold his birthright to him for a mess of pottage - and then we hear of the fleshpots of" />
    <machine-print-line text="Egypt after which the Israelites sighed." />
  </machine-printed-part>
  <handwritten-part>
    <line ass="197" asx="0" asy="712" character-width="999" dss="197" dsx="0" dsy="848" fd0="13551" fd1="3006" fd2="-561" filter-width="3" id="f07-021b-00" lbs="272" lbx="0" lby="801" segmentation="err" slant="98000" stroke-width="5359" threshold="162" text="Does one, however, know who first thought" ubs="46" ubx="0" uby="760">
      <word id="f07-021b-00-00" sentence-start="yes" tag="DOZ" text="Does">
        <cmp x="317" y="723" width="96" height="81" />
        <cmp x="342" y="785" width="11" height="5" />
        <cmp x="391" y="753" width="76" height="45" />
        <cmp x="445" y="747" width="18" height="7" />
        <cmp x="487" y="753" width="26" height="39" />
      </word>
      <word id="f07-021b-00-01" tag="CD1" text="one">
        <cmp x="567" y="752" width="59" height="52" />
        <cmp x="627" y="762" width="15" height="34" />
        <cmp x="643" y="764" width="37" height="35" />
        <cmp x="700" y="766" width="39" height="38" />
        <cmp x="716" y="756" width="21" height="12" />
      </word>
      <word id="f07-021b-00-02" tag="," text=",">
        <cmp x="771" y="804" width="13" height="41" />
      </word>
      <word id="f07-021b-00-03" tag="RB" text="however">
        <cmp x="811" y="715" width="12" height="79" />
        <cmp x="824" y="757" width="34" height="35" />
        <cmp x="863" y="749" width="31" height="47" />
        <cmp x="864" y="750" width="4" height="3" />
        <cmp x="904" y="748" width="113" height="50" />
        <cmp x="1022" y="763" width="33" height="29" />
        <cmp x="1052" y="765" width="5" height="17" />
      </word>
      <word id="f07-021b-00-04" tag="," text=",">
        <cmp x="1074" y="758" width="65" height="34" />
        <cmp x="1077" y="746" width="24" height="26" />
        <cmp x="1137" y="803" width="11" height="35" />
      </word>
      <word id="f07-021b-00-05" tag="VB" text="know">
        <cmp x="1199" y="708" width="37" height="87" />
        <cmp x="1206" y="726" width="38" height="40" />
        <cmp x="1237" y="713" width="4" height="8" />
        <cmp x="1239" y="722" width="3" height="3" />
        <cmp x="1251" y="774" width="13" height="25" />
        <cmp x="1252" y="764" width="7" height="9" />
        <cmp x="1273" y="764" width="37" height="23" />
        <cmp x="1327" y="757" width="34" height="40" />
        <cmp x="1369" y="752" width="73" height="43" />
      </word>
      <word id="f07-021b-00-06" tag="WP" text="who">
        <cmp x="1484" y="743" width="90" height="61" />
        <cmp x="1573" y="732" width="50" height="69" />
        <cmp x="1639" y="754" width="41" height="44" />
      </word>
      <word id="f07-021b-00-07" tag="RB" text="first">
        <cmp x="1714" y="733" width="76" height="96" />
        <cmp x="1734" y="718" width="3" height="6" />
        <cmp x="1763" y="711" width="3" height="3" />
        <cmp x="1804" y="764" width="21" height="26" />
        <cmp x="1846" y="759" width="5" height="4" />
        <cmp x="1850" y="765" width="30" height="36" />
        <cmp x="1871" y="729" width="25" height="63" />
      </word>
      <word id="f07-021b-00-08" tag="VBD" text="thought">
        <cmp x="1937" y="757" width="25" height="5" />
        <cmp x="1963" y="758" width="6" height="4" />
        <cmp x="1966" y="708" width="18" height="89" />
        <cmp x="2005" y="718" width="31" height="68" />
        <cmp x="2036" y="781" width="3" height="3" />
        <cmp x="2044" y="759" width="23" height="31" />
        <cmp x="2056" y="754" width="4" height="4" />
        <cmp x="2076" y="766" width="46" height="30" />
        <cmp x="2116" y="797" width="20" height="25" />
        <cmp x="2137" y="759" width="19" height="64" />
        <cmp x="2163" y="742" width="40" height="50" />
        <cmp x="2217" y="727" width="22" height="73" />
      </word>
      <lower-contour>
        <point x="325" y="844" />
        <point x="2209" y="844" />
      </lower-contour>
    </line>
    <line ass="379" asx="0" asy="884" character-width="999" dss="379" dsx="0" dsy="1031" fd0="13922" fd1="2868" fd2="-688" filter-width="3" id="f07-021b-01" lbs="463" lbx="0" lby="983" segmentation="ok" slant="97000" stroke-width="5435" threshold="160" text="of boiling water and food? The ancient" ubs="210" ubx="0" uby="946">
      <word id="f07-021b-01-00" tag="INO" text="of">
        <cmp x="327" y="896" width="77" height="118" />
        <cmp x="386" y="883" width="6" height="11" />
      </word>
      <word id="f07-021b-01-01" tag="VBG" text="boiling">
        <cmp x="492" y="891" width="51" height="90" />
        <cmp x="544" y="953" width="37" height="28" />
        <cmp x="569" y="943" width="4" height="4" />
        <cmp x="573" y="948" width="7" height="14" />
        <cmp x="599" y="948" width="3" height="4" />
        <cmp x="599" y="963" width="9" height="17" />
        <cmp x="617" y="918" width="40" height="63" />
        <cmp x="630" y="907" width="9" height="11" />
        <cmp x="630" y="936" width="22" height="17" />
        <cmp x="643" y="905" width="16" height="23" />
        <cmp x="664" y="959" width="16" height="20" />
        <cmp x="668" y="912" width="11" height="8" />
        <cmp x="672" y="947" width="4" height="7" />
        <cmp x="691" y="946" width="70" height="33" />
        <cmp x="755" y="989" width="28" height="36" />
        <cmp x="778" y="986" width="4" height="3" />
        <cmp x="779" y="941" width="45" height="82" />
        <cmp x="784" y="982" width="3" height="3" />
        <cmp x="789" y="935" width="10" height="7" />
      </word>
      <word id="f07-021b-01-02" tag="NN" text="water">
        <cmp x="880" y="929" width="72" height="49" />
        <cmp x="927" y="928" width="5" height="3" />
        <cmp x="965" y="933" width="28" height="31" />
        <cmp x="989" y="949" width="20" height="29" />
        <cmp x="1010" y="878" width="75" height="89" />
      </word>
      <word id="f07-021b-01-03" tag="CC" text="and">
        <cmp x="1143" y="933" width="26" height="37" />
        <cmp x="1167" y="947" width="27" height="37" />
        <cmp x="1187" y="937" width="75" height="42" />
        <cmp x="1266" y="892" width="55" height="87" />
      </word>
      <word id="f07-021b-01-04" tag="NN" text="food">
        <cmp x="1373" y="876" width="24" height="134" />
        <cmp x="1395" y="958" width="4" height="4" />
        <cmp x="1415" y="935" width="54" height="43" />
        <cmp x="1470" y="904" width="77" height="74" />
      </word>
      <word id="f07-021b-01-05" tag="?" text="?">
        <cmp x="1570" y="893" width="5" height="4" />
        <cmp x="1580" y="891" width="26" height="53" />
      </word>
      <word id="f07-021b-01-06" sentence-start="yes" tag="ATI" text="The">
        <cmp x="1621" y="895" width="27" height="37" />
        <cmp x="1641" y="893" width="88" height="89" />
        <cmp x="1663" y="889" width="17" height="5" />
        <cmp x="1682" y="892" width="4" height="3" />
        <cmp x="1687" y="894" width="4" height="3" />
        <cmp x="1721" y="938" width="3" height="3" />
        <cmp x="1728" y="898" width="72" height="88" />
        <cmp x="1730" y="891" width="5" height="5" />
      </word>
      <word id="f07-021b-01-07" tag="JJ" text="ancient">
        <cmp x="1848" y="936" width="45" height="44" />
        <cmp x="1892" y="952" width="3" height="4" />
        <cmp x="1895" y="945" width="60" height="31" />
        <cmp x="1978" y="933" width="26" height="48" />
        <cmp x="2021" y="949" width="6" height="26" />
        <cmp x="2029" y="893" width="4" height="7" />
        <cmp x="2054" y="936" width="16" height="48" />
        <cmp x="2061" y="927" width="45" height="36" />
        <cmp x="2110" y="952" width="43" height="28" />
        <cmp x="2172" y="878" width="23" height="96" />
        <cmp x="2196" y="933" width="5" height="4" />
      </word>
      <upper-contour>
        <point x="325" y="844" />
        <point x="2209" y="844" />
      </upper-contour>
      <lower-contour>
        <point x="325" y="1025" />
        <point x="2209" y="1025" />
      </lower-contour>
    </line>
    <line ass="199" asx="0" asy="1070" character-width="999" dss="199" dsx="0" dsy="1196" fd0="13660" fd1="2900" fd2="-525" filter-width="3" id="f07-021b-02" lbs="184" lbx="0" lby="1154" segmentation="ok" slant="92000" stroke-width="5413" threshold="159" text="Britons, I believe, used to make water hot" ubs="228" ubx="0" uby="1125">
      <word id="f07-021b-02-00" tag="NNPS" text="Britons">
        <cmp x="292" y="1111" width="15" height="57" />
        <cmp x="295" y="1077" width="43" height="30" />
        <cmp x="312" y="1120" width="40" height="40" />
        <cmp x="351" y="1128" width="14" height="10" />
        <cmp x="367" y="1127" width="16" height="32" />
        <cmp x="394" y="1088" width="16" height="7" />
        <cmp x="407" y="1136" width="7" height="18" />
        <cmp x="433" y="1075" width="24" height="71" />
        <cmp x="466" y="1116" width="37" height="28" />
        <cmp x="502" y="1111" width="29" height="30" />
        <cmp x="532" y="1127" width="23" height="20" />
        <cmp x="574" y="1125" width="37" height="24" />
      </word>
      <word id="f07-021b-02-01" tag="," text=",">
        <cmp x="636" y="1152" width="6" height="31" />
      </word>
      <word id="f07-021b-02-02" tag="PP1A" text="I">
        <cmp x="713" y="1071" width="14" height="90" />
      </word>
      <word id="f07-021b-02-03" tag="VB" text="believe">
        <cmp x="778" y="1071" width="48" height="76" />
        <cmp x="839" y="1068" width="89" height="87" />
        <cmp x="853" y="1097" width="18" height="34" />
        <cmp x="954" y="1121" width="42" height="39" />
        <cmp x="967" y="1109" width="21" height="16" />
        <cmp x="989" y="1114" width="5" height="6" />
        <cmp x="1009" y="1127" width="35" height="33" />
        <cmp x="1068" y="1110" width="33" height="50" />
      </word>
      <word id="f07-021b-02-04" tag="," text=",">
        <cmp x="1113" y="1161" width="11" height="31" />
      </word>
      <word id="f07-021b-02-05" tag="VBD" text="used">
        <cmp x="1164" y="1113" width="55" height="48" />
        <cmp x="1231" y="1121" width="29" height="47" />
        <cmp x="1268" y="1119" width="29" height="42" />
        <cmp x="1327" y="1075" width="54" height="85" />
      </word>
      <word id="f07-021b-02-06" tag="TO" text="to">
        <cmp x="1438" y="1119" width="19" height="6" />
        <cmp x="1460" y="1078" width="16" height="89" />
        <cmp x="1479" y="1121" width="47" height="35" />
        <cmp x="1497" y="1117" width="10" height="5" />
      </word>
      <word id="f07-021b-02-07" tag="VB" text="make">
        <cmp x="1560" y="1116" width="3" height="3" />
        <cmp x="1560" y="1120" width="12" height="37" />
        <cmp x="1575" y="1122" width="61" height="29" />
        <cmp x="1647" y="1124" width="55" height="33" />
        <cmp x="1703" y="1086" width="39" height="62" />
        <cmp x="1721" y="1071" width="14" height="14" />
        <cmp x="1743" y="1128" width="9" height="24" />
        <cmp x="1774" y="1104" width="31" height="49" />
      </word>
      <word id="f07-021b-02-08" tag="NN" text="water">
        <cmp x="1851" y="1099" width="84" height="50" />
        <cmp x="1919" y="1113" width="4" height="4" />
        <cmp x="1938" y="1118" width="29" height="26" />
        <cmp x="1961" y="1126" width="32" height="26" />
        <cmp x="2003" y="1065" width="53" height="84" />
      </word>
      <word id="f07-021b-02-09" tag="JJ" text="hot">
        <cmp x="2093" y="1064" width="39" height="76" />
        <cmp x="2145" y="1113" width="36" height="29" />
        <cmp x="2156" y="1104" width="11" height="11" />
        <cmp x="2173" y="1108" width="6" height="8" />
        <cmp x="2186" y="1069" width="35" height="95" />
      </word>
      <upper-contour>
        <point x="325" y="1025" />
        <point x="2209" y="1025" />
      </upper-contour>
      <lower-contour>
        <point x="291" y="1193" />
        <point x="2005" y="1193" />
      </lower-contour>
    </line>
    <line ass="634" asx="0" asy="1252" character-width="999" dss="634" dsx="0" dsy="1403" fd0="14021" fd1="2835" fd2="-769" filter-width="3" id="f07-021b-03" lbs="537" lbx="0" lby="1340" segmentation="ok" slant="98000" stroke-width="5209" threshold="163" text="by dropping a red-hot poker into it," ubs="827" ubx="0" uby="1320">
      <word id="f07-021b-03-00" tag="IN" text="by">
        <cmp x="293" y="1250" width="57" height="92" />
        <cmp x="357" y="1308" width="47" height="37" />
        <cmp x="393" y="1365" width="12" height="16" />
      </word>
      <word id="f07-021b-03-01" tag="VBG" text="dropping">
        <cmp x="472" y="1309" width="35" height="42" />
        <cmp x="487" y="1308" width="6" height="11" />
        <cmp x="501" y="1262" width="12" height="73" />
        <cmp x="525" y="1307" width="24" height="32" />
        <cmp x="564" y="1310" width="27" height="28" />
        <cmp x="589" y="1304" width="4" height="5" />
        <cmp x="592" y="1317" width="5" height="11" />
        <cmp x="619" y="1369" width="3" height="5" />
        <cmp x="620" y="1301" width="89" height="95" />
        <cmp x="634" y="1345" width="4" height="3" />
        <cmp x="640" y="1343" width="3" height="3" />
        <cmp x="653" y="1345" width="3" height="3" />
        <cmp x="659" y="1332" width="20" height="63" />
        <cmp x="663" y="1325" width="4" height="6" />
        <cmp x="714" y="1324" width="6" height="29" />
        <cmp x="734" y="1325" width="6" height="10" />
        <cmp x="737" y="1305" width="84" height="38" />
        <cmp x="820" y="1366" width="44" height="30" />
        <cmp x="828" y="1346" width="23" height="21" />
        <cmp x="842" y="1306" width="47" height="86" />
        <cmp x="848" y="1295" width="13" height="5" />
      </word>
      <word id="f07-021b-03-02" tag="AT" text="a">
        <cmp x="929" y="1296" width="37" height="33" />
        <cmp x="959" y="1302" width="35" height="37" />
        <cmp x="967" y="1298" width="6" height="3" />
      </word>
      <word id="f07-021b-03-03" tag="JJ" text="red-hot">
        <cmp x="1031" y="1292" width="78" height="40" />
        <cmp x="1117" y="1264" width="55" height="76" />
        <cmp x="1181" y="1310" width="19" height="6" />
        <cmp x="1212" y="1272" width="52" height="57" />
        <cmp x="1270" y="1304" width="43" height="40" />
        <cmp x="1273" y="1297" width="16" height="6" />
        <cmp x="1290" y="1301" width="9" height="8" />
        <cmp x="1325" y="1268" width="29" height="74" />
      </word>
      <word id="f07-021b-03-04" tag="NN" text="poker">
        <cmp x="1403" y="1317" width="27" height="30" />
        <cmp x="1430" y="1306" width="17" height="71" />
        <cmp x="1439" y="1301" width="41" height="36" />
        <cmp x="1491" y="1246" width="95" height="89" />
        <cmp x="1572" y="1296" width="10" height="10" />
        <cmp x="1596" y="1281" width="7" height="10" />
        <cmp x="1599" y="1275" width="24" height="19" />
        <cmp x="1603" y="1294" width="4" height="3" />
        <cmp x="1608" y="1297" width="6" height="5" />
        <cmp x="1617" y="1292" width="45" height="33" />
      </word>
      <word id="f07-021b-03-05" tag="IN" text="into">
        <cmp x="1710" y="1297" width="7" height="44" />
        <cmp x="1719" y="1267" width="3" height="5" />
        <cmp x="1736" y="1300" width="61" height="38" />
        <cmp x="1781" y="1292" width="11" height="6" />
        <cmp x="1793" y="1294" width="16" height="5" />
        <cmp x="1805" y="1260" width="24" height="74" />
        <cmp x="1810" y="1295" width="4" height="4" />
        <cmp x="1836" y="1296" width="34" height="37" />
      </word>
      <word id="f07-021b-03-06" tag="PP3" text="it">
        <cmp x="1915" y="1264" width="16" height="15" />
        <cmp x="1924" y="1295" width="10" height="35" />
        <cmp x="1947" y="1291" width="3" height="5" />
        <cmp x="1951" y="1258" width="27" height="69" />
        <cmp x="1980" y="1288" width="6" height="4" />
      </word>
      <word id="f07-021b-03-07" tag="," text=",">
        <cmp x="1996" y="1332" width="8" height="35" />
      </word>
      <upper-contour>
        <point x="291" y="1193" />
        <point x="2005" y="1193" />
      </upper-contour>
      <lower-contour>
        <point x="307" y="1395" />
        <point x="2005" y="1395" />
      </lower-contour>
    </line>
    <line ass="180" asx="0" asy="1427" character-width="999" dss="180" dsx="0" dsy="1555" fd0="13870" fd1="2940" fd2="-759" filter-width="3" id="f07-021b-04" lbs="8" lbx="0" lby="1512" segmentation="ok" slant="95000" stroke-width="5386" threshold="156" text="because their pots would not stand fire;" ubs="523" ubx="0" uby="1490">
      <word id="f07-021b-04-00" tag="CS" text="because">
        <cmp x="309" y="1439" width="5" height="18" />
        <cmp x="309" y="1458" width="3" height="3" />
        <cmp x="309" y="1463" width="4" height="7" />
        <cmp x="309" y="1475" width="47" height="37" />
        <cmp x="360" y="1487" width="13" height="25" />
        <cmp x="361" y="1464" width="20" height="14" />
        <cmp x="374" y="1512" width="4" height="3" />
        <cmp x="380" y="1475" width="6" height="8" />
        <cmp x="405" y="1475" width="23" height="44" />
        <cmp x="439" y="1482" width="122" height="41" />
        <cmp x="563" y="1483" width="34" height="38" />
        <cmp x="605" y="1465" width="36" height="45" />
      </word>
      <word id="f07-021b-04-01" tag="PP$" text="their">
        <cmp x="686" y="1481" width="24" height="6" />
        <cmp x="707" y="1437" width="23" height="87" />
        <cmp x="720" y="1482" width="11" height="4" />
        <cmp x="732" y="1481" width="4" height="3" />
        <cmp x="741" y="1444" width="50" height="75" />
        <cmp x="799" y="1470" width="59" height="56" />
        <cmp x="840" y="1442" width="6" height="9" />
        <cmp x="870" y="1484" width="43" height="31" />
      </word>
      <word id="f07-021b-04-02" tag="NNS" text="pots">
        <cmp x="976" y="1462" width="74" height="87" />
        <cmp x="995" y="1505" width="6" height="15" />
        <cmp x="1059" y="1445" width="65" height="78" />
        <cmp x="1107" y="1437" width="4" height="8" />
        <cmp x="1127" y="1484" width="3" height="3" />
        <cmp x="1146" y="1478" width="27" height="38" />
      </word>
      <word id="f07-021b-04-03" tag="MD" text="would">
        <cmp x="1215" y="1475" width="92" height="42" />
        <cmp x="1312" y="1487" width="38" height="32" />
        <cmp x="1361" y="1487" width="46" height="38" />
        <cmp x="1416" y="1437" width="36" height="80" />
        <cmp x="1424" y="1472" width="32" height="14" />
        <cmp x="1477" y="1429" width="56" height="87" />
      </word>
      <word id="f07-021b-04-04" tag="XNOT" text="not">
        <cmp x="1582" y="1472" width="79" height="38" />
        <cmp x="1673" y="1472" width="35" height="36" />
        <cmp x="1717" y="1441" width="36" height="73" />
        <cmp x="1739" y="1437" width="3" height="3" />
      </word>
      <word id="f07-021b-04-05" tag="VB" text="stand">
        <cmp x="1809" y="1454" width="27" height="52" />
        <cmp x="1830" y="1472" width="16" height="5" />
        <cmp x="1849" y="1425" width="5" height="3" />
        <cmp x="1852" y="1433" width="19" height="79" />
        <cmp x="1868" y="1463" width="56" height="48" />
        <cmp x="1927" y="1472" width="37" height="34" />
        <cmp x="1980" y="1484" width="27" height="23" />
        <cmp x="2002" y="1431" width="23" height="69" />
      </word>
      <word id="f07-021b-04-06" tag="NN" text="fire">
        <cmp x="2076" y="1426" width="35" height="110" />
        <cmp x="2099" y="1436" width="17" height="9" />
        <cmp x="2128" y="1476" width="42" height="29" />
        <cmp x="2171" y="1467" width="25" height="34" />
      </word>
      <word id="f07-021b-04-07" tag=";" text=";">
        <cmp x="2205" y="1498" width="20" height="51" />
        <cmp x="2217" y="1454" width="4" height="5" />
      </word>
      <upper-contour>
        <point x="307" y="1395" />
        <point x="2005" y="1395" />
      </upper-contour>
      <lower-contour>
        <point x="307" y="1548" />
        <point x="2058" y="1548" />
      </lower-contour>
    </line>
    <line ass="839" asx="0" asy="1620" character-width="999" dss="839" dsx="0" dsy="1745" fd0="13412" fd1="2967" fd2="-240" filter-width="3" id="f07-021b-05" lbs="1019" lbx="0" lby="1713" segmentation="ok" slant="100000" stroke-width="5510" threshold="149" text="but Jacob must have had one that" ubs="480" ubx="0" uby="1666">
      <word id="f07-021b-05-00" tag="CC" text="but">
        <cmp x="308" y="1663" width="3" height="3" />
        <cmp x="308" y="1669" width="4" height="3" />
        <cmp x="309" y="1674" width="48" height="36" />
        <cmp x="329" y="1706" width="7" height="3" />
        <cmp x="366" y="1669" width="20" height="26" />
        <cmp x="385" y="1675" width="34" height="36" />
        <cmp x="398" y="1617" width="54" height="74" />
      </word>
      <word id="f07-021b-05-01" tag="NP" text="Jacob">
        <cmp x="522" y="1617" width="49" height="47" />
        <cmp x="545" y="1627" width="47" height="109" />
        <cmp x="591" y="1653" width="46" height="36" />
        <cmp x="640" y="1649" width="21" height="45" />
        <cmp x="685" y="1657" width="48" height="47" />
        <cmp x="735" y="1619" width="49" height="75" />
        <cmp x="741" y="1614" width="5" height="4" />
        <cmp x="753" y="1687" width="9" height="7" />
      </word>
      <word id="f07-021b-05-02" tag="MD" text="must">
        <cmp x="849" y="1676" width="6" height="13" />
        <cmp x="851" y="1657" width="109" height="39" />
        <cmp x="969" y="1675" width="42" height="22" />
        <cmp x="1012" y="1693" width="5" height="3" />
        <cmp x="1040" y="1676" width="22" height="27" />
        <cmp x="1042" y="1701" width="5" height="3" />
        <cmp x="1060" y="1628" width="37" height="60" />
      </word>
      <word id="f07-021b-05-03" tag="HV" text="have">
        <cmp x="1167" y="1634" width="4" height="3" />
        <cmp x="1168" y="1638" width="64" height="58" />
        <cmp x="1238" y="1673" width="26" height="22" />
        <cmp x="1247" y="1667" width="5" height="5" />
        <cmp x="1273" y="1661" width="28" height="35" />
        <cmp x="1328" y="1635" width="56" height="56" />
      </word>
      <word id="f07-021b-05-04" tag="HVN" text="had">
        <cmp x="1430" y="1599" width="59" height="79" />
        <cmp x="1490" y="1643" width="47" height="33" />
        <cmp x="1510" y="1644" width="10" height="6" />
        <cmp x="1557" y="1609" width="54" height="76" />
      </word>
      <word id="f07-021b-05-05" tag="CD1" text="one">
        <cmp x="1664" y="1642" width="83" height="54" />
        <cmp x="1766" y="1650" width="42" height="42" />
      </word>
      <word id="f07-021b-05-06" tag="WP" text="that">
        <cmp x="1847" y="1595" width="50" height="93" />
        <cmp x="1903" y="1616" width="48" height="70" />
        <cmp x="1958" y="1608" width="77" height="87" />
        <cmp x="2034" y="1656" width="10" height="3" />
      </word>
      <upper-contour>
        <point x="307" y="1548" />
        <point x="2058" y="1548" />
      </upper-contour>
      <lower-contour>
        <point x="309" y="1735" />
        <point x="2058" y="1735" />
      </lower-contour>
    </line>
    <line ass="727" asx="0" asy="1791" character-width="999" dss="727" dsx="0" dsy="1933" fd0="13922" fd1="3010" fd2="-826" filter-width="3" id="f07-021b-06" lbs="817" lbx="0" lby="1885" segmentation="ok" slant="94000" stroke-width="5475" threshold="156" text="would, because Esau sold his birthright" ubs="548" ubx="0" uby="1842">
      <word id="f07-021b-06-00" tag="MD" text="would">
        <cmp x="311" y="1840" width="41" height="51" />
        <cmp x="345" y="1839" width="55" height="43" />
        <cmp x="376" y="1831" width="24" height="33" />
        <cmp x="408" y="1830" width="33" height="44" />
        <cmp x="442" y="1840" width="6" height="9" />
        <cmp x="443" y="1798" width="80" height="79" />
        <cmp x="546" y="1794" width="66" height="78" />
      </word>
      <word id="f07-021b-06-01" tag="," text=",">
        <cmp x="643" y="1868" width="4" height="11" />
        <cmp x="643" y="1881" width="11" height="32" />
      </word>
      <word id="f07-021b-06-02" tag="CS" text="because">
        <cmp x="718" y="1796" width="53" height="78" />
        <cmp x="780" y="1820" width="33" height="54" />
        <cmp x="798" y="1874" width="4" height="3" />
        <cmp x="825" y="1822" width="28" height="52" />
        <cmp x="866" y="1823" width="24" height="47" />
        <cmp x="890" y="1830" width="87" height="42" />
        <cmp x="891" y="1819" width="8" height="5" />
        <cmp x="978" y="1835" width="22" height="36" />
        <cmp x="1002" y="1836" width="28" height="31" />
        <cmp x="1052" y="1813" width="35" height="47" />
      </word>
      <word id="f07-021b-06-03" tag="NP" text="Esau">
        <cmp x="1149" y="1777" width="49" height="86" />
        <cmp x="1207" y="1814" width="32" height="60" />
        <cmp x="1245" y="1822" width="137" height="51" />
      </word>
      <word id="f07-021b-06-04" tag="VBD" text="sold">
        <cmp x="1460" y="1822" width="47" height="58" />
        <cmp x="1510" y="1858" width="26" height="21" />
        <cmp x="1514" y="1812" width="65" height="67" />
        <cmp x="1560" y="1803" width="7" height="9" />
        <cmp x="1567" y="1801" width="6" height="4" />
        <cmp x="1571" y="1877" width="3" height="3" />
        <cmp x="1591" y="1845" width="33" height="33" />
        <cmp x="1600" y="1840" width="6" height="6" />
        <cmp x="1622" y="1788" width="35" height="79" />
      </word>
      <word id="f07-021b-06-05" tag="PP$" text="his">
        <cmp x="1708" y="1780" width="54" height="91" />
        <cmp x="1778" y="1841" width="8" height="28" />
        <cmp x="1814" y="1834" width="34" height="38" />
      </word>
      <word id="f07-021b-06-06" tag="NN" text="birthright">
        <cmp x="1881" y="1786" width="72" height="79" />
        <cmp x="1908" y="1857" width="12" height="9" />
        <cmp x="1921" y="1863" width="5" height="4" />
        <cmp x="1958" y="1799" width="6" height="7" />
        <cmp x="1967" y="1841" width="5" height="5" />
        <cmp x="1968" y="1848" width="8" height="31" />
        <cmp x="1983" y="1823" width="32" height="45" />
        <cmp x="2012" y="1789" width="38" height="68" />
        <cmp x="2032" y="1786" width="3" height="3" />
        <cmp x="2047" y="1815" width="8" height="4" />
        <cmp x="2062" y="1780" width="52" height="76" />
        <cmp x="2131" y="1820" width="23" height="35" />
        <cmp x="2161" y="1791" width="9" height="7" />
        <cmp x="2162" y="1830" width="37" height="76" />
        <cmp x="2167" y="1833" width="8" height="26" />
        <cmp x="2178" y="1816" width="19" height="13" />
        <cmp x="2222" y="1797" width="42" height="67" />
        <cmp x="2265" y="1826" width="14" height="5" />
        <cmp x="2280" y="1797" width="16" height="65" />
      </word>
      <upper-contour>
        <point x="309" y="1735" />
        <point x="2058" y="1735" />
      </upper-contour>
      <lower-contour>
        <point x="317" y="1912" />
        <point x="2209" y="1912" />
      </lower-contour>
    </line>
    <line ass="247" asx="0" asy="1942" character-width="999" dss="247" dsx="0" dsy="2101" fd0="13417" fd1="3440" fd2="-132" filter-width="3" id="f07-021b-07" lbs="227" lbx="0" lby="2054" segmentation="ok" slant="95000" stroke-width="5359" threshold="159" text="to him for a mess of pottage - and then" ubs="287" ubx="0" uby="2029">
      <word id="f07-021b-07-00" tag="IN" text="to">
        <cmp x="320" y="1997" width="15" height="7" />
        <cmp x="336" y="2000" width="8" height="4" />
        <cmp x="339" y="1951" width="15" height="75" />
        <cmp x="369" y="1985" width="46" height="41" />
        <cmp x="391" y="1983" width="3" height="3" />
      </word>
      <word id="f07-021b-07-01" tag="PP3O" text="him">
        <cmp x="466" y="1951" width="4" height="9" />
        <cmp x="468" y="1961" width="11" height="51" />
        <cmp x="475" y="2013" width="41" height="39" />
        <cmp x="527" y="1967" width="9" height="18" />
        <cmp x="531" y="2022" width="8" height="22" />
        <cmp x="545" y="2008" width="80" height="37" />
      </word>
      <word id="f07-021b-07-02" tag="IN" text="for">
        <cmp x="697" y="2036" width="3" height="4" />
        <cmp x="702" y="1982" width="39" height="106" />
        <cmp x="727" y="1939" width="20" height="42" />
        <cmp x="753" y="2015" width="35" height="41" />
        <cmp x="763" y="2010" width="9" height="4" />
        <cmp x="787" y="2026" width="26" height="26" />
      </word>
      <word id="f07-021b-07-03" tag="AT" text="a">
        <cmp x="861" y="2005" width="25" height="50" />
        <cmp x="888" y="2024" width="21" height="34" />
      </word>
      <word id="f07-021b-07-04" tag="NN" text="mess">
        <cmp x="949" y="2014" width="13" height="39" />
        <cmp x="959" y="2013" width="71" height="39" />
        <cmp x="1044" y="2014" width="15" height="37" />
        <cmp x="1051" y="2036" width="4" height="4" />
        <cmp x="1056" y="2015" width="29" height="22" />
        <cmp x="1059" y="2004" width="24" height="10" />
        <cmp x="1061" y="2050" width="3" height="3" />
        <cmp x="1093" y="2002" width="33" height="53" />
        <cmp x="1135" y="2024" width="22" height="29" />
      </word>
      <word id="f07-021b-07-05" tag="INO" text="of">
        <cmp x="1217" y="1968" width="83" height="120" />
      </word>
      <word id="f07-021b-07-06" tag="NN" text="pottage">
        <cmp x="1351" y="2060" width="21" height="11" />
        <cmp x="1383" y="2004" width="91" height="87" />
        <cmp x="1429" y="2038" width="20" height="5" />
        <cmp x="1466" y="2008" width="42" height="42" />
        <cmp x="1510" y="1965" width="52" height="95" />
        <cmp x="1586" y="2013" width="33" height="31" />
        <cmp x="1602" y="2004" width="105" height="91" />
      </word>
      <word id="f07-021b-07-07" tag="*-" text="-">
        <cmp x="1753" y="2024" width="17" height="5" />
      </word>
      <word id="f07-021b-07-08" tag="CC" text="and">
        <cmp x="1817" y="2009" width="44" height="45" />
        <cmp x="1832" y="2005" width="9" height="3" />
        <cmp x="1863" y="2016" width="49" height="31" />
        <cmp x="1921" y="2018" width="30" height="36" />
        <cmp x="1950" y="1962" width="20" height="81" />
      </word>
      <word id="f07-021b-07-09" tag="RN" text="then">
        <cmp x="2016" y="2004" width="4" height="5" />
        <cmp x="2020" y="1948" width="41" height="94" />
        <cmp x="2069" y="1971" width="38" height="68" />
        <cmp x="2110" y="2002" width="21" height="39" />
        <cmp x="2119" y="1995" width="15" height="32" />
        <cmp x="2152" y="2009" width="55" height="39" />
      </word>
      <upper-contour>
        <point x="317" y="1912" />
        <point x="2209" y="1912" />
      </upper-contour>
      <lower-contour>
        <point x="318" y="2097" />
        <point x="2046" y="2097" />
      </lower-contour>
    </line>
    <line ass="-234" asx="0" asy="2117" character-width="999" dss="-234" dsx="0" dsy="2272" fd0="13440" fd1="2671" fd2="-685" filter-width="3" id="f07-021b-08" lbs="-370" lbx="0" lby="2217" segmentation="err" slant="90000" stroke-width="5277" threshold="160" text="we hear of the fleshpots of Egypt" ubs="37" ubx="0" uby="2197">
      <word id="f07-021b-08-00" tag="PP1AS" text="we">
        <cmp x="320" y="2191" width="5" height="5" />
        <cmp x="320" y="2199" width="88" height="40" />
        <cmp x="371" y="2183" width="29" height="20" />
        <cmp x="376" y="2181" width="70" height="48" />
      </word>
      <word id="f07-021b-08-01" tag="VB" text="hear">
        <cmp x="502" y="2159" width="48" height="79" />
        <cmp x="551" y="2192" width="45" height="43" />
        <cmp x="588" y="2184" width="26" height="33" />
        <cmp x="617" y="2194" width="94" height="29" />
      </word>
      <word id="f07-021b-08-02" tag="INO" text="of">
        <cmp x="789" y="2155" width="65" height="108" />
        <cmp x="792" y="2185" width="12" height="15" />
        <cmp x="801" y="2196" width="6" height="6" />
        <cmp x="808" y="2195" width="5" height="3" />
        <cmp x="844" y="2145" width="4" height="6" />
      </word>
      <word id="f07-021b-08-03" tag="ATI" text="the">
        <cmp x="889" y="2149" width="49" height="88" />
        <cmp x="938" y="2153" width="56" height="68" />
        <cmp x="993" y="2223" width="3" height="3" />
        <cmp x="1017" y="2181" width="28" height="37" />
      </word>
      <word id="f07-021b-08-04" tag="NNS" text="fleshpots">
        <cmp x="1116" y="2151" width="104" height="127" />
        <cmp x="1131" y="2166" width="5" height="10" />
        <cmp x="1134" y="2149" width="6" height="17" />
        <cmp x="1138" y="2142" width="6" height="6" />
        <cmp x="1142" y="2136" width="4" height="4" />
        <cmp x="1237" y="2184" width="16" height="29" />
        <cmp x="1240" y="2217" width="41" height="26" />
        <cmp x="1254" y="2213" width="6" height="6" />
        <cmp x="1265" y="2165" width="54" height="59" />
        <cmp x="1331" y="2232" width="16" height="11" />
        <cmp x="1346" y="2226" width="5" height="5" />
        <cmp x="1351" y="2199" width="14" height="79" />
        <cmp x="1371" y="2182" width="42" height="50" />
        <cmp x="1419" y="2195" width="35" height="40" />
        <cmp x="1445" y="2195" width="3" height="4" />
        <cmp x="1449" y="2192" width="28" height="5" />
        <cmp x="1480" y="2153" width="10" height="78" />
        <cmp x="1512" y="2216" width="3" height="4" />
        <cmp x="1515" y="2176" width="35" height="47" />
      </word>
      <word id="f07-021b-08-05" tag="INO" text="of">
        <cmp x="1621" y="2131" width="78" height="132" />
        <cmp x="1622" y="2193" width="11" height="12" />
        <cmp x="1645" y="2193" width="6" height="5" />
        <cmp x="1696" y="2211" width="6" height="3" />
        <cmp x="1697" y="2124" width="6" height="9" />
      </word>
      <word id="f07-021b-08-06" tag="NP" text="Egypt">
        <cmp x="1780" y="2173" width="24" height="50" />
        <cmp x="1795" y="2143" width="23" height="38" />
        <cmp x="1805" y="2222" width="5" height="3" />
        <cmp x="1831" y="2172" width="18" height="39" />
        <cmp x="1836" y="2245" width="12" height="17" />
        <cmp x="1841" y="2227" width="22" height="21" />
        <cmp x="1850" y="2178" width="96" height="87" />
        <cmp x="1852" y="2173" width="9" height="17" />
        <cmp x="1857" y="2191" width="3" height="3" />
        <cmp x="1925" y="2226" width="10" height="45" />
        <cmp x="1966" y="2180" width="50" height="72" />
        <cmp x="1997" y="2179" width="3" height="4" />
        <cmp x="2001" y="2146" width="42" height="77" />
      </word>
      <upper-contour>
        <point x="318" y="2097" />
        <point x="2046" y="2097" />
      </upper-contour>
      <lower-contour>
        <point x="356" y="2279" />
        <point x="2046" y="2279" />
      </lower-contour>
    </line>
    <line ass="226" asx="0" asy="2315" character-width="999" dss="226" dsx="0" dsy="2466" fd0="13594" fd1="2816" fd2="-618" filter-width="3" id="f07-021b-09" lbs="167" lbx="0" lby="2405" segmentation="err" slant="94000" stroke-width="5351" threshold="158" text="after which the Israelites sighed." ubs="344" ubx="0" uby="2371">
      <word id="f07-021b-09-00" tag="IN" text="after">
        <cmp x="358" y="2370" width="62" height="52" />
        <cmp x="424" y="2326" width="25" height="139" />
        <cmp x="443" y="2401" width="6" height="4" />
        <cmp x="450" y="2400" width="3" height="3" />
        <cmp x="476" y="2320" width="62" height="108" />
        <cmp x="491" y="2356" width="12" height="14" />
        <cmp x="538" y="2383" width="4" height="4" />
      </word>
      <word id="f07-021b-09-01" tag="WDT" text="which">
        <cmp x="602" y="2366" width="73" height="46" />
        <cmp x="677" y="2331" width="57" height="79" />
        <cmp x="747" y="2355" width="10" height="8" />
        <cmp x="750" y="2389" width="8" height="23" />
        <cmp x="786" y="2366" width="29" height="42" />
        <cmp x="815" y="2325" width="45" height="61" />
      </word>
      <word id="f07-021b-09-02" tag="ATI" text="the">
        <cmp x="917" y="2344" width="40" height="67" />
        <cmp x="949" y="2374" width="10" height="4" />
        <cmp x="960" y="2372" width="6" height="4" />
        <cmp x="973" y="2318" width="62" height="84" />
        <cmp x="1048" y="2345" width="37" height="54" />
      </word>
      <word id="f07-021b-09-03" tag="NNPS" text="Israelites">
        <cmp x="1238" y="2316" width="9" height="103" />
        <cmp x="1269" y="2358" width="30" height="52" />
        <cmp x="1303" y="2388" width="5" height="6" />
        <cmp x="1306" y="2364" width="120" height="55" />
        <cmp x="1396" y="2367" width="8" height="8" />
        <cmp x="1427" y="2365" width="39" height="49" />
        <cmp x="1446" y="2367" width="4" height="6" />
        <cmp x="1462" y="2319" width="59" height="91" />
        <cmp x="1505" y="2365" width="3" height="4" />
        <cmp x="1506" y="2354" width="4" height="9" />
        <cmp x="1529" y="2382" width="13" height="31" />
        <cmp x="1531" y="2372" width="6" height="7" />
        <cmp x="1532" y="2323" width="12" height="22" />
        <cmp x="1567" y="2350" width="63" height="75" />
        <cmp x="1574" y="2343" width="4" height="5" />
        <cmp x="1601" y="2355" width="17" height="7" />
        <cmp x="1668" y="2366" width="29" height="39" />
        <cmp x="1681" y="2361" width="3" height="4" />
      </word>
      <word id="f07-021b-09-04" tag="VBD" text="sighed">
        <cmp x="1778" y="2354" width="43" height="70" />
        <cmp x="1825" y="2339" width="12" height="13" />
        <cmp x="1836" y="2406" width="6" height="16" />
        <cmp x="1857" y="2376" width="36" height="80" />
        <cmp x="1903" y="2343" width="49" height="59" />
        <cmp x="1907" y="2333" width="6" height="9" />
        <cmp x="1969" y="2354" width="36" height="40" />
      </word>
      <word id="f07-021b-09-05" tag="." text=".">
        <cmp x="2024" y="2315" width="48" height="82" />
      </word>
      <upper-contour>
        <point x="356" y="2279" />
        <point x="2046" y="2279" />
      </upper-contour>
    </line>
  </handwritten-part>
</form>

