<?xml version="1.0" encoding="ISO-8859-1"?>

<!DOCTYPE form SYSTEM 'http://www.iam.unibe.ch/~fki/iamdb/form-metadata.dtd'>

<form created="2002-04-10" height="3542" id="f07-046b" last-modified="2002-07-17" skew="318" status="final" version="3.0_beta" width="2479" writer-id="290">
  <machine-printed-part>
    <machine-print-line text="Among the natives of Northern Australia lizards roasted on the point of a spear are" />
    <machine-print-line text="definitely a delicacy while Mediterranean peoples have a high opinion of the octopus" />
    <machine-print-line text="as an article of diet. So have the Japanese and the Chinese. The Celestials, apart" />
    <machine-print-line text="from eating it fresh, squash it, press it and dry it, in which form, dusted over with" />
    <machine-print-line text="flour, you will find a stack of it in almost any provision shop." />
  </machine-printed-part>
  <handwritten-part>
    <line ass="661" asx="0" asy="708" character-width="999" dss="661" dsx="0" dsy="833" fd0="13821" fd1="2729" fd2="-787" filter-width="4" id="f07-046b-00" lbs="657" lbx="0" lby="793" segmentation="ok" slant="65000" stroke-width="5829" threshold="153" text="Among the natives of Northern Australia lizards" ubs="669" ubx="0" uby="764">
      <word id="f07-046b-00-00" sentence-start="yes" tag="IN" text="Among">
        <cmp x="379" y="705" width="79" height="91" />
        <cmp x="444" y="763" width="73" height="25" />
        <cmp x="523" y="764" width="75" height="28" />
        <cmp x="592" y="762" width="38" height="63" />
      </word>
      <word id="f07-046b-00-01" tag="ATI" text="the">
        <cmp x="719" y="713" width="30" height="72" />
        <cmp x="746" y="706" width="5" height="7" />
        <cmp x="746" y="723" width="32" height="58" />
        <cmp x="801" y="745" width="26" height="35" />
      </word>
      <word id="f07-046b-00-02" tag="NNS" text="natives">
        <cmp x="895" y="744" width="33" height="36" />
        <cmp x="938" y="750" width="33" height="33" />
        <cmp x="975" y="706" width="33" height="71" />
        <cmp x="1004" y="757" width="13" height="26" />
        <cmp x="1021" y="735" width="5" height="10" />
        <cmp x="1028" y="752" width="23" height="32" />
        <cmp x="1052" y="752" width="33" height="30" />
        <cmp x="1087" y="750" width="31" height="39" />
      </word>
      <word id="f07-046b-00-03" tag="INO" text="of">
        <cmp x="1177" y="712" width="81" height="98" />
      </word>
      <word id="f07-046b-00-04" tag="JJ" text="Northern">
        <cmp x="1301" y="715" width="75" height="66" />
        <cmp x="1362" y="750" width="28" height="29" />
        <cmp x="1390" y="754" width="22" height="22" />
        <cmp x="1420" y="714" width="38" height="71" />
        <cmp x="1445" y="727" width="29" height="53" />
        <cmp x="1469" y="721" width="6" height="8" />
        <cmp x="1481" y="750" width="46" height="26" />
        <cmp x="1524" y="757" width="36" height="24" />
      </word>
      <word id="f07-046b-00-05" tag="NP" text="Australia">
        <cmp x="1614" y="705" width="75" height="71" />
        <cmp x="1667" y="751" width="35" height="25" />
        <cmp x="1709" y="756" width="25" height="27" />
        <cmp x="1722" y="747" width="12" height="8" />
        <cmp x="1754" y="710" width="55" height="75" />
        <cmp x="1812" y="752" width="39" height="26" />
        <cmp x="1859" y="708" width="44" height="74" />
        <cmp x="1901" y="701" width="5" height="5" />
        <cmp x="1911" y="731" width="9" height="14" />
        <cmp x="1922" y="750" width="64" height="30" />
      </word>
      <word id="f07-046b-00-06" tag="NNS" text="lizards">
        <cmp x="2042" y="686" width="37" height="65" />
        <cmp x="2075" y="742" width="14" height="21" />
        <cmp x="2096" y="728" width="29" height="36" />
        <cmp x="2097" y="706" width="11" height="9" />
        <cmp x="2122" y="740" width="29" height="29" />
        <cmp x="2154" y="717" width="77" height="51" />
        <cmp x="2216" y="739" width="26" height="35" />
      </word>
      <lower-contour>
        <point x="377" y="824" />
        <point x="2157" y="824" />
      </lower-contour>
    </line>
    <line ass="996" asx="0" asy="902" character-width="999" dss="996" dsx="0" dsy="1013" fd0="13934" fd1="2576" fd2="-529" filter-width="4" id="f07-046b-01" lbs="1053" lbx="0" lby="982" segmentation="ok" slant="68000" stroke-width="5906" threshold="153" text="roasted on the point of a spear are definitely" ubs="883" ubx="0" uby="950">
      <word id="f07-046b-01-00" tag="VBN" text="roasted">
        <cmp x="375" y="924" width="40" height="52" />
        <cmp x="416" y="938" width="31" height="35" />
        <cmp x="453" y="936" width="27" height="35" />
        <cmp x="485" y="931" width="40" height="45" />
        <cmp x="524" y="893" width="45" height="78" />
        <cmp x="573" y="910" width="58" height="57" />
      </word>
      <word id="f07-046b-01-01" tag="IN" text="on">
        <cmp x="675" y="932" width="84" height="31" />
      </word>
      <word id="f07-046b-01-02" tag="ATI" text="the">
        <cmp x="812" y="897" width="39" height="65" />
        <cmp x="847" y="904" width="31" height="61" />
        <cmp x="885" y="938" width="24" height="27" />
      </word>
      <word id="f07-046b-01-03" tag="NN" text="point">
        <cmp x="969" y="927" width="47" height="63" />
        <cmp x="1024" y="937" width="54" height="29" />
        <cmp x="1083" y="916" width="7" height="14" />
        <cmp x="1089" y="945" width="35" height="23" />
        <cmp x="1135" y="894" width="42" height="69" />
      </word>
      <word id="f07-046b-01-04" tag="INO" text="of">
        <cmp x="1239" y="907" width="71" height="86" />
      </word>
      <word id="f07-046b-01-05" tag="AT" text="a">
        <cmp x="1345" y="930" width="47" height="26" />
      </word>
      <word id="f07-046b-01-06" tag="NN" text="spear">
        <cmp x="1441" y="916" width="41" height="49" />
        <cmp x="1468" y="926" width="40" height="47" />
        <cmp x="1508" y="927" width="72" height="26" />
        <cmp x="1589" y="929" width="36" height="24" />
      </word>
      <word id="f07-046b-01-07" tag="BER" text="are">
        <cmp x="1681" y="918" width="38" height="32" />
        <cmp x="1724" y="929" width="35" height="23" />
        <cmp x="1762" y="917" width="31" height="34" />
      </word>
      <word id="f07-046b-01-08" tag="RB" text="definitely">
        <cmp x="1839" y="890" width="111" height="78" />
        <cmp x="1955" y="927" width="34" height="22" />
        <cmp x="1957" y="904" width="5" height="8" />
        <cmp x="1992" y="931" width="13" height="17" />
        <cmp x="2016" y="891" width="33" height="54" />
        <cmp x="2045" y="919" width="30" height="27" />
        <cmp x="2087" y="883" width="31" height="58" />
        <cmp x="2115" y="923" width="41" height="52" />
      </word>
      <upper-contour>
        <point x="377" y="824" />
        <point x="2157" y="824" />
      </upper-contour>
      <lower-contour>
        <point x="373" y="993" />
        <point x="2139" y="993" />
      </lower-contour>
    </line>
    <line ass="625" asx="0" asy="1086" character-width="999" dss="625" dsx="0" dsy="1182" fd0="14474" fd1="2780" fd2="-625" filter-width="4" id="f07-046b-02" lbs="675" lbx="0" lby="1154" segmentation="ok" slant="66000" stroke-width="6027" threshold="152" text="a delicacy while Mediterranean peoples have a" ubs="524" ubx="0" uby="1121">
      <word id="f07-046b-02-00" tag="AT" text="a">
        <cmp x="370" y="1117" width="50" height="37" />
      </word>
      <word id="f07-046b-02-01" tag="NN" text="delicacy">
        <cmp x="464" y="1100" width="57" height="52" />
        <cmp x="517" y="1120" width="28" height="32" />
        <cmp x="556" y="1091" width="25" height="51" />
        <cmp x="587" y="1119" width="16" height="30" />
        <cmp x="609" y="1092" width="6" height="8" />
        <cmp x="622" y="1113" width="32" height="33" />
        <cmp x="668" y="1113" width="34" height="28" />
        <cmp x="713" y="1112" width="31" height="40" />
        <cmp x="746" y="1117" width="40" height="56" />
      </word>
      <word id="f07-046b-02-02" tag="CS" text="while">
        <cmp x="860" y="1080" width="75" height="65" />
        <cmp x="944" y="1112" width="14" height="27" />
        <cmp x="959" y="1090" width="9" height="13" />
        <cmp x="969" y="1076" width="31" height="71" />
        <cmp x="998" y="1111" width="28" height="33" />
      </word>
      <word id="f07-046b-02-03" tag="NP" text="Mediterranean">
        <cmp x="1102" y="1082" width="83" height="63" />
        <cmp x="1189" y="1105" width="27" height="28" />
        <cmp x="1213" y="1085" width="51" height="47" />
        <cmp x="1256" y="1117" width="9" height="16" />
        <cmp x="1273" y="1092" width="5" height="9" />
        <cmp x="1280" y="1074" width="34" height="59" />
        <cmp x="1316" y="1102" width="87" height="34" />
        <cmp x="1400" y="1111" width="108" height="30" />
        <cmp x="1514" y="1111" width="72" height="28" />
      </word>
      <word id="f07-046b-02-04" tag="NNS" text="peoples">
        <cmp x="1658" y="1110" width="37" height="46" />
        <cmp x="1704" y="1104" width="28" height="29" />
        <cmp x="1734" y="1110" width="35" height="28" />
        <cmp x="1762" y="1105" width="38" height="52" />
        <cmp x="1805" y="1074" width="32" height="59" />
        <cmp x="1826" y="1117" width="15" height="18" />
        <cmp x="1836" y="1111" width="13" height="7" />
        <cmp x="1842" y="1119" width="5" height="4" />
        <cmp x="1849" y="1110" width="28" height="31" />
      </word>
      <word id="f07-046b-02-05" tag="HV" text="have">
        <cmp x="1929" y="1081" width="29" height="51" />
        <cmp x="1965" y="1104" width="39" height="23" />
        <cmp x="2006" y="1103" width="25" height="26" />
        <cmp x="2037" y="1100" width="33" height="26" />
      </word>
      <word id="f07-046b-02-06" tag="AT" text="a">
        <cmp x="2092" y="1096" width="44" height="26" />
      </word>
      <upper-contour>
        <point x="373" y="993" />
        <point x="2139" y="993" />
      </upper-contour>
      <lower-contour>
        <point x="368" y="1172" />
        <point x="2139" y="1172" />
      </lower-contour>
    </line>
    <line ass="1041" asx="0" asy="1262" character-width="999" dss="1041" dsx="0" dsy="1381" fd0="13966" fd1="2733" fd2="-403" filter-width="4" id="f07-046b-03" lbs="1173" lbx="0" lby="1349" segmentation="ok" slant="71000" stroke-width="5889" threshold="152" text="high opinion of the octopus as an article of diet." ubs="777" ubx="0" uby="1310">
      <word id="f07-046b-03-00" tag="JJ" text="high">
        <cmp x="370" y="1275" width="35" height="61" />
        <cmp x="387" y="1270" width="4" height="4" />
        <cmp x="414" y="1316" width="11" height="19" />
        <cmp x="422" y="1321" width="32" height="44" />
        <cmp x="429" y="1290" width="11" height="12" />
        <cmp x="434" y="1305" width="22" height="21" />
        <cmp x="476" y="1266" width="38" height="71" />
      </word>
      <word id="f07-046b-03-01" tag="NN" text="opinion">
        <cmp x="582" y="1303" width="74" height="65" />
        <cmp x="663" y="1311" width="13" height="27" />
        <cmp x="681" y="1281" width="6" height="6" />
        <cmp x="682" y="1305" width="35" height="33" />
        <cmp x="719" y="1306" width="15" height="31" />
        <cmp x="738" y="1285" width="6" height="9" />
        <cmp x="739" y="1306" width="82" height="31" />
      </word>
      <word id="f07-046b-03-02" tag="INO" text="of">
        <cmp x="912" y="1269" width="73" height="76" />
      </word>
      <word id="f07-046b-03-03" tag="ATI" text="the">
        <cmp x="1022" y="1259" width="35" height="66" />
        <cmp x="1055" y="1275" width="29" height="41" />
        <cmp x="1084" y="1300" width="11" height="24" />
        <cmp x="1096" y="1289" width="32" height="33" />
      </word>
      <word id="f07-046b-03-04" tag="NN" text="octopus">
        <cmp x="1173" y="1290" width="36" height="32" />
        <cmp x="1211" y="1288" width="32" height="32" />
        <cmp x="1232" y="1311" width="4" height="4" />
        <cmp x="1247" y="1248" width="37" height="70" />
        <cmp x="1289" y="1294" width="29" height="27" />
        <cmp x="1325" y="1290" width="71" height="48" />
        <cmp x="1389" y="1286" width="27" height="33" />
      </word>
      <word id="f07-046b-03-05" tag="IN" text="as">
        <cmp x="1483" y="1276" width="100" height="37" />
      </word>
      <word id="f07-046b-03-06" tag="AT" text="an">
        <cmp x="1625" y="1287" width="33" height="26" />
        <cmp x="1661" y="1288" width="30" height="29" />
      </word>
      <word id="f07-046b-03-07" tag="NN" text="article">
        <cmp x="1737" y="1282" width="29" height="22" />
        <cmp x="1771" y="1289" width="23" height="20" />
        <cmp x="1805" y="1251" width="37" height="65" />
        <cmp x="1851" y="1274" width="8" height="12" />
        <cmp x="1854" y="1287" width="26" height="25" />
        <cmp x="1885" y="1252" width="34" height="63" />
        <cmp x="1917" y="1245" width="7" height="5" />
        <cmp x="1922" y="1287" width="31" height="31" />
      </word>
      <word id="f07-046b-03-08" tag="INO" text="of">
        <cmp x="2015" y="1249" width="70" height="96" />
      </word>
      <word id="f07-046b-03-09" tag="NN" text="diet">
        <cmp x="2100" y="1271" width="60" height="44" />
        <cmp x="2166" y="1292" width="27" height="27" />
        <cmp x="2167" y="1274" width="6" height="12" />
        <cmp x="2191" y="1259" width="37" height="62" />
        <cmp x="2224" y="1249" width="9" height="9" />
      </word>
      <word id="f07-046b-03-10" tag="." text=".">
        <cmp x="2222" y="1316" width="7" height="6" />
      </word>
      <upper-contour>
        <point x="368" y="1172" />
        <point x="2139" y="1172" />
      </upper-contour>
      <lower-contour>
        <point x="383" y="1367" />
        <point x="1998" y="1367" />
      </lower-contour>
    </line>
    <line ass="874" asx="0" asy="1436" character-width="999" dss="874" dsx="0" dsy="1546" fd0="13848" fd1="2562" fd2="-838" filter-width="4" id="f07-046b-04" lbs="819" lbx="0" lby="1514" segmentation="ok" slant="65000" stroke-width="5820" threshold="153" text="So have the Japanese and the Chinese. The" ubs="983" ubx="0" uby="1489">
      <word id="f07-046b-04-00" sentence-start="yes" tag="PN" text="So">
        <cmp x="385" y="1431" width="79" height="76" />
      </word>
      <word id="f07-046b-04-01" tag="HV" text="have">
        <cmp x="525" y="1440" width="39" height="76" />
        <cmp x="573" y="1485" width="31" height="24" />
        <cmp x="614" y="1483" width="26" height="27" />
        <cmp x="642" y="1481" width="26" height="27" />
      </word>
      <word id="f07-046b-04-02" tag="ATI" text="the">
        <cmp x="762" y="1436" width="34" height="74" />
        <cmp x="792" y="1452" width="51" height="55" />
        <cmp x="811" y="1447" width="4" height="4" />
      </word>
      <word id="f07-046b-04-03" tag="NNPS" text="Japanese">
        <cmp x="907" y="1442" width="43" height="83" />
        <cmp x="944" y="1469" width="69" height="64" />
        <cmp x="1015" y="1464" width="122" height="33" />
        <cmp x="1139" y="1462" width="50" height="34" />
      </word>
      <word id="f07-046b-04-04" tag="CC" text="and">
        <cmp x="1250" y="1470" width="78" height="23" />
        <cmp x="1332" y="1443" width="63" height="54" />
      </word>
      <word id="f07-046b-04-05" tag="ATI" text="the">
        <cmp x="1430" y="1431" width="54" height="58" />
        <cmp x="1488" y="1445" width="39" height="44" />
        <cmp x="1508" y="1438" width="4" height="12" />
      </word>
      <word id="f07-046b-04-06" tag="NNPS" text="Chinese">
        <cmp x="1596" y="1430" width="55" height="66" />
        <cmp x="1638" y="1426" width="40" height="66" />
        <cmp x="1670" y="1469" width="9" height="25" />
        <cmp x="1685" y="1460" width="32" height="32" />
        <cmp x="1692" y="1447" width="9" height="7" />
        <cmp x="1729" y="1458" width="25" height="29" />
        <cmp x="1739" y="1457" width="43" height="39" />
        <cmp x="1775" y="1458" width="35" height="30" />
      </word>
      <word id="f07-046b-04-07" tag="." text=".">
        <cmp x="1831" y="1492" width="6" height="9" />
      </word>
      <word id="f07-046b-04-08" sentence-start="yes" tag="ATI" text="The">
        <cmp x="1897" y="1414" width="85" height="79" />
        <cmp x="1971" y="1463" width="25" height="28" />
      </word>
      <upper-contour>
        <point x="383" y="1367" />
        <point x="1998" y="1367" />
      </upper-contour>
      <lower-contour>
        <point x="401" y="1532" />
        <point x="1998" y="1532" />
      </lower-contour>
    </line>
    <line ass="119" asx="0" asy="1598" character-width="999" dss="119" dsx="0" dsy="1734" fd0="13793" fd1="2673" fd2="-811" filter-width="4" id="f07-046b-05" lbs="167" lbx="0" lby="1695" segmentation="ok" slant="66000" stroke-width="5957" threshold="146" text="Celestials, apart from eating it fresh, squash" ubs="23" ubx="0" uby="1658">
      <word id="f07-046b-05-00" tag="NNS" text="Celestials">
        <cmp x="403" y="1613" width="63" height="74" />
        <cmp x="447" y="1613" width="85" height="77" />
        <cmp x="526" y="1655" width="31" height="35" />
        <cmp x="563" y="1598" width="46" height="92" />
        <cmp x="609" y="1632" width="8" height="12" />
        <cmp x="624" y="1657" width="38" height="31" />
        <cmp x="676" y="1622" width="32" height="63" />
        <cmp x="705" y="1617" width="5" height="4" />
        <cmp x="707" y="1650" width="28" height="35" />
        <cmp x="729" y="1652" width="32" height="44" />
      </word>
      <word id="f07-046b-05-01" tag="," text=",">
        <cmp x="790" y="1690" width="13" height="22" />
      </word>
      <word id="f07-046b-05-02" tag="IN21" text="apart">
        <cmp x="880" y="1662" width="38" height="28" />
        <cmp x="916" y="1663" width="71" height="54" />
        <cmp x="999" y="1661" width="31" height="27" />
        <cmp x="1022" y="1649" width="4" height="5" />
        <cmp x="1028" y="1619" width="48" height="59" />
      </word>
      <word id="f07-046b-05-03" tag="IN22" text="from">
        <cmp x="1157" y="1621" width="46" height="91" />
        <cmp x="1193" y="1665" width="22" height="22" />
        <cmp x="1216" y="1665" width="94" height="28" />
      </word>
      <word id="f07-046b-05-04" tag="VBG" text="eating">
        <cmp x="1382" y="1652" width="44" height="38" />
        <cmp x="1420" y="1664" width="30" height="30" />
        <cmp x="1460" y="1619" width="41" height="72" />
        <cmp x="1508" y="1665" width="33" height="23" />
        <cmp x="1509" y="1637" width="5" height="11" />
        <cmp x="1533" y="1656" width="46" height="76" />
      </word>
      <word id="f07-046b-05-05" tag="PP3" text="it">
        <cmp x="1636" y="1655" width="18" height="34" />
        <cmp x="1652" y="1626" width="7" height="12" />
        <cmp x="1664" y="1614" width="39" height="67" />
      </word>
      <word id="f07-046b-05-06" tag="JJ" text="fresh">
        <cmp x="1761" y="1623" width="50" height="84" />
        <cmp x="1797" y="1652" width="51" height="34" />
        <cmp x="1844" y="1651" width="27" height="39" />
        <cmp x="1880" y="1611" width="40" height="80" />
      </word>
      <word id="f07-046b-05-07" tag="," text=",">
        <cmp x="1935" y="1680" width="14" height="22" />
      </word>
      <word id="f07-046b-05-08" tag="VB" text="squash">
        <cmp x="1993" y="1635" width="39" height="43" />
        <cmp x="2031" y="1649" width="23" height="43" />
        <cmp x="2045" y="1655" width="55" height="29" />
        <cmp x="2105" y="1659" width="23" height="24" />
        <cmp x="2130" y="1656" width="26" height="33" />
        <cmp x="2157" y="1629" width="32" height="60" />
      </word>
      <upper-contour>
        <point x="401" y="1532" />
        <point x="1998" y="1532" />
      </upper-contour>
      <lower-contour>
        <point x="411" y="1733" />
        <point x="2190" y="1733" />
      </lower-contour>
    </line>
    <line ass="671" asx="0" asy="1794" character-width="999" dss="671" dsx="0" dsy="1922" fd0="14250" fd1="3087" fd2="119" filter-width="4" id="f07-046b-06" lbs="747" lbx="0" lby="1883" segmentation="ok" slant="66999" stroke-width="6096" threshold="147" text="it, press it and dry it, in which form, dusted" ubs="520" ubx="0" uby="1849">
      <word id="f07-046b-06-00" tag="PP3" text="it">
        <cmp x="413" y="1827" width="19" height="44" />
        <cmp x="421" y="1797" width="9" height="9" />
        <cmp x="437" y="1790" width="37" height="78" />
      </word>
      <word id="f07-046b-06-01" tag="," text=",">
        <cmp x="475" y="1853" width="18" height="32" />
      </word>
      <word id="f07-046b-06-02" tag="VB" text="press">
        <cmp x="558" y="1846" width="39" height="43" />
        <cmp x="601" y="1840" width="42" height="30" />
        <cmp x="641" y="1835" width="53" height="41" />
      </word>
      <word id="f07-046b-06-03" tag="PP3" text="it">
        <cmp x="750" y="1833" width="20" height="55" />
        <cmp x="776" y="1792" width="45" height="83" />
      </word>
      <word id="f07-046b-06-04" tag="CC" text="and">
        <cmp x="869" y="1842" width="79" height="34" />
        <cmp x="960" y="1817" width="52" height="49" />
      </word>
      <word id="f07-046b-06-05" tag="VB" text="dry">
        <cmp x="1073" y="1813" width="58" height="52" />
        <cmp x="1129" y="1841" width="28" height="19" />
        <cmp x="1174" y="1832" width="35" height="56" />
      </word>
      <word id="f07-046b-06-06" tag="PP3" text="it">
        <cmp x="1246" y="1839" width="15" height="28" />
        <cmp x="1261" y="1810" width="12" height="17" />
        <cmp x="1276" y="1790" width="39" height="74" />
      </word>
      <word id="f07-046b-06-07" tag="," text=",">
        <cmp x="1313" y="1861" width="12" height="19" />
      </word>
      <word id="f07-046b-06-08" tag="IN" text="in">
        <cmp x="1406" y="1836" width="16" height="36" />
        <cmp x="1421" y="1810" width="8" height="13" />
        <cmp x="1432" y="1837" width="30" height="30" />
      </word>
      <word id="f07-046b-06-09" tag="WDT" text="which">
        <cmp x="1531" y="1828" width="40" height="35" />
        <cmp x="1579" y="1783" width="30" height="69" />
        <cmp x="1615" y="1825" width="15" height="27" />
        <cmp x="1634" y="1794" width="63" height="71" />
        <cmp x="1635" y="1802" width="8" height="11" />
      </word>
      <word id="f07-046b-06-10" tag="NN" text="form">
        <cmp x="1767" y="1800" width="55" height="103" />
        <cmp x="1807" y="1840" width="27" height="27" />
        <cmp x="1834" y="1845" width="25" height="19" />
        <cmp x="1865" y="1841" width="55" height="20" />
      </word>
      <word id="f07-046b-06-11" tag="," text=",">
        <cmp x="1936" y="1849" width="22" height="31" />
      </word>
      <word id="f07-046b-06-12" tag="VBN" text="dusted">
        <cmp x="2001" y="1814" width="77" height="49" />
        <cmp x="2088" y="1832" width="25" height="29" />
        <cmp x="2104" y="1828" width="4" height="4" />
        <cmp x="2117" y="1785" width="27" height="75" />
        <cmp x="2131" y="1832" width="28" height="28" />
        <cmp x="2160" y="1796" width="56" height="60" />
      </word>
      <upper-contour>
        <point x="411" y="1733" />
        <point x="2190" y="1733" />
      </upper-contour>
      <lower-contour>
        <point x="411" y="1905" />
        <point x="2193" y="1905" />
      </lower-contour>
    </line>
    <line ass="808" asx="0" asy="1986" character-width="999" dss="808" dsx="0" dsy="2090" fd0="14058" fd1="2997" fd2="-230" filter-width="4" id="f07-046b-07" lbs="805" lbx="0" lby="2067" segmentation="ok" slant="66000" stroke-width="6032" threshold="147" text="over with flour, you will find a stack of it" ubs="814" ubx="0" uby="2039">
      <word id="f07-046b-07-00" tag="RP" text="over">
        <cmp x="408" y="2012" width="34" height="45" />
        <cmp x="444" y="2021" width="31" height="32" />
        <cmp x="476" y="2021" width="65" height="39" />
      </word>
      <word id="f07-046b-07-01" tag="IN" text="with">
        <cmp x="602" y="2023" width="49" height="35" />
        <cmp x="666" y="2024" width="13" height="31" />
        <cmp x="676" y="2002" width="4" height="7" />
        <cmp x="686" y="1980" width="31" height="75" />
        <cmp x="722" y="1982" width="37" height="69" />
      </word>
      <word id="f07-046b-07-02" tag="NN" text="flour">
        <cmp x="802" y="1983" width="61" height="96" />
        <cmp x="859" y="1982" width="38" height="71" />
        <cmp x="880" y="2027" width="77" height="25" />
        <cmp x="966" y="2027" width="36" height="26" />
      </word>
      <word id="f07-046b-07-03" tag="," text=",">
        <cmp x="1025" y="2046" width="13" height="21" />
      </word>
      <word id="f07-046b-07-04" tag="PP2" text="you">
        <cmp x="1112" y="2016" width="39" height="57" />
        <cmp x="1165" y="2019" width="76" height="32" />
      </word>
      <word id="f07-046b-07-05" tag="MD" text="will">
        <cmp x="1311" y="2010" width="49" height="43" />
        <cmp x="1364" y="2016" width="16" height="30" />
        <cmp x="1385" y="1995" width="5" height="13" />
        <cmp x="1397" y="1966" width="44" height="76" />
        <cmp x="1433" y="1982" width="26" height="60" />
      </word>
      <word id="f07-046b-07-06" tag="VB" text="find">
        <cmp x="1542" y="1970" width="50" height="88" />
        <cmp x="1603" y="1990" width="4" height="11" />
        <cmp x="1605" y="2015" width="36" height="24" />
        <cmp x="1651" y="1985" width="55" height="46" />
      </word>
      <word id="f07-046b-07-07" tag="AT" text="a">
        <cmp x="1758" y="2006" width="30" height="32" />
      </word>
      <word id="f07-046b-07-08" tag="NN" text="stack">
        <cmp x="1833" y="2007" width="21" height="36" />
        <cmp x="1860" y="1970" width="35" height="77" />
        <cmp x="1887" y="2017" width="26" height="24" />
        <cmp x="1919" y="1970" width="71" height="74" />
      </word>
      <word id="f07-046b-07-09" tag="INO" text="of">
        <cmp x="2048" y="2009" width="52" height="29" />
        <cmp x="2086" y="1992" width="34" height="63" />
        <cmp x="2116" y="1982" width="8" height="8" />
      </word>
      <word id="f07-046b-07-10" tag="PP3" text="it">
        <cmp x="2128" y="2024" width="9" height="15" />
        <cmp x="2151" y="1994" width="8" height="13" />
        <cmp x="2156" y="1981" width="36" height="64" />
      </word>
      <upper-contour>
        <point x="411" y="1905" />
        <point x="2193" y="1905" />
      </upper-contour>
      <lower-contour>
        <point x="406" y="2078" />
        <point x="1660" y="2078" />
      </lower-contour>
    </line>
    <line ass="152" asx="0" asy="2152" character-width="999" dss="152" dsx="0" dsy="2269" fd0="13969" fd1="2951" fd2="-431" filter-width="4" id="f07-046b-08" lbs="200" lbx="0" lby="2230" segmentation="ok" slant="68999" stroke-width="5845" threshold="148" text="in almost any provision shop." ubs="58" ubx="0" uby="2199">
      <word id="f07-046b-08-00" tag="IN" text="in">
        <cmp x="403" y="2194" width="12" height="39" />
        <cmp x="409" y="2171" width="8" height="13" />
        <cmp x="423" y="2207" width="41" height="24" />
      </word>
      <word id="f07-046b-08-01" tag="RB" text="almost">
        <cmp x="519" y="2190" width="38" height="42" />
        <cmp x="572" y="2151" width="33" height="72" />
        <cmp x="596" y="2199" width="55" height="26" />
        <cmp x="668" y="2200" width="25" height="27" />
        <cmp x="692" y="2197" width="33" height="35" />
        <cmp x="724" y="2152" width="34" height="81" />
      </word>
      <word id="f07-046b-08-02" tag="DTI" text="any">
        <cmp x="837" y="2204" width="46" height="33" />
        <cmp x="884" y="2214" width="49" height="20" />
        <cmp x="939" y="2202" width="41" height="65" />
      </word>
      <word id="f07-046b-08-03" tag="NN" text="provision">
        <cmp x="1057" y="2192" width="59" height="63" />
        <cmp x="1121" y="2201" width="39" height="26" />
        <cmp x="1163" y="2192" width="29" height="32" />
        <cmp x="1208" y="2197" width="26" height="26" />
        <cmp x="1209" y="2191" width="5" height="5" />
        <cmp x="1239" y="2198" width="18" height="28" />
        <cmp x="1265" y="2188" width="33" height="36" />
        <cmp x="1266" y="2158" width="8" height="15" />
        <cmp x="1296" y="2196" width="19" height="27" />
        <cmp x="1319" y="2168" width="6" height="14" />
        <cmp x="1324" y="2197" width="83" height="30" />
      </word>
      <word id="f07-046b-08-04" tag="NN" text="shop">
        <cmp x="1462" y="2184" width="38" height="41" />
        <cmp x="1495" y="2157" width="46" height="64" />
        <cmp x="1547" y="2195" width="32" height="25" />
        <cmp x="1575" y="2187" width="63" height="66" />
      </word>
      <word id="f07-046b-08-05" tag="." text=".">
        <cmp x="1650" y="2214" width="9" height="10" />
      </word>
      <upper-contour>
        <point x="406" y="2078" />
        <point x="1660" y="2078" />
      </upper-contour>
    </line>
  </handwritten-part>
</form>

