<?xml version="1.0" encoding="ISO-8859-1"?>

<!DOCTYPE form SYSTEM 'http://www.iam.unibe.ch/~fki/iamdb/form-metadata.dtd'>

<form created="2002-04-10" height="3542" id="f07-016" last-modified="2002-07-17" skew="317" status="final" version="3.0_beta" width="2479" writer-id="287">
  <machine-printed-part>
    <machine-print-line text="There was always the spice of an orgy in those Roman feasts, for instance, with all" />
    <machine-print-line text="their peacocks and nightingales&apos; tongues; unreasonable surfeit, too, in the elaborate" />
    <machine-print-line text="fashion of eating brought out of Italy into France, we are told, by Catherine de Medici." />
    <machine-print-line text="The peasant in those days, as ever, ate sparingly, but generously enough in his own" />
    <machine-print-line text="fashion, save at feast times, when he, too, let himself go; and it was from his simpler" />
    <machine-print-line text="food that the later renaissance of cooking was to come." />
  </machine-printed-part>
  <handwritten-part>
    <line ass="257" asx="0" asy="707" character-width="999" dss="257" dsx="0" dsy="849" fd0="13907" fd1="3260" fd2="-326" filter-width="3" id="f07-016-00" lbs="355" lbx="0" lby="800" segmentation="ok" slant="97000" stroke-width="5530" threshold="160" text="There was always the spice of an orgy" ubs="60" ubx="0" uby="759">
      <word id="f07-016-00-00" sentence-start="yes" tag="EX" text="There">
        <cmp x="330" y="706" width="67" height="98" />
        <cmp x="398" y="728" width="5" height="4" />
        <cmp x="405" y="726" width="44" height="69" />
        <cmp x="464" y="762" width="26" height="44" />
        <cmp x="472" y="752" width="20" height="22" />
        <cmp x="473" y="752" width="8" height="11" />
        <cmp x="487" y="749" width="81" height="52" />
      </word>
      <word id="f07-016-00-01" tag="BEDZ" text="was">
        <cmp x="631" y="761" width="71" height="42" />
        <cmp x="687" y="755" width="12" height="14" />
        <cmp x="709" y="760" width="20" height="32" />
        <cmp x="731" y="768" width="4" height="9" />
        <cmp x="732" y="777" width="20" height="19" />
        <cmp x="769" y="764" width="23" height="35" />
      </word>
      <word id="f07-016-00-02" tag="RB" text="always">
        <cmp x="858" y="754" width="27" height="32" />
        <cmp x="883" y="727" width="53" height="67" />
        <cmp x="922" y="717" width="14" height="19" />
        <cmp x="938" y="753" width="64" height="44" />
        <cmp x="942" y="749" width="5" height="3" />
        <cmp x="990" y="745" width="13" height="14" />
        <cmp x="1001" y="757" width="33" height="36" />
        <cmp x="1034" y="761" width="19" height="37" />
        <cmp x="1060" y="758" width="45" height="38" />
        <cmp x="1085" y="804" width="12" height="24" />
        <cmp x="1126" y="756" width="33" height="49" />
      </word>
      <word id="f07-016-00-03" tag="ATI" text="the">
        <cmp x="1196" y="763" width="3" height="4" />
        <cmp x="1201" y="731" width="52" height="68" />
        <cmp x="1241" y="721" width="3" height="6" />
        <cmp x="1254" y="730" width="54" height="65" />
        <cmp x="1335" y="752" width="27" height="45" />
      </word>
      <word id="f07-016-00-04" tag="NN" text="spice">
        <cmp x="1417" y="754" width="46" height="60" />
        <cmp x="1434" y="753" width="6" height="6" />
        <cmp x="1467" y="750" width="53" height="91" />
        <cmp x="1532" y="761" width="11" height="34" />
        <cmp x="1539" y="730" width="8" height="9" />
        <cmp x="1568" y="741" width="74" height="53" />
      </word>
      <word id="f07-016-00-05" tag="INO" text="of">
        <cmp x="1702" y="756" width="23" height="43" />
        <cmp x="1722" y="750" width="3" height="3" />
        <cmp x="1723" y="761" width="4" height="5" />
        <cmp x="1725" y="756" width="35" height="41" />
        <cmp x="1764" y="706" width="19" height="133" />
      </word>
      <word id="f07-016-00-06" tag="AT" text="an">
        <cmp x="1819" y="756" width="22" height="30" />
        <cmp x="1831" y="749" width="15" height="13" />
        <cmp x="1847" y="762" width="31" height="31" />
        <cmp x="1875" y="769" width="41" height="27" />
      </word>
      <word id="f07-016-00-07" tag="NN" text="orgy">
        <cmp x="1964" y="752" width="21" height="44" />
        <cmp x="1979" y="746" width="6" height="6" />
        <cmp x="1993" y="752" width="3" height="5" />
        <cmp x="1995" y="758" width="27" height="39" />
        <cmp x="2020" y="754" width="36" height="71" />
        <cmp x="2077" y="744" width="6" height="5" />
        <cmp x="2081" y="752" width="52" height="34" />
        <cmp x="2098" y="807" width="13" height="34" />
      </word>
      <lower-contour>
        <point x="339" y="845" />
        <point x="2135" y="845" />
      </lower-contour>
    </line>
    <line ass="443" asx="0" asy="887" character-width="999" dss="443" dsx="0" dsy="1037" fd0="14036" fd1="2980" fd2="-628" filter-width="3" id="f07-016-01" lbs="385" lbx="0" lby="981" segmentation="ok" slant="102000" stroke-width="5479" threshold="157" text="in those Roman feasts, for instance, with" ubs="559" ubx="0" uby="954">
      <word id="f07-016-01-00" tag="IN" text="in">
        <cmp x="341" y="944" width="10" height="29" />
        <cmp x="345" y="888" width="10" height="10" />
        <cmp x="366" y="938" width="68" height="37" />
      </word>
      <word id="f07-016-01-01" tag="DTS" text="those">
        <cmp x="475" y="902" width="77" height="85" />
        <cmp x="481" y="896" width="4" height="5" />
        <cmp x="559" y="933" width="36" height="36" />
        <cmp x="596" y="928" width="31" height="49" />
        <cmp x="637" y="926" width="33" height="50" />
      </word>
      <word id="f07-016-01-02" tag="JNP" text="Roman">
        <cmp x="732" y="903" width="7" height="16" />
        <cmp x="738" y="893" width="52" height="33" />
        <cmp x="741" y="947" width="11" height="17" />
        <cmp x="750" y="937" width="14" height="47" />
        <cmp x="762" y="938" width="20" height="41" />
        <cmp x="782" y="933" width="4" height="5" />
        <cmp x="792" y="949" width="33" height="28" />
        <cmp x="808" y="936" width="19" height="24" />
        <cmp x="834" y="946" width="55" height="26" />
        <cmp x="902" y="947" width="44" height="30" />
        <cmp x="952" y="941" width="42" height="36" />
      </word>
      <word id="f07-016-01-03" tag="NNS" text="feasts">
        <cmp x="1056" y="897" width="62" height="124" />
        <cmp x="1076" y="880" width="12" height="11" />
        <cmp x="1133" y="942" width="15" height="28" />
        <cmp x="1146" y="941" width="6" height="9" />
        <cmp x="1147" y="952" width="26" height="29" />
        <cmp x="1179" y="935" width="39" height="46" />
        <cmp x="1217" y="899" width="28" height="85" />
        <cmp x="1270" y="940" width="27" height="34" />
      </word>
      <word id="f07-016-01-04" tag="," text=",">
        <cmp x="1322" y="982" width="12" height="38" />
      </word>
      <word id="f07-016-01-05" tag="IN" text="for">
        <cmp x="1372" y="895" width="30" height="127" />
        <cmp x="1390" y="959" width="5" height="4" />
        <cmp x="1416" y="934" width="67" height="47" />
        <cmp x="1437" y="933" width="16" height="9" />
      </word>
      <word id="f07-016-01-06" tag="NN" text="instance">
        <cmp x="1546" y="936" width="8" height="34" />
        <cmp x="1562" y="953" width="7" height="11" />
        <cmp x="1565" y="935" width="68" height="29" />
        <cmp x="1647" y="960" width="14" height="6" />
        <cmp x="1657" y="927" width="20" height="43" />
        <cmp x="1674" y="894" width="35" height="75" />
        <cmp x="1732" y="930" width="24" height="37" />
        <cmp x="1750" y="927" width="8" height="7" />
        <cmp x="1753" y="957" width="4" height="4" />
        <cmp x="1758" y="937" width="83" height="31" />
        <cmp x="1854" y="925" width="62" height="44" />
        <cmp x="1893" y="933" width="3" height="3" />
        <cmp x="1918" y="961" width="6" height="3" />
      </word>
      <word id="f07-016-01-07" tag="," text=",">
        <cmp x="1951" y="969" width="15" height="52" />
      </word>
      <word id="f07-016-01-08" tag="IN" text="with">
        <cmp x="1989" y="918" width="79" height="51" />
        <cmp x="2074" y="937" width="9" height="26" />
        <cmp x="2082" y="896" width="28" height="69" />
        <cmp x="2118" y="898" width="48" height="72" />
      </word>
      <upper-contour>
        <point x="339" y="845" />
        <point x="2135" y="845" />
      </upper-contour>
      <lower-contour>
        <point x="339" y="1026" />
        <point x="2056" y="1026" />
      </lower-contour>
    </line>
    <line ass="624" asx="0" asy="1073" character-width="999" dss="624" dsx="0" dsy="1216" fd0="14019" fd1="2948" fd2="-1116" filter-width="3" id="f07-016-02" lbs="993" lbx="0" lby="1166" segmentation="ok" slant="96000" stroke-width="5529" threshold="157" text="all their peacocks and nightingales&apos;" ubs="-113" ubx="0" uby="1113">
      <word id="f07-016-02-00" tag="ABN" text="all">
        <cmp x="317" y="1119" width="21" height="38" />
        <cmp x="330" y="1117" width="6" height="5" />
        <cmp x="338" y="1068" width="90" height="94" />
      </word>
      <word id="f07-016-02-01" tag="PP$" text="their">
        <cmp x="489" y="1078" width="31" height="84" />
        <cmp x="519" y="1080" width="48" height="69" />
        <cmp x="570" y="1120" width="53" height="43" />
        <cmp x="577" y="1107" width="19" height="31" />
        <cmp x="611" y="1091" width="9" height="9" />
        <cmp x="619" y="1101" width="3" height="3" />
        <cmp x="635" y="1124" width="37" height="29" />
      </word>
      <word id="f07-016-02-02" tag="NNS" text="peacocks">
        <cmp x="732" y="1146" width="10" height="12" />
        <cmp x="747" y="1114" width="49" height="84" />
        <cmp x="816" y="1105" width="36" height="54" />
        <cmp x="868" y="1118" width="24" height="38" />
        <cmp x="890" y="1116" width="4" height="3" />
        <cmp x="898" y="1125" width="10" height="25" />
        <cmp x="909" y="1148" width="3" height="4" />
        <cmp x="930" y="1122" width="26" height="45" />
        <cmp x="970" y="1122" width="47" height="41" />
        <cmp x="1029" y="1119" width="27" height="47" />
        <cmp x="1067" y="1077" width="39" height="76" />
        <cmp x="1078" y="1126" width="7" height="11" />
        <cmp x="1091" y="1103" width="12" height="21" />
        <cmp x="1105" y="1125" width="23" height="27" />
        <cmp x="1165" y="1103" width="22" height="48" />
      </word>
      <word id="f07-016-02-03" tag="CC" text="and">
        <cmp x="1252" y="1106" width="32" height="44" />
        <cmp x="1278" y="1120" width="78" height="34" />
        <cmp x="1381" y="1120" width="28" height="34" />
        <cmp x="1405" y="1078" width="32" height="67" />
      </word>
      <word id="f07-016-02-04" tag="NNS$" text="nightingales&apos;">
        <cmp x="1483" y="1106" width="87" height="43" />
        <cmp x="1586" y="1126" width="8" height="25" />
        <cmp x="1591" y="1163" width="20" height="33" />
        <cmp x="1593" y="1100" width="59" height="96" />
        <cmp x="1638" y="1089" width="4" height="7" />
        <cmp x="1653" y="1132" width="29" height="23" />
        <cmp x="1687" y="1082" width="58" height="79" />
        <cmp x="1734" y="1085" width="14" height="11" />
        <cmp x="1768" y="1124" width="43" height="24" />
        <cmp x="1812" y="1117" width="52" height="80" />
        <cmp x="1838" y="1113" width="15" height="6" />
        <cmp x="1868" y="1117" width="30" height="31" />
        <cmp x="1915" y="1071" width="65" height="70" />
        <cmp x="2002" y="1104" width="20" height="42" />
        <cmp x="2047" y="1066" width="8" height="26" />
      </word>
      <upper-contour>
        <point x="339" y="1026" />
        <point x="2056" y="1026" />
      </upper-contour>
      <lower-contour>
        <point x="321" y="1200" />
        <point x="2056" y="1200" />
      </lower-contour>
    </line>
    <line ass="582" asx="0" asy="1264" character-width="999" dss="582" dsx="0" dsy="1391" fd0="14034" fd1="2927" fd2="-800" filter-width="3" id="f07-016-03" lbs="727" lbx="0" lby="1348" segmentation="err" slant="97000" stroke-width="5550" threshold="156" text="tongues; unreasonable surfeit, too, in the" ubs="292" ubx="0" uby="1306">
      <word id="f07-016-03-00" tag="NNS" text="tongues">
        <cmp x="326" y="1317" width="30" height="7" />
        <cmp x="353" y="1261" width="14" height="87" />
        <cmp x="368" y="1312" width="42" height="35" />
        <cmp x="382" y="1305" width="35" height="24" />
        <cmp x="413" y="1299" width="56" height="38" />
        <cmp x="480" y="1360" width="5" height="11" />
        <cmp x="481" y="1376" width="16" height="5" />
        <cmp x="486" y="1295" width="129" height="86" />
        <cmp x="491" y="1300" width="10" height="9" />
        <cmp x="559" y="1306" width="3" height="7" />
        <cmp x="631" y="1302" width="24" height="35" />
      </word>
      <word id="f07-016-03-01" tag=";" text=";">
        <cmp x="676" y="1272" width="9" height="8" />
        <cmp x="678" y="1324" width="8" height="52" />
      </word>
      <word id="f07-016-03-02" tag="JJ" text="unreasonable">
        <cmp x="743" y="1314" width="41" height="32" />
        <cmp x="781" y="1306" width="75" height="37" />
        <cmp x="871" y="1318" width="4" height="3" />
        <cmp x="872" y="1287" width="82" height="50" />
        <cmp x="956" y="1296" width="20" height="32" />
        <cmp x="977" y="1307" width="15" height="21" />
        <cmp x="1019" y="1304" width="14" height="27" />
        <cmp x="1040" y="1297" width="41" height="33" />
        <cmp x="1089" y="1306" width="59" height="25" />
        <cmp x="1165" y="1297" width="60" height="35" />
        <cmp x="1187" y="1295" width="7" height="7" />
        <cmp x="1222" y="1266" width="37" height="56" />
        <cmp x="1272" y="1265" width="88" height="59" />
        <cmp x="1279" y="1279" width="26" height="21" />
        <cmp x="1295" y="1263" width="10" height="16" />
        <cmp x="1343" y="1290" width="3" height="6" />
      </word>
      <word id="f07-016-03-03" tag="NN" text="surfeit">
        <cmp x="1450" y="1278" width="8" height="14" />
        <cmp x="1458" y="1296" width="15" height="17" />
        <cmp x="1466" y="1314" width="15" height="21" />
        <cmp x="1482" y="1293" width="101" height="42" />
        <cmp x="1594" y="1263" width="95" height="101" />
        <cmp x="1641" y="1288" width="20" height="20" />
        <cmp x="1672" y="1270" width="10" height="11" />
        <cmp x="1704" y="1271" width="24" height="57" />
        <cmp x="1729" y="1302" width="3" height="4" />
      </word>
      <word id="f07-016-03-04" tag="," text=",">
        <cmp x="1776" y="1323" width="12" height="50" />
        <cmp x="1798" y="1309" width="4" height="6" />
      </word>
      <word id="f07-016-03-05" tag="RB" text="too">
        <cmp x="1806" y="1308" width="13" height="3" />
        <cmp x="1829" y="1262" width="90" height="78" />
      </word>
      <word id="f07-016-03-06" tag="," text=",">
        <cmp x="1937" y="1331" width="9" height="38" />
      </word>
      <word id="f07-016-03-07" tag="IN" text="in">
        <cmp x="1961" y="1289" width="11" height="43" />
        <cmp x="1987" y="1310" width="3" height="9" />
        <cmp x="1990" y="1295" width="63" height="36" />
      </word>
      <word id="f07-016-03-08" tag="ATI" text="the">
        <cmp x="2065" y="1259" width="36" height="70" />
        <cmp x="2111" y="1256" width="50" height="69" />
        <cmp x="2172" y="1286" width="36" height="34" />
      </word>
      <upper-contour>
        <point x="321" y="1200" />
        <point x="2056" y="1200" />
      </upper-contour>
      <lower-contour>
        <point x="346" y="1380" />
        <point x="2132" y="1380" />
      </lower-contour>
    </line>
    <line ass="99" asx="0" asy="1417" character-width="999" dss="99" dsx="0" dsy="1570" fd0="13689" fd1="2995" fd2="-702" filter-width="3" id="f07-016-04" lbs="163" lbx="0" lby="1516" segmentation="err" slant="95000" stroke-width="5536" threshold="154" text="elaborate fashion of eating brought" ubs="-28" ubx="0" uby="1481">
      <word id="f07-016-04-00" tag="JJ" text="elaborate">
        <cmp x="348" y="1440" width="85" height="84" />
        <cmp x="459" y="1484" width="45" height="38" />
        <cmp x="472" y="1484" width="7" height="7" />
        <cmp x="498" y="1459" width="55" height="61" />
        <cmp x="528" y="1515" width="5" height="4" />
        <cmp x="561" y="1481" width="61" height="35" />
        <cmp x="645" y="1486" width="51" height="36" />
        <cmp x="705" y="1437" width="70" height="77" />
      </word>
      <word id="f07-016-04-01" tag="NN" text="fashion">
        <cmp x="846" y="1495" width="10" height="4" />
        <cmp x="857" y="1421" width="25" height="132" />
        <cmp x="878" y="1417" width="8" height="3" />
        <cmp x="893" y="1475" width="44" height="40" />
        <cmp x="955" y="1477" width="23" height="36" />
        <cmp x="972" y="1436" width="59" height="79" />
        <cmp x="1044" y="1497" width="9" height="15" />
        <cmp x="1072" y="1481" width="29" height="33" />
        <cmp x="1116" y="1489" width="49" height="36" />
        <cmp x="1195" y="1478" width="23" height="38" />
      </word>
      <word id="f07-016-04-02" tag="INO" text="of">
        <cmp x="1291" y="1481" width="47" height="28" />
        <cmp x="1310" y="1481" width="5" height="5" />
        <cmp x="1348" y="1438" width="15" height="105" />
      </word>
      <word id="f07-016-04-03" tag="NN" text="eating">
        <cmp x="1430" y="1476" width="27" height="39" />
        <cmp x="1437" y="1465" width="28" height="25" />
        <cmp x="1470" y="1467" width="19" height="43" />
        <cmp x="1509" y="1480" width="5" height="7" />
        <cmp x="1510" y="1491" width="23" height="22" />
        <cmp x="1522" y="1426" width="21" height="83" />
        <cmp x="1543" y="1471" width="36" height="36" />
        <cmp x="1603" y="1475" width="55" height="37" />
        <cmp x="1655" y="1468" width="75" height="101" />
      </word>
      <word id="f07-016-04-04" tag="VBN" text="brought">
        <cmp x="1791" y="1442" width="10" height="67" />
        <cmp x="1801" y="1475" width="35" height="38" />
        <cmp x="1847" y="1475" width="27" height="32" />
        <cmp x="1879" y="1463" width="34" height="42" />
        <cmp x="1924" y="1472" width="46" height="34" />
        <cmp x="1950" y="1476" width="62" height="69" />
        <cmp x="2012" y="1456" width="45" height="57" />
        <cmp x="2019" y="1450" width="5" height="6" />
        <cmp x="2051" y="1428" width="70" height="83" />
        <cmp x="2123" y="1466" width="4" height="3" />
      </word>
      <upper-contour>
        <point x="346" y="1380" />
        <point x="2132" y="1380" />
      </upper-contour>
      <lower-contour>
        <point x="346" y="1571" />
        <point x="2132" y="1571" />
      </lower-contour>
    </line>
    <line ass="573" asx="0" asy="1609" character-width="999" dss="573" dsx="0" dsy="1751" fd0="13609" fd1="3345" fd2="102" filter-width="3" id="f07-016-05" lbs="631" lbx="0" lby="1700" segmentation="ok" slant="97000" stroke-width="5506" threshold="151" text="out of Italy into France, we are told," ubs="458" ubx="0" uby="1665">
      <word id="f07-016-05-00" tag="RP" text="out">
        <cmp x="338" y="1650" width="27" height="23" />
        <cmp x="338" y="1659" width="36" height="41" />
        <cmp x="359" y="1660" width="3" height="3" />
        <cmp x="382" y="1658" width="64" height="41" />
        <cmp x="433" y="1616" width="38" height="80" />
        <cmp x="469" y="1653" width="3" height="3" />
      </word>
      <word id="f07-016-05-01" tag="INO" text="of">
        <cmp x="552" y="1651" width="40" height="49" />
        <cmp x="596" y="1689" width="4" height="6" />
        <cmp x="601" y="1684" width="19" height="7" />
        <cmp x="619" y="1616" width="15" height="114" />
      </word>
      <word id="f07-016-05-02" tag="NP" text="Italy">
        <cmp x="722" y="1610" width="17" height="76" />
        <cmp x="742" y="1657" width="22" height="7" />
        <cmp x="763" y="1618" width="15" height="73" />
        <cmp x="793" y="1614" width="85" height="77" />
        <cmp x="882" y="1658" width="52" height="42" />
        <cmp x="905" y="1722" width="11" height="19" />
        <cmp x="932" y="1657" width="12" height="12" />
      </word>
      <word id="f07-016-05-03" tag="IN" text="into">
        <cmp x="1001" y="1661" width="11" height="25" />
        <cmp x="1033" y="1658" width="65" height="29" />
        <cmp x="1098" y="1600" width="42" height="77" />
        <cmp x="1146" y="1647" width="38" height="40" />
      </word>
      <word id="f07-016-05-04" tag="NP" text="France">
        <cmp x="1210" y="1606" width="17" height="25" />
        <cmp x="1222" y="1619" width="114" height="71" />
        <cmp x="1233" y="1605" width="6" height="4" />
        <cmp x="1244" y="1608" width="4" height="4" />
        <cmp x="1253" y="1613" width="3" height="4" />
        <cmp x="1298" y="1617" width="5" height="4" />
        <cmp x="1345" y="1651" width="99" height="32" />
        <cmp x="1365" y="1652" width="4" height="4" />
        <cmp x="1455" y="1656" width="30" height="36" />
        <cmp x="1509" y="1649" width="46" height="36" />
        <cmp x="1534" y="1644" width="4" height="3" />
        <cmp x="1541" y="1642" width="13" height="11" />
      </word>
      <word id="f07-016-05-05" tag="," text=",">
        <cmp x="1606" y="1685" width="19" height="35" />
      </word>
      <word id="f07-016-05-06" tag="PP1AS" text="we">
        <cmp x="1653" y="1660" width="77" height="32" />
        <cmp x="1708" y="1644" width="57" height="41" />
        <cmp x="1748" y="1643" width="13" height="8" />
      </word>
      <word id="f07-016-05-07" tag="BER" text="are">
        <cmp x="1816" y="1642" width="26" height="35" />
        <cmp x="1831" y="1642" width="5" height="9" />
        <cmp x="1841" y="1643" width="83" height="42" />
        <cmp x="1925" y="1676" width="3" height="3" />
      </word>
      <word id="f07-016-05-08" tag="VBN" text="told">
        <cmp x="1984" y="1601" width="28" height="78" />
        <cmp x="2022" y="1617" width="84" height="59" />
        <cmp x="2086" y="1607" width="18" height="10" />
        <cmp x="2097" y="1606" width="41" height="74" />
      </word>
      <word id="f07-016-05-09" tag="," text=",">
        <cmp x="2158" y="1686" width="10" height="41" />
      </word>
      <upper-contour>
        <point x="346" y="1571" />
        <point x="2132" y="1571" />
      </upper-contour>
      <lower-contour>
        <point x="351" y="1741" />
        <point x="2169" y="1741" />
      </lower-contour>
    </line>
    <line ass="286" asx="0" asy="1787" character-width="999" dss="286" dsx="0" dsy="1916" fd0="13922" fd1="2928" fd2="-814" filter-width="3" id="f07-016-06" lbs="258" lbx="0" lby="1872" segmentation="ok" slant="92999" stroke-width="5450" threshold="155" text="by Catherine de Medici. The peasant in" ubs="341" ubx="0" uby="1847">
      <word id="f07-016-06-00" tag="IN" text="by">
        <cmp x="353" y="1791" width="4" height="9" />
        <cmp x="353" y="1801" width="3" height="27" />
        <cmp x="353" y="1829" width="48" height="36" />
        <cmp x="366" y="1863" width="17" height="4" />
        <cmp x="404" y="1831" width="58" height="45" />
        <cmp x="448" y="1877" width="8" height="25" />
      </word>
      <word id="f07-016-06-01" tag="NP" text="Catherine">
        <cmp x="536" y="1796" width="30" height="83" />
        <cmp x="564" y="1876" width="4" height="3" />
        <cmp x="584" y="1833" width="51" height="42" />
        <cmp x="623" y="1798" width="54" height="72" />
        <cmp x="680" y="1833" width="31" height="32" />
        <cmp x="723" y="1822" width="41" height="61" />
        <cmp x="751" y="1858" width="33" height="19" />
        <cmp x="800" y="1859" width="8" height="25" />
        <cmp x="807" y="1805" width="4" height="5" />
        <cmp x="820" y="1842" width="72" height="30" />
        <cmp x="826" y="1861" width="3" height="5" />
        <cmp x="908" y="1827" width="36" height="45" />
      </word>
      <word id="f07-016-06-02" tag="&amp;FW" text="de">
        <cmp x="1043" y="1843" width="21" height="31" />
        <cmp x="1061" y="1801" width="67" height="68" />
        <cmp x="1094" y="1826" width="10" height="11" />
      </word>
      <word id="f07-016-06-03" tag="NP" text="Medici">
        <cmp x="1166" y="1793" width="29" height="83" />
        <cmp x="1175" y="1878" width="14" height="6" />
        <cmp x="1183" y="1791" width="8" height="4" />
        <cmp x="1198" y="1790" width="31" height="84" />
        <cmp x="1241" y="1832" width="23" height="36" />
        <cmp x="1254" y="1829" width="6" height="3" />
        <cmp x="1275" y="1840" width="14" height="24" />
        <cmp x="1294" y="1797" width="30" height="74" />
        <cmp x="1336" y="1850" width="8" height="26" />
        <cmp x="1340" y="1810" width="12" height="9" />
        <cmp x="1368" y="1835" width="22" height="37" />
        <cmp x="1410" y="1811" width="4" height="6" />
        <cmp x="1415" y="1847" width="12" height="29" />
      </word>
      <word id="f07-016-06-04" tag="." text=".">
        <cmp x="1457" y="1871" width="5" height="6" />
      </word>
      <word id="f07-016-06-05" sentence-start="yes" tag="ATI" text="The">
        <cmp x="1474" y="1780" width="84" height="89" />
        <cmp x="1503" y="1780" width="14" height="7" />
        <cmp x="1564" y="1795" width="49" height="77" />
        <cmp x="1630" y="1815" width="38" height="46" />
      </word>
      <word id="f07-016-06-06" tag="NN" text="peasant">
        <cmp x="1692" y="1821" width="101" height="87" />
        <cmp x="1761" y="1858" width="13" height="8" />
        <cmp x="1798" y="1814" width="42" height="59" />
        <cmp x="1846" y="1823" width="89" height="51" />
        <cmp x="1862" y="1829" width="6" height="6" />
        <cmp x="1926" y="1825" width="5" height="8" />
        <cmp x="1934" y="1836" width="94" height="36" />
        <cmp x="2039" y="1801" width="59" height="68" />
      </word>
      <word id="f07-016-06-07" tag="IN" text="in">
        <cmp x="2132" y="1808" width="6" height="11" />
        <cmp x="2136" y="1843" width="7" height="30" />
        <cmp x="2159" y="1840" width="36" height="41" />
      </word>
      <upper-contour>
        <point x="351" y="1741" />
        <point x="2169" y="1741" />
      </upper-contour>
      <lower-contour>
        <point x="351" y="1911" />
        <point x="2175" y="1911" />
      </lower-contour>
    </line>
    <line ass="429" asx="0" asy="1969" character-width="999" dss="429" dsx="0" dsy="2115" fd0="13836" fd1="2904" fd2="-235" filter-width="3" id="f07-016-07" lbs="345" lbx="0" lby="2061" segmentation="ok" slant="101000" stroke-width="5577" threshold="156" text="those days, as ever, ate sparingly, but" ubs="598" ubx="0" uby="2035">
      <word id="f07-016-07-00" tag="DTS" text="those">
        <cmp x="314" y="1985" width="42" height="88" />
        <cmp x="355" y="2009" width="57" height="59" />
        <cmp x="429" y="2024" width="36" height="42" />
        <cmp x="472" y="2013" width="66" height="52" />
        <cmp x="478" y="2021" width="7" height="10" />
      </word>
      <word id="f07-016-07-01" tag="NNS" text="days">
        <cmp x="599" y="1976" width="45" height="81" />
        <cmp x="651" y="2017" width="18" height="33" />
        <cmp x="668" y="2026" width="29" height="28" />
        <cmp x="705" y="2027" width="31" height="20" />
        <cmp x="734" y="2031" width="4" height="6" />
        <cmp x="737" y="2060" width="13" height="23" />
        <cmp x="768" y="2019" width="32" height="40" />
      </word>
      <word id="f07-016-07-02" tag="," text=",">
        <cmp x="835" y="2052" width="8" height="38" />
      </word>
      <word id="f07-016-07-03" tag="CS" text="as">
        <cmp x="889" y="2009" width="49" height="49" />
        <cmp x="956" y="2012" width="28" height="45" />
      </word>
      <word id="f07-016-07-04" tag="RB" text="ever">
        <cmp x="1028" y="2012" width="25" height="42" />
        <cmp x="1037" y="1999" width="20" height="30" />
        <cmp x="1062" y="2014" width="40" height="35" />
        <cmp x="1111" y="1995" width="63" height="65" />
      </word>
      <word id="f07-016-07-05" tag="," text=",">
        <cmp x="1212" y="2061" width="8" height="21" />
      </word>
      <word id="f07-016-07-06" tag="VBD" text="ate">
        <cmp x="1274" y="1968" width="118" height="86" />
        <cmp x="1283" y="2012" width="20" height="11" />
        <cmp x="1335" y="1959" width="4" height="8" />
        <cmp x="1374" y="1993" width="16" height="10" />
      </word>
      <word id="f07-016-07-07" tag="RB" text="sparingly">
        <cmp x="1468" y="1998" width="68" height="107" />
        <cmp x="1525" y="2006" width="42" height="44" />
        <cmp x="1569" y="2009" width="67" height="53" />
        <cmp x="1632" y="2019" width="35" height="32" />
        <cmp x="1686" y="1984" width="6" height="5" />
        <cmp x="1690" y="2047" width="6" height="10" />
        <cmp x="1701" y="1963" width="161" height="138" />
        <cmp x="1869" y="2004" width="48" height="40" />
        <cmp x="1889" y="2066" width="10" height="26" />
      </word>
      <word id="f07-016-07-08" tag="," text=",">
        <cmp x="1953" y="2053" width="13" height="30" />
      </word>
      <word id="f07-016-07-09" tag="CC" text="but">
        <cmp x="1995" y="1976" width="56" height="71" />
        <cmp x="2020" y="2038" width="13" height="11" />
        <cmp x="2057" y="2010" width="56" height="40" />
        <cmp x="2127" y="1964" width="41" height="77" />
      </word>
      <upper-contour>
        <point x="351" y="1911" />
        <point x="2175" y="1911" />
      </upper-contour>
      <lower-contour>
        <point x="349" y="2106" />
        <point x="2175" y="2106" />
      </lower-contour>
    </line>
    <line ass="687" asx="0" asy="2152" character-width="999" dss="687" dsx="0" dsy="2303" fd0="14462" fd1="3067" fd2="-462" filter-width="3" id="f07-016-08" lbs="761" lbx="0" lby="2243" segmentation="err" slant="108000" stroke-width="5471" threshold="155" text="generously enough in his own fashion," ubs="541" ubx="0" uby="2211">
      <word id="f07-016-08-00" tag="RB" text="generously">
        <cmp x="351" y="2180" width="78" height="113" />
        <cmp x="381" y="2290" width="5" height="3" />
        <cmp x="388" y="2285" width="3" height="3" />
        <cmp x="425" y="2204" width="66" height="28" />
        <cmp x="498" y="2185" width="48" height="66" />
        <cmp x="533" y="2215" width="40" height="26" />
        <cmp x="585" y="2207" width="28" height="36" />
        <cmp x="594" y="2193" width="4" height="5" />
        <cmp x="607" y="2204" width="16" height="31" />
        <cmp x="629" y="2207" width="50" height="31" />
        <cmp x="709" y="2212" width="23" height="21" />
        <cmp x="740" y="2151" width="37" height="80" />
        <cmp x="786" y="2202" width="38" height="24" />
        <cmp x="818" y="2242" width="9" height="40" />
        <cmp x="828" y="2202" width="5" height="7" />
      </word>
      <word id="f07-016-08-01" tag="QLP" text="enough">
        <cmp x="917" y="2171" width="40" height="72" />
        <cmp x="932" y="2172" width="8" height="11" />
        <cmp x="952" y="2220" width="6" height="12" />
        <cmp x="961" y="2203" width="4" height="12" />
        <cmp x="967" y="2194" width="53" height="31" />
        <cmp x="1036" y="2192" width="33" height="35" />
        <cmp x="1055" y="2194" width="6" height="6" />
        <cmp x="1071" y="2202" width="60" height="32" />
        <cmp x="1117" y="2248" width="32" height="16" />
        <cmp x="1125" y="2231" width="14" height="10" />
        <cmp x="1150" y="2260" width="9" height="4" />
        <cmp x="1155" y="2204" width="20" height="61" />
        <cmp x="1159" y="2199" width="4" height="4" />
        <cmp x="1162" y="2261" width="4" height="3" />
        <cmp x="1183" y="2162" width="52" height="60" />
      </word>
      <word id="f07-016-08-02" tag="IN" text="in">
        <cmp x="1307" y="2184" width="15" height="41" />
        <cmp x="1312" y="2164" width="3" height="3" />
        <cmp x="1315" y="2168" width="4" height="3" />
        <cmp x="1340" y="2195" width="50" height="24" />
      </word>
      <word id="f07-016-08-03" tag="PP$" text="his">
        <cmp x="1423" y="2151" width="47" height="70" />
        <cmp x="1485" y="2203" width="12" height="23" />
        <cmp x="1486" y="2159" width="5" height="5" />
        <cmp x="1527" y="2188" width="16" height="34" />
      </word>
      <word id="f07-016-08-04" tag="AP" text="own">
        <cmp x="1603" y="2200" width="20" height="27" />
        <cmp x="1616" y="2192" width="10" height="23" />
        <cmp x="1636" y="2190" width="76" height="41" />
        <cmp x="1671" y="2199" width="3" height="3" />
        <cmp x="1731" y="2201" width="52" height="32" />
      </word>
      <word id="f07-016-08-05" tag="NN" text="fashion">
        <cmp x="1830" y="2150" width="22" height="131" />
        <cmp x="1845" y="2132" width="6" height="13" />
        <cmp x="1883" y="2194" width="43" height="23" />
        <cmp x="1943" y="2179" width="21" height="48" />
        <cmp x="1960" y="2154" width="31" height="67" />
        <cmp x="1991" y="2192" width="34" height="31" />
        <cmp x="2038" y="2194" width="7" height="24" />
        <cmp x="2067" y="2199" width="27" height="26" />
        <cmp x="2081" y="2187" width="13" height="19" />
      </word>
      <word id="f07-016-08-06" tag="," text=",">
        <cmp x="2115" y="2204" width="64" height="32" />
        <cmp x="2117" y="2199" width="3" height="4" />
        <cmp x="2175" y="2235" width="10" height="43" />
      </word>
      <upper-contour>
        <point x="349" y="2106" />
        <point x="2175" y="2106" />
      </upper-contour>
      <lower-contour>
        <point x="359" y="2292" />
        <point x="2123" y="2292" />
      </lower-contour>
    </line>
    <line ass="-26" asx="0" asy="2316" character-width="999" dss="-26" dsx="0" dsy="2459" fd0="13810" fd1="3053" fd2="-153" filter-width="3" id="f07-016-09" lbs="-103" lbx="0" lby="2403" segmentation="err" slant="98000" stroke-width="5468" threshold="155" text="save at feast times, when he, too, let" ubs="126" ubx="0" uby="2377">
      <word id="f07-016-09-00" tag="CS" text="save">
        <cmp x="361" y="2363" width="34" height="45" />
        <cmp x="366" y="2407" width="44" height="18" />
        <cmp x="409" y="2370" width="28" height="39" />
        <cmp x="432" y="2377" width="27" height="35" />
        <cmp x="466" y="2371" width="37" height="45" />
        <cmp x="498" y="2375" width="4" height="16" />
        <cmp x="515" y="2368" width="43" height="52" />
      </word>
      <word id="f07-016-09-01" tag="IN" text="at">
        <cmp x="631" y="2369" width="54" height="47" />
        <cmp x="658" y="2371" width="3" height="3" />
        <cmp x="677" y="2333" width="36" height="81" />
      </word>
      <word id="f07-016-09-02" tag="NN" text="feast">
        <cmp x="780" y="2401" width="3" height="3" />
        <cmp x="785" y="2324" width="65" height="136" />
        <cmp x="805" y="2318" width="6" height="3" />
        <cmp x="860" y="2367" width="39" height="38" />
        <cmp x="881" y="2368" width="9" height="11" />
        <cmp x="919" y="2376" width="29" height="37" />
        <cmp x="943" y="2333" width="31" height="67" />
        <cmp x="972" y="2372" width="5" height="3" />
        <cmp x="984" y="2370" width="3" height="3" />
      </word>
      <word id="f07-016-09-03" tag="NNS" text="times">
        <cmp x="1041" y="2372" width="3" height="4" />
        <cmp x="1045" y="2318" width="67" height="97" />
        <cmp x="1100" y="2336" width="6" height="6" />
        <cmp x="1127" y="2380" width="85" height="25" />
        <cmp x="1222" y="2365" width="36" height="43" />
        <cmp x="1253" y="2370" width="47" height="39" />
      </word>
      <word id="f07-016-09-04" tag="," text=",">
        <cmp x="1313" y="2415" width="6" height="37" />
      </word>
      <word id="f07-016-09-05" tag="WRB" text="when">
        <cmp x="1413" y="2348" width="117" height="62" />
        <cmp x="1546" y="2357" width="24" height="47" />
        <cmp x="1574" y="2378" width="50" height="27" />
      </word>
      <word id="f07-016-09-06" tag="PP3A" text="he">
        <cmp x="1662" y="2335" width="49" height="69" />
        <cmp x="1729" y="2358" width="30" height="42" />
      </word>
      <word id="f07-016-09-07" tag="," text=",">
        <cmp x="1794" y="2404" width="9" height="42" />
      </word>
      <word id="f07-016-09-08" tag="RB" text="too">
        <cmp x="1821" y="2379" width="16" height="6" />
        <cmp x="1836" y="2326" width="14" height="86" />
        <cmp x="1862" y="2373" width="38" height="35" />
        <cmp x="1881" y="2370" width="3" height="3" />
      </word>
      <word id="f07-016-09-09" tag="," text=",">
        <cmp x="1911" y="2379" width="43" height="32" />
        <cmp x="1963" y="2433" width="6" height="16" />
      </word>
      <word id="f07-016-09-10" tag="VBD" text="let">
        <cmp x="2002" y="2321" width="76" height="82" />
        <cmp x="2075" y="2397" width="4" height="4" />
        <cmp x="2079" y="2325" width="41" height="67" />
      </word>
      <upper-contour>
        <point x="359" y="2292" />
        <point x="2123" y="2292" />
      </upper-contour>
      <lower-contour>
        <point x="359" y="2459" />
        <point x="2123" y="2459" />
      </lower-contour>
    </line>
    <line ass="894" asx="0" asy="2519" character-width="999" dss="894" dsx="0" dsy="2656" fd0="13894" fd1="2943" fd2="-256" filter-width="3" id="f07-016-10" lbs="813" lbx="0" lby="2606" segmentation="ok" slant="90000" stroke-width="5477" threshold="157" text="himself go; and it was from his simpler" ubs="1055" ubx="0" uby="2578">
      <word id="f07-016-10-00" tag="PPL" text="himself">
        <cmp x="329" y="2520" width="63" height="84" />
        <cmp x="378" y="2518" width="4" height="4" />
        <cmp x="409" y="2557" width="85" height="31" />
        <cmp x="517" y="2544" width="24" height="53" />
        <cmp x="551" y="2512" width="94" height="87" />
        <cmp x="647" y="2512" width="46" height="123" />
        <cmp x="695" y="2583" width="4" height="3" />
      </word>
      <word id="f07-016-10-01" tag="VB" text="go">
        <cmp x="727" y="2553" width="58" height="86" />
        <cmp x="762" y="2552" width="4" height="3" />
        <cmp x="768" y="2562" width="3" height="5" />
        <cmp x="782" y="2552" width="47" height="42" />
      </word>
      <word id="f07-016-10-02" tag=";" text=";">
        <cmp x="857" y="2541" width="6" height="10" />
        <cmp x="858" y="2596" width="7" height="39" />
        <cmp x="862" y="2542" width="8" height="5" />
      </word>
      <word id="f07-016-10-03" tag="CC" text="and">
        <cmp x="926" y="2542" width="30" height="45" />
        <cmp x="950" y="2551" width="3" height="4" />
        <cmp x="961" y="2554" width="72" height="35" />
        <cmp x="1053" y="2511" width="41" height="78" />
      </word>
      <word id="f07-016-10-04" tag="PP3" text="it">
        <cmp x="1142" y="2521" width="6" height="8" />
        <cmp x="1149" y="2528" width="6" height="5" />
        <cmp x="1159" y="2569" width="11" height="27" />
        <cmp x="1166" y="2565" width="15" height="5" />
        <cmp x="1182" y="2565" width="14" height="5" />
        <cmp x="1193" y="2517" width="16" height="66" />
      </word>
      <word id="f07-016-10-05" tag="BEDZ" text="was">
        <cmp x="1265" y="2537" width="70" height="57" />
        <cmp x="1353" y="2554" width="16" height="24" />
        <cmp x="1370" y="2568" width="3" height="4" />
        <cmp x="1375" y="2562" width="17" height="27" />
        <cmp x="1411" y="2558" width="34" height="36" />
      </word>
      <word id="f07-016-10-06" tag="IN" text="from">
        <cmp x="1508" y="2502" width="50" height="127" />
        <cmp x="1567" y="2543" width="31" height="39" />
        <cmp x="1569" y="2553" width="4" height="6" />
        <cmp x="1598" y="2552" width="3" height="3" />
        <cmp x="1600" y="2555" width="73" height="30" />
      </word>
      <word id="f07-016-10-07" tag="PP$" text="his">
        <cmp x="1733" y="2512" width="7" height="35" />
        <cmp x="1737" y="2548" width="43" height="42" />
        <cmp x="1790" y="2571" width="10" height="28" />
        <cmp x="1797" y="2520" width="7" height="8" />
        <cmp x="1822" y="2545" width="30" height="35" />
      </word>
      <word id="f07-016-10-08" tag="JJR" text="simpler">
        <cmp x="1897" y="2538" width="22" height="49" />
        <cmp x="1930" y="2511" width="5" height="6" />
        <cmp x="1945" y="2563" width="7" height="33" />
        <cmp x="1950" y="2544" width="88" height="46" />
        <cmp x="2047" y="2549" width="41" height="76" />
        <cmp x="2102" y="2500" width="97" height="86" />
        <cmp x="2119" y="2501" width="12" height="10" />
      </word>
      <upper-contour>
        <point x="359" y="2459" />
        <point x="2123" y="2459" />
      </upper-contour>
    </line>
  </handwritten-part>
</form>

