<?xml version="1.0" encoding="ISO-8859-1"?>

<!DOCTYPE form SYSTEM 'http://www.iam.unibe.ch/~fki/iamdb/form-metadata.dtd'>

<form created="2002-04-10" height="3542" id="f07-088a" last-modified="2002-07-17" skew="222" status="final" version="3.0_beta" width="2479" writer-id="292">
  <machine-printed-part>
    <machine-print-line text="A fascinating study also opens up in the dietary welcomed by men of genius as well as" />
    <machine-print-line text="the foods for which they have had an aversion. Shelley, for example, had a great con-" />
    <machine-print-line text="tempt for animal food, believing that it impaired the intellectual faculties. Bunyan&apos;s" />
    <machine-print-line text="breakfast and supper consisted of a piece of coarse bread and a bowl of milk." />
  </machine-printed-part>
  <handwritten-part>
    <line ass="760" asx="0" asy="657" character-width="999" dss="760" dsx="0" dsy="760" fd0="13059" fd1="2902" fd2="-1138" filter-width="4" id="f07-088a-00" lbs="679" lbx="0" lby="725" segmentation="ok" slant="107000" stroke-width="5829" threshold="174" text="A fascinating study also opens up in" ubs="922" ubx="0" uby="704">
      <word id="f07-088a-00-00" sentence-start="yes" tag="AT" text="A">
        <cmp x="337" y="657" width="53" height="67" />
      </word>
      <word id="f07-088a-00-01" tag="JJ" text="fascinating">
        <cmp x="462" y="651" width="40" height="95" />
        <cmp x="515" y="683" width="54" height="32" />
        <cmp x="576" y="683" width="112" height="37" />
        <cmp x="691" y="665" width="7" height="7" />
        <cmp x="694" y="685" width="12" height="33" />
        <cmp x="719" y="680" width="52" height="38" />
        <cmp x="774" y="685" width="56" height="37" />
        <cmp x="831" y="656" width="61" height="65" />
        <cmp x="874" y="658" width="12" height="9" />
        <cmp x="898" y="682" width="44" height="37" />
        <cmp x="943" y="685" width="57" height="62" />
      </word>
      <word id="f07-088a-00-02" tag="NN" text="study">
        <cmp x="1060" y="683" width="60" height="38" />
        <cmp x="1115" y="661" width="30" height="56" />
        <cmp x="1155" y="682" width="55" height="34" />
        <cmp x="1209" y="660" width="54" height="55" />
        <cmp x="1253" y="684" width="86" height="60" />
        <cmp x="1274" y="683" width="36" height="28" />
      </word>
      <word id="f07-088a-00-03" tag="RB" text="also">
        <cmp x="1406" y="684" width="61" height="33" />
        <cmp x="1466" y="662" width="22" height="49" />
        <cmp x="1494" y="678" width="46" height="31" />
        <cmp x="1542" y="681" width="51" height="35" />
      </word>
      <word id="f07-088a-00-04" tag="VBZ" text="opens">
        <cmp x="1648" y="675" width="49" height="33" />
        <cmp x="1693" y="670" width="57" height="53" />
        <cmp x="1760" y="665" width="165" height="40" />
      </word>
      <word id="f07-088a-00-05" tag="RP" text="up">
        <cmp x="1978" y="673" width="32" height="24" />
        <cmp x="2010" y="668" width="16" height="30" />
        <cmp x="2036" y="664" width="60" height="53" />
      </word>
      <word id="f07-088a-00-06" tag="IN" text="in">
        <cmp x="2142" y="649" width="8" height="7" />
        <cmp x="2152" y="669" width="11" height="29" />
        <cmp x="2172" y="666" width="55" height="44" />
      </word>
      <lower-contour>
        <point x="335" y="747" />
        <point x="2228" y="747" />
      </lower-contour>
    </line>
    <line ass="38" asx="0" asy="822" character-width="999" dss="38" dsx="0" dsy="902" fd0="12669" fd1="2903" fd2="-1036" filter-width="4" id="f07-088a-01" lbs="-8" lbx="0" lby="875" segmentation="ok" slant="108000" stroke-width="5920" threshold="171" text="the dietary welcomed by men of genius" ubs="132" ubx="0" uby="855">
      <word id="f07-088a-01-00" tag="ATI" text="the">
        <cmp x="326" y="833" width="36" height="57" />
        <cmp x="368" y="829" width="52" height="51" />
        <cmp x="423" y="851" width="73" height="33" />
      </word>
      <word id="f07-088a-01-01" tag="NN" text="dietary">
        <cmp x="555" y="851" width="50" height="29" />
        <cmp x="602" y="827" width="24" height="52" />
        <cmp x="627" y="826" width="8" height="7" />
        <cmp x="627" y="845" width="19" height="37" />
        <cmp x="650" y="847" width="71" height="31" />
        <cmp x="720" y="825" width="26" height="51" />
        <cmp x="750" y="844" width="54" height="31" />
        <cmp x="807" y="837" width="25" height="34" />
        <cmp x="830" y="837" width="73" height="66" />
      </word>
      <word id="f07-088a-01-02" tag="VBN" text="welcomed">
        <cmp x="968" y="844" width="75" height="39" />
        <cmp x="1046" y="849" width="74" height="28" />
        <cmp x="1114" y="833" width="22" height="43" />
        <cmp x="1137" y="848" width="54" height="25" />
        <cmp x="1197" y="848" width="43" height="28" />
        <cmp x="1246" y="845" width="77" height="35" />
        <cmp x="1328" y="846" width="109" height="30" />
        <cmp x="1433" y="832" width="18" height="48" />
      </word>
      <word id="f07-088a-01-03" tag="IN" text="by">
        <cmp x="1530" y="826" width="5" height="5" />
        <cmp x="1532" y="832" width="57" height="42" />
        <cmp x="1577" y="840" width="63" height="49" />
      </word>
      <word id="f07-088a-01-04" tag="NNS" text="men">
        <cmp x="1684" y="838" width="79" height="35" />
        <cmp x="1769" y="838" width="117" height="36" />
      </word>
      <word id="f07-088a-01-05" tag="INO" text="of">
        <cmp x="1942" y="821" width="93" height="68" />
      </word>
      <word id="f07-088a-01-06" tag="NN" text="genius">
        <cmp x="2085" y="840" width="55" height="58" />
        <cmp x="2135" y="841" width="73" height="30" />
        <cmp x="2209" y="840" width="44" height="39" />
        <cmp x="2261" y="828" width="9" height="8" />
        <cmp x="2270" y="849" width="11" height="25" />
        <cmp x="2292" y="845" width="45" height="39" />
        <cmp x="2341" y="852" width="51" height="32" />
      </word>
      <upper-contour>
        <point x="335" y="747" />
        <point x="2228" y="747" />
      </upper-contour>
      <lower-contour>
        <point x="324" y="902" />
        <point x="2393" y="902" />
      </lower-contour>
    </line>
    <line ass="350" asx="0" asy="1025" character-width="999" dss="350" dsx="0" dsy="1121" fd0="12811" fd1="3273" fd2="-655" filter-width="4" id="f07-088a-02" lbs="397" lbx="0" lby="1081" segmentation="ok" slant="112000" stroke-width="5969" threshold="170" text="as well as the foods for which they have" ubs="257" ubx="0" uby="1055">
      <word id="f07-088a-02-00" tag="CC31" text="as">
        <cmp x="324" y="1053" width="50" height="30" />
        <cmp x="380" y="1051" width="49" height="31" />
      </word>
      <word id="f07-088a-02-01" tag="CC32" text="well">
        <cmp x="506" y="1047" width="153" height="33" />
        <cmp x="646" y="1024" width="23" height="53" />
        <cmp x="669" y="1021" width="21" height="51" />
      </word>
      <word id="f07-088a-02-02" tag="CC33" text="as">
        <cmp x="724" y="1047" width="101" height="29" />
      </word>
      <word id="f07-088a-02-03" tag="ATI" text="the">
        <cmp x="877" y="1020" width="32" height="65" />
        <cmp x="916" y="1026" width="53" height="52" />
        <cmp x="979" y="1050" width="70" height="30" />
      </word>
      <word id="f07-088a-02-04" tag="NNS" text="foods">
        <cmp x="1110" y="1031" width="38" height="79" />
        <cmp x="1167" y="1047" width="49" height="32" />
        <cmp x="1217" y="1044" width="52" height="35" />
        <cmp x="1275" y="1048" width="48" height="32" />
        <cmp x="1316" y="1028" width="77" height="53" />
      </word>
      <word id="f07-088a-02-05" tag="IN" text="for">
        <cmp x="1434" y="1025" width="46" height="88" />
        <cmp x="1494" y="1047" width="40" height="32" />
        <cmp x="1539" y="1042" width="35" height="33" />
      </word>
      <word id="f07-088a-02-06" tag="WDT" text="which">
        <cmp x="1622" y="1044" width="79" height="31" />
        <cmp x="1704" y="1022" width="49" height="55" />
        <cmp x="1756" y="1022" width="5" height="6" />
        <cmp x="1758" y="1020" width="140" height="56" />
      </word>
      <word id="f07-088a-02-07" tag="PP3AS" text="they">
        <cmp x="1936" y="1015" width="39" height="56" />
        <cmp x="1978" y="1017" width="43" height="58" />
        <cmp x="2028" y="1040" width="127" height="59" />
      </word>
      <word id="f07-088a-02-08" tag="HV" text="have">
        <cmp x="2184" y="1015" width="94" height="52" />
        <cmp x="2280" y="1031" width="47" height="40" />
        <cmp x="2328" y="1035" width="73" height="34" />
      </word>
      <upper-contour>
        <point x="324" y="902" />
        <point x="2393" y="902" />
      </upper-contour>
      <lower-contour>
        <point x="329" y="1113" />
        <point x="2361" y="1113" />
      </lower-contour>
    </line>
    <line ass="-248" asx="0" asy="1195" character-width="999" dss="-248" dsx="0" dsy="1284" fd0="12199" fd1="2947" fd2="-985" filter-width="3" id="f07-088a-03" lbs="-217" lbx="0" lby="1254" segmentation="ok" slant="108999" stroke-width="5669" threshold="172" text="had an aversion. Shelley, for example," ubs="-312" ubx="0" uby="1228">
      <word id="f07-088a-03-00" tag="HVN" text="had">
        <cmp x="331" y="1207" width="63" height="52" />
        <cmp x="404" y="1231" width="53" height="29" />
        <cmp x="458" y="1231" width="42" height="28" />
        <cmp x="496" y="1211" width="21" height="47" />
      </word>
      <word id="f07-088a-03-01" tag="AT" text="an">
        <cmp x="601" y="1231" width="66" height="30" />
        <cmp x="669" y="1227" width="57" height="29" />
      </word>
      <word id="f07-088a-03-02" tag="NN" text="aversion">
        <cmp x="803" y="1227" width="64" height="37" />
        <cmp x="873" y="1226" width="49" height="36" />
        <cmp x="932" y="1232" width="78" height="31" />
        <cmp x="1004" y="1231" width="15" height="28" />
        <cmp x="1020" y="1228" width="52" height="30" />
        <cmp x="1073" y="1210" width="9" height="7" />
        <cmp x="1073" y="1226" width="14" height="32" />
        <cmp x="1097" y="1228" width="49" height="32" />
        <cmp x="1145" y="1226" width="56" height="35" />
      </word>
      <word id="f07-088a-03-03" tag="." text=".">
        <cmp x="1219" y="1254" width="15" height="10" />
      </word>
      <word id="f07-088a-03-04" sentence-start="yes" tag="NP" text="Shelley">
        <cmp x="1302" y="1218" width="67" height="45" />
        <cmp x="1365" y="1212" width="129" height="50" />
        <cmp x="1436" y="1241" width="13" height="6" />
        <cmp x="1491" y="1203" width="6" height="4" />
        <cmp x="1493" y="1208" width="22" height="55" />
        <cmp x="1514" y="1206" width="20" height="50" />
        <cmp x="1535" y="1223" width="64" height="32" />
        <cmp x="1573" y="1232" width="12" height="3" />
        <cmp x="1576" y="1233" width="73" height="48" />
        <cmp x="1599" y="1232" width="25" height="23" />
        <cmp x="1600" y="1226" width="7" height="4" />
      </word>
      <word id="f07-088a-03-05" tag="," text=",">
        <cmp x="1692" y="1243" width="7" height="30" />
      </word>
      <word id="f07-088a-03-06" tag="IN" text="for">
        <cmp x="1750" y="1206" width="43" height="76" />
        <cmp x="1800" y="1230" width="53" height="29" />
        <cmp x="1855" y="1227" width="41" height="38" />
      </word>
      <word id="f07-088a-03-07" tag="NN" text="example">
        <cmp x="1946" y="1231" width="76" height="28" />
        <cmp x="2029" y="1230" width="38" height="32" />
        <cmp x="2073" y="1229" width="56" height="39" />
        <cmp x="2130" y="1232" width="62" height="33" />
        <cmp x="2193" y="1228" width="47" height="61" />
        <cmp x="2239" y="1212" width="23" height="51" />
        <cmp x="2265" y="1231" width="62" height="32" />
      </word>
      <word id="f07-088a-03-08" tag="," text=",">
        <cmp x="2347" y="1252" width="13" height="43" />
      </word>
      <upper-contour>
        <point x="329" y="1113" />
        <point x="2361" y="1113" />
      </upper-contour>
      <lower-contour>
        <point x="331" y="1284" />
        <point x="2142" y="1284" />
      </lower-contour>
    </line>
    <line ass="323" asx="0" asy="1378" character-width="999" dss="323" dsx="0" dsy="1470" fd0="12752" fd1="2708" fd2="-1025" filter-width="3" id="f07-088a-04" lbs="306" lbx="0" lby="1439" segmentation="ok" slant="108999" stroke-width="5667" threshold="174" text="had a great contempt for animal" ubs="358" ubx="0" uby="1416">
      <word id="f07-088a-04-00" tag="HVD" text="had">
        <cmp x="333" y="1384" width="59" height="55" />
        <cmp x="400" y="1408" width="48" height="31" />
        <cmp x="450" y="1406" width="42" height="28" />
        <cmp x="487" y="1383" width="24" height="55" />
      </word>
      <word id="f07-088a-04-01" tag="AT" text="a">
        <cmp x="605" y="1409" width="62" height="30" />
      </word>
      <word id="f07-088a-04-02" tag="JJ" text="great">
        <cmp x="735" y="1410" width="66" height="57" />
        <cmp x="807" y="1407" width="19" height="34" />
        <cmp x="843" y="1409" width="77" height="28" />
        <cmp x="925" y="1406" width="57" height="30" />
        <cmp x="987" y="1389" width="36" height="50" />
      </word>
      <word id="f07-088a-04-03" tag="NN" text="contempt">
        <cmp x="1107" y="1406" width="125" height="30" />
        <cmp x="1229" y="1404" width="46" height="33" />
        <cmp x="1276" y="1383" width="23" height="57" />
        <cmp x="1302" y="1403" width="80" height="30" />
        <cmp x="1381" y="1395" width="82" height="38" />
        <cmp x="1471" y="1393" width="58" height="54" />
        <cmp x="1533" y="1372" width="6" height="8" />
        <cmp x="1535" y="1380" width="37" height="47" />
      </word>
      <word id="f07-088a-04-04" tag="IN" text="for">
        <cmp x="1642" y="1375" width="36" height="84" />
        <cmp x="1690" y="1400" width="48" height="33" />
        <cmp x="1744" y="1400" width="23" height="30" />
      </word>
      <word id="f07-088a-04-05" tag="NN" text="animal">
        <cmp x="1827" y="1402" width="61" height="34" />
        <cmp x="1886" y="1400" width="74" height="34" />
        <cmp x="1955" y="1368" width="6" height="11" />
        <cmp x="1966" y="1405" width="12" height="23" />
        <cmp x="1986" y="1398" width="76" height="33" />
        <cmp x="2065" y="1398" width="53" height="31" />
        <cmp x="2076" y="1421" width="19" height="5" />
        <cmp x="2123" y="1372" width="18" height="60" />
        <cmp x="2125" y="1370" width="3" height="4" />
      </word>
      <upper-contour>
        <point x="331" y="1284" />
        <point x="2142" y="1284" />
      </upper-contour>
      <lower-contour>
        <point x="331" y="1466" />
        <point x="2142" y="1466" />
      </lower-contour>
    </line>
    <line ass="636" asx="0" asy="1567" character-width="999" dss="636" dsx="0" dsy="1662" fd0="13149" fd1="2746" fd2="-1148" filter-width="3" id="f07-088a-05" lbs="727" lbx="0" lby="1630" segmentation="ok" slant="110000" stroke-width="5700" threshold="172" text="food, believing that it impaired the" ubs="455" ubx="0" uby="1598">
      <word id="f07-088a-05-00" tag="NN" text="food">
        <cmp x="309" y="1565" width="40" height="92" />
        <cmp x="357" y="1572" width="151" height="54" />
      </word>
      <word id="f07-088a-05-01" tag="," text=",">
        <cmp x="539" y="1613" width="9" height="35" />
      </word>
      <word id="f07-088a-05-02" tag="VBG" text="believing">
        <cmp x="630" y="1559" width="66" height="55" />
        <cmp x="702" y="1584" width="74" height="31" />
        <cmp x="773" y="1568" width="6" height="5" />
        <cmp x="774" y="1574" width="21" height="39" />
        <cmp x="796" y="1558" width="10" height="14" />
        <cmp x="800" y="1581" width="16" height="31" />
        <cmp x="830" y="1588" width="76" height="32" />
        <cmp x="919" y="1589" width="57" height="34" />
        <cmp x="939" y="1588" width="33" height="14" />
        <cmp x="981" y="1563" width="8" height="8" />
        <cmp x="990" y="1584" width="17" height="34" />
        <cmp x="1011" y="1583" width="45" height="32" />
        <cmp x="1039" y="1587" width="64" height="56" />
      </word>
      <word id="f07-088a-05-03" tag="CS" text="that">
        <cmp x="1161" y="1560" width="46" height="61" />
        <cmp x="1214" y="1568" width="55" height="51" />
        <cmp x="1215" y="1564" width="5" height="3" />
        <cmp x="1277" y="1589" width="56" height="29" />
        <cmp x="1329" y="1563" width="28" height="58" />
        <cmp x="1335" y="1560" width="3" height="3" />
      </word>
      <word id="f07-088a-05-04" tag="PP3" text="it">
        <cmp x="1430" y="1564" width="11" height="10" />
        <cmp x="1435" y="1588" width="17" height="34" />
        <cmp x="1462" y="1562" width="32" height="58" />
      </word>
      <word id="f07-088a-05-05" tag="VBD" text="impaired">
        <cmp x="1572" y="1567" width="10" height="9" />
        <cmp x="1579" y="1586" width="17" height="33" />
        <cmp x="1601" y="1583" width="76" height="39" />
        <cmp x="1682" y="1580" width="110" height="56" />
        <cmp x="1812" y="1558" width="10" height="8" />
        <cmp x="1812" y="1580" width="14" height="30" />
        <cmp x="1837" y="1571" width="34" height="35" />
        <cmp x="1877" y="1583" width="122" height="31" />
        <cmp x="1893" y="1582" width="56" height="17" />
        <cmp x="1994" y="1561" width="5" height="4" />
        <cmp x="1995" y="1566" width="20" height="47" />
      </word>
      <word id="f07-088a-05-06" tag="ATI" text="the">
        <cmp x="2055" y="1560" width="37" height="57" />
        <cmp x="2100" y="1561" width="49" height="51" />
        <cmp x="2151" y="1578" width="64" height="32" />
      </word>
      <upper-contour>
        <point x="331" y="1466" />
        <point x="2142" y="1466" />
      </upper-contour>
      <lower-contour>
        <point x="320" y="1656" />
        <point x="2216" y="1656" />
      </lower-contour>
    </line>
    <line ass="102" asx="0" asy="1736" character-width="999" dss="102" dsx="0" dsy="1830" fd0="12743" fd1="2856" fd2="-1343" filter-width="4" id="f07-088a-06" lbs="176" lbx="0" lby="1799" segmentation="err" slant="107000" stroke-width="5777" threshold="172" text="intellectual faculties. Bunyan&apos;s break-" ubs="-47" ubx="0" uby="1774">
      <word id="f07-088a-06-00" tag="JJ" text="intellectual">
        <cmp x="322" y="1747" width="8" height="13" />
        <cmp x="327" y="1766" width="15" height="40" />
        <cmp x="350" y="1768" width="48" height="33" />
        <cmp x="407" y="1745" width="96" height="58" />
        <cmp x="501" y="1746" width="22" height="52" />
        <cmp x="518" y="1742" width="27" height="57" />
        <cmp x="545" y="1767" width="130" height="32" />
        <cmp x="677" y="1745" width="25" height="52" />
        <cmp x="717" y="1761" width="53" height="36" />
        <cmp x="771" y="1764" width="49" height="33" />
        <cmp x="819" y="1740" width="19" height="57" />
      </word>
      <word id="f07-088a-06-01" tag="NNS" text="faculties">
        <cmp x="922" y="1740" width="38" height="87" />
        <cmp x="974" y="1768" width="52" height="32" />
        <cmp x="1028" y="1769" width="57" height="29" />
        <cmp x="1093" y="1767" width="43" height="32" />
        <cmp x="1131" y="1773" width="18" height="27" />
        <cmp x="1150" y="1743" width="17" height="53" />
        <cmp x="1175" y="1742" width="31" height="58" />
        <cmp x="1203" y="1735" width="9" height="10" />
        <cmp x="1212" y="1760" width="10" height="31" />
        <cmp x="1238" y="1764" width="127" height="36" />
      </word>
      <word id="f07-088a-06-02" tag="." text=".">
        <cmp x="1374" y="1783" width="16" height="12" />
      </word>
      <word id="f07-088a-06-03" sentence-start="yes" tag="NP$" text="Bunyan&apos;s">
        <cmp x="1409" y="1742" width="107" height="70" />
        <cmp x="1520" y="1770" width="61" height="32" />
        <cmp x="1580" y="1769" width="46" height="32" />
        <cmp x="1635" y="1770" width="50" height="58" />
        <cmp x="1684" y="1772" width="65" height="33" />
        <cmp x="1752" y="1767" width="47" height="34" />
        <cmp x="1797" y="1737" width="9" height="25" />
        <cmp x="1817" y="1765" width="55" height="32" />
      </word>
      <word id="f07-088a-06-04" tag="NN-" text="break-">
        <cmp x="1924" y="1736" width="6" height="4" />
        <cmp x="1926" y="1743" width="60" height="54" />
        <cmp x="1992" y="1761" width="24" height="36" />
        <cmp x="2017" y="1766" width="118" height="33" />
        <cmp x="2129" y="1739" width="57" height="57" />
        <cmp x="2174" y="1778" width="65" height="8" />
      </word>
      <upper-contour>
        <point x="320" y="1656" />
        <point x="2216" y="1656" />
      </upper-contour>
      <lower-contour>
        <point x="336" y="1829" />
        <point x="2098" y="1829" />
      </lower-contour>
    </line>
    <line ass="521" asx="0" asy="1933" character-width="999" dss="521" dsx="0" dsy="2029" fd0="12514" fd1="3175" fd2="-942" filter-width="3" id="f07-088a-07" lbs="539" lbx="0" lby="1997" segmentation="ok" slant="105000" stroke-width="5694" threshold="172" text="fast and supper consisted of a" ubs="485" ubx="0" uby="1977">
      <word id="f07-088a-07-00" tag="-NN" text="fast">
        <cmp x="338" y="1930" width="29" height="91" />
        <cmp x="362" y="1945" width="10" height="20" />
        <cmp x="389" y="1936" width="128" height="60" />
      </word>
      <word id="f07-088a-07-01" tag="CC" text="and">
        <cmp x="635" y="1961" width="62" height="29" />
        <cmp x="691" y="1961" width="19" height="30" />
        <cmp x="702" y="1959" width="45" height="28" />
        <cmp x="751" y="1960" width="36" height="29" />
        <cmp x="784" y="1942" width="19" height="48" />
      </word>
      <word id="f07-088a-07-02" tag="NN" text="supper">
        <cmp x="904" y="1959" width="63" height="40" />
        <cmp x="976" y="1967" width="52" height="30" />
        <cmp x="978" y="1963" width="4" height="5" />
        <cmp x="1032" y="1964" width="48" height="47" />
        <cmp x="1085" y="1959" width="43" height="42" />
        <cmp x="1132" y="1960" width="72" height="31" />
        <cmp x="1204" y="1955" width="28" height="34" />
      </word>
      <word id="f07-088a-07-03" tag="VBD" text="consisted">
        <cmp x="1322" y="1955" width="68" height="31" />
        <cmp x="1391" y="1959" width="43" height="31" />
        <cmp x="1437" y="1958" width="49" height="39" />
        <cmp x="1496" y="1954" width="58" height="36" />
        <cmp x="1557" y="1932" width="6" height="7" />
        <cmp x="1560" y="1957" width="11" height="28" />
        <cmp x="1573" y="1954" width="57" height="34" />
        <cmp x="1640" y="1931" width="30" height="52" />
        <cmp x="1689" y="1933" width="120" height="51" />
        <cmp x="1792" y="1929" width="6" height="3" />
      </word>
      <word id="f07-088a-07-04" tag="INO" text="of">
        <cmp x="1899" y="1930" width="90" height="82" />
      </word>
      <word id="f07-088a-07-05" tag="AT" text="a">
        <cmp x="2032" y="1959" width="65" height="34" />
      </word>
      <upper-contour>
        <point x="336" y="1829" />
        <point x="2098" y="1829" />
      </upper-contour>
      <lower-contour>
        <point x="336" y="2020" />
        <point x="2034" y="2020" />
      </lower-contour>
    </line>
    <line ass="351" asx="0" asy="2111" character-width="999" dss="351" dsx="0" dsy="2188" fd0="12457" fd1="3046" fd2="-1012" filter-width="4" id="f07-088a-08" lbs="290" lbx="0" lby="2163" segmentation="ok" slant="105000" stroke-width="5724" threshold="173" text="piece of coarse bread and a" ubs="473" ubx="0" uby="2145">
      <word id="f07-088a-08-00" tag="NN" text="piece">
        <cmp x="330" y="2132" width="60" height="53" />
        <cmp x="393" y="2110" width="8" height="8" />
        <cmp x="397" y="2132" width="15" height="31" />
        <cmp x="426" y="2131" width="61" height="29" />
        <cmp x="491" y="2127" width="53" height="32" />
        <cmp x="558" y="2127" width="71" height="31" />
      </word>
      <word id="f07-088a-08-01" tag="INO" text="of">
        <cmp x="734" y="2106" width="91" height="71" />
        <cmp x="823" y="2111" width="7" height="11" />
      </word>
      <word id="f07-088a-08-02" tag="JJ" text="coarse">
        <cmp x="926" y="2131" width="63" height="33" />
        <cmp x="1003" y="2131" width="102" height="36" />
        <cmp x="1105" y="2133" width="25" height="38" />
        <cmp x="1129" y="2135" width="55" height="34" />
        <cmp x="1188" y="2134" width="71" height="31" />
      </word>
      <word id="f07-088a-08-03" tag="NN" text="bread">
        <cmp x="1356" y="2110" width="72" height="53" />
        <cmp x="1431" y="2127" width="20" height="31" />
        <cmp x="1458" y="2127" width="69" height="31" />
        <cmp x="1529" y="2129" width="56" height="29" />
        <cmp x="1585" y="2108" width="54" height="51" />
      </word>
      <word id="f07-088a-08-04" tag="CC" text="and">
        <cmp x="1716" y="2121" width="64" height="30" />
        <cmp x="1780" y="2121" width="49" height="30" />
        <cmp x="1831" y="2122" width="43" height="31" />
        <cmp x="1870" y="2103" width="16" height="50" />
      </word>
      <word id="f07-088a-08-05" tag="AT" text="a">
        <cmp x="1976" y="2123" width="44" height="31" />
        <cmp x="2019" y="2128" width="14" height="28" />
      </word>
      <upper-contour>
        <point x="336" y="2020" />
        <point x="2034" y="2020" />
      </upper-contour>
      <lower-contour>
        <point x="328" y="2184" />
        <point x="1070" y="2184" />
      </lower-contour>
    </line>
    <line ass="252" asx="0" asy="2279" character-width="999" dss="252" dsx="0" dsy="2373" fd0="13062" fd1="2996" fd2="-968" filter-width="4" id="f07-088a-09" lbs="221" lbx="0" lby="2341" segmentation="ok" slant="108999" stroke-width="5722" threshold="170" text="bowl of milk." ubs="315" ubx="0" uby="2311">
      <word id="f07-088a-09-00" tag="NN" text="bowl">
        <cmp x="325" y="2286" width="64" height="58" />
        <cmp x="398" y="2312" width="51" height="32" />
        <cmp x="454" y="2311" width="70" height="33" />
        <cmp x="521" y="2280" width="25" height="59" />
      </word>
      <word id="f07-088a-09-01" tag="INO" text="of">
        <cmp x="661" y="2293" width="90" height="79" />
      </word>
      <word id="f07-088a-09-02" tag="NN" text="milk">
        <cmp x="830" y="2305" width="84" height="38" />
        <cmp x="909" y="2277" width="10" height="10" />
        <cmp x="921" y="2306" width="15" height="31" />
        <cmp x="942" y="2281" width="19" height="59" />
        <cmp x="968" y="2281" width="73" height="60" />
      </word>
      <word id="f07-088a-09-03" tag="." text=".">
        <cmp x="1058" y="2330" width="11" height="8" />
      </word>
      <upper-contour>
        <point x="328" y="2184" />
        <point x="1070" y="2184" />
      </upper-contour>
    </line>
  </handwritten-part>
</form>

