<?xml version="1.0" encoding="ISO-8859-1"?>

<!DOCTYPE form SYSTEM 'http://www.iam.unibe.ch/~fki/iamdb/form-metadata.dtd'>

<form created="2002-04-10" height="3542" id="f07-019a" last-modified="2002-07-17" skew="158" status="final" version="3.0_beta" width="2479" writer-id="288">
  <machine-printed-part>
    <machine-print-line text="Epicures and gourmands, sated by the unending procession of dishes from those mam-" />
    <machine-print-line text="moth kitchens of the 18th century - that amazing epoch of grossness and delicacy -" />
    <machine-print-line text="sought inspiration at last from the dishes of the country, and, instead of gorging the eye" />
    <machine-print-line text="with magnitude, began to understand the value of intelligent selection and comparative" />
    <machine-print-line text="simplicity, though nowadays their simplified meals would seem quite monstrous." />
  </machine-printed-part>
  <handwritten-part>
    <line ass="61" asx="0" asy="694" character-width="999" dss="61" dsx="0" dsy="764" fd0="14167" fd1="2796" fd2="-1226" filter-width="3" id="f07-019a-00" lbs="48" lbx="0" lby="742" segmentation="err" slant="119000" stroke-width="5278" threshold="179" text="Epicures and gourmands, sated by the unending" ubs="88" ubx="0" uby="718">
      <word id="f07-019a-00-00" sentence-start="yes" tag="NNS" text="Epicures">
        <cmp x="370" y="702" width="38" height="39" />
        <cmp x="408" y="718" width="34" height="38" />
        <cmp x="437" y="696" width="6" height="5" />
        <cmp x="441" y="721" width="18" height="20" />
        <cmp x="460" y="717" width="32" height="24" />
        <cmp x="491" y="717" width="28" height="21" />
        <cmp x="528" y="714" width="21" height="24" />
        <cmp x="552" y="713" width="33" height="24" />
        <cmp x="587" y="713" width="25" height="27" />
      </word>
      <word id="f07-019a-00-01" tag="CC" text="and">
        <cmp x="653" y="721" width="36" height="22" />
        <cmp x="683" y="718" width="35" height="27" />
        <cmp x="717" y="699" width="30" height="46" />
      </word>
      <word id="f07-019a-00-02" tag="NNS" text="gourmands">
        <cmp x="778" y="718" width="47" height="47" />
        <cmp x="815" y="720" width="34" height="20" />
        <cmp x="850" y="722" width="26" height="19" />
        <cmp x="880" y="719" width="25" height="22" />
        <cmp x="915" y="716" width="88" height="28" />
        <cmp x="1000" y="715" width="32" height="28" />
        <cmp x="1037" y="696" width="35" height="48" />
        <cmp x="1082" y="719" width="24" height="27" />
        <cmp x="1118" y="734" width="6" height="24" />
      </word>
      <word id="f07-019a-00-03" tag="," text=",">
        <cmp x="1143" y="715" width="23" height="28" />
      </word>
      <word id="f07-019a-00-04" tag="VBN" text="sated">
        <cmp x="1174" y="718" width="42" height="25" />
        <cmp x="1197" y="695" width="41" height="46" />
        <cmp x="1243" y="718" width="28" height="23" />
        <cmp x="1277" y="698" width="27" height="45" />
      </word>
      <word id="f07-019a-00-05" tag="IN" text="by">
        <cmp x="1327" y="704" width="44" height="37" />
        <cmp x="1375" y="714" width="31" height="43" />
      </word>
      <word id="f07-019a-00-06" tag="ATI" text="the">
        <cmp x="1430" y="695" width="38" height="46" />
        <cmp x="1461" y="694" width="43" height="41" />
        <cmp x="1505" y="712" width="36" height="28" />
      </word>
      <word id="f07-019a-00-07" tag="JJ" text="unending">
        <cmp x="1575" y="712" width="30" height="26" />
        <cmp x="1606" y="716" width="32" height="26" />
        <cmp x="1640" y="715" width="68" height="29" />
        <cmp x="1713" y="699" width="30" height="43" />
        <cmp x="1747" y="698" width="7" height="5" />
        <cmp x="1750" y="722" width="15" height="17" />
        <cmp x="1768" y="716" width="31" height="23" />
        <cmp x="1801" y="717" width="40" height="45" />
      </word>
      <lower-contour>
        <point x="375" y="764" />
        <point x="1842" y="764" />
      </lower-contour>
    </line>
    <line ass="283" asx="0" asy="876" character-width="999" dss="283" dsx="0" dsy="939" fd0="14188" fd1="2910" fd2="-1226" filter-width="3" id="f07-019a-01" lbs="286" lbx="0" lby="930" segmentation="ok" slant="119999" stroke-width="5281" threshold="179" text="procession of dishes from those mammoth kitchens" ubs="276" ubx="0" uby="905">
      <word id="f07-019a-01-00" tag="NN" text="procession">
        <cmp x="377" y="897" width="35" height="40" />
        <cmp x="413" y="898" width="36" height="21" />
        <cmp x="452" y="902" width="35" height="24" />
        <cmp x="493" y="898" width="40" height="29" />
        <cmp x="527" y="896" width="42" height="25" />
        <cmp x="575" y="895" width="25" height="32" />
        <cmp x="609" y="897" width="25" height="27" />
        <cmp x="639" y="873" width="10" height="7" />
        <cmp x="643" y="904" width="15" height="22" />
        <cmp x="656" y="902" width="31" height="21" />
        <cmp x="695" y="895" width="39" height="36" />
      </word>
      <word id="f07-019a-01-01" tag="INO" text="of">
        <cmp x="774" y="872" width="71" height="58" />
      </word>
      <word id="f07-019a-01-02" tag="NNS" text="dishes">
        <cmp x="897" y="880" width="33" height="50" />
        <cmp x="938" y="882" width="17" height="13" />
        <cmp x="942" y="905" width="16" height="21" />
        <cmp x="962" y="898" width="25" height="31" />
        <cmp x="990" y="876" width="39" height="54" />
        <cmp x="1035" y="897" width="61" height="28" />
      </word>
      <word id="f07-019a-01-03" tag="IN" text="from">
        <cmp x="1138" y="875" width="37" height="53" />
        <cmp x="1168" y="900" width="30" height="24" />
        <cmp x="1203" y="906" width="24" height="19" />
        <cmp x="1231" y="901" width="52" height="28" />
      </word>
      <word id="f07-019a-01-04" tag="DTS" text="those">
        <cmp x="1308" y="882" width="35" height="45" />
        <cmp x="1330" y="879" width="47" height="42" />
        <cmp x="1383" y="901" width="27" height="21" />
        <cmp x="1412" y="899" width="28" height="26" />
        <cmp x="1444" y="898" width="49" height="31" />
      </word>
      <word id="f07-019a-01-05" tag="NN" text="mammoth">
        <cmp x="1524" y="895" width="51" height="25" />
        <cmp x="1577" y="900" width="37" height="21" />
        <cmp x="1612" y="898" width="54" height="26" />
        <cmp x="1669" y="899" width="55" height="29" />
        <cmp x="1730" y="905" width="22" height="17" />
        <cmp x="1749" y="881" width="30" height="48" />
        <cmp x="1771" y="880" width="45" height="46" />
      </word>
      <word id="f07-019a-01-06" tag="NNS" text="kitchens">
        <cmp x="1842" y="871" width="76" height="49" />
        <cmp x="1891" y="875" width="7" height="4" />
        <cmp x="1906" y="875" width="37" height="45" />
        <cmp x="1949" y="880" width="59" height="41" />
        <cmp x="2011" y="890" width="66" height="28" />
        <cmp x="2081" y="886" width="28" height="33" />
      </word>
      <upper-contour>
        <point x="375" y="764" />
        <point x="1842" y="764" />
      </upper-contour>
      <lower-contour>
        <point x="382" y="936" />
        <point x="1883" y="936" />
      </lower-contour>
    </line>
    <line ass="243" asx="0" asy="1055" character-width="999" dss="243" dsx="0" dsy="1127" fd0="14381" fd1="2975" fd2="-611" filter-width="3" id="f07-019a-02" lbs="285" lbx="0" lby="1106" segmentation="ok" slant="121000" stroke-width="5494" threshold="177" text="of the 18th century - that amazing epoch of" ubs="158" ubx="0" uby="1080">
      <word id="f07-019a-02-00" tag="INO" text="of">
        <cmp x="384" y="1083" width="29" height="26" />
        <cmp x="409" y="1061" width="33" height="48" />
      </word>
      <word id="f07-019a-02-01" tag="ATI" text="the">
        <cmp x="492" y="1057" width="36" height="50" />
        <cmp x="520" y="1056" width="46" height="49" />
        <cmp x="562" y="1079" width="33" height="27" />
      </word>
      <word id="f07-019a-02-02" tag="OD" text="18th">
        <cmp x="639" y="1064" width="41" height="43" />
        <cmp x="685" y="1065" width="24" height="40" />
        <cmp x="712" y="1060" width="38" height="42" />
        <cmp x="746" y="1057" width="47" height="44" />
      </word>
      <word id="f07-019a-02-03" tag="NN" text="century">
        <cmp x="848" y="1074" width="32" height="25" />
        <cmp x="881" y="1077" width="74" height="26" />
        <cmp x="949" y="1052" width="32" height="47" />
        <cmp x="982" y="1078" width="31" height="17" />
        <cmp x="1018" y="1072" width="27" height="24" />
        <cmp x="1050" y="1071" width="27" height="44" />
      </word>
      <word id="f07-019a-02-04" tag="*-" text="-">
        <cmp x="1109" y="1085" width="39" height="6" />
      </word>
      <word id="f07-019a-02-05" tag="DT" text="that">
        <cmp x="1162" y="1060" width="31" height="39" />
        <cmp x="1188" y="1058" width="80" height="41" />
        <cmp x="1256" y="1056" width="31" height="47" />
      </word>
      <word id="f07-019a-02-06" tag="JJ" text="amazing">
        <cmp x="1329" y="1076" width="43" height="26" />
        <cmp x="1367" y="1074" width="51" height="23" />
        <cmp x="1419" y="1078" width="44" height="26" />
        <cmp x="1467" y="1071" width="37" height="31" />
        <cmp x="1500" y="1050" width="9" height="5" />
        <cmp x="1506" y="1078" width="15" height="19" />
        <cmp x="1524" y="1074" width="29" height="25" />
        <cmp x="1552" y="1077" width="49" height="45" />
      </word>
      <word id="f07-019a-02-07" tag="NN" text="epoch">
        <cmp x="1622" y="1076" width="30" height="24" />
        <cmp x="1652" y="1073" width="32" height="37" />
        <cmp x="1686" y="1076" width="28" height="18" />
        <cmp x="1717" y="1079" width="34" height="19" />
        <cmp x="1739" y="1054" width="45" height="48" />
      </word>
      <word id="f07-019a-02-08" tag="INO" text="of">
        <cmp x="1821" y="1078" width="30" height="21" />
        <cmp x="1847" y="1052" width="35" height="47" />
      </word>
      <upper-contour>
        <point x="382" y="936" />
        <point x="1883" y="936" />
      </upper-contour>
      <lower-contour>
        <point x="382" y="1122" />
        <point x="1883" y="1122" />
      </lower-contour>
    </line>
    <line ass="-225" asx="0" asy="1234" character-width="999" dss="-225" dsx="0" dsy="1318" fd0="14563" fd1="2872" fd2="-1012" filter-width="3" id="f07-019a-03" lbs="-236" lbx="0" lby="1291" segmentation="ok" slant="119999" stroke-width="5311" threshold="178" text="grossness and delicacy - sought inspiration at last from" ubs="-204" ubx="0" uby="1267">
      <word id="f07-019a-03-00" tag="NN" text="grossness">
        <cmp x="382" y="1273" width="42" height="46" />
        <cmp x="416" y="1272" width="25" height="25" />
        <cmp x="450" y="1275" width="28" height="23" />
        <cmp x="486" y="1271" width="23" height="28" />
        <cmp x="510" y="1268" width="29" height="30" />
        <cmp x="539" y="1270" width="84" height="29" />
        <cmp x="623" y="1271" width="25" height="27" />
      </word>
      <word id="f07-019a-03-01" tag="CC" text="and">
        <cmp x="693" y="1269" width="37" height="22" />
        <cmp x="727" y="1264" width="34" height="29" />
        <cmp x="764" y="1244" width="29" height="50" />
      </word>
      <word id="f07-019a-03-02" tag="NN" text="delicacy">
        <cmp x="855" y="1241" width="28" height="48" />
        <cmp x="888" y="1262" width="43" height="28" />
        <cmp x="923" y="1249" width="27" height="46" />
        <cmp x="949" y="1246" width="6" height="5" />
        <cmp x="953" y="1272" width="13" height="17" />
        <cmp x="971" y="1268" width="33" height="24" />
        <cmp x="1007" y="1268" width="36" height="24" />
        <cmp x="1047" y="1265" width="29" height="27" />
        <cmp x="1081" y="1267" width="27" height="50" />
      </word>
      <word id="f07-019a-03-03" tag="*-" text="-">
        <cmp x="1146" y="1275" width="34" height="9" />
      </word>
      <word id="f07-019a-03-04" tag="VBD" text="sought">
        <cmp x="1222" y="1270" width="25" height="27" />
        <cmp x="1250" y="1274" width="25" height="19" />
        <cmp x="1278" y="1274" width="29" height="19" />
        <cmp x="1311" y="1272" width="34" height="38" />
        <cmp x="1322" y="1245" width="65" height="49" />
      </word>
      <word id="f07-019a-03-05" tag="NN" text="inspiration">
        <cmp x="1431" y="1247" width="11" height="11" />
        <cmp x="1433" y="1270" width="19" height="25" />
        <cmp x="1452" y="1269" width="68" height="31" />
        <cmp x="1524" y="1269" width="33" height="42" />
        <cmp x="1559" y="1251" width="10" height="10" />
        <cmp x="1562" y="1277" width="13" height="17" />
        <cmp x="1583" y="1268" width="24" height="25" />
        <cmp x="1614" y="1271" width="45" height="20" />
        <cmp x="1642" y="1247" width="54" height="46" />
        <cmp x="1670" y="1241" width="9" height="6" />
        <cmp x="1696" y="1269" width="31" height="23" />
        <cmp x="1734" y="1267" width="31" height="32" />
      </word>
      <word id="f07-019a-03-06" tag="RB21" text="at">
        <cmp x="1797" y="1276" width="44" height="26" />
        <cmp x="1824" y="1247" width="36" height="52" />
      </word>
      <word id="f07-019a-03-07" tag="RB22" text="last">
        <cmp x="1887" y="1253" width="30" height="49" />
        <cmp x="1913" y="1278" width="36" height="25" />
        <cmp x="1954" y="1277" width="19" height="28" />
        <cmp x="1973" y="1253" width="34" height="54" />
      </word>
      <word id="f07-019a-03-08" tag="IN" text="from">
        <cmp x="2041" y="1253" width="37" height="47" />
        <cmp x="2080" y="1273" width="27" height="25" />
        <cmp x="2108" y="1277" width="26" height="23" />
        <cmp x="2137" y="1273" width="44" height="34" />
      </word>
      <upper-contour>
        <point x="382" y="1122" />
        <point x="1883" y="1122" />
      </upper-contour>
      <lower-contour>
        <point x="387" y="1318" />
        <point x="2168" y="1318" />
      </lower-contour>
    </line>
    <line ass="-170" asx="0" asy="1409" character-width="999" dss="-170" dsx="0" dsy="1505" fd0="14291" fd1="2773" fd2="-1166" filter-width="3" id="f07-019a-04" lbs="-177" lbx="0" lby="1468" segmentation="err" slant="119000" stroke-width="5347" threshold="178" text="the dishes of the country, and, instead of gorging the" ubs="-158" ubx="0" uby="1442">
      <word id="f07-019a-04-00" tag="ATI" text="the">
        <cmp x="389" y="1435" width="31" height="47" />
        <cmp x="413" y="1436" width="87" height="41" />
      </word>
      <word id="f07-019a-04-01" tag="NNS" text="dishes">
        <cmp x="538" y="1428" width="40" height="46" />
        <cmp x="583" y="1422" width="9" height="9" />
        <cmp x="584" y="1452" width="14" height="18" />
        <cmp x="601" y="1449" width="33" height="24" />
        <cmp x="629" y="1419" width="51" height="59" />
        <cmp x="678" y="1441" width="56" height="32" />
        <cmp x="725" y="1445" width="4" height="7" />
      </word>
      <word id="f07-019a-04-02" tag="INO" text="of">
        <cmp x="782" y="1443" width="30" height="29" />
        <cmp x="806" y="1416" width="36" height="53" />
      </word>
      <word id="f07-019a-04-03" tag="ATI" text="the">
        <cmp x="878" y="1416" width="34" height="52" />
        <cmp x="907" y="1416" width="76" height="53" />
      </word>
      <word id="f07-019a-04-04" tag="NN" text="country">
        <cmp x="1019" y="1440" width="35" height="32" />
        <cmp x="1057" y="1441" width="32" height="28" />
        <cmp x="1092" y="1445" width="32" height="27" />
        <cmp x="1129" y="1447" width="16" height="23" />
        <cmp x="1139" y="1444" width="32" height="29" />
        <cmp x="1160" y="1416" width="43" height="55" />
        <cmp x="1207" y="1438" width="33" height="32" />
        <cmp x="1246" y="1443" width="33" height="44" />
        <cmp x="1284" y="1457" width="10" height="25" />
      </word>
      <word id="f07-019a-04-05" tag="," text=",">
        <cmp x="1309" y="1446" width="37" height="27" />
      </word>
      <word id="f07-019a-04-06" tag="CC" text="and">
        <cmp x="1347" y="1437" width="34" height="28" />
        <cmp x="1383" y="1424" width="31" height="43" />
        <cmp x="1425" y="1455" width="8" height="20" />
      </word>
      <word id="f07-019a-04-07" tag="," text=",">
        <cmp x="1436" y="1422" width="8" height="8" />
        <cmp x="1445" y="1444" width="19" height="20" />
      </word>
      <word id="f07-019a-04-08" tag="RB" text="instead">
        <cmp x="1465" y="1440" width="34" height="28" />
        <cmp x="1507" y="1439" width="27" height="30" />
        <cmp x="1531" y="1417" width="35" height="48" />
        <cmp x="1567" y="1438" width="40" height="27" />
        <cmp x="1608" y="1444" width="40" height="23" />
        <cmp x="1645" y="1416" width="33" height="52" />
      </word>
      <word id="f07-019a-04-09" tag="INO" text="of">
        <cmp x="1721" y="1448" width="27" height="24" />
        <cmp x="1742" y="1416" width="34" height="56" />
      </word>
      <word id="f07-019a-04-10" tag="VBG" text="gorging">
        <cmp x="1812" y="1448" width="46" height="49" />
        <cmp x="1850" y="1451" width="30" height="24" />
        <cmp x="1881" y="1447" width="67" height="51" />
        <cmp x="1936" y="1425" width="11" height="13" />
        <cmp x="1936" y="1451" width="16" height="25" />
        <cmp x="1962" y="1447" width="31" height="30" />
        <cmp x="1992" y="1454" width="43" height="57" />
      </word>
      <word id="f07-019a-04-11" tag="ATI" text="the">
        <cmp x="2058" y="1424" width="35" height="56" />
        <cmp x="2089" y="1430" width="38" height="44" />
        <cmp x="2129" y="1448" width="38" height="27" />
      </word>
      <upper-contour>
        <point x="387" y="1318" />
        <point x="2168" y="1318" />
      </upper-contour>
      <lower-contour>
        <point x="387" y="1513" />
        <point x="2145" y="1513" />
      </lower-contour>
    </line>
    <line ass="-2" asx="0" asy="1597" character-width="999" dss="-2" dsx="0" dsy="1678" fd0="14084" fd1="2577" fd2="-1215" filter-width="3" id="f07-019a-05" lbs="-20" lbx="0" lby="1653" segmentation="ok" slant="119000" stroke-width="5421" threshold="174" text="eye with magnitude, began to understand the value of" ubs="33" ubx="0" uby="1628">
      <word id="f07-019a-05-00" tag="NN" text="eye">
        <cmp x="388" y="1623" width="46" height="25" />
        <cmp x="437" y="1624" width="28" height="42" />
        <cmp x="465" y="1623" width="33" height="28" />
      </word>
      <word id="f07-019a-05-01" tag="IN" text="with">
        <cmp x="556" y="1627" width="53" height="26" />
        <cmp x="604" y="1606" width="8" height="7" />
        <cmp x="613" y="1633" width="12" height="17" />
        <cmp x="623" y="1606" width="32" height="47" />
        <cmp x="649" y="1608" width="48" height="44" />
      </word>
      <word id="f07-019a-05-02" tag="NN" text="magnitude">
        <cmp x="723" y="1624" width="98" height="34" />
        <cmp x="814" y="1634" width="38" height="45" />
        <cmp x="844" y="1630" width="36" height="31" />
        <cmp x="858" y="1607" width="5" height="4" />
        <cmp x="873" y="1629" width="22" height="25" />
        <cmp x="886" y="1599" width="39" height="49" />
        <cmp x="923" y="1621" width="31" height="22" />
        <cmp x="961" y="1602" width="71" height="43" />
      </word>
      <word id="f07-019a-05-03" tag="," text=",">
        <cmp x="1048" y="1630" width="8" height="27" />
      </word>
      <word id="f07-019a-05-04" tag="VBD" text="began">
        <cmp x="1062" y="1607" width="49" height="43" />
        <cmp x="1115" y="1628" width="36" height="22" />
        <cmp x="1151" y="1627" width="43" height="44" />
        <cmp x="1181" y="1631" width="43" height="22" />
        <cmp x="1222" y="1623" width="33" height="35" />
      </word>
      <word id="f07-019a-05-05" tag="TO" text="to">
        <cmp x="1276" y="1609" width="32" height="50" />
        <cmp x="1307" y="1633" width="38" height="19" />
      </word>
      <word id="f07-019a-05-06" tag="VB" text="understand">
        <cmp x="1379" y="1635" width="31" height="21" />
        <cmp x="1414" y="1630" width="31" height="29" />
        <cmp x="1448" y="1605" width="86" height="52" />
        <cmp x="1539" y="1606" width="97" height="54" />
        <cmp x="1635" y="1633" width="32" height="31" />
        <cmp x="1664" y="1606" width="37" height="56" />
      </word>
      <word id="f07-019a-05-07" tag="ATI" text="the">
        <cmp x="1737" y="1608" width="35" height="51" />
        <cmp x="1767" y="1601" width="48" height="50" />
        <cmp x="1818" y="1625" width="36" height="26" />
      </word>
      <word id="f07-019a-05-08" tag="NN" text="value">
        <cmp x="1896" y="1620" width="63" height="32" />
        <cmp x="1949" y="1600" width="24" height="49" />
        <cmp x="1973" y="1621" width="26" height="25" />
        <cmp x="2003" y="1620" width="36" height="29" />
      </word>
      <word id="f07-019a-05-09" tag="INO" text="of">
        <cmp x="2077" y="1629" width="30" height="23" />
        <cmp x="2103" y="1600" width="41" height="55" />
      </word>
      <upper-contour>
        <point x="387" y="1513" />
        <point x="2145" y="1513" />
      </upper-contour>
      <lower-contour>
        <point x="386" y="1679" />
        <point x="2145" y="1679" />
      </lower-contour>
    </line>
    <line ass="-74" asx="0" asy="1771" character-width="999" dss="-74" dsx="0" dsy="1855" fd0="14434" fd1="3035" fd2="-1328" filter-width="3" id="f07-019a-06" lbs="-113" lbx="0" lby="1826" segmentation="err" slant="117000" stroke-width="5341" threshold="174" text="intelligent selection and comparative simplicity, though" ubs="2" ubx="0" uby="1806">
      <word id="f07-019a-06-00" tag="JJ" text="intelligent">
        <cmp x="376" y="1790" width="4" height="6" />
        <cmp x="381" y="1817" width="16" height="24" />
        <cmp x="399" y="1810" width="35" height="28" />
        <cmp x="431" y="1787" width="82" height="45" />
        <cmp x="511" y="1784" width="24" height="51" />
        <cmp x="528" y="1781" width="23" height="51" />
        <cmp x="553" y="1807" width="15" height="24" />
        <cmp x="555" y="1776" width="8" height="9" />
        <cmp x="567" y="1807" width="45" height="49" />
        <cmp x="604" y="1798" width="75" height="35" />
        <cmp x="677" y="1777" width="32" height="52" />
      </word>
      <word id="f07-019a-06-01" tag="NN" text="selection">
        <cmp x="759" y="1798" width="73" height="30" />
        <cmp x="816" y="1777" width="33" height="49" />
        <cmp x="844" y="1799" width="82" height="30" />
        <cmp x="913" y="1778" width="38" height="50" />
        <cmp x="949" y="1774" width="8" height="9" />
        <cmp x="954" y="1801" width="20" height="23" />
        <cmp x="979" y="1806" width="26" height="15" />
        <cmp x="1010" y="1802" width="17" height="22" />
        <cmp x="1018" y="1797" width="27" height="29" />
      </word>
      <word id="f07-019a-06-02" tag="CC" text="and">
        <cmp x="1077" y="1798" width="42" height="25" />
        <cmp x="1111" y="1800" width="42" height="27" />
        <cmp x="1149" y="1774" width="31" height="52" />
      </word>
      <word id="f07-019a-06-03" tag="JJ" text="comparative">
        <cmp x="1228" y="1799" width="63" height="30" />
        <cmp x="1295" y="1802" width="59" height="33" />
        <cmp x="1357" y="1802" width="37" height="45" />
        <cmp x="1394" y="1808" width="37" height="20" />
        <cmp x="1422" y="1801" width="26" height="27" />
        <cmp x="1449" y="1807" width="42" height="24" />
        <cmp x="1478" y="1777" width="55" height="49" />
        <cmp x="1516" y="1779" width="11" height="14" />
        <cmp x="1538" y="1803" width="76" height="28" />
      </word>
      <word id="f07-019a-06-04" tag="NN" text="simplicity">
        <cmp x="1652" y="1798" width="29" height="33" />
        <cmp x="1669" y="1796" width="9" height="15" />
        <cmp x="1680" y="1779" width="8" height="10" />
        <cmp x="1683" y="1803" width="16" height="21" />
        <cmp x="1699" y="1798" width="54" height="28" />
        <cmp x="1758" y="1798" width="33" height="47" />
        <cmp x="1787" y="1781" width="29" height="49" />
        <cmp x="1811" y="1775" width="7" height="9" />
        <cmp x="1817" y="1804" width="13" height="22" />
        <cmp x="1828" y="1802" width="36" height="25" />
        <cmp x="1861" y="1776" width="9" height="9" />
        <cmp x="1868" y="1806" width="16" height="24" />
        <cmp x="1882" y="1777" width="33" height="55" />
        <cmp x="1926" y="1799" width="27" height="44" />
        <cmp x="1963" y="1815" width="13" height="27" />
      </word>
      <word id="f07-019a-06-05" tag="," text=",">
        <cmp x="1989" y="1776" width="30" height="51" />
      </word>
      <word id="f07-019a-06-06" tag="CS" text="though">
        <cmp x="2016" y="1778" width="37" height="50" />
        <cmp x="2053" y="1808" width="24" height="20" />
        <cmp x="2080" y="1805" width="28" height="23" />
        <cmp x="2116" y="1806" width="37" height="49" />
        <cmp x="2139" y="1786" width="46" height="54" />
      </word>
      <upper-contour>
        <point x="386" y="1679" />
        <point x="2145" y="1679" />
      </upper-contour>
      <lower-contour>
        <point x="376" y="1855" />
        <point x="2114" y="1855" />
      </lower-contour>
    </line>
    <line ass="-293" asx="0" asy="1943" character-width="999" dss="-293" dsx="0" dsy="2024" fd0="14416" fd1="2835" fd2="-1156" filter-width="3" id="f07-019a-07" lbs="-297" lbx="0" lby="2003" segmentation="ok" slant="116000" stroke-width="5383" threshold="174" text="nowadays their simplified meals would seem quite" ubs="-285" ubx="0" uby="1979">
      <word id="f07-019a-07-00" tag="RB" text="nowadays">
        <cmp x="378" y="1971" width="82" height="37" />
        <cmp x="461" y="1984" width="52" height="24" />
        <cmp x="523" y="1984" width="42" height="23" />
        <cmp x="568" y="1957" width="35" height="53" />
        <cmp x="608" y="1988" width="37" height="23" />
        <cmp x="639" y="1977" width="40" height="51" />
        <cmp x="684" y="1981" width="26" height="32" />
      </word>
      <word id="f07-019a-07-01" tag="PP$" text="their">
        <cmp x="754" y="1952" width="39" height="52" />
        <cmp x="784" y="1948" width="101" height="59" />
        <cmp x="843" y="1957" width="5" height="5" />
        <cmp x="887" y="1980" width="34" height="27" />
      </word>
      <word id="f07-019a-07-02" tag="JJ" text="simplified">
        <cmp x="966" y="1978" width="34" height="33" />
        <cmp x="990" y="1957" width="4" height="4" />
        <cmp x="999" y="1988" width="18" height="20" />
        <cmp x="1017" y="1983" width="48" height="34" />
        <cmp x="1063" y="1978" width="37" height="44" />
        <cmp x="1087" y="1956" width="29" height="51" />
        <cmp x="1113" y="1959" width="3" height="3" />
        <cmp x="1120" y="1980" width="17" height="29" />
        <cmp x="1132" y="1955" width="33" height="50" />
        <cmp x="1167" y="1956" width="9" height="7" />
        <cmp x="1171" y="1976" width="55" height="27" />
        <cmp x="1213" y="1955" width="30" height="50" />
        <cmp x="1243" y="1953" width="36" height="53" />
      </word>
      <word id="f07-019a-07-03" tag="NNS" text="meals">
        <cmp x="1323" y="1981" width="62" height="32" />
        <cmp x="1386" y="1981" width="70" height="34" />
        <cmp x="1440" y="1960" width="29" height="48" />
        <cmp x="1474" y="1985" width="23" height="29" />
      </word>
      <word id="f07-019a-07-04" tag="MD" text="would">
        <cmp x="1540" y="1992" width="48" height="27" />
        <cmp x="1587" y="1997" width="29" height="21" />
        <cmp x="1614" y="1995" width="28" height="19" />
        <cmp x="1641" y="1959" width="31" height="53" />
        <cmp x="1674" y="1958" width="29" height="56" />
      </word>
      <word id="f07-019a-07-05" tag="VB" text="seem">
        <cmp x="1734" y="1979" width="67" height="34" />
        <cmp x="1794" y="1985" width="39" height="27" />
        <cmp x="1830" y="1983" width="55" height="33" />
      </word>
      <word id="f07-019a-07-06" tag="RB" text="quite">
        <cmp x="1930" y="1988" width="54" height="45" />
        <cmp x="1972" y="1987" width="30" height="27" />
        <cmp x="2011" y="1961" width="9" height="15" />
        <cmp x="2017" y="1989" width="12" height="22" />
        <cmp x="2036" y="1963" width="28" height="50" />
        <cmp x="2069" y="1979" width="44" height="36" />
      </word>
      <upper-contour>
        <point x="376" y="1855" />
        <point x="2114" y="1855" />
      </upper-contour>
      <lower-contour>
        <point x="376" y="2027" />
        <point x="730" y="2027" />
      </lower-contour>
    </line>
    <line ass="-2159" asx="0" asy="2093" character-width="999" dss="-2159" dsx="0" dsy="2157" fd0="14171" fd1="3094" fd2="-943" filter-width="3" id="f07-019a-08" lbs="-1644" lbx="0" lby="2159" segmentation="ok" slant="117000" stroke-width="5589" threshold="172" text="monstrous." ubs="-3190" ubx="0" uby="2120">
      <word id="f07-019a-08-00" tag="JJ" text="monstrous">
        <cmp x="375" y="2145" width="99" height="30" />
        <cmp x="478" y="2147" width="32" height="28" />
        <cmp x="512" y="2148" width="25" height="26" />
        <cmp x="535" y="2114" width="65" height="61" />
        <cmp x="606" y="2153" width="29" height="25" />
        <cmp x="639" y="2156" width="31" height="23" />
        <cmp x="677" y="2148" width="23" height="31" />
      </word>
      <word id="f07-019a-08-01" tag="." text=".">
        <cmp x="717" y="2175" width="12" height="8" />
      </word>
      <upper-contour>
        <point x="376" y="2027" />
        <point x="730" y="2027" />
      </upper-contour>
    </line>
  </handwritten-part>
</form>

