<?xml version="1.0" encoding="ISO-8859-1"?>

<!DOCTYPE form SYSTEM 'http://www.iam.unibe.ch/~fki/iamdb/form-metadata.dtd'>

<form created="2002-01-18" height="3542" id="g01-034" last-modified="2002-07-17" skew="-63" status="final" version="3.0_beta" width="2479" writer-id="298">
  <machine-printed-part>
    <machine-print-line text="When &apos;his&apos; war did not bring victory and booty, a new group of Lords might oust" />
    <machine-print-line text="the unsuccessful leaders, and the Commons, who usually supplied the hard cash," />
    <machine-print-line text="might be bold enough to demand the production of accounts, and even at times the" />
    <machine-print-line text="impeachment of the unsuccessful. But the Commons were not the people, and even" />
    <machine-print-line text="a full Parliament was not yet a true mirror of the nation." />
  </machine-printed-part>
  <handwritten-part>
    <line ass="-142" asx="0" asy="769" character-width="999" dss="-142" dsx="0" dsy="849" fd0="14817" fd1="3792" fd2="-69" filter-width="4" id="g01-034-00" lbs="-275" lbx="0" lby="820" segmentation="ok" slant="63000" stroke-width="6621" threshold="153" text="When &apos;his&apos; war did not bring victory and" ubs="124" ubx="0" uby="800">
      <word id="g01-034-00-00" sentence-start="yes" tag="WRB" text="When">
        <cmp x="363" y="774" width="53" height="52" />
        <cmp x="411" y="783" width="32" height="42" />
        <cmp x="443" y="796" width="32" height="29" />
        <cmp x="477" y="798" width="32" height="30" />
      </word>
      <word id="g01-034-00-01" tag="*&apos;" text="&apos;">
        <cmp x="581" y="774" width="10" height="18" />
      </word>
      <word id="g01-034-00-02" tag="PP$" text="his">
        <cmp x="584" y="774" width="34" height="48" />
        <cmp x="617" y="798" width="15" height="24" />
        <cmp x="635" y="798" width="32" height="26" />
        <cmp x="637" y="780" width="6" height="6" />
      </word>
      <word id="g01-034-00-03" tag="**&apos;" text="&apos;">
        <cmp x="687" y="776" width="10" height="16" />
      </word>
      <word id="g01-034-00-04" tag="NN" text="war">
        <cmp x="766" y="799" width="52" height="29" />
        <cmp x="816" y="803" width="37" height="25" />
        <cmp x="855" y="803" width="29" height="25" />
      </word>
      <word id="g01-034-00-05" tag="DOD" text="did">
        <cmp x="951" y="781" width="52" height="51" />
        <cmp x="995" y="805" width="13" height="19" />
        <cmp x="1019" y="779" width="5" height="8" />
        <cmp x="1020" y="777" width="52" height="49" />
      </word>
      <word id="g01-034-00-06" tag="XNOT" text="not">
        <cmp x="1131" y="800" width="37" height="26" />
        <cmp x="1177" y="801" width="25" height="26" />
        <cmp x="1208" y="781" width="30" height="45" />
      </word>
      <word id="g01-034-00-07" tag="VB" text="bring">
        <cmp x="1340" y="781" width="37" height="46" />
        <cmp x="1380" y="797" width="31" height="27" />
        <cmp x="1411" y="800" width="15" height="24" />
        <cmp x="1431" y="800" width="34" height="25" />
        <cmp x="1435" y="779" width="6" height="9" />
        <cmp x="1452" y="802" width="46" height="51" />
      </word>
      <word id="g01-034-00-08" tag="NN" text="victory">
        <cmp x="1579" y="796" width="34" height="34" />
        <cmp x="1613" y="801" width="15" height="25" />
        <cmp x="1630" y="798" width="30" height="28" />
        <cmp x="1636" y="778" width="6" height="9" />
        <cmp x="1662" y="774" width="34" height="49" />
        <cmp x="1694" y="798" width="28" height="26" />
        <cmp x="1727" y="800" width="28" height="25" />
        <cmp x="1756" y="804" width="32" height="47" />
      </word>
      <word id="g01-034-00-09" tag="CC" text="and">
        <cmp x="1871" y="796" width="38" height="29" />
        <cmp x="1912" y="797" width="34" height="25" />
        <cmp x="1952" y="778" width="49" height="46" />
      </word>
      <lower-contour>
        <point x="361" y="853" />
        <point x="2003" y="853" />
      </lower-contour>
    </line>
    <line ass="-43" asx="0" asy="949" character-width="999" dss="-43" dsx="0" dsy="1037" fd0="14343" fd1="3494" fd2="-79" filter-width="4" id="g01-034-01" lbs="-6" lbx="0" lby="1004" segmentation="ok" slant="63000" stroke-width="6813" threshold="153" text="booty, a new group of Lords might oust" ubs="-116" ubx="0" uby="974">
      <word id="g01-034-01-00" tag="NN" text="booty">
        <cmp x="360" y="958" width="35" height="43" />
        <cmp x="401" y="975" width="28" height="26" />
        <cmp x="430" y="977" width="31" height="29" />
        <cmp x="465" y="953" width="33" height="49" />
        <cmp x="497" y="974" width="31" height="49" />
      </word>
      <word id="g01-034-01-01" tag="," text=",">
        <cmp x="552" y="985" width="17" height="31" />
      </word>
      <word id="g01-034-01-02" tag="AT" text="a">
        <cmp x="641" y="971" width="33" height="29" />
      </word>
      <word id="g01-034-01-03" tag="JJ" text="new">
        <cmp x="756" y="978" width="33" height="26" />
        <cmp x="790" y="976" width="36" height="30" />
        <cmp x="832" y="979" width="45" height="24" />
      </word>
      <word id="g01-034-01-04" tag="NN" text="group">
        <cmp x="963" y="976" width="46" height="59" />
        <cmp x="1014" y="978" width="30" height="25" />
        <cmp x="1045" y="975" width="27" height="27" />
        <cmp x="1076" y="979" width="36" height="23" />
        <cmp x="1102" y="980" width="47" height="45" />
      </word>
      <word id="g01-034-01-05" tag="INO" text="of">
        <cmp x="1238" y="978" width="28" height="27" />
        <cmp x="1270" y="956" width="34" height="48" />
      </word>
      <word id="g01-034-01-06" tag="NPTS" text="Lords">
        <cmp x="1377" y="961" width="32" height="43" />
        <cmp x="1418" y="978" width="28" height="26" />
        <cmp x="1451" y="977" width="27" height="24" />
        <cmp x="1481" y="952" width="50" height="51" />
        <cmp x="1521" y="976" width="31" height="29" />
      </word>
      <word id="g01-034-01-07" tag="MD" text="might">
        <cmp x="1638" y="977" width="53" height="27" />
        <cmp x="1693" y="981" width="15" height="21" />
        <cmp x="1695" y="980" width="46" height="59" />
        <cmp x="1717" y="952" width="6" height="6" />
        <cmp x="1747" y="961" width="33" height="44" />
        <cmp x="1783" y="961" width="27" height="43" />
      </word>
      <word id="g01-034-01-08" tag="VB" text="oust">
        <cmp x="1883" y="978" width="30" height="30" />
        <cmp x="1919" y="979" width="38" height="26" />
        <cmp x="1958" y="978" width="31" height="27" />
        <cmp x="1991" y="959" width="31" height="45" />
      </word>
      <upper-contour>
        <point x="361" y="853" />
        <point x="2003" y="853" />
      </upper-contour>
      <lower-contour>
        <point x="359" y="1039" />
        <point x="2023" y="1039" />
      </lower-contour>
    </line>
    <line ass="86" asx="0" asy="1130" character-width="999" dss="86" dsx="0" dsy="1206" fd0="14303" fd1="3553" fd2="-608" filter-width="4" id="g01-034-02" lbs="117" lbx="0" lby="1184" segmentation="ok" slant="62000" stroke-width="6783" threshold="153" text="the unsuccessful leaders, and the Commons," ubs="26" ubx="0" uby="1155">
      <word id="g01-034-02-00" tag="ATI" text="the">
        <cmp x="361" y="1135" width="30" height="51" />
        <cmp x="387" y="1136" width="37" height="49" />
        <cmp x="428" y="1155" width="31" height="29" />
      </word>
      <word id="g01-034-02-01" tag="JJ" text="unsuccessful">
        <cmp x="548" y="1157" width="41" height="29" />
        <cmp x="591" y="1157" width="35" height="28" />
        <cmp x="624" y="1156" width="35" height="31" />
        <cmp x="664" y="1156" width="36" height="26" />
        <cmp x="703" y="1154" width="35" height="28" />
        <cmp x="739" y="1153" width="30" height="28" />
        <cmp x="781" y="1154" width="35" height="30" />
        <cmp x="820" y="1155" width="33" height="27" />
        <cmp x="851" y="1154" width="34" height="27" />
        <cmp x="890" y="1130" width="40" height="49" />
        <cmp x="921" y="1157" width="32" height="23" />
        <cmp x="960" y="1132" width="32" height="49" />
      </word>
      <word id="g01-034-02-02" tag="NNS" text="leaders">
        <cmp x="1081" y="1136" width="29" height="48" />
        <cmp x="1102" y="1156" width="32" height="27" />
        <cmp x="1140" y="1156" width="32" height="26" />
        <cmp x="1173" y="1134" width="51" height="48" />
        <cmp x="1220" y="1154" width="30" height="27" />
        <cmp x="1253" y="1156" width="29" height="24" />
        <cmp x="1285" y="1153" width="34" height="29" />
      </word>
      <word id="g01-034-02-03" tag="," text=",">
        <cmp x="1357" y="1174" width="15" height="25" />
      </word>
      <word id="g01-034-02-04" tag="CC" text="and">
        <cmp x="1419" y="1149" width="37" height="31" />
        <cmp x="1457" y="1154" width="30" height="26" />
        <cmp x="1491" y="1135" width="44" height="47" />
      </word>
      <word id="g01-034-02-05" tag="ATI" text="the">
        <cmp x="1592" y="1139" width="33" height="45" />
        <cmp x="1618" y="1140" width="34" height="43" />
        <cmp x="1656" y="1156" width="31" height="29" />
      </word>
      <word id="g01-034-02-06" tag="NPS" text="Commons">
        <cmp x="1761" y="1134" width="47" height="45" />
        <cmp x="1803" y="1153" width="30" height="27" />
        <cmp x="1835" y="1156" width="50" height="25" />
        <cmp x="1890" y="1155" width="53" height="25" />
        <cmp x="1953" y="1154" width="36" height="30" />
        <cmp x="1993" y="1156" width="32" height="25" />
        <cmp x="2026" y="1155" width="33" height="29" />
      </word>
      <word id="g01-034-02-07" tag="," text=",">
        <cmp x="2065" y="1169" width="25" height="34" />
      </word>
      <upper-contour>
        <point x="359" y="1039" />
        <point x="2023" y="1039" />
      </upper-contour>
      <lower-contour>
        <point x="361" y="1204" />
        <point x="2091" y="1204" />
      </lower-contour>
    </line>
    <line ass="-103" asx="0" asy="1306" character-width="999" dss="-103" dsx="0" dsy="1383" fd0="14694" fd1="3751" fd2="-350" filter-width="4" id="g01-034-03" lbs="-88" lbx="0" lby="1358" segmentation="ok" slant="63000" stroke-width="6812" threshold="151" text="who usually supplied the hard cash, might" ubs="-131" ubx="0" uby="1328">
      <word id="g01-034-03-00" tag="WP" text="who">
        <cmp x="363" y="1326" width="50" height="32" />
        <cmp x="416" y="1309" width="30" height="46" />
        <cmp x="452" y="1331" width="28" height="27" />
      </word>
      <word id="g01-034-03-01" tag="RB" text="usually">
        <cmp x="591" y="1329" width="41" height="29" />
        <cmp x="632" y="1328" width="32" height="30" />
        <cmp x="671" y="1330" width="35" height="28" />
        <cmp x="712" y="1330" width="34" height="30" />
        <cmp x="753" y="1309" width="32" height="52" />
        <cmp x="775" y="1309" width="34" height="50" />
        <cmp x="800" y="1335" width="31" height="47" />
      </word>
      <word id="g01-034-03-02" tag="VBD" text="supplied">
        <cmp x="929" y="1329" width="33" height="33" />
        <cmp x="968" y="1338" width="30" height="22" />
        <cmp x="994" y="1334" width="50" height="50" />
        <cmp x="1035" y="1334" width="47" height="49" />
        <cmp x="1098" y="1315" width="26" height="42" />
        <cmp x="1119" y="1337" width="15" height="22" />
        <cmp x="1139" y="1335" width="33" height="28" />
        <cmp x="1144" y="1315" width="6" height="8" />
        <cmp x="1177" y="1318" width="42" height="44" />
      </word>
      <word id="g01-034-03-03" tag="ATI" text="the">
        <cmp x="1342" y="1317" width="30" height="44" />
        <cmp x="1370" y="1319" width="28" height="41" />
        <cmp x="1399" y="1331" width="28" height="26" />
      </word>
      <word id="g01-034-03-04" tag="JJ" text="hard">
        <cmp x="1511" y="1317" width="35" height="46" />
        <cmp x="1550" y="1336" width="35" height="26" />
        <cmp x="1585" y="1335" width="32" height="25" />
        <cmp x="1620" y="1317" width="44" height="46" />
      </word>
      <word id="g01-034-03-05" tag="NN" text="cash">
        <cmp x="1727" y="1332" width="34" height="25" />
        <cmp x="1766" y="1332" width="30" height="28" />
        <cmp x="1795" y="1337" width="29" height="24" />
        <cmp x="1827" y="1317" width="33" height="44" />
      </word>
      <word id="g01-034-03-06" tag="," text=",">
        <cmp x="1869" y="1349" width="18" height="26" />
      </word>
      <word id="g01-034-03-07" tag="MD" text="might">
        <cmp x="1951" y="1332" width="54" height="27" />
        <cmp x="2012" y="1337" width="13" height="19" />
        <cmp x="2021" y="1335" width="42" height="52" />
        <cmp x="2034" y="1317" width="6" height="7" />
        <cmp x="2071" y="1318" width="33" height="41" />
        <cmp x="2107" y="1319" width="30" height="39" />
      </word>
      <upper-contour>
        <point x="361" y="1204" />
        <point x="2091" y="1204" />
      </upper-contour>
      <lower-contour>
        <point x="361" y="1388" />
        <point x="2138" y="1388" />
      </lower-contour>
    </line>
    <line ass="74" asx="0" asy="1490" character-width="999" dss="74" dsx="0" dsy="1570" fd0="14152" fd1="3199" fd2="-468" filter-width="4" id="g01-034-04" lbs="95" lbx="0" lby="1542" segmentation="ok" slant="63000" stroke-width="6530" threshold="148" text="be bold enough to demand the production of" ubs="32" ubx="0" uby="1513">
      <word id="g01-034-04-00" tag="BE" text="be">
        <cmp x="356" y="1492" width="30" height="48" />
        <cmp x="394" y="1510" width="27" height="29" />
      </word>
      <word id="g01-034-04-01" tag="JJ" text="bold">
        <cmp x="520" y="1498" width="32" height="44" />
        <cmp x="561" y="1512" width="24" height="27" />
        <cmp x="589" y="1491" width="28" height="51" />
        <cmp x="613" y="1493" width="44" height="43" />
      </word>
      <word id="g01-034-04-02" tag="QLP" text="enough">
        <cmp x="754" y="1512" width="31" height="30" />
        <cmp x="788" y="1514" width="32" height="28" />
        <cmp x="827" y="1515" width="26" height="27" />
        <cmp x="858" y="1516" width="35" height="27" />
        <cmp x="885" y="1516" width="46" height="52" />
        <cmp x="933" y="1497" width="33" height="45" />
      </word>
      <word id="g01-034-04-03" tag="TO" text="to">
        <cmp x="1044" y="1500" width="29" height="41" />
        <cmp x="1079" y="1516" width="29" height="26" />
      </word>
      <word id="g01-034-04-04" tag="VB" text="demand">
        <cmp x="1180" y="1491" width="48" height="48" />
        <cmp x="1219" y="1515" width="31" height="27" />
        <cmp x="1254" y="1517" width="50" height="24" />
        <cmp x="1315" y="1516" width="37" height="27" />
        <cmp x="1354" y="1516" width="35" height="25" />
        <cmp x="1395" y="1496" width="47" height="44" />
      </word>
      <word id="g01-034-04-05" tag="ATI" text="the">
        <cmp x="1533" y="1497" width="30" height="44" />
        <cmp x="1561" y="1498" width="30" height="41" />
        <cmp x="1596" y="1517" width="29" height="25" />
      </word>
      <word id="g01-034-04-06" tag="NN" text="production">
        <cmp x="1688" y="1514" width="48" height="48" />
        <cmp x="1741" y="1511" width="28" height="23" />
        <cmp x="1774" y="1509" width="29" height="28" />
        <cmp x="1808" y="1490" width="45" height="48" />
        <cmp x="1846" y="1513" width="33" height="24" />
        <cmp x="1882" y="1513" width="30" height="22" />
        <cmp x="1913" y="1491" width="42" height="48" />
        <cmp x="1964" y="1493" width="6" height="8" />
        <cmp x="1966" y="1512" width="30" height="25" />
        <cmp x="1997" y="1515" width="33" height="25" />
      </word>
      <word id="g01-034-04-07" tag="INO" text="of">
        <cmp x="2095" y="1509" width="33" height="31" />
        <cmp x="2129" y="1490" width="39" height="50" />
      </word>
      <upper-contour>
        <point x="361" y="1388" />
        <point x="2138" y="1388" />
      </upper-contour>
      <lower-contour>
        <point x="354" y="1569" />
        <point x="2169" y="1569" />
      </lower-contour>
    </line>
    <line ass="-73" asx="0" asy="1670" character-width="999" dss="-73" dsx="0" dsy="1741" fd0="14158" fd1="3424" fd2="-258" filter-width="4" id="g01-034-05" lbs="-53" lbx="0" lby="1717" segmentation="ok" slant="64000" stroke-width="6472" threshold="148" text="accounts, and even at times the impeachment of" ubs="-114" ubx="0" uby="1691">
      <word id="g01-034-05-00" tag="NNS" text="accounts">
        <cmp x="355" y="1691" width="32" height="27" />
        <cmp x="392" y="1691" width="29" height="24" />
        <cmp x="424" y="1689" width="27" height="26" />
        <cmp x="461" y="1689" width="30" height="27" />
        <cmp x="497" y="1689" width="35" height="29" />
        <cmp x="535" y="1691" width="28" height="22" />
        <cmp x="571" y="1674" width="25" height="45" />
        <cmp x="597" y="1690" width="26" height="27" />
      </word>
      <word id="g01-034-05-01" tag="," text=",">
        <cmp x="640" y="1707" width="17" height="35" />
      </word>
      <word id="g01-034-05-02" tag="CC" text="and">
        <cmp x="708" y="1688" width="37" height="28" />
        <cmp x="747" y="1692" width="27" height="20" />
        <cmp x="779" y="1674" width="42" height="44" />
      </word>
      <word id="g01-034-05-03" tag="RB" text="even">
        <cmp x="887" y="1691" width="37" height="32" />
        <cmp x="927" y="1696" width="27" height="25" />
        <cmp x="960" y="1696" width="30" height="26" />
        <cmp x="997" y="1698" width="31" height="24" />
      </word>
      <word id="g01-034-05-04" tag="IN" text="at">
        <cmp x="1112" y="1691" width="32" height="25" />
        <cmp x="1148" y="1674" width="25" height="46" />
      </word>
      <word id="g01-034-05-05" tag="NNS" text="times">
        <cmp x="1216" y="1678" width="28" height="41" />
        <cmp x="1247" y="1697" width="15" height="22" />
        <cmp x="1270" y="1698" width="49" height="23" />
        <cmp x="1273" y="1675" width="5" height="8" />
        <cmp x="1322" y="1697" width="35" height="24" />
        <cmp x="1357" y="1698" width="28" height="25" />
      </word>
      <word id="g01-034-05-06" tag="ATI" text="the">
        <cmp x="1453" y="1679" width="32" height="44" />
        <cmp x="1485" y="1681" width="33" height="39" />
        <cmp x="1527" y="1694" width="31" height="26" />
      </word>
      <word id="g01-034-05-07" tag="NN" text="impeachment">
        <cmp x="1653" y="1696" width="16" height="23" />
        <cmp x="1674" y="1698" width="46" height="21" />
        <cmp x="1676" y="1674" width="6" height="8" />
        <cmp x="1722" y="1697" width="42" height="39" />
        <cmp x="1773" y="1696" width="30" height="23" />
        <cmp x="1808" y="1695" width="29" height="24" />
        <cmp x="1844" y="1693" width="32" height="24" />
        <cmp x="1877" y="1676" width="34" height="42" />
        <cmp x="1914" y="1693" width="50" height="22" />
        <cmp x="1972" y="1690" width="32" height="29" />
        <cmp x="2007" y="1694" width="31" height="23" />
        <cmp x="2042" y="1674" width="28" height="43" />
      </word>
      <word id="g01-034-05-08" tag="INO" text="of">
        <cmp x="2109" y="1693" width="29" height="27" />
        <cmp x="2141" y="1675" width="30" height="45" />
      </word>
      <upper-contour>
        <point x="354" y="1569" />
        <point x="2169" y="1569" />
      </upper-contour>
      <lower-contour>
        <point x="353" y="1742" />
        <point x="2082" y="1742" />
      </lower-contour>
    </line>
    <line ass="-171" asx="0" asy="1840" character-width="999" dss="-171" dsx="0" dsy="1899" fd0="14135" fd1="3405" fd2="-396" filter-width="4" id="g01-034-06" lbs="-167" lbx="0" lby="1893" segmentation="ok" slant="66000" stroke-width="6604" threshold="151" text="the unsuccessful. But the Commons were not" ubs="-180" ubx="0" uby="1867">
      <word id="g01-034-06-00" tag="ATI" text="the">
        <cmp x="348" y="1850" width="30" height="45" />
        <cmp x="374" y="1851" width="30" height="42" />
        <cmp x="409" y="1869" width="27" height="26" />
      </word>
      <word id="g01-034-06-01" tag="JJ" text="unsuccessful">
        <cmp x="531" y="1871" width="36" height="25" />
        <cmp x="572" y="1870" width="28" height="24" />
        <cmp x="605" y="1868" width="30" height="29" />
        <cmp x="643" y="1869" width="35" height="27" />
        <cmp x="680" y="1866" width="29" height="27" />
        <cmp x="708" y="1867" width="30" height="28" />
        <cmp x="746" y="1865" width="63" height="29" />
        <cmp x="806" y="1866" width="33" height="26" />
        <cmp x="840" y="1844" width="34" height="48" />
        <cmp x="870" y="1867" width="33" height="23" />
        <cmp x="910" y="1845" width="25" height="49" />
      </word>
      <word id="g01-034-06-02" tag="." text=".">
        <cmp x="959" y="1884" width="11" height="12" />
      </word>
      <word id="g01-034-06-03" sentence-start="yes" tag="CC" text="But">
        <cmp x="1036" y="1852" width="44" height="51" />
        <cmp x="1078" y="1874" width="30" height="24" />
        <cmp x="1110" y="1856" width="29" height="42" />
      </word>
      <word id="g01-034-06-04" tag="ATI" text="the">
        <cmp x="1190" y="1858" width="28" height="39" />
        <cmp x="1214" y="1856" width="34" height="44" />
        <cmp x="1258" y="1872" width="28" height="27" />
      </word>
      <word id="g01-034-06-05" tag="NPS" text="Commons">
        <cmp x="1361" y="1855" width="40" height="42" />
        <cmp x="1401" y="1872" width="29" height="25" />
        <cmp x="1432" y="1872" width="53" height="26" />
        <cmp x="1489" y="1872" width="53" height="26" />
        <cmp x="1550" y="1871" width="32" height="27" />
        <cmp x="1587" y="1875" width="29" height="25" />
        <cmp x="1624" y="1874" width="29" height="26" />
      </word>
      <word id="g01-034-06-06" tag="BED" text="were">
        <cmp x="1762" y="1871" width="48" height="26" />
        <cmp x="1813" y="1872" width="31" height="28" />
        <cmp x="1846" y="1873" width="25" height="23" />
        <cmp x="1876" y="1872" width="31" height="26" />
      </word>
      <word id="g01-034-06-07" tag="XNOT" text="not">
        <cmp x="1982" y="1869" width="33" height="29" />
        <cmp x="2022" y="1872" width="25" height="26" />
        <cmp x="2051" y="1852" width="30" height="47" />
      </word>
      <upper-contour>
        <point x="353" y="1742" />
        <point x="2082" y="1742" />
      </upper-contour>
      <lower-contour>
        <point x="346" y="1903" />
        <point x="2082" y="1903" />
      </lower-contour>
    </line>
    <line ass="78" asx="0" asy="2022" character-width="999" dss="78" dsx="0" dsy="2095" fd0="14033" fd1="3430" fd2="-210" filter-width="4" id="g01-034-07" lbs="84" lbx="0" lby="2078" segmentation="ok" slant="65000" stroke-width="6665" threshold="151" text="the people, and even a full Parliament was" ubs="68" ubx="0" uby="2051">
      <word id="g01-034-07-00" tag="ATI" text="the">
        <cmp x="337" y="2023" width="26" height="49" />
        <cmp x="366" y="2025" width="31" height="48" />
        <cmp x="400" y="2048" width="27" height="26" />
      </word>
      <word id="g01-034-07-01" tag="NNS" text="people">
        <cmp x="530" y="2047" width="47" height="44" />
        <cmp x="580" y="2049" width="33" height="26" />
        <cmp x="621" y="2050" width="32" height="23" />
        <cmp x="643" y="2048" width="46" height="47" />
        <cmp x="688" y="2030" width="28" height="49" />
        <cmp x="712" y="2051" width="34" height="26" />
      </word>
      <word id="g01-034-07-02" tag="," text=",">
        <cmp x="789" y="2061" width="15" height="29" />
      </word>
      <word id="g01-034-07-03" tag="CC" text="and">
        <cmp x="846" y="2044" width="38" height="31" />
        <cmp x="886" y="2051" width="33" height="23" />
        <cmp x="925" y="2028" width="49" height="47" />
      </word>
      <word id="g01-034-07-04" tag="RB" text="even">
        <cmp x="1046" y="2049" width="32" height="31" />
        <cmp x="1084" y="2053" width="27" height="25" />
        <cmp x="1117" y="2054" width="30" height="25" />
        <cmp x="1153" y="2057" width="35" height="21" />
      </word>
      <word id="g01-034-07-05" tag="AT" text="a">
        <cmp x="1299" y="2047" width="31" height="26" />
      </word>
      <word id="g01-034-07-06" tag="JJ" text="full">
        <cmp x="1380" y="2028" width="29" height="52" />
        <cmp x="1407" y="2050" width="28" height="23" />
        <cmp x="1438" y="2028" width="28" height="47" />
        <cmp x="1459" y="2030" width="27" height="45" />
      </word>
      <word id="g01-034-07-07" tag="NN" text="Parliament">
        <cmp x="1577" y="2028" width="50" height="46" />
        <cmp x="1618" y="2046" width="30" height="28" />
        <cmp x="1654" y="2048" width="22" height="23" />
        <cmp x="1677" y="2023" width="26" height="53" />
        <cmp x="1694" y="2052" width="14" height="22" />
        <cmp x="1716" y="2025" width="6" height="10" />
        <cmp x="1722" y="2047" width="33" height="29" />
        <cmp x="1761" y="2050" width="49" height="25" />
        <cmp x="1819" y="2047" width="29" height="26" />
        <cmp x="1852" y="2047" width="37" height="25" />
        <cmp x="1892" y="2028" width="28" height="45" />
      </word>
      <word id="g01-034-07-08" tag="BEDZ" text="was">
        <cmp x="1990" y="2053" width="46" height="25" />
        <cmp x="2041" y="2052" width="32" height="26" />
        <cmp x="2075" y="2053" width="28" height="28" />
      </word>
      <upper-contour>
        <point x="346" y="1903" />
        <point x="2082" y="1903" />
      </upper-contour>
      <lower-contour>
        <point x="346" y="2096" />
        <point x="1827" y="2096" />
      </lower-contour>
    </line>
    <line ass="-123" asx="0" asy="2203" character-width="999" dss="-123" dsx="0" dsy="2274" fd0="14380" fd1="3706" fd2="641" filter-width="4" id="g01-034-08" lbs="-94" lbx="0" lby="2253" segmentation="ok" slant="64000" stroke-width="6509" threshold="146" text="not yet a true mirror of the nation." ubs="-182" ubx="0" uby="2227">
      <word id="g01-034-08-00" tag="XNOT" text="not">
        <cmp x="348" y="2228" width="27" height="24" />
        <cmp x="382" y="2227" width="24" height="24" />
        <cmp x="412" y="2208" width="25" height="42" />
      </word>
      <word id="g01-034-08-01" tag="RB" text="yet">
        <cmp x="515" y="2228" width="29" height="48" />
        <cmp x="551" y="2229" width="29" height="26" />
        <cmp x="584" y="2211" width="24" height="43" />
      </word>
      <word id="g01-034-08-02" tag="AT" text="a">
        <cmp x="665" y="2227" width="31" height="29" />
      </word>
      <word id="g01-034-08-03" tag="JJ" text="true">
        <cmp x="793" y="2216" width="29" height="42" />
        <cmp x="822" y="2233" width="26" height="22" />
        <cmp x="856" y="2232" width="32" height="25" />
        <cmp x="897" y="2232" width="25" height="25" />
      </word>
      <word id="g01-034-08-04" tag="NN" text="mirror">
        <cmp x="1041" y="2230" width="47" height="24" />
        <cmp x="1096" y="2234" width="13" height="20" />
        <cmp x="1121" y="2232" width="27" height="22" />
        <cmp x="1122" y="2212" width="6" height="7" />
        <cmp x="1151" y="2234" width="22" height="19" />
        <cmp x="1181" y="2233" width="28" height="22" />
        <cmp x="1216" y="2231" width="27" height="23" />
      </word>
      <word id="g01-034-08-05" tag="INO" text="of">
        <cmp x="1321" y="2234" width="27" height="24" />
        <cmp x="1352" y="2208" width="34" height="49" />
      </word>
      <word id="g01-034-08-06" tag="ATI" text="the">
        <cmp x="1420" y="2212" width="28" height="44" />
        <cmp x="1442" y="2213" width="33" height="45" />
        <cmp x="1479" y="2232" width="29" height="27" />
      </word>
      <word id="g01-034-08-07" tag="NN" text="nation">
        <cmp x="1606" y="2228" width="30" height="28" />
        <cmp x="1646" y="2229" width="32" height="25" />
        <cmp x="1679" y="2208" width="35" height="47" />
        <cmp x="1724" y="2228" width="29" height="25" />
        <cmp x="1727" y="2208" width="5" height="8" />
        <cmp x="1755" y="2228" width="31" height="27" />
      </word>
      <word id="g01-034-08-08" tag="." text=".">
        <cmp x="1816" y="2244" width="10" height="11" />
      </word>
      <upper-contour>
        <point x="346" y="2096" />
        <point x="1827" y="2096" />
      </upper-contour>
    </line>
  </handwritten-part>
</form>

