<?xml version="1.0" encoding="ISO-8859-1"?>

<!DOCTYPE form SYSTEM 'http://www.iam.unibe.ch/~fki/iamdb/form-metadata.dtd'>

<form created="2002-01-18" height="3542" id="g01-025" last-modified="2002-07-17" skew="0" status="final" version="3.0_beta" width="2479" writer-id="297">
  <machine-printed-part>
    <machine-print-line text="In this cruel process which was hammering out nations on the anvils of war, there was a" />
    <machine-print-line text="constant stirring of those in authority to find some simple way out of the complicated" />
    <machine-print-line text="financial 6impasse which always resulted, and in the story of the experiments and" />
    <machine-print-line text="expedients to which the Exchequer resorted is the story of the prelude to the Peasants&apos;" />
    <machine-print-line text="Revolt of 1381." />
  </machine-printed-part>
  <handwritten-part>
    <line ass="-143" asx="0" asy="740" character-width="999" dss="-143" dsx="0" dsy="848" fd0="13720" fd1="3743" fd2="1143" filter-width="4" id="g01-025-00" lbs="-39" lbx="0" lby="820" segmentation="ok" slant="82000" stroke-width="6374" threshold="148" text="In this cruel process which was" ubs="-352" ubx="0" uby="782">
      <word id="g01-025-00-00" sentence-start="yes" tag="IN" text="In">
        <cmp x="351" y="742" width="13" height="81" />
        <cmp x="386" y="772" width="35" height="53" />
      </word>
      <word id="g01-025-00-01" tag="DT" text="this">
        <cmp x="512" y="749" width="35" height="75" />
        <cmp x="556" y="755" width="23" height="59" />
        <cmp x="594" y="793" width="8" height="27" />
        <cmp x="599" y="774" width="12" height="9" />
        <cmp x="625" y="783" width="20" height="42" />
      </word>
      <word id="g01-025-00-02" tag="JJ" text="cruel">
        <cmp x="737" y="778" width="37" height="40" />
        <cmp x="787" y="778" width="22" height="33" />
        <cmp x="826" y="784" width="35" height="34" />
        <cmp x="881" y="790" width="43" height="35" />
        <cmp x="935" y="762" width="15" height="61" />
      </word>
      <word id="g01-025-00-03" tag="NN" text="process">
        <cmp x="1047" y="778" width="42" height="72" />
        <cmp x="1108" y="787" width="25" height="31" />
        <cmp x="1158" y="789" width="27" height="34" />
        <cmp x="1213" y="791" width="28" height="34" />
        <cmp x="1273" y="792" width="35" height="30" />
        <cmp x="1340" y="790" width="23" height="34" />
        <cmp x="1374" y="790" width="19" height="35" />
      </word>
      <word id="g01-025-00-04" tag="WDT" text="which">
        <cmp x="1510" y="793" width="52" height="23" />
        <cmp x="1585" y="773" width="29" height="46" />
        <cmp x="1635" y="797" width="10" height="26" />
        <cmp x="1639" y="775" width="9" height="9" />
        <cmp x="1676" y="795" width="30" height="29" />
        <cmp x="1712" y="777" width="22" height="46" />
      </word>
      <word id="g01-025-00-05" tag="BEDZ" text="was">
        <cmp x="1847" y="792" width="56" height="32" />
        <cmp x="1912" y="795" width="26" height="26" />
        <cmp x="1955" y="792" width="16" height="33" />
      </word>
      <lower-contour>
        <point x="349" y="851" />
        <point x="1972" y="851" />
      </lower-contour>
    </line>
    <line ass="-484" asx="0" asy="929" character-width="999" dss="-484" dsx="0" dsy="1034" fd0="13976" fd1="3462" fd2="389" filter-width="4" id="g01-025-01" lbs="-514" lbx="0" lby="989" segmentation="ok" slant="80000" stroke-width="6581" threshold="147" text="hammering out nations on the anvils of" ubs="-423" ubx="0" uby="960">
      <word id="g01-025-01-00" tag="VBG" text="hammering">
        <cmp x="348" y="937" width="28" height="55" />
        <cmp x="407" y="962" width="35" height="32" />
        <cmp x="478" y="961" width="42" height="30" />
        <cmp x="536" y="965" width="47" height="25" />
        <cmp x="610" y="968" width="24" height="26" />
        <cmp x="648" y="968" width="25" height="25" />
        <cmp x="689" y="971" width="10" height="22" />
        <cmp x="695" y="956" width="11" height="10" />
        <cmp x="720" y="975" width="27" height="26" />
        <cmp x="756" y="977" width="37" height="63" />
      </word>
      <word id="g01-025-01-01" tag="RP" text="out">
        <cmp x="893" y="962" width="30" height="37" />
        <cmp x="931" y="971" width="30" height="24" />
        <cmp x="963" y="941" width="32" height="56" />
      </word>
      <word id="g01-025-01-02" tag="NNS" text="nations">
        <cmp x="1068" y="966" width="39" height="36" />
        <cmp x="1117" y="969" width="37" height="30" />
        <cmp x="1159" y="944" width="44" height="52" />
        <cmp x="1203" y="975" width="11" height="23" />
        <cmp x="1215" y="956" width="16" height="13" />
        <cmp x="1234" y="971" width="31" height="30" />
        <cmp x="1275" y="969" width="29" height="30" />
        <cmp x="1310" y="972" width="20" height="31" />
      </word>
      <word id="g01-025-01-03" tag="IN" text="on">
        <cmp x="1421" y="973" width="25" height="27" />
        <cmp x="1456" y="977" width="31" height="25" />
      </word>
      <word id="g01-025-01-04" tag="ATI" text="the">
        <cmp x="1551" y="948" width="35" height="52" />
        <cmp x="1577" y="956" width="29" height="46" />
        <cmp x="1611" y="976" width="33" height="26" />
      </word>
      <word id="g01-025-01-05" tag="NNS" text="anvils">
        <cmp x="1725" y="966" width="33" height="37" />
        <cmp x="1769" y="972" width="27" height="30" />
        <cmp x="1811" y="974" width="28" height="28" />
        <cmp x="1857" y="984" width="9" height="26" />
        <cmp x="1863" y="963" width="10" height="9" />
        <cmp x="1886" y="953" width="12" height="54" />
        <cmp x="1903" y="976" width="18" height="34" />
      </word>
      <word id="g01-025-01-06" tag="INO" text="of">
        <cmp x="2001" y="973" width="28" height="30" />
        <cmp x="2033" y="947" width="34" height="90" />
      </word>
      <upper-contour>
        <point x="349" y="851" />
        <point x="1972" y="851" />
      </upper-contour>
      <lower-contour>
        <point x="346" y="1041" />
        <point x="2033" y="1041" />
      </lower-contour>
    </line>
    <line ass="-158" asx="0" asy="1117" character-width="999" dss="-158" dsx="0" dsy="1210" fd0="13782" fd1="3383" fd2="734" filter-width="4" id="g01-025-02" lbs="-153" lbx="0" lby="1174" segmentation="ok" slant="80000" stroke-width="6495" threshold="147" text="war, there was a constant stirring of" ubs="-168" ubx="0" uby="1146">
      <word id="g01-025-02-00" tag="NN" text="war">
        <cmp x="335" y="1140" width="45" height="32" />
        <cmp x="393" y="1142" width="34" height="29" />
        <cmp x="443" y="1141" width="21" height="27" />
      </word>
      <word id="g01-025-02-01" tag="," text=",">
        <cmp x="485" y="1165" width="18" height="31" />
      </word>
      <word id="g01-025-02-02" tag="EX" text="there">
        <cmp x="567" y="1125" width="40" height="54" />
        <cmp x="614" y="1124" width="31" height="55" />
        <cmp x="660" y="1149" width="61" height="29" />
        <cmp x="726" y="1151" width="36" height="27" />
      </word>
      <word id="g01-025-02-03" tag="BEDZ" text="was">
        <cmp x="844" y="1148" width="57" height="28" />
        <cmp x="907" y="1149" width="38" height="30" />
        <cmp x="952" y="1149" width="18" height="34" />
      </word>
      <word id="g01-025-02-04" tag="AT" text="a">
        <cmp x="1052" y="1147" width="40" height="34" />
      </word>
      <word id="g01-025-02-05" tag="JJ" text="constant">
        <cmp x="1184" y="1147" width="40" height="36" />
        <cmp x="1229" y="1150" width="30" height="30" />
        <cmp x="1273" y="1149" width="36" height="31" />
        <cmp x="1317" y="1154" width="24" height="31" />
        <cmp x="1359" y="1124" width="63" height="58" />
        <cmp x="1428" y="1159" width="30" height="22" />
        <cmp x="1466" y="1131" width="24" height="50" />
      </word>
      <word id="g01-025-02-06" tag="NN" text="stirring">
        <cmp x="1568" y="1142" width="31" height="38" />
        <cmp x="1603" y="1124" width="32" height="51" />
        <cmp x="1652" y="1148" width="12" height="28" />
        <cmp x="1655" y="1131" width="10" height="9" />
        <cmp x="1690" y="1142" width="23" height="33" />
        <cmp x="1725" y="1148" width="22" height="24" />
        <cmp x="1767" y="1152" width="9" height="25" />
        <cmp x="1776" y="1127" width="9" height="8" />
        <cmp x="1798" y="1147" width="26" height="24" />
        <cmp x="1830" y="1153" width="30" height="57" />
      </word>
      <word id="g01-025-02-07" tag="INO" text="of">
        <cmp x="1961" y="1154" width="25" height="30" />
        <cmp x="1995" y="1124" width="37" height="92" />
      </word>
      <upper-contour>
        <point x="346" y="1041" />
        <point x="2033" y="1041" />
      </upper-contour>
      <lower-contour>
        <point x="333" y="1216" />
        <point x="2033" y="1216" />
      </lower-contour>
    </line>
    <line ass="27" asx="0" asy="1295" character-width="999" dss="27" dsx="0" dsy="1384" fd0="13446" fd1="3435" fd2="510" filter-width="4" id="g01-025-03" lbs="25" lbx="0" lby="1357" segmentation="ok" slant="81000" stroke-width="6482" threshold="147" text="those in authority to find some simple" ubs="30" ubx="0" uby="1325">
      <word id="g01-025-03-00" tag="DTS" text="those">
        <cmp x="332" y="1296" width="34" height="60" />
        <cmp x="374" y="1303" width="30" height="46" />
        <cmp x="417" y="1328" width="23" height="27" />
        <cmp x="457" y="1326" width="68" height="33" />
      </word>
      <word id="g01-025-03-01" tag="IN" text="in">
        <cmp x="631" y="1321" width="13" height="38" />
        <cmp x="660" y="1325" width="26" height="38" />
      </word>
      <word id="g01-025-03-02" tag="NN" text="authority">
        <cmp x="788" y="1325" width="39" height="30" />
        <cmp x="844" y="1329" width="41" height="30" />
        <cmp x="908" y="1298" width="44" height="59" />
        <cmp x="952" y="1303" width="28" height="54" />
        <cmp x="992" y="1324" width="30" height="36" />
        <cmp x="1042" y="1327" width="23" height="29" />
        <cmp x="1086" y="1334" width="8" height="22" />
        <cmp x="1094" y="1310" width="9" height="10" />
        <cmp x="1118" y="1301" width="29" height="52" />
        <cmp x="1155" y="1330" width="39" height="53" />
      </word>
      <word id="g01-025-03-03" tag="TO" text="to">
        <cmp x="1290" y="1305" width="62" height="53" />
      </word>
      <word id="g01-025-03-04" tag="VB" text="find">
        <cmp x="1404" y="1297" width="48" height="84" />
        <cmp x="1460" y="1326" width="10" height="25" />
        <cmp x="1463" y="1306" width="10" height="9" />
        <cmp x="1484" y="1327" width="36" height="27" />
        <cmp x="1524" y="1314" width="36" height="50" />
      </word>
      <word id="g01-025-03-05" tag="DTI" text="some">
        <cmp x="1652" y="1317" width="26" height="40" />
        <cmp x="1690" y="1325" width="32" height="30" />
        <cmp x="1741" y="1327" width="43" height="29" />
        <cmp x="1800" y="1322" width="34" height="30" />
      </word>
      <word id="g01-025-03-06" tag="JJ" text="simple">
        <cmp x="1914" y="1310" width="29" height="44" />
        <cmp x="1961" y="1321" width="10" height="30" />
        <cmp x="1969" y="1298" width="7" height="12" />
        <cmp x="1988" y="1322" width="45" height="28" />
        <cmp x="2044" y="1322" width="37" height="62" />
        <cmp x="2086" y="1303" width="14" height="57" />
        <cmp x="2109" y="1326" width="28" height="34" />
      </word>
      <upper-contour>
        <point x="333" y="1216" />
        <point x="2033" y="1216" />
      </upper-contour>
      <lower-contour>
        <point x="330" y="1384" />
        <point x="2048" y="1384" />
      </lower-contour>
    </line>
    <line ass="-51" asx="0" asy="1469" character-width="999" dss="-51" dsx="0" dsy="1574" fd0="13624" fd1="3490" fd2="380" filter-width="4" id="g01-025-04" lbs="-27" lbx="0" lby="1535" segmentation="ok" slant="82000" stroke-width="6467" threshold="143" text="way out of the complicated financial" ubs="-99" ubx="0" uby="1505">
      <word id="g01-025-04-00" tag="NN" text="way">
        <cmp x="328" y="1497" width="63" height="32" />
        <cmp x="397" y="1504" width="34" height="30" />
        <cmp x="441" y="1506" width="16" height="19" />
        <cmp x="447" y="1506" width="36" height="51" />
      </word>
      <word id="g01-025-04-01" tag="RP" text="out">
        <cmp x="574" y="1505" width="34" height="30" />
        <cmp x="619" y="1509" width="32" height="30" />
        <cmp x="655" y="1477" width="34" height="52" />
      </word>
      <word id="g01-025-04-02" tag="INO" text="of">
        <cmp x="762" y="1508" width="23" height="24" />
        <cmp x="790" y="1471" width="37" height="94" />
      </word>
      <word id="g01-025-04-03" tag="ATI" text="the">
        <cmp x="892" y="1477" width="35" height="62" />
        <cmp x="931" y="1488" width="30" height="46" />
        <cmp x="971" y="1506" width="24" height="31" />
      </word>
      <word id="g01-025-04-04" tag="JJ" text="complicated">
        <cmp x="1088" y="1505" width="69" height="32" />
        <cmp x="1175" y="1505" width="44" height="34" />
        <cmp x="1251" y="1514" width="27" height="62" />
        <cmp x="1297" y="1484" width="12" height="57" />
        <cmp x="1318" y="1518" width="9" height="21" />
        <cmp x="1322" y="1494" width="10" height="12" />
        <cmp x="1348" y="1511" width="27" height="28" />
        <cmp x="1391" y="1511" width="29" height="27" />
        <cmp x="1440" y="1490" width="40" height="49" />
        <cmp x="1483" y="1507" width="39" height="26" />
        <cmp x="1537" y="1493" width="42" height="44" />
      </word>
      <word id="g01-025-04-05" tag="JJ" text="financial">
        <cmp x="1682" y="1479" width="52" height="85" />
        <cmp x="1741" y="1491" width="13" height="11" />
        <cmp x="1742" y="1510" width="8" height="24" />
        <cmp x="1767" y="1503" width="33" height="36" />
        <cmp x="1809" y="1508" width="33" height="29" />
        <cmp x="1854" y="1510" width="25" height="26" />
        <cmp x="1893" y="1509" width="37" height="28" />
        <cmp x="1945" y="1514" width="8" height="22" />
        <cmp x="1948" y="1500" width="14" height="8" />
        <cmp x="1974" y="1512" width="32" height="28" />
        <cmp x="2032" y="1482" width="15" height="48" />
      </word>
      <upper-contour>
        <point x="330" y="1384" />
        <point x="2048" y="1384" />
      </upper-contour>
      <lower-contour>
        <point x="326" y="1576" />
        <point x="2048" y="1576" />
      </lower-contour>
    </line>
    <line ass="-257" asx="0" asy="1649" character-width="999" dss="-257" dsx="0" dsy="1744" fd0="13741" fd1="3510" fd2="512" filter-width="4" id="g01-025-05" lbs="-290" lbx="0" lby="1708" segmentation="ok" slant="76000" stroke-width="6562" threshold="145" text="6impasse which always resulted, and in the" ubs="-190" ubx="0" uby="1682">
      <word id="g01-025-05-00" tag="NN" text="6impasse">
        <cmp x="321" y="1656" width="28" height="59" />
        <cmp x="367" y="1686" width="8" height="27" />
        <cmp x="368" y="1672" width="8" height="11" />
        <cmp x="394" y="1683" width="43" height="27" />
        <cmp x="448" y="1690" width="32" height="57" />
        <cmp x="494" y="1687" width="29" height="30" />
        <cmp x="532" y="1690" width="17" height="25" />
        <cmp x="562" y="1687" width="21" height="31" />
        <cmp x="590" y="1691" width="43" height="27" />
      </word>
      <word id="g01-025-05-01" tag="WDT" text="which">
        <cmp x="747" y="1683" width="50" height="29" />
        <cmp x="815" y="1665" width="28" height="47" />
        <cmp x="866" y="1689" width="11" height="25" />
        <cmp x="875" y="1670" width="10" height="8" />
        <cmp x="904" y="1671" width="65" height="46" />
      </word>
      <word id="g01-025-05-02" tag="RB" text="always">
        <cmp x="1067" y="1677" width="32" height="32" />
        <cmp x="1109" y="1655" width="17" height="54" />
        <cmp x="1134" y="1683" width="50" height="29" />
        <cmp x="1200" y="1684" width="35" height="30" />
        <cmp x="1235" y="1690" width="41" height="55" />
        <cmp x="1286" y="1688" width="20" height="33" />
      </word>
      <word id="g01-025-05-03" tag="VBD" text="resulted">
        <cmp x="1387" y="1678" width="27" height="33" />
        <cmp x="1423" y="1680" width="29" height="31" />
        <cmp x="1466" y="1684" width="22" height="35" />
        <cmp x="1507" y="1686" width="33" height="31" />
        <cmp x="1564" y="1663" width="21" height="57" />
        <cmp x="1591" y="1668" width="30" height="48" />
        <cmp x="1623" y="1691" width="30" height="24" />
        <cmp x="1666" y="1673" width="36" height="45" />
      </word>
      <word id="g01-025-05-04" tag="," text=",">
        <cmp x="1713" y="1711" width="23" height="36" />
      </word>
      <word id="g01-025-05-05" tag="CC" text="and">
        <cmp x="1776" y="1694" width="30" height="25" />
        <cmp x="1818" y="1689" width="29" height="29" />
        <cmp x="1856" y="1676" width="34" height="40" />
      </word>
      <word id="g01-025-05-06" tag="IN" text="in">
        <cmp x="1945" y="1689" width="9" height="26" />
        <cmp x="1958" y="1668" width="7" height="13" />
        <cmp x="1974" y="1687" width="31" height="32" />
      </word>
      <word id="g01-025-05-07" tag="ATI" text="the">
        <cmp x="2057" y="1661" width="33" height="61" />
        <cmp x="2092" y="1673" width="29" height="45" />
        <cmp x="2126" y="1690" width="21" height="28" />
      </word>
      <upper-contour>
        <point x="326" y="1576" />
        <point x="2048" y="1576" />
      </upper-contour>
      <lower-contour>
        <point x="319" y="1747" />
        <point x="2149" y="1747" />
      </lower-contour>
    </line>
    <line ass="64" asx="0" asy="1837" character-width="999" dss="64" dsx="0" dsy="1927" fd0="13753" fd1="3039" fd2="350" filter-width="4" id="g01-025-06" lbs="71" lbx="0" lby="1896" segmentation="ok" slant="87999" stroke-width="6393" threshold="147" text="story of the experiments and expedients" ubs="51" ubx="0" uby="1866">
      <word id="g01-025-06-00" tag="NN" text="story">
        <cmp x="315" y="1852" width="25" height="43" />
        <cmp x="351" y="1838" width="65" height="57" />
        <cmp x="434" y="1866" width="24" height="23" />
        <cmp x="468" y="1864" width="42" height="62" />
      </word>
      <word id="g01-025-06-01" tag="INO" text="of">
        <cmp x="603" y="1866" width="32" height="33" />
        <cmp x="642" y="1838" width="32" height="82" />
      </word>
      <word id="g01-025-06-02" tag="ATI" text="the">
        <cmp x="759" y="1841" width="39" height="55" />
        <cmp x="808" y="1845" width="31" height="48" />
        <cmp x="845" y="1866" width="26" height="30" />
      </word>
      <word id="g01-025-06-03" tag="NNS" text="experiments">
        <cmp x="968" y="1862" width="48" height="36" />
        <cmp x="1029" y="1858" width="34" height="38" />
        <cmp x="1099" y="1862" width="27" height="56" />
        <cmp x="1138" y="1860" width="46" height="30" />
        <cmp x="1190" y="1862" width="34" height="30" />
        <cmp x="1240" y="1870" width="8" height="24" />
        <cmp x="1248" y="1849" width="9" height="12" />
        <cmp x="1273" y="1863" width="51" height="29" />
        <cmp x="1340" y="1867" width="38" height="27" />
        <cmp x="1384" y="1870" width="32" height="25" />
        <cmp x="1429" y="1841" width="48" height="60" />
      </word>
      <word id="g01-025-06-04" tag="CC" text="and">
        <cmp x="1571" y="1866" width="39" height="26" />
        <cmp x="1617" y="1866" width="30" height="29" />
        <cmp x="1657" y="1851" width="33" height="46" />
      </word>
      <word id="g01-025-06-05" tag="NNS" text="expedients">
        <cmp x="1773" y="1865" width="36" height="28" />
        <cmp x="1818" y="1864" width="36" height="29" />
        <cmp x="1883" y="1863" width="35" height="62" />
        <cmp x="1938" y="1870" width="32" height="27" />
        <cmp x="1982" y="1847" width="42" height="44" />
        <cmp x="2036" y="1869" width="12" height="20" />
        <cmp x="2046" y="1853" width="7" height="9" />
        <cmp x="2067" y="1861" width="31" height="30" />
        <cmp x="2101" y="1866" width="26" height="27" />
        <cmp x="2136" y="1845" width="35" height="50" />
      </word>
      <upper-contour>
        <point x="319" y="1747" />
        <point x="2149" y="1747" />
      </upper-contour>
      <lower-contour>
        <point x="313" y="1926" />
        <point x="2051" y="1926" />
      </lower-contour>
    </line>
    <line ass="44" asx="0" asy="2015" character-width="999" dss="44" dsx="0" dsy="2111" fd0="13845" fd1="3551" fd2="521" filter-width="4" id="g01-025-07" lbs="32" lbx="0" lby="2075" segmentation="ok" slant="86000" stroke-width="6165" threshold="147" text="to which the Exchequer resorted is" ubs="66" ubx="0" uby="2045">
      <word id="g01-025-07-00" tag="IN" text="to">
        <cmp x="309" y="2016" width="34" height="59" />
        <cmp x="346" y="2041" width="29" height="30" />
      </word>
      <word id="g01-025-07-01" tag="WDT" text="which">
        <cmp x="450" y="2044" width="54" height="27" />
        <cmp x="530" y="2025" width="26" height="51" />
        <cmp x="581" y="2052" width="6" height="27" />
        <cmp x="587" y="2034" width="7" height="9" />
        <cmp x="613" y="2053" width="34" height="26" />
        <cmp x="652" y="2028" width="23" height="45" />
      </word>
      <word id="g01-025-07-02" tag="ATI" text="the">
        <cmp x="768" y="2029" width="34" height="50" />
        <cmp x="810" y="2029" width="23" height="41" />
        <cmp x="843" y="2044" width="19" height="35" />
      </word>
      <word id="g01-025-07-03" tag="NN" text="Exchequer">
        <cmp x="991" y="2021" width="36" height="55" />
        <cmp x="1035" y="2040" width="39" height="38" />
        <cmp x="1091" y="2051" width="37" height="29" />
        <cmp x="1137" y="2026" width="27" height="45" />
        <cmp x="1179" y="2048" width="27" height="31" />
        <cmp x="1245" y="2053" width="25" height="57" />
        <cmp x="1287" y="2052" width="31" height="28" />
        <cmp x="1337" y="2049" width="36" height="27" />
        <cmp x="1359" y="2034" width="66" height="61" />
        <cmp x="1429" y="2050" width="27" height="24" />
      </word>
      <word id="g01-025-07-04" tag="VBD" text="resorted">
        <cmp x="1593" y="2035" width="25" height="32" />
        <cmp x="1625" y="2041" width="26" height="26" />
        <cmp x="1664" y="2040" width="20" height="34" />
        <cmp x="1691" y="2042" width="34" height="31" />
        <cmp x="1747" y="2044" width="25" height="26" />
        <cmp x="1783" y="2020" width="46" height="54" />
        <cmp x="1827" y="2046" width="31" height="26" />
        <cmp x="1868" y="2025" width="44" height="50" />
      </word>
      <word id="g01-025-07-05" tag="BEZ" text="is">
        <cmp x="1992" y="2050" width="7" height="25" />
        <cmp x="2002" y="2031" width="10" height="12" />
        <cmp x="2030" y="2041" width="20" height="38" />
      </word>
      <upper-contour>
        <point x="313" y="1926" />
        <point x="2051" y="1926" />
      </upper-contour>
      <lower-contour>
        <point x="307" y="2111" />
        <point x="1879" y="2111" />
      </lower-contour>
    </line>
    <line ass="-209" asx="0" asy="2184" character-width="999" dss="-209" dsx="0" dsy="2284" fd0="12891" fd1="3285" fd2="637" filter-width="4" id="g01-025-08" lbs="-266" lbx="0" lby="2249" segmentation="ok" slant="81000" stroke-width="6234" threshold="143" text="the story of the prelude to the" ubs="-95" ubx="0" uby="2213">
      <word id="g01-025-08-00" tag="ATI" text="the">
        <cmp x="307" y="2187" width="32" height="64" />
        <cmp x="355" y="2189" width="27" height="59" />
        <cmp x="400" y="2220" width="42" height="29" />
      </word>
      <word id="g01-025-08-01" tag="NN" text="story">
        <cmp x="535" y="2213" width="22" height="36" />
        <cmp x="568" y="2188" width="34" height="65" />
        <cmp x="610" y="2218" width="25" height="30" />
        <cmp x="658" y="2222" width="26" height="24" />
        <cmp x="693" y="2222" width="29" height="51" />
      </word>
      <word id="g01-025-08-02" tag="INO" text="of">
        <cmp x="835" y="2217" width="29" height="34" />
        <cmp x="877" y="2194" width="36" height="87" />
      </word>
      <word id="g01-025-08-03" tag="ATI" text="the">
        <cmp x="972" y="2200" width="37" height="54" />
        <cmp x="1017" y="2201" width="26" height="59" />
        <cmp x="1055" y="2224" width="26" height="33" />
      </word>
      <word id="g01-025-08-04" tag="NN" text="prelude">
        <cmp x="1184" y="2228" width="37" height="60" />
        <cmp x="1239" y="2231" width="24" height="28" />
        <cmp x="1276" y="2234" width="35" height="30" />
        <cmp x="1341" y="2202" width="14" height="59" />
        <cmp x="1362" y="2235" width="32" height="21" />
        <cmp x="1414" y="2211" width="40" height="46" />
        <cmp x="1459" y="2227" width="28" height="30" />
      </word>
      <word id="g01-025-08-05" tag="IN" text="to">
        <cmp x="1586" y="2201" width="45" height="54" />
        <cmp x="1636" y="2224" width="26" height="30" />
      </word>
      <word id="g01-025-08-06" tag="ATI" text="the">
        <cmp x="1758" y="2194" width="34" height="60" />
        <cmp x="1798" y="2194" width="28" height="57" />
        <cmp x="1844" y="2219" width="33" height="35" />
      </word>
      <upper-contour>
        <point x="307" y="2111" />
        <point x="1879" y="2111" />
      </upper-contour>
      <lower-contour>
        <point x="305" y="2289" />
        <point x="1633" y="2289" />
      </lower-contour>
    </line>
    <line ass="54" asx="0" asy="2370" character-width="999" dss="54" dsx="0" dsy="2463" fd0="13865" fd1="3216" fd2="738" filter-width="4" id="g01-025-09" lbs="18" lbx="0" lby="2431" segmentation="ok" slant="83000" stroke-width="6194" threshold="145" text="Peasants&apos; Revolt of 1381." ubs="126" ubx="0" uby="2401">
      <word id="g01-025-09-00" tag="NNS$" text="Peasants&apos;">
        <cmp x="304" y="2374" width="30" height="63" />
        <cmp x="348" y="2400" width="32" height="28" />
        <cmp x="395" y="2398" width="34" height="30" />
        <cmp x="461" y="2398" width="20" height="33" />
        <cmp x="503" y="2400" width="42" height="34" />
        <cmp x="561" y="2404" width="30" height="23" />
        <cmp x="606" y="2375" width="29" height="55" />
        <cmp x="656" y="2401" width="18" height="27" />
        <cmp x="696" y="2376" width="11" height="30" />
      </word>
      <word id="g01-025-09-01" tag="NN" text="Revolt">
        <cmp x="822" y="2372" width="43" height="60" />
        <cmp x="882" y="2399" width="29" height="36" />
        <cmp x="930" y="2401" width="31" height="31" />
        <cmp x="984" y="2405" width="23" height="26" />
        <cmp x="1033" y="2387" width="12" height="45" />
        <cmp x="1051" y="2384" width="25" height="48" />
      </word>
      <word id="g01-025-09-02" tag="INO" text="of">
        <cmp x="1198" y="2405" width="30" height="33" />
        <cmp x="1240" y="2373" width="33" height="89" />
      </word>
      <word id="g01-025-09-03" tag="CD" text="1381">
        <cmp x="1378" y="2369" width="78" height="59" />
        <cmp x="1459" y="2375" width="29" height="54" />
        <cmp x="1517" y="2378" width="41" height="55" />
        <cmp x="1576" y="2382" width="39" height="53" />
      </word>
      <word id="g01-025-09-04" tag="." text=".">
        <cmp x="1624" y="2420" width="8" height="10" />
      </word>
      <upper-contour>
        <point x="305" y="2289" />
        <point x="1633" y="2289" />
      </upper-contour>
    </line>
  </handwritten-part>
</form>

