<?xml version="1.0" encoding="ISO-8859-1"?>

<!DOCTYPE form SYSTEM 'http://www.iam.unibe.ch/~fki/iamdb/form-metadata.dtd'>

<form created="2002-01-18" height="3542" id="g03-000" last-modified="2002-07-17" skew="-30" status="final" version="3.0_beta" width="2479" writer-id="308">
  <machine-printed-part>
    <machine-print-line text="Yet in spite of the fact that his ideas did his business no good George would never" />
    <machine-print-line text="conceal them. He was a socialist and believed in the right of the working class to" />
    <machine-print-line text="control their own destiny, and said so. Being a craftsman and a skilled man, George" />
    <machine-print-line text="won many prizes, and though some people would have nothing to do with him, others" />
    <machine-print-line text="would, and the comrades helped in many ways." />
  </machine-printed-part>
  <handwritten-part>
    <line ass="1190" asx="0" asy="725" character-width="999" dss="1190" dsx="0" dsy="811" fd0="13957" fd1="2445" fd2="-1693" filter-width="4" id="g03-000-00" lbs="1127" lbx="0" lby="803" segmentation="ok" slant="54000" stroke-width="6803" threshold="150" text="Sentence Database" ubs="1317" ubx="0" uby="774">
      <word id="g03-000-00-00" sentence-start="yes" tag="NN" text="Sentence">
        <cmp x="359" y="717" width="91" height="84" />
        <cmp x="411" y="761" width="32" height="36" />
        <cmp x="434" y="770" width="43" height="32" />
        <cmp x="482" y="723" width="55" height="72" />
        <cmp x="535" y="762" width="48" height="35" />
        <cmp x="583" y="762" width="64" height="34" />
      </word>
      <word id="g03-000-00-01" tag="NN" text="Database">
        <cmp x="710" y="716" width="48" height="76" />
        <cmp x="760" y="751" width="47" height="34" />
        <cmp x="815" y="716" width="59" height="68" />
        <cmp x="840" y="753" width="44" height="33" />
        <cmp x="895" y="721" width="60" height="59" />
        <cmp x="924" y="748" width="49" height="37" />
        <cmp x="979" y="747" width="36" height="44" />
        <cmp x="1000" y="750" width="48" height="39" />
      </word>
      <lower-contour>
        <point x="357" y="803" />
        <point x="1049" y="803" />
      </lower-contour>
    </line>
    <line ass="732" asx="0" asy="911" character-width="999" dss="732" dsx="0" dsy="1038" fd0="14067" fd1="2397" fd2="-739" filter-width="4" id="g03-000-01" lbs="1033" lbx="0" lby="994" segmentation="ok" slant="56000" stroke-width="6600" threshold="152" text="Yet in spite of the fact that his ideas did his" ubs="131" ubx="0" uby="936">
      <word id="g03-000-01-00" sentence-start="yes" tag="RB" text="Yet">
        <cmp x="358" y="907" width="71" height="112" />
        <cmp x="407" y="942" width="33" height="35" />
        <cmp x="449" y="918" width="38" height="59" />
      </word>
      <word id="g03-000-01-01" tag="IN31" text="in">
        <cmp x="523" y="943" width="89" height="35" />
        <cmp x="594" y="904" width="7" height="8" />
      </word>
      <word id="g03-000-01-02" tag="IN32" text="spite">
        <cmp x="645" y="927" width="76" height="52" />
        <cmp x="682" y="943" width="70" height="80" />
        <cmp x="734" y="948" width="53" height="32" />
        <cmp x="786" y="901" width="55" height="81" />
        <cmp x="793" y="921" width="8" height="10" />
      </word>
      <word id="g03-000-01-03" tag="IN33" text="of">
        <cmp x="897" y="932" width="33" height="44" />
        <cmp x="912" y="907" width="78" height="103" />
      </word>
      <word id="g03-000-01-04" tag="ATI" text="the">
        <cmp x="1000" y="908" width="73" height="68" />
        <cmp x="1059" y="937" width="35" height="34" />
      </word>
      <word id="g03-000-01-05" tag="NN" text="fact">
        <cmp x="1118" y="908" width="86" height="117" />
        <cmp x="1170" y="937" width="46" height="32" />
        <cmp x="1212" y="941" width="34" height="30" />
        <cmp x="1250" y="911" width="53" height="59" />
      </word>
      <word id="g03-000-01-06" tag="CS" text="that">
        <cmp x="1336" y="903" width="72" height="68" />
        <cmp x="1404" y="932" width="46" height="34" />
        <cmp x="1450" y="907" width="45" height="57" />
      </word>
      <word id="g03-000-01-07" tag="PP$" text="his">
        <cmp x="1503" y="898" width="87" height="76" />
        <cmp x="1568" y="946" width="25" height="25" />
        <cmp x="1588" y="932" width="52" height="44" />
        <cmp x="1600" y="926" width="6" height="11" />
      </word>
      <word id="g03-000-01-08" tag="NNS" text="ideas">
        <cmp x="1666" y="937" width="50" height="35" />
        <cmp x="1718" y="905" width="84" height="70" />
        <cmp x="1726" y="914" width="7" height="13" />
        <cmp x="1794" y="930" width="47" height="38" />
        <cmp x="1836" y="931" width="38" height="42" />
      </word>
      <word id="g03-000-01-09" tag="DOD" text="did">
        <cmp x="1904" y="904" width="76" height="71" />
        <cmp x="1987" y="911" width="64" height="57" />
        <cmp x="1996" y="914" width="7" height="8" />
      </word>
      <word id="g03-000-01-10" tag="PP$" text="his">
        <cmp x="2076" y="901" width="61" height="69" />
        <cmp x="2112" y="947" width="32" height="31" />
        <cmp x="2136" y="923" width="60" height="47" />
        <cmp x="2143" y="923" width="17" height="17" />
      </word>
      <upper-contour>
        <point x="357" y="803" />
        <point x="1049" y="803" />
      </upper-contour>
      <lower-contour>
        <point x="365" y="1025" />
        <point x="2197" y="1025" />
      </lower-contour>
    </line>
    <line ass="-31" asx="0" asy="1075" character-width="999" dss="-31" dsx="0" dsy="1194" fd0="14539" fd1="2975" fd2="-1102" filter-width="4" id="g03-000-02" lbs="5" lbx="0" lby="1148" segmentation="ok" slant="56000" stroke-width="6366" threshold="152" text="business no good George would never conceal them." ubs="-104" ubx="0" uby="1116">
      <word id="g03-000-02-00" tag="NN" text="business">
        <cmp x="367" y="1076" width="65" height="78" />
        <cmp x="408" y="1122" width="50" height="32" />
        <cmp x="462" y="1117" width="37" height="40" />
        <cmp x="509" y="1126" width="48" height="30" />
        <cmp x="517" y="1096" width="7" height="9" />
        <cmp x="554" y="1109" width="101" height="49" />
      </word>
      <word id="g03-000-02-01" tag="ATI" text="no">
        <cmp x="687" y="1121" width="56" height="36" />
        <cmp x="752" y="1118" width="36" height="33" />
      </word>
      <word id="g03-000-02-02" tag="NN" text="good">
        <cmp x="796" y="1110" width="104" height="81" />
        <cmp x="893" y="1085" width="86" height="65" />
      </word>
      <word id="g03-000-02-03" tag="NP" text="George">
        <cmp x="980" y="1083" width="90" height="113" />
        <cmp x="1068" y="1117" width="66" height="34" />
        <cmp x="1107" y="1110" width="58" height="79" />
        <cmp x="1149" y="1114" width="37" height="35" />
      </word>
      <word id="g03-000-02-04" tag="MD" text="would">
        <cmp x="1232" y="1116" width="56" height="41" />
        <cmp x="1293" y="1111" width="37" height="40" />
        <cmp x="1330" y="1116" width="42" height="30" />
        <cmp x="1376" y="1094" width="54" height="55" />
        <cmp x="1396" y="1086" width="83" height="66" />
      </word>
      <word id="g03-000-02-05" tag="RB" text="never">
        <cmp x="1487" y="1116" width="50" height="37" />
        <cmp x="1532" y="1119" width="38" height="35" />
        <cmp x="1564" y="1117" width="46" height="39" />
        <cmp x="1603" y="1115" width="69" height="37" />
      </word>
      <word id="g03-000-02-06" tag="VB" text="conceal">
        <cmp x="1707" y="1111" width="75" height="43" />
        <cmp x="1772" y="1120" width="52" height="35" />
        <cmp x="1812" y="1124" width="35" height="32" />
        <cmp x="1842" y="1119" width="39" height="36" />
        <cmp x="1878" y="1118" width="53" height="35" />
        <cmp x="1931" y="1095" width="64" height="52" />
      </word>
      <word id="g03-000-02-07" tag="PP3OS" text="them">
        <cmp x="2010" y="1096" width="80" height="62" />
        <cmp x="2079" y="1119" width="37" height="33" />
        <cmp x="2106" y="1122" width="70" height="32" />
      </word>
      <word id="g03-000-02-08" tag="." text=".">
        <cmp x="2202" y="1139" width="9" height="8" />
      </word>
      <upper-contour>
        <point x="365" y="1025" />
        <point x="2197" y="1025" />
      </upper-contour>
      <lower-contour>
        <point x="365" y="1196" />
        <point x="2212" y="1196" />
      </lower-contour>
    </line>
    <line ass="-9" asx="0" asy="1258" character-width="999" dss="-9" dsx="0" dsy="1364" fd0="13900" fd1="2325" fd2="-1150" filter-width="4" id="g03-000-03" lbs="54" lbx="0" lby="1324" segmentation="err" slant="29000" stroke-width="6742" threshold="151" text="He was a socialist and believed in the right" ubs="-139" ubx="0" uby="1293">
      <word id="g03-000-03-00" sentence-start="yes" tag="PP3A" text="He">
        <cmp x="365" y="1261" width="57" height="71" />
        <cmp x="406" y="1290" width="39" height="40" />
      </word>
      <word id="g03-000-03-01" tag="BEDZ" text="was">
        <cmp x="506" y="1291" width="67" height="43" />
        <cmp x="563" y="1280" width="99" height="50" />
      </word>
      <word id="g03-000-03-02" tag="AT" text="a">
        <cmp x="690" y="1287" width="60" height="47" />
      </word>
      <word id="g03-000-03-03" tag="NN" text="socialist">
        <cmp x="799" y="1278" width="96" height="59" />
        <cmp x="890" y="1298" width="61" height="37" />
        <cmp x="956" y="1295" width="47" height="37" />
        <cmp x="958" y="1281" width="10" height="16" />
        <cmp x="1005" y="1271" width="58" height="60" />
        <cmp x="1055" y="1266" width="109" height="72" />
        <cmp x="1074" y="1286" width="7" height="10" />
      </word>
      <word id="g03-000-03-04" tag="CC" text="and">
        <cmp x="1211" y="1279" width="55" height="49" />
        <cmp x="1253" y="1294" width="48" height="31" />
        <cmp x="1297" y="1263" width="80" height="65" />
      </word>
      <word id="g03-000-03-05" tag="VBD" text="believed">
        <cmp x="1417" y="1259" width="63" height="70" />
        <cmp x="1460" y="1291" width="31" height="34" />
        <cmp x="1490" y="1259" width="62" height="64" />
        <cmp x="1541" y="1289" width="5" height="8" />
        <cmp x="1544" y="1292" width="34" height="37" />
        <cmp x="1574" y="1299" width="40" height="30" />
        <cmp x="1612" y="1294" width="37" height="37" />
        <cmp x="1645" y="1271" width="88" height="62" />
      </word>
      <word id="g03-000-03-06" tag="IN" text="in">
        <cmp x="1750" y="1294" width="95" height="36" />
        <cmp x="1843" y="1262" width="8" height="9" />
        <cmp x="1868" y="1265" width="94" height="66" />
        <cmp x="1944" y="1297" width="39" height="40" />
      </word>
      <word id="g03-000-03-07" tag="ATI" text="the">
        <cmp x="2010" y="1298" width="91" height="35" />
        <cmp x="2110" y="1291" width="7" height="12" />
      </word>
      <word id="g03-000-03-08" tag="NN" text="right">
        <cmp x="2085" y="1299" width="60" height="67" />
        <cmp x="2146" y="1270" width="60" height="60" />
        <cmp x="2177" y="1290" width="55" height="44" />
      </word>
      <upper-contour>
        <point x="365" y="1196" />
        <point x="2212" y="1196" />
      </upper-contour>
      <lower-contour>
        <point x="363" y="1367" />
        <point x="2233" y="1367" />
      </lower-contour>
    </line>
    <line ass="-232" asx="0" asy="1421" character-width="999" dss="-232" dsx="0" dsy="1547" fd0="14654" fd1="2520" fd2="-1333" filter-width="4" id="g03-000-04" lbs="-265" lbx="0" lby="1501" segmentation="err" slant="53000" stroke-width="6314" threshold="151" text="of the working class to control their own destiny, and" ubs="-166" ubx="0" uby="1473">
      <word id="g03-000-04-00" tag="INO" text="of">
        <cmp x="348" y="1451" width="37" height="54" />
        <cmp x="366" y="1425" width="87" height="119" />
      </word>
      <word id="g03-000-04-01" tag="ATI" text="the">
        <cmp x="444" y="1457" width="66" height="55" />
      </word>
      <word id="g03-000-04-02" tag="JJ" text="working">
        <cmp x="505" y="1465" width="38" height="41" />
        <cmp x="536" y="1475" width="24" height="28" />
        <cmp x="562" y="1471" width="9" height="9" />
        <cmp x="575" y="1438" width="49" height="69" />
        <cmp x="623" y="1473" width="26" height="31" />
        <cmp x="643" y="1473" width="44" height="30" />
        <cmp x="650" y="1450" width="7" height="16" />
        <cmp x="664" y="1470" width="49" height="77" />
      </word>
      <word id="g03-000-04-03" tag="NN" text="class">
        <cmp x="749" y="1425" width="97" height="89" />
        <cmp x="818" y="1457" width="100" height="48" />
      </word>
      <word id="g03-000-04-04" tag="TO" text="to">
        <cmp x="966" y="1425" width="61" height="81" />
      </word>
      <word id="g03-000-04-05" tag="VB" text="control">
        <cmp x="1081" y="1468" width="67" height="41" />
        <cmp x="1140" y="1473" width="49" height="35" />
        <cmp x="1189" y="1446" width="50" height="60" />
        <cmp x="1234" y="1472" width="30" height="34" />
        <cmp x="1269" y="1443" width="52" height="61" />
      </word>
      <word id="g03-000-04-06" tag="PP$" text="their">
        <cmp x="1345" y="1455" width="38" height="54" />
        <cmp x="1379" y="1448" width="53" height="59" />
        <cmp x="1411" y="1473" width="49" height="36" />
        <cmp x="1467" y="1471" width="7" height="11" />
        <cmp x="1472" y="1473" width="62" height="36" />
      </word>
      <word id="g03-000-04-07" tag="AP" text="own">
        <cmp x="1574" y="1473" width="40" height="41" />
        <cmp x="1607" y="1472" width="65" height="43" />
        <cmp x="1665" y="1481" width="50" height="37" />
      </word>
      <word id="g03-000-04-08" tag="NN" text="destiny">
        <cmp x="1749" y="1448" width="84" height="66" />
        <cmp x="1804" y="1476" width="35" height="32" />
        <cmp x="1839" y="1477" width="29" height="37" />
        <cmp x="1863" y="1439" width="69" height="72" />
        <cmp x="1914" y="1481" width="52" height="29" />
        <cmp x="1930" y="1461" width="12" height="9" />
        <cmp x="1956" y="1483" width="61" height="73" />
      </word>
      <word id="g03-000-04-09" tag="," text=",">
        <cmp x="2004" y="1517" width="32" height="30" />
      </word>
      <word id="g03-000-04-10" tag="CC" text="and">
        <cmp x="2073" y="1480" width="51" height="33" />
        <cmp x="2122" y="1482" width="46" height="30" />
        <cmp x="2158" y="1461" width="83" height="52" />
      </word>
      <upper-contour>
        <point x="363" y="1367" />
        <point x="2233" y="1367" />
      </upper-contour>
      <lower-contour>
        <point x="352" y="1557" />
        <point x="2243" y="1557" />
      </lower-contour>
    </line>
    <line ass="-193" asx="0" asy="1615" character-width="999" dss="-193" dsx="0" dsy="1729" fd0="14084" fd1="2242" fd2="-1401" filter-width="4" id="g03-000-05" lbs="-112" lbx="0" lby="1684" segmentation="err" slant="50000" stroke-width="6509" threshold="148" text="said so. Being a craftsman and a skilled man," ubs="-354" ubx="0" uby="1645">
      <word id="g03-000-05-00" tag="VBD" text="said">
        <cmp x="354" y="1630" width="74" height="65" />
        <cmp x="416" y="1640" width="65" height="47" />
        <cmp x="480" y="1620" width="74" height="63" />
        <cmp x="487" y="1632" width="6" height="9" />
      </word>
      <word id="g03-000-05-01" tag="PN" text="so">
        <cmp x="580" y="1623" width="90" height="76" />
        <cmp x="680" y="1677" width="7" height="6" />
      </word>
      <word id="g03-000-05-02" tag="." text=".">
        <cmp x="760" y="1626" width="55" height="68" />
      </word>
      <word id="g03-000-05-03" sentence-start="yes" tag="BEG" text="Being">
        <cmp x="812" y="1646" width="51" height="45" />
        <cmp x="863" y="1656" width="42" height="28" />
        <cmp x="870" y="1632" width="11" height="14" />
        <cmp x="871" y="1649" width="57" height="84" />
      </word>
      <word id="g03-000-05-04" tag="AT" text="a">
        <cmp x="975" y="1646" width="53" height="39" />
      </word>
      <word id="g03-000-05-05" tag="NN" text="craftsman">
        <cmp x="1091" y="1651" width="46" height="36" />
        <cmp x="1137" y="1654" width="39" height="33" />
        <cmp x="1162" y="1626" width="74" height="99" />
        <cmp x="1207" y="1626" width="46" height="60" />
        <cmp x="1228" y="1637" width="61" height="52" />
        <cmp x="1274" y="1652" width="73" height="38" />
        <cmp x="1342" y="1649" width="44" height="38" />
        <cmp x="1378" y="1657" width="42" height="34" />
      </word>
      <word id="g03-000-05-06" tag="CC" text="and">
        <cmp x="1466" y="1649" width="45" height="39" />
        <cmp x="1511" y="1656" width="47" height="31" />
        <cmp x="1553" y="1629" width="84" height="62" />
      </word>
      <word id="g03-000-05-07" tag="AT" text="a">
        <cmp x="1653" y="1652" width="57" height="40" />
      </word>
      <word id="g03-000-05-08" tag="JJ" text="skilled">
        <cmp x="1756" y="1639" width="73" height="59" />
        <cmp x="1812" y="1622" width="66" height="73" />
        <cmp x="1855" y="1668" width="23" height="23" />
        <cmp x="1893" y="1647" width="8" height="11" />
        <cmp x="1899" y="1629" width="94" height="60" />
        <cmp x="1989" y="1626" width="86" height="62" />
      </word>
      <word id="g03-000-05-09" tag="NN" text="man">
        <cmp x="2084" y="1658" width="79" height="32" />
        <cmp x="2158" y="1654" width="49" height="34" />
        <cmp x="2198" y="1655" width="44" height="33" />
      </word>
      <word id="g03-000-05-10" tag="," text=",">
        <cmp x="2239" y="1674" width="28" height="20" />
      </word>
      <upper-contour>
        <point x="352" y="1557" />
        <point x="2243" y="1557" />
      </upper-contour>
      <lower-contour>
        <point x="360" y="1733" />
        <point x="2268" y="1733" />
      </lower-contour>
    </line>
    <line ass="516" asx="0" asy="1789" character-width="999" dss="516" dsx="0" dsy="1933" fd0="14175" fd1="2256" fd2="-1066" filter-width="4" id="g03-000-06" lbs="557" lbx="0" lby="1883" segmentation="ok" slant="53000" stroke-width="6390" threshold="152" text="George won many prizes, and though some people" ubs="435" ubx="0" uby="1848">
      <word id="g03-000-06-00" tag="NP" text="George">
        <cmp x="362" y="1786" width="70" height="132" />
        <cmp x="418" y="1816" width="30" height="42" />
        <cmp x="452" y="1822" width="35" height="44" />
        <cmp x="488" y="1828" width="30" height="36" />
        <cmp x="505" y="1825" width="72" height="81" />
      </word>
      <word id="g03-000-06-01" tag="VBD" text="won">
        <cmp x="634" y="1825" width="53" height="42" />
        <cmp x="685" y="1825" width="36" height="42" />
        <cmp x="718" y="1837" width="48" height="37" />
      </word>
      <word id="g03-000-06-02" tag="AP" text="many">
        <cmp x="822" y="1829" width="64" height="41" />
        <cmp x="887" y="1819" width="47" height="44" />
        <cmp x="923" y="1830" width="74" height="80" />
      </word>
      <word id="g03-000-06-03" tag="NNS" text="prizes">
        <cmp x="1017" y="1831" width="67" height="82" />
        <cmp x="1075" y="1839" width="57" height="35" />
        <cmp x="1076" y="1848" width="12" height="7" />
        <cmp x="1139" y="1819" width="6" height="9" />
        <cmp x="1154" y="1840" width="35" height="30" />
        <cmp x="1190" y="1825" width="69" height="45" />
      </word>
      <word id="g03-000-06-04" tag="," text=",">
        <cmp x="1260" y="1859" width="24" height="31" />
      </word>
      <word id="g03-000-06-05" tag="CC" text="and">
        <cmp x="1320" y="1828" width="43" height="36" />
        <cmp x="1359" y="1834" width="48" height="28" />
        <cmp x="1406" y="1808" width="77" height="55" />
      </word>
      <word id="g03-000-06-06" tag="CS" text="though">
        <cmp x="1522" y="1806" width="42" height="55" />
        <cmp x="1558" y="1801" width="56" height="62" />
        <cmp x="1603" y="1827" width="40" height="38" />
        <cmp x="1641" y="1833" width="52" height="32" />
        <cmp x="1662" y="1832" width="72" height="81" />
        <cmp x="1722" y="1814" width="58" height="59" />
      </word>
      <word id="g03-000-06-07" tag="DTI" text="some">
        <cmp x="1797" y="1824" width="104" height="52" />
        <cmp x="1897" y="1837" width="69" height="31" />
        <cmp x="1967" y="1832" width="45" height="33" />
      </word>
      <word id="g03-000-06-08" tag="NNS" text="people">
        <cmp x="2010" y="1838" width="86" height="78" />
        <cmp x="2094" y="1837" width="34" height="32" />
        <cmp x="2132" y="1840" width="40" height="30" />
        <cmp x="2140" y="1839" width="82" height="71" />
        <cmp x="2224" y="1809" width="67" height="54" />
        <cmp x="2256" y="1834" width="41" height="32" />
      </word>
      <upper-contour>
        <point x="360" y="1733" />
        <point x="2268" y="1733" />
      </upper-contour>
      <lower-contour>
        <point x="365" y="1918" />
        <point x="2133" y="1918" />
      </lower-contour>
    </line>
    <line ass="-374" asx="0" asy="1969" character-width="999" dss="-374" dsx="0" dsy="2076" fd0="14889" fd1="2514" fd2="-1258" filter-width="4" id="g03-000-07" lbs="-382" lbx="0" lby="2033" segmentation="err" slant="32000" stroke-width="6399" threshold="152" text="would have nothing to do with him, others" ubs="-358" ubx="0" uby="2001">
      <word id="g03-000-07-00" tag="MD" text="would">
        <cmp x="367" y="2004" width="63" height="42" />
        <cmp x="434" y="1998" width="41" height="47" />
        <cmp x="471" y="2008" width="45" height="32" />
        <cmp x="525" y="1980" width="53" height="59" />
        <cmp x="548" y="1981" width="70" height="61" />
      </word>
      <word id="g03-000-07-01" tag="HV" text="have">
        <cmp x="653" y="1978" width="77" height="66" />
        <cmp x="726" y="2007" width="42" height="37" />
        <cmp x="765" y="2001" width="66" height="41" />
      </word>
      <word id="g03-000-07-02" tag="PN" text="nothing">
        <cmp x="878" y="2011" width="53" height="37" />
        <cmp x="928" y="2001" width="43" height="42" />
        <cmp x="967" y="1977" width="59" height="67" />
        <cmp x="998" y="1979" width="66" height="60" />
        <cmp x="1041" y="2017" width="22" height="22" />
        <cmp x="1063" y="2012" width="45" height="28" />
        <cmp x="1073" y="1999" width="8" height="10" />
        <cmp x="1081" y="2005" width="63" height="80" />
        <cmp x="1204" y="1977" width="72" height="67" />
      </word>
      <word id="g03-000-07-03" tag="TO" text="to">
        <cmp x="1311" y="1985" width="82" height="62" />
        <cmp x="1375" y="2006" width="44" height="38" />
      </word>
      <word id="g03-000-07-04" tag="DO" text="do">
        <cmp x="1458" y="2008" width="60" height="39" />
        <cmp x="1511" y="2016" width="30" height="33" />
        <cmp x="1540" y="1992" width="81" height="61" />
        <cmp x="1549" y="1996" width="10" height="11" />
      </word>
      <word id="g03-000-07-05" tag="IN" text="with">
        <cmp x="1663" y="1984" width="90" height="63" />
        <cmp x="1738" y="2021" width="31" height="27" />
        <cmp x="1775" y="1999" width="12" height="15" />
      </word>
      <word id="g03-000-07-06" tag="PP3O" text="him">
        <cmp x="1768" y="2020" width="70" height="28" />
      </word>
      <word id="g03-000-07-07" tag="," text=",">
        <cmp x="1844" y="2044" width="28" height="30" />
      </word>
      <word id="g03-000-07-08" tag="APS" text="others">
        <cmp x="1924" y="2011" width="50" height="48" />
        <cmp x="1969" y="1992" width="90" height="65" />
        <cmp x="2034" y="2017" width="60" height="35" />
        <cmp x="2094" y="2022" width="38" height="37" />
      </word>
      <upper-contour>
        <point x="365" y="1918" />
        <point x="2133" y="1918" />
      </upper-contour>
      <lower-contour>
        <point x="370" y="2085" />
        <point x="2133" y="2085" />
      </lower-contour>
    </line>
    <line ass="-588" asx="0" asy="2137" character-width="999" dss="-588" dsx="0" dsy="2254" fd0="13886" fd1="2069" fd2="-1198" filter-width="4" id="g03-000-08" lbs="-612" lbx="0" lby="2207" segmentation="ok" slant="34000" stroke-width="6615" threshold="150" text="would, and the comrades helped in many" ubs="-540" ubx="0" uby="2177">
      <word id="g03-000-08-00" tag="MD" text="would">
        <cmp x="372" y="2174" width="62" height="50" />
        <cmp x="432" y="2177" width="35" height="43" />
        <cmp x="462" y="2184" width="42" height="36" />
        <cmp x="506" y="2161" width="50" height="63" />
        <cmp x="537" y="2162" width="68" height="60" />
      </word>
      <word id="g03-000-08-01" tag="," text=",">
        <cmp x="608" y="2209" width="28" height="44" />
      </word>
      <word id="g03-000-08-02" tag="CC" text="and">
        <cmp x="709" y="2181" width="49" height="35" />
        <cmp x="756" y="2185" width="45" height="31" />
        <cmp x="805" y="2148" width="79" height="73" />
      </word>
      <word id="g03-000-08-03" tag="ATI" text="the">
        <cmp x="932" y="2150" width="81" height="71" />
        <cmp x="1008" y="2184" width="34" height="34" />
      </word>
      <word id="g03-000-08-04" tag="NNS" text="comrades">
        <cmp x="1097" y="2178" width="82" height="50" />
        <cmp x="1171" y="2193" width="75" height="35" />
        <cmp x="1238" y="2191" width="43" height="37" />
        <cmp x="1269" y="2189" width="63" height="41" />
        <cmp x="1326" y="2171" width="87" height="54" />
        <cmp x="1390" y="2191" width="34" height="29" />
        <cmp x="1427" y="2188" width="45" height="40" />
      </word>
      <word id="g03-000-08-05" tag="VBD" text="helped">
        <cmp x="1504" y="2161" width="83" height="71" />
        <cmp x="1576" y="2194" width="34" height="31" />
        <cmp x="1615" y="2168" width="60" height="52" />
        <cmp x="1615" y="2191" width="78" height="68" />
        <cmp x="1687" y="2185" width="39" height="37" />
        <cmp x="1726" y="2161" width="79" height="65" />
      </word>
      <word id="g03-000-08-06" tag="IN" text="in">
        <cmp x="1823" y="2193" width="100" height="34" />
        <cmp x="1912" y="2157" width="8" height="10" />
      </word>
      <word id="g03-000-08-07" tag="AP" text="many">
        <cmp x="1955" y="2191" width="118" height="38" />
        <cmp x="2069" y="2195" width="56" height="31" />
        <cmp x="2111" y="2195" width="74" height="82" />
      </word>
      <upper-contour>
        <point x="370" y="2085" />
        <point x="2133" y="2085" />
      </upper-contour>
      <lower-contour>
        <point x="370" y="2224" />
        <point x="582" y="2224" />
      </lower-contour>
    </line>
    <line ass="-2050" asx="0" asy="2336" character-width="999" dss="-2050" dsx="0" dsy="2418" fd0="15038" fd1="2979" fd2="-1040" filter-width="4" id="g03-000-09" lbs="-268" lbx="0" lby="2392" segmentation="ok" slant="55000" stroke-width="6937" threshold="146" text="ways." ubs="-5613" ubx="0" uby="2320">
      <word id="g03-000-09-00" tag="NNS" text="ways">
        <cmp x="357" y="2350" width="70" height="45" />
        <cmp x="414" y="2358" width="51" height="37" />
        <cmp x="456" y="2355" width="86" height="81" />
      </word>
      <word id="g03-000-09-01" tag="." text=".">
        <cmp x="572" y="2383" width="8" height="10" />
      </word>
      <upper-contour>
        <point x="370" y="2224" />
        <point x="582" y="2224" />
      </upper-contour>
    </line>
  </handwritten-part>
</form>

