<?xml version="1.0" encoding="ISO-8859-1"?>

<!DOCTYPE form SYSTEM 'http://www.iam.unibe.ch/~fki/iamdb/form-metadata.dtd'>

<form created="2002-01-18" height="3542" id="g04-039" last-modified="2002-07-17" skew="30" status="final" version="3.0_beta" width="2479" writer-id="320">
  <machine-printed-part>
    <machine-print-line text="My eldest brother was then living in Limpsfield with his family, and found a very s" />
    <machine-print-line text="uitable house nearby where my mother settled, and eventually died in 1926 at the" />
    <machine-print-line text="age of 92. Dr. Burge was not able to be present at the Institution and Induction" />
    <machine-print-line text="Service in St. Mark&apos;s. This was taken by the Suffragan Bishop of Woolwich, Dr." />
    <machine-print-line text="John Leake, who lived at Blackheath, and was a close friend of ours." />
  </machine-printed-part>
  <handwritten-part>
    <line ass="317" asx="0" asy="758" character-width="999" dss="317" dsx="0" dsy="879" fd0="13051" fd1="3005" fd2="-1064" filter-width="4" id="g04-039-00" lbs="436" lbx="0" lby="840" segmentation="ok" slant="99000" stroke-width="5873" threshold="152" text="My eldest brother was then living in Limpsfield with" ubs="80" ubx="0" uby="799">
      <word id="g04-039-00-00" sentence-start="yes" tag="PP$" text="My">
        <cmp x="349" y="779" width="57" height="64" />
        <cmp x="410" y="805" width="38" height="72" />
      </word>
      <word id="g04-039-00-01" tag="JJT" text="eldest">
        <cmp x="495" y="796" width="24" height="43" />
        <cmp x="526" y="761" width="56" height="75" />
        <cmp x="589" y="796" width="27" height="42" />
        <cmp x="618" y="797" width="14" height="39" />
        <cmp x="642" y="771" width="21" height="70" />
      </word>
      <word id="g04-039-00-02" tag="NN" text="brother">
        <cmp x="728" y="764" width="23" height="68" />
        <cmp x="762" y="796" width="16" height="37" />
        <cmp x="782" y="799" width="25" height="35" />
        <cmp x="818" y="766" width="21" height="70" />
        <cmp x="839" y="772" width="37" height="61" />
        <cmp x="883" y="795" width="20" height="40" />
        <cmp x="907" y="805" width="22" height="28" />
      </word>
      <word id="g04-039-00-03" tag="BEDZ" text="was">
        <cmp x="972" y="798" width="46" height="33" />
        <cmp x="1026" y="795" width="32" height="31" />
        <cmp x="1063" y="791" width="17" height="36" />
      </word>
      <word id="g04-039-00-04" tag="RN" text="then">
        <cmp x="1139" y="768" width="23" height="64" />
        <cmp x="1168" y="770" width="29" height="60" />
        <cmp x="1208" y="798" width="21" height="38" />
        <cmp x="1234" y="804" width="29" height="31" />
      </word>
      <word id="g04-039-00-05" tag="VBG" text="living">
        <cmp x="1320" y="752" width="24" height="87" />
        <cmp x="1356" y="787" width="7" height="13" />
        <cmp x="1356" y="804" width="10" height="30" />
        <cmp x="1379" y="804" width="24" height="25" />
        <cmp x="1406" y="783" width="7" height="9" />
        <cmp x="1411" y="803" width="9" height="31" />
        <cmp x="1432" y="804" width="27" height="28" />
        <cmp x="1459" y="797" width="29" height="73" />
      </word>
      <word id="g04-039-00-06" tag="IN" text="in">
        <cmp x="1546" y="794" width="13" height="11" />
        <cmp x="1550" y="807" width="11" height="30" />
        <cmp x="1574" y="805" width="31" height="29" />
      </word>
      <word id="g04-039-00-07" tag="NP" text="Limpsfield">
        <cmp x="1679" y="766" width="36" height="69" />
        <cmp x="1727" y="781" width="6" height="9" />
        <cmp x="1729" y="801" width="11" height="32" />
        <cmp x="1752" y="804" width="43" height="30" />
        <cmp x="1801" y="798" width="28" height="66" />
        <cmp x="1832" y="799" width="22" height="34" />
        <cmp x="1868" y="752" width="19" height="81" />
        <cmp x="1897" y="780" width="7" height="8" />
        <cmp x="1899" y="796" width="9" height="32" />
        <cmp x="1919" y="793" width="19" height="39" />
        <cmp x="1946" y="765" width="55" height="67" />
      </word>
      <word id="g04-039-00-08" tag="IN" text="with">
        <cmp x="2058" y="801" width="47" height="30" />
        <cmp x="2113" y="777" width="7" height="8" />
        <cmp x="2114" y="800" width="8" height="29" />
        <cmp x="2133" y="769" width="14" height="65" />
        <cmp x="2154" y="768" width="27" height="68" />
      </word>
      <lower-contour>
        <point x="347" y="877" />
        <point x="2073" y="877" />
      </lower-contour>
    </line>
    <line ass="202" asx="0" asy="932" character-width="999" dss="202" dsx="0" dsy="1060" fd0="13212" fd1="3414" fd2="-727" filter-width="4" id="g04-039-01" lbs="209" lbx="0" lby="1020" segmentation="ok" slant="98000" stroke-width="5974" threshold="152" text="his family, and found a very suitable house nearby" ubs="188" ubx="0" uby="982">
      <word id="g04-039-01-00" tag="PP$" text="his">
        <cmp x="334" y="932" width="39" height="85" />
        <cmp x="382" y="971" width="6" height="9" />
        <cmp x="382" y="986" width="12" height="30" />
        <cmp x="398" y="980" width="22" height="41" />
      </word>
      <word id="g04-039-01-01" tag="NN" text="family">
        <cmp x="481" y="932" width="21" height="86" />
        <cmp x="511" y="983" width="28" height="33" />
        <cmp x="547" y="982" width="50" height="36" />
        <cmp x="607" y="968" width="5" height="11" />
        <cmp x="610" y="988" width="9" height="29" />
        <cmp x="633" y="952" width="23" height="68" />
        <cmp x="661" y="984" width="31" height="73" />
      </word>
      <word id="g04-039-01-02" tag="," text=",">
        <cmp x="718" y="1000" width="8" height="34" />
      </word>
      <word id="g04-039-01-03" tag="CC" text="and">
        <cmp x="766" y="982" width="31" height="33" />
        <cmp x="803" y="982" width="29" height="34" />
        <cmp x="840" y="948" width="34" height="67" />
      </word>
      <word id="g04-039-01-04" tag="VBD" text="found">
        <cmp x="925" y="934" width="24" height="80" />
        <cmp x="956" y="980" width="25" height="35" />
        <cmp x="983" y="982" width="31" height="31" />
        <cmp x="1020" y="984" width="30" height="32" />
        <cmp x="1058" y="942" width="28" height="73" />
      </word>
      <word id="g04-039-01-05" tag="AT" text="a">
        <cmp x="1155" y="980" width="25" height="33" />
      </word>
      <word id="g04-039-01-06" tag="QL" text="very">
        <cmp x="1228" y="975" width="25" height="37" />
        <cmp x="1263" y="975" width="18" height="41" />
        <cmp x="1284" y="979" width="20" height="32" />
        <cmp x="1304" y="978" width="31" height="67" />
      </word>
      <word id="g04-039-01-07" tag="JJ" text="suitable">
        <cmp x="1385" y="977" width="22" height="35" />
        <cmp x="1413" y="979" width="27" height="32" />
        <cmp x="1446" y="960" width="6" height="10" />
        <cmp x="1449" y="978" width="10" height="29" />
        <cmp x="1469" y="942" width="19" height="66" />
        <cmp x="1489" y="976" width="33" height="37" />
        <cmp x="1525" y="947" width="27" height="60" />
        <cmp x="1561" y="944" width="21" height="66" />
        <cmp x="1589" y="974" width="23" height="41" />
      </word>
      <word id="g04-039-01-08" tag="NN" text="house">
        <cmp x="1661" y="949" width="35" height="69" />
        <cmp x="1703" y="980" width="22" height="33" />
        <cmp x="1731" y="979" width="36" height="34" />
        <cmp x="1770" y="973" width="19" height="37" />
        <cmp x="1801" y="973" width="22" height="39" />
      </word>
      <word id="g04-039-01-09" tag="RB" text="nearby">
        <cmp x="1877" y="979" width="30" height="39" />
        <cmp x="1915" y="977" width="17" height="37" />
        <cmp x="1938" y="977" width="34" height="40" />
        <cmp x="1974" y="979" width="21" height="35" />
        <cmp x="2010" y="952" width="22" height="59" />
        <cmp x="2036" y="984" width="35" height="64" />
      </word>
      <upper-contour>
        <point x="347" y="877" />
        <point x="2073" y="877" />
      </upper-contour>
      <lower-contour>
        <point x="340" y="1058" />
        <point x="2073" y="1058" />
      </lower-contour>
    </line>
    <line ass="117" asx="0" asy="1114" character-width="999" dss="117" dsx="0" dsy="1233" fd0="12989" fd1="3402" fd2="-882" filter-width="4" id="g04-039-02" lbs="85" lbx="0" lby="1195" segmentation="ok" slant="96000" stroke-width="6083" threshold="151" text="where my mother settled, and eventually died in 1926" ubs="182" ubx="0" uby="1159">
      <word id="g04-039-02-00" tag="WRB" text="where">
        <cmp x="342" y="1163" width="36" height="27" />
        <cmp x="381" y="1116" width="33" height="84" />
        <cmp x="420" y="1157" width="20" height="39" />
        <cmp x="445" y="1163" width="21" height="35" />
        <cmp x="474" y="1159" width="20" height="39" />
      </word>
      <word id="g04-039-02-01" tag="PP$" text="my">
        <cmp x="570" y="1160" width="47" height="36" />
        <cmp x="620" y="1164" width="34" height="68" />
      </word>
      <word id="g04-039-02-02" tag="NN" text="mother">
        <cmp x="701" y="1160" width="56" height="35" />
        <cmp x="758" y="1161" width="29" height="32" />
        <cmp x="794" y="1132" width="20" height="65" />
        <cmp x="811" y="1139" width="30" height="53" />
        <cmp x="849" y="1154" width="21" height="36" />
        <cmp x="876" y="1155" width="20" height="36" />
      </word>
      <word id="g04-039-02-03" tag="VBD" text="settled">
        <cmp x="956" y="1151" width="25" height="43" />
        <cmp x="993" y="1151" width="23" height="41" />
        <cmp x="1018" y="1128" width="25" height="65" />
        <cmp x="1047" y="1129" width="15" height="61" />
        <cmp x="1076" y="1113" width="23" height="75" />
        <cmp x="1102" y="1119" width="54" height="75" />
      </word>
      <word id="g04-039-02-04" tag="," text=",">
        <cmp x="1165" y="1174" width="12" height="32" />
      </word>
      <word id="g04-039-02-05" tag="CC" text="and">
        <cmp x="1220" y="1160" width="24" height="37" />
        <cmp x="1247" y="1162" width="30" height="33" />
        <cmp x="1282" y="1132" width="30" height="63" />
      </word>
      <word id="g04-039-02-06" tag="RB" text="eventually">
        <cmp x="1384" y="1153" width="19" height="38" />
        <cmp x="1408" y="1155" width="28" height="35" />
        <cmp x="1443" y="1153" width="21" height="41" />
        <cmp x="1468" y="1159" width="32" height="29" />
        <cmp x="1503" y="1133" width="20" height="61" />
        <cmp x="1528" y="1161" width="30" height="32" />
        <cmp x="1563" y="1158" width="31" height="40" />
        <cmp x="1600" y="1125" width="97" height="101" />
      </word>
      <word id="g04-039-02-07" tag="VBD" text="died">
        <cmp x="1751" y="1123" width="26" height="77" />
        <cmp x="1792" y="1145" width="7" height="10" />
        <cmp x="1793" y="1166" width="9" height="28" />
        <cmp x="1815" y="1159" width="19" height="36" />
        <cmp x="1842" y="1124" width="26" height="67" />
      </word>
      <word id="g04-039-02-08" tag="IN" text="in">
        <cmp x="1919" y="1146" width="6" height="11" />
        <cmp x="1919" y="1160" width="8" height="27" />
        <cmp x="1943" y="1157" width="31" height="35" />
      </word>
      <word id="g04-039-02-09" tag="CD" text="1926">
        <cmp x="2029" y="1123" width="14" height="71" />
        <cmp x="2056" y="1130" width="30" height="62" />
        <cmp x="2096" y="1126" width="32" height="63" />
        <cmp x="2131" y="1133" width="34" height="62" />
      </word>
      <upper-contour>
        <point x="340" y="1058" />
        <point x="2073" y="1058" />
      </upper-contour>
      <lower-contour>
        <point x="340" y="1233" />
        <point x="2166" y="1233" />
      </lower-contour>
    </line>
    <line ass="257" asx="0" asy="1291" character-width="999" dss="257" dsx="0" dsy="1422" fd0="12867" fd1="3019" fd2="-305" filter-width="4" id="g04-039-03" lbs="278" lbx="0" lby="1376" segmentation="err" slant="96000" stroke-width="6238" threshold="151" text="at the age of 92. Dr. Burge was not able to be present" ubs="216" ubx="0" uby="1338">
      <word id="g04-039-03-00" tag="IN" text="at">
        <cmp x="338" y="1341" width="34" height="37" />
        <cmp x="380" y="1302" width="22" height="78" />
      </word>
      <word id="g04-039-03-01" tag="ATI" text="the">
        <cmp x="461" y="1302" width="27" height="75" />
        <cmp x="493" y="1309" width="24" height="67" />
        <cmp x="525" y="1340" width="17" height="37" />
      </word>
      <word id="g04-039-03-02" tag="NN" text="age">
        <cmp x="604" y="1339" width="32" height="37" />
        <cmp x="644" y="1339" width="27" height="77" />
        <cmp x="684" y="1334" width="24" height="38" />
      </word>
      <word id="g04-039-03-03" tag="INO" text="of">
        <cmp x="772" y="1335" width="26" height="29" />
        <cmp x="801" y="1289" width="30" height="78" />
      </word>
      <word id="g04-039-03-04" tag="CD" text="92">
        <cmp x="894" y="1307" width="31" height="61" />
        <cmp x="934" y="1304" width="31" height="66" />
      </word>
      <word id="g04-039-03-05" tag="." text=".">
        <cmp x="975" y="1365" width="6" height="8" />
      </word>
      <word id="g04-039-03-06" sentence-start="yes" tag="NPT" text="Dr.">
        <cmp x="1004" y="1299" width="37" height="71" />
        <cmp x="1054" y="1334" width="20" height="32" />
        <cmp x="1131" y="1302" width="41" height="74" />
      </word>
      <word id="g04-039-03-07" tag="NP" text="Burge">
        <cmp x="1185" y="1337" width="27" height="34" />
        <cmp x="1218" y="1339" width="17" height="30" />
        <cmp x="1231" y="1337" width="30" height="80" />
        <cmp x="1276" y="1328" width="28" height="42" />
      </word>
      <word id="g04-039-03-08" tag="BEDZ" text="was">
        <cmp x="1343" y="1335" width="41" height="29" />
        <cmp x="1387" y="1332" width="30" height="32" />
        <cmp x="1416" y="1328" width="17" height="40" />
      </word>
      <word id="g04-039-03-09" tag="XNOT" text="not">
        <cmp x="1477" y="1336" width="30" height="30" />
        <cmp x="1512" y="1336" width="25" height="29" />
        <cmp x="1542" y="1306" width="20" height="62" />
      </word>
      <word id="g04-039-03-10" tag="JJ" text="able">
        <cmp x="1603" y="1333" width="26" height="36" />
        <cmp x="1632" y="1311" width="24" height="60" />
        <cmp x="1663" y="1307" width="24" height="54" />
        <cmp x="1690" y="1327" width="22" height="39" />
      </word>
      <word id="g04-039-03-11" tag="TO" text="to">
        <cmp x="1775" y="1294" width="23" height="77" />
        <cmp x="1801" y="1337" width="20" height="27" />
      </word>
      <word id="g04-039-03-12" tag="BE" text="be">
        <cmp x="1869" y="1309" width="25" height="63" />
        <cmp x="1906" y="1330" width="23" height="38" />
      </word>
      <word id="g04-039-03-13" tag="JJ" text="present">
        <cmp x="1981" y="1334" width="27" height="68" />
        <cmp x="2022" y="1337" width="19" height="35" />
        <cmp x="2055" y="1330" width="19" height="35" />
        <cmp x="2072" y="1330" width="21" height="36" />
        <cmp x="2102" y="1328" width="21" height="38" />
        <cmp x="2124" y="1336" width="29" height="31" />
        <cmp x="2160" y="1306" width="16" height="66" />
      </word>
      <upper-contour>
        <point x="340" y="1233" />
        <point x="2166" y="1233" />
      </upper-contour>
      <lower-contour>
        <point x="341" y="1417" />
        <point x="2177" y="1417" />
      </lower-contour>
    </line>
    <line ass="88" asx="0" asy="1475" character-width="999" dss="88" dsx="0" dsy="1564" fd0="12831" fd1="3523" fd2="-497" filter-width="4" id="g04-039-04" lbs="91" lbx="0" lby="1552" segmentation="ok" slant="97000" stroke-width="5968" threshold="149" text="at the Institution and Induction Service in St. Mark&apos;s." ubs="83" ubx="0" uby="1518">
      <word id="g04-039-04-00" tag="IN" text="at">
        <cmp x="343" y="1516" width="33" height="37" />
        <cmp x="383" y="1486" width="26" height="70" />
      </word>
      <word id="g04-039-04-01" tag="ATI" text="the">
        <cmp x="460" y="1488" width="26" height="65" />
        <cmp x="486" y="1484" width="33" height="71" />
        <cmp x="525" y="1512" width="23" height="36" />
      </word>
      <word id="g04-039-04-02" tag="NN" text="Institution">
        <cmp x="619" y="1476" width="17" height="65" />
        <cmp x="650" y="1512" width="32" height="34" />
        <cmp x="690" y="1515" width="18" height="36" />
        <cmp x="720" y="1477" width="27" height="75" />
        <cmp x="751" y="1497" width="5" height="9" />
        <cmp x="751" y="1519" width="13" height="30" />
        <cmp x="781" y="1480" width="22" height="78" />
        <cmp x="804" y="1520" width="31" height="30" />
        <cmp x="847" y="1482" width="22" height="75" />
        <cmp x="872" y="1499" width="5" height="12" />
        <cmp x="874" y="1520" width="10" height="25" />
        <cmp x="894" y="1520" width="26" height="32" />
        <cmp x="921" y="1520" width="30" height="36" />
      </word>
      <word id="g04-039-04-03" tag="CC" text="and">
        <cmp x="1009" y="1518" width="30" height="36" />
        <cmp x="1044" y="1518" width="29" height="33" />
        <cmp x="1077" y="1476" width="31" height="78" />
      </word>
      <word id="g04-039-04-04" tag="NN" text="Induction">
        <cmp x="1170" y="1480" width="16" height="77" />
        <cmp x="1200" y="1518" width="26" height="30" />
        <cmp x="1235" y="1480" width="30" height="71" />
        <cmp x="1270" y="1514" width="29" height="33" />
        <cmp x="1307" y="1512" width="19" height="39" />
        <cmp x="1331" y="1488" width="23" height="62" />
        <cmp x="1357" y="1501" width="5" height="9" />
        <cmp x="1357" y="1518" width="8" height="27" />
        <cmp x="1375" y="1513" width="24" height="32" />
        <cmp x="1405" y="1517" width="27" height="35" />
      </word>
      <word id="g04-039-04-05" tag="NN" text="Service">
        <cmp x="1509" y="1476" width="34" height="74" />
        <cmp x="1556" y="1512" width="20" height="41" />
        <cmp x="1584" y="1515" width="18" height="34" />
        <cmp x="1610" y="1520" width="24" height="34" />
        <cmp x="1638" y="1512" width="8" height="7" />
        <cmp x="1641" y="1524" width="10" height="29" />
        <cmp x="1660" y="1512" width="34" height="48" />
        <cmp x="1695" y="1514" width="22" height="39" />
      </word>
      <word id="g04-039-04-06" tag="IN" text="in">
        <cmp x="1782" y="1498" width="8" height="12" />
        <cmp x="1783" y="1518" width="8" height="32" />
        <cmp x="1802" y="1516" width="26" height="29" />
      </word>
      <word id="g04-039-04-07" tag="NPT" text="St.">
        <cmp x="1884" y="1485" width="27" height="59" />
        <cmp x="1920" y="1479" width="26" height="69" />
        <cmp x="1955" y="1539" width="6" height="10" />
      </word>
      <word id="g04-039-04-08" tag="NP$" text="Mark&apos;s">
        <cmp x="1999" y="1478" width="46" height="67" />
        <cmp x="2057" y="1515" width="26" height="38" />
        <cmp x="2087" y="1519" width="19" height="28" />
        <cmp x="2114" y="1481" width="29" height="74" />
        <cmp x="2150" y="1506" width="6" height="22" />
        <cmp x="2156" y="1515" width="22" height="38" />
      </word>
      <word id="g04-039-04-09" tag="." text=".">
        <cmp x="2194" y="1552" width="6" height="9" />
      </word>
      <upper-contour>
        <point x="341" y="1417" />
        <point x="2177" y="1417" />
      </upper-contour>
      <lower-contour>
        <point x="356" y="1561" />
        <point x="2200" y="1561" />
      </lower-contour>
    </line>
    <line ass="86" asx="0" asy="1635" character-width="999" dss="86" dsx="0" dsy="1776" fd0="12877" fd1="3014" fd2="-746" filter-width="4" id="g04-039-05" lbs="90" lbx="0" lby="1729" segmentation="ok" slant="98000" stroke-width="6050" threshold="150" text="This was taken by the Suffragan Bishop of Woolwich," ubs="80" ubx="0" uby="1693">
      <word id="g04-039-05-00" sentence-start="yes" tag="DT" text="This">
        <cmp x="358" y="1635" width="44" height="98" />
        <cmp x="418" y="1635" width="51" height="93" />
        <cmp x="470" y="1680" width="5" height="10" />
        <cmp x="473" y="1700" width="11" height="26" />
        <cmp x="492" y="1696" width="21" height="36" />
      </word>
      <word id="g04-039-05-01" tag="BEDZ" text="was">
        <cmp x="585" y="1700" width="45" height="26" />
        <cmp x="638" y="1695" width="36" height="30" />
        <cmp x="674" y="1688" width="22" height="42" />
      </word>
      <word id="g04-039-05-02" tag="VBN" text="taken">
        <cmp x="765" y="1650" width="60" height="83" />
        <cmp x="820" y="1658" width="44" height="75" />
        <cmp x="869" y="1691" width="23" height="40" />
        <cmp x="892" y="1696" width="31" height="33" />
      </word>
      <word id="g04-039-05-03" tag="IN" text="by">
        <cmp x="978" y="1657" width="23" height="67" />
        <cmp x="1002" y="1694" width="29" height="68" />
      </word>
      <word id="g04-039-05-04" tag="ATI" text="the">
        <cmp x="1095" y="1653" width="25" height="76" />
        <cmp x="1125" y="1655" width="30" height="75" />
        <cmp x="1170" y="1691" width="21" height="33" />
      </word>
      <word id="g04-039-05-05" tag="JJ" text="Suffragan">
        <cmp x="1259" y="1652" width="26" height="76" />
        <cmp x="1291" y="1696" width="32" height="37" />
        <cmp x="1325" y="1635" width="30" height="93" />
        <cmp x="1370" y="1636" width="25" height="89" />
        <cmp x="1405" y="1688" width="21" height="37" />
        <cmp x="1427" y="1691" width="27" height="33" />
        <cmp x="1449" y="1693" width="39" height="80" />
        <cmp x="1501" y="1680" width="27" height="46" />
        <cmp x="1530" y="1695" width="28" height="34" />
      </word>
      <word id="g04-039-05-06" tag="NPT" text="Bishop">
        <cmp x="1605" y="1660" width="35" height="70" />
        <cmp x="1644" y="1696" width="6" height="7" />
        <cmp x="1650" y="1703" width="7" height="27" />
        <cmp x="1661" y="1697" width="21" height="36" />
        <cmp x="1688" y="1672" width="28" height="59" />
        <cmp x="1719" y="1696" width="56" height="67" />
      </word>
      <word id="g04-039-05-07" tag="INO" text="of">
        <cmp x="1819" y="1694" width="24" height="33" />
        <cmp x="1856" y="1648" width="27" height="82" />
      </word>
      <word id="g04-039-05-08" tag="NP" text="Woolwich">
        <cmp x="1925" y="1674" width="58" height="51" />
        <cmp x="1993" y="1691" width="23" height="31" />
        <cmp x="2018" y="1690" width="26" height="29" />
        <cmp x="2047" y="1651" width="28" height="68" />
        <cmp x="2081" y="1697" width="43" height="25" />
        <cmp x="2125" y="1673" width="6" height="7" />
        <cmp x="2128" y="1694" width="7" height="24" />
        <cmp x="2146" y="1682" width="18" height="35" />
        <cmp x="2161" y="1665" width="33" height="64" />
      </word>
      <word id="g04-039-05-09" tag="," text=",">
        <cmp x="2193" y="1724" width="17" height="24" />
      </word>
      <upper-contour>
        <point x="356" y="1561" />
        <point x="2200" y="1561" />
      </upper-contour>
      <lower-contour>
        <point x="356" y="1774" />
        <point x="2106" y="1774" />
      </lower-contour>
    </line>
    <line ass="114" asx="0" asy="1830" character-width="999" dss="114" dsx="0" dsy="1946" fd0="12957" fd1="3339" fd2="-484" filter-width="4" id="g04-039-06" lbs="113" lbx="0" lby="1912" segmentation="err" slant="101000" stroke-width="6150" threshold="150" text="Dr. John Leake, who lived at Blackheath, and was" ubs="115" ubx="0" uby="1873">
      <word id="g04-039-06-00" tag="NPT" text="Dr.">
        <cmp x="347" y="1831" width="33" height="77" />
        <cmp x="396" y="1881" width="19" height="29" />
        <cmp x="479" y="1834" width="47" height="112" />
      </word>
      <word id="g04-039-06-01" tag="NP" text="John">
        <cmp x="530" y="1877" width="26" height="30" />
        <cmp x="555" y="1837" width="34" height="74" />
        <cmp x="598" y="1878" width="25" height="33" />
      </word>
      <word id="g04-039-06-02" tag="NP" text="Leake">
        <cmp x="686" y="1838" width="36" height="82" />
        <cmp x="734" y="1871" width="23" height="40" />
        <cmp x="765" y="1865" width="24" height="41" />
        <cmp x="794" y="1833" width="31" height="76" />
        <cmp x="828" y="1871" width="24" height="42" />
      </word>
      <word id="g04-039-06-03" tag="," text=",">
        <cmp x="894" y="1895" width="10" height="42" />
      </word>
      <word id="g04-039-06-04" tag="WP" text="who">
        <cmp x="939" y="1874" width="48" height="37" />
        <cmp x="985" y="1831" width="35" height="84" />
        <cmp x="1022" y="1876" width="28" height="34" />
      </word>
      <word id="g04-039-06-05" tag="VBD" text="lived">
        <cmp x="1109" y="1831" width="20" height="79" />
        <cmp x="1137" y="1867" width="6" height="10" />
        <cmp x="1140" y="1881" width="11" height="26" />
        <cmp x="1161" y="1878" width="26" height="31" />
        <cmp x="1196" y="1869" width="24" height="40" />
        <cmp x="1222" y="1843" width="28" height="61" />
      </word>
      <word id="g04-039-06-06" tag="IN" text="at">
        <cmp x="1320" y="1875" width="42" height="33" />
        <cmp x="1369" y="1835" width="22" height="73" />
      </word>
      <word id="g04-039-06-07" tag="NP" text="Blackheath">
        <cmp x="1456" y="1843" width="33" height="67" />
        <cmp x="1506" y="1831" width="22" height="81" />
        <cmp x="1532" y="1873" width="31" height="42" />
        <cmp x="1571" y="1871" width="16" height="37" />
        <cmp x="1591" y="1847" width="24" height="63" />
        <cmp x="1627" y="1844" width="37" height="68" />
        <cmp x="1668" y="1874" width="18" height="34" />
        <cmp x="1693" y="1867" width="28" height="37" />
        <cmp x="1726" y="1838" width="23" height="69" />
        <cmp x="1748" y="1846" width="35" height="67" />
      </word>
      <word id="g04-039-06-08" tag="," text=",">
        <cmp x="1805" y="1893" width="8" height="41" />
      </word>
      <word id="g04-039-06-09" tag="CC" text="and">
        <cmp x="1848" y="1878" width="34" height="31" />
        <cmp x="1884" y="1876" width="32" height="33" />
        <cmp x="1918" y="1838" width="32" height="69" />
      </word>
      <word id="g04-039-06-10" tag="BEDZ" text="was">
        <cmp x="2001" y="1870" width="48" height="32" />
        <cmp x="2053" y="1869" width="36" height="33" />
        <cmp x="2085" y="1871" width="20" height="41" />
      </word>
      <upper-contour>
        <point x="356" y="1774" />
        <point x="2106" y="1774" />
      </upper-contour>
      <lower-contour>
        <point x="345" y="1946" />
        <point x="1154" y="1946" />
      </lower-contour>
    </line>
    <line ass="30" asx="0" asy="1999" character-width="999" dss="30" dsx="0" dsy="2095" fd0="12972" fd1="3072" fd2="-454" filter-width="4" id="g04-039-07" lbs="66" lbx="0" lby="2090" segmentation="ok" slant="98000" stroke-width="6023" threshold="151" text="a close friend of ours." ubs="-41" ubx="0" uby="2052">
      <word id="g04-039-07-00" tag="AT" text="a">
        <cmp x="342" y="2056" width="38" height="36" />
      </word>
      <word id="g04-039-07-01" tag="JJ" text="close">
        <cmp x="454" y="2053" width="18" height="33" />
        <cmp x="478" y="2009" width="70" height="81" />
        <cmp x="558" y="2045" width="23" height="40" />
      </word>
      <word id="g04-039-07-02" tag="NN" text="friend">
        <cmp x="648" y="2007" width="26" height="85" />
        <cmp x="682" y="2055" width="21" height="39" />
        <cmp x="702" y="2043" width="6" height="6" />
        <cmp x="707" y="2062" width="12" height="28" />
        <cmp x="731" y="2049" width="22" height="42" />
        <cmp x="755" y="2055" width="34" height="33" />
        <cmp x="793" y="2016" width="37" height="73" />
      </word>
      <word id="g04-039-07-03" tag="INO" text="of">
        <cmp x="905" y="2054" width="25" height="34" />
        <cmp x="942" y="2000" width="25" height="85" />
      </word>
      <word id="g04-039-07-04" tag="PP$$" text="ours">
        <cmp x="1023" y="2052" width="66" height="35" />
        <cmp x="1092" y="2054" width="20" height="35" />
        <cmp x="1115" y="2054" width="23" height="38" />
      </word>
      <word id="g04-039-07-05" tag="." text=".">
        <cmp x="1148" y="2084" width="6" height="9" />
      </word>
      <upper-contour>
        <point x="345" y="1946" />
        <point x="1154" y="1946" />
      </upper-contour>
    </line>
  </handwritten-part>
</form>

