<?xml version="1.0" encoding="ISO-8859-1"?>

<!DOCTYPE form SYSTEM 'http://www.iam.unibe.ch/~fki/iamdb/form-metadata.dtd'>

<form created="2002-01-18" height="3542" id="g04-055" last-modified="2002-07-17" skew="0" status="final" version="3.0_beta" width="2479" writer-id="323">
  <machine-printed-part>
    <machine-print-line text="We also had a little Mission Hall leading off the Brighton Road, in a street full of small" />
    <machine-print-line text="houses. This was called Ellen Avenue when I first went there, but was soon changed" />
    <machine-print-line text="into the better-sounding name of Lansdowne Road. There were lots of children there," />
    <machine-print-line text="and we had a flourishing Sunday School and an evening service. I soon saw that the" />
    <machine-print-line text="parish needed more help both at the church and Mission district." />
  </machine-printed-part>
  <handwritten-part>
    <line ass="-157" asx="0" asy="706" character-width="999" dss="-157" dsx="0" dsy="836" fd0="12581" fd1="2798" fd2="-1539" filter-width="3" id="g04-055-00" lbs="-157" lbx="0" lby="782" segmentation="ok" slant="89000" stroke-width="5428" threshold="184" text="We also had a little Mission Hall leading off" ubs="-159" ubx="0" uby="745">
      <word id="g04-055-00-00" sentence-start="yes" tag="PP1AS" text="We">
        <cmp x="376" y="735" width="51" height="46" />
        <cmp x="432" y="748" width="38" height="40" />
      </word>
      <word id="g04-055-00-01" tag="RB" text="also">
        <cmp x="518" y="757" width="44" height="36" />
        <cmp x="568" y="731" width="33" height="54" />
        <cmp x="602" y="751" width="35" height="33" />
        <cmp x="641" y="754" width="32" height="32" />
      </word>
      <word id="g04-055-00-02" tag="HVD" text="had">
        <cmp x="732" y="719" width="32" height="64" />
        <cmp x="772" y="723" width="78" height="63" />
      </word>
      <word id="g04-055-00-03" tag="AT" text="a">
        <cmp x="911" y="752" width="46" height="37" />
      </word>
      <word id="g04-055-00-04" tag="JJ" text="little">
        <cmp x="1020" y="725" width="49" height="69" />
        <cmp x="1065" y="745" width="3" height="6" />
        <cmp x="1083" y="733" width="41" height="58" />
        <cmp x="1139" y="720" width="56" height="69" />
      </word>
      <word id="g04-055-00-05" tag="NN" text="Mission">
        <cmp x="1257" y="711" width="53" height="74" />
        <cmp x="1314" y="755" width="7" height="21" />
        <cmp x="1323" y="733" width="4" height="5" />
        <cmp x="1329" y="740" width="39" height="37" />
        <cmp x="1369" y="744" width="32" height="37" />
        <cmp x="1404" y="749" width="17" height="31" />
        <cmp x="1418" y="736" width="4" height="10" />
        <cmp x="1425" y="743" width="29" height="38" />
        <cmp x="1460" y="746" width="33" height="33" />
      </word>
      <word id="g04-055-00-06" tag="NPL" text="Hall">
        <cmp x="1533" y="724" width="192" height="70" />
      </word>
      <word id="g04-055-00-07" tag="VBG" text="leading">
        <cmp x="1769" y="711" width="122" height="82" />
        <cmp x="1893" y="727" width="55" height="66" />
        <cmp x="1944" y="747" width="3" height="4" />
        <cmp x="1958" y="754" width="87" height="89" />
      </word>
      <word id="g04-055-00-08" tag="IN" text="off">
        <cmp x="2074" y="747" width="30" height="46" />
        <cmp x="2107" y="728" width="38" height="63" />
        <cmp x="2153" y="721" width="36" height="63" />
      </word>
      <lower-contour>
        <point x="374" y="843" />
        <point x="2190" y="843" />
      </lower-contour>
    </line>
    <line ass="-410" asx="0" asy="873" character-width="999" dss="-410" dsx="0" dsy="1010" fd0="12721" fd1="2479" fd2="-1514" filter-width="3" id="g04-055-01" lbs="-310" lbx="0" lby="953" segmentation="ok" slant="80000" stroke-width="5294" threshold="183" text="the Brighton Road, in a street full of small houses." ubs="-610" ubx="0" uby="910">
      <word id="g04-055-01-00" tag="ATI" text="the">
        <cmp x="346" y="890" width="64" height="60" />
        <cmp x="424" y="911" width="37" height="37" />
      </word>
      <word id="g04-055-01-01" tag="NP" text="Brighton">
        <cmp x="518" y="880" width="43" height="72" />
        <cmp x="570" y="918" width="44" height="42" />
        <cmp x="608" y="908" width="5" height="6" />
        <cmp x="616" y="893" width="80" height="123" />
        <cmp x="700" y="905" width="86" height="59" />
      </word>
      <word id="g04-055-01-02" tag="NPL" text="Road">
        <cmp x="822" y="883" width="196" height="80" />
      </word>
      <word id="g04-055-01-03" tag="," text=",">
        <cmp x="1041" y="952" width="11" height="21" />
      </word>
      <word id="g04-055-01-04" tag="IN" text="in">
        <cmp x="1079" y="931" width="16" height="28" />
        <cmp x="1088" y="906" width="6" height="6" />
        <cmp x="1114" y="920" width="32" height="38" />
      </word>
      <word id="g04-055-01-05" tag="AT" text="a">
        <cmp x="1184" y="922" width="36" height="39" />
      </word>
      <word id="g04-055-01-06" tag="NN" text="street">
        <cmp x="1261" y="928" width="28" height="38" />
        <cmp x="1301" y="900" width="20" height="62" />
        <cmp x="1329" y="925" width="32" height="40" />
        <cmp x="1368" y="924" width="37" height="43" />
        <cmp x="1410" y="926" width="34" height="45" />
        <cmp x="1451" y="908" width="33" height="60" />
      </word>
      <word id="g04-055-01-07" tag="JJ" text="full">
        <cmp x="1510" y="904" width="143" height="110" />
      </word>
      <word id="g04-055-01-08" tag="INO" text="of">
        <cmp x="1711" y="932" width="35" height="38" />
        <cmp x="1748" y="907" width="38" height="69" />
      </word>
      <word id="g04-055-01-09" tag="JJ" text="small">
        <cmp x="1815" y="930" width="31" height="35" />
        <cmp x="1851" y="906" width="170" height="67" />
      </word>
      <word id="g04-055-01-10" tag="NNS" text="houses">
        <cmp x="2056" y="888" width="32" height="73" />
        <cmp x="2095" y="924" width="29" height="39" />
        <cmp x="2128" y="924" width="61" height="36" />
        <cmp x="2177" y="927" width="5" height="4" />
        <cmp x="2190" y="925" width="58" height="34" />
      </word>
      <word id="g04-055-01-11" tag="." text=".">
        <cmp x="2257" y="959" width="5" height="5" />
      </word>
      <upper-contour>
        <point x="374" y="843" />
        <point x="2190" y="843" />
      </upper-contour>
      <lower-contour>
        <point x="344" y="1016" />
        <point x="2166" y="1016" />
      </lower-contour>
    </line>
    <line ass="-665" asx="0" asy="1061" character-width="999" dss="-665" dsx="0" dsy="1137" fd0="12662" fd1="2585" fd2="-1535" filter-width="3" id="g04-055-02" lbs="-633" lbx="0" lby="1130" segmentation="ok" slant="90000" stroke-width="5359" threshold="180" text="This was called Ellen Avenue when I first went" ubs="-729" ubx="0" uby="1094">
      <word id="g04-055-02-00" sentence-start="yes" tag="DT" text="This">
        <cmp x="344" y="1075" width="99" height="55" />
        <cmp x="426" y="1076" width="28" height="59" />
        <cmp x="459" y="1109" width="10" height="27" />
        <cmp x="468" y="1107" width="32" height="30" />
        <cmp x="471" y="1092" width="6" height="7" />
      </word>
      <word id="g04-055-02-01" tag="BEDZ" text="was">
        <cmp x="561" y="1097" width="52" height="41" />
        <cmp x="566" y="1104" width="4" height="3" />
        <cmp x="615" y="1100" width="33" height="37" />
        <cmp x="649" y="1102" width="32" height="36" />
        <cmp x="672" y="1103" width="4" height="3" />
      </word>
      <word id="g04-055-02-02" tag="VBN" text="called">
        <cmp x="733" y="1110" width="72" height="35" />
        <cmp x="811" y="1075" width="127" height="74" />
      </word>
      <word id="g04-055-02-03" tag="NP" text="Ellen">
        <cmp x="1015" y="1088" width="30" height="51" />
        <cmp x="1055" y="1074" width="123" height="74" />
      </word>
      <word id="g04-055-02-04" tag="NPL" text="Avenue">
        <cmp x="1247" y="1078" width="127" height="73" />
        <cmp x="1379" y="1117" width="30" height="33" />
        <cmp x="1408" y="1119" width="37" height="35" />
      </word>
      <word id="g04-055-02-05" tag="WRB" text="when">
        <cmp x="1488" y="1113" width="54" height="38" />
        <cmp x="1550" y="1090" width="31" height="54" />
        <cmp x="1586" y="1113" width="65" height="37" />
      </word>
      <word id="g04-055-02-06" tag="PP1A" text="I">
        <cmp x="1706" y="1108" width="37" height="42" />
      </word>
      <word id="g04-055-02-07" tag="RB" text="first">
        <cmp x="1784" y="1096" width="47" height="55" />
        <cmp x="1851" y="1118" width="23" height="32" />
        <cmp x="1873" y="1119" width="27" height="35" />
        <cmp x="1913" y="1110" width="22" height="42" />
      </word>
      <word id="g04-055-02-08" tag="VBD" text="went">
        <cmp x="2006" y="1119" width="47" height="35" />
        <cmp x="2054" y="1119" width="66" height="36" />
        <cmp x="2127" y="1113" width="38" height="43" />
      </word>
      <upper-contour>
        <point x="344" y="1016" />
        <point x="2166" y="1016" />
      </upper-contour>
      <lower-contour>
        <point x="342" y="1156" />
        <point x="2166" y="1156" />
      </lower-contour>
    </line>
    <line ass="-241" asx="0" asy="1225" character-width="999" dss="-241" dsx="0" dsy="1360" fd0="12679" fd1="2713" fd2="-1279" filter-width="3" id="g04-055-03" lbs="-138" lbx="0" lby="1315" segmentation="ok" slant="86000" stroke-width="5435" threshold="184" text="there, but was soon changed into the better-" ubs="-447" ubx="0" uby="1273">
      <word id="g04-055-03-00" tag="RN" text="there">
        <cmp x="304" y="1246" width="25" height="55" />
        <cmp x="341" y="1228" width="39" height="74" />
        <cmp x="402" y="1264" width="75" height="46" />
        <cmp x="482" y="1277" width="45" height="34" />
      </word>
      <word id="g04-055-03-01" tag="," text=",">
        <cmp x="552" y="1309" width="6" height="23" />
      </word>
      <word id="g04-055-03-02" tag="CC" text="but">
        <cmp x="626" y="1238" width="40" height="82" />
        <cmp x="669" y="1276" width="77" height="46" />
      </word>
      <word id="g04-055-03-03" tag="BEDZ" text="was">
        <cmp x="803" y="1282" width="53" height="42" />
        <cmp x="857" y="1283" width="34" height="41" />
        <cmp x="897" y="1285" width="24" height="42" />
      </word>
      <word id="g04-055-03-04" tag="RB" text="soon">
        <cmp x="987" y="1283" width="52" height="38" />
        <cmp x="1041" y="1281" width="40" height="44" />
        <cmp x="1082" y="1284" width="79" height="40" />
      </word>
      <word id="g04-055-03-05" tag="VBN" text="changed">
        <cmp x="1244" y="1263" width="152" height="65" />
        <cmp x="1407" y="1260" width="120" height="107" />
        <cmp x="1419" y="1294" width="6" height="4" />
      </word>
      <word id="g04-055-03-06" tag="IN" text="into">
        <cmp x="1595" y="1288" width="28" height="43" />
        <cmp x="1605" y="1271" width="5" height="6" />
        <cmp x="1624" y="1292" width="40" height="33" />
        <cmp x="1676" y="1296" width="3" height="4" />
        <cmp x="1680" y="1239" width="66" height="86" />
      </word>
      <word id="g04-055-03-07" tag="ATI" text="the">
        <cmp x="1796" y="1236" width="35" height="72" />
        <cmp x="1840" y="1239" width="33" height="71" />
        <cmp x="1881" y="1279" width="33" height="36" />
      </word>
      <word id="g04-055-03-08" tag="JJR--" text="better-">
        <cmp x="1947" y="1250" width="31" height="69" />
        <cmp x="1986" y="1266" width="144" height="58" />
        <cmp x="2149" y="1302" width="28" height="7" />
      </word>
      <upper-contour>
        <point x="342" y="1156" />
        <point x="2166" y="1156" />
      </upper-contour>
      <lower-contour>
        <point x="322" y="1368" />
        <point x="2178" y="1368" />
      </lower-contour>
    </line>
    <line ass="-798" asx="0" asy="1398" character-width="999" dss="-798" dsx="0" dsy="1527" fd0="12617" fd1="2171" fd2="-1630" filter-width="3" id="g04-055-04" lbs="-728" lbx="0" lby="1480" segmentation="err" slant="79000" stroke-width="5562" threshold="182" text="sounding name of Lansdowne Road. There" ubs="-939" ubx="0" uby="1437">
      <word id="g04-055-04-00" tag="-JJR" text="sounding">
        <cmp x="324" y="1431" width="42" height="55" />
        <cmp x="372" y="1440" width="34" height="47" />
        <cmp x="416" y="1446" width="39" height="48" />
        <cmp x="469" y="1418" width="100" height="65" />
        <cmp x="570" y="1431" width="4" height="8" />
        <cmp x="592" y="1442" width="79" height="95" />
      </word>
      <word id="g04-055-04-01" tag="NN" text="name">
        <cmp x="718" y="1453" width="212" height="46" />
      </word>
      <word id="g04-055-04-02" tag="INO" text="of">
        <cmp x="1021" y="1458" width="30" height="41" />
        <cmp x="1064" y="1435" width="35" height="63" />
      </word>
      <word id="g04-055-04-03" tag="NP" text="Lansdowne">
        <cmp x="1165" y="1418" width="131" height="77" />
        <cmp x="1310" y="1448" width="30" height="40" />
        <cmp x="1338" y="1451" width="4" height="3" />
        <cmp x="1345" y="1418" width="41" height="74" />
        <cmp x="1389" y="1450" width="37" height="40" />
        <cmp x="1430" y="1452" width="55" height="42" />
        <cmp x="1496" y="1458" width="31" height="43" />
        <cmp x="1532" y="1463" width="39" height="38" />
      </word>
      <word id="g04-055-04-04" tag="NPL" text="Road">
        <cmp x="1593" y="1427" width="61" height="96" />
        <cmp x="1673" y="1474" width="35" height="42" />
        <cmp x="1716" y="1432" width="104" height="86" />
      </word>
      <word id="g04-055-04-05" tag="." text=".">
        <cmp x="1823" y="1505" width="5" height="6" />
      </word>
      <word id="g04-055-04-06" sentence-start="yes" tag="EX" text="There">
        <cmp x="1857" y="1429" width="64" height="81" />
        <cmp x="1922" y="1427" width="37" height="74" />
        <cmp x="1963" y="1464" width="35" height="40" />
        <cmp x="2001" y="1469" width="25" height="34" />
        <cmp x="2031" y="1474" width="35" height="30" />
        <cmp x="2088" y="1467" width="132" height="42" />
      </word>
      <upper-contour>
        <point x="322" y="1368" />
        <point x="2178" y="1368" />
      </upper-contour>
      <lower-contour>
        <point x="360" y="1537" />
        <point x="2071" y="1537" />
      </lower-contour>
    </line>
    <line ass="-945" asx="0" asy="1581" character-width="999" dss="-945" dsx="0" dsy="1684" fd0="12940" fd1="2804" fd2="-1346" filter-width="3" id="g04-055-05" lbs="-916" lbx="0" lby="1661" segmentation="ok" slant="79000" stroke-width="5399" threshold="183" text="were lots of children there, and we had" ubs="-1002" ubx="0" uby="1622">
      <word id="g04-055-05-00" tag="BED" text="were">
        <cmp x="362" y="1633" width="57" height="40" />
        <cmp x="421" y="1633" width="40" height="42" />
        <cmp x="461" y="1639" width="36" height="37" />
        <cmp x="497" y="1639" width="39" height="37" />
      </word>
      <word id="g04-055-05-01" tag="NNS" text="lots">
        <cmp x="614" y="1592" width="78" height="85" />
        <cmp x="702" y="1611" width="41" height="61" />
        <cmp x="741" y="1626" width="21" height="40" />
      </word>
      <word id="g04-055-05-02" tag="INO" text="of">
        <cmp x="834" y="1619" width="39" height="48" />
        <cmp x="885" y="1611" width="25" height="56" />
      </word>
      <word id="g04-055-05-03" tag="NNS" text="children">
        <cmp x="978" y="1616" width="67" height="62" />
        <cmp x="1054" y="1647" width="8" height="31" />
        <cmp x="1056" y="1628" width="5" height="6" />
        <cmp x="1071" y="1600" width="79" height="71" />
        <cmp x="1153" y="1639" width="65" height="40" />
        <cmp x="1223" y="1641" width="32" height="39" />
      </word>
      <word id="g04-055-05-04" tag="RN" text="there">
        <cmp x="1319" y="1616" width="68" height="68" />
        <cmp x="1397" y="1642" width="26" height="37" />
        <cmp x="1434" y="1644" width="68" height="41" />
      </word>
      <word id="g04-055-05-05" tag="," text=",">
        <cmp x="1503" y="1680" width="15" height="29" />
      </word>
      <word id="g04-055-05-06" tag="CC" text="and">
        <cmp x="1572" y="1651" width="83" height="40" />
        <cmp x="1659" y="1633" width="43" height="63" />
      </word>
      <word id="g04-055-05-07" tag="PP1AS" text="we">
        <cmp x="1765" y="1654" width="60" height="45" />
        <cmp x="1827" y="1657" width="48" height="43" />
      </word>
      <word id="g04-055-05-08" tag="HVD" text="had">
        <cmp x="1913" y="1625" width="39" height="71" />
        <cmp x="1961" y="1624" width="109" height="72" />
      </word>
      <upper-contour>
        <point x="360" y="1537" />
        <point x="2071" y="1537" />
      </upper-contour>
      <lower-contour>
        <point x="360" y="1709" />
        <point x="2071" y="1709" />
      </lower-contour>
    </line>
    <line ass="-149" asx="0" asy="1776" character-width="999" dss="-149" dsx="0" dsy="1921" fd0="13261" fd1="2237" fd2="-1510" filter-width="3" id="g04-055-06" lbs="-167" lbx="0" lby="1851" segmentation="ok" slant="89000" stroke-width="5467" threshold="183" text="a flourishing Sunday School and an evening" ubs="-115" ubx="0" uby="1820">
      <word id="g04-055-06-00" tag="AT" text="a">
        <cmp x="348" y="1816" width="39" height="43" />
      </word>
      <word id="g04-055-06-01" tag="JJ" text="flourishing">
        <cmp x="484" y="1779" width="49" height="78" />
        <cmp x="534" y="1814" width="28" height="42" />
        <cmp x="562" y="1824" width="30" height="36" />
        <cmp x="605" y="1827" width="43" height="32" />
        <cmp x="650" y="1815" width="13" height="39" />
        <cmp x="675" y="1817" width="35" height="35" />
        <cmp x="724" y="1791" width="32" height="59" />
        <cmp x="761" y="1826" width="9" height="27" />
        <cmp x="769" y="1799" width="9" height="13" />
        <cmp x="787" y="1820" width="95" height="105" />
      </word>
      <word id="g04-055-06-02" tag="NR" text="Sunday">
        <cmp x="941" y="1791" width="50" height="62" />
        <cmp x="989" y="1824" width="34" height="32" />
        <cmp x="992" y="1792" width="7" height="3" />
        <cmp x="1036" y="1822" width="42" height="34" />
        <cmp x="1090" y="1799" width="138" height="111" />
      </word>
      <word id="g04-055-06-03" tag="NN" text="School">
        <cmp x="1270" y="1807" width="58" height="54" />
        <cmp x="1318" y="1804" width="157" height="66" />
        <cmp x="1473" y="1797" width="52" height="67" />
      </word>
      <word id="g04-055-06-04" tag="CC" text="and">
        <cmp x="1564" y="1783" width="146" height="84" />
      </word>
      <word id="g04-055-06-05" tag="AT" text="an">
        <cmp x="1758" y="1816" width="94" height="44" />
      </word>
      <word id="g04-055-06-06" tag="NN" text="evening">
        <cmp x="1887" y="1813" width="54" height="43" />
        <cmp x="1950" y="1815" width="67" height="43" />
        <cmp x="2034" y="1826" width="11" height="32" />
        <cmp x="2040" y="1805" width="6" height="13" />
        <cmp x="2057" y="1826" width="87" height="89" />
      </word>
      <upper-contour>
        <point x="360" y="1709" />
        <point x="2071" y="1709" />
      </upper-contour>
      <lower-contour>
        <point x="357" y="1925" />
        <point x="2149" y="1925" />
      </lower-contour>
    </line>
    <line ass="-821" asx="0" asy="1944" character-width="999" dss="-821" dsx="0" dsy="2031" fd0="12751" fd1="2809" fd2="-1071" filter-width="3" id="g04-055-07" lbs="-800" lbx="0" lby="2017" segmentation="err" slant="90000" stroke-width="5353" threshold="183" text="service. I soon saw that the parish needed" ubs="-863" ubx="0" uby="1979">
      <word id="g04-055-07-00" tag="NN" text="service">
        <cmp x="359" y="1980" width="38" height="45" />
        <cmp x="386" y="1979" width="5" height="4" />
        <cmp x="401" y="1987" width="60" height="43" />
        <cmp x="473" y="1984" width="41" height="49" />
        <cmp x="523" y="1991" width="29" height="42" />
      </word>
      <word id="g04-055-07-01" tag="." text=".">
        <cmp x="557" y="1994" width="53" height="47" />
      </word>
      <word id="g04-055-07-02" sentence-start="yes" tag="PP1A" text="I">
        <cmp x="653" y="1954" width="55" height="73" />
      </word>
      <word id="g04-055-07-03" tag="RB" text="soon">
        <cmp x="783" y="1969" width="41" height="42" />
        <cmp x="835" y="1974" width="35" height="39" />
        <cmp x="874" y="1974" width="30" height="42" />
        <cmp x="908" y="1982" width="37" height="43" />
      </word>
      <word id="g04-055-07-04" tag="VBD" text="saw">
        <cmp x="1023" y="1999" width="85" height="36" />
        <cmp x="1116" y="2003" width="46" height="34" />
      </word>
      <word id="g04-055-07-05" tag="CS" text="that">
        <cmp x="1225" y="1968" width="80" height="63" />
        <cmp x="1242" y="1966" width="4" height="6" />
        <cmp x="1310" y="1986" width="84" height="56" />
      </word>
      <word id="g04-055-07-06" tag="ATI" text="the">
        <cmp x="1461" y="1967" width="83" height="75" />
        <cmp x="1551" y="2006" width="38" height="40" />
      </word>
      <word id="g04-055-07-07" tag="NN" text="parish">
        <cmp x="1671" y="1998" width="34" height="55" />
        <cmp x="1710" y="2004" width="52" height="41" />
        <cmp x="1770" y="2013" width="50" height="38" />
        <cmp x="1818" y="2000" width="5" height="7" />
        <cmp x="1833" y="2010" width="44" height="40" />
        <cmp x="1884" y="1981" width="31" height="68" />
      </word>
      <word id="g04-055-07-08" tag="VBD" text="needed">
        <cmp x="1969" y="2007" width="5" height="6" />
        <cmp x="1974" y="2002" width="51" height="38" />
        <cmp x="2033" y="2005" width="39" height="44" />
        <cmp x="2082" y="1983" width="96" height="69" />
        <cmp x="2179" y="1980" width="82" height="76" />
      </word>
      <upper-contour>
        <point x="357" y="1925" />
        <point x="2149" y="1925" />
      </upper-contour>
      <lower-contour>
        <point x="357" y="2053" />
        <point x="2200" y="2053" />
      </lower-contour>
    </line>
    <line ass="-99" asx="0" asy="2130" character-width="999" dss="-99" dsx="0" dsy="2251" fd0="13085" fd1="2521" fd2="-1293" filter-width="3" id="g04-055-08" lbs="-162" lbx="0" lby="2214" segmentation="ok" slant="77000" stroke-width="5422" threshold="182" text="more help both at the church and Mission" ubs="25" ubx="0" uby="2174">
      <word id="g04-055-08-00" tag="AP" text="more">
        <cmp x="355" y="2176" width="123" height="46" />
        <cmp x="482" y="2180" width="80" height="47" />
      </word>
      <word id="g04-055-08-01" tag="NN" text="help">
        <cmp x="659" y="2133" width="162" height="121" />
      </word>
      <word id="g04-055-08-02" tag="ABX" text="both">
        <cmp x="894" y="2133" width="31" height="80" />
        <cmp x="933" y="2173" width="33" height="36" />
        <cmp x="984" y="2151" width="23" height="55" />
        <cmp x="1018" y="2141" width="36" height="67" />
      </word>
      <word id="g04-055-08-03" tag="IN" text="at">
        <cmp x="1118" y="2167" width="47" height="50" />
        <cmp x="1171" y="2149" width="27" height="62" />
      </word>
      <word id="g04-055-08-04" tag="ATI" text="the">
        <cmp x="1251" y="2151" width="25" height="61" />
        <cmp x="1291" y="2147" width="29" height="67" />
        <cmp x="1329" y="2181" width="37" height="38" />
      </word>
      <word id="g04-055-08-05" tag="NN" text="church">
        <cmp x="1441" y="2146" width="85" height="72" />
        <cmp x="1532" y="2179" width="33" height="39" />
        <cmp x="1582" y="2158" width="80" height="66" />
      </word>
      <word id="g04-055-08-06" tag="CC" text="and">
        <cmp x="1712" y="2181" width="47" height="43" />
        <cmp x="1768" y="2188" width="36" height="31" />
        <cmp x="1810" y="2152" width="44" height="67" />
      </word>
      <word id="g04-055-08-07" tag="NN" text="Mission">
        <cmp x="1916" y="2135" width="71" height="83" />
        <cmp x="1991" y="2193" width="13" height="34" />
        <cmp x="2017" y="2168" width="8" height="7" />
        <cmp x="2019" y="2175" width="31" height="49" />
        <cmp x="2051" y="2183" width="28" height="45" />
        <cmp x="2082" y="2196" width="12" height="32" />
        <cmp x="2095" y="2172" width="4" height="14" />
        <cmp x="2102" y="2184" width="33" height="44" />
        <cmp x="2150" y="2193" width="49" height="45" />
      </word>
      <upper-contour>
        <point x="357" y="2053" />
        <point x="2200" y="2053" />
      </upper-contour>
      <lower-contour>
        <point x="356" y="2227" />
        <point x="700" y="2227" />
      </lower-contour>
    </line>
    <line ass="-3039" asx="0" asy="2283" character-width="999" dss="-3039" dsx="0" dsy="2371" fd0="13171" fd1="3204" fd2="-1504" filter-width="3" id="g04-055-09" lbs="-3323" lbx="0" lby="2361" segmentation="ok" slant="80000" stroke-width="5306" threshold="179" text="district." ubs="-2472" ubx="0" uby="2332">
      <word id="g04-055-09-00" tag="NN" text="district">
        <cmp x="358" y="2312" width="53" height="78" />
        <cmp x="435" y="2350" width="7" height="35" />
        <cmp x="449" y="2326" width="5" height="7" />
        <cmp x="457" y="2363" width="8" height="12" />
        <cmp x="458" y="2334" width="41" height="57" />
        <cmp x="516" y="2312" width="20" height="71" />
        <cmp x="545" y="2351" width="54" height="42" />
        <cmp x="599" y="2340" width="12" height="7" />
        <cmp x="618" y="2340" width="66" height="65" />
      </word>
      <word id="g04-055-09-01" tag="." text=".">
        <cmp x="692" y="2396" width="8" height="6" />
      </word>
      <upper-contour>
        <point x="356" y="2227" />
        <point x="700" y="2227" />
      </upper-contour>
    </line>
  </handwritten-part>
</form>

