<?xml version="1.0" encoding="ISO-8859-1"?>

<!DOCTYPE form SYSTEM 'http://www.iam.unibe.ch/~fki/iamdb/form-metadata.dtd'>

<form created="2002-01-18" height="3542" id="g04-043" last-modified="2002-07-17" skew="30" status="final" version="3.0_beta" width="2479" writer-id="321">
  <machine-printed-part>
    <machine-print-line text="But what a change from the dear little old church at Tatsfield to the great modern" />
    <machine-print-line text="church of St. Mark&apos;s at Purley. One felt at Tatsfield that, small as the church was," />
    <machine-print-line text="it had its own atmosphere, and for centuries had been a House of Prayer. I could" />
    <machine-print-line text="not but feel the chilliness of the new church, beautiful as it was and is. When we" />
    <machine-print-line text="had found a group of people who gladly co-operated, we made the little side chapel a" />
    <machine-print-line text="place of daily prayer." />
  </machine-printed-part>
  <handwritten-part>
    <line ass="-31" asx="0" asy="767" character-width="999" dss="-31" dsx="0" dsy="845" fd0="13662" fd1="2855" fd2="-787" filter-width="3" id="g04-043-00" lbs="-46" lbx="0" lby="823" segmentation="ok" slant="107000" stroke-width="5276" threshold="180" text="But what a change from the dear little old church" ubs="0" ubx="0" uby="797">
      <word id="g04-043-00-00" sentence-start="yes" tag="CC" text="But">
        <cmp x="342" y="768" width="77" height="55" />
        <cmp x="425" y="790" width="30" height="36" />
      </word>
      <word id="g04-043-00-01" tag="WDT" text="what">
        <cmp x="526" y="796" width="52" height="29" />
        <cmp x="577" y="788" width="39" height="37" />
        <cmp x="616" y="798" width="45" height="25" />
        <cmp x="658" y="790" width="30" height="28" />
      </word>
      <word id="g04-043-00-02" tag="AT" text="a">
        <cmp x="735" y="800" width="44" height="25" />
      </word>
      <word id="g04-043-00-03" tag="NN" text="change">
        <cmp x="830" y="795" width="33" height="33" />
        <cmp x="859" y="787" width="37" height="37" />
        <cmp x="900" y="800" width="39" height="25" />
        <cmp x="939" y="798" width="40" height="27" />
        <cmp x="982" y="796" width="47" height="50" />
        <cmp x="1023" y="791" width="40" height="32" />
      </word>
      <word id="g04-043-00-04" tag="IN" text="from">
        <cmp x="1107" y="774" width="27" height="48" />
        <cmp x="1145" y="800" width="30" height="25" />
        <cmp x="1177" y="799" width="28" height="25" />
        <cmp x="1205" y="803" width="60" height="37" />
      </word>
      <word id="g04-043-00-05" tag="ATI" text="the">
        <cmp x="1330" y="781" width="52" height="45" />
        <cmp x="1384" y="795" width="38" height="31" />
      </word>
      <word id="g04-043-00-06" tag="JJ" text="dear">
        <cmp x="1461" y="781" width="30" height="44" />
        <cmp x="1500" y="796" width="94" height="30" />
      </word>
      <word id="g04-043-00-07" tag="JJ" text="little">
        <cmp x="1635" y="779" width="52" height="46" />
        <cmp x="1667" y="783" width="8" height="10" />
        <cmp x="1692" y="792" width="26" height="30" />
        <cmp x="1719" y="793" width="21" height="28" />
        <cmp x="1741" y="776" width="24" height="47" />
        <cmp x="1772" y="789" width="34" height="32" />
      </word>
      <word id="g04-043-00-08" tag="JJ" text="old">
        <cmp x="1860" y="801" width="27" height="23" />
        <cmp x="1891" y="777" width="68" height="48" />
      </word>
      <word id="g04-043-00-09" tag="NN" text="church">
        <cmp x="2006" y="781" width="53" height="45" />
        <cmp x="2063" y="801" width="28" height="22" />
        <cmp x="2094" y="801" width="19" height="24" />
        <cmp x="2111" y="795" width="60" height="38" />
      </word>
      <lower-contour>
        <point x="340" y="846" />
        <point x="2172" y="846" />
      </lower-contour>
    </line>
    <line ass="-195" asx="0" asy="937" character-width="999" dss="-195" dsx="0" dsy="1025" fd0="13177" fd1="2980" fd2="-909" filter-width="3" id="g04-043-01" lbs="-159" lbx="0" lby="999" segmentation="ok" slant="96000" stroke-width="4857" threshold="184" text="at Tatsfield to the great modern church of St. Mark&apos;s" ubs="-266" ubx="0" uby="969">
      <word id="g04-043-01-00" tag="IN" text="at">
        <cmp x="336" y="975" width="40" height="27" />
        <cmp x="376" y="966" width="21" height="33" />
      </word>
      <word id="g04-043-01-01" tag="NP" text="Tatsfield">
        <cmp x="494" y="943" width="53" height="57" />
        <cmp x="541" y="977" width="36" height="24" />
        <cmp x="580" y="967" width="26" height="34" />
        <cmp x="608" y="977" width="28" height="27" />
        <cmp x="641" y="960" width="23" height="43" />
        <cmp x="669" y="984" width="13" height="22" />
        <cmp x="670" y="960" width="7" height="4" />
        <cmp x="684" y="977" width="26" height="33" />
        <cmp x="715" y="961" width="60" height="49" />
      </word>
      <word id="g04-043-01-02" tag="IN" text="to">
        <cmp x="861" y="957" width="54" height="39" />
      </word>
      <word id="g04-043-01-03" tag="ATI" text="the">
        <cmp x="972" y="952" width="62" height="45" />
        <cmp x="1036" y="966" width="33" height="37" />
      </word>
      <word id="g04-043-01-04" tag="JJ" text="great">
        <cmp x="1138" y="972" width="43" height="57" />
        <cmp x="1176" y="972" width="22" height="27" />
        <cmp x="1197" y="972" width="73" height="30" />
        <cmp x="1271" y="965" width="27" height="36" />
      </word>
      <word id="g04-043-01-05" tag="JJ" text="modern">
        <cmp x="1350" y="979" width="59" height="44" />
        <cmp x="1414" y="980" width="23" height="26" />
        <cmp x="1439" y="960" width="26" height="46" />
        <cmp x="1472" y="975" width="30" height="31" />
        <cmp x="1500" y="974" width="19" height="30" />
        <cmp x="1519" y="977" width="35" height="27" />
      </word>
      <word id="g04-043-01-06" tag="NN" text="church">
        <cmp x="1605" y="964" width="58" height="45" />
        <cmp x="1666" y="983" width="31" height="23" />
        <cmp x="1697" y="968" width="75" height="41" />
      </word>
      <word id="g04-043-01-07" tag="INO" text="of">
        <cmp x="1823" y="983" width="30" height="22" />
        <cmp x="1860" y="964" width="20" height="40" />
      </word>
      <word id="g04-043-01-08" tag="NPT" text="St.">
        <cmp x="1923" y="956" width="63" height="54" />
        <cmp x="1994" y="995" width="7" height="6" />
      </word>
      <word id="g04-043-01-09" tag="NP$" text="Mark&apos;s">
        <cmp x="2033" y="944" width="40" height="65" />
        <cmp x="2077" y="979" width="32" height="26" />
        <cmp x="2114" y="979" width="20" height="27" />
        <cmp x="2139" y="966" width="33" height="39" />
        <cmp x="2178" y="970" width="20" height="18" />
        <cmp x="2200" y="980" width="28" height="32" />
      </word>
      <upper-contour>
        <point x="340" y="846" />
        <point x="2172" y="846" />
      </upper-contour>
      <lower-contour>
        <point x="334" y="1029" />
        <point x="2165" y="1029" />
      </lower-contour>
    </line>
    <line ass="8" asx="0" asy="1116" character-width="999" dss="8" dsx="0" dsy="1215" fd0="13508" fd1="2754" fd2="-944" filter-width="3" id="g04-043-02" lbs="25" lbx="0" lby="1181" segmentation="ok" slant="111000" stroke-width="5082" threshold="182" text="at Purley. One felt at Tatsfield that, small as the" ubs="-24" ubx="0" uby="1148">
      <word id="g04-043-02-00" tag="IN" text="at">
        <cmp x="331" y="1147" width="39" height="33" />
        <cmp x="374" y="1143" width="28" height="35" />
      </word>
      <word id="g04-043-02-01" tag="NP" text="Purley">
        <cmp x="493" y="1118" width="41" height="61" />
        <cmp x="531" y="1162" width="36" height="26" />
        <cmp x="562" y="1158" width="27" height="26" />
        <cmp x="589" y="1134" width="32" height="53" />
        <cmp x="621" y="1149" width="32" height="33" />
        <cmp x="645" y="1151" width="45" height="64" />
      </word>
      <word id="g04-043-02-02" tag="." text=".">
        <cmp x="707" y="1175" width="5" height="5" />
      </word>
      <word id="g04-043-02-03" sentence-start="yes" tag="CD1" text="One">
        <cmp x="743" y="1123" width="53" height="60" />
        <cmp x="806" y="1154" width="36" height="27" />
        <cmp x="845" y="1147" width="33" height="34" />
      </word>
      <word id="g04-043-02-04" tag="VBD" text="felt">
        <cmp x="937" y="1131" width="32" height="50" />
        <cmp x="977" y="1133" width="62" height="47" />
        <cmp x="1037" y="1146" width="28" height="36" />
      </word>
      <word id="g04-043-02-05" tag="IN" text="at">
        <cmp x="1122" y="1155" width="45" height="25" />
        <cmp x="1169" y="1148" width="28" height="31" />
      </word>
      <word id="g04-043-02-06" tag="NP" text="Tatsfield">
        <cmp x="1241" y="1117" width="46" height="57" />
        <cmp x="1289" y="1137" width="69" height="42" />
        <cmp x="1359" y="1124" width="25" height="55" />
        <cmp x="1388" y="1155" width="13" height="22" />
        <cmp x="1391" y="1139" width="5" height="5" />
        <cmp x="1406" y="1150" width="26" height="31" />
        <cmp x="1432" y="1131" width="62" height="50" />
      </word>
      <word id="g04-043-02-07" tag="CS" text="that">
        <cmp x="1541" y="1134" width="61" height="44" />
        <cmp x="1604" y="1154" width="34" height="23" />
        <cmp x="1637" y="1138" width="32" height="41" />
      </word>
      <word id="g04-043-02-08" tag="," text=",">
        <cmp x="1689" y="1178" width="11" height="22" />
      </word>
      <word id="g04-043-02-09" tag="JJ" text="small">
        <cmp x="1722" y="1153" width="35" height="32" />
        <cmp x="1759" y="1156" width="59" height="36" />
        <cmp x="1821" y="1152" width="33" height="24" />
        <cmp x="1858" y="1136" width="61" height="45" />
      </word>
      <word id="g04-043-02-10" tag="CS" text="as">
        <cmp x="1952" y="1161" width="46" height="24" />
        <cmp x="1999" y="1152" width="27" height="35" />
      </word>
      <word id="g04-043-02-11" tag="ATI" text="the">
        <cmp x="2063" y="1137" width="61" height="44" />
        <cmp x="2127" y="1149" width="37" height="33" />
      </word>
      <upper-contour>
        <point x="334" y="1029" />
        <point x="2165" y="1029" />
      </upper-contour>
      <lower-contour>
        <point x="329" y="1215" />
        <point x="2165" y="1215" />
      </lower-contour>
    </line>
    <line ass="-193" asx="0" asy="1299" character-width="999" dss="-193" dsx="0" dsy="1377" fd0="13479" fd1="3114" fd2="-926" filter-width="3" id="g04-043-03" lbs="-178" lbx="0" lby="1358" segmentation="err" slant="90000" stroke-width="5068" threshold="182" text="church was, it had its own atmosphere, and for centuries" ubs="-225" ubx="0" uby="1327">
      <word id="g04-043-03-00" tag="NN" text="church">
        <cmp x="328" y="1308" width="57" height="54" />
        <cmp x="389" y="1334" width="32" height="28" />
        <cmp x="419" y="1330" width="26" height="32" />
        <cmp x="446" y="1320" width="58" height="43" />
      </word>
      <word id="g04-043-03-01" tag="BEDZ" text="was">
        <cmp x="565" y="1324" width="40" height="34" />
        <cmp x="610" y="1328" width="36" height="30" />
        <cmp x="652" y="1324" width="23" height="38" />
        <cmp x="676" y="1357" width="16" height="20" />
      </word>
      <word id="g04-043-03-02" tag="," text=",">
        <cmp x="741" y="1326" width="6" height="31" />
        <cmp x="743" y="1305" width="5" height="5" />
      </word>
      <word id="g04-043-03-03" tag="PP3" text="it">
        <cmp x="753" y="1313" width="29" height="46" />
      </word>
      <word id="g04-043-03-04" tag="HVD" text="had">
        <cmp x="835" y="1305" width="27" height="52" />
        <cmp x="865" y="1331" width="34" height="27" />
        <cmp x="903" y="1311" width="34" height="51" />
      </word>
      <word id="g04-043-03-05" tag="PP$" text="its">
        <cmp x="1002" y="1324" width="7" height="35" />
        <cmp x="1012" y="1306" width="3" height="4" />
        <cmp x="1013" y="1324" width="24" height="35" />
        <cmp x="1039" y="1326" width="28" height="33" />
      </word>
      <word id="g04-043-03-06" tag="AP" text="own">
        <cmp x="1132" y="1336" width="25" height="27" />
        <cmp x="1164" y="1327" width="48" height="32" />
        <cmp x="1221" y="1331" width="30" height="30" />
      </word>
      <word id="g04-043-03-07" tag="NN" text="atmosphere">
        <cmp x="1316" y="1335" width="30" height="30" />
        <cmp x="1353" y="1319" width="75" height="61" />
        <cmp x="1433" y="1335" width="24" height="26" />
        <cmp x="1464" y="1334" width="22" height="27" />
        <cmp x="1492" y="1340" width="38" height="43" />
        <cmp x="1534" y="1320" width="25" height="43" />
        <cmp x="1561" y="1336" width="28" height="33" />
        <cmp x="1593" y="1333" width="23" height="32" />
        <cmp x="1620" y="1327" width="29" height="34" />
      </word>
      <word id="g04-043-03-08" tag="," text=",">
        <cmp x="1648" y="1356" width="13" height="21" />
      </word>
      <word id="g04-043-03-09" tag="CC" text="and">
        <cmp x="1681" y="1337" width="64" height="29" />
        <cmp x="1752" y="1309" width="32" height="51" />
      </word>
      <word id="g04-043-03-10" tag="IN" text="for">
        <cmp x="1833" y="1306" width="40" height="57" />
        <cmp x="1882" y="1337" width="25" height="27" />
      </word>
      <word id="g04-043-03-11" tag="NNS" text="centuries">
        <cmp x="1962" y="1334" width="23" height="31" />
        <cmp x="1984" y="1339" width="25" height="27" />
        <cmp x="2014" y="1341" width="25" height="24" />
        <cmp x="2044" y="1324" width="20" height="39" />
        <cmp x="2066" y="1339" width="27" height="22" />
        <cmp x="2100" y="1334" width="24" height="27" />
        <cmp x="2123" y="1339" width="7" height="22" />
        <cmp x="2126" y="1321" width="3" height="3" />
        <cmp x="2135" y="1337" width="27" height="29" />
        <cmp x="2158" y="1336" width="27" height="34" />
      </word>
      <upper-contour>
        <point x="329" y="1215" />
        <point x="2165" y="1215" />
      </upper-contour>
      <lower-contour>
        <point x="326" y="1384" />
        <point x="2186" y="1384" />
      </lower-contour>
    </line>
    <line ass="-47" asx="0" asy="1465" character-width="999" dss="-47" dsx="0" dsy="1572" fd0="13021" fd1="3507" fd2="-428" filter-width="3" id="g04-043-04" lbs="-84" lbx="0" lby="1539" segmentation="ok" slant="89000" stroke-width="5125" threshold="182" text="had been a House of Prayer. I could not but feel the" ubs="26" ubx="0" uby="1509">
      <word id="g04-043-04-00" tag="HVD" text="had">
        <cmp x="324" y="1468" width="71" height="73" />
        <cmp x="396" y="1494" width="25" height="48" />
      </word>
      <word id="g04-043-04-01" tag="BEN" text="been">
        <cmp x="498" y="1485" width="59" height="57" />
        <cmp x="555" y="1510" width="23" height="32" />
        <cmp x="585" y="1518" width="35" height="42" />
      </word>
      <word id="g04-043-04-02" tag="AT" text="a">
        <cmp x="684" y="1509" width="40" height="28" />
      </word>
      <word id="g04-043-04-03" tag="NPL" text="House">
        <cmp x="782" y="1468" width="45" height="70" />
        <cmp x="819" y="1509" width="22" height="26" />
        <cmp x="847" y="1512" width="30" height="27" />
        <cmp x="880" y="1510" width="25" height="35" />
        <cmp x="911" y="1510" width="35" height="37" />
      </word>
      <word id="g04-043-04-04" tag="INO" text="of">
        <cmp x="1008" y="1514" width="25" height="26" />
        <cmp x="1038" y="1485" width="28" height="54" />
      </word>
      <word id="g04-043-04-05" tag="NN" text="Prayer">
        <cmp x="1145" y="1467" width="44" height="69" />
        <cmp x="1177" y="1510" width="25" height="31" />
        <cmp x="1202" y="1512" width="66" height="63" />
        <cmp x="1273" y="1503" width="57" height="42" />
      </word>
      <word id="g04-043-04-06" tag="." text=".">
        <cmp x="1326" y="1539" width="7" height="6" />
      </word>
      <word id="g04-043-04-07" sentence-start="yes" tag="PP1A" text="I">
        <cmp x="1363" y="1476" width="55" height="67" />
      </word>
      <word id="g04-043-04-08" tag="MD" text="could">
        <cmp x="1463" y="1513" width="17" height="32" />
        <cmp x="1485" y="1514" width="26" height="27" />
        <cmp x="1514" y="1509" width="32" height="30" />
        <cmp x="1551" y="1491" width="58" height="51" />
      </word>
      <word id="g04-043-04-09" tag="XNOT" text="not">
        <cmp x="1664" y="1516" width="25" height="36" />
        <cmp x="1701" y="1517" width="25" height="28" />
        <cmp x="1729" y="1501" width="30" height="42" />
      </word>
      <word id="g04-043-04-10" tag="CS" text="but">
        <cmp x="1831" y="1477" width="28" height="64" />
        <cmp x="1866" y="1516" width="29" height="29" />
        <cmp x="1905" y="1507" width="22" height="41" />
      </word>
      <word id="g04-043-04-11" tag="VB" text="feel">
        <cmp x="1984" y="1491" width="30" height="50" />
        <cmp x="2009" y="1512" width="25" height="31" />
        <cmp x="2036" y="1513" width="24" height="32" />
        <cmp x="2067" y="1493" width="24" height="49" />
      </word>
      <word id="g04-043-04-12" tag="ATI" text="the">
        <cmp x="2134" y="1494" width="52" height="42" />
        <cmp x="2192" y="1508" width="32" height="34" />
      </word>
      <upper-contour>
        <point x="326" y="1384" />
        <point x="2186" y="1384" />
      </upper-contour>
      <lower-contour>
        <point x="335" y="1575" />
        <point x="2225" y="1575" />
      </lower-contour>
    </line>
    <line ass="47" asx="0" asy="1664" character-width="999" dss="47" dsx="0" dsy="1742" fd0="13435" fd1="3265" fd2="-865" filter-width="3" id="g04-043-05" lbs="45" lbx="0" lby="1720" segmentation="ok" slant="90000" stroke-width="4791" threshold="184" text="chilliness of the new church, beautiful as it was and is." ubs="49" ubx="0" uby="1692">
      <word id="g04-043-05-00" tag="NN" text="chilliness">
        <cmp x="337" y="1686" width="31" height="41" />
        <cmp x="369" y="1677" width="24" height="44" />
        <cmp x="400" y="1674" width="6" height="7" />
        <cmp x="403" y="1696" width="7" height="24" />
        <cmp x="432" y="1664" width="70" height="61" />
        <cmp x="493" y="1684" width="6" height="6" />
        <cmp x="506" y="1700" width="33" height="22" />
        <cmp x="540" y="1692" width="79" height="33" />
      </word>
      <word id="g04-043-05-01" tag="INO" text="of">
        <cmp x="692" y="1694" width="26" height="26" />
        <cmp x="727" y="1664" width="17" height="55" />
      </word>
      <word id="g04-043-05-02" tag="ATI" text="the">
        <cmp x="793" y="1679" width="57" height="44" />
        <cmp x="856" y="1691" width="32" height="32" />
      </word>
      <word id="g04-043-05-03" tag="JJ" text="new">
        <cmp x="947" y="1696" width="29" height="28" />
        <cmp x="979" y="1693" width="25" height="30" />
        <cmp x="1008" y="1688" width="50" height="30" />
      </word>
      <word id="g04-043-05-04" tag="NN" text="church">
        <cmp x="1123" y="1683" width="30" height="35" />
        <cmp x="1158" y="1671" width="20" height="50" />
        <cmp x="1184" y="1691" width="21" height="28" />
        <cmp x="1210" y="1688" width="23" height="29" />
        <cmp x="1233" y="1684" width="56" height="39" />
      </word>
      <word id="g04-043-05-05" tag="," text=",">
        <cmp x="1306" y="1717" width="15" height="24" />
      </word>
      <word id="g04-043-05-06" tag="JJ" text="beautiful">
        <cmp x="1363" y="1664" width="24" height="54" />
        <cmp x="1397" y="1685" width="24" height="34" />
        <cmp x="1421" y="1692" width="33" height="28" />
        <cmp x="1461" y="1686" width="26" height="30" />
        <cmp x="1500" y="1685" width="25" height="34" />
        <cmp x="1530" y="1674" width="6" height="5" />
        <cmp x="1537" y="1696" width="5" height="22" />
        <cmp x="1553" y="1670" width="24" height="49" />
        <cmp x="1577" y="1691" width="26" height="28" />
        <cmp x="1615" y="1664" width="28" height="54" />
      </word>
      <word id="g04-043-05-07" tag="CS" text="as">
        <cmp x="1704" y="1689" width="32" height="29" />
        <cmp x="1739" y="1686" width="25" height="38" />
      </word>
      <word id="g04-043-05-08" tag="PP3" text="it">
        <cmp x="1801" y="1675" width="6" height="5" />
        <cmp x="1804" y="1689" width="9" height="29" />
        <cmp x="1825" y="1678" width="20" height="44" />
      </word>
      <word id="g04-043-05-09" tag="BEDZ" text="was">
        <cmp x="1894" y="1698" width="38" height="28" />
        <cmp x="1936" y="1692" width="37" height="30" />
        <cmp x="1978" y="1687" width="27" height="40" />
      </word>
      <word id="g04-043-05-10" tag="CC" text="and">
        <cmp x="2052" y="1697" width="29" height="25" />
        <cmp x="2087" y="1696" width="23" height="25" />
        <cmp x="2114" y="1675" width="32" height="46" />
      </word>
      <word id="g04-043-05-11" tag="BEZ" text="is">
        <cmp x="2186" y="1676" width="9" height="8" />
        <cmp x="2188" y="1695" width="5" height="25" />
        <cmp x="2198" y="1690" width="23" height="31" />
        <cmp x="2213" y="1689" width="9" height="4" />
      </word>
      <word id="g04-043-05-12" tag="." text=".">
        <cmp x="2231" y="1711" width="5" height="6" />
      </word>
      <upper-contour>
        <point x="335" y="1575" />
        <point x="2225" y="1575" />
      </upper-contour>
      <lower-contour>
        <point x="335" y="1741" />
        <point x="2110" y="1741" />
      </lower-contour>
    </line>
    <line ass="-85" asx="0" asy="1829" character-width="999" dss="-85" dsx="0" dsy="1943" fd0="12771" fd1="2877" fd2="-787" filter-width="3" id="g04-043-06" lbs="-83" lbx="0" lby="1898" segmentation="ok" slant="90000" stroke-width="4879" threshold="185" text="When we had found a group of people who gladly" ubs="-87" ubx="0" uby="1866">
      <word id="g04-043-06-00" sentence-start="yes" tag="WRB" text="When">
        <cmp x="313" y="1858" width="56" height="42" />
        <cmp x="376" y="1837" width="35" height="65" />
        <cmp x="411" y="1870" width="59" height="35" />
      </word>
      <word id="g04-043-06-01" tag="PP1AS" text="we">
        <cmp x="547" y="1868" width="46" height="30" />
        <cmp x="604" y="1868" width="31" height="35" />
      </word>
      <word id="g04-043-06-02" tag="HVD" text="had">
        <cmp x="698" y="1848" width="22" height="49" />
        <cmp x="726" y="1870" width="40" height="26" />
        <cmp x="769" y="1849" width="32" height="46" />
      </word>
      <word id="g04-043-06-03" tag="VBN" text="found">
        <cmp x="862" y="1832" width="35" height="66" />
        <cmp x="885" y="1869" width="26" height="29" />
        <cmp x="916" y="1868" width="25" height="28" />
        <cmp x="948" y="1869" width="27" height="27" />
        <cmp x="979" y="1841" width="30" height="53" />
      </word>
      <word id="g04-043-06-04" tag="AT" text="a">
        <cmp x="1079" y="1861" width="43" height="32" />
      </word>
      <word id="g04-043-06-05" tag="NN" text="group">
        <cmp x="1164" y="1868" width="30" height="76" />
        <cmp x="1202" y="1873" width="17" height="29" />
        <cmp x="1224" y="1871" width="23" height="27" />
        <cmp x="1252" y="1871" width="29" height="29" />
        <cmp x="1292" y="1871" width="29" height="51" />
      </word>
      <word id="g04-043-06-06" tag="INO" text="of">
        <cmp x="1373" y="1868" width="28" height="32" />
        <cmp x="1410" y="1842" width="26" height="53" />
      </word>
      <word id="g04-043-06-07" tag="NNS" text="people">
        <cmp x="1491" y="1872" width="27" height="51" />
        <cmp x="1521" y="1871" width="28" height="33" />
        <cmp x="1548" y="1874" width="26" height="27" />
        <cmp x="1582" y="1873" width="28" height="49" />
        <cmp x="1612" y="1839" width="25" height="58" />
        <cmp x="1640" y="1864" width="25" height="36" />
      </word>
      <word id="g04-043-06-08" tag="WP" text="who">
        <cmp x="1739" y="1870" width="44" height="33" />
        <cmp x="1789" y="1852" width="29" height="49" />
        <cmp x="1824" y="1871" width="26" height="30" />
      </word>
      <word id="g04-043-06-09" tag="RB" text="gladly">
        <cmp x="1897" y="1870" width="35" height="74" />
        <cmp x="1936" y="1843" width="25" height="55" />
        <cmp x="1958" y="1871" width="26" height="27" />
        <cmp x="1992" y="1874" width="23" height="25" />
        <cmp x="2020" y="1841" width="34" height="59" />
        <cmp x="2054" y="1844" width="55" height="104" />
      </word>
      <upper-contour>
        <point x="335" y="1741" />
        <point x="2110" y="1741" />
      </upper-contour>
      <lower-contour>
        <point x="317" y="1948" />
        <point x="2110" y="1948" />
      </lower-contour>
    </line>
    <line ass="-172" asx="0" asy="2016" character-width="999" dss="-172" dsx="0" dsy="2102" fd0="13169" fd1="2694" fd2="-1013" filter-width="3" id="g04-043-07" lbs="-245" lbx="0" lby="2075" segmentation="ok" slant="89000" stroke-width="4992" threshold="182" text="co-operated, we made the little side chapel a place" ubs="-26" ubx="0" uby="2047">
      <word id="g04-043-07-00" tag="VBD" text="co-operated">
        <cmp x="319" y="2042" width="54" height="32" />
        <cmp x="389" y="2060" width="23" height="6" />
        <cmp x="438" y="2048" width="25" height="31" />
        <cmp x="464" y="2054" width="27" height="50" />
        <cmp x="497" y="2053" width="28" height="31" />
        <cmp x="528" y="2055" width="21" height="26" />
        <cmp x="554" y="2054" width="31" height="27" />
        <cmp x="598" y="2042" width="19" height="36" />
        <cmp x="619" y="2046" width="24" height="31" />
        <cmp x="646" y="2028" width="30" height="49" />
      </word>
      <word id="g04-043-07-01" tag="," text=",">
        <cmp x="701" y="2075" width="13" height="30" />
      </word>
      <word id="g04-043-07-02" tag="PP1AS" text="we">
        <cmp x="756" y="2042" width="41" height="33" />
        <cmp x="806" y="2040" width="28" height="40" />
      </word>
      <word id="g04-043-07-03" tag="VBD" text="made">
        <cmp x="886" y="2054" width="46" height="39" />
        <cmp x="944" y="2049" width="29" height="28" />
        <cmp x="981" y="2027" width="30" height="52" />
        <cmp x="1013" y="2043" width="25" height="41" />
      </word>
      <word id="g04-043-07-04" tag="ATI" text="the">
        <cmp x="1106" y="2034" width="51" height="47" />
        <cmp x="1161" y="2048" width="27" height="38" />
      </word>
      <word id="g04-043-07-05" tag="JJ" text="little">
        <cmp x="1250" y="2035" width="41" height="51" />
        <cmp x="1282" y="2033" width="6" height="5" />
        <cmp x="1297" y="2042" width="24" height="39" />
        <cmp x="1326" y="2044" width="19" height="37" />
        <cmp x="1348" y="2025" width="30" height="52" />
        <cmp x="1382" y="2048" width="30" height="36" />
      </word>
      <word id="g04-043-07-06" tag="NN" text="side">
        <cmp x="1482" y="2050" width="24" height="35" />
        <cmp x="1516" y="2057" width="8" height="26" />
        <cmp x="1520" y="2039" width="5" height="7" />
        <cmp x="1535" y="2031" width="34" height="52" />
        <cmp x="1570" y="2042" width="26" height="42" />
      </word>
      <word id="g04-043-07-07" tag="NN" text="chapel">
        <cmp x="1660" y="2049" width="30" height="33" />
        <cmp x="1692" y="2031" width="23" height="52" />
        <cmp x="1722" y="2050" width="35" height="31" />
        <cmp x="1764" y="2048" width="29" height="50" />
        <cmp x="1795" y="2043" width="26" height="36" />
        <cmp x="1820" y="2028" width="29" height="53" />
      </word>
      <word id="g04-043-07-08" tag="AT" text="a">
        <cmp x="1911" y="2052" width="39" height="30" />
      </word>
      <word id="g04-043-07-09" tag="NN" text="place">
        <cmp x="2000" y="2055" width="27" height="52" />
        <cmp x="2031" y="2024" width="27" height="59" />
        <cmp x="2053" y="2051" width="35" height="30" />
        <cmp x="2099" y="2050" width="14" height="31" />
        <cmp x="2121" y="2047" width="24" height="35" />
      </word>
      <upper-contour>
        <point x="317" y="1948" />
        <point x="2110" y="1948" />
      </upper-contour>
      <lower-contour>
        <point x="318" y="2105" />
        <point x="949" y="2105" />
      </lower-contour>
    </line>
    <line ass="-659" asx="0" asy="2193" character-width="999" dss="-659" dsx="0" dsy="2286" fd0="13104" fd1="3311" fd2="-603" filter-width="3" id="g04-043-08" lbs="-670" lbx="0" lby="2251" segmentation="ok" slant="87999" stroke-width="5048" threshold="178" text="of daily prayer." ubs="-637" ubx="0" uby="2219">
      <word id="g04-043-08-00" tag="INO" text="of">
        <cmp x="320" y="2221" width="26" height="32" />
        <cmp x="354" y="2200" width="28" height="57" />
      </word>
      <word id="g04-043-08-01" tag="JJ" text="daily">
        <cmp x="490" y="2200" width="26" height="57" />
        <cmp x="521" y="2227" width="27" height="31" />
        <cmp x="562" y="2232" width="6" height="23" />
        <cmp x="567" y="2215" width="5" height="7" />
        <cmp x="583" y="2201" width="26" height="61" />
        <cmp x="615" y="2224" width="30" height="70" />
      </word>
      <word id="g04-043-08-02" tag="NN" text="prayer">
        <cmp x="724" y="2231" width="28" height="57" />
        <cmp x="759" y="2228" width="25" height="30" />
        <cmp x="785" y="2227" width="27" height="29" />
        <cmp x="817" y="2225" width="28" height="68" />
        <cmp x="851" y="2224" width="30" height="39" />
        <cmp x="887" y="2228" width="27" height="32" />
      </word>
      <word id="g04-043-08-03" tag="." text=".">
        <cmp x="942" y="2258" width="7" height="7" />
      </word>
      <upper-contour>
        <point x="318" y="2105" />
        <point x="949" y="2105" />
      </upper-contour>
    </line>
  </handwritten-part>
</form>

