<?xml version="1.0" encoding="ISO-8859-1"?>

<!DOCTYPE form SYSTEM 'http://www.iam.unibe.ch/~fki/iamdb/form-metadata.dtd'>

<form created="2002-01-18" height="3542" id="g04-072" last-modified="2002-07-17" skew="63" status="final" version="3.0_beta" width="2479" writer-id="325">
  <machine-printed-part>
    <machine-print-line text="Indeed, for the next seventeen years, during my time at Purley, and from 1922 at" />
    <machine-print-line text="Surbiton, I was continuously Chairman of the local War Pensions Committee. This" />
    <machine-print-line text="task involved a very great deal of detailed work for the Committee. We had a splendid" />
    <machine-print-line text="body of local residents, and a series of excellent Honorary Secretaries. Our Committee" />
    <machine-print-line text="met once a week in the evenings, and included professional men from every walk of" />
    <machine-print-line text="life." />
  </machine-printed-part>
  <handwritten-part>
    <line ass="-967" asx="0" asy="738" character-width="999" dss="-967" dsx="0" dsy="874" fd0="13079" fd1="2806" fd2="-1448" filter-width="3" id="g04-072-00" lbs="-927" lbx="0" lby="835" segmentation="err" slant="98000" stroke-width="5705" threshold="184" text="Indeed, for the next seventeen years, during my time at" ubs="-1047" ubx="0" uby="793">
      <word id="g04-072-00-00" sentence-start="yes" tag="RB" text="Indeed">
        <cmp x="353" y="745" width="18" height="95" />
        <cmp x="381" y="804" width="33" height="32" />
        <cmp x="422" y="755" width="25" height="86" />
        <cmp x="459" y="797" width="57" height="44" />
        <cmp x="516" y="780" width="27" height="60" />
        <cmp x="545" y="839" width="15" height="27" />
        <cmp x="558" y="760" width="43" height="82" />
      </word>
      <word id="g04-072-00-01" tag="," text=",">
        <cmp x="598" y="819" width="22" height="28" />
      </word>
      <word id="g04-072-00-02" tag="IN" text="for">
        <cmp x="626" y="810" width="23" height="39" />
      </word>
      <word id="g04-072-00-03" tag="ATI" text="the">
        <cmp x="683" y="767" width="60" height="83" />
        <cmp x="745" y="805" width="24" height="38" />
      </word>
      <word id="g04-072-00-04" tag="AP" text="next">
        <cmp x="798" y="801" width="34" height="48" />
        <cmp x="835" y="800" width="29" height="50" />
        <cmp x="859" y="798" width="34" height="55" />
        <cmp x="895" y="807" width="38" height="48" />
      </word>
      <word id="g04-072-00-05" tag="CD" text="seventeen">
        <cmp x="976" y="810" width="20" height="46" />
        <cmp x="1007" y="809" width="36" height="40" />
        <cmp x="1039" y="803" width="28" height="49" />
        <cmp x="1067" y="799" width="93" height="57" />
        <cmp x="1162" y="809" width="28" height="41" />
        <cmp x="1191" y="812" width="63" height="44" />
      </word>
      <word id="g04-072-00-06" tag="NNS" text="years">
        <cmp x="1293" y="810" width="35" height="63" />
        <cmp x="1332" y="820" width="32" height="41" />
        <cmp x="1368" y="822" width="42" height="37" />
        <cmp x="1415" y="817" width="26" height="41" />
        <cmp x="1435" y="820" width="29" height="37" />
        <cmp x="1457" y="859" width="22" height="32" />
      </word>
      <word id="g04-072-00-07" tag="," text=",">
        <cmp x="1488" y="789" width="28" height="75" />
      </word>
      <word id="g04-072-00-08" tag="IN" text="during">
        <cmp x="1522" y="824" width="29" height="31" />
        <cmp x="1563" y="824" width="25" height="36" />
        <cmp x="1593" y="793" width="8" height="28" />
        <cmp x="1594" y="829" width="11" height="25" />
        <cmp x="1617" y="829" width="56" height="74" />
      </word>
      <word id="g04-072-00-09" tag="PP$" text="my">
        <cmp x="1692" y="820" width="56" height="38" />
        <cmp x="1748" y="828" width="33" height="66" />
      </word>
      <word id="g04-072-00-10" tag="NN" text="time">
        <cmp x="1801" y="808" width="60" height="63" />
        <cmp x="1850" y="776" width="14" height="33" />
        <cmp x="1870" y="822" width="41" height="44" />
        <cmp x="1921" y="823" width="35" height="40" />
      </word>
      <word id="g04-072-00-11" tag="IN" text="at">
        <cmp x="1991" y="812" width="89" height="58" />
      </word>
      <lower-contour>
        <point x="351" y="903" />
        <point x="1997" y="903" />
      </lower-contour>
    </line>
    <line ass="-750" asx="0" asy="914" character-width="999" dss="-750" dsx="0" dsy="1057" fd0="13035" fd1="3199" fd2="-1245" filter-width="3" id="g04-072-01" lbs="-725" lbx="0" lby="1017" segmentation="ok" slant="90000" stroke-width="5602" threshold="184" text="Purley, and from 1922 at Surbiton, I was continuously" ubs="-800" ubx="0" uby="977">
      <word id="g04-072-01-00" tag="NP" text="Purley">
        <cmp x="344" y="920" width="39" height="95" />
        <cmp x="366" y="990" width="28" height="29" />
        <cmp x="395" y="983" width="22" height="33" />
        <cmp x="417" y="945" width="11" height="75" />
        <cmp x="433" y="979" width="63" height="63" />
      </word>
      <word id="g04-072-01-01" tag="," text=",">
        <cmp x="502" y="1023" width="12" height="27" />
      </word>
      <word id="g04-072-01-02" tag="CC" text="and">
        <cmp x="528" y="994" width="29" height="36" />
        <cmp x="566" y="998" width="28" height="30" />
        <cmp x="601" y="958" width="29" height="68" />
      </word>
      <word id="g04-072-01-03" tag="IN" text="from">
        <cmp x="668" y="939" width="96" height="88" />
        <cmp x="766" y="998" width="43" height="39" />
      </word>
      <word id="g04-072-01-04" tag="CD" text="1922">
        <cmp x="875" y="966" width="31" height="56" />
        <cmp x="910" y="966" width="40" height="55" />
        <cmp x="951" y="970" width="31" height="52" />
        <cmp x="982" y="978" width="34" height="52" />
      </word>
      <word id="g04-072-01-05" tag="IN" text="at">
        <cmp x="1039" y="982" width="74" height="48" />
      </word>
      <word id="g04-072-01-06" tag="NP" text="Surbiton">
        <cmp x="1165" y="952" width="59" height="79" />
        <cmp x="1229" y="994" width="20" height="33" />
        <cmp x="1249" y="952" width="30" height="76" />
        <cmp x="1287" y="1002" width="7" height="33" />
        <cmp x="1288" y="970" width="13" height="18" />
        <cmp x="1299" y="992" width="60" height="46" />
        <cmp x="1370" y="993" width="32" height="40" />
      </word>
      <word id="g04-072-01-07" tag="," text=",">
        <cmp x="1401" y="1036" width="12" height="23" />
      </word>
      <word id="g04-072-01-08" tag="PP1A" text="I">
        <cmp x="1434" y="941" width="8" height="91" />
      </word>
      <word id="g04-072-01-09" tag="BEDZ" text="was">
        <cmp x="1475" y="984" width="41" height="61" />
        <cmp x="1516" y="997" width="38" height="42" />
        <cmp x="1556" y="1000" width="23" height="41" />
      </word>
      <word id="g04-072-01-10" tag="RB" text="continuously">
        <cmp x="1615" y="984" width="30" height="52" />
        <cmp x="1646" y="1007" width="24" height="23" />
        <cmp x="1679" y="988" width="76" height="52" />
        <cmp x="1749" y="971" width="10" height="18" />
        <cmp x="1766" y="1005" width="29" height="30" />
        <cmp x="1804" y="1011" width="34" height="28" />
        <cmp x="1840" y="1011" width="26" height="26" />
        <cmp x="1869" y="1009" width="34" height="30" />
        <cmp x="1905" y="1000" width="25" height="39" />
        <cmp x="1937" y="964" width="10" height="86" />
        <cmp x="1953" y="1006" width="43" height="77" />
      </word>
      <upper-contour>
        <point x="351" y="903" />
        <point x="1997" y="903" />
      </upper-contour>
      <lower-contour>
        <point x="353" y="1083" />
        <point x="1997" y="1083" />
      </lower-contour>
    </line>
    <line ass="-1060" asx="0" asy="1083" character-width="999" dss="-1060" dsx="0" dsy="1194" fd0="12708" fd1="3088" fd2="-1168" filter-width="3" id="g04-072-02" lbs="-1069" lbx="0" lby="1183" segmentation="err" slant="90000" stroke-width="5687" threshold="181" text="Chairman of the local War Pensions Committee. This" ubs="-1041" ubx="0" uby="1149">
      <word id="g04-072-02-00" tag="NPT" text="Chairman">
        <cmp x="355" y="1103" width="63" height="87" />
        <cmp x="429" y="1152" width="42" height="32" />
        <cmp x="476" y="1132" width="10" height="19" />
        <cmp x="481" y="1159" width="6" height="29" />
        <cmp x="495" y="1154" width="29" height="31" />
        <cmp x="531" y="1150" width="41" height="42" />
        <cmp x="583" y="1163" width="29" height="32" />
        <cmp x="627" y="1163" width="27" height="36" />
      </word>
      <word id="g04-072-02-01" tag="INO" text="of">
        <cmp x="703" y="1173" width="30" height="30" />
        <cmp x="731" y="1132" width="48" height="67" />
      </word>
      <word id="g04-072-02-02" tag="ATI" text="the">
        <cmp x="819" y="1127" width="55" height="79" />
        <cmp x="878" y="1169" width="29" height="39" />
      </word>
      <word id="g04-072-02-03" tag="JJ" text="local">
        <cmp x="956" y="1122" width="8" height="77" />
        <cmp x="973" y="1132" width="108" height="75" />
      </word>
      <word id="g04-072-02-04" tag="NN" text="War">
        <cmp x="1148" y="1116" width="84" height="98" />
        <cmp x="1239" y="1171" width="23" height="39" />
      </word>
      <word id="g04-072-02-05" tag="NNS" text="Pensions">
        <cmp x="1310" y="1108" width="45" height="109" />
        <cmp x="1331" y="1172" width="65" height="44" />
        <cmp x="1403" y="1171" width="21" height="42" />
        <cmp x="1430" y="1183" width="9" height="33" />
        <cmp x="1439" y="1148" width="8" height="26" />
        <cmp x="1447" y="1180" width="31" height="31" />
        <cmp x="1482" y="1173" width="29" height="47" />
        <cmp x="1515" y="1178" width="21" height="37" />
      </word>
      <word id="g04-072-02-06" tag="NN" text="Committee">
        <cmp x="1577" y="1123" width="56" height="87" />
        <cmp x="1637" y="1183" width="43" height="30" />
        <cmp x="1687" y="1185" width="50" height="40" />
        <cmp x="1745" y="1192" width="10" height="28" />
        <cmp x="1750" y="1159" width="8" height="16" />
        <cmp x="1759" y="1173" width="77" height="55" />
        <cmp x="1836" y="1180" width="45" height="39" />
        <cmp x="1872" y="1183" width="52" height="43" />
      </word>
      <word id="g04-072-02-07" tag="." text=".">
        <cmp x="1930" y="1152" width="69" height="66" />
      </word>
      <word id="g04-072-02-08" sentence-start="yes" tag="DT" text="This">
        <cmp x="2004" y="1144" width="33" height="83" />
        <cmp x="2056" y="1192" width="7" height="34" />
        <cmp x="2058" y="1165" width="13" height="21" />
        <cmp x="2076" y="1182" width="26" height="40" />
      </word>
      <upper-contour>
        <point x="353" y="1083" />
        <point x="1997" y="1083" />
      </upper-contour>
      <lower-contour>
        <point x="353" y="1228" />
        <point x="2102" y="1228" />
      </lower-contour>
    </line>
    <line ass="-714" asx="0" asy="1296" character-width="999" dss="-714" dsx="0" dsy="1408" fd0="12739" fd1="2504" fd2="-1164" filter-width="3" id="g04-072-03" lbs="-740" lbx="0" lby="1372" segmentation="ok" slant="86000" stroke-width="5574" threshold="182" text="task involved a very great deal of detailed work for" ubs="-662" ubx="0" uby="1340">
      <word id="g04-072-03-00" tag="NN" text="task">
        <cmp x="341" y="1319" width="44" height="59" />
        <cmp x="384" y="1339" width="40" height="33" />
        <cmp x="432" y="1337" width="23" height="45" />
        <cmp x="460" y="1316" width="54" height="61" />
      </word>
      <word id="g04-072-03-01" tag="VBD" text="involved">
        <cmp x="550" y="1343" width="10" height="31" />
        <cmp x="555" y="1311" width="9" height="31" />
        <cmp x="572" y="1336" width="28" height="37" />
        <cmp x="615" y="1340" width="29" height="30" />
        <cmp x="645" y="1346" width="27" height="29" />
        <cmp x="692" y="1306" width="12" height="74" />
        <cmp x="707" y="1343" width="26" height="33" />
        <cmp x="739" y="1339" width="31" height="41" />
        <cmp x="764" y="1315" width="35" height="68" />
      </word>
      <word id="g04-072-03-02" tag="AT" text="a">
        <cmp x="849" y="1354" width="52" height="34" />
      </word>
      <word id="g04-072-03-03" tag="QL" text="very">
        <cmp x="932" y="1348" width="61" height="42" />
        <cmp x="996" y="1352" width="34" height="41" />
        <cmp x="1027" y="1360" width="34" height="50" />
      </word>
      <word id="g04-072-03-04" tag="JJ" text="great">
        <cmp x="1087" y="1346" width="171" height="77" />
      </word>
      <word id="g04-072-03-05" tag="NN" text="deal">
        <cmp x="1299" y="1319" width="73" height="76" />
        <cmp x="1372" y="1319" width="70" height="83" />
      </word>
      <word id="g04-072-03-06" tag="INO" text="of">
        <cmp x="1487" y="1328" width="69" height="65" />
      </word>
      <word id="g04-072-03-07" tag="JJ" text="detailed">
        <cmp x="1589" y="1324" width="32" height="69" />
        <cmp x="1622" y="1341" width="112" height="64" />
        <cmp x="1742" y="1329" width="6" height="23" />
        <cmp x="1746" y="1371" width="6" height="24" />
        <cmp x="1765" y="1329" width="9" height="70" />
        <cmp x="1779" y="1321" width="63" height="82" />
      </word>
      <word id="g04-072-03-08" tag="NN" text="work">
        <cmp x="1876" y="1346" width="42" height="50" />
        <cmp x="1919" y="1363" width="29" height="28" />
        <cmp x="1956" y="1356" width="26" height="32" />
        <cmp x="1980" y="1342" width="52" height="53" />
      </word>
      <word id="g04-072-03-09" tag="IN" text="for">
        <cmp x="2045" y="1327" width="72" height="70" />
        <cmp x="2124" y="1360" width="30" height="34" />
      </word>
      <upper-contour>
        <point x="353" y="1228" />
        <point x="2102" y="1228" />
      </upper-contour>
      <lower-contour>
        <point x="339" y="1423" />
        <point x="2155" y="1423" />
      </lower-contour>
    </line>
    <line ass="-663" asx="0" asy="1456" character-width="999" dss="-663" dsx="0" dsy="1593" fd0="12808" fd1="2905" fd2="-1171" filter-width="3" id="g04-072-04" lbs="-669" lbx="0" lby="1557" segmentation="ok" slant="90000" stroke-width="5573" threshold="184" text="the Committee. We had a splendid body of local residents," ubs="-651" ubx="0" uby="1516">
      <word id="g04-072-04-00" tag="ATI" text="the">
        <cmp x="335" y="1470" width="58" height="95" />
        <cmp x="399" y="1527" width="43" height="40" />
      </word>
      <word id="g04-072-04-01" tag="NN" text="Committee">
        <cmp x="489" y="1463" width="50" height="84" />
        <cmp x="540" y="1518" width="38" height="39" />
        <cmp x="585" y="1527" width="46" height="35" />
        <cmp x="640" y="1536" width="10" height="31" />
        <cmp x="643" y="1500" width="11" height="27" />
        <cmp x="654" y="1520" width="44" height="43" />
        <cmp x="693" y="1524" width="109" height="53" />
      </word>
      <word id="g04-072-04-02" tag="." text=".">
        <cmp x="807" y="1563" width="14" height="6" />
      </word>
      <word id="g04-072-04-03" sentence-start="yes" tag="PP1AS" text="We">
        <cmp x="839" y="1495" width="55" height="77" />
        <cmp x="843" y="1486" width="6" height="7" />
        <cmp x="894" y="1533" width="27" height="41" />
      </word>
      <word id="g04-072-04-04" tag="HVD" text="had">
        <cmp x="976" y="1488" width="33" height="82" />
        <cmp x="1014" y="1524" width="32" height="39" />
        <cmp x="1059" y="1475" width="33" height="88" />
      </word>
      <word id="g04-072-04-05" tag="AT" text="a">
        <cmp x="1125" y="1523" width="38" height="37" />
      </word>
      <word id="g04-072-04-06" tag="JJ" text="splendid">
        <cmp x="1203" y="1512" width="31" height="50" />
        <cmp x="1235" y="1530" width="27" height="71" />
        <cmp x="1271" y="1478" width="16" height="100" />
        <cmp x="1294" y="1535" width="23" height="43" />
        <cmp x="1325" y="1541" width="25" height="34" />
        <cmp x="1361" y="1504" width="28" height="81" />
        <cmp x="1402" y="1550" width="9" height="32" />
        <cmp x="1410" y="1522" width="5" height="7" />
        <cmp x="1411" y="1530" width="4" height="15" />
        <cmp x="1423" y="1502" width="25" height="79" />
      </word>
      <word id="g04-072-04-07" tag="NN" text="body">
        <cmp x="1485" y="1492" width="72" height="81" />
        <cmp x="1564" y="1507" width="26" height="77" />
        <cmp x="1606" y="1555" width="39" height="57" />
      </word>
      <word id="g04-072-04-08" tag="INO" text="of">
        <cmp x="1674" y="1546" width="29" height="30" />
        <cmp x="1706" y="1501" width="54" height="72" />
      </word>
      <word id="g04-072-04-09" tag="JJ" text="local">
        <cmp x="1799" y="1496" width="16" height="79" />
        <cmp x="1811" y="1545" width="32" height="32" />
        <cmp x="1845" y="1497" width="107" height="84" />
      </word>
      <word id="g04-072-04-10" tag="NNS" text="residents">
        <cmp x="1973" y="1528" width="78" height="48" />
        <cmp x="2057" y="1538" width="8" height="40" />
        <cmp x="2066" y="1494" width="7" height="38" />
        <cmp x="2072" y="1497" width="27" height="78" />
        <cmp x="2103" y="1530" width="92" height="56" />
        <cmp x="2189" y="1538" width="32" height="45" />
      </word>
      <word id="g04-072-04-11" tag="," text=",">
        <cmp x="2196" y="1583" width="28" height="33" />
      </word>
      <upper-contour>
        <point x="339" y="1423" />
        <point x="2155" y="1423" />
      </upper-contour>
      <lower-contour>
        <point x="333" y="1612" />
        <point x="2082" y="1612" />
      </lower-contour>
    </line>
    <line ass="-735" asx="0" asy="1621" character-width="999" dss="-735" dsx="0" dsy="1766" fd0="12961" fd1="2657" fd2="-1637" filter-width="3" id="g04-072-05" lbs="-736" lbx="0" lby="1732" segmentation="err" slant="85000" stroke-width="5648" threshold="183" text="and a series of excellent Honorary Secretaries. Our" ubs="-733" ubx="0" uby="1694">
      <word id="g04-072-05-00" tag="CC" text="and">
        <cmp x="333" y="1700" width="36" height="40" />
        <cmp x="373" y="1707" width="32" height="34" />
        <cmp x="409" y="1668" width="28" height="75" />
      </word>
      <word id="g04-072-05-01" tag="AT" text="a">
        <cmp x="486" y="1697" width="39" height="44" />
      </word>
      <word id="g04-072-05-02" tag="NN" text="series">
        <cmp x="582" y="1695" width="29" height="46" />
        <cmp x="611" y="1694" width="72" height="45" />
        <cmp x="676" y="1680" width="7" height="25" />
        <cmp x="692" y="1704" width="29" height="37" />
        <cmp x="715" y="1707" width="25" height="41" />
      </word>
      <word id="g04-072-05-03" tag="INO" text="of">
        <cmp x="784" y="1680" width="70" height="59" />
      </word>
      <word id="g04-072-05-04" tag="JJ" text="excellent">
        <cmp x="884" y="1700" width="42" height="40" />
        <cmp x="918" y="1703" width="47" height="42" />
        <cmp x="970" y="1700" width="29" height="40" />
        <cmp x="1000" y="1703" width="41" height="37" />
        <cmp x="1038" y="1657" width="13" height="82" />
        <cmp x="1057" y="1670" width="11" height="69" />
        <cmp x="1069" y="1699" width="102" height="50" />
      </word>
      <word id="g04-072-05-05" tag="JJ" text="Honorary">
        <cmp x="1203" y="1638" width="41" height="109" />
        <cmp x="1251" y="1716" width="24" height="29" />
        <cmp x="1288" y="1711" width="63" height="33" />
        <cmp x="1360" y="1712" width="83" height="48" />
        <cmp x="1437" y="1713" width="33" height="42" />
        <cmp x="1475" y="1727" width="35" height="59" />
      </word>
      <word id="g04-072-05-06" tag="NPTS" text="Secretaries">
        <cmp x="1549" y="1680" width="133" height="81" />
        <cmp x="1685" y="1724" width="36" height="40" />
        <cmp x="1715" y="1714" width="78" height="57" />
        <cmp x="1801" y="1715" width="30" height="41" />
        <cmp x="1834" y="1727" width="8" height="33" />
      </word>
      <word id="g04-072-05-07" tag="." text=".">
        <cmp x="1835" y="1680" width="8" height="35" />
      </word>
      <word id="g04-072-05-08" sentence-start="yes" tag="PP$" text="Our">
        <cmp x="1858" y="1707" width="38" height="44" />
        <cmp x="1892" y="1710" width="29" height="50" />
        <cmp x="1923" y="1752" width="14" height="7" />
        <cmp x="1943" y="1663" width="51" height="86" />
        <cmp x="1991" y="1715" width="34" height="35" />
        <cmp x="2032" y="1708" width="49" height="44" />
      </word>
      <upper-contour>
        <point x="333" y="1612" />
        <point x="2082" y="1612" />
      </upper-contour>
      <lower-contour>
        <point x="351" y="1786" />
        <point x="2050" y="1786" />
      </lower-contour>
    </line>
    <line ass="-712" asx="0" asy="1807" character-width="999" dss="-712" dsx="0" dsy="1957" fd0="13250" fd1="2897" fd2="-1171" filter-width="3" id="g04-072-06" lbs="-701" lbx="0" lby="1910" segmentation="ok" slant="85000" stroke-width="5627" threshold="184" text="Committee met once a week in the evenings, and" ubs="-734" ubx="0" uby="1873">
      <word id="g04-072-06-00" tag="NN" text="Committee">
        <cmp x="353" y="1812" width="49" height="89" />
        <cmp x="382" y="1884" width="29" height="27" />
        <cmp x="416" y="1877" width="44" height="37" />
        <cmp x="467" y="1882" width="43" height="35" />
        <cmp x="519" y="1895" width="7" height="25" />
        <cmp x="524" y="1864" width="7" height="16" />
        <cmp x="531" y="1874" width="71" height="51" />
        <cmp x="608" y="1884" width="29" height="37" />
        <cmp x="640" y="1890" width="35" height="39" />
      </word>
      <word id="g04-072-06-01" tag="VBD" text="met">
        <cmp x="728" y="1881" width="4" height="4" />
        <cmp x="730" y="1886" width="47" height="34" />
        <cmp x="779" y="1870" width="70" height="52" />
      </word>
      <word id="g04-072-06-02" tag="RB" text="once">
        <cmp x="904" y="1887" width="26" height="29" />
        <cmp x="941" y="1883" width="30" height="42" />
        <cmp x="977" y="1880" width="24" height="40" />
        <cmp x="1003" y="1888" width="41" height="35" />
      </word>
      <word id="g04-072-06-03" tag="AT" text="a">
        <cmp x="1097" y="1889" width="33" height="35" />
      </word>
      <word id="g04-072-06-04" tag="NN" text="week">
        <cmp x="1175" y="1877" width="47" height="50" />
        <cmp x="1225" y="1883" width="29" height="40" />
        <cmp x="1257" y="1859" width="71" height="69" />
      </word>
      <word id="g04-072-06-05" tag="IN" text="in">
        <cmp x="1370" y="1868" width="11" height="67" />
        <cmp x="1387" y="1896" width="33" height="42" />
      </word>
      <word id="g04-072-06-06" tag="ATI" text="the">
        <cmp x="1461" y="1843" width="56" height="98" />
        <cmp x="1516" y="1893" width="34" height="39" />
      </word>
      <word id="g04-072-06-07" tag="NNS" text="evenings">
        <cmp x="1576" y="1882" width="64" height="49" />
        <cmp x="1633" y="1891" width="73" height="49" />
        <cmp x="1715" y="1896" width="7" height="34" />
        <cmp x="1726" y="1854" width="6" height="32" />
        <cmp x="1729" y="1900" width="30" height="38" />
        <cmp x="1762" y="1896" width="36" height="83" />
        <cmp x="1813" y="1886" width="32" height="49" />
      </word>
      <word id="g04-072-06-08" tag="," text=",">
        <cmp x="1837" y="1935" width="29" height="41" />
      </word>
      <word id="g04-072-06-09" tag="CC" text="and">
        <cmp x="1888" y="1893" width="106" height="40" />
        <cmp x="1996" y="1836" width="53" height="90" />
      </word>
      <upper-contour>
        <point x="351" y="1786" />
        <point x="2050" y="1786" />
      </upper-contour>
      <lower-contour>
        <point x="355" y="1979" />
        <point x="2010" y="1979" />
      </lower-contour>
    </line>
    <line ass="-694" asx="0" asy="1998" character-width="999" dss="-694" dsx="0" dsy="2115" fd0="12756" fd1="2685" fd2="-1492" filter-width="3" id="g04-072-07" lbs="-691" lbx="0" lby="2092" segmentation="ok" slant="89000" stroke-width="5647" threshold="182" text="included professional men from every walk of" ubs="-700" ubx="0" uby="2053">
      <word id="g04-072-07-00" tag="VBD" text="included">
        <cmp x="357" y="2056" width="5" height="37" />
        <cmp x="362" y="2012" width="8" height="33" />
        <cmp x="375" y="2052" width="34" height="40" />
        <cmp x="420" y="2012" width="52" height="80" />
        <cmp x="475" y="2058" width="26" height="31" />
        <cmp x="503" y="2022" width="36" height="78" />
        <cmp x="547" y="2023" width="67" height="83" />
      </word>
      <word id="g04-072-07-01" tag="JJ" text="professional">
        <cmp x="671" y="2059" width="26" height="60" />
        <cmp x="701" y="2055" width="54" height="44" />
        <cmp x="759" y="2023" width="73" height="83" />
        <cmp x="828" y="2064" width="29" height="40" />
        <cmp x="870" y="2065" width="22" height="40" />
        <cmp x="902" y="2073" width="8" height="38" />
        <cmp x="909" y="2044" width="6" height="24" />
        <cmp x="918" y="2078" width="27" height="27" />
        <cmp x="950" y="2063" width="34" height="48" />
        <cmp x="992" y="2021" width="68" height="100" />
      </word>
      <word id="g04-072-07-02" tag="NNS" text="men">
        <cmp x="1119" y="2062" width="49" height="43" />
        <cmp x="1173" y="2062" width="74" height="47" />
      </word>
      <word id="g04-072-07-03" tag="IN" text="from">
        <cmp x="1295" y="2014" width="103" height="101" />
        <cmp x="1405" y="2071" width="43" height="42" />
      </word>
      <word id="g04-072-07-04" tag="AT" text="every">
        <cmp x="1493" y="2065" width="136" height="53" />
        <cmp x="1615" y="2076" width="43" height="59" />
      </word>
      <word id="g04-072-07-05" tag="NN" text="walk">
        <cmp x="1712" y="2071" width="55" height="44" />
        <cmp x="1765" y="2041" width="80" height="74" />
        <cmp x="1837" y="2051" width="49" height="64" />
      </word>
      <word id="g04-072-07-06" tag="INO" text="of">
        <cmp x="1922" y="2078" width="25" height="26" />
        <cmp x="1949" y="2035" width="60" height="77" />
      </word>
      <upper-contour>
        <point x="355" y="1979" />
        <point x="2010" y="1979" />
      </upper-contour>
      <lower-contour>
        <point x="370" y="2100" />
        <point x="523" y="2100" />
      </lower-contour>
    </line>
    <line ass="-4092" asx="0" asy="2157" character-width="999" dss="-4092" dsx="0" dsy="2244" fd0="12332" fd1="2418" fd2="-1713" filter-width="3" id="g04-072-08" lbs="-383" lbx="0" lby="2268" segmentation="ok" slant="84000" stroke-width="5587" threshold="181" text="life." ubs="-11512" ubx="0" uby="2151">
      <word id="g04-072-08-00" tag="NN" text="life">
        <cmp x="372" y="2187" width="14" height="79" />
        <cmp x="391" y="2233" width="8" height="39" />
        <cmp x="402" y="2188" width="85" height="88" />
        <cmp x="414" y="2187" width="7" height="27" />
      </word>
      <word id="g04-072-08-01" tag="." text=".">
        <cmp x="498" y="2256" width="24" height="13" />
      </word>
      <upper-contour>
        <point x="370" y="2100" />
        <point x="523" y="2100" />
      </upper-contour>
    </line>
  </handwritten-part>
</form>

