<?xml version="1.0" encoding="ISO-8859-1"?>

<!DOCTYPE form SYSTEM 'http://www.iam.unibe.ch/~fki/iamdb/form-metadata.dtd'>

<form created="2002-01-18" height="3542" id="g04-092" last-modified="2002-07-17" skew="30" status="final" version="3.0_beta" width="2479" writer-id="328">
  <machine-printed-part>
    <machine-print-line text="It was quite amusing to see how much the children enjoyed the service, and I heard" />
    <machine-print-line text="of parents or faithful nurses threaten any naughty child with the penalty of not being" />
    <machine-print-line text="allowed to come to the Children&apos;s Church on Sunday afternoon. I hope the threat" />
    <machine-print-line text="kept them good in the week, but anyway they were a most delightful lot, and it is a" />
    <machine-print-line text="great joy to meet them now fifty years afterwards when so many are parents or even" />
    <machine-print-line text="grandparents, and one of the present churchwardens and several officials of the church" />
    <machine-print-line text="still remember those days." />
  </machine-printed-part>
  <handwritten-part>
    <line ass="172" asx="0" asy="907" character-width="999" dss="172" dsx="0" dsy="994" fd0="14627" fd1="3360" fd2="-25" filter-width="3" id="g04-092-00" lbs="149" lbx="0" lby="977" segmentation="ok" slant="112000" stroke-width="5263" threshold="179" text="It was quite amusing to see how much" ubs="219" ubx="0" uby="949">
      <word id="g04-092-00-00" sentence-start="yes" tag="PP3" text="It">
        <cmp x="347" y="907" width="15" height="70" />
        <cmp x="369" y="933" width="39" height="44" />
      </word>
      <word id="g04-092-00-01" tag="BEDZ" text="was">
        <cmp x="468" y="935" width="62" height="40" />
        <cmp x="543" y="943" width="54" height="33" />
        <cmp x="592" y="936" width="38" height="48" />
      </word>
      <word id="g04-092-00-02" tag="RB" text="quite">
        <cmp x="725" y="929" width="39" height="63" />
        <cmp x="773" y="946" width="45" height="31" />
        <cmp x="821" y="948" width="24" height="26" />
        <cmp x="848" y="941" width="43" height="35" />
        <cmp x="890" y="946" width="47" height="32" />
      </word>
      <word id="g04-092-00-03" tag="JJ" text="amusing">
        <cmp x="1019" y="942" width="34" height="35" />
        <cmp x="1052" y="944" width="63" height="29" />
        <cmp x="1115" y="940" width="49" height="33" />
        <cmp x="1159" y="938" width="34" height="40" />
        <cmp x="1198" y="943" width="16" height="28" />
        <cmp x="1221" y="943" width="38" height="30" />
        <cmp x="1262" y="934" width="53" height="55" />
      </word>
      <word id="g04-092-00-04" tag="TO" text="to">
        <cmp x="1413" y="942" width="35" height="36" />
        <cmp x="1457" y="948" width="30" height="27" />
      </word>
      <word id="g04-092-00-05" tag="VB" text="see">
        <cmp x="1603" y="945" width="27" height="37" />
        <cmp x="1635" y="946" width="35" height="30" />
        <cmp x="1673" y="943" width="40" height="31" />
      </word>
      <word id="g04-092-00-06" tag="WRB" text="how">
        <cmp x="1781" y="926" width="42" height="49" />
        <cmp x="1826" y="946" width="28" height="31" />
        <cmp x="1857" y="937" width="47" height="38" />
      </word>
      <word id="g04-092-00-07" tag="RB" text="much">
        <cmp x="1992" y="931" width="56" height="38" />
        <cmp x="2052" y="944" width="44" height="23" />
        <cmp x="2104" y="912" width="50" height="58" />
      </word>
      <lower-contour>
        <point x="345" y="992" />
        <point x="2155" y="992" />
      </lower-contour>
    </line>
    <line ass="160" asx="0" asy="1099" character-width="999" dss="160" dsx="0" dsy="1178" fd0="14429" fd1="3087" fd2="-566" filter-width="3" id="g04-092-01" lbs="170" lbx="0" lby="1156" segmentation="err" slant="117000" stroke-width="5018" threshold="180" text="the children enjoyed the service, and I heard" ubs="142" ubx="0" uby="1120">
      <word id="g04-092-01-00" tag="ATI" text="the">
        <cmp x="333" y="1117" width="25" height="30" />
        <cmp x="361" y="1099" width="34" height="50" />
        <cmp x="404" y="1115" width="44" height="42" />
      </word>
      <word id="g04-092-01-01" tag="NNS" text="children">
        <cmp x="575" y="1123" width="29" height="30" />
        <cmp x="591" y="1101" width="33" height="49" />
        <cmp x="632" y="1118" width="16" height="38" />
        <cmp x="645" y="1099" width="30" height="55" />
        <cmp x="681" y="1103" width="21" height="57" />
        <cmp x="714" y="1108" width="20" height="43" />
        <cmp x="742" y="1117" width="30" height="35" />
        <cmp x="778" y="1119" width="46" height="36" />
      </word>
      <word id="g04-092-01-02" tag="VBD" text="enjoyed">
        <cmp x="933" y="1121" width="40" height="33" />
        <cmp x="974" y="1127" width="44" height="29" />
        <cmp x="1014" y="1109" width="38" height="59" />
        <cmp x="1057" y="1128" width="29" height="29" />
        <cmp x="1095" y="1125" width="40" height="50" />
        <cmp x="1137" y="1128" width="35" height="38" />
        <cmp x="1174" y="1120" width="24" height="43" />
      </word>
      <word id="g04-092-01-03" tag="ATI" text="the">
        <cmp x="1289" y="1120" width="38" height="31" />
        <cmp x="1318" y="1099" width="36" height="50" />
        <cmp x="1352" y="1116" width="39" height="30" />
      </word>
      <word id="g04-092-01-04" tag="NN" text="service">
        <cmp x="1465" y="1114" width="26" height="41" />
        <cmp x="1494" y="1115" width="30" height="35" />
        <cmp x="1530" y="1109" width="22" height="41" />
        <cmp x="1562" y="1112" width="27" height="29" />
        <cmp x="1596" y="1111" width="20" height="34" />
        <cmp x="1614" y="1113" width="32" height="34" />
        <cmp x="1636" y="1115" width="49" height="35" />
      </word>
      <word id="g04-092-01-05" tag="," text=",">
        <cmp x="1768" y="1119" width="37" height="28" />
        <cmp x="1783" y="1124" width="3" height="3" />
      </word>
      <word id="g04-092-01-06" tag="CC" text="and">
        <cmp x="1807" y="1119" width="43" height="27" />
        <cmp x="1858" y="1104" width="31" height="49" />
      </word>
      <word id="g04-092-01-07" tag="PP1A" text="I">
        <cmp x="1967" y="1099" width="31" height="57" />
      </word>
      <word id="g04-092-01-08" tag="VBD" text="heard">
        <cmp x="2052" y="1107" width="37" height="46" />
        <cmp x="2093" y="1114" width="25" height="43" />
        <cmp x="2115" y="1118" width="32" height="33" />
        <cmp x="2138" y="1099" width="52" height="48" />
      </word>
      <upper-contour>
        <point x="345" y="992" />
        <point x="2155" y="992" />
      </upper-contour>
      <lower-contour>
        <point x="340" y="1175" />
        <point x="2165" y="1175" />
      </lower-contour>
    </line>
    <line ass="-16" asx="0" asy="1277" character-width="999" dss="-16" dsx="0" dsy="1343" fd0="14440" fd1="2783" fd2="-618" filter-width="3" id="g04-092-02" lbs="0" lbx="0" lby="1333" segmentation="ok" slant="111000" stroke-width="5125" threshold="181" text="of parents or faithful nurses threaten any" ubs="-48" ubx="0" uby="1300">
      <word id="g04-092-02-00" tag="INO" text="of">
        <cmp x="342" y="1301" width="24" height="30" />
        <cmp x="381" y="1287" width="30" height="58" />
      </word>
      <word id="g04-092-02-01" tag="NNS" text="parents">
        <cmp x="502" y="1287" width="23" height="49" />
        <cmp x="537" y="1299" width="27" height="33" />
        <cmp x="562" y="1288" width="23" height="39" />
        <cmp x="592" y="1298" width="33" height="32" />
        <cmp x="624" y="1299" width="36" height="33" />
        <cmp x="660" y="1297" width="39" height="46" />
        <cmp x="698" y="1306" width="31" height="29" />
      </word>
      <word id="g04-092-02-02" tag="CC" text="or">
        <cmp x="839" y="1304" width="31" height="32" />
        <cmp x="880" y="1290" width="23" height="41" />
      </word>
      <word id="g04-092-02-03" tag="JJ" text="faithful">
        <cmp x="994" y="1285" width="33" height="47" />
        <cmp x="1038" y="1298" width="41" height="33" />
        <cmp x="1083" y="1297" width="21" height="30" />
        <cmp x="1110" y="1294" width="34" height="34" />
        <cmp x="1139" y="1279" width="35" height="46" />
        <cmp x="1168" y="1280" width="37" height="52" />
        <cmp x="1212" y="1306" width="35" height="24" />
        <cmp x="1258" y="1282" width="30" height="51" />
      </word>
      <word id="g04-092-02-04" tag="NNS" text="nurses">
        <cmp x="1381" y="1310" width="41" height="26" />
        <cmp x="1423" y="1307" width="46" height="26" />
        <cmp x="1462" y="1290" width="29" height="44" />
        <cmp x="1494" y="1300" width="25" height="33" />
        <cmp x="1526" y="1292" width="42" height="37" />
        <cmp x="1570" y="1295" width="33" height="40" />
      </word>
      <word id="g04-092-02-05" tag="VB" text="threaten">
        <cmp x="1685" y="1312" width="26" height="31" />
        <cmp x="1707" y="1281" width="38" height="57" />
        <cmp x="1755" y="1294" width="21" height="38" />
        <cmp x="1792" y="1301" width="31" height="32" />
        <cmp x="1825" y="1302" width="29" height="31" />
        <cmp x="1857" y="1299" width="33" height="39" />
        <cmp x="1890" y="1302" width="32" height="31" />
        <cmp x="1926" y="1302" width="47" height="31" />
      </word>
      <word id="g04-092-02-06" tag="DTI" text="any">
        <cmp x="2044" y="1294" width="34" height="33" />
        <cmp x="2078" y="1304" width="40" height="23" />
        <cmp x="2123" y="1296" width="41" height="45" />
      </word>
      <upper-contour>
        <point x="340" y="1175" />
        <point x="2165" y="1175" />
      </upper-contour>
      <lower-contour>
        <point x="341" y="1345" />
        <point x="2137" y="1345" />
      </lower-contour>
    </line>
    <line ass="-177" asx="0" asy="1441" character-width="999" dss="-177" dsx="0" dsy="1532" fd0="14433" fd1="3193" fd2="-413" filter-width="3" id="g04-092-03" lbs="-269" lbx="0" lby="1508" segmentation="err" slant="117000" stroke-width="5225" threshold="177" text="naughty child with the penalty of not being" ubs="5" ubx="0" uby="1480">
      <word id="g04-092-03-00" tag="JJ" text="naughty">
        <cmp x="343" y="1487" width="30" height="27" />
        <cmp x="381" y="1485" width="30" height="31" />
        <cmp x="415" y="1482" width="38" height="30" />
        <cmp x="448" y="1475" width="55" height="56" />
        <cmp x="506" y="1461" width="26" height="49" />
        <cmp x="535" y="1471" width="39" height="39" />
        <cmp x="571" y="1473" width="40" height="61" />
      </word>
      <word id="g04-092-03-01" tag="NN" text="child">
        <cmp x="753" y="1485" width="29" height="28" />
        <cmp x="766" y="1485" width="4" height="3" />
        <cmp x="773" y="1469" width="33" height="40" />
        <cmp x="817" y="1483" width="15" height="30" />
        <cmp x="833" y="1458" width="32" height="56" />
        <cmp x="867" y="1464" width="27" height="53" />
      </word>
      <word id="g04-092-03-02" tag="IN" text="with">
        <cmp x="993" y="1471" width="51" height="40" />
        <cmp x="1060" y="1479" width="15" height="28" />
        <cmp x="1087" y="1479" width="34" height="39" />
        <cmp x="1110" y="1450" width="41" height="69" />
      </word>
      <word id="g04-092-03-03" tag="ATI" text="the">
        <cmp x="1279" y="1475" width="39" height="41" />
        <cmp x="1321" y="1465" width="33" height="50" />
        <cmp x="1361" y="1482" width="43" height="38" />
      </word>
      <word id="g04-092-03-04" tag="NN" text="penalty">
        <cmp x="1496" y="1468" width="28" height="53" />
        <cmp x="1544" y="1481" width="42" height="34" />
        <cmp x="1580" y="1483" width="43" height="26" />
        <cmp x="1627" y="1473" width="38" height="39" />
        <cmp x="1660" y="1448" width="40" height="63" />
        <cmp x="1701" y="1471" width="35" height="37" />
        <cmp x="1736" y="1468" width="46" height="59" />
      </word>
      <word id="g04-092-03-05" tag="INO" text="of">
        <cmp x="1876" y="1484" width="28" height="31" />
        <cmp x="1911" y="1467" width="41" height="61" />
      </word>
      <word id="g04-092-03-06" tag="XNOT" text="not">
        <cmp x="2004" y="1485" width="43" height="28" />
      </word>
      <word id="g04-092-03-07" tag="BEG" text="being">
        <cmp x="2051" y="1478" width="35" height="39" />
        <cmp x="2091" y="1477" width="45" height="44" />
      </word>
      <upper-contour>
        <point x="341" y="1345" />
        <point x="2137" y="1345" />
      </upper-contour>
      <lower-contour>
        <point x="373" y="1534" />
        <point x="2137" y="1534" />
      </lower-contour>
    </line>
    <line ass="249" asx="0" asy="1630" character-width="999" dss="249" dsx="0" dsy="1712" fd0="13959" fd1="3031" fd2="-990" filter-width="3" id="g04-092-04" lbs="172" lbx="0" lby="1700" segmentation="err" slant="108999" stroke-width="5174" threshold="172" text="allowed to come to the Children&apos;s Church" ubs="404" ubx="0" uby="1668">
      <word id="g04-092-04-00" tag="VBN" text="allowed">
        <cmp x="375" y="1640" width="27" height="38" />
        <cmp x="409" y="1634" width="16" height="53" />
        <cmp x="432" y="1632" width="31" height="63" />
        <cmp x="471" y="1665" width="28" height="31" />
        <cmp x="507" y="1659" width="45" height="39" />
        <cmp x="561" y="1659" width="41" height="43" />
        <cmp x="602" y="1645" width="21" height="56" />
      </word>
      <word id="g04-092-04-01" tag="TO" text="to">
        <cmp x="738" y="1665" width="35" height="33" />
        <cmp x="776" y="1673" width="32" height="29" />
      </word>
      <word id="g04-092-04-02" tag="VB" text="come">
        <cmp x="915" y="1672" width="36" height="36" />
        <cmp x="951" y="1675" width="31" height="31" />
        <cmp x="988" y="1660" width="48" height="33" />
        <cmp x="1041" y="1661" width="35" height="36" />
      </word>
      <word id="g04-092-04-03" tag="IN" text="to">
        <cmp x="1160" y="1653" width="37" height="45" />
        <cmp x="1200" y="1668" width="33" height="26" />
      </word>
      <word id="g04-092-04-04" tag="ATI" text="the">
        <cmp x="1313" y="1660" width="33" height="35" />
        <cmp x="1338" y="1645" width="34" height="49" />
        <cmp x="1382" y="1661" width="43" height="38" />
      </word>
      <word id="g04-092-04-05" tag="NNS$" text="Children&apos;s">
        <cmp x="1516" y="1647" width="44" height="53" />
        <cmp x="1543" y="1637" width="42" height="53" />
        <cmp x="1588" y="1667" width="27" height="28" />
        <cmp x="1607" y="1634" width="43" height="67" />
        <cmp x="1649" y="1644" width="38" height="53" />
        <cmp x="1694" y="1651" width="26" height="45" />
        <cmp x="1730" y="1658" width="46" height="37" />
        <cmp x="1779" y="1651" width="38" height="37" />
        <cmp x="1797" y="1644" width="13" height="17" />
        <cmp x="1826" y="1659" width="30" height="38" />
      </word>
      <word id="g04-092-04-06" tag="NPL" text="Church">
        <cmp x="1955" y="1631" width="69" height="61" />
        <cmp x="2021" y="1660" width="44" height="34" />
        <cmp x="2065" y="1638" width="32" height="55" />
        <cmp x="2104" y="1655" width="29" height="41" />
        <cmp x="2122" y="1622" width="38" height="75" />
      </word>
      <upper-contour>
        <point x="373" y="1534" />
        <point x="2137" y="1534" />
      </upper-contour>
      <lower-contour>
        <point x="373" y="1709" />
        <point x="2161" y="1709" />
      </lower-contour>
    </line>
    <line ass="78" asx="0" asy="1795" character-width="999" dss="78" dsx="0" dsy="1896" fd0="14317" fd1="3017" fd2="-460" filter-width="3" id="g04-092-05" lbs="0" lbx="0" lby="1875" segmentation="err" slant="114000" stroke-width="5114" threshold="178" text="on Sunday afternoon. I hope the threat" ubs="237" ubx="0" uby="1844">
      <word id="g04-092-05-00" tag="IN" text="on">
        <cmp x="341" y="1840" width="24" height="36" />
        <cmp x="370" y="1841" width="40" height="34" />
      </word>
      <word id="g04-092-05-01" tag="NR" text="Sunday">
        <cmp x="553" y="1825" width="22" height="45" />
        <cmp x="583" y="1843" width="40" height="28" />
        <cmp x="626" y="1840" width="37" height="29" />
        <cmp x="664" y="1826" width="27" height="53" />
        <cmp x="702" y="1839" width="24" height="36" />
        <cmp x="734" y="1835" width="35" height="60" />
      </word>
      <word id="g04-092-05-02" tag="NN" text="afternoon">
        <cmp x="912" y="1846" width="27" height="41" />
        <cmp x="947" y="1827" width="37" height="61" />
        <cmp x="994" y="1840" width="28" height="36" />
        <cmp x="1024" y="1840" width="28" height="38" />
        <cmp x="1053" y="1831" width="29" height="43" />
        <cmp x="1089" y="1841" width="35" height="35" />
        <cmp x="1123" y="1844" width="22" height="30" />
        <cmp x="1156" y="1839" width="25" height="33" />
        <cmp x="1195" y="1838" width="37" height="30" />
        <cmp x="1253" y="1866" width="8" height="8" />
      </word>
      <word id="g04-092-05-03" tag="." text=".">
        <cmp x="1338" y="1795" width="37" height="77" />
      </word>
      <word id="g04-092-05-04" sentence-start="yes" tag="PP1A" text="I">
        <cmp x="1444" y="1819" width="38" height="58" />
        <cmp x="1488" y="1849" width="28" height="36" />
        <cmp x="1518" y="1831" width="22" height="55" />
        <cmp x="1548" y="1843" width="31" height="35" />
      </word>
      <word id="g04-092-05-05" tag="VB" text="hope">
        <cmp x="1673" y="1842" width="31" height="41" />
        <cmp x="1706" y="1849" width="32" height="36" />
      </word>
      <word id="g04-092-05-06" tag="ATI" text="the">
        <cmp x="1832" y="1827" width="37" height="44" />
        <cmp x="1854" y="1810" width="40" height="60" />
        <cmp x="1893" y="1826" width="39" height="46" />
      </word>
      <word id="g04-092-05-07" tag="NN" text="threat">
        <cmp x="1996" y="1823" width="26" height="50" />
        <cmp x="2013" y="1815" width="40" height="55" />
        <cmp x="2056" y="1826" width="23" height="48" />
        <cmp x="2081" y="1835" width="39" height="43" />
        <cmp x="2112" y="1835" width="30" height="36" />
        <cmp x="2146" y="1835" width="34" height="44" />
      </word>
      <upper-contour>
        <point x="373" y="1709" />
        <point x="2161" y="1709" />
      </upper-contour>
      <lower-contour>
        <point x="339" y="1895" />
        <point x="2170" y="1895" />
      </lower-contour>
    </line>
    <line ass="-165" asx="0" asy="1996" character-width="999" dss="-165" dsx="0" dsy="2069" fd0="14609" fd1="3113" fd2="-654" filter-width="3" id="g04-092-06" lbs="-127" lbx="0" lby="2051" segmentation="err" slant="114999" stroke-width="5134" threshold="178" text="kept them good in the week, but anyway" ubs="-240" ubx="0" uby="2014">
      <word id="g04-092-06-00" tag="VBD" text="kept">
        <cmp x="326" y="2015" width="34" height="37" />
        <cmp x="358" y="2017" width="38" height="35" />
        <cmp x="386" y="2000" width="36" height="57" />
        <cmp x="417" y="2013" width="42" height="44" />
      </word>
      <word id="g04-092-06-01" tag="PP3OS" text="them">
        <cmp x="546" y="2022" width="29" height="32" />
        <cmp x="574" y="2002" width="31" height="50" />
        <cmp x="611" y="2020" width="28" height="37" />
        <cmp x="640" y="2020" width="58" height="34" />
      </word>
      <word id="g04-092-06-02" tag="JJ" text="good">
        <cmp x="824" y="2005" width="37" height="50" />
        <cmp x="865" y="2020" width="25" height="32" />
        <cmp x="899" y="2023" width="31" height="34" />
        <cmp x="937" y="2005" width="28" height="50" />
      </word>
      <word id="g04-092-06-03" tag="IN" text="in">
        <cmp x="1087" y="2023" width="12" height="27" />
        <cmp x="1106" y="2020" width="40" height="27" />
      </word>
      <word id="g04-092-06-04" tag="ATI" text="the">
        <cmp x="1276" y="2004" width="28" height="47" />
        <cmp x="1296" y="2000" width="34" height="47" />
        <cmp x="1333" y="2017" width="44" height="38" />
      </word>
      <word id="g04-092-06-05" tag="NN" text="week">
        <cmp x="1459" y="2011" width="45" height="36" />
        <cmp x="1520" y="2015" width="37" height="38" />
        <cmp x="1556" y="2014" width="42" height="43" />
      </word>
      <word id="g04-092-06-06" tag="," text=",">
        <cmp x="1600" y="2017" width="33" height="38" />
      </word>
      <word id="g04-092-06-07" tag="CC" text="but">
        <cmp x="1753" y="2011" width="31" height="48" />
        <cmp x="1794" y="2027" width="42" height="32" />
        <cmp x="1846" y="2015" width="22" height="46" />
      </word>
      <word id="g04-092-06-08" tag="RB" text="anyway">
        <cmp x="1941" y="2023" width="29" height="28" />
        <cmp x="1972" y="2024" width="34" height="30" />
        <cmp x="2009" y="2018" width="39" height="55" />
        <cmp x="2047" y="2017" width="42" height="41" />
        <cmp x="2099" y="2019" width="30" height="41" />
        <cmp x="2132" y="2022" width="37" height="54" />
      </word>
      <upper-contour>
        <point x="339" y="1895" />
        <point x="2170" y="1895" />
      </upper-contour>
      <lower-contour>
        <point x="350" y="2073" />
        <point x="2114" y="2073" />
      </lower-contour>
    </line>
    <line ass="154" asx="0" asy="2164" character-width="999" dss="154" dsx="0" dsy="2258" fd0="14225" fd1="2765" fd2="-711" filter-width="3" id="g04-092-07" lbs="185" lbx="0" lby="2238" segmentation="err" slant="116000" stroke-width="5125" threshold="179" text="they were a most delightful lot, and" ubs="94" ubx="0" uby="2199">
      <word id="g04-092-07-00" tag="PP3AS" text="they">
        <cmp x="352" y="2184" width="36" height="57" />
        <cmp x="386" y="2184" width="37" height="54" />
        <cmp x="426" y="2200" width="29" height="37" />
        <cmp x="458" y="2200" width="37" height="57" />
      </word>
      <word id="g04-092-07-01" tag="BED" text="were">
        <cmp x="642" y="2193" width="47" height="38" />
        <cmp x="702" y="2199" width="39" height="40" />
        <cmp x="735" y="2189" width="22" height="48" />
        <cmp x="770" y="2201" width="42" height="39" />
      </word>
      <word id="g04-092-07-02" tag="AT" text="a">
        <cmp x="911" y="2201" width="33" height="33" />
      </word>
      <word id="g04-092-07-03" tag="QL" text="most">
        <cmp x="1042" y="2194" width="57" height="37" />
        <cmp x="1098" y="2202" width="28" height="33" />
        <cmp x="1125" y="2198" width="30" height="41" />
        <cmp x="1161" y="2203" width="29" height="37" />
      </word>
      <word id="g04-092-07-04" tag="JJ" text="delightful">
        <cmp x="1354" y="2178" width="32" height="49" />
        <cmp x="1397" y="2191" width="25" height="36" />
        <cmp x="1423" y="2178" width="36" height="59" />
        <cmp x="1467" y="2213" width="16" height="32" />
        <cmp x="1485" y="2192" width="58" height="61" />
        <cmp x="1549" y="2177" width="37" height="59" />
        <cmp x="1597" y="2194" width="32" height="44" />
        <cmp x="1622" y="2178" width="48" height="63" />
        <cmp x="1675" y="2200" width="40" height="34" />
        <cmp x="1716" y="2171" width="42" height="62" />
      </word>
      <word id="g04-092-07-05" tag="NN" text="lot">
        <cmp x="1848" y="2161" width="29" height="72" />
        <cmp x="1883" y="2201" width="26" height="32" />
        <cmp x="1916" y="2191" width="30" height="48" />
      </word>
      <word id="g04-092-07-06" tag="," text=",">
        <cmp x="2020" y="2194" width="30" height="32" />
      </word>
      <word id="g04-092-07-07" tag="CC" text="and">
        <cmp x="2053" y="2198" width="40" height="30" />
        <cmp x="2090" y="2180" width="23" height="53" />
      </word>
      <upper-contour>
        <point x="350" y="2073" />
        <point x="2114" y="2073" />
      </upper-contour>
      <lower-contour>
        <point x="350" y="2257" />
        <point x="2000" y="2257" />
      </lower-contour>
    </line>
    <line ass="37" asx="0" asy="2364" character-width="999" dss="37" dsx="0" dsy="2428" fd0="14891" fd1="3132" fd2="-2" filter-width="3" id="g04-092-08" lbs="81" lbx="0" lby="2414" segmentation="ok" slant="117000" stroke-width="5092" threshold="179" text="it is a great joy to meet them now" ubs="-50" ubx="0" uby="2376">
      <word id="g04-092-08-00" tag="PP3" text="it">
        <cmp x="341" y="2375" width="14" height="43" />
        <cmp x="359" y="2372" width="33" height="42" />
      </word>
      <word id="g04-092-08-01" tag="BEZ" text="is">
        <cmp x="491" y="2379" width="24" height="36" />
        <cmp x="515" y="2379" width="27" height="33" />
      </word>
      <word id="g04-092-08-02" tag="AT" text="a">
        <cmp x="647" y="2374" width="34" height="37" />
      </word>
      <word id="g04-092-08-03" tag="JJ" text="great">
        <cmp x="786" y="2368" width="46" height="52" />
        <cmp x="832" y="2366" width="16" height="45" />
        <cmp x="854" y="2371" width="33" height="36" />
        <cmp x="886" y="2365" width="31" height="39" />
        <cmp x="921" y="2370" width="27" height="38" />
      </word>
      <word id="g04-092-08-04" tag="NN" text="joy">
        <cmp x="1039" y="2380" width="28" height="48" />
        <cmp x="1077" y="2380" width="27" height="32" />
        <cmp x="1114" y="2375" width="41" height="51" />
      </word>
      <word id="g04-092-08-05" tag="TO" text="to">
        <cmp x="1262" y="2369" width="27" height="41" />
        <cmp x="1296" y="2378" width="26" height="33" />
      </word>
      <word id="g04-092-08-06" tag="VB" text="meet">
        <cmp x="1396" y="2381" width="48" height="29" />
        <cmp x="1445" y="2376" width="32" height="37" />
        <cmp x="1478" y="2376" width="36" height="37" />
        <cmp x="1511" y="2370" width="29" height="43" />
      </word>
      <word id="g04-092-08-07" tag="PP3OS" text="them">
        <cmp x="1652" y="2365" width="37" height="46" />
        <cmp x="1685" y="2365" width="33" height="46" />
        <cmp x="1722" y="2376" width="35" height="41" />
        <cmp x="1755" y="2380" width="53" height="33" />
      </word>
      <word id="g04-092-08-08" tag="RN" text="now">
        <cmp x="1872" y="2377" width="48" height="36" />
        <cmp x="1913" y="2380" width="33" height="35" />
        <cmp x="1955" y="2380" width="44" height="37" />
      </word>
      <upper-contour>
        <point x="350" y="2257" />
        <point x="2000" y="2257" />
      </upper-contour>
      <lower-contour>
        <point x="353" y="2428" />
        <point x="2000" y="2428" />
      </lower-contour>
    </line>
    <line ass="106" asx="0" asy="2532" character-width="999" dss="106" dsx="0" dsy="2606" fd0="14272" fd1="3063" fd2="-1042" filter-width="3" id="g04-092-09" lbs="119" lbx="0" lby="2594" segmentation="ok" slant="116000" stroke-width="5125" threshold="177" text="fifty years afterwards when so many" ubs="80" ubx="0" uby="2554">
      <word id="g04-092-09-00" tag="CD" text="fifty">
        <cmp x="355" y="2532" width="34" height="61" />
        <cmp x="391" y="2553" width="16" height="29" />
        <cmp x="414" y="2534" width="32" height="57" />
        <cmp x="451" y="2547" width="30" height="42" />
        <cmp x="484" y="2551" width="38" height="46" />
      </word>
      <word id="g04-092-09-01" tag="NNS" text="years">
        <cmp x="650" y="2547" width="48" height="57" />
        <cmp x="697" y="2550" width="36" height="42" />
        <cmp x="731" y="2553" width="35" height="33" />
        <cmp x="756" y="2541" width="28" height="48" />
        <cmp x="788" y="2547" width="33" height="44" />
      </word>
      <word id="g04-092-09-02" tag="RB" text="afterwards">
        <cmp x="980" y="2554" width="33" height="37" />
        <cmp x="1018" y="2549" width="35" height="56" />
        <cmp x="1061" y="2560" width="28" height="36" />
        <cmp x="1089" y="2559" width="32" height="30" />
        <cmp x="1127" y="2552" width="19" height="42" />
        <cmp x="1171" y="2557" width="44" height="39" />
        <cmp x="1223" y="2560" width="34" height="32" />
        <cmp x="1260" y="2549" width="21" height="42" />
        <cmp x="1285" y="2539" width="36" height="57" />
        <cmp x="1328" y="2556" width="25" height="39" />
      </word>
      <word id="g04-092-09-03" tag="WRB" text="when">
        <cmp x="1458" y="2549" width="44" height="44" />
        <cmp x="1509" y="2531" width="27" height="62" />
        <cmp x="1537" y="2551" width="28" height="43" />
        <cmp x="1570" y="2555" width="36" height="33" />
      </word>
      <word id="g04-092-09-04" tag="QL" text="so">
        <cmp x="1685" y="2551" width="28" height="41" />
        <cmp x="1718" y="2557" width="33" height="33" />
      </word>
      <word id="g04-092-09-05" tag="AP" text="many">
        <cmp x="1850" y="2555" width="41" height="30" />
        <cmp x="1896" y="2549" width="31" height="41" />
        <cmp x="1914" y="2531" width="36" height="50" />
        <cmp x="1949" y="2532" width="50" height="57" />
      </word>
      <upper-contour>
        <point x="353" y="2428" />
        <point x="2000" y="2428" />
      </upper-contour>
      <lower-contour>
        <point x="362" y="2605" />
        <point x="1601" y="2605" />
      </lower-contour>
    </line>
    <line ass="-595" asx="0" asy="2723" character-width="999" dss="-595" dsx="0" dsy="2786" fd0="14601" fd1="2733" fd2="-1075" filter-width="3" id="g04-092-10" lbs="-561" lbx="0" lby="2779" segmentation="err" slant="114999" stroke-width="4948" threshold="179" text="are parents or even grandparents" ubs="-662" ubx="0" uby="2742">
      <word id="g04-092-10-00" tag="BER" text="are">
        <cmp x="364" y="2747" width="31" height="37" />
        <cmp x="394" y="2742" width="20" height="42" />
        <cmp x="424" y="2748" width="31" height="35" />
        <cmp x="508" y="2730" width="25" height="57" />
        <cmp x="534" y="2745" width="35" height="33" />
        <cmp x="574" y="2735" width="18" height="47" />
        <cmp x="599" y="2743" width="38" height="34" />
        <cmp x="631" y="2744" width="40" height="33" />
        <cmp x="664" y="2737" width="45" height="47" />
        <cmp x="807" y="2768" width="32" height="28" />
        <cmp x="834" y="2753" width="24" height="43" />
      </word>
      <word id="g04-092-10-01" tag="NNS" text="parents">
        <cmp x="961" y="2760" width="47" height="36" />
        <cmp x="987" y="2763" width="29" height="31" />
        <cmp x="1016" y="2759" width="38" height="35" />
      </word>
      <word id="g04-092-10-02" tag="CC" text="or">
        <cmp x="1045" y="2751" width="24" height="40" />
      </word>
      <word id="g04-092-10-03" tag="RB" text="even">
        <cmp x="1197" y="2741" width="53" height="55" />
        <cmp x="1240" y="2747" width="30" height="46" />
        <cmp x="1273" y="2755" width="32" height="34" />
        <cmp x="1304" y="2742" width="67" height="50" />
        <cmp x="1380" y="2746" width="27" height="50" />
        <cmp x="1405" y="2758" width="29" height="30" />
      </word>
      <word id="g04-092-10-04" tag="NNS" text="grandparents">
        <cmp x="1434" y="2750" width="21" height="39" />
        <cmp x="1464" y="2754" width="33" height="42" />
        <cmp x="1491" y="2764" width="41" height="28" />
        <cmp x="1529" y="2758" width="36" height="36" />
        <cmp x="1558" y="2750" width="42" height="46" />
      </word>
      <upper-contour>
        <point x="362" y="2605" />
        <point x="1601" y="2605" />
      </upper-contour>
    </line>
  </handwritten-part>
</form>

