<?xml version="1.0" encoding="ISO-8859-1"?>

<!DOCTYPE form SYSTEM 'http://www.iam.unibe.ch/~fki/iamdb/form-metadata.dtd'>

<form created="2002-01-18" height="3542" id="g04-063" last-modified="2002-07-17" skew="0" status="final" version="3.0_beta" width="2479" writer-id="324">
  <machine-printed-part>
    <machine-print-line text="A great blow disturbed all our efforts in the following year, 1914, when war broke out." />
    <machine-print-line text="Very soon Chaplains for the Forces were urgently needed, and I felt clearly that one" />
    <machine-print-line text="of us must volunteer. The Bishop, Dr. Burge, did not wish me to go then, as I had" />
    <machine-print-line text="barely been in the parish for a year. Mr. Evitt, however, was much less committed" />
    <machine-print-line text="than his Vicar, and he was accepted at once and was very soon in France where he did" />
    <machine-print-line text="splendid work until his health broke down and he had a bad attack of enteric fever." />
  </machine-printed-part>
  <handwritten-part>
    <line ass="41" asx="0" asy="716" character-width="999" dss="41" dsx="0" dsy="829" fd0="12640" fd1="2437" fd2="-1133" filter-width="3" id="g04-063-00" lbs="49" lbx="0" lby="788" segmentation="ok" slant="101000" stroke-width="4520" threshold="178" text="A great blow disturbed all our efforts in the following" ubs="25" ubx="0" uby="761">
      <word id="g04-063-00-00" sentence-start="yes" tag="AT" text="A">
        <cmp x="363" y="717" width="31" height="62" />
      </word>
      <word id="g04-063-00-01" tag="JJ" text="great">
        <cmp x="458" y="762" width="38" height="65" />
        <cmp x="494" y="762" width="16" height="26" />
        <cmp x="517" y="760" width="22" height="27" />
        <cmp x="549" y="761" width="28" height="26" />
        <cmp x="582" y="734" width="21" height="52" />
      </word>
      <word id="g04-063-00-02" tag="NN" text="blow">
        <cmp x="647" y="742" width="28" height="47" />
        <cmp x="682" y="736" width="92" height="53" />
      </word>
      <word id="g04-063-00-03" tag="VBD" text="disturbed">
        <cmp x="809" y="743" width="29" height="48" />
        <cmp x="842" y="754" width="4" height="5" />
        <cmp x="848" y="772" width="7" height="19" />
        <cmp x="863" y="763" width="30" height="29" />
        <cmp x="887" y="733" width="22" height="53" />
        <cmp x="916" y="764" width="25" height="23" />
        <cmp x="946" y="764" width="29" height="27" />
        <cmp x="982" y="764" width="23" height="23" />
        <cmp x="1008" y="747" width="31" height="42" />
        <cmp x="1041" y="760" width="35" height="30" />
        <cmp x="1077" y="744" width="34" height="43" />
      </word>
      <word id="g04-063-00-04" tag="ABN" text="all">
        <cmp x="1163" y="729" width="75" height="59" />
      </word>
      <word id="g04-063-00-05" tag="PP$" text="our">
        <cmp x="1277" y="761" width="63" height="28" />
        <cmp x="1344" y="763" width="30" height="26" />
      </word>
      <word id="g04-063-00-06" tag="NNS" text="efforts">
        <cmp x="1413" y="762" width="37" height="24" />
        <cmp x="1442" y="734" width="22" height="51" />
        <cmp x="1460" y="736" width="27" height="49" />
        <cmp x="1489" y="764" width="32" height="27" />
        <cmp x="1522" y="763" width="19" height="25" />
        <cmp x="1540" y="741" width="21" height="45" />
        <cmp x="1567" y="760" width="30" height="30" />
      </word>
      <word id="g04-063-00-07" tag="IN" text="in">
        <cmp x="1639" y="747" width="6" height="7" />
        <cmp x="1645" y="763" width="11" height="24" />
        <cmp x="1659" y="761" width="38" height="23" />
      </word>
      <word id="g04-063-00-08" tag="ATI" text="the">
        <cmp x="1727" y="757" width="28" height="30" />
        <cmp x="1760" y="747" width="43" height="41" />
        <cmp x="1798" y="759" width="32" height="30" />
      </word>
      <word id="g04-063-00-09" tag="JJ" text="following">
        <cmp x="1873" y="731" width="23" height="54" />
        <cmp x="1903" y="764" width="31" height="22" />
        <cmp x="1931" y="739" width="120" height="50" />
        <cmp x="2053" y="739" width="6" height="7" />
        <cmp x="2055" y="761" width="13" height="24" />
        <cmp x="2073" y="757" width="40" height="24" />
        <cmp x="2118" y="759" width="29" height="70" />
      </word>
      <lower-contour>
        <point x="361" y="829" />
        <point x="2148" y="829" />
      </lower-contour>
    </line>
    <line ass="32" asx="0" asy="903" character-width="999" dss="32" dsx="0" dsy="1003" fd0="13155" fd1="3013" fd2="-874" filter-width="3" id="g04-063-01" lbs="41" lbx="0" lby="964" segmentation="err" slant="101000" stroke-width="4475" threshold="179" text="year, 1914, when war broke out. Very soon Chaplains for" ubs="14" ubx="0" uby="937">
      <word id="g04-063-01-00" tag="NN" text="year">
        <cmp x="352" y="935" width="31" height="68" />
        <cmp x="380" y="933" width="24" height="30" />
        <cmp x="404" y="936" width="36" height="27" />
        <cmp x="444" y="936" width="30" height="26" />
        <cmp x="478" y="960" width="5" height="13" />
      </word>
      <word id="g04-063-01-01" tag="," text=",">
        <cmp x="524" y="921" width="8" height="42" />
      </word>
      <word id="g04-063-01-02" tag="CD" text="1914">
        <cmp x="539" y="920" width="30" height="43" />
        <cmp x="578" y="922" width="10" height="39" />
        <cmp x="598" y="909" width="31" height="50" />
      </word>
      <word id="g04-063-01-03" tag="," text=",">
        <cmp x="640" y="956" width="8" height="17" />
      </word>
      <word id="g04-063-01-04" tag="WRB" text="when">
        <cmp x="666" y="935" width="42" height="30" />
        <cmp x="709" y="922" width="34" height="38" />
        <cmp x="746" y="934" width="22" height="28" />
        <cmp x="774" y="935" width="32" height="27" />
      </word>
      <word id="g04-063-01-05" tag="NN" text="war">
        <cmp x="841" y="938" width="38" height="28" />
        <cmp x="885" y="939" width="35" height="26" />
        <cmp x="929" y="938" width="23" height="26" />
      </word>
      <word id="g04-063-01-06" tag="VBD" text="broke">
        <cmp x="992" y="926" width="33" height="38" />
        <cmp x="1033" y="941" width="27" height="24" />
        <cmp x="1062" y="923" width="33" height="46" />
        <cmp x="1093" y="932" width="72" height="34" />
      </word>
      <word id="g04-063-01-07" tag="RP" text="out">
        <cmp x="1207" y="941" width="65" height="25" />
        <cmp x="1270" y="913" width="27" height="49" />
      </word>
      <word id="g04-063-01-08" tag="." text=".">
        <cmp x="1310" y="958" width="6" height="7" />
      </word>
      <word id="g04-063-01-09" sentence-start="yes" tag="QL" text="Very">
        <cmp x="1347" y="911" width="30" height="54" />
        <cmp x="1388" y="935" width="27" height="28" />
        <cmp x="1417" y="937" width="69" height="60" />
      </word>
      <word id="g04-063-01-10" tag="RB" text="soon">
        <cmp x="1532" y="939" width="30" height="29" />
        <cmp x="1566" y="936" width="31" height="29" />
        <cmp x="1599" y="936" width="32" height="26" />
        <cmp x="1631" y="934" width="35" height="26" />
      </word>
      <word id="g04-063-01-11" tag="NPTS" text="Chaplains">
        <cmp x="1711" y="921" width="42" height="39" />
        <cmp x="1749" y="919" width="31" height="44" />
        <cmp x="1788" y="939" width="34" height="25" />
        <cmp x="1831" y="943" width="24" height="45" />
        <cmp x="1860" y="926" width="27" height="43" />
        <cmp x="1889" y="943" width="40" height="24" />
        <cmp x="1928" y="924" width="5" height="7" />
        <cmp x="1933" y="944" width="10" height="22" />
        <cmp x="1949" y="936" width="40" height="26" />
        <cmp x="1997" y="931" width="28" height="33" />
      </word>
      <word id="g04-063-01-12" tag="IN" text="for">
        <cmp x="2071" y="903" width="26" height="56" />
        <cmp x="2102" y="937" width="31" height="23" />
        <cmp x="2138" y="940" width="25" height="21" />
      </word>
      <upper-contour>
        <point x="361" y="829" />
        <point x="2148" y="829" />
      </upper-contour>
      <lower-contour>
        <point x="350" y="1003" />
        <point x="2164" y="1003" />
      </lower-contour>
    </line>
    <line ass="-49" asx="0" asy="1090" character-width="999" dss="-49" dsx="0" dsy="1188" fd0="12867" fd1="2744" fd2="-716" filter-width="3" id="g04-063-02" lbs="-82" lbx="0" lby="1143" segmentation="ok" slant="101000" stroke-width="4516" threshold="178" text="the Forces were urgently needed, and I felt clearly" ubs="15" ubx="0" uby="1120">
      <word id="g04-063-02-00" tag="ATI" text="the">
        <cmp x="337" y="1121" width="20" height="27" />
        <cmp x="359" y="1104" width="60" height="44" />
      </word>
      <word id="g04-063-02-01" tag="NNS" text="Forces">
        <cmp x="465" y="1092" width="28" height="48" />
        <cmp x="496" y="1121" width="23" height="27" />
        <cmp x="525" y="1126" width="10" height="22" />
        <cmp x="533" y="1126" width="10" height="4" />
        <cmp x="551" y="1123" width="26" height="23" />
        <cmp x="584" y="1122" width="28" height="22" />
        <cmp x="626" y="1117" width="32" height="29" />
      </word>
      <word id="g04-063-02-02" tag="BED" text="were">
        <cmp x="714" y="1119" width="46" height="28" />
        <cmp x="763" y="1117" width="32" height="29" />
        <cmp x="800" y="1118" width="18" height="24" />
        <cmp x="823" y="1118" width="32" height="25" />
      </word>
      <word id="g04-063-02-03" tag="RB" text="urgently">
        <cmp x="922" y="1119" width="26" height="29" />
        <cmp x="960" y="1119" width="24" height="26" />
        <cmp x="982" y="1123" width="32" height="66" />
        <cmp x="1014" y="1120" width="26" height="29" />
        <cmp x="1043" y="1121" width="43" height="24" />
        <cmp x="1092" y="1093" width="18" height="57" />
        <cmp x="1122" y="1098" width="53" height="79" />
      </word>
      <word id="g04-063-02-04" tag="VBN" text="needed">
        <cmp x="1226" y="1115" width="39" height="27" />
        <cmp x="1275" y="1119" width="29" height="24" />
        <cmp x="1307" y="1119" width="26" height="25" />
        <cmp x="1341" y="1102" width="36" height="39" />
        <cmp x="1388" y="1119" width="29" height="27" />
        <cmp x="1430" y="1100" width="28" height="45" />
      </word>
      <word id="g04-063-02-05" tag="," text=",">
        <cmp x="1485" y="1146" width="7" height="11" />
      </word>
      <word id="g04-063-02-06" tag="CC" text="and">
        <cmp x="1533" y="1117" width="35" height="27" />
        <cmp x="1573" y="1120" width="36" height="24" />
        <cmp x="1619" y="1096" width="28" height="49" />
      </word>
      <word id="g04-063-02-07" tag="PP1A" text="I">
        <cmp x="1711" y="1105" width="11" height="45" />
      </word>
      <word id="g04-063-02-08" tag="VBD" text="felt">
        <cmp x="1766" y="1094" width="26" height="49" />
        <cmp x="1795" y="1122" width="38" height="27" />
        <cmp x="1828" y="1105" width="25" height="42" />
        <cmp x="1854" y="1116" width="20" height="32" />
      </word>
      <word id="g04-063-02-09" tag="RB" text="clearly">
        <cmp x="1936" y="1122" width="26" height="24" />
        <cmp x="1968" y="1104" width="30" height="44" />
        <cmp x="1998" y="1123" width="33" height="26" />
        <cmp x="2034" y="1124" width="38" height="24" />
        <cmp x="2071" y="1120" width="22" height="25" />
        <cmp x="2095" y="1099" width="36" height="44" />
        <cmp x="2135" y="1121" width="32" height="58" />
      </word>
      <upper-contour>
        <point x="350" y="1003" />
        <point x="2164" y="1003" />
      </upper-contour>
      <lower-contour>
        <point x="335" y="1189" />
        <point x="2154" y="1189" />
      </lower-contour>
    </line>
    <line ass="114" asx="0" asy="1263" character-width="999" dss="114" dsx="0" dsy="1365" fd0="13210" fd1="2982" fd2="-638" filter-width="3" id="g04-063-03" lbs="57" lbx="0" lby="1327" segmentation="ok" slant="99000" stroke-width="4420" threshold="181" text="that one of us must volunteer. The Bishop, Dr. Burge, did" ubs="226" ubx="0" uby="1304">
      <word id="g04-063-03-00" tag="CS" text="that">
        <cmp x="329" y="1292" width="19" height="39" />
        <cmp x="347" y="1291" width="31" height="43" />
        <cmp x="384" y="1302" width="33" height="27" />
        <cmp x="415" y="1292" width="18" height="38" />
      </word>
      <word id="g04-063-03-01" tag="CD1" text="one">
        <cmp x="503" y="1305" width="66" height="26" />
        <cmp x="577" y="1300" width="31" height="27" />
      </word>
      <word id="g04-063-03-02" tag="INO" text="of">
        <cmp x="661" y="1297" width="26" height="23" />
        <cmp x="689" y="1263" width="15" height="58" />
      </word>
      <word id="g04-063-03-03" tag="PP1OS" text="us">
        <cmp x="747" y="1297" width="36" height="27" />
        <cmp x="785" y="1292" width="23" height="31" />
      </word>
      <word id="g04-063-03-04" tag="MD" text="must">
        <cmp x="845" y="1297" width="50" height="25" />
        <cmp x="900" y="1301" width="31" height="25" />
        <cmp x="937" y="1301" width="29" height="31" />
        <cmp x="960" y="1271" width="23" height="54" />
      </word>
      <word id="g04-063-03-05" tag="VB" text="volunteer">
        <cmp x="1028" y="1302" width="23" height="28" />
        <cmp x="1056" y="1280" width="86" height="51" />
        <cmp x="1142" y="1302" width="34" height="24" />
        <cmp x="1177" y="1274" width="33" height="47" />
        <cmp x="1212" y="1297" width="30" height="27" />
        <cmp x="1245" y="1299" width="31" height="25" />
        <cmp x="1279" y="1301" width="28" height="24" />
      </word>
      <word id="g04-063-03-06" tag="." text=".">
        <cmp x="1321" y="1321" width="5" height="6" />
      </word>
      <word id="g04-063-03-07" sentence-start="yes" tag="ATI" text="The">
        <cmp x="1334" y="1280" width="52" height="46" />
        <cmp x="1395" y="1287" width="29" height="38" />
        <cmp x="1425" y="1300" width="29" height="24" />
      </word>
      <word id="g04-063-03-08" tag="NPT" text="Bishop">
        <cmp x="1491" y="1275" width="37" height="57" />
        <cmp x="1531" y="1290" width="4" height="4" />
        <cmp x="1535" y="1307" width="8" height="22" />
        <cmp x="1550" y="1299" width="29" height="30" />
        <cmp x="1578" y="1273" width="35" height="48" />
        <cmp x="1613" y="1302" width="27" height="21" />
        <cmp x="1640" y="1304" width="17" height="41" />
        <cmp x="1646" y="1301" width="22" height="23" />
      </word>
      <word id="g04-063-03-09" tag="," text=",">
        <cmp x="1686" y="1328" width="8" height="11" />
      </word>
      <word id="g04-063-03-10" tag="NPT" text="Dr.">
        <cmp x="1714" y="1280" width="36" height="43" />
        <cmp x="1759" y="1301" width="21" height="22" />
        <cmp x="1791" y="1322" width="5" height="4" />
      </word>
      <word id="g04-063-03-11" tag="NP" text="Burge">
        <cmp x="1820" y="1287" width="3" height="5" />
        <cmp x="1824" y="1268" width="42" height="60" />
        <cmp x="1875" y="1301" width="25" height="29" />
        <cmp x="1905" y="1308" width="17" height="21" />
        <cmp x="1930" y="1302" width="35" height="60" />
        <cmp x="1967" y="1299" width="32" height="28" />
      </word>
      <word id="g04-063-03-12" tag="," text=",">
        <cmp x="2011" y="1330" width="5" height="12" />
      </word>
      <word id="g04-063-03-13" tag="DOD" text="did">
        <cmp x="2057" y="1269" width="31" height="49" />
        <cmp x="2100" y="1294" width="8" height="26" />
        <cmp x="2103" y="1275" width="5" height="5" />
        <cmp x="2123" y="1275" width="30" height="45" />
      </word>
      <upper-contour>
        <point x="335" y="1189" />
        <point x="2154" y="1189" />
      </upper-contour>
      <lower-contour>
        <point x="327" y="1362" />
        <point x="2154" y="1362" />
      </lower-contour>
    </line>
    <line ass="-67" asx="0" asy="1446" character-width="999" dss="-67" dsx="0" dsy="1548" fd0="13041" fd1="3070" fd2="-413" filter-width="3" id="g04-063-04" lbs="-94" lbx="0" lby="1503" segmentation="ok" slant="101000" stroke-width="4544" threshold="178" text="not wish me to go then, as I had barely been in the parish" ubs="-12" ubx="0" uby="1478">
      <word id="g04-063-04-00" tag="XNOT" text="not">
        <cmp x="324" y="1477" width="43" height="24" />
        <cmp x="374" y="1478" width="28" height="25" />
        <cmp x="404" y="1448" width="20" height="48" />
      </word>
      <word id="g04-063-04-01" tag="VB" text="wish">
        <cmp x="470" y="1479" width="37" height="29" />
        <cmp x="511" y="1469" width="6" height="5" />
        <cmp x="514" y="1481" width="8" height="19" />
        <cmp x="529" y="1473" width="33" height="32" />
        <cmp x="559" y="1461" width="34" height="43" />
      </word>
      <word id="g04-063-04-02" tag="PP1O" text="me">
        <cmp x="643" y="1480" width="54" height="24" />
        <cmp x="705" y="1476" width="36" height="28" />
      </word>
      <word id="g04-063-04-03" tag="TO" text="to">
        <cmp x="785" y="1462" width="48" height="45" />
      </word>
      <word id="g04-063-04-04" tag="VB" text="go">
        <cmp x="867" y="1479" width="37" height="71" />
        <cmp x="899" y="1485" width="24" height="23" />
      </word>
      <word id="g04-063-04-05" tag="RN" text="then">
        <cmp x="947" y="1479" width="30" height="36" />
        <cmp x="978" y="1465" width="54" height="45" />
        <cmp x="1034" y="1481" width="36" height="27" />
      </word>
      <word id="g04-063-04-06" tag="," text=",">
        <cmp x="1078" y="1504" width="5" height="11" />
      </word>
      <word id="g04-063-04-07" tag="CS" text="as">
        <cmp x="1107" y="1479" width="32" height="25" />
        <cmp x="1153" y="1474" width="26" height="33" />
      </word>
      <word id="g04-063-04-08" tag="PP1A" text="I">
        <cmp x="1210" y="1449" width="8" height="57" />
      </word>
      <word id="g04-063-04-09" tag="HVD" text="had">
        <cmp x="1264" y="1457" width="24" height="48" />
        <cmp x="1295" y="1480" width="28" height="28" />
        <cmp x="1334" y="1448" width="27" height="62" />
      </word>
      <word id="g04-063-04-10" tag="RB" text="barely">
        <cmp x="1396" y="1462" width="28" height="46" />
        <cmp x="1427" y="1483" width="34" height="25" />
        <cmp x="1463" y="1484" width="16" height="24" />
        <cmp x="1480" y="1486" width="7" height="4" />
        <cmp x="1489" y="1466" width="95" height="68" />
      </word>
      <word id="g04-063-04-11" tag="BEN" text="been">
        <cmp x="1611" y="1462" width="61" height="42" />
        <cmp x="1678" y="1478" width="28" height="26" />
        <cmp x="1712" y="1478" width="29" height="27" />
      </word>
      <word id="g04-063-04-12" tag="IN" text="in">
        <cmp x="1793" y="1467" width="4" height="5" />
        <cmp x="1795" y="1483" width="7" height="21" />
        <cmp x="1812" y="1475" width="34" height="26" />
      </word>
      <word id="g04-063-04-13" tag="ATI" text="the">
        <cmp x="1874" y="1476" width="22" height="29" />
        <cmp x="1900" y="1465" width="75" height="42" />
      </word>
      <word id="g04-063-04-14" tag="NN" text="parish">
        <cmp x="2015" y="1476" width="66" height="55" />
        <cmp x="2087" y="1479" width="22" height="24" />
        <cmp x="2109" y="1462" width="5" height="7" />
        <cmp x="2113" y="1479" width="9" height="27" />
        <cmp x="2128" y="1474" width="28" height="31" />
        <cmp x="2157" y="1451" width="36" height="52" />
      </word>
      <upper-contour>
        <point x="327" y="1362" />
        <point x="2154" y="1362" />
      </upper-contour>
      <lower-contour>
        <point x="337" y="1550" />
        <point x="2194" y="1550" />
      </lower-contour>
    </line>
    <line ass="-93" asx="0" asy="1611" character-width="999" dss="-93" dsx="0" dsy="1715" fd0="13131" fd1="3209" fd2="-693" filter-width="3" id="g04-063-05" lbs="-78" lbx="0" lby="1683" segmentation="err" slant="99000" stroke-width="4525" threshold="178" text="for a year. Mr. Evitt, however, was much less committed" ubs="-122" ubx="0" uby="1656">
      <word id="g04-063-05-00" tag="IN" text="for">
        <cmp x="339" y="1613" width="23" height="65" />
        <cmp x="363" y="1656" width="26" height="27" />
        <cmp x="389" y="1660" width="26" height="23" />
      </word>
      <word id="g04-063-05-01" tag="AT" text="a">
        <cmp x="465" y="1663" width="31" height="23" />
      </word>
      <word id="g04-063-05-02" tag="NN" text="year">
        <cmp x="554" y="1656" width="32" height="60" />
        <cmp x="589" y="1657" width="28" height="27" />
        <cmp x="619" y="1654" width="35" height="28" />
        <cmp x="660" y="1655" width="26" height="25" />
        <cmp x="688" y="1673" width="5" height="6" />
      </word>
      <word id="g04-063-05-03" tag="." text=".">
        <cmp x="736" y="1627" width="43" height="56" />
      </word>
      <word id="g04-063-05-04" sentence-start="yes" tag="NPT" text="Mr.">
        <cmp x="786" y="1657" width="24" height="31" />
        <cmp x="815" y="1683" width="4" height="5" />
        <cmp x="855" y="1631" width="40" height="54" />
      </word>
      <word id="g04-063-05-05" tag="NP" text="Evitt">
        <cmp x="899" y="1656" width="22" height="29" />
        <cmp x="925" y="1641" width="5" height="5" />
        <cmp x="931" y="1662" width="8" height="20" />
        <cmp x="950" y="1630" width="18" height="47" />
        <cmp x="970" y="1627" width="23" height="59" />
      </word>
      <word id="g04-063-05-06" tag="," text=",">
        <cmp x="1010" y="1681" width="4" height="18" />
      </word>
      <word id="g04-063-05-07" tag="RB" text="however">
        <cmp x="1046" y="1632" width="36" height="47" />
        <cmp x="1088" y="1655" width="27" height="26" />
        <cmp x="1118" y="1656" width="38" height="28" />
        <cmp x="1160" y="1657" width="30" height="30" />
        <cmp x="1196" y="1655" width="19" height="31" />
        <cmp x="1227" y="1659" width="31" height="27" />
        <cmp x="1261" y="1664" width="10" height="22" />
        <cmp x="1267" y="1657" width="19" height="9" />
      </word>
      <word id="g04-063-05-08" tag="," text=",">
        <cmp x="1298" y="1687" width="4" height="12" />
      </word>
      <word id="g04-063-05-09" tag="BEDZ" text="was">
        <cmp x="1335" y="1660" width="40" height="29" />
        <cmp x="1381" y="1659" width="34" height="27" />
        <cmp x="1421" y="1655" width="25" height="31" />
      </word>
      <word id="g04-063-05-10" tag="RB" text="much">
        <cmp x="1502" y="1659" width="61" height="24" />
        <cmp x="1569" y="1659" width="31" height="30" />
        <cmp x="1607" y="1659" width="28" height="27" />
        <cmp x="1633" y="1633" width="35" height="52" />
      </word>
      <word id="g04-063-05-11" tag="RBR" text="less">
        <cmp x="1727" y="1640" width="30" height="51" />
        <cmp x="1754" y="1662" width="28" height="25" />
        <cmp x="1784" y="1662" width="24" height="28" />
        <cmp x="1811" y="1655" width="33" height="34" />
      </word>
      <word id="g04-063-05-12" tag="VBN" text="committed">
        <cmp x="1890" y="1657" width="25" height="25" />
        <cmp x="1922" y="1661" width="28" height="23" />
        <cmp x="1948" y="1662" width="49" height="23" />
        <cmp x="1999" y="1661" width="57" height="22" />
        <cmp x="2063" y="1642" width="4" height="5" />
        <cmp x="2070" y="1661" width="8" height="24" />
        <cmp x="2079" y="1638" width="19" height="44" />
        <cmp x="2107" y="1634" width="21" height="53" />
        <cmp x="2143" y="1656" width="25" height="29" />
        <cmp x="2176" y="1643" width="31" height="42" />
      </word>
      <upper-contour>
        <point x="337" y="1550" />
        <point x="2194" y="1550" />
      </upper-contour>
      <lower-contour>
        <point x="337" y="1716" />
        <point x="2137" y="1716" />
      </lower-contour>
    </line>
    <line ass="-60" asx="0" asy="1807" character-width="999" dss="-60" dsx="0" dsy="1885" fd0="12900" fd1="3028" fd2="-564" filter-width="3" id="g04-063-06" lbs="-53" lbx="0" lby="1862" segmentation="err" slant="99000" stroke-width="4537" threshold="176" text="than his Vicar, and he was accepted at once and" ubs="-73" ubx="0" uby="1836">
      <word id="g04-063-06-00" tag="IN" text="than">
        <cmp x="338" y="1823" width="24" height="33" />
        <cmp x="363" y="1810" width="32" height="49" />
        <cmp x="400" y="1835" width="33" height="27" />
        <cmp x="444" y="1817" width="18" height="46" />
      </word>
      <word id="g04-063-06-01" tag="PP$" text="his">
        <cmp x="521" y="1817" width="33" height="44" />
        <cmp x="557" y="1817" width="5" height="9" />
        <cmp x="566" y="1837" width="8" height="26" />
        <cmp x="578" y="1835" width="27" height="28" />
      </word>
      <word id="g04-063-06-02" tag="NPT" text="Vicar">
        <cmp x="659" y="1816" width="27" height="50" />
        <cmp x="694" y="1831" width="8" height="7" />
        <cmp x="694" y="1846" width="6" height="18" />
        <cmp x="714" y="1841" width="29" height="23" />
        <cmp x="745" y="1842" width="37" height="22" />
      </word>
      <word id="g04-063-06-03" tag="," text=",">
        <cmp x="793" y="1841" width="8" height="20" />
        <cmp x="802" y="1837" width="19" height="6" />
        <cmp x="825" y="1864" width="4" height="10" />
      </word>
      <word id="g04-063-06-04" tag="CC" text="and">
        <cmp x="869" y="1839" width="41" height="24" />
        <cmp x="907" y="1836" width="46" height="26" />
        <cmp x="962" y="1825" width="35" height="37" />
      </word>
      <word id="g04-063-06-05" tag="PP3A" text="he">
        <cmp x="1061" y="1818" width="31" height="38" />
        <cmp x="1096" y="1834" width="36" height="28" />
      </word>
      <word id="g04-063-06-06" tag="BEDZ" text="was">
        <cmp x="1174" y="1844" width="46" height="24" />
        <cmp x="1225" y="1840" width="45" height="27" />
        <cmp x="1270" y="1836" width="28" height="28" />
      </word>
      <word id="g04-063-06-07" tag="VBN" text="accepted">
        <cmp x="1357" y="1843" width="43" height="24" />
        <cmp x="1405" y="1840" width="29" height="21" />
        <cmp x="1435" y="1839" width="35" height="21" />
        <cmp x="1469" y="1835" width="40" height="26" />
        <cmp x="1504" y="1836" width="30" height="52" />
        <cmp x="1538" y="1810" width="28" height="54" />
        <cmp x="1566" y="1837" width="32" height="26" />
        <cmp x="1602" y="1810" width="36" height="52" />
      </word>
      <word id="g04-063-06-08" tag="RB21" text="at">
        <cmp x="1693" y="1841" width="38" height="25" />
        <cmp x="1728" y="1817" width="25" height="51" />
      </word>
      <word id="g04-063-06-09" tag="RB22" text="once">
        <cmp x="1809" y="1840" width="31" height="23" />
        <cmp x="1837" y="1834" width="42" height="27" />
        <cmp x="1884" y="1836" width="34" height="25" />
        <cmp x="1917" y="1834" width="39" height="29" />
      </word>
      <word id="g04-063-06-10" tag="CC" text="and">
        <cmp x="2024" y="1838" width="33" height="26" />
        <cmp x="2063" y="1838" width="37" height="25" />
        <cmp x="2105" y="1814" width="31" height="51" />
      </word>
      <upper-contour>
        <point x="337" y="1716" />
        <point x="2137" y="1716" />
      </upper-contour>
      <lower-contour>
        <point x="340" y="1888" />
        <point x="2035" y="1888" />
      </lower-contour>
    </line>
    <line ass="-180" asx="0" asy="1975" character-width="999" dss="-180" dsx="0" dsy="2084" fd0="13053" fd1="2749" fd2="-709" filter-width="3" id="g04-063-07" lbs="-198" lbx="0" lby="2036" segmentation="ok" slant="101000" stroke-width="4608" threshold="178" text="was very soon in France where he did splendid" ubs="-145" ubx="0" uby="2011">
      <word id="g04-063-07-00" tag="BEDZ" text="was">
        <cmp x="342" y="2011" width="43" height="31" />
        <cmp x="387" y="2018" width="32" height="21" />
        <cmp x="424" y="2010" width="29" height="28" />
      </word>
      <word id="g04-063-07-01" tag="QL" text="very">
        <cmp x="529" y="2014" width="21" height="24" />
        <cmp x="553" y="2012" width="34" height="26" />
        <cmp x="590" y="2011" width="23" height="30" />
        <cmp x="622" y="2014" width="36" height="72" />
      </word>
      <word id="g04-063-07-02" tag="RB" text="soon">
        <cmp x="720" y="2007" width="34" height="30" />
        <cmp x="759" y="2011" width="30" height="25" />
        <cmp x="797" y="2013" width="30" height="23" />
        <cmp x="826" y="2012" width="40" height="26" />
      </word>
      <word id="g04-063-07-03" tag="IN" text="in">
        <cmp x="930" y="2005" width="6" height="6" />
        <cmp x="937" y="2022" width="6" height="19" />
        <cmp x="953" y="2016" width="40" height="28" />
      </word>
      <word id="g04-063-07-04" tag="NP" text="France">
        <cmp x="1045" y="1982" width="38" height="56" />
        <cmp x="1081" y="2016" width="24" height="26" />
        <cmp x="1112" y="2014" width="31" height="32" />
        <cmp x="1147" y="2015" width="30" height="24" />
        <cmp x="1186" y="2002" width="65" height="43" />
      </word>
      <word id="g04-063-07-05" tag="WRB" text="where">
        <cmp x="1308" y="2006" width="47" height="36" />
        <cmp x="1358" y="1998" width="36" height="41" />
        <cmp x="1396" y="2014" width="24" height="27" />
        <cmp x="1424" y="2013" width="20" height="28" />
        <cmp x="1450" y="2014" width="35" height="26" />
      </word>
      <word id="g04-063-07-06" tag="PP3A" text="he">
        <cmp x="1532" y="1987" width="39" height="48" />
        <cmp x="1575" y="2014" width="28" height="27" />
      </word>
      <word id="g04-063-07-07" tag="DOD" text="did">
        <cmp x="1641" y="2001" width="34" height="44" />
        <cmp x="1684" y="2004" width="5" height="10" />
        <cmp x="1684" y="2026" width="10" height="21" />
        <cmp x="1706" y="2005" width="32" height="44" />
      </word>
      <word id="g04-063-07-08" tag="JJ" text="splendid">
        <cmp x="1804" y="2011" width="25" height="32" />
        <cmp x="1830" y="2018" width="30" height="53" />
        <cmp x="1857" y="1989" width="79" height="57" />
        <cmp x="1944" y="1994" width="28" height="49" />
        <cmp x="1976" y="1998" width="4" height="7" />
        <cmp x="1981" y="2022" width="9" height="22" />
        <cmp x="1997" y="1982" width="37" height="61" />
      </word>
      <upper-contour>
        <point x="340" y="1888" />
        <point x="2035" y="1888" />
      </upper-contour>
      <lower-contour>
        <point x="340" y="2086" />
        <point x="2035" y="2086" />
      </lower-contour>
    </line>
    <line ass="27" asx="0" asy="2164" character-width="999" dss="27" dsx="0" dsy="2224" fd0="12796" fd1="2896" fd2="-569" filter-width="3" id="g04-063-08" lbs="54" lbx="0" lby="2220" segmentation="ok" slant="97000" stroke-width="4501" threshold="176" text="work until his health broke down and he had a bad" ubs="-24" ubx="0" uby="2189">
      <word id="g04-063-08-00" tag="NN" text="work">
        <cmp x="337" y="2190" width="41" height="29" />
        <cmp x="383" y="2189" width="29" height="31" />
        <cmp x="415" y="2187" width="22" height="30" />
        <cmp x="446" y="2171" width="33" height="45" />
      </word>
      <word id="g04-063-08-01" tag="CS" text="until">
        <cmp x="537" y="2191" width="34" height="30" />
        <cmp x="575" y="2189" width="34" height="29" />
        <cmp x="616" y="2168" width="29" height="46" />
        <cmp x="644" y="2171" width="5" height="8" />
        <cmp x="648" y="2194" width="7" height="22" />
        <cmp x="669" y="2167" width="29" height="53" />
      </word>
      <word id="g04-063-08-02" tag="PP$" text="his">
        <cmp x="745" y="2168" width="27" height="54" />
        <cmp x="772" y="2182" width="8" height="6" />
        <cmp x="776" y="2199" width="5" height="22" />
        <cmp x="791" y="2193" width="29" height="29" />
        <cmp x="804" y="2194" width="3" height="3" />
      </word>
      <word id="g04-063-08-03" tag="NN" text="health">
        <cmp x="866" y="2170" width="30" height="49" />
        <cmp x="903" y="2193" width="25" height="28" />
        <cmp x="935" y="2180" width="48" height="44" />
        <cmp x="983" y="2188" width="21" height="34" />
        <cmp x="1014" y="2167" width="25" height="48" />
      </word>
      <word id="g04-063-08-04" tag="VBD" text="broke">
        <cmp x="1112" y="2172" width="32" height="45" />
        <cmp x="1150" y="2189" width="22" height="31" />
        <cmp x="1173" y="2193" width="26" height="29" />
        <cmp x="1202" y="2174" width="62" height="49" />
      </word>
      <word id="g04-063-08-05" tag="RP" text="down">
        <cmp x="1315" y="2165" width="40" height="57" />
        <cmp x="1359" y="2190" width="77" height="30" />
        <cmp x="1443" y="2189" width="32" height="26" />
      </word>
      <word id="g04-063-08-06" tag="CC" text="and">
        <cmp x="1534" y="2195" width="38" height="24" />
        <cmp x="1576" y="2199" width="12" height="19" />
        <cmp x="1589" y="2195" width="19" height="21" />
        <cmp x="1612" y="2171" width="32" height="53" />
      </word>
      <word id="g04-063-08-07" tag="PP3A" text="he">
        <cmp x="1709" y="2183" width="25" height="34" />
        <cmp x="1745" y="2190" width="33" height="28" />
      </word>
      <word id="g04-063-08-08" tag="HVD" text="had">
        <cmp x="1824" y="2179" width="28" height="38" />
        <cmp x="1861" y="2189" width="38" height="30" />
        <cmp x="1906" y="2165" width="31" height="50" />
      </word>
      <word id="g04-063-08-09" tag="AT" text="a">
        <cmp x="1986" y="2199" width="42" height="22" />
      </word>
      <word id="g04-063-08-10" tag="JJ" text="bad">
        <cmp x="2078" y="2166" width="34" height="49" />
        <cmp x="2120" y="2191" width="39" height="27" />
        <cmp x="2168" y="2171" width="34" height="45" />
      </word>
      <upper-contour>
        <point x="340" y="2086" />
        <point x="2035" y="2086" />
      </upper-contour>
      <lower-contour>
        <point x="362" y="2224" />
        <point x="1251" y="2224" />
      </lower-contour>
    </line>
    <line ass="-456" asx="0" asy="2333" character-width="999" dss="-456" dsx="0" dsy="2396" fd0="13043" fd1="3230" fd2="-541" filter-width="3" id="g04-063-09" lbs="-470" lbx="0" lby="2390" segmentation="ok" slant="100000" stroke-width="4578" threshold="175" text="attack of enteric fever." ubs="-426" ubx="0" uby="2365">
      <word id="g04-063-09-00" tag="NN" text="attack">
        <cmp x="364" y="2370" width="37" height="27" />
        <cmp x="403" y="2349" width="27" height="46" />
        <cmp x="431" y="2345" width="22" height="53" />
        <cmp x="460" y="2371" width="42" height="24" />
        <cmp x="507" y="2351" width="39" height="41" />
        <cmp x="543" y="2360" width="40" height="30" />
      </word>
      <word id="g04-063-09-01" tag="INO" text="of">
        <cmp x="639" y="2365" width="31" height="26" />
        <cmp x="675" y="2340" width="16" height="49" />
      </word>
      <word id="g04-063-09-02" tag="JJ" text="enteric">
        <cmp x="756" y="2375" width="76" height="29" />
        <cmp x="841" y="2355" width="17" height="46" />
        <cmp x="871" y="2373" width="34" height="25" />
        <cmp x="908" y="2374" width="20" height="21" />
        <cmp x="936" y="2375" width="8" height="24" />
        <cmp x="938" y="2356" width="4" height="5" />
        <cmp x="960" y="2371" width="38" height="26" />
      </word>
      <word id="g04-063-09-03" tag="NN" text="fever">
        <cmp x="1061" y="2344" width="31" height="54" />
        <cmp x="1080" y="2369" width="8" height="5" />
        <cmp x="1096" y="2371" width="33" height="29" />
        <cmp x="1133" y="2373" width="18" height="27" />
        <cmp x="1156" y="2374" width="39" height="26" />
        <cmp x="1204" y="2371" width="30" height="29" />
      </word>
      <word id="g04-063-09-04" tag="." text=".">
        <cmp x="1246" y="2396" width="5" height="5" />
      </word>
      <upper-contour>
        <point x="362" y="2224" />
        <point x="1251" y="2224" />
      </upper-contour>
    </line>
  </handwritten-part>
</form>

