<?xml version="1.0" encoding="ISO-8859-1"?>

<!DOCTYPE form SYSTEM 'http://www.iam.unibe.ch/~fki/iamdb/form-metadata.dtd'>

<form created="2002-01-18" height="3542" id="g06-031a" last-modified="2002-07-17" skew="-95" status="final" version="3.0_beta" width="2479" writer-id="332">
  <machine-printed-part>
    <machine-print-line text="&apos;What a frightful event!&apos; he wrote. &apos;I tremble! What infatuation! Personally I am" />
    <machine-print-line text="indifferent, but I really tremble for my country! I may be mistaken, 1tho&apos; I cannot but" />
    <machine-print-line text="fear that the exasperation of the People will be so great at the return of Ultratoryism," />
    <machine-print-line text="that the Commons House upon a dissolution, which must be had, will be a mass of" />
    <machine-print-line text="Radicalism, &amp;amp; then God knows what may happen...." />
  </machine-printed-part>
  <handwritten-part>
    <line ass="425" asx="0" asy="708" character-width="999" dss="425" dsx="0" dsy="853" fd0="14688" fd1="3170" fd2="7" filter-width="4" id="g06-031a-00" lbs="518" lbx="0" lby="794" segmentation="ok" slant="59999" stroke-width="6757" threshold="182" text="&apos;What a frightful event!&apos; he wrote. &apos;I tremble!" ubs="239" ubx="0" uby="757">
      <word id="g06-031a-00-00" sentence-start="yes" tag="*&apos;" text="&apos;">
        <cmp x="382" y="707" width="15" height="38" />
      </word>
      <word id="g06-031a-00-01" tag="WDT" text="What">
        <cmp x="405" y="725" width="46" height="59" />
        <cmp x="447" y="731" width="28" height="54" />
        <cmp x="484" y="746" width="30" height="31" />
        <cmp x="525" y="715" width="32" height="68" />
      </word>
      <word id="g06-031a-00-02" tag="AT" text="a">
        <cmp x="601" y="757" width="29" height="36" />
      </word>
      <word id="g06-031a-00-03" tag="JJ" text="frightful">
        <cmp x="672" y="724" width="48" height="84" />
        <cmp x="710" y="756" width="26" height="30" />
        <cmp x="731" y="754" width="55" height="95" />
        <cmp x="740" y="755" width="15" height="29" />
        <cmp x="767" y="729" width="6" height="7" />
        <cmp x="798" y="721" width="35" height="68" />
        <cmp x="842" y="725" width="37" height="62" />
        <cmp x="852" y="720" width="51" height="86" />
        <cmp x="891" y="759" width="34" height="30" />
        <cmp x="938" y="717" width="37" height="70" />
      </word>
      <word id="g06-031a-00-04" tag="NN" text="event">
        <cmp x="1023" y="752" width="35" height="43" />
        <cmp x="1066" y="756" width="27" height="31" />
        <cmp x="1099" y="750" width="61" height="36" />
        <cmp x="1174" y="731" width="37" height="54" />
      </word>
      <word id="g06-031a-00-05" tag="!" text="!">
        <cmp x="1232" y="782" width="10" height="6" />
        <cmp x="1246" y="728" width="25" height="41" />
      </word>
      <word id="g06-031a-00-06" tag="**&apos;" text="&apos;">
        <cmp x="1291" y="725" width="13" height="23" />
      </word>
      <word id="g06-031a-00-07" tag="PP3A" text="he">
        <cmp x="1357" y="721" width="66" height="67" />
      </word>
      <word id="g06-031a-00-08" tag="VBD" text="wrote">
        <cmp x="1484" y="750" width="44" height="36" />
        <cmp x="1533" y="752" width="22" height="28" />
        <cmp x="1559" y="754" width="22" height="29" />
        <cmp x="1590" y="717" width="55" height="69" />
      </word>
      <word id="g06-031a-00-09" tag="." text=".">
        <cmp x="1660" y="779" width="8" height="8" />
      </word>
      <word id="g06-031a-00-10" sentence-start="yes" tag="*&apos;" text="&apos;">
        <cmp x="1730" y="726" width="20" height="29" />
      </word>
      <word id="g06-031a-00-11" tag="PP1A" text="I">
        <cmp x="1752" y="724" width="37" height="59" />
      </word>
      <word id="g06-031a-00-12" tag="VB" text="tremble">
        <cmp x="1817" y="720" width="37" height="63" />
        <cmp x="1847" y="752" width="24" height="25" />
        <cmp x="1871" y="749" width="92" height="32" />
        <cmp x="1971" y="717" width="41" height="66" />
        <cmp x="2013" y="717" width="42" height="62" />
        <cmp x="2026" y="747" width="42" height="33" />
      </word>
      <word id="g06-031a-00-13" tag="!" text="!">
        <cmp x="2095" y="775" width="6" height="6" />
        <cmp x="2100" y="727" width="27" height="32" />
      </word>
      <lower-contour>
        <point x="380" y="849" />
        <point x="2128" y="849" />
      </lower-contour>
    </line>
    <line ass="91" asx="0" asy="896" character-width="999" dss="91" dsx="0" dsy="1030" fd0="14896" fd1="2854" fd2="-710" filter-width="4" id="g06-031a-01" lbs="83" lbx="0" lby="964" segmentation="ok" slant="56000" stroke-width="6925" threshold="182" text="What infatuation! Personally I am indifferent, but" ubs="107" ubx="0" uby="935">
      <word id="g06-031a-01-00" sentence-start="yes" tag="WDT" text="What">
        <cmp x="374" y="910" width="40" height="60" />
        <cmp x="423" y="915" width="25" height="50" />
        <cmp x="458" y="933" width="22" height="31" />
        <cmp x="494" y="904" width="37" height="67" />
      </word>
      <word id="g06-031a-01-01" tag="NN" text="infatuation">
        <cmp x="598" y="928" width="24" height="38" />
        <cmp x="625" y="895" width="94" height="89" />
        <cmp x="627" y="910" width="6" height="7" />
        <cmp x="704" y="933" width="32" height="34" />
        <cmp x="747" y="907" width="73" height="59" />
        <cmp x="824" y="933" width="38" height="37" />
        <cmp x="866" y="902" width="47" height="64" />
        <cmp x="901" y="931" width="23" height="32" />
        <cmp x="930" y="934" width="25" height="28" />
        <cmp x="931" y="913" width="6" height="7" />
        <cmp x="964" y="931" width="40" height="28" />
      </word>
      <word id="g06-031a-01-02" tag="!" text="!">
        <cmp x="1027" y="955" width="7" height="11" />
        <cmp x="1035" y="905" width="22" height="42" />
      </word>
      <word id="g06-031a-01-03" sentence-start="yes" tag="RB" text="Personally">
        <cmp x="1091" y="905" width="56" height="60" />
        <cmp x="1121" y="932" width="56" height="29" />
        <cmp x="1181" y="930" width="23" height="35" />
        <cmp x="1209" y="934" width="24" height="28" />
        <cmp x="1238" y="929" width="36" height="36" />
        <cmp x="1285" y="933" width="23" height="28" />
        <cmp x="1321" y="906" width="41" height="58" />
        <cmp x="1323" y="938" width="70" height="91" />
        <cmp x="1334" y="908" width="42" height="53" />
      </word>
      <word id="g06-031a-01-04" tag="PP1A" text="I">
        <cmp x="1458" y="909" width="32" height="46" />
      </word>
      <word id="g06-031a-01-05" tag="BEM" text="am">
        <cmp x="1518" y="931" width="28" height="28" />
        <cmp x="1557" y="928" width="62" height="39" />
      </word>
      <word id="g06-031a-01-06" tag="JJ" text="indifferent">
        <cmp x="1680" y="929" width="27" height="37" />
        <cmp x="1710" y="916" width="6" height="7" />
        <cmp x="1711" y="930" width="34" height="31" />
        <cmp x="1748" y="903" width="64" height="59" />
        <cmp x="1790" y="937" width="18" height="23" />
        <cmp x="1803" y="904" width="91" height="78" />
        <cmp x="1821" y="912" width="7" height="8" />
        <cmp x="1897" y="935" width="29" height="28" />
        <cmp x="1927" y="930" width="74" height="33" />
        <cmp x="2016" y="910" width="40" height="49" />
      </word>
      <word id="g06-031a-01-07" tag="," text=",">
        <cmp x="2046" y="961" width="24" height="29" />
      </word>
      <word id="g06-031a-01-08" tag="CC" text="but">
        <cmp x="2118" y="906" width="35" height="57" />
        <cmp x="2155" y="939" width="32" height="23" />
        <cmp x="2194" y="917" width="33" height="45" />
      </word>
      <upper-contour>
        <point x="380" y="849" />
        <point x="2128" y="849" />
      </upper-contour>
      <lower-contour>
        <point x="372" y="1029" />
        <point x="2026" y="1029" />
      </lower-contour>
    </line>
    <line ass="33" asx="0" asy="1081" character-width="999" dss="33" dsx="0" dsy="1212" fd0="14969" fd1="3283" fd2="393" filter-width="4" id="g06-031a-02" lbs="46" lbx="0" lby="1147" segmentation="ok" slant="57000" stroke-width="7042" threshold="182" text="I really tremble for my country! I may be" ubs="5" ubx="0" uby="1117">
      <word id="g06-031a-02-00" tag="PP1A" text="I">
        <cmp x="374" y="1098" width="29" height="50" />
      </word>
      <word id="g06-031a-02-01" tag="RB" text="really">
        <cmp x="442" y="1110" width="33" height="40" />
        <cmp x="472" y="1115" width="26" height="34" />
        <cmp x="500" y="1118" width="23" height="28" />
        <cmp x="536" y="1091" width="40" height="56" />
        <cmp x="543" y="1117" width="61" height="93" />
        <cmp x="553" y="1099" width="33" height="41" />
      </word>
      <word id="g06-031a-02-02" tag="VB" text="tremble">
        <cmp x="684" y="1086" width="36" height="58" />
        <cmp x="709" y="1112" width="30" height="29" />
        <cmp x="749" y="1111" width="81" height="33" />
        <cmp x="837" y="1084" width="40" height="61" />
        <cmp x="872" y="1082" width="38" height="63" />
        <cmp x="892" y="1113" width="39" height="35" />
      </word>
      <word id="g06-031a-02-03" tag="IN" text="for">
        <cmp x="981" y="1082" width="58" height="81" />
        <cmp x="1014" y="1121" width="23" height="30" />
        <cmp x="1047" y="1121" width="23" height="25" />
      </word>
      <word id="g06-031a-02-04" tag="PP$" text="my">
        <cmp x="1129" y="1118" width="55" height="29" />
        <cmp x="1171" y="1116" width="63" height="85" />
      </word>
      <word id="g06-031a-02-05" tag="NN" text="country">
        <cmp x="1285" y="1114" width="27" height="31" />
        <cmp x="1312" y="1107" width="33" height="36" />
        <cmp x="1350" y="1114" width="48" height="32" />
        <cmp x="1399" y="1116" width="36" height="30" />
        <cmp x="1445" y="1094" width="38" height="50" />
        <cmp x="1463" y="1118" width="74" height="87" />
        <cmp x="1469" y="1119" width="29" height="29" />
      </word>
      <word id="g06-031a-02-06" tag="!" text="!">
        <cmp x="1572" y="1144" width="6" height="7" />
        <cmp x="1589" y="1096" width="26" height="32" />
      </word>
      <word id="g06-031a-02-07" sentence-start="yes" tag="PP1A" text="I">
        <cmp x="1675" y="1085" width="35" height="57" />
      </word>
      <word id="g06-031a-02-08" tag="MD" text="may">
        <cmp x="1737" y="1110" width="56" height="34" />
        <cmp x="1797" y="1114" width="85" height="97" />
      </word>
      <word id="g06-031a-02-09" tag="BE" text="be">
        <cmp x="1948" y="1087" width="34" height="56" />
        <cmp x="1983" y="1111" width="42" height="34" />
      </word>
      <upper-contour>
        <point x="372" y="1029" />
        <point x="2026" y="1029" />
      </upper-contour>
      <lower-contour>
        <point x="380" y="1211" />
        <point x="1974" y="1211" />
      </lower-contour>
    </line>
    <line ass="427" asx="0" asy="1270" character-width="999" dss="427" dsx="0" dsy="1360" fd0="14358" fd1="2962" fd2="-123" filter-width="4" id="g06-031a-03" lbs="438" lbx="0" lby="1332" segmentation="ok" slant="57000" stroke-width="7095" threshold="182" text="mistaken, 1tho&apos; I cannot but fear that the" ubs="404" ubx="0" uby="1301">
      <word id="g06-031a-03-00" tag="JJ" text="mistaken">
        <cmp x="382" y="1294" width="49" height="34" />
        <cmp x="439" y="1297" width="23" height="32" />
        <cmp x="466" y="1278" width="7" height="9" />
        <cmp x="467" y="1290" width="30" height="37" />
        <cmp x="491" y="1267" width="39" height="63" />
        <cmp x="517" y="1296" width="33" height="30" />
        <cmp x="554" y="1266" width="113" height="65" />
      </word>
      <word id="g06-031a-03-01" tag="," text=",">
        <cmp x="672" y="1319" width="25" height="36" />
      </word>
      <word id="g06-031a-03-02" tag="CS" text="1tho&apos;">
        <cmp x="743" y="1283" width="63" height="45" />
        <cmp x="796" y="1266" width="44" height="62" />
        <cmp x="829" y="1271" width="33" height="56" />
        <cmp x="866" y="1301" width="22" height="25" />
        <cmp x="907" y="1270" width="18" height="28" />
      </word>
      <word id="g06-031a-03-03" tag="PP1A" text="I">
        <cmp x="990" y="1269" width="32" height="47" />
      </word>
      <word id="g06-031a-03-04" tag="MDX" text="cannot">
        <cmp x="1043" y="1291" width="33" height="38" />
        <cmp x="1076" y="1290" width="74" height="35" />
        <cmp x="1162" y="1296" width="34" height="25" />
        <cmp x="1199" y="1296" width="26" height="30" />
        <cmp x="1236" y="1268" width="37" height="59" />
      </word>
      <word id="g06-031a-03-05" tag="CS" text="but">
        <cmp x="1333" y="1269" width="30" height="51" />
        <cmp x="1371" y="1290" width="31" height="32" />
        <cmp x="1413" y="1271" width="37" height="56" />
      </word>
      <word id="g06-031a-03-06" tag="VB" text="fear">
        <cmp x="1480" y="1268" width="57" height="73" />
        <cmp x="1519" y="1291" width="30" height="35" />
        <cmp x="1555" y="1293" width="28" height="31" />
        <cmp x="1592" y="1295" width="29" height="28" />
      </word>
      <word id="g06-031a-03-07" tag="CS" text="that">
        <cmp x="1670" y="1263" width="39" height="63" />
        <cmp x="1711" y="1261" width="31" height="60" />
        <cmp x="1752" y="1298" width="21" height="26" />
        <cmp x="1793" y="1261" width="42" height="59" />
      </word>
      <word id="g06-031a-03-08" tag="ATI" text="the">
        <cmp x="1864" y="1257" width="38" height="54" />
        <cmp x="1902" y="1257" width="71" height="58" />
      </word>
      <upper-contour>
        <point x="380" y="1211" />
        <point x="1974" y="1211" />
      </upper-contour>
      <lower-contour>
        <point x="380" y="1355" />
        <point x="1974" y="1355" />
      </lower-contour>
    </line>
    <line ass="323" asx="0" asy="1449" character-width="999" dss="323" dsx="0" dsy="1584" fd0="14545" fd1="3298" fd2="152" filter-width="4" id="g06-031a-04" lbs="461" lbx="0" lby="1513" segmentation="ok" slant="58000" stroke-width="7000" threshold="182" text="exasperation of the People will be so great at the" ubs="46" ubx="0" uby="1472">
      <word id="g06-031a-04-00" tag="NN" text="exasperation">
        <cmp x="369" y="1467" width="37" height="34" />
        <cmp x="407" y="1469" width="31" height="32" />
        <cmp x="440" y="1469" width="35" height="33" />
        <cmp x="476" y="1469" width="24" height="38" />
        <cmp x="486" y="1471" width="103" height="70" />
        <cmp x="596" y="1477" width="25" height="29" />
        <cmp x="632" y="1450" width="38" height="57" />
        <cmp x="661" y="1474" width="19" height="32" />
        <cmp x="685" y="1478" width="25" height="23" />
        <cmp x="689" y="1455" width="5" height="7" />
        <cmp x="723" y="1474" width="28" height="35" />
      </word>
      <word id="g06-031a-04-01" tag="INO" text="of">
        <cmp x="817" y="1474" width="27" height="28" />
        <cmp x="850" y="1444" width="51" height="76" />
      </word>
      <word id="g06-031a-04-02" tag="ATI" text="the">
        <cmp x="954" y="1452" width="36" height="56" />
        <cmp x="993" y="1451" width="61" height="55" />
      </word>
      <word id="g06-031a-04-03" tag="NNS" text="People">
        <cmp x="1117" y="1444" width="52" height="64" />
        <cmp x="1141" y="1474" width="28" height="33" />
        <cmp x="1175" y="1475" width="21" height="29" />
        <cmp x="1183" y="1475" width="52" height="66" />
        <cmp x="1238" y="1447" width="34" height="62" />
        <cmp x="1254" y="1471" width="50" height="37" />
      </word>
      <word id="g06-031a-04-04" tag="MD" text="will">
        <cmp x="1370" y="1469" width="43" height="36" />
        <cmp x="1412" y="1473" width="22" height="31" />
        <cmp x="1438" y="1452" width="34" height="49" />
        <cmp x="1439" y="1455" width="7" height="6" />
        <cmp x="1453" y="1456" width="29" height="41" />
      </word>
      <word id="g06-031a-04-05" tag="BE" text="be">
        <cmp x="1523" y="1452" width="72" height="57" />
      </word>
      <word id="g06-031a-04-06" tag="QL" text="so">
        <cmp x="1647" y="1468" width="34" height="38" />
        <cmp x="1679" y="1475" width="25" height="28" />
      </word>
      <word id="g06-031a-04-07" tag="JJ" text="great">
        <cmp x="1701" y="1470" width="79" height="106" />
        <cmp x="1784" y="1473" width="25" height="26" />
        <cmp x="1808" y="1469" width="33" height="34" />
        <cmp x="1840" y="1472" width="31" height="29" />
        <cmp x="1881" y="1441" width="55" height="63" />
      </word>
      <word id="g06-031a-04-08" tag="IN" text="at">
        <cmp x="1970" y="1474" width="36" height="31" />
        <cmp x="2015" y="1453" width="36" height="50" />
      </word>
      <word id="g06-031a-04-09" tag="ATI" text="the">
        <cmp x="2083" y="1442" width="33" height="55" />
        <cmp x="2116" y="1441" width="74" height="61" />
      </word>
      <upper-contour>
        <point x="380" y="1355" />
        <point x="1974" y="1355" />
      </upper-contour>
      <lower-contour>
        <point x="367" y="1576" />
        <point x="2170" y="1576" />
      </lower-contour>
    </line>
    <line ass="-41" asx="0" asy="1621" character-width="999" dss="-41" dsx="0" dsy="1742" fd0="14266" fd1="2911" fd2="-532" filter-width="5" id="g06-031a-05" lbs="-18" lbx="0" lby="1685" segmentation="err" slant="56000" stroke-width="7335" threshold="182" text="return of Ultratoryism, that the Commons House" ubs="-87" ubx="0" uby="1654">
      <word id="g06-031a-05-00" tag="NN" text="return">
        <cmp x="368" y="1649" width="24" height="39" />
        <cmp x="394" y="1651" width="28" height="30" />
        <cmp x="431" y="1625" width="32" height="60" />
        <cmp x="459" y="1655" width="38" height="32" />
        <cmp x="501" y="1655" width="28" height="32" />
        <cmp x="531" y="1659" width="32" height="29" />
      </word>
      <word id="g06-031a-05-01" tag="INO" text="of">
        <cmp x="622" y="1657" width="27" height="30" />
        <cmp x="649" y="1630" width="52" height="88" />
      </word>
      <word id="g06-031a-05-02" tag="NN" text="Ultratoryism">
        <cmp x="769" y="1631" width="56" height="53" />
        <cmp x="816" y="1635" width="37" height="48" />
        <cmp x="843" y="1630" width="45" height="54" />
        <cmp x="868" y="1656" width="33" height="30" />
        <cmp x="898" y="1657" width="32" height="30" />
        <cmp x="940" y="1624" width="59" height="62" />
        <cmp x="1012" y="1657" width="31" height="24" />
        <cmp x="1015" y="1656" width="75" height="88" />
        <cmp x="1091" y="1656" width="29" height="30" />
        <cmp x="1124" y="1656" width="82" height="59" />
      </word>
      <word id="g06-031a-05-03" tag="," text=",">
        <cmp x="1277" y="1629" width="34" height="48" />
      </word>
      <word id="g06-031a-05-04" tag="CS" text="that">
        <cmp x="1312" y="1623" width="34" height="59" />
        <cmp x="1346" y="1661" width="22" height="24" />
        <cmp x="1375" y="1623" width="48" height="67" />
      </word>
      <word id="g06-031a-05-05" tag="ATI" text="the">
        <cmp x="1459" y="1629" width="40" height="63" />
        <cmp x="1498" y="1629" width="57" height="60" />
      </word>
      <word id="g06-031a-05-06" tag="NP" text="Commons">
        <cmp x="1623" y="1633" width="44" height="56" />
        <cmp x="1654" y="1660" width="23" height="25" />
        <cmp x="1684" y="1659" width="56" height="29" />
        <cmp x="1753" y="1656" width="57" height="31" />
        <cmp x="1812" y="1657" width="25" height="27" />
        <cmp x="1841" y="1656" width="32" height="30" />
        <cmp x="1886" y="1655" width="26" height="33" />
      </word>
      <word id="g06-031a-05-07" tag="NPL" text="House">
        <cmp x="1967" y="1628" width="65" height="66" />
        <cmp x="2015" y="1655" width="28" height="32" />
        <cmp x="2049" y="1657" width="38" height="32" />
        <cmp x="2105" y="1655" width="64" height="30" />
      </word>
      <upper-contour>
        <point x="367" y="1576" />
        <point x="2170" y="1576" />
      </upper-contour>
      <lower-contour>
        <point x="370" y="1745" />
        <point x="2139" y="1745" />
      </lower-contour>
    </line>
    <line ass="-29" asx="0" asy="1797" character-width="999" dss="-29" dsx="0" dsy="1903" fd0="14661" fd1="3242" fd2="419" filter-width="5" id="g06-031a-06" lbs="-33" lbx="0" lby="1865" segmentation="ok" slant="56000" stroke-width="7144" threshold="182" text="upon a dissolution, which must be had, will be" ubs="-21" ubx="0" uby="1834">
      <word id="g06-031a-06-00" tag="IN" text="upon">
        <cmp x="372" y="1828" width="36" height="37" />
        <cmp x="378" y="1834" width="62" height="71" />
        <cmp x="450" y="1835" width="23" height="28" />
        <cmp x="482" y="1833" width="23" height="31" />
      </word>
      <word id="g06-031a-06-01" tag="AT" text="a">
        <cmp x="583" y="1841" width="33" height="31" />
      </word>
      <word id="g06-031a-06-02" tag="NN" text="dissolution">
        <cmp x="691" y="1804" width="58" height="60" />
        <cmp x="735" y="1837" width="16" height="26" />
        <cmp x="760" y="1817" width="6" height="7" />
        <cmp x="761" y="1831" width="23" height="31" />
        <cmp x="785" y="1833" width="23" height="29" />
        <cmp x="809" y="1835" width="25" height="26" />
        <cmp x="840" y="1812" width="62" height="56" />
        <cmp x="910" y="1808" width="40" height="59" />
        <cmp x="938" y="1839" width="25" height="33" />
        <cmp x="965" y="1849" width="23" height="25" />
        <cmp x="972" y="1821" width="6" height="7" />
        <cmp x="1006" y="1841" width="32" height="36" />
      </word>
      <word id="g06-031a-06-03" tag="," text=",">
        <cmp x="1051" y="1861" width="19" height="29" />
      </word>
      <word id="g06-031a-06-04" tag="WDT" text="which">
        <cmp x="1156" y="1837" width="38" height="29" />
        <cmp x="1204" y="1801" width="61" height="62" />
        <cmp x="1272" y="1813" width="7" height="7" />
        <cmp x="1274" y="1835" width="31" height="29" />
        <cmp x="1312" y="1806" width="37" height="55" />
      </word>
      <word id="g06-031a-06-05" tag="MD" text="must">
        <cmp x="1406" y="1833" width="49" height="32" />
        <cmp x="1466" y="1836" width="34" height="30" />
        <cmp x="1510" y="1830" width="22" height="32" />
        <cmp x="1536" y="1805" width="34" height="61" />
      </word>
      <word id="g06-031a-06-06" tag="BE" text="be">
        <cmp x="1619" y="1814" width="60" height="54" />
      </word>
      <word id="g06-031a-06-07" tag="HVN" text="had">
        <cmp x="1720" y="1804" width="39" height="64" />
        <cmp x="1759" y="1838" width="32" height="32" />
        <cmp x="1790" y="1798" width="80" height="67" />
      </word>
      <word id="g06-031a-06-08" tag="," text=",">
        <cmp x="1841" y="1867" width="21" height="25" />
      </word>
      <word id="g06-031a-06-09" tag="MD" text="will">
        <cmp x="1912" y="1827" width="36" height="35" />
        <cmp x="1946" y="1831" width="23" height="30" />
        <cmp x="1972" y="1804" width="40" height="57" />
        <cmp x="1980" y="1811" width="5" height="7" />
        <cmp x="1982" y="1813" width="40" height="47" />
      </word>
      <word id="g06-031a-06-10" tag="BE" text="be">
        <cmp x="2062" y="1813" width="76" height="57" />
      </word>
      <upper-contour>
        <point x="370" y="1745" />
        <point x="2139" y="1745" />
      </upper-contour>
      <lower-contour>
        <point x="370" y="1907" />
        <point x="2038" y="1907" />
      </lower-contour>
    </line>
    <line ass="48" asx="0" asy="1977" character-width="999" dss="48" dsx="0" dsy="2111" fd0="11532" fd1="2171" fd2="-468" filter-width="5" id="g06-031a-07" lbs="37" lbx="0" lby="2045" segmentation="err" slant="57000" stroke-width="7441" threshold="182" text="a mass of Radicalism, &amp;amp; then God knows" ubs="70" ubx="0" uby="2014">
      <word id="g06-031a-07-00" tag="AT" text="a">
        <cmp x="366" y="2013" width="32" height="31" />
      </word>
      <word id="g06-031a-07-01" tag="NN" text="mass">
        <cmp x="469" y="2010" width="56" height="31" />
        <cmp x="529" y="2008" width="30" height="33" />
        <cmp x="565" y="2009" width="23" height="32" />
        <cmp x="583" y="2012" width="27" height="36" />
      </word>
      <word id="g06-031a-07-02" tag="INO" text="of">
        <cmp x="672" y="2015" width="30" height="28" />
        <cmp x="688" y="1978" width="61" height="87" />
      </word>
      <word id="g06-031a-07-03" tag="NN" text="Radicalism">
        <cmp x="815" y="1983" width="51" height="59" />
        <cmp x="857" y="2009" width="25" height="31" />
        <cmp x="890" y="1980" width="61" height="62" />
        <cmp x="960" y="2018" width="24" height="33" />
        <cmp x="962" y="1990" width="6" height="6" />
        <cmp x="988" y="2021" width="27" height="31" />
        <cmp x="1028" y="1986" width="43" height="58" />
        <cmp x="1045" y="2014" width="31" height="36" />
        <cmp x="1074" y="2015" width="27" height="33" />
        <cmp x="1082" y="1999" width="5" height="6" />
        <cmp x="1102" y="2016" width="62" height="35" />
      </word>
      <word id="g06-031a-07-04" tag="," text=",">
        <cmp x="1178" y="2041" width="20" height="22" />
      </word>
      <word id="g06-031a-07-05" tag="CC" text="&amp;">
        <cmp x="1260" y="1983" width="48" height="66" />
        <cmp x="1317" y="1976" width="70" height="66" />
      </word>
      <word id="g06-031a-07-06" tag="RN" text="then">
        <cmp x="1454" y="1980" width="31" height="57" />
        <cmp x="1483" y="1983" width="53" height="61" />
        <cmp x="1551" y="2016" width="31" height="30" />
      </word>
      <word id="g06-031a-07-07" tag="NP" text="God">
        <cmp x="1636" y="1985" width="77" height="126" />
        <cmp x="1702" y="2018" width="23" height="24" />
        <cmp x="1731" y="1987" width="68" height="60" />
      </word>
      <word id="g06-031a-07-08" tag="VBZ" text="knows">
        <cmp x="1853" y="1978" width="42" height="66" />
        <cmp x="1893" y="2010" width="27" height="37" />
        <cmp x="1929" y="2016" width="21" height="26" />
        <cmp x="1958" y="2014" width="44" height="30" />
        <cmp x="2008" y="2010" width="29" height="33" />
      </word>
      <upper-contour>
        <point x="370" y="1907" />
        <point x="2038" y="1907" />
      </upper-contour>
      <lower-contour>
        <point x="365" y="2065" />
        <point x="1105" y="2065" />
      </lower-contour>
    </line>
    <line ass="-438" asx="0" asy="2153" character-width="999" dss="-438" dsx="0" dsy="2267" fd0="14088" fd1="2991" fd2="238" filter-width="5" id="g06-031a-08" lbs="116" lbx="0" lby="2225" segmentation="err" slant="57000" stroke-width="7318" threshold="182" text="what may happen...." ubs="-1547" ubx="0" uby="2178">
      <word id="g06-031a-08-00" tag="WDT" text="what">
        <cmp x="367" y="2187" width="33" height="33" />
        <cmp x="413" y="2159" width="33" height="62" />
        <cmp x="443" y="2193" width="25" height="29" />
        <cmp x="483" y="2166" width="44" height="70" />
      </word>
      <word id="g06-031a-08-01" tag="MD" text="may">
        <cmp x="597" y="2190" width="47" height="31" />
        <cmp x="646" y="2190" width="77" height="84" />
      </word>
      <word id="g06-031a-08-02" tag="VB" text="happen">
        <cmp x="807" y="2160" width="35" height="59" />
        <cmp x="841" y="2192" width="28" height="30" />
        <cmp x="850" y="2193" width="57" height="72" />
      </word>
      <word id="g06-031a-08-03" tag="..." text="...">
        <cmp x="883" y="2192" width="135" height="77" />
        <cmp x="1059" y="2214" width="8" height="7" />
        <cmp x="1079" y="2216" width="7" height="7" />
      </word>
      <word id="g06-031a-08-04" tag="." text=".">
        <cmp x="1098" y="2216" width="7" height="8" />
      </word>
      <upper-contour>
        <point x="365" y="2065" />
        <point x="1105" y="2065" />
      </upper-contour>
    </line>
  </handwritten-part>
</form>

