<?xml version="1.0" encoding="ISO-8859-1"?>

<!DOCTYPE form SYSTEM 'http://www.iam.unibe.ch/~fki/iamdb/form-metadata.dtd'>

<form created="2002-01-19" height="3542" id="g06-011k" last-modified="2002-07-17" skew="127" status="final" version="3.0_beta" width="2479" writer-id="342">
  <machine-printed-part>
    <machine-print-line text="By the end of the month he still delighted in Naples. He told Cloncurry that he" />
    <machine-print-line text="enjoyed it as much as his health permitted him to enjoy anything. &apos;The Pearl&apos;, he" />
    <machine-print-line text="wrote, &apos;is arrived, which is a great resource. Vesuvius seems to be tired; he is going" />
    <machine-print-line text="out fast.... What a gay, lively people, and what a busy town. At Rome, every other" />
    <machine-print-line text="man was a priest: here the priest is 1superceded by the soldier - a favourable change" />
    <machine-print-line text="in my eye, particularly as the troops are very fine.&apos;" />
  </machine-printed-part>
  <handwritten-part>
    <line ass="94" asx="0" asy="880" character-width="999" dss="94" dsx="0" dsy="989" fd0="12599" fd1="2590" fd2="-657" filter-width="4" id="g06-011k-00" lbs="-76" lbx="0" lby="960" segmentation="ok" slant="97000" stroke-width="6528" threshold="182" text="By the end of the month he still delighted in" ubs="434" ubx="0" uby="921">
      <word id="g06-011k-00-00" sentence-start="yes" tag="IN" text="By">
        <cmp x="347" y="896" width="56" height="65" />
        <cmp x="404" y="934" width="41" height="55" />
      </word>
      <word id="g06-011k-00-01" tag="ATI" text="the">
        <cmp x="497" y="903" width="115" height="63" />
      </word>
      <word id="g06-011k-00-02" tag="NN" text="end">
        <cmp x="675" y="905" width="104" height="58" />
      </word>
      <word id="g06-011k-00-03" tag="INO" text="of">
        <cmp x="836" y="879" width="79" height="105" />
      </word>
      <word id="g06-011k-00-04" tag="ATI" text="the">
        <cmp x="965" y="897" width="116" height="70" />
      </word>
      <word id="g06-011k-00-05" tag="NN" text="month">
        <cmp x="1137" y="924" width="82" height="40" />
        <cmp x="1221" y="896" width="91" height="65" />
      </word>
      <word id="g06-011k-00-06" tag="PP3A" text="he">
        <cmp x="1393" y="897" width="82" height="65" />
      </word>
      <word id="g06-011k-00-07" tag="RB" text="still">
        <cmp x="1526" y="894" width="67" height="69" />
        <cmp x="1579" y="888" width="9" height="16" />
        <cmp x="1596" y="883" width="15" height="75" />
        <cmp x="1607" y="888" width="17" height="71" />
      </word>
      <word id="g06-011k-00-08" tag="VBD" text="delighted">
        <cmp x="1699" y="903" width="72" height="60" />
        <cmp x="1761" y="906" width="34" height="55" />
        <cmp x="1782" y="895" width="11" height="13" />
        <cmp x="1804" y="929" width="40" height="58" />
        <cmp x="1839" y="908" width="44" height="62" />
        <cmp x="1877" y="899" width="95" height="62" />
      </word>
      <word id="g06-011k-00-09" tag="IN" text="in">
        <cmp x="2043" y="893" width="10" height="10" />
        <cmp x="2045" y="922" width="7" height="34" />
        <cmp x="2059" y="908" width="34" height="58" />
      </word>
      <lower-contour>
        <point x="363" y="988" />
        <point x="2094" y="988" />
      </lower-contour>
    </line>
    <line ass="247" asx="0" asy="1072" character-width="999" dss="247" dsx="0" dsy="1183" fd0="12827" fd1="2973" fd2="-568" filter-width="4" id="g06-011k-01" lbs="85" lbx="0" lby="1144" segmentation="ok" slant="96000" stroke-width="6551" threshold="182" text="Naples. He told Cloncurry that he enjoyed it as" ubs="572" ubx="0" uby="1117">
      <word id="g06-011k-01-00" tag="NP" text="Naples">
        <cmp x="365" y="1076" width="28" height="72" />
        <cmp x="397" y="1113" width="33" height="30" />
        <cmp x="430" y="1116" width="30" height="66" />
        <cmp x="462" y="1082" width="62" height="58" />
      </word>
      <word id="g06-011k-01-01" tag="." text=".">
        <cmp x="544" y="1130" width="10" height="8" />
      </word>
      <word id="g06-011k-01-02" sentence-start="yes" tag="PP3A" text="He">
        <cmp x="608" y="1075" width="98" height="69" />
      </word>
      <word id="g06-011k-01-03" tag="VBD" text="told">
        <cmp x="770" y="1077" width="67" height="63" />
        <cmp x="836" y="1079" width="20" height="64" />
        <cmp x="853" y="1075" width="34" height="62" />
      </word>
      <word id="g06-011k-01-04" tag="NP" text="Cloncurry">
        <cmp x="964" y="1069" width="66" height="74" />
        <cmp x="1036" y="1115" width="31" height="31" />
        <cmp x="1075" y="1116" width="34" height="31" />
        <cmp x="1114" y="1108" width="40" height="39" />
        <cmp x="1152" y="1108" width="43" height="35" />
        <cmp x="1199" y="1110" width="51" height="66" />
      </word>
      <word id="g06-011k-01-05" tag="CS" text="that">
        <cmp x="1309" y="1076" width="75" height="68" />
        <cmp x="1384" y="1111" width="37" height="25" />
        <cmp x="1417" y="1067" width="28" height="73" />
      </word>
      <word id="g06-011k-01-06" tag="PP3A" text="he">
        <cmp x="1516" y="1073" width="73" height="68" />
      </word>
      <word id="g06-011k-01-07" tag="VBD" text="enjoyed">
        <cmp x="1655" y="1104" width="77" height="35" />
        <cmp x="1730" y="1076" width="14" height="15" />
        <cmp x="1737" y="1109" width="23" height="67" />
        <cmp x="1755" y="1104" width="26" height="34" />
        <cmp x="1787" y="1073" width="101" height="100" />
      </word>
      <word id="g06-011k-01-08" tag="PP3" text="it">
        <cmp x="1950" y="1073" width="10" height="8" />
        <cmp x="1951" y="1105" width="6" height="23" />
        <cmp x="1963" y="1065" width="38" height="69" />
      </word>
      <word id="g06-011k-01-09" tag="QL" text="as">
        <cmp x="2045" y="1098" width="45" height="37" />
        <cmp x="2093" y="1095" width="23" height="39" />
      </word>
      <upper-contour>
        <point x="363" y="988" />
        <point x="2094" y="988" />
      </upper-contour>
      <lower-contour>
        <point x="363" y="1181" />
        <point x="1992" y="1181" />
      </lower-contour>
    </line>
    <line ass="56" asx="0" asy="1245" character-width="999" dss="56" dsx="0" dsy="1352" fd0="12970" fd1="2919" fd2="-728" filter-width="4" id="g06-011k-02" lbs="-12" lbx="0" lby="1317" segmentation="ok" slant="98000" stroke-width="6596" threshold="182" text="much as his health permitted him to enjoy" ubs="193" ubx="0" uby="1287">
      <word id="g06-011k-02-00" tag="RB" text="much">
        <cmp x="364" y="1274" width="52" height="43" />
        <cmp x="415" y="1286" width="55" height="36" />
        <cmp x="471" y="1260" width="37" height="62" />
      </word>
      <word id="g06-011k-02-01" tag="CS" text="as">
        <cmp x="606" y="1281" width="55" height="42" />
      </word>
      <word id="g06-011k-02-02" tag="PP$" text="his">
        <cmp x="756" y="1249" width="31" height="73" />
        <cmp x="788" y="1250" width="9" height="20" />
        <cmp x="790" y="1294" width="9" height="29" />
        <cmp x="802" y="1285" width="21" height="40" />
      </word>
      <word id="g06-011k-02-03" tag="NN" text="health">
        <cmp x="936" y="1247" width="88" height="72" />
        <cmp x="995" y="1255" width="10" height="10" />
        <cmp x="1030" y="1244" width="82" height="76" />
      </word>
      <word id="g06-011k-02-04" tag="VBD" text="permitted">
        <cmp x="1187" y="1283" width="90" height="68" />
        <cmp x="1289" y="1280" width="52" height="34" />
        <cmp x="1340" y="1249" width="11" height="11" />
        <cmp x="1344" y="1245" width="118" height="74" />
      </word>
      <word id="g06-011k-02-05" tag="PP3O" text="him">
        <cmp x="1531" y="1253" width="52" height="69" />
        <cmp x="1569" y="1254" width="13" height="25" />
        <cmp x="1585" y="1285" width="60" height="31" />
      </word>
      <word id="g06-011k-02-06" tag="TO" text="to">
        <cmp x="1679" y="1253" width="41" height="56" />
        <cmp x="1720" y="1283" width="27" height="32" />
      </word>
      <word id="g06-011k-02-07" tag="VB" text="enjoy">
        <cmp x="1807" y="1278" width="77" height="41" />
        <cmp x="1879" y="1285" width="29" height="66" />
        <cmp x="1881" y="1251" width="16" height="13" />
        <cmp x="1909" y="1282" width="82" height="59" />
      </word>
      <upper-contour>
        <point x="363" y="1181" />
        <point x="1992" y="1181" />
      </upper-contour>
      <lower-contour>
        <point x="362" y="1352" />
        <point x="1992" y="1352" />
      </lower-contour>
    </line>
    <line ass="437" asx="0" asy="1421" character-width="999" dss="437" dsx="0" dsy="1550" fd0="13356" fd1="3455" fd2="151" filter-width="4" id="g06-011k-03" lbs="447" lbx="0" lby="1505" segmentation="ok" slant="100000" stroke-width="6432" threshold="182" text="anything. &apos;The Pearl&apos;, he wrote, &apos;is arrived, which" ubs="416" ubx="0" uby="1474">
      <word id="g06-011k-03-00" tag="PN" text="anything">
        <cmp x="362" y="1461" width="92" height="38" />
        <cmp x="457" y="1470" width="47" height="60" />
        <cmp x="495" y="1435" width="85" height="68" />
        <cmp x="563" y="1435" width="12" height="19" />
        <cmp x="585" y="1466" width="77" height="81" />
      </word>
      <word id="g06-011k-03-01" tag="." text=".">
        <cmp x="674" y="1489" width="7" height="8" />
      </word>
      <word id="g06-011k-03-02" sentence-start="yes" tag="*&apos;" text="&apos;">
        <cmp x="720" y="1416" width="9" height="24" />
      </word>
      <word id="g06-011k-03-03" tag="ATI" text="The">
        <cmp x="744" y="1437" width="43" height="8" />
        <cmp x="765" y="1445" width="9" height="53" />
        <cmp x="788" y="1442" width="82" height="62" />
      </word>
      <word id="g06-011k-03-04" tag="NN" text="Pearl">
        <cmp x="901" y="1433" width="37" height="67" />
        <cmp x="940" y="1464" width="94" height="33" />
        <cmp x="1032" y="1427" width="18" height="70" />
      </word>
      <word id="g06-011k-03-05" tag="**&apos;" text="&apos;">
        <cmp x="1076" y="1415" width="9" height="16" />
      </word>
      <word id="g06-011k-03-06" tag="," text=",">
        <cmp x="1124" y="1492" width="8" height="18" />
      </word>
      <word id="g06-011k-03-07" tag="PP3A" text="he">
        <cmp x="1159" y="1436" width="87" height="67" />
      </word>
      <word id="g06-011k-03-08" tag="VBD" text="wrote">
        <cmp x="1300" y="1462" width="49" height="39" />
        <cmp x="1349" y="1459" width="54" height="40" />
        <cmp x="1405" y="1423" width="72" height="78" />
      </word>
      <word id="g06-011k-03-09" tag="," text=",">
        <cmp x="1500" y="1489" width="7" height="28" />
      </word>
      <word id="g06-011k-03-10" tag="*&apos;" text="&apos;">
        <cmp x="1540" y="1414" width="10" height="22" />
      </word>
      <word id="g06-011k-03-11" tag="BEZ" text="is">
        <cmp x="1583" y="1468" width="8" height="35" />
        <cmp x="1584" y="1426" width="11" height="21" />
        <cmp x="1592" y="1464" width="24" height="36" />
      </word>
      <word id="g06-011k-03-12" tag="VBN" text="arrived">
        <cmp x="1667" y="1460" width="41" height="35" />
        <cmp x="1706" y="1460" width="47" height="32" />
        <cmp x="1756" y="1430" width="11" height="16" />
        <cmp x="1758" y="1469" width="10" height="23" />
        <cmp x="1777" y="1458" width="26" height="35" />
        <cmp x="1809" y="1427" width="63" height="73" />
      </word>
      <word id="g06-011k-03-13" tag="," text=",">
        <cmp x="1913" y="1479" width="10" height="33" />
      </word>
      <word id="g06-011k-03-14" tag="WDT" text="which">
        <cmp x="1958" y="1453" width="36" height="39" />
        <cmp x="1989" y="1421" width="45" height="70" />
        <cmp x="2034" y="1423" width="7" height="13" />
        <cmp x="2039" y="1468" width="10" height="26" />
        <cmp x="2053" y="1461" width="27" height="36" />
        <cmp x="2078" y="1429" width="40" height="64" />
      </word>
      <upper-contour>
        <point x="362" y="1352" />
        <point x="1992" y="1352" />
      </upper-contour>
      <lower-contour>
        <point x="365" y="1546" />
        <point x="2119" y="1546" />
      </lower-contour>
    </line>
    <line ass="246" asx="0" asy="1610" character-width="999" dss="246" dsx="0" dsy="1708" fd0="12930" fd1="3080" fd2="-333" filter-width="4" id="g06-011k-04" lbs="299" lbx="0" lby="1683" segmentation="ok" slant="96000" stroke-width="6698" threshold="182" text="is a great resource. Vesuvius seems to be tired;" ubs="138" ubx="0" uby="1647">
      <word id="g06-011k-04-00" tag="BEZ" text="is">
        <cmp x="367" y="1609" width="11" height="14" />
        <cmp x="367" y="1645" width="9" height="34" />
        <cmp x="386" y="1641" width="18" height="38" />
      </word>
      <word id="g06-011k-04-01" tag="AT" text="a">
        <cmp x="483" y="1641" width="42" height="38" />
      </word>
      <word id="g06-011k-04-02" tag="JJ" text="great">
        <cmp x="598" y="1642" width="102" height="65" />
        <cmp x="700" y="1645" width="45" height="32" />
        <cmp x="736" y="1613" width="36" height="66" />
      </word>
      <word id="g06-011k-04-03" tag="NN" text="resource">
        <cmp x="838" y="1638" width="70" height="37" />
        <cmp x="904" y="1639" width="30" height="37" />
        <cmp x="935" y="1643" width="67" height="38" />
        <cmp x="1005" y="1645" width="28" height="33" />
        <cmp x="1041" y="1642" width="88" height="36" />
      </word>
      <word id="g06-011k-04-04" tag="." text=".">
        <cmp x="1145" y="1672" width="11" height="9" />
      </word>
      <word id="g06-011k-04-05" sentence-start="yes" tag="NP" text="Vesuvius">
        <cmp x="1187" y="1605" width="34" height="65" />
        <cmp x="1227" y="1643" width="52" height="33" />
        <cmp x="1289" y="1644" width="37" height="41" />
        <cmp x="1327" y="1652" width="26" height="34" />
        <cmp x="1353" y="1624" width="9" height="9" />
        <cmp x="1359" y="1665" width="7" height="23" />
        <cmp x="1381" y="1643" width="41" height="40" />
        <cmp x="1424" y="1636" width="21" height="44" />
      </word>
      <word id="g06-011k-04-06" tag="VBZ" text="seems">
        <cmp x="1531" y="1635" width="27" height="41" />
        <cmp x="1559" y="1638" width="143" height="39" />
      </word>
      <word id="g06-011k-04-07" tag="TO" text="to">
        <cmp x="1765" y="1610" width="43" height="58" />
        <cmp x="1806" y="1644" width="26" height="28" />
      </word>
      <word id="g06-011k-04-08" tag="BE" text="be">
        <cmp x="1911" y="1603" width="24" height="68" />
        <cmp x="1941" y="1635" width="52" height="37" />
      </word>
      <word id="g06-011k-04-09" tag="JJ" text="tired">
        <cmp x="2028" y="1607" width="43" height="66" />
        <cmp x="2058" y="1603" width="9" height="12" />
        <cmp x="2071" y="1638" width="17" height="29" />
        <cmp x="2092" y="1603" width="70" height="70" />
      </word>
      <word id="g06-011k-04-10" tag=";" text=";">
        <cmp x="2174" y="1662" width="12" height="33" />
        <cmp x="2178" y="1638" width="7" height="13" />
      </word>
      <upper-contour>
        <point x="365" y="1546" />
        <point x="2119" y="1546" />
      </upper-contour>
      <lower-contour>
        <point x="365" y="1706" />
        <point x="2010" y="1706" />
      </lower-contour>
    </line>
    <line ass="101" asx="0" asy="1781" character-width="999" dss="101" dsx="0" dsy="1894" fd0="13250" fd1="3391" fd2="-157" filter-width="4" id="g06-011k-05" lbs="45" lbx="0" lby="1860" segmentation="ok" slant="99000" stroke-width="6534" threshold="182" text="he is going out fast.... What a gay, lively" ubs="214" ubx="0" uby="1837">
      <word id="g06-011k-05-00" tag="PP3A" text="he">
        <cmp x="367" y="1785" width="81" height="76" />
      </word>
      <word id="g06-011k-05-01" tag="BEZ" text="is">
        <cmp x="518" y="1796" width="9" height="17" />
        <cmp x="522" y="1827" width="13" height="32" />
        <cmp x="539" y="1831" width="22" height="28" />
      </word>
      <word id="g06-011k-05-02" tag="VBG" text="going">
        <cmp x="622" y="1829" width="52" height="58" />
        <cmp x="673" y="1828" width="29" height="28" />
        <cmp x="704" y="1799" width="10" height="12" />
        <cmp x="709" y="1831" width="10" height="29" />
        <cmp x="723" y="1827" width="35" height="32" />
        <cmp x="754" y="1827" width="34" height="67" />
      </word>
      <word id="g06-011k-05-03" tag="RP" text="out">
        <cmp x="862" y="1826" width="34" height="40" />
        <cmp x="901" y="1827" width="35" height="32" />
        <cmp x="932" y="1785" width="43" height="74" />
      </word>
      <word id="g06-011k-05-04" tag="RB" text="fast">
        <cmp x="1022" y="1780" width="107" height="99" />
        <cmp x="1128" y="1786" width="39" height="73" />
      </word>
      <word id="g06-011k-05-05" tag="..." text="...">
        <cmp x="1185" y="1848" width="9" height="10" />
        <cmp x="1202" y="1849" width="9" height="10" />
        <cmp x="1222" y="1846" width="9" height="8" />
      </word>
      <word id="g06-011k-05-06" tag="." text=".">
        <cmp x="1246" y="1852" width="9" height="9" />
      </word>
      <word id="g06-011k-05-07" sentence-start="yes" tag="WDT" text="What">
        <cmp x="1308" y="1794" width="52" height="63" />
        <cmp x="1364" y="1794" width="43" height="57" />
        <cmp x="1408" y="1780" width="56" height="76" />
      </word>
      <word id="g06-011k-05-08" tag="AT" text="a">
        <cmp x="1510" y="1826" width="40" height="32" />
      </word>
      <word id="g06-011k-05-09" tag="JJ" text="gay">
        <cmp x="1607" y="1826" width="47" height="57" />
        <cmp x="1657" y="1830" width="41" height="28" />
        <cmp x="1699" y="1829" width="44" height="49" />
      </word>
      <word id="g06-011k-05-10" tag="," text=",">
        <cmp x="1770" y="1840" width="8" height="30" />
      </word>
      <word id="g06-011k-05-11" tag="JJ" text="lively">
        <cmp x="1836" y="1780" width="27" height="69" />
        <cmp x="1861" y="1787" width="10" height="16" />
        <cmp x="1866" y="1835" width="8" height="18" />
        <cmp x="1880" y="1811" width="28" height="41" />
        <cmp x="1911" y="1781" width="98" height="96" />
      </word>
      <upper-contour>
        <point x="365" y="1706" />
        <point x="2010" y="1706" />
      </upper-contour>
      <lower-contour>
        <point x="365" y="1893" />
        <point x="2010" y="1893" />
      </lower-contour>
    </line>
    <line ass="241" asx="0" asy="1967" character-width="999" dss="241" dsx="0" dsy="2077" fd0="13073" fd1="2810" fd2="-341" filter-width="4" id="g06-011k-06" lbs="108" lbx="0" lby="2037" segmentation="ok" slant="98000" stroke-width="6665" threshold="182" text="people, and what a busy town. At Rome, every" ubs="506" ubx="0" uby="2013">
      <word id="g06-011k-06-00" tag="NN" text="people">
        <cmp x="358" y="1990" width="106" height="74" />
        <cmp x="465" y="2004" width="41" height="72" />
        <cmp x="505" y="1977" width="67" height="63" />
      </word>
      <word id="g06-011k-06-01" tag="," text=",">
        <cmp x="605" y="2027" width="8" height="29" />
      </word>
      <word id="g06-011k-06-02" tag="CC" text="and">
        <cmp x="670" y="2002" width="83" height="33" />
        <cmp x="760" y="1973" width="36" height="63" />
      </word>
      <word id="g06-011k-06-03" tag="WDT" text="what">
        <cmp x="862" y="2002" width="48" height="39" />
        <cmp x="911" y="1977" width="76" height="58" />
        <cmp x="988" y="1963" width="36" height="79" />
      </word>
      <word id="g06-011k-06-04" tag="AT" text="a">
        <cmp x="1097" y="1999" width="42" height="36" />
      </word>
      <word id="g06-011k-06-05" tag="JJ" text="busy">
        <cmp x="1206" y="1966" width="26" height="68" />
        <cmp x="1236" y="1998" width="55" height="38" />
        <cmp x="1296" y="2007" width="43" height="58" />
      </word>
      <word id="g06-011k-06-06" tag="NN" text="town">
        <cmp x="1405" y="1966" width="70" height="72" />
        <cmp x="1475" y="2003" width="48" height="33" />
        <cmp x="1527" y="2006" width="39" height="34" />
      </word>
      <word id="g06-011k-06-07" tag="." text=".">
        <cmp x="1584" y="2029" width="9" height="9" />
      </word>
      <word id="g06-011k-06-08" sentence-start="yes" tag="IN" text="At">
        <cmp x="1651" y="1970" width="44" height="70" />
        <cmp x="1688" y="1972" width="38" height="60" />
      </word>
      <word id="g06-011k-06-09" tag="NP" text="Rome">
        <cmp x="1781" y="1963" width="87" height="73" />
        <cmp x="1872" y="2001" width="92" height="35" />
      </word>
      <word id="g06-011k-06-10" tag="," text=",">
        <cmp x="1981" y="2029" width="7" height="28" />
      </word>
      <word id="g06-011k-06-11" tag="AT" text="every">
        <cmp x="2021" y="1988" width="52" height="41" />
        <cmp x="2076" y="1991" width="41" height="39" />
        <cmp x="2124" y="1995" width="46" height="69" />
      </word>
      <upper-contour>
        <point x="365" y="1893" />
        <point x="2010" y="1893" />
      </upper-contour>
      <lower-contour>
        <point x="362" y="2075" />
        <point x="1973" y="2075" />
      </lower-contour>
    </line>
    <line ass="69" asx="0" asy="2139" character-width="999" dss="69" dsx="0" dsy="2244" fd0="13077" fd1="3049" fd2="-52" filter-width="4" id="g06-011k-07" lbs="110" lbx="0" lby="2215" segmentation="ok" slant="98000" stroke-width="6666" threshold="182" text="other man was a priest: here the priest is" ubs="-12" ubx="0" uby="2180">
      <word id="g06-011k-07-00" tag="AP" text="other">
        <cmp x="364" y="2144" width="143" height="77" />
      </word>
      <word id="g06-011k-07-01" tag="NN" text="man">
        <cmp x="570" y="2181" width="137" height="36" />
      </word>
      <word id="g06-011k-07-02" tag="BEDZ" text="was">
        <cmp x="783" y="2172" width="49" height="41" />
        <cmp x="835" y="2179" width="55" height="37" />
      </word>
      <word id="g06-011k-07-03" tag="AT" text="a">
        <cmp x="958" y="2181" width="41" height="36" />
      </word>
      <word id="g06-011k-07-04" tag="NN" text="priest">
        <cmp x="1059" y="2180" width="34" height="63" />
        <cmp x="1100" y="2176" width="30" height="29" />
        <cmp x="1118" y="2144" width="9" height="23" />
        <cmp x="1136" y="2171" width="41" height="42" />
        <cmp x="1173" y="2176" width="23" height="42" />
        <cmp x="1202" y="2142" width="37" height="79" />
      </word>
      <word id="g06-011k-07-05" tag=":" text=":">
        <cmp x="1268" y="2186" width="10" height="10" />
        <cmp x="1275" y="2214" width="10" height="10" />
      </word>
      <word id="g06-011k-07-06" tag="RN" text="here">
        <cmp x="1333" y="2146" width="130" height="68" />
      </word>
      <word id="g06-011k-07-07" tag="ATI" text="the">
        <cmp x="1534" y="2151" width="111" height="60" />
      </word>
      <word id="g06-011k-07-08" tag="NN" text="priest">
        <cmp x="1685" y="2180" width="41" height="62" />
        <cmp x="1732" y="2188" width="16" height="32" />
        <cmp x="1744" y="2152" width="14" height="19" />
        <cmp x="1749" y="2198" width="8" height="21" />
        <cmp x="1765" y="2179" width="40" height="37" />
        <cmp x="1800" y="2176" width="19" height="37" />
        <cmp x="1823" y="2142" width="39" height="71" />
      </word>
      <word id="g06-011k-07-09" tag="BEZ" text="is">
        <cmp x="1935" y="2138" width="11" height="22" />
        <cmp x="1938" y="2183" width="9" height="30" />
        <cmp x="1953" y="2178" width="19" height="34" />
      </word>
      <upper-contour>
        <point x="362" y="2075" />
        <point x="1973" y="2075" />
      </upper-contour>
      <lower-contour>
        <point x="362" y="2243" />
        <point x="1973" y="2243" />
      </lower-contour>
    </line>
    <line ass="239" asx="0" asy="2317" character-width="999" dss="239" dsx="0" dsy="2441" fd0="12999" fd1="2807" fd2="-994" filter-width="4" id="g06-011k-08" lbs="234" lbx="0" lby="2398" segmentation="ok" slant="96000" stroke-width="6692" threshold="182" text="1superceded by the soldier - a favourable change" ubs="248" ubx="0" uby="2363">
      <word id="g06-011k-08-00" tag="VBN" text="1superceded">
        <cmp x="357" y="2334" width="46" height="65" />
        <cmp x="412" y="2359" width="23" height="43" />
        <cmp x="441" y="2360" width="38" height="38" />
        <cmp x="482" y="2359" width="91" height="62" />
        <cmp x="580" y="2358" width="76" height="42" />
        <cmp x="654" y="2324" width="99" height="75" />
      </word>
      <word id="g06-011k-08-01" tag="IN" text="by">
        <cmp x="847" y="2333" width="32" height="57" />
        <cmp x="882" y="2359" width="43" height="58" />
      </word>
      <word id="g06-011k-08-02" tag="ATI" text="the">
        <cmp x="986" y="2330" width="117" height="71" />
      </word>
      <word id="g06-011k-08-03" tag="NN" text="soldier">
        <cmp x="1158" y="2354" width="24" height="42" />
        <cmp x="1187" y="2360" width="37" height="37" />
        <cmp x="1223" y="2325" width="23" height="66" />
        <cmp x="1248" y="2334" width="33" height="62" />
        <cmp x="1288" y="2331" width="10" height="15" />
        <cmp x="1293" y="2363" width="9" height="33" />
        <cmp x="1312" y="2353" width="59" height="42" />
      </word>
      <word id="g06-011k-08-04" tag="*-" text="-">
        <cmp x="1416" y="2367" width="38" height="10" />
      </word>
      <word id="g06-011k-08-05" tag="AT" text="a">
        <cmp x="1498" y="2355" width="49" height="37" />
      </word>
      <word id="g06-011k-08-06" tag="JJ" text="favourable">
        <cmp x="1588" y="2312" width="35" height="94" />
        <cmp x="1633" y="2360" width="41" height="33" />
        <cmp x="1694" y="2359" width="30" height="39" />
        <cmp x="1731" y="2360" width="27" height="35" />
        <cmp x="1765" y="2359" width="36" height="33" />
        <cmp x="1799" y="2357" width="25" height="30" />
        <cmp x="1835" y="2355" width="41" height="37" />
        <cmp x="1873" y="2326" width="25" height="63" />
        <cmp x="1902" y="2326" width="68" height="67" />
      </word>
      <word id="g06-011k-08-07" tag="NN" text="change">
        <cmp x="2008" y="2319" width="207" height="114" />
      </word>
      <upper-contour>
        <point x="362" y="2243" />
        <point x="1973" y="2243" />
      </upper-contour>
      <lower-contour>
        <point x="367" y="2420" />
        <point x="2117" y="2420" />
      </lower-contour>
    </line>
    <line ass="538" asx="0" asy="2507" character-width="999" dss="538" dsx="0" dsy="2621" fd0="13246" fd1="3330" fd2="-304" filter-width="4" id="g06-011k-09" lbs="502" lbx="0" lby="2586" segmentation="ok" slant="99000" stroke-width="6541" threshold="182" text="in my eye, particularly as the troops are" ubs="610" ubx="0" uby="2554">
      <word id="g06-011k-09-00" tag="IN" text="in">
        <cmp x="369" y="2504" width="7" height="12" />
        <cmp x="369" y="2537" width="8" height="39" />
        <cmp x="383" y="2547" width="35" height="34" />
      </word>
      <word id="g06-011k-09-01" tag="PP$" text="my">
        <cmp x="485" y="2537" width="106" height="68" />
      </word>
      <word id="g06-011k-09-02" tag="NN" text="eye">
        <cmp x="646" y="2538" width="81" height="63" />
        <cmp x="727" y="2540" width="53" height="35" />
      </word>
      <word id="g06-011k-09-03" tag="," text=",">
        <cmp x="802" y="2558" width="8" height="38" />
      </word>
      <word id="g06-011k-09-04" tag="RB" text="particularly">
        <cmp x="884" y="2541" width="40" height="64" />
        <cmp x="930" y="2540" width="61" height="33" />
        <cmp x="999" y="2500" width="41" height="72" />
        <cmp x="1027" y="2510" width="12" height="14" />
        <cmp x="1048" y="2540" width="38" height="33" />
        <cmp x="1087" y="2546" width="39" height="35" />
        <cmp x="1118" y="2511" width="30" height="62" />
        <cmp x="1155" y="2540" width="44" height="35" />
        <cmp x="1201" y="2537" width="25" height="31" />
        <cmp x="1234" y="2500" width="69" height="101" />
      </word>
      <word id="g06-011k-09-05" tag="CS" text="as">
        <cmp x="1371" y="2537" width="45" height="40" />
        <cmp x="1418" y="2539" width="15" height="39" />
      </word>
      <word id="g06-011k-09-06" tag="ATI" text="the">
        <cmp x="1525" y="2509" width="40" height="62" />
        <cmp x="1566" y="2510" width="84" height="63" />
      </word>
      <word id="g06-011k-09-07" tag="NNS" text="troops">
        <cmp x="1714" y="2506" width="63" height="63" />
        <cmp x="1779" y="2535" width="34" height="38" />
        <cmp x="1815" y="2534" width="33" height="37" />
        <cmp x="1852" y="2540" width="32" height="64" />
        <cmp x="1886" y="2534" width="28" height="39" />
      </word>
      <word id="g06-011k-09-08" tag="BER" text="are">
        <cmp x="1999" y="2533" width="40" height="35" />
        <cmp x="2040" y="2531" width="76" height="36" />
      </word>
      <upper-contour>
        <point x="367" y="2420" />
        <point x="2117" y="2420" />
      </upper-contour>
      <lower-contour>
        <point x="379" y="2604" />
        <point x="785" y="2604" />
      </lower-contour>
    </line>
    <line ass="-1485" asx="0" asy="2639" character-width="999" dss="-1485" dsx="0" dsy="2759" fd0="13139" fd1="3501" fd2="139" filter-width="4" id="g06-011k-10" lbs="-464" lbx="0" lby="2745" segmentation="ok" slant="94000" stroke-width="6305" threshold="182" text="very fine.&apos;" ubs="-3529" ubx="0" uby="2690">
      <word id="g06-011k-10-00" tag="QL" text="very">
        <cmp x="381" y="2712" width="24" height="39" />
        <cmp x="403" y="2714" width="59" height="35" />
        <cmp x="463" y="2718" width="45" height="55" />
      </word>
      <word id="g06-011k-10-01" tag="JJ" text="fine">
        <cmp x="570" y="2671" width="56" height="104" />
        <cmp x="613" y="2692" width="12" height="18" />
        <cmp x="632" y="2721" width="35" height="36" />
        <cmp x="668" y="2711" width="62" height="43" />
      </word>
      <word id="g06-011k-10-02" tag="." text=".">
        <cmp x="742" y="2741" width="7" height="8" />
      </word>
      <word id="g06-011k-10-03" tag="**&apos;" text="&apos;">
        <cmp x="777" y="2661" width="7" height="20" />
      </word>
      <upper-contour>
        <point x="379" y="2604" />
        <point x="785" y="2604" />
      </upper-contour>
    </line>
  </handwritten-part>
</form>

