<?xml version="1.0" encoding="ISO-8859-1"?>

<!DOCTYPE form SYSTEM 'http://www.iam.unibe.ch/~fki/iamdb/form-metadata.dtd'>

<form created="2002-01-19" height="3542" id="g06-018j" last-modified="2002-07-24" skew="-63" status="final" version="3.0_beta" width="2479" writer-id="341">
  <machine-printed-part>
    <machine-print-line text="When the sailing season was past, he sent Pearl back to England, and returned to" />
    <machine-print-line text="Rome for the winter. In late November, he was &apos;suffering as usual&apos;, but hoped, he" />
    <machine-print-line text="told Arthur, &apos;to find this place agree with me better than Naples. The journey has" />
    <machine-print-line text="been against me, as there has been much rain and damp, but the temperature is high" />
    <machine-print-line text="&amp; I have not yet thought of a fire...." />
  </machine-printed-part>
  <handwritten-part>
    <line ass="-177" asx="0" asy="686" character-width="999" dss="-177" dsx="0" dsy="842" fd0="14390" fd1="2416" fd2="-1394" filter-width="4" id="g06-018j-00" lbs="-141" lbx="0" lby="766" segmentation="ok" slant="57000" stroke-width="5714" threshold="182" text="When the sailing season was past, he sent Pearl" ubs="-247" ubx="0" uby="733">
      <word id="g06-018j-00-00" sentence-start="yes" tag="WRB" text="When">
        <cmp x="359" y="692" width="116" height="94" />
      </word>
      <word id="g06-018j-00-01" tag="ATI" text="the">
        <cmp x="535" y="692" width="79" height="86" />
        <cmp x="594" y="728" width="58" height="47" />
      </word>
      <word id="g06-018j-00-02" tag="NN" text="sailing">
        <cmp x="697" y="730" width="63" height="51" />
        <cmp x="753" y="733" width="28" height="35" />
        <cmp x="778" y="730" width="33" height="50" />
        <cmp x="793" y="707" width="49" height="72" />
        <cmp x="809" y="744" width="23" height="37" />
        <cmp x="816" y="696" width="10" height="8" />
        <cmp x="830" y="737" width="72" height="109" />
        <cmp x="832" y="740" width="35" height="48" />
        <cmp x="854" y="704" width="6" height="11" />
      </word>
      <word id="g06-018j-00-03" tag="NN" text="season">
        <cmp x="930" y="731" width="163" height="58" />
        <cmp x="1100" y="737" width="30" height="42" />
        <cmp x="1134" y="744" width="58" height="29" />
      </word>
      <word id="g06-018j-00-04" tag="BEDZ" text="was">
        <cmp x="1268" y="728" width="59" height="51" />
        <cmp x="1331" y="725" width="59" height="53" />
      </word>
      <word id="g06-018j-00-05" tag="RP" text="past">
        <cmp x="1401" y="729" width="99" height="106" />
        <cmp x="1493" y="730" width="31" height="51" />
        <cmp x="1510" y="729" width="48" height="47" />
        <cmp x="1550" y="692" width="50" height="73" />
      </word>
      <word id="g06-018j-00-06" tag="," text=",">
        <cmp x="1563" y="791" width="39" height="38" />
      </word>
      <word id="g06-018j-00-07" tag="PP3A" text="he">
        <cmp x="1681" y="703" width="59" height="82" />
        <cmp x="1720" y="732" width="52" height="49" />
      </word>
      <word id="g06-018j-00-08" tag="VBD" text="sent">
        <cmp x="1786" y="729" width="124" height="71" />
        <cmp x="1906" y="722" width="42" height="56" />
      </word>
      <word id="g06-018j-00-09" tag="NN" text="Pearl">
        <cmp x="2016" y="703" width="74" height="80" />
        <cmp x="2017" y="731" width="34" height="11" />
        <cmp x="2028" y="725" width="4" height="5" />
        <cmp x="2087" y="733" width="30" height="44" />
        <cmp x="2115" y="742" width="40" height="30" />
        <cmp x="2142" y="713" width="55" height="65" />
      </word>
      <lower-contour>
        <point x="357" y="845" />
        <point x="837" y="846" />
        <point x="2141" y="846" />
      </lower-contour>
    </line>
    <line ass="126" asx="0" asy="848" character-width="999" dss="126" dsx="0" dsy="1023" fd0="14118" fd1="2719" fd2="-909" filter-width="4" id="g06-018j-01" lbs="134" lbx="0" lby="946" segmentation="ok" slant="63000" stroke-width="6053" threshold="182" text="back to England, and returned to Rome for" ubs="108" ubx="0" uby="914">
      <word id="g06-018j-01-00" tag="RP" text="back">
        <cmp x="330" y="848" width="82" height="107" />
        <cmp x="420" y="911" width="34" height="37" />
        <cmp x="451" y="877" width="51" height="73" />
      </word>
      <word id="g06-018j-01-01" tag="IN" text="to">
        <cmp x="562" y="888" width="92" height="77" />
      </word>
      <word id="g06-018j-01-02" tag="NP" text="England">
        <cmp x="683" y="887" width="84" height="66" />
        <cmp x="702" y="879" width="62" height="11" />
        <cmp x="736" y="912" width="63" height="111" />
        <cmp x="795" y="923" width="5" height="5" />
        <cmp x="806" y="895" width="20" height="53" />
        <cmp x="836" y="918" width="35" height="44" />
        <cmp x="870" y="918" width="4" height="5" />
        <cmp x="875" y="923" width="38" height="50" />
        <cmp x="921" y="896" width="41" height="70" />
      </word>
      <word id="g06-018j-01-03" tag="," text=",">
        <cmp x="948" y="966" width="36" height="42" />
      </word>
      <word id="g06-018j-01-04" tag="CC" text="and">
        <cmp x="1030" y="905" width="35" height="53" />
        <cmp x="1058" y="917" width="37" height="54" />
        <cmp x="1096" y="895" width="50" height="68" />
      </word>
      <word id="g06-018j-01-05" tag="VBD" text="returned">
        <cmp x="1215" y="880" width="52" height="67" />
        <cmp x="1255" y="890" width="48" height="52" />
        <cmp x="1295" y="874" width="83" height="77" />
        <cmp x="1377" y="906" width="48" height="36" />
        <cmp x="1408" y="914" width="47" height="40" />
        <cmp x="1445" y="885" width="90" height="74" />
      </word>
      <word id="g06-018j-01-06" tag="IN" text="to">
        <cmp x="1592" y="886" width="93" height="72" />
      </word>
      <word id="g06-018j-01-07" tag="NP" text="Rome">
        <cmp x="1778" y="863" width="87" height="91" />
        <cmp x="1786" y="889" width="5" height="6" />
        <cmp x="1854" y="915" width="70" height="40" />
        <cmp x="1918" y="903" width="52" height="47" />
      </word>
      <word id="g06-018j-01-08" tag="IN" text="for">
        <cmp x="2015" y="881" width="71" height="82" />
        <cmp x="2022" y="948" width="4" height="7" />
        <cmp x="2089" y="921" width="51" height="32" />
      </word>
      <upper-contour>
        <point x="357" y="845" />
        <point x="837" y="846" />
        <point x="2141" y="846" />
      </upper-contour>
      <lower-contour>
        <point x="333" y="1023" />
        <point x="2141" y="1023" />
      </lower-contour>
    </line>
    <line ass="-91" asx="0" asy="1030" character-width="999" dss="-91" dsx="0" dsy="1195" fd0="14382" fd1="2535" fd2="-970" filter-width="4" id="g06-018j-02" lbs="-19" lbx="0" lby="1127" segmentation="ok" slant="61000" stroke-width="6213" threshold="182" text="the winter. In late November, he was &apos;suffering" ubs="-235" ubx="0" uby="1090">
      <word id="g06-018j-02-00" tag="ATI" text="the">
        <cmp x="335" y="1037" width="76" height="105" />
        <cmp x="402" y="1084" width="47" height="49" />
      </word>
      <word id="g06-018j-02-01" tag="NN" text="winter">
        <cmp x="514" y="1076" width="70" height="61" />
        <cmp x="567" y="1076" width="7" height="9" />
        <cmp x="586" y="1088" width="34" height="52" />
        <cmp x="587" y="1053" width="4" height="9" />
        <cmp x="622" y="1062" width="71" height="76" />
        <cmp x="693" y="1084" width="26" height="13" />
      </word>
      <word id="g06-018j-02-02" tag="." text=".">
        <cmp x="742" y="1119" width="10" height="9" />
      </word>
      <word id="g06-018j-02-03" sentence-start="yes" tag="IN" text="In">
        <cmp x="813" y="1044" width="70" height="95" />
      </word>
      <word id="g06-018j-02-04" tag="JJ" text="late">
        <cmp x="935" y="1059" width="59" height="86" />
        <cmp x="979" y="1067" width="100" height="77" />
        <cmp x="990" y="1093" width="7" height="6" />
      </word>
      <word id="g06-018j-02-05" tag="NR" text="November">
        <cmp x="1144" y="1062" width="100" height="86" />
        <cmp x="1220" y="1064" width="5" height="5" />
        <cmp x="1246" y="1087" width="55" height="48" />
        <cmp x="1291" y="1085" width="95" height="48" />
        <cmp x="1383" y="1079" width="59" height="52" />
        <cmp x="1427" y="1088" width="50" height="43" />
        <cmp x="1467" y="1093" width="47" height="26" />
      </word>
      <word id="g06-018j-02-06" tag="," text=",">
        <cmp x="1499" y="1132" width="44" height="55" />
      </word>
      <word id="g06-018j-02-07" tag="PP3A" text="he">
        <cmp x="1592" y="1056" width="45" height="75" />
        <cmp x="1633" y="1084" width="43" height="47" />
      </word>
      <word id="g06-018j-02-08" tag="BEDZ" text="was">
        <cmp x="1713" y="1085" width="59" height="55" />
        <cmp x="1772" y="1082" width="38" height="64" />
        <cmp x="1810" y="1119" width="10" height="15" />
        <cmp x="1818" y="1102" width="32" height="37" />
      </word>
      <word id="g06-018j-02-09" tag="*&apos;" text="&apos;">
        <cmp x="1907" y="1035" width="34" height="43" />
      </word>
      <word id="g06-018j-02-10" tag="VBG" text="suffering">
        <cmp x="1908" y="1089" width="50" height="47" />
        <cmp x="1959" y="1090" width="4" height="4" />
        <cmp x="1961" y="1056" width="143" height="92" />
        <cmp x="2079" y="1098" width="65" height="54" />
        <cmp x="2111" y="1098" width="53" height="101" />
        <cmp x="2114" y="1060" width="11" height="13" />
      </word>
      <upper-contour>
        <point x="333" y="1023" />
        <point x="2141" y="1023" />
      </upper-contour>
      <lower-contour>
        <point x="333" y="1199" />
        <point x="2165" y="1199" />
      </lower-contour>
    </line>
    <line ass="-205" asx="0" asy="1203" character-width="999" dss="-205" dsx="0" dsy="1380" fd0="14660" fd1="3072" fd2="-529" filter-width="4" id="g06-018j-03" lbs="-309" lbx="0" lby="1310" segmentation="ok" slant="59999" stroke-width="6234" threshold="182" text="as usual&apos;, but hoped, he told Arthur, &apos;to find" ubs="0" ubx="0" uby="1269">
      <word id="g06-018j-03-00" tag="CS" text="as">
        <cmp x="332" y="1232" width="40" height="68" />
        <cmp x="358" y="1278" width="13" height="21" />
        <cmp x="366" y="1252" width="40" height="48" />
      </word>
      <word id="g06-018j-03-01" tag="JJ" text="usual">
        <cmp x="475" y="1244" width="33" height="60" />
        <cmp x="517" y="1257" width="46" height="53" />
        <cmp x="566" y="1257" width="34" height="44" />
        <cmp x="616" y="1259" width="32" height="53" />
        <cmp x="643" y="1219" width="37" height="91" />
      </word>
      <word id="g06-018j-03-02" tag="**&apos;" text="&apos;">
        <cmp x="702" y="1207" width="16" height="28" />
      </word>
      <word id="g06-018j-03-03" tag="," text=",">
        <cmp x="693" y="1290" width="38" height="57" />
      </word>
      <word id="g06-018j-03-04" tag="CC" text="but">
        <cmp x="754" y="1226" width="51" height="78" />
        <cmp x="800" y="1261" width="29" height="50" />
        <cmp x="831" y="1234" width="47" height="78" />
      </word>
      <word id="g06-018j-03-05" tag="VBD" text="hoped">
        <cmp x="936" y="1233" width="42" height="94" />
        <cmp x="965" y="1266" width="83" height="119" />
        <cmp x="979" y="1279" width="26" height="36" />
        <cmp x="1043" y="1266" width="39" height="50" />
        <cmp x="1077" y="1246" width="61" height="71" />
      </word>
      <word id="g06-018j-03-06" tag="," text=",">
        <cmp x="1147" y="1315" width="28" height="34" />
      </word>
      <word id="g06-018j-03-07" tag="PP3A" text="he">
        <cmp x="1227" y="1240" width="41" height="80" />
        <cmp x="1261" y="1268" width="46" height="51" />
      </word>
      <word id="g06-018j-03-08" tag="VBD" text="told">
        <cmp x="1361" y="1228" width="79" height="102" />
        <cmp x="1433" y="1243" width="55" height="94" />
        <cmp x="1465" y="1249" width="60" height="81" />
      </word>
      <word id="g06-018j-03-09" tag="NP" text="Arthur">
        <cmp x="1565" y="1243" width="99" height="84" />
        <cmp x="1657" y="1248" width="77" height="80" />
        <cmp x="1737" y="1270" width="27" height="48" />
        <cmp x="1771" y="1283" width="47" height="29" />
      </word>
      <word id="g06-018j-03-10" tag="," text=",">
        <cmp x="1815" y="1309" width="53" height="61" />
      </word>
      <word id="g06-018j-03-11" tag="*&apos;" text="&apos;">
        <cmp x="1925" y="1230" width="25" height="26" />
      </word>
      <word id="g06-018j-03-12" tag="TO" text="to">
        <cmp x="1935" y="1239" width="51" height="67" />
        <cmp x="1979" y="1264" width="37" height="35" />
      </word>
      <word id="g06-018j-03-13" tag="VB" text="find">
        <cmp x="2064" y="1227" width="77" height="90" />
        <cmp x="2125" y="1278" width="31" height="40" />
        <cmp x="2150" y="1237" width="6" height="12" />
        <cmp x="2159" y="1257" width="52" height="58" />
      </word>
      <upper-contour>
        <point x="333" y="1199" />
        <point x="2165" y="1199" />
      </upper-contour>
      <lower-contour>
        <point x="330" y="1385" />
        <point x="2212" y="1385" />
      </lower-contour>
    </line>
    <line ass="-16" asx="0" asy="1403" character-width="999" dss="-16" dsx="0" dsy="1570" fd0="14514" fd1="2532" fd2="-1441" filter-width="4" id="g06-018j-04" lbs="-97" lbx="0" lby="1487" segmentation="ok" slant="56000" stroke-width="6067" threshold="182" text="this place agree with me better than Naples." ubs="146" ubx="0" uby="1455">
      <word id="g06-018j-04-00" tag="DT" text="this">
        <cmp x="312" y="1404" width="90" height="108" />
        <cmp x="404" y="1452" width="29" height="46" />
        <cmp x="421" y="1452" width="41" height="61" />
        <cmp x="432" y="1423" width="15" height="11" />
      </word>
      <word id="g06-018j-04-01" tag="NN" text="place">
        <cmp x="508" y="1453" width="69" height="80" />
        <cmp x="542" y="1409" width="91" height="79" />
        <cmp x="622" y="1446" width="31" height="53" />
        <cmp x="659" y="1446" width="90" height="45" />
      </word>
      <word id="g06-018j-04-02" tag="VB" text="agree">
        <cmp x="813" y="1443" width="114" height="129" />
        <cmp x="822" y="1436" width="40" height="54" />
        <cmp x="927" y="1450" width="80" height="41" />
      </word>
      <word id="g06-018j-04-03" tag="IN" text="with">
        <cmp x="1066" y="1446" width="79" height="51" />
        <cmp x="1136" y="1445" width="28" height="46" />
        <cmp x="1154" y="1424" width="48" height="75" />
        <cmp x="1167" y="1409" width="10" height="12" />
        <cmp x="1185" y="1438" width="58" height="70" />
      </word>
      <word id="g06-018j-04-04" tag="PP1O" text="me">
        <cmp x="1330" y="1452" width="77" height="53" />
        <cmp x="1412" y="1457" width="48" height="43" />
      </word>
      <word id="g06-018j-04-05" tag="RBR" text="better">
        <cmp x="1515" y="1481" width="11" height="6" />
        <cmp x="1518" y="1415" width="79" height="82" />
        <cmp x="1590" y="1430" width="153" height="73" />
        <cmp x="1637" y="1421" width="8" height="10" />
      </word>
      <word id="g06-018j-04-06" tag="IN" text="than">
        <cmp x="1808" y="1420" width="93" height="82" />
        <cmp x="1816" y="1468" width="7" height="4" />
        <cmp x="1902" y="1454" width="37" height="49" />
        <cmp x="1935" y="1458" width="54" height="47" />
      </word>
      <word id="g06-018j-04-07" tag="NP" text="Naples">
        <cmp x="2052" y="1411" width="81" height="81" />
        <cmp x="2069" y="1411" width="145" height="154" />
        <cmp x="2101" y="1438" width="40" height="54" />
        <cmp x="2203" y="1444" width="35" height="38" />
      </word>
      <word id="g06-018j-04-08" tag="." text=".">
        <cmp x="2238" y="1486" width="8" height="11" />
      </word>
      <upper-contour>
        <point x="330" y="1385" />
        <point x="2212" y="1385" />
      </upper-contour>
      <lower-contour>
        <point x="323" y="1573" />
        <point x="2217" y="1573" />
      </lower-contour>
    </line>
    <line ass="-34" asx="0" asy="1584" character-width="999" dss="-34" dsx="0" dsy="1754" fd0="14563" fd1="2839" fd2="-814" filter-width="4" id="g06-018j-05" lbs="124" lbx="0" lby="1680" segmentation="ok" slant="58000" stroke-width="6032" threshold="182" text="The journey has been against me, as there" ubs="-353" ubx="0" uby="1623">
      <word id="g06-018j-05-00" sentence-start="yes" tag="ATI" text="The">
        <cmp x="325" y="1585" width="90" height="76" />
        <cmp x="332" y="1597" width="52" height="81" />
        <cmp x="378" y="1628" width="33" height="56" />
        <cmp x="413" y="1617" width="46" height="49" />
      </word>
      <word id="g06-018j-05-01" tag="NN" text="journey">
        <cmp x="519" y="1629" width="78" height="81" />
        <cmp x="604" y="1587" width="9" height="8" />
        <cmp x="605" y="1634" width="43" height="38" />
        <cmp x="653" y="1636" width="38" height="35" />
        <cmp x="704" y="1639" width="42" height="32" />
        <cmp x="772" y="1630" width="41" height="58" />
        <cmp x="816" y="1629" width="45" height="46" />
        <cmp x="821" y="1637" width="77" height="79" />
      </word>
      <word id="g06-018j-05-02" tag="HVZ" text="has">
        <cmp x="952" y="1592" width="50" height="84" />
        <cmp x="1004" y="1638" width="29" height="49" />
        <cmp x="1037" y="1657" width="15" height="19" />
        <cmp x="1047" y="1634" width="30" height="46" />
      </word>
      <word id="g06-018j-05-03" tag="BEN" text="been">
        <cmp x="1158" y="1591" width="146" height="84" />
      </word>
      <word id="g06-018j-05-04" tag="IN" text="against">
        <cmp x="1382" y="1633" width="79" height="123" />
        <cmp x="1388" y="1624" width="39" height="65" />
        <cmp x="1473" y="1639" width="37" height="48" />
        <cmp x="1503" y="1634" width="27" height="44" />
        <cmp x="1521" y="1630" width="49" height="53" />
        <cmp x="1536" y="1604" width="4" height="5" />
        <cmp x="1557" y="1630" width="47" height="51" />
        <cmp x="1609" y="1596" width="40" height="64" />
      </word>
      <word id="g06-018j-05-05" tag="PP1O" text="me">
        <cmp x="1703" y="1616" width="71" height="48" />
        <cmp x="1764" y="1626" width="49" height="58" />
      </word>
      <word id="g06-018j-05-06" tag="," text=",">
        <cmp x="1836" y="1678" width="42" height="50" />
      </word>
      <word id="g06-018j-05-07" tag="CS" text="as">
        <cmp x="1922" y="1623" width="36" height="58" />
        <cmp x="1950" y="1632" width="40" height="43" />
      </word>
      <word id="g06-018j-05-08" tag="EX" text="there">
        <cmp x="2025" y="1601" width="84" height="76" />
        <cmp x="2098" y="1635" width="81" height="45" />
        <cmp x="2153" y="1639" width="63" height="44" />
      </word>
      <upper-contour>
        <point x="323" y="1573" />
        <point x="2217" y="1573" />
      </upper-contour>
      <lower-contour>
        <point x="331" y="1756" />
        <point x="2017" y="1756" />
      </lower-contour>
    </line>
    <line ass="137" asx="0" asy="1761" character-width="999" dss="137" dsx="0" dsy="1919" fd0="14643" fd1="2732" fd2="-820" filter-width="4" id="g06-018j-06" lbs="232" lbx="0" lby="1854" segmentation="ok" slant="57000" stroke-width="6311" threshold="182" text="has been much rain and damp, but the" ubs="-53" ubx="0" uby="1806">
      <word id="g06-018j-06-00" tag="HVZ" text="has">
        <cmp x="333" y="1762" width="49" height="89" />
        <cmp x="387" y="1808" width="60" height="61" />
      </word>
      <word id="g06-018j-06-01" tag="BEN" text="been">
        <cmp x="498" y="1784" width="167" height="75" />
      </word>
      <word id="g06-018j-06-02" tag="AP" text="much">
        <cmp x="732" y="1786" width="70" height="65" />
        <cmp x="798" y="1799" width="34" height="51" />
        <cmp x="838" y="1802" width="33" height="41" />
        <cmp x="874" y="1790" width="39" height="56" />
        <cmp x="887" y="1822" width="31" height="38" />
      </word>
      <word id="g06-018j-06-03" tag="NN" text="rain">
        <cmp x="963" y="1791" width="45" height="50" />
        <cmp x="1000" y="1800" width="31" height="55" />
        <cmp x="1017" y="1807" width="36" height="50" />
        <cmp x="1051" y="1813" width="48" height="44" />
        <cmp x="1062" y="1779" width="11" height="13" />
      </word>
      <word id="g06-018j-06-04" tag="CC" text="and">
        <cmp x="1168" y="1800" width="31" height="61" />
        <cmp x="1193" y="1813" width="37" height="52" />
        <cmp x="1229" y="1783" width="57" height="73" />
      </word>
      <word id="g06-018j-06-05" tag="NN" text="damp">
        <cmp x="1344" y="1776" width="59" height="69" />
        <cmp x="1390" y="1811" width="32" height="48" />
        <cmp x="1423" y="1816" width="81" height="38" />
        <cmp x="1462" y="1800" width="119" height="119" />
      </word>
      <word id="g06-018j-06-06" tag="," text=",">
        <cmp x="1608" y="1854" width="36" height="36" />
      </word>
      <word id="g06-018j-06-07" tag="CC" text="but">
        <cmp x="1694" y="1779" width="87" height="84" />
        <cmp x="1782" y="1789" width="50" height="63" />
      </word>
      <word id="g06-018j-06-08" tag="ATI" text="the">
        <cmp x="1883" y="1820" width="6" height="6" />
        <cmp x="1884" y="1789" width="91" height="69" />
        <cmp x="1935" y="1785" width="6" height="4" />
        <cmp x="1962" y="1807" width="54" height="48" />
      </word>
      <upper-contour>
        <point x="331" y="1756" />
        <point x="2017" y="1756" />
      </upper-contour>
      <lower-contour>
        <point x="333" y="1920" />
        <point x="2017" y="1920" />
      </lower-contour>
    </line>
    <line ass="-401" asx="0" asy="1940" character-width="999" dss="-401" dsx="0" dsy="2107" fd0="14586" fd1="2934" fd2="-454" filter-width="4" id="g06-018j-07" lbs="-288" lbx="0" lby="2024" segmentation="ok" slant="56000" stroke-width="6258" threshold="182" text="temperature is high &amp; I have not yet" ubs="-627" ubx="0" uby="1978">
      <word id="g06-018j-07-00" tag="NN" text="temperature">
        <cmp x="335" y="1949" width="77" height="85" />
        <cmp x="385" y="1949" width="4" height="4" />
        <cmp x="388" y="1967" width="86" height="59" />
        <cmp x="469" y="1986" width="73" height="98" />
        <cmp x="540" y="1981" width="86" height="45" />
        <cmp x="628" y="1988" width="39" height="56" />
        <cmp x="674" y="1950" width="73" height="88" />
        <cmp x="752" y="1995" width="37" height="35" />
        <cmp x="776" y="1986" width="68" height="47" />
      </word>
      <word id="g06-018j-07-01" tag="BEZ" text="is">
        <cmp x="911" y="1993" width="25" height="31" />
        <cmp x="928" y="1986" width="42" height="43" />
        <cmp x="936" y="1958" width="14" height="11" />
      </word>
      <word id="g06-018j-07-02" tag="JJ" text="high">
        <cmp x="1059" y="1950" width="56" height="96" />
        <cmp x="1087" y="1993" width="84" height="123" />
        <cmp x="1095" y="1986" width="39" height="45" />
        <cmp x="1143" y="1955" width="9" height="11" />
        <cmp x="1182" y="1952" width="35" height="69" />
      </word>
      <word id="g06-018j-07-03" tag="CC" text="&amp;">
        <cmp x="1265" y="1949" width="47" height="86" />
      </word>
      <word id="g06-018j-07-04" tag="PP1A" text="I">
        <cmp x="1363" y="2048" width="6" height="4" />
        <cmp x="1366" y="1967" width="79" height="81" />
      </word>
      <word id="g06-018j-07-05" tag="HV" text="have">
        <cmp x="1500" y="1968" width="48" height="89" />
        <cmp x="1549" y="1996" width="36" height="54" />
        <cmp x="1586" y="2006" width="43" height="39" />
        <cmp x="1620" y="1992" width="57" height="47" />
      </word>
      <word id="g06-018j-07-06" tag="XNOT" text="not">
        <cmp x="1740" y="1984" width="62" height="53" />
        <cmp x="1803" y="1998" width="36" height="33" />
        <cmp x="1830" y="1964" width="57" height="75" />
      </word>
      <word id="g06-018j-07-07" tag="RB" text="yet">
        <cmp x="1916" y="1982" width="88" height="106" />
        <cmp x="2002" y="1982" width="44" height="42" />
        <cmp x="2030" y="1968" width="52" height="72" />
      </word>
      <upper-contour>
        <point x="333" y="1920" />
        <point x="2017" y="1920" />
      </upper-contour>
      <lower-contour>
        <point x="338" y="2111" />
        <point x="1088" y="2116" />
        <point x="1140" y="2116" />
      </lower-contour>
    </line>
    <line ass="-478" asx="0" asy="2112" character-width="999" dss="-478" dsx="0" dsy="2278" fd0="13996" fd1="3136" fd2="-73" filter-width="4" id="g06-018j-08" lbs="-305" lbx="0" lby="2200" segmentation="ok" slant="62000" stroke-width="6159" threshold="182" text="thought of a fire...." ubs="-826" ubx="0" uby="2159">
      <word id="g06-018j-08-00" tag="VBN" text="thought">
        <cmp x="340" y="2115" width="86" height="96" />
        <cmp x="431" y="2164" width="32" height="46" />
        <cmp x="471" y="2161" width="38" height="39" />
        <cmp x="473" y="2160" width="72" height="124" />
        <cmp x="548" y="2135" width="27" height="68" />
        <cmp x="580" y="2133" width="35" height="67" />
      </word>
      <word id="g06-018j-08-01" tag="INO" text="of">
        <cmp x="700" y="2172" width="37" height="47" />
        <cmp x="737" y="2149" width="43" height="58" />
      </word>
      <word id="g06-018j-08-02" tag="AT" text="a">
        <cmp x="881" y="2162" width="31" height="48" />
      </word>
      <word id="g06-018j-08-03" tag="NN" text="fire">
        <cmp x="943" y="2133" width="65" height="70" />
        <cmp x="1012" y="2167" width="34" height="35" />
        <cmp x="1027" y="2131" width="8" height="17" />
        <cmp x="1038" y="2171" width="67" height="36" />
      </word>
      <word id="g06-018j-08-04" tag="..." text="...">
        <cmp x="1134" y="2214" width="6" height="6" />
      </word>
      <word id="g06-018j-08-05" tag="." text="." />
      <upper-contour>
        <point x="338" y="2111" />
        <point x="1088" y="2116" />
        <point x="1140" y="2116" />
      </upper-contour>
    </line>
  </handwritten-part>
</form>

