<?xml version="1.0" encoding="ISO-8859-1"?>

<!DOCTYPE form SYSTEM 'http://www.iam.unibe.ch/~fki/iamdb/form-metadata.dtd'>

<form created="2002-01-18" height="3542" id="g06-037i" last-modified="2002-07-17" skew="-30" status="final" version="3.0_beta" width="2479" writer-id="340">
  <machine-printed-part>
    <machine-print-line text="God grant, however, that I may be a false prophet &amp;amp; that all may go well. Sir R. Peel" />
    <machine-print-line text="was here, I understand, but an express took him off yesterday.&apos;" />
    <machine-print-line text="While he was in Naples there had opened a new chapter in the history of Anglesey&apos;s" />
    <machine-print-line text="unceasing search for an effective alleviation of his painful malady. None of the numer-" />
    <machine-print-line text="ous conventional remedies to which he had been subjected ever since the symptoms" />
    <machine-print-line text="had first shown themselves seventeen years before had had the slightest effect." />
  </machine-printed-part>
  <handwritten-part>
    <line ass="-349" asx="0" asy="752" character-width="999" dss="-349" dsx="0" dsy="863" fd0="13749" fd1="3631" fd2="166" filter-width="4" id="g06-037i-00" lbs="-342" lbx="0" lby="816" segmentation="ok" slant="76000" stroke-width="5783" threshold="162" text="God grant, however, that I may be a false prophet" ubs="-362" ubx="0" uby="789">
      <word id="g06-037i-00-00" sentence-start="yes" tag="NP" text="God">
        <cmp x="350" y="760" width="57" height="62" />
        <cmp x="402" y="793" width="32" height="28" />
        <cmp x="435" y="765" width="53" height="54" />
      </word>
      <word id="g06-037i-00-01" tag="VB" text="grant">
        <cmp x="539" y="794" width="35" height="73" />
        <cmp x="579" y="799" width="58" height="26" />
        <cmp x="642" y="800" width="22" height="22" />
        <cmp x="674" y="771" width="22" height="48" />
      </word>
      <word id="g06-037i-00-02" tag="," text=",">
        <cmp x="692" y="822" width="15" height="24" />
      </word>
      <word id="g06-037i-00-03" tag="RB" text="however">
        <cmp x="776" y="770" width="33" height="53" />
        <cmp x="814" y="799" width="26" height="28" />
        <cmp x="841" y="800" width="32" height="25" />
        <cmp x="877" y="799" width="56" height="31" />
        <cmp x="931" y="806" width="48" height="27" />
      </word>
      <word id="g06-037i-00-04" tag="," text=",">
        <cmp x="986" y="829" width="10" height="15" />
      </word>
      <word id="g06-037i-00-05" tag="CS" text="that">
        <cmp x="1046" y="766" width="65" height="55" />
        <cmp x="1112" y="798" width="25" height="22" />
        <cmp x="1143" y="773" width="17" height="55" />
      </word>
      <word id="g06-037i-00-06" tag="PP1A" text="I">
        <cmp x="1236" y="772" width="16" height="53" />
      </word>
      <word id="g06-037i-00-07" tag="MD" text="may">
        <cmp x="1292" y="792" width="37" height="30" />
        <cmp x="1341" y="799" width="22" height="19" />
        <cmp x="1357" y="800" width="36" height="53" />
      </word>
      <word id="g06-037i-00-08" tag="BE" text="be">
        <cmp x="1448" y="771" width="25" height="42" />
        <cmp x="1473" y="794" width="26" height="22" />
      </word>
      <word id="g06-037i-00-09" tag="AT" text="a">
        <cmp x="1551" y="791" width="26" height="25" />
      </word>
      <word id="g06-037i-00-10" tag="JJ" text="false">
        <cmp x="1625" y="762" width="50" height="56" />
        <cmp x="1676" y="771" width="14" height="47" />
        <cmp x="1693" y="792" width="42" height="28" />
      </word>
      <word id="g06-037i-00-11" tag="NN" text="prophet">
        <cmp x="1819" y="796" width="35" height="56" />
        <cmp x="1858" y="804" width="50" height="22" />
        <cmp x="1906" y="799" width="33" height="49" />
        <cmp x="1942" y="782" width="24" height="48" />
        <cmp x="1969" y="806" width="22" height="22" />
        <cmp x="2002" y="783" width="23" height="50" />
      </word>
      <lower-contour>
        <point x="354" y="867" />
        <point x="2026" y="867" />
      </lower-contour>
    </line>
    <line ass="93" asx="0" asy="939" character-width="999" dss="93" dsx="0" dsy="1045" fd0="14213" fd1="3837" fd2="276" filter-width="4" id="g06-037i-01" lbs="85" lbx="0" lby="1004" segmentation="ok" slant="74000" stroke-width="5849" threshold="162" text="&amp;amp; that all may go well. Sir R. Peel was here, I understand," ubs="109" ubx="0" uby="976">
      <word id="g06-037i-01-00" tag="CC" text="&amp;">
        <cmp x="356" y="946" width="34" height="53" />
      </word>
      <word id="g06-037i-01-01" tag="CS" text="that">
        <cmp x="429" y="959" width="80" height="53" />
        <cmp x="514" y="959" width="14" height="40" />
      </word>
      <word id="g06-037i-01-02" tag="ABN" text="all">
        <cmp x="578" y="979" width="28" height="24" />
        <cmp x="609" y="956" width="20" height="48" />
        <cmp x="623" y="955" width="17" height="42" />
      </word>
      <word id="g06-037i-01-03" tag="MD" text="may">
        <cmp x="669" y="976" width="40" height="25" />
        <cmp x="719" y="977" width="43" height="56" />
      </word>
      <word id="g06-037i-01-04" tag="VB" text="go">
        <cmp x="795" y="979" width="26" height="64" />
        <cmp x="828" y="983" width="25" height="25" />
      </word>
      <word id="g06-037i-01-05" tag="RB" text="well">
        <cmp x="912" y="974" width="45" height="28" />
        <cmp x="959" y="972" width="27" height="29" />
        <cmp x="986" y="952" width="20" height="50" />
        <cmp x="999" y="958" width="16" height="38" />
      </word>
      <word id="g06-037i-01-06" tag="." text=".">
        <cmp x="1010" y="990" width="8" height="7" />
      </word>
      <word id="g06-037i-01-07" sentence-start="yes" tag="NPT" text="Sir">
        <cmp x="1090" y="962" width="46" height="43" />
        <cmp x="1127" y="984" width="11" height="20" />
        <cmp x="1146" y="982" width="28" height="19" />
        <cmp x="1148" y="959" width="11" height="11" />
      </word>
      <word id="g06-037i-01-08" tag="NP" text="R.">
        <cmp x="1228" y="952" width="54" height="55" />
        <cmp x="1283" y="998" width="6" height="7" />
      </word>
      <word id="g06-037i-01-09" tag="NP" text="Peel">
        <cmp x="1325" y="955" width="52" height="53" />
        <cmp x="1362" y="983" width="25" height="27" />
        <cmp x="1386" y="983" width="26" height="24" />
        <cmp x="1417" y="962" width="18" height="58" />
      </word>
      <word id="g06-037i-01-10" tag="BEDZ" text="was">
        <cmp x="1482" y="965" width="51" height="37" />
        <cmp x="1523" y="982" width="26" height="20" />
        <cmp x="1556" y="976" width="36" height="27" />
      </word>
      <word id="g06-037i-01-11" tag="RN" text="here">
        <cmp x="1656" y="951" width="27" height="54" />
        <cmp x="1686" y="974" width="50" height="29" />
        <cmp x="1740" y="977" width="25" height="25" />
      </word>
      <word id="g06-037i-01-12" tag="," text=",">
        <cmp x="1776" y="1005" width="10" height="21" />
      </word>
      <word id="g06-037i-01-13" tag="PP1A" text="I">
        <cmp x="1819" y="938" width="14" height="56" />
      </word>
      <word id="g06-037i-01-14" tag="VB" text="understand">
        <cmp x="1884" y="973" width="55" height="24" />
        <cmp x="1945" y="949" width="48" height="52" />
        <cmp x="1989" y="972" width="54" height="28" />
        <cmp x="2044" y="970" width="34" height="26" />
        <cmp x="2079" y="949" width="26" height="48" />
        <cmp x="2105" y="976" width="25" height="28" />
        <cmp x="2132" y="975" width="30" height="23" />
        <cmp x="2171" y="958" width="48" height="46" />
      </word>
      <word id="g06-037i-01-15" tag="," text=",">
        <cmp x="2208" y="1001" width="19" height="31" />
      </word>
      <upper-contour>
        <point x="354" y="867" />
        <point x="2026" y="867" />
      </upper-contour>
      <lower-contour>
        <point x="354" y="1044" />
        <point x="1659" y="1044" />
      </lower-contour>
    </line>
    <line ass="275" asx="0" asy="1124" character-width="999" dss="275" dsx="0" dsy="1215" fd0="14018" fd1="3215" fd2="197" filter-width="4" id="g06-037i-02" lbs="269" lbx="0" lby="1184" segmentation="ok" slant="79000" stroke-width="5886" threshold="162" text="but an express took him off yesterday.&apos;" ubs="287" ubx="0" uby="1156">
      <word id="g06-037i-02-00" tag="CC" text="but">
        <cmp x="345" y="1123" width="71" height="48" />
      </word>
      <word id="g06-037i-02-01" tag="AT" text="an">
        <cmp x="458" y="1156" width="26" height="31" />
        <cmp x="489" y="1165" width="26" height="27" />
      </word>
      <word id="g06-037i-02-02" tag="NN" text="express">
        <cmp x="575" y="1161" width="32" height="32" />
        <cmp x="611" y="1161" width="23" height="28" />
        <cmp x="640" y="1165" width="26" height="44" />
        <cmp x="679" y="1163" width="30" height="19" />
        <cmp x="706" y="1158" width="30" height="29" />
        <cmp x="738" y="1156" width="34" height="29" />
        <cmp x="760" y="1155" width="38" height="26" />
      </word>
      <word id="g06-037i-02-03" tag="VBD" text="took">
        <cmp x="875" y="1130" width="50" height="50" />
        <cmp x="929" y="1153" width="20" height="25" />
        <cmp x="958" y="1133" width="27" height="46" />
      </word>
      <word id="g06-037i-02-04" tag="PP3O" text="him">
        <cmp x="1056" y="1133" width="27" height="41" />
        <cmp x="1086" y="1153" width="9" height="26" />
        <cmp x="1099" y="1135" width="12" height="13" />
        <cmp x="1106" y="1158" width="35" height="19" />
      </word>
      <word id="g06-037i-02-05" tag="RP" text="off">
        <cmp x="1201" y="1149" width="25" height="31" />
        <cmp x="1236" y="1129" width="45" height="52" />
      </word>
      <word id="g06-037i-02-06" tag="NR" text="yesterday">
        <cmp x="1351" y="1151" width="32" height="51" />
        <cmp x="1385" y="1148" width="33" height="28" />
        <cmp x="1421" y="1149" width="25" height="22" />
        <cmp x="1449" y="1129" width="15" height="41" />
        <cmp x="1475" y="1150" width="52" height="26" />
        <cmp x="1526" y="1136" width="60" height="48" />
        <cmp x="1588" y="1167" width="24" height="41" />
      </word>
      <word id="g06-037i-02-07" tag="." text=".">
        <cmp x="1625" y="1176" width="7" height="8" />
      </word>
      <word id="g06-037i-02-08" tag="**&apos;" text="&apos;">
        <cmp x="1650" y="1123" width="8" height="18" />
      </word>
      <upper-contour>
        <point x="354" y="1044" />
        <point x="1659" y="1044" />
      </upper-contour>
      <lower-contour>
        <point x="359" y="1209" />
        <point x="1659" y="1209" />
      </lower-contour>
    </line>
    <line ass="-405" asx="0" asy="1284" character-width="999" dss="-405" dsx="0" dsy="1377" fd0="13587" fd1="3661" fd2="173" filter-width="4" id="g06-037i-03" lbs="-384" lbx="0" lby="1346" segmentation="ok" slant="79000" stroke-width="5916" threshold="162" text="While he was in Naples there had opened a new chapter" ubs="-447" ubx="0" uby="1320">
      <word id="g06-037i-03-00" sentence-start="yes" tag="CS" text="While">
        <cmp x="361" y="1293" width="60" height="51" />
        <cmp x="428" y="1320" width="6" height="25" />
        <cmp x="433" y="1294" width="12" height="17" />
        <cmp x="445" y="1301" width="14" height="51" />
        <cmp x="458" y="1321" width="22" height="26" />
      </word>
      <word id="g06-037i-03-01" tag="PP3A" text="he">
        <cmp x="539" y="1307" width="29" height="45" />
        <cmp x="570" y="1327" width="27" height="22" />
      </word>
      <word id="g06-037i-03-02" tag="BEDZ" text="was">
        <cmp x="637" y="1323" width="48" height="36" />
        <cmp x="684" y="1334" width="20" height="21" />
        <cmp x="711" y="1332" width="34" height="26" />
      </word>
      <word id="g06-037i-03-03" tag="IN" text="in">
        <cmp x="826" y="1327" width="10" height="32" />
        <cmp x="840" y="1304" width="12" height="18" />
        <cmp x="840" y="1336" width="29" height="21" />
      </word>
      <word id="g06-037i-03-04" tag="NP" text="Naples">
        <cmp x="928" y="1299" width="38" height="50" />
        <cmp x="965" y="1329" width="19" height="17" />
        <cmp x="984" y="1328" width="26" height="49" />
        <cmp x="1017" y="1308" width="12" height="48" />
        <cmp x="1025" y="1328" width="54" height="29" />
      </word>
      <word id="g06-037i-03-05" tag="EX" text="there">
        <cmp x="1132" y="1302" width="27" height="59" />
        <cmp x="1161" y="1307" width="24" height="53" />
        <cmp x="1191" y="1328" width="44" height="31" />
        <cmp x="1240" y="1331" width="24" height="22" />
      </word>
      <word id="g06-037i-03-06" tag="HVD" text="had">
        <cmp x="1324" y="1302" width="27" height="46" />
        <cmp x="1357" y="1328" width="20" height="24" />
        <cmp x="1382" y="1293" width="52" height="61" />
      </word>
      <word id="g06-037i-03-07" tag="VBN" text="opened">
        <cmp x="1485" y="1328" width="25" height="29" />
        <cmp x="1515" y="1335" width="32" height="53" />
        <cmp x="1553" y="1333" width="47" height="28" />
        <cmp x="1607" y="1312" width="62" height="49" />
      </word>
      <word id="g06-037i-03-08" tag="AT" text="a">
        <cmp x="1705" y="1334" width="28" height="21" />
      </word>
      <word id="g06-037i-03-09" tag="JJ" text="new">
        <cmp x="1785" y="1333" width="29" height="28" />
        <cmp x="1818" y="1335" width="61" height="26" />
      </word>
      <word id="g06-037i-03-10" tag="NN" text="chapter">
        <cmp x="1934" y="1328" width="33" height="35" />
        <cmp x="1970" y="1306" width="24" height="55" />
        <cmp x="2000" y="1340" width="23" height="20" />
        <cmp x="2025" y="1338" width="27" height="50" />
        <cmp x="2060" y="1313" width="56" height="52" />
      </word>
      <upper-contour>
        <point x="359" y="1209" />
        <point x="1659" y="1209" />
      </upper-contour>
      <lower-contour>
        <point x="359" y="1388" />
        <point x="2110" y="1388" />
      </lower-contour>
    </line>
    <line ass="76" asx="0" asy="1482" character-width="999" dss="76" dsx="0" dsy="1584" fd0="13951" fd1="3191" fd2="73" filter-width="4" id="g06-037i-04" lbs="168" lbx="0" lby="1543" segmentation="ok" slant="80000" stroke-width="5802" threshold="162" text="in the history of Anglesey&apos;s unceasing search for an" ubs="-107" ubx="0" uby="1511">
      <word id="g06-037i-04-00" tag="IN" text="in">
        <cmp x="359" y="1504" width="9" height="38" />
        <cmp x="367" y="1483" width="15" height="15" />
        <cmp x="372" y="1513" width="29" height="24" />
      </word>
      <word id="g06-037i-04-01" tag="ATI" text="the">
        <cmp x="469" y="1490" width="23" height="47" />
        <cmp x="495" y="1490" width="28" height="50" />
        <cmp x="526" y="1509" width="25" height="26" />
      </word>
      <word id="g06-037i-04-02" tag="NN" text="history">
        <cmp x="619" y="1484" width="26" height="52" />
        <cmp x="650" y="1513" width="10" height="23" />
        <cmp x="660" y="1491" width="14" height="14" />
        <cmp x="670" y="1507" width="28" height="29" />
        <cmp x="699" y="1490" width="42" height="52" />
        <cmp x="746" y="1522" width="18" height="12" />
        <cmp x="749" y="1513" width="44" height="55" />
      </word>
      <word id="g06-037i-04-03" tag="INO" text="of">
        <cmp x="853" y="1507" width="26" height="28" />
        <cmp x="881" y="1491" width="16" height="48" />
      </word>
      <word id="g06-037i-04-04" tag="NP$" text="Anglesey&apos;s">
        <cmp x="977" y="1488" width="66" height="59" />
        <cmp x="1041" y="1526" width="24" height="55" />
        <cmp x="1071" y="1512" width="13" height="40" />
        <cmp x="1097" y="1522" width="26" height="27" />
        <cmp x="1131" y="1522" width="39" height="26" />
        <cmp x="1161" y="1526" width="35" height="44" />
        <cmp x="1214" y="1492" width="11" height="20" />
        <cmp x="1218" y="1517" width="28" height="27" />
      </word>
      <word id="g06-037i-04-05" tag="JJ" text="unceasing">
        <cmp x="1317" y="1514" width="66" height="29" />
        <cmp x="1402" y="1514" width="78" height="37" />
        <cmp x="1505" y="1517" width="40" height="27" />
        <cmp x="1555" y="1496" width="14" height="14" />
        <cmp x="1561" y="1516" width="26" height="27" />
        <cmp x="1576" y="1519" width="33" height="63" />
      </word>
      <word id="g06-037i-04-06" tag="NN" text="search">
        <cmp x="1682" y="1509" width="27" height="31" />
        <cmp x="1709" y="1512" width="29" height="26" />
        <cmp x="1742" y="1516" width="19" height="22" />
        <cmp x="1765" y="1519" width="26" height="16" />
        <cmp x="1793" y="1514" width="20" height="24" />
        <cmp x="1823" y="1489" width="21" height="45" />
      </word>
      <word id="g06-037i-04-07" tag="IN" text="for">
        <cmp x="1917" y="1483" width="43" height="59" />
        <cmp x="1966" y="1519" width="27" height="16" />
      </word>
      <word id="g06-037i-04-08" tag="AT" text="an">
        <cmp x="2058" y="1512" width="51" height="27" />
      </word>
      <upper-contour>
        <point x="359" y="1388" />
        <point x="2110" y="1388" />
      </upper-contour>
      <lower-contour>
        <point x="357" y="1582" />
        <point x="2110" y="1582" />
      </lower-contour>
    </line>
    <line ass="314" asx="0" asy="1667" character-width="999" dss="314" dsx="0" dsy="1759" fd0="13823" fd1="3045" fd2="-426" filter-width="4" id="g06-037i-05" lbs="251" lbx="0" lby="1723" segmentation="ok" slant="78000" stroke-width="5904" threshold="162" text="effective alleviation of his painful malady. None of the" ubs="440" ubx="0" uby="1703">
      <word id="g06-037i-05-00" tag="JJ" text="effective">
        <cmp x="346" y="1665" width="74" height="60" />
        <cmp x="416" y="1678" width="78" height="50" />
        <cmp x="493" y="1702" width="13" height="24" />
        <cmp x="508" y="1682" width="14" height="14" />
        <cmp x="516" y="1704" width="27" height="21" />
        <cmp x="545" y="1700" width="21" height="18" />
      </word>
      <word id="g06-037i-05-01" tag="NN" text="alleviation">
        <cmp x="637" y="1698" width="28" height="27" />
        <cmp x="675" y="1676" width="23" height="53" />
        <cmp x="690" y="1686" width="13" height="42" />
        <cmp x="700" y="1704" width="54" height="29" />
        <cmp x="755" y="1707" width="10" height="23" />
        <cmp x="763" y="1683" width="16" height="11" />
        <cmp x="767" y="1710" width="29" height="19" />
        <cmp x="803" y="1681" width="25" height="46" />
        <cmp x="833" y="1704" width="11" height="24" />
        <cmp x="843" y="1678" width="12" height="16" />
        <cmp x="852" y="1701" width="25" height="23" />
        <cmp x="883" y="1699" width="24" height="18" />
      </word>
      <word id="g06-037i-05-02" tag="INO" text="of">
        <cmp x="978" y="1698" width="28" height="25" />
        <cmp x="1010" y="1671" width="22" height="53" />
      </word>
      <word id="g06-037i-05-03" tag="PP$" text="his">
        <cmp x="1114" y="1674" width="24" height="48" />
        <cmp x="1142" y="1691" width="9" height="24" />
        <cmp x="1147" y="1671" width="14" height="19" />
        <cmp x="1159" y="1689" width="30" height="27" />
      </word>
      <word id="g06-037i-05-04" tag="JJ" text="painful">
        <cmp x="1243" y="1693" width="41" height="60" />
        <cmp x="1289" y="1696" width="25" height="24" />
        <cmp x="1320" y="1693" width="8" height="22" />
        <cmp x="1329" y="1664" width="13" height="17" />
        <cmp x="1332" y="1691" width="31" height="24" />
        <cmp x="1375" y="1668" width="46" height="50" />
        <cmp x="1428" y="1671" width="10" height="45" />
      </word>
      <word id="g06-037i-05-05" tag="NN" text="malady">
        <cmp x="1508" y="1691" width="47" height="24" />
        <cmp x="1562" y="1692" width="26" height="22" />
        <cmp x="1600" y="1662" width="16" height="53" />
        <cmp x="1613" y="1693" width="21" height="20" />
        <cmp x="1643" y="1667" width="45" height="50" />
        <cmp x="1671" y="1700" width="31" height="49" />
      </word>
      <word id="g06-037i-05-06" tag="." text=".">
        <cmp x="1708" y="1721" width="8" height="10" />
      </word>
      <word id="g06-037i-05-07" sentence-start="yes" tag="PN" text="None">
        <cmp x="1782" y="1662" width="36" height="49" />
        <cmp x="1823" y="1689" width="47" height="25" />
        <cmp x="1872" y="1689" width="26" height="23" />
      </word>
      <word id="g06-037i-05-08" tag="INO" text="of">
        <cmp x="1956" y="1691" width="27" height="24" />
        <cmp x="1998" y="1665" width="20" height="53" />
      </word>
      <word id="g06-037i-05-09" tag="ATI" text="the">
        <cmp x="2077" y="1663" width="75" height="53" />
      </word>
      <upper-contour>
        <point x="357" y="1582" />
        <point x="2110" y="1582" />
      </upper-contour>
      <lower-contour>
        <point x="350" y="1753" />
        <point x="2117" y="1753" />
      </lower-contour>
    </line>
    <line ass="120" asx="0" asy="1850" character-width="999" dss="120" dsx="0" dsy="1907" fd0="14071" fd1="3204" fd2="-261" filter-width="4" id="g06-037i-06" lbs="121" lbx="0" lby="1901" segmentation="ok" slant="81000" stroke-width="5978" threshold="162" text="numerous conventional remedies to which he had been" ubs="120" ubx="0" uby="1876">
      <word id="g06-037i-06-00" tag="JJ" text="numerous">
        <cmp x="352" y="1857" width="24" height="43" />
        <cmp x="381" y="1869" width="32" height="29" />
        <cmp x="418" y="1865" width="36" height="32" />
        <cmp x="458" y="1869" width="43" height="30" />
        <cmp x="505" y="1879" width="21" height="23" />
        <cmp x="532" y="1874" width="31" height="27" />
        <cmp x="567" y="1874" width="23" height="26" />
      </word>
      <word id="g06-037i-06-01" tag="JJ" text="conventional">
        <cmp x="677" y="1873" width="53" height="32" />
        <cmp x="734" y="1880" width="27" height="22" />
        <cmp x="768" y="1878" width="29" height="23" />
        <cmp x="796" y="1872" width="54" height="31" />
        <cmp x="855" y="1851" width="17" height="47" />
        <cmp x="876" y="1878" width="8" height="21" />
        <cmp x="885" y="1854" width="21" height="13" />
        <cmp x="891" y="1878" width="28" height="27" />
        <cmp x="925" y="1881" width="27" height="20" />
        <cmp x="958" y="1880" width="20" height="25" />
        <cmp x="991" y="1860" width="13" height="38" />
      </word>
      <word id="g06-037i-06-02" tag="NNS" text="remedies">
        <cmp x="1055" y="1870" width="30" height="20" />
        <cmp x="1090" y="1873" width="27" height="26" />
        <cmp x="1121" y="1872" width="41" height="23" />
        <cmp x="1170" y="1866" width="28" height="33" />
        <cmp x="1199" y="1850" width="45" height="48" />
        <cmp x="1238" y="1871" width="11" height="20" />
        <cmp x="1254" y="1854" width="9" height="15" />
        <cmp x="1258" y="1870" width="30" height="31" />
        <cmp x="1286" y="1876" width="34" height="26" />
      </word>
      <word id="g06-037i-06-03" tag="IN" text="to">
        <cmp x="1398" y="1848" width="49" height="52" />
      </word>
      <word id="g06-037i-06-04" tag="WDT" text="which">
        <cmp x="1512" y="1869" width="33" height="27" />
        <cmp x="1553" y="1852" width="26" height="45" />
        <cmp x="1582" y="1875" width="9" height="24" />
        <cmp x="1596" y="1856" width="10" height="10" />
        <cmp x="1602" y="1877" width="20" height="22" />
        <cmp x="1626" y="1850" width="17" height="53" />
      </word>
      <word id="g06-037i-06-05" tag="PP3A" text="he">
        <cmp x="1711" y="1854" width="26" height="49" />
        <cmp x="1745" y="1875" width="27" height="21" />
      </word>
      <word id="g06-037i-06-06" tag="HVD" text="had">
        <cmp x="1848" y="1852" width="97" height="48" />
      </word>
      <word id="g06-037i-06-07" tag="BEN" text="been">
        <cmp x="2010" y="1847" width="29" height="48" />
        <cmp x="2041" y="1871" width="21" height="22" />
        <cmp x="2067" y="1871" width="25" height="25" />
        <cmp x="2095" y="1870" width="21" height="32" />
      </word>
      <upper-contour>
        <point x="350" y="1753" />
        <point x="2117" y="1753" />
      </upper-contour>
      <lower-contour>
        <point x="354" y="1905" />
        <point x="2109" y="1905" />
      </lower-contour>
    </line>
    <line ass="-46" asx="0" asy="2020" character-width="999" dss="-46" dsx="0" dsy="2115" fd0="13739" fd1="2920" fd2="-472" filter-width="4" id="g06-037i-07" lbs="-60" lbx="0" lby="2078" segmentation="ok" slant="78000" stroke-width="5906" threshold="162" text="subjected ever since the symptoms had first shown" ubs="-17" ubx="0" uby="2050">
      <word id="g06-037i-07-00" tag="VBN" text="subjected">
        <cmp x="356" y="2047" width="45" height="41" />
        <cmp x="389" y="2057" width="32" height="24" />
        <cmp x="416" y="2022" width="30" height="54" />
        <cmp x="447" y="2056" width="20" height="57" />
        <cmp x="457" y="2038" width="9" height="15" />
        <cmp x="472" y="2058" width="20" height="24" />
        <cmp x="492" y="2022" width="47" height="62" />
        <cmp x="542" y="2037" width="67" height="47" />
      </word>
      <word id="g06-037i-07-01" tag="RB" text="ever">
        <cmp x="658" y="2053" width="26" height="33" />
        <cmp x="686" y="2053" width="31" height="33" />
        <cmp x="717" y="2052" width="43" height="33" />
      </word>
      <word id="g06-037i-07-02" tag="CS" text="since">
        <cmp x="845" y="2045" width="48" height="32" />
        <cmp x="893" y="2056" width="26" height="25" />
        <cmp x="895" y="2028" width="17" height="15" />
        <cmp x="932" y="2053" width="22" height="25" />
        <cmp x="952" y="2055" width="22" height="24" />
      </word>
      <word id="g06-037i-07-03" tag="ATI" text="the">
        <cmp x="1049" y="2030" width="26" height="47" />
        <cmp x="1078" y="2022" width="53" height="53" />
      </word>
      <word id="g06-037i-07-04" tag="NNS" text="symptoms">
        <cmp x="1217" y="2038" width="95" height="79" />
        <cmp x="1314" y="2052" width="31" height="56" />
        <cmp x="1347" y="2024" width="24" height="58" />
        <cmp x="1381" y="2056" width="27" height="27" />
        <cmp x="1417" y="2052" width="43" height="25" />
        <cmp x="1468" y="2048" width="36" height="34" />
      </word>
      <word id="g06-037i-07-05" tag="HVD" text="had">
        <cmp x="1585" y="2023" width="28" height="59" />
        <cmp x="1612" y="2026" width="79" height="56" />
      </word>
      <word id="g06-037i-07-06" tag="RB" text="first">
        <cmp x="1756" y="2022" width="40" height="67" />
        <cmp x="1798" y="2033" width="13" height="14" />
        <cmp x="1801" y="2059" width="31" height="19" />
        <cmp x="1832" y="2054" width="25" height="29" />
        <cmp x="1861" y="2042" width="15" height="45" />
      </word>
      <word id="g06-037i-07-07" tag="VBN" text="shown">
        <cmp x="1968" y="2022" width="53" height="60" />
        <cmp x="2026" y="2055" width="24" height="24" />
        <cmp x="2051" y="2046" width="29" height="36" />
        <cmp x="2084" y="2050" width="24" height="29" />
      </word>
      <upper-contour>
        <point x="354" y="1905" />
        <point x="2109" y="1905" />
      </upper-contour>
      <lower-contour>
        <point x="354" y="2117" />
        <point x="1897" y="2117" />
      </lower-contour>
    </line>
    <line ass="318" asx="0" asy="2195" character-width="999" dss="318" dsx="0" dsy="2300" fd0="13331" fd1="3187" fd2="-422" filter-width="4" id="g06-037i-08" lbs="345" lbx="0" lby="2260" segmentation="ok" slant="77000" stroke-width="6051" threshold="162" text="themselves seventeen years before had had the" ubs="264" ubx="0" uby="2230">
      <word id="g06-037i-08-00" tag="PPLS" text="themselves">
        <cmp x="346" y="2197" width="32" height="53" />
        <cmp x="377" y="2194" width="22" height="56" />
        <cmp x="401" y="2222" width="125" height="34" />
        <cmp x="525" y="2201" width="46" height="56" />
        <cmp x="562" y="2233" width="29" height="29" />
        <cmp x="590" y="2235" width="29" height="30" />
      </word>
      <word id="g06-037i-08-01" tag="CD" text="seventeen">
        <cmp x="706" y="2232" width="57" height="30" />
        <cmp x="764" y="2230" width="32" height="25" />
        <cmp x="792" y="2227" width="56" height="31" />
        <cmp x="851" y="2202" width="22" height="52" />
        <cmp x="876" y="2228" width="73" height="30" />
      </word>
      <word id="g06-037i-08-02" tag="NNS" text="years">
        <cmp x="999" y="2233" width="32" height="62" />
        <cmp x="1035" y="2235" width="29" height="27" />
        <cmp x="1067" y="2233" width="22" height="27" />
        <cmp x="1090" y="2235" width="27" height="16" />
        <cmp x="1118" y="2226" width="36" height="23" />
      </word>
      <word id="g06-037i-08-03" tag="RI" text="before">
        <cmp x="1238" y="2195" width="112" height="57" />
        <cmp x="1351" y="2232" width="25" height="19" />
        <cmp x="1379" y="2225" width="25" height="28" />
      </word>
      <word id="g06-037i-08-04" tag="HVD" text="had">
        <cmp x="1489" y="2198" width="32" height="49" />
        <cmp x="1527" y="2223" width="24" height="24" />
        <cmp x="1553" y="2194" width="48" height="57" />
      </word>
      <word id="g06-037i-08-05" tag="HVN" text="had">
        <cmp x="1647" y="2194" width="34" height="54" />
        <cmp x="1683" y="2225" width="22" height="21" />
        <cmp x="1711" y="2203" width="41" height="48" />
      </word>
      <word id="g06-037i-08-06" tag="ATI" text="the">
        <cmp x="1824" y="2201" width="23" height="48" />
        <cmp x="1850" y="2198" width="19" height="52" />
        <cmp x="1874" y="2225" width="22" height="26" />
      </word>
      <upper-contour>
        <point x="354" y="2117" />
        <point x="1897" y="2117" />
      </upper-contour>
      <lower-contour>
        <point x="354" y="2266" />
        <point x="833" y="2266" />
      </lower-contour>
    </line>
    <line ass="-1019" asx="0" asy="2360" character-width="999" dss="-1019" dsx="0" dsy="2465" fd0="13091" fd1="2905" fd2="-1347" filter-width="4" id="g06-037i-09" lbs="-528" lbx="0" lby="2427" segmentation="ok" slant="81000" stroke-width="5788" threshold="162" text="slightest effect." ubs="-2001" ubx="0" uby="2379">
      <word id="g06-037i-09-00" tag="JJT" text="slightest">
        <cmp x="356" y="2374" width="53" height="57" />
        <cmp x="404" y="2407" width="17" height="22" />
        <cmp x="417" y="2383" width="18" height="17" />
        <cmp x="419" y="2410" width="29" height="63" />
        <cmp x="450" y="2392" width="27" height="45" />
        <cmp x="482" y="2386" width="23" height="43" />
        <cmp x="506" y="2405" width="37" height="30" />
        <cmp x="545" y="2404" width="31" height="28" />
        <cmp x="576" y="2382" width="17" height="46" />
      </word>
      <word id="g06-037i-09-01" tag="NN" text="effect">
        <cmp x="654" y="2401" width="39" height="36" />
        <cmp x="692" y="2373" width="46" height="65" />
        <cmp x="746" y="2379" width="74" height="59" />
      </word>
      <word id="g06-037i-09-02" tag="." text=".">
        <cmp x="826" y="2422" width="7" height="7" />
      </word>
      <upper-contour>
        <point x="354" y="2266" />
        <point x="833" y="2266" />
      </upper-contour>
    </line>
  </handwritten-part>
</form>

