<?xml version="1.0" encoding="ISO-8859-1"?>

<!DOCTYPE form SYSTEM 'http://www.iam.unibe.ch/~fki/iamdb/form-metadata.dtd'>

<form created="2002-01-19" height="3542" id="g06-011h" last-modified="2002-07-17" skew="63" status="final" version="3.0_beta" width="2479" writer-id="339">
  <machine-printed-part>
    <machine-print-line text="By the end of the month he still delighted in Naples. He told Cloncurry that he" />
    <machine-print-line text="enjoyed it as much as his health permitted him to enjoy anything. &apos;The Pearl&apos;, he" />
    <machine-print-line text="wrote, &apos;is arrived, which is a great resource. Vesuvius seems to be tired; he is going" />
    <machine-print-line text="out fast.... What a gay, lively people, and what a busy town. At Rome, every other" />
    <machine-print-line text="man was a priest: here the priest is 1superceded by the soldier - a favourable change" />
    <machine-print-line text="in my eye, particularly as the troops are very fine.&apos;" />
  </machine-printed-part>
  <handwritten-part>
    <line ass="-5" asx="0" asy="770" character-width="999" dss="-5" dsx="0" dsy="875" fd0="13017" fd1="3624" fd2="-221" filter-width="3" id="g06-011h-00" lbs="-13" lbx="0" lby="835" segmentation="ok" slant="90000" stroke-width="5583" threshold="179" text="By the end of the month he still delighted in Naples." ubs="10" ubx="0" uby="805">
      <word id="g06-011h-00-00" sentence-start="yes" tag="IN" text="By">
        <cmp x="341" y="780" width="50" height="57" />
        <cmp x="387" y="807" width="38" height="65" />
      </word>
      <word id="g06-011h-00-01" tag="ATI" text="the">
        <cmp x="467" y="779" width="104" height="60" />
      </word>
      <word id="g06-011h-00-02" tag="NN" text="end">
        <cmp x="611" y="797" width="112" height="45" />
      </word>
      <word id="g06-011h-00-03" tag="INO" text="of">
        <cmp x="765" y="806" width="32" height="30" />
        <cmp x="806" y="789" width="24" height="74" />
        <cmp x="810" y="783" width="6" height="5" />
        <cmp x="831" y="819" width="3" height="3" />
      </word>
      <word id="g06-011h-00-04" tag="ATI" text="the">
        <cmp x="866" y="783" width="108" height="54" />
      </word>
      <word id="g06-011h-00-05" tag="NN" text="month">
        <cmp x="1032" y="806" width="95" height="30" />
        <cmp x="1129" y="811" width="43" height="21" />
        <cmp x="1184" y="783" width="53" height="51" />
      </word>
      <word id="g06-011h-00-06" tag="PP3A" text="he">
        <cmp x="1285" y="790" width="61" height="46" />
      </word>
      <word id="g06-011h-00-07" tag="RB" text="still">
        <cmp x="1404" y="807" width="29" height="30" />
        <cmp x="1439" y="793" width="33" height="42" />
        <cmp x="1467" y="777" width="9" height="23" />
        <cmp x="1477" y="788" width="8" height="53" />
        <cmp x="1486" y="783" width="18" height="69" />
      </word>
      <word id="g06-011h-00-08" tag="VBD" text="delighted">
        <cmp x="1546" y="774" width="63" height="64" />
        <cmp x="1612" y="780" width="17" height="49" />
        <cmp x="1630" y="803" width="6" height="30" />
        <cmp x="1637" y="780" width="10" height="12" />
        <cmp x="1643" y="811" width="27" height="65" />
        <cmp x="1648" y="850" width="4" height="12" />
        <cmp x="1676" y="785" width="34" height="56" />
        <cmp x="1704" y="791" width="92" height="60" />
      </word>
      <word id="g06-011h-00-09" tag="IN" text="in">
        <cmp x="1854" y="780" width="5" height="6" />
        <cmp x="1858" y="806" width="8" height="26" />
        <cmp x="1873" y="809" width="33" height="28" />
      </word>
      <word id="g06-011h-00-10" tag="NP" text="Naples">
        <cmp x="1964" y="771" width="64" height="64" />
        <cmp x="2035" y="783" width="64" height="68" />
        <cmp x="2103" y="804" width="18" height="40" />
        <cmp x="2121" y="801" width="4" height="3" />
      </word>
      <word id="g06-011h-00-11" tag="." text=".">
        <cmp x="2135" y="832" width="11" height="13" />
      </word>
      <lower-contour>
        <point x="339" y="876" />
        <point x="2059" y="876" />
      </lower-contour>
    </line>
    <line ass="-266" asx="0" asy="937" character-width="999" dss="-266" dsx="0" dsy="1064" fd0="13779" fd1="2965" fd2="-513" filter-width="3" id="g06-011h-01" lbs="-217" lbx="0" lby="1013" segmentation="ok" slant="90000" stroke-width="5572" threshold="179" text="He told Cloncurry that he enjoyed it as much as" ubs="-363" ubx="0" uby="976">
      <word id="g06-011h-01-00" sentence-start="yes" tag="PP3A" text="He">
        <cmp x="333" y="945" width="77" height="86" />
        <cmp x="406" y="1010" width="15" height="7" />
      </word>
      <word id="g06-011h-01-01" tag="VBD" text="told">
        <cmp x="466" y="968" width="69" height="47" />
        <cmp x="540" y="955" width="55" height="59" />
      </word>
      <word id="g06-011h-01-02" tag="NP" text="Cloncurry">
        <cmp x="678" y="943" width="40" height="63" />
        <cmp x="709" y="942" width="32" height="64" />
        <cmp x="726" y="970" width="26" height="38" />
        <cmp x="766" y="973" width="42" height="44" />
        <cmp x="815" y="978" width="27" height="35" />
        <cmp x="843" y="988" width="29" height="32" />
        <cmp x="886" y="977" width="27" height="40" />
        <cmp x="915" y="983" width="50" height="65" />
      </word>
      <word id="g06-011h-01-03" tag="CS" text="that">
        <cmp x="1039" y="951" width="90" height="68" />
        <cmp x="1134" y="965" width="17" height="49" />
      </word>
      <word id="g06-011h-01-04" tag="PP3A" text="he">
        <cmp x="1193" y="966" width="73" height="48" />
      </word>
      <word id="g06-011h-01-05" tag="VBD" text="enjoyed">
        <cmp x="1305" y="977" width="72" height="41" />
        <cmp x="1356" y="1037" width="3" height="10" />
        <cmp x="1356" y="988" width="38" height="83" />
        <cmp x="1390" y="957" width="6" height="10" />
        <cmp x="1403" y="985" width="27" height="29" />
        <cmp x="1432" y="984" width="33" height="56" />
        <cmp x="1468" y="965" width="67" height="55" />
      </word>
      <word id="g06-011h-01-06" tag="PP3" text="it">
        <cmp x="1579" y="973" width="7" height="5" />
        <cmp x="1582" y="993" width="9" height="37" />
        <cmp x="1598" y="971" width="28" height="46" />
      </word>
      <word id="g06-011h-01-07" tag="QL" text="as">
        <cmp x="1666" y="983" width="50" height="45" />
      </word>
      <word id="g06-011h-01-08" tag="RB" text="much">
        <cmp x="1763" y="991" width="111" height="28" />
        <cmp x="1878" y="986" width="26" height="33" />
        <cmp x="1905" y="966" width="42" height="54" />
      </word>
      <word id="g06-011h-01-09" tag="CS" text="as">
        <cmp x="1991" y="984" width="67" height="38" />
      </word>
      <upper-contour>
        <point x="339" y="876" />
        <point x="2059" y="876" />
      </upper-contour>
      <lower-contour>
        <point x="331" y="1071" />
        <point x="2046" y="1071" />
      </lower-contour>
    </line>
    <line ass="250" asx="0" asy="1136" character-width="999" dss="250" dsx="0" dsy="1270" fd0="13557" fd1="3012" fd2="-524" filter-width="3" id="g06-011h-02" lbs="265" lbx="0" lby="1200" segmentation="ok" slant="90000" stroke-width="5489" threshold="181" text="his health permitted him to enjoy anything. &apos;The" ubs="220" ubx="0" uby="1169">
      <word id="g06-011h-02-00" tag="PP$" text="his">
        <cmp x="325" y="1145" width="37" height="54" />
        <cmp x="365" y="1147" width="9" height="18" />
        <cmp x="366" y="1170" width="8" height="27" />
        <cmp x="376" y="1191" width="12" height="4" />
        <cmp x="388" y="1165" width="17" height="33" />
      </word>
      <word id="g06-011h-02-01" tag="NN" text="health">
        <cmp x="476" y="1156" width="99" height="39" />
        <cmp x="580" y="1137" width="17" height="63" />
        <cmp x="606" y="1142" width="64" height="65" />
      </word>
      <word id="g06-011h-02-02" tag="VBD" text="permitted">
        <cmp x="748" y="1162" width="125" height="60" />
        <cmp x="875" y="1170" width="11" height="30" />
        <cmp x="876" y="1139" width="5" height="7" />
        <cmp x="892" y="1152" width="13" height="42" />
        <cmp x="908" y="1152" width="44" height="49" />
        <cmp x="956" y="1170" width="14" height="21" />
        <cmp x="970" y="1153" width="18" height="52" />
      </word>
      <word id="g06-011h-02-03" tag="PP3O" text="him">
        <cmp x="1042" y="1143" width="38" height="48" />
        <cmp x="1086" y="1144" width="5" height="6" />
        <cmp x="1088" y="1169" width="6" height="26" />
        <cmp x="1108" y="1169" width="70" height="27" />
      </word>
      <word id="g06-011h-02-04" tag="TO" text="to">
        <cmp x="1227" y="1148" width="57" height="50" />
      </word>
      <word id="g06-011h-02-05" tag="VB" text="enjoy">
        <cmp x="1342" y="1154" width="42" height="42" />
        <cmp x="1371" y="1170" width="49" height="23" />
        <cmp x="1415" y="1162" width="43" height="63" />
        <cmp x="1427" y="1136" width="8" height="6" />
        <cmp x="1457" y="1162" width="33" height="32" />
        <cmp x="1481" y="1167" width="36" height="63" />
      </word>
      <word id="g06-011h-02-06" tag="PN" text="anything">
        <cmp x="1566" y="1158" width="94" height="43" />
        <cmp x="1654" y="1153" width="129" height="76" />
        <cmp x="1777" y="1144" width="9" height="14" />
        <cmp x="1785" y="1174" width="55" height="90" />
      </word>
      <word id="g06-011h-02-07" tag="." text=".">
        <cmp x="1856" y="1193" width="5" height="6" />
      </word>
      <word id="g06-011h-02-08" sentence-start="yes" tag="*&apos;" text="&apos;">
        <cmp x="1918" y="1138" width="9" height="24" />
      </word>
      <word id="g06-011h-02-09" tag="ATI" text="The">
        <cmp x="1940" y="1128" width="105" height="69" />
      </word>
      <upper-contour>
        <point x="331" y="1071" />
        <point x="2046" y="1071" />
      </upper-contour>
      <lower-contour>
        <point x="323" y="1264" />
        <point x="1999" y="1264" />
      </lower-contour>
    </line>
    <line ass="-118" asx="0" asy="1305" character-width="999" dss="-118" dsx="0" dsy="1416" fd0="13456" fd1="3125" fd2="-250" filter-width="3" id="g06-011h-03" lbs="-130" lbx="0" lby="1369" segmentation="ok" slant="89000" stroke-width="5425" threshold="184" text="Pearl&apos;, he wrote, &apos;is arrived, which is a great" ubs="-94" ubx="0" uby="1339">
      <word id="g06-011h-03-00" tag="NN" text="Pearl">
        <cmp x="288" y="1307" width="51" height="81" />
        <cmp x="335" y="1333" width="32" height="48" />
        <cmp x="368" y="1344" width="61" height="30" />
        <cmp x="416" y="1340" width="9" height="12" />
        <cmp x="445" y="1318" width="7" height="63" />
      </word>
      <word id="g06-011h-03-01" tag="**&apos;" text="&apos;">
        <cmp x="478" y="1307" width="13" height="42" />
      </word>
      <word id="g06-011h-03-02" tag="," text=",">
        <cmp x="521" y="1349" width="18" height="64" />
      </word>
      <word id="g06-011h-03-03" tag="PP3A" text="he">
        <cmp x="600" y="1316" width="94" height="54" />
      </word>
      <word id="g06-011h-03-04" tag="VBD" text="wrote">
        <cmp x="759" y="1350" width="58" height="33" />
        <cmp x="826" y="1339" width="43" height="37" />
        <cmp x="873" y="1324" width="44" height="51" />
        <cmp x="914" y="1364" width="8" height="4" />
      </word>
      <word id="g06-011h-03-05" tag="," text=",">
        <cmp x="934" y="1383" width="12" height="36" />
      </word>
      <word id="g06-011h-03-06" tag="*&apos;" text="&apos;">
        <cmp x="1017" y="1310" width="11" height="39" />
      </word>
      <word id="g06-011h-03-07" tag="BEZ" text="is">
        <cmp x="1034" y="1341" width="39" height="36" />
        <cmp x="1041" y="1322" width="4" height="10" />
      </word>
      <word id="g06-011h-03-08" tag="VBN" text="arrived">
        <cmp x="1134" y="1325" width="41" height="46" />
        <cmp x="1184" y="1323" width="63" height="56" />
        <cmp x="1248" y="1313" width="5" height="17" />
        <cmp x="1253" y="1321" width="107" height="57" />
      </word>
      <word id="g06-011h-03-09" tag="," text=",">
        <cmp x="1372" y="1362" width="22" height="37" />
      </word>
      <word id="g06-011h-03-10" tag="WDT" text="which">
        <cmp x="1432" y="1338" width="43" height="31" />
        <cmp x="1479" y="1321" width="41" height="50" />
        <cmp x="1523" y="1347" width="7" height="30" />
        <cmp x="1524" y="1324" width="6" height="13" />
        <cmp x="1540" y="1324" width="76" height="56" />
      </word>
      <word id="g06-011h-03-11" tag="BEZ" text="is">
        <cmp x="1675" y="1349" width="17" height="36" />
        <cmp x="1682" y="1329" width="8" height="9" />
        <cmp x="1687" y="1349" width="32" height="30" />
      </word>
      <word id="g06-011h-03-12" tag="AT" text="a">
        <cmp x="1781" y="1340" width="32" height="41" />
      </word>
      <word id="g06-011h-03-13" tag="JJ" text="great">
        <cmp x="1845" y="1339" width="35" height="73" />
        <cmp x="1861" y="1355" width="8" height="8" />
        <cmp x="1884" y="1340" width="82" height="34" />
        <cmp x="1976" y="1314" width="22" height="54" />
      </word>
      <upper-contour>
        <point x="323" y="1264" />
        <point x="1999" y="1264" />
      </upper-contour>
      <lower-contour>
        <point x="318" y="1419" />
        <point x="1943" y="1419" />
      </lower-contour>
    </line>
    <line ass="265" asx="0" asy="1493" character-width="999" dss="265" dsx="0" dsy="1607" fd0="13646" fd1="3219" fd2="-446" filter-width="3" id="g06-011h-04" lbs="279" lbx="0" lby="1555" segmentation="ok" slant="90000" stroke-width="5506" threshold="180" text="resource. Vesuvius seems to be tired; he is" ubs="238" ubx="0" uby="1529">
      <word id="g06-011h-04-00" tag="NN" text="resource">
        <cmp x="320" y="1512" width="92" height="46" />
        <cmp x="413" y="1522" width="76" height="28" />
        <cmp x="489" y="1549" width="3" height="4" />
        <cmp x="501" y="1514" width="49" height="40" />
        <cmp x="552" y="1514" width="26" height="41" />
      </word>
      <word id="g06-011h-04-01" tag="." text=".">
        <cmp x="615" y="1545" width="4" height="5" />
      </word>
      <word id="g06-011h-04-02" sentence-start="yes" tag="NP" text="Vesuvius">
        <cmp x="716" y="1491" width="41" height="58" />
        <cmp x="750" y="1540" width="3" height="6" />
        <cmp x="754" y="1511" width="53" height="40" />
        <cmp x="814" y="1521" width="32" height="30" />
        <cmp x="848" y="1528" width="11" height="30" />
        <cmp x="871" y="1524" width="25" height="30" />
        <cmp x="899" y="1502" width="7" height="17" />
        <cmp x="900" y="1526" width="7" height="33" />
        <cmp x="920" y="1529" width="39" height="30" />
        <cmp x="969" y="1523" width="19" height="39" />
      </word>
      <word id="g06-011h-04-03" tag="VBZ" text="seems">
        <cmp x="1081" y="1519" width="37" height="35" />
        <cmp x="1116" y="1530" width="5" height="6" />
        <cmp x="1124" y="1520" width="39" height="42" />
        <cmp x="1157" y="1520" width="17" height="25" />
        <cmp x="1177" y="1520" width="58" height="35" />
        <cmp x="1227" y="1520" width="35" height="43" />
      </word>
      <word id="g06-011h-04-04" tag="TO" text="to">
        <cmp x="1324" y="1492" width="52" height="47" />
      </word>
      <word id="g06-011h-04-05" tag="BE" text="be">
        <cmp x="1432" y="1515" width="79" height="38" />
      </word>
      <word id="g06-011h-04-06" tag="JJ" text="tired">
        <cmp x="1571" y="1492" width="42" height="54" />
        <cmp x="1604" y="1520" width="10" height="29" />
        <cmp x="1606" y="1501" width="7" height="7" />
        <cmp x="1620" y="1503" width="79" height="59" />
      </word>
      <word id="g06-011h-04-07" tag=";" text=";">
        <cmp x="1703" y="1552" width="20" height="48" />
        <cmp x="1718" y="1528" width="6" height="7" />
      </word>
      <word id="g06-011h-04-08" tag="PP3A" text="he">
        <cmp x="1785" y="1502" width="70" height="56" />
      </word>
      <word id="g06-011h-04-09" tag="BEZ" text="is">
        <cmp x="1907" y="1491" width="9" height="11" />
        <cmp x="1907" y="1517" width="8" height="29" />
        <cmp x="1918" y="1522" width="24" height="21" />
      </word>
      <upper-contour>
        <point x="318" y="1419" />
        <point x="1943" y="1419" />
      </upper-contour>
      <lower-contour>
        <point x="318" y="1600" />
        <point x="1943" y="1600" />
      </lower-contour>
    </line>
    <line ass="-99" asx="0" asy="1662" character-width="999" dss="-99" dsx="0" dsy="1772" fd0="13555" fd1="2928" fd2="-220" filter-width="3" id="g06-011h-05" lbs="-67" lbx="0" lby="1736" segmentation="err" slant="90000" stroke-width="5674" threshold="179" text="going out fast.... What a gay, lively people, and" ubs="-164" ubx="0" uby="1698">
      <word id="g06-011h-05-00" tag="VBG" text="going">
        <cmp x="313" y="1686" width="34" height="88" />
        <cmp x="350" y="1696" width="25" height="31" />
        <cmp x="369" y="1681" width="10" height="8" />
        <cmp x="377" y="1701" width="9" height="26" />
        <cmp x="393" y="1708" width="44" height="18" />
        <cmp x="426" y="1704" width="28" height="65" />
      </word>
      <word id="g06-011h-05-01" tag="RP" text="out">
        <cmp x="505" y="1703" width="27" height="32" />
        <cmp x="538" y="1706" width="39" height="21" />
        <cmp x="586" y="1678" width="26" height="44" />
      </word>
      <word id="g06-011h-05-02" tag="RB" text="fast">
        <cmp x="657" y="1677" width="77" height="83" />
        <cmp x="733" y="1685" width="31" height="38" />
      </word>
      <word id="g06-011h-05-03" tag="..." text="...">
        <cmp x="791" y="1722" width="7" height="10" />
        <cmp x="842" y="1723" width="5" height="6" />
      </word>
      <word id="g06-011h-05-04" tag="." text=".">
        <cmp x="910" y="1668" width="50" height="61" />
      </word>
      <word id="g06-011h-05-05" sentence-start="yes" tag="WDT" text="What">
        <cmp x="928" y="1665" width="6" height="3" />
        <cmp x="970" y="1680" width="76" height="47" />
        <cmp x="1057" y="1666" width="26" height="63" />
      </word>
      <word id="g06-011h-05-06" tag="AT" text="a">
        <cmp x="1153" y="1695" width="35" height="38" />
      </word>
      <word id="g06-011h-05-07" tag="JJ" text="gay">
        <cmp x="1261" y="1699" width="34" height="74" />
        <cmp x="1298" y="1705" width="31" height="27" />
        <cmp x="1329" y="1705" width="34" height="57" />
      </word>
      <word id="g06-011h-05-08" tag="," text=",">
        <cmp x="1374" y="1728" width="8" height="35" />
      </word>
      <word id="g06-011h-05-09" tag="JJ" text="lively">
        <cmp x="1442" y="1683" width="11" height="50" />
        <cmp x="1461" y="1699" width="5" height="28" />
        <cmp x="1465" y="1680" width="5" height="9" />
        <cmp x="1474" y="1698" width="25" height="29" />
        <cmp x="1499" y="1698" width="35" height="36" />
        <cmp x="1540" y="1684" width="8" height="47" />
        <cmp x="1542" y="1681" width="3" height="3" />
        <cmp x="1550" y="1702" width="34" height="54" />
      </word>
      <word id="g06-011h-05-10" tag="NN" text="people">
        <cmp x="1640" y="1706" width="34" height="51" />
        <cmp x="1679" y="1702" width="44" height="32" />
        <cmp x="1728" y="1705" width="33" height="42" />
        <cmp x="1766" y="1694" width="42" height="38" />
        <cmp x="1767" y="1689" width="3" height="4" />
      </word>
      <word id="g06-011h-05-11" tag="," text=",">
        <cmp x="1821" y="1724" width="17" height="37" />
        <cmp x="1836" y="1719" width="6" height="4" />
      </word>
      <word id="g06-011h-05-12" tag="CC" text="and">
        <cmp x="1885" y="1678" width="125" height="62" />
      </word>
      <upper-contour>
        <point x="318" y="1600" />
        <point x="1943" y="1600" />
      </upper-contour>
      <lower-contour>
        <point x="311" y="1773" />
        <point x="2002" y="1773" />
      </lower-contour>
    </line>
    <line ass="-230" asx="0" asy="1833" character-width="999" dss="-230" dsx="0" dsy="1937" fd0="13042" fd1="3281" fd2="-105" filter-width="4" id="g06-011h-06" lbs="-141" lbx="0" lby="1904" segmentation="ok" slant="90000" stroke-width="5887" threshold="177" text="what a busy town. At Rome, every other man" ubs="-409" ubx="0" uby="1868">
      <word id="g06-011h-06-00" tag="WDT" text="what">
        <cmp x="310" y="1861" width="110" height="52" />
        <cmp x="429" y="1856" width="31" height="53" />
      </word>
      <word id="g06-011h-06-01" tag="AT" text="a">
        <cmp x="526" y="1880" width="37" height="34" />
      </word>
      <word id="g06-011h-06-02" tag="JJ" text="busy">
        <cmp x="655" y="1858" width="35" height="46" />
        <cmp x="694" y="1877" width="59" height="31" />
        <cmp x="763" y="1876" width="33" height="58" />
      </word>
      <word id="g06-011h-06-03" tag="NN" text="town">
        <cmp x="850" y="1852" width="60" height="53" />
        <cmp x="913" y="1872" width="49" height="35" />
        <cmp x="963" y="1879" width="38" height="31" />
      </word>
      <word id="g06-011h-06-04" tag="." text=".">
        <cmp x="1029" y="1901" width="12" height="9" />
      </word>
      <word id="g06-011h-06-05" sentence-start="yes" tag="IN" text="At">
        <cmp x="1099" y="1841" width="63" height="68" />
      </word>
      <word id="g06-011h-06-06" tag="NP" text="Rome">
        <cmp x="1225" y="1839" width="52" height="66" />
        <cmp x="1282" y="1874" width="101" height="38" />
      </word>
      <word id="g06-011h-06-07" tag="," text=",">
        <cmp x="1397" y="1904" width="17" height="35" />
      </word>
      <word id="g06-011h-06-08" tag="AT" text="every">
        <cmp x="1470" y="1870" width="41" height="36" />
        <cmp x="1511" y="1871" width="24" height="41" />
        <cmp x="1543" y="1870" width="44" height="74" />
      </word>
      <word id="g06-011h-06-09" tag="AP" text="other">
        <cmp x="1632" y="1869" width="30" height="39" />
        <cmp x="1668" y="1855" width="98" height="64" />
      </word>
      <word id="g06-011h-06-10" tag="NN" text="man">
        <cmp x="1833" y="1874" width="168" height="44" />
      </word>
      <upper-contour>
        <point x="311" y="1773" />
        <point x="2002" y="1773" />
      </upper-contour>
      <lower-contour>
        <point x="308" y="1944" />
        <point x="2002" y="1944" />
      </lower-contour>
    </line>
    <line ass="-520" asx="0" asy="2016" character-width="999" dss="-520" dsx="0" dsy="2154" fd0="13561" fd1="2621" fd2="-375" filter-width="4" id="g06-011h-07" lbs="-568" lbx="0" lby="2080" segmentation="err" slant="89000" stroke-width="5793" threshold="179" text="was a priest: here the priest is 1superceded by" ubs="-425" ubx="0" uby="2050">
      <word id="g06-011h-07-00" tag="BEDZ" text="was">
        <cmp x="301" y="2054" width="104" height="43" />
      </word>
      <word id="g06-011h-07-01" tag="AT" text="a">
        <cmp x="457" y="2056" width="41" height="44" />
      </word>
      <word id="g06-011h-07-02" tag="NN" text="priest">
        <cmp x="578" y="2056" width="75" height="64" />
        <cmp x="661" y="2053" width="63" height="37" />
        <cmp x="724" y="2037" width="21" height="47" />
        <cmp x="742" y="2086" width="43" height="75" />
      </word>
      <word id="g06-011h-07-03" tag=":" text=":">
        <cmp x="783" y="2057" width="7" height="10" />
      </word>
      <word id="g06-011h-07-04" tag="RN" text="here">
        <cmp x="895" y="2030" width="121" height="61" />
      </word>
      <word id="g06-011h-07-05" tag="ATI" text="the">
        <cmp x="1075" y="2036" width="124" height="64" />
      </word>
      <word id="g06-011h-07-06" tag="NN" text="priest">
        <cmp x="1261" y="2052" width="36" height="75" />
        <cmp x="1297" y="2054" width="40" height="37" />
        <cmp x="1339" y="2030" width="4" height="9" />
        <cmp x="1347" y="2053" width="40" height="37" />
        <cmp x="1390" y="2038" width="27" height="51" />
      </word>
      <word id="g06-011h-07-07" tag="BEZ" text="is">
        <cmp x="1476" y="2059" width="41" height="30" />
        <cmp x="1485" y="2036" width="9" height="10" />
      </word>
      <word id="g06-011h-07-08" tag="VBN" text="1superceded">
        <cmp x="1569" y="2037" width="112" height="69" />
        <cmp x="1689" y="2061" width="37" height="47" />
        <cmp x="1726" y="2060" width="38" height="34" />
        <cmp x="1773" y="2043" width="121" height="59" />
        <cmp x="1896" y="2045" width="38" height="53" />
      </word>
      <word id="g06-011h-07-09" tag="IN" text="by">
        <cmp x="1993" y="2050" width="43" height="45" />
        <cmp x="2031" y="2066" width="36" height="58" />
        <cmp x="2033" y="2068" width="16" height="24" />
      </word>
      <upper-contour>
        <point x="308" y="1944" />
        <point x="2002" y="1944" />
      </upper-contour>
      <lower-contour>
        <point x="311" y="2162" />
        <point x="2068" y="2162" />
      </lower-contour>
    </line>
    <line ass="-407" asx="0" asy="2183" character-width="999" dss="-407" dsx="0" dsy="2313" fd0="13563" fd1="2887" fd2="-450" filter-width="3" id="g06-011h-08" lbs="-415" lbx="0" lby="2261" segmentation="ok" slant="85000" stroke-width="5688" threshold="178" text="the soldier - a favourable change in my eye," ubs="-390" ubx="0" uby="2232">
      <word id="g06-011h-08-00" tag="ATI" text="the">
        <cmp x="313" y="2212" width="117" height="61" />
      </word>
      <word id="g06-011h-08-01" tag="NN" text="soldier">
        <cmp x="519" y="2224" width="45" height="41" />
        <cmp x="560" y="2237" width="24" height="32" />
        <cmp x="606" y="2205" width="55" height="69" />
        <cmp x="670" y="2239" width="8" height="28" />
        <cmp x="672" y="2210" width="7" height="14" />
        <cmp x="683" y="2237" width="42" height="36" />
      </word>
      <word id="g06-011h-08-02" tag="*-" text="-">
        <cmp x="825" y="2253" width="43" height="12" />
      </word>
      <word id="g06-011h-08-03" tag="AT" text="a">
        <cmp x="928" y="2228" width="39" height="45" />
      </word>
      <word id="g06-011h-08-04" tag="JJ" text="favourable">
        <cmp x="1056" y="2192" width="46" height="104" />
        <cmp x="1102" y="2235" width="26" height="27" />
        <cmp x="1134" y="2232" width="26" height="30" />
        <cmp x="1163" y="2228" width="62" height="39" />
        <cmp x="1235" y="2232" width="27" height="38" />
        <cmp x="1267" y="2205" width="105" height="72" />
      </word>
      <word id="g06-011h-08-05" tag="NN" text="change">
        <cmp x="1434" y="2242" width="25" height="35" />
        <cmp x="1463" y="2222" width="200" height="104" />
      </word>
      <word id="g06-011h-08-06" tag="IN" text="in">
        <cmp x="1726" y="2240" width="10" height="31" />
        <cmp x="1734" y="2217" width="6" height="8" />
        <cmp x="1743" y="2244" width="45" height="34" />
      </word>
      <word id="g06-011h-08-07" tag="PP$" text="my">
        <cmp x="1837" y="2239" width="61" height="30" />
        <cmp x="1888" y="2241" width="45" height="81" />
      </word>
      <word id="g06-011h-08-08" tag="NN" text="eye">
        <cmp x="1999" y="2226" width="33" height="46" />
        <cmp x="2023" y="2228" width="42" height="76" />
        <cmp x="2062" y="2233" width="39" height="43" />
        <cmp x="2103" y="2264" width="5" height="3" />
      </word>
      <word id="g06-011h-08-09" tag="," text=",">
        <cmp x="2117" y="2254" width="18" height="55" />
      </word>
      <upper-contour>
        <point x="311" y="2162" />
        <point x="2068" y="2162" />
      </upper-contour>
      <lower-contour>
        <point x="316" y="2326" />
        <point x="1826" y="2326" />
      </lower-contour>
    </line>
    <line ass="-191" asx="0" asy="2349" character-width="999" dss="-191" dsx="0" dsy="2479" fd0="13054" fd1="2779" fd2="-634" filter-width="4" id="g06-011h-09" lbs="153" lbx="0" lby="2449" segmentation="ok" slant="90000" stroke-width="5748" threshold="177" text="particularly as the troops are very fine.&apos;" ubs="-880" ubx="0" uby="2398">
      <word id="g06-011h-09-00" tag="RB" text="particularly">
        <cmp x="318" y="2408" width="23" height="66" />
        <cmp x="341" y="2412" width="46" height="34" />
        <cmp x="395" y="2387" width="36" height="54" />
        <cmp x="421" y="2395" width="12" height="6" />
        <cmp x="448" y="2407" width="70" height="34" />
        <cmp x="530" y="2383" width="65" height="63" />
        <cmp x="602" y="2389" width="18" height="45" />
        <cmp x="610" y="2408" width="25" height="57" />
      </word>
      <word id="g06-011h-09-01" tag="CS" text="as">
        <cmp x="701" y="2409" width="36" height="39" />
        <cmp x="737" y="2414" width="29" height="36" />
      </word>
      <word id="g06-011h-09-02" tag="ATI" text="the">
        <cmp x="812" y="2391" width="121" height="57" />
      </word>
      <word id="g06-011h-09-03" tag="NNS" text="troops">
        <cmp x="1003" y="2391" width="75" height="54" />
        <cmp x="1079" y="2412" width="88" height="58" />
      </word>
      <word id="g06-011h-09-04" tag="BER" text="are">
        <cmp x="1259" y="2405" width="36" height="46" />
        <cmp x="1305" y="2406" width="63" height="41" />
      </word>
      <word id="g06-011h-09-05" tag="QL" text="very">
        <cmp x="1457" y="2425" width="28" height="40" />
        <cmp x="1487" y="2424" width="34" height="33" />
        <cmp x="1519" y="2415" width="16" height="36" />
        <cmp x="1539" y="2418" width="29" height="68" />
      </word>
      <word id="g06-011h-09-06" tag="JJ" text="fine">
        <cmp x="1649" y="2372" width="42" height="109" />
        <cmp x="1676" y="2433" width="4" height="4" />
        <cmp x="1685" y="2392" width="5" height="5" />
        <cmp x="1695" y="2415" width="65" height="31" />
      </word>
      <word id="g06-011h-09-07" tag="." text=".">
        <cmp x="1780" y="2434" width="9" height="11" />
      </word>
      <word id="g06-011h-09-08" tag="**&apos;" text="&apos;">
        <cmp x="1812" y="2357" width="13" height="47" />
      </word>
      <upper-contour>
        <point x="316" y="2326" />
        <point x="1826" y="2326" />
      </upper-contour>
    </line>
  </handwritten-part>
</form>

