<?xml version="1.0" encoding="ISO-8859-1"?>

<!DOCTYPE form SYSTEM 'http://www.iam.unibe.ch/~fki/iamdb/form-metadata.dtd'>

<form created="2002-01-18" height="3542" id="g06-050a" last-modified="2002-07-24" skew="-63" status="final" version="3.0_beta" width="2479" writer-id="332">
  <machine-printed-part>
    <machine-print-line text="Mauro&apos;s first action was to write to his revered master at Ko&quot;then, near Leipzig, asking" />
    <machine-print-line text="for advice. In doing so he described his distinguished patient and his symptoms." />
    <machine-print-line text="He told Hahnemann that he found Anglesey a strong, energetic man with a gentle" />
    <machine-print-line text="and charming character, even-tempered and sedate, not easily irritated, patient and" />
    <machine-print-line text="persevering, &apos;but he appears to despair of ever being cured.&apos;" />
  </machine-printed-part>
  <handwritten-part>
    <line ass="125" asx="0" asy="716" character-width="999" dss="125" dsx="0" dsy="806" fd0="14830" fd1="3254" fd2="-29" filter-width="4" id="g06-050a-00" lbs="150" lbx="0" lby="786" segmentation="ok" slant="61000" stroke-width="6715" threshold="182" text="Mauro&apos;s first action was to write to his revered" ubs="77" ubx="0" uby="755">
      <word id="g06-050a-00-00" sentence-start="yes" tag="NP$" text="Mauro&apos;s">
        <cmp x="366" y="720" width="70" height="63" />
        <cmp x="426" y="750" width="75" height="36" />
        <cmp x="509" y="755" width="20" height="27" />
        <cmp x="538" y="753" width="28" height="31" />
        <cmp x="599" y="721" width="14" height="21" />
        <cmp x="595" y="750" width="28" height="39" />
      </word>
      <word id="g06-050a-00-01" tag="OD" text="first">
        <cmp x="714" y="718" width="48" height="87" />
        <cmp x="747" y="754" width="20" height="31" />
        <cmp x="771" y="753" width="22" height="27" />
        <cmp x="775" y="732" width="5" height="6" />
        <cmp x="797" y="753" width="23" height="31" />
        <cmp x="814" y="716" width="40" height="75" />
      </word>
      <word id="g06-050a-00-02" tag="NN" text="action">
        <cmp x="907" y="750" width="31" height="33" />
        <cmp x="946" y="755" width="22" height="25" />
        <cmp x="974" y="715" width="42" height="71" />
        <cmp x="1002" y="745" width="24" height="35" />
        <cmp x="1029" y="745" width="27" height="30" />
        <cmp x="1035" y="719" width="5" height="5" />
        <cmp x="1062" y="746" width="34" height="30" />
      </word>
      <word id="g06-050a-00-03" tag="BEDZ" text="was">
        <cmp x="1160" y="747" width="43" height="35" />
        <cmp x="1206" y="749" width="28" height="35" />
        <cmp x="1242" y="748" width="22" height="34" />
      </word>
      <word id="g06-050a-00-04" tag="TO" text="to">
        <cmp x="1342" y="724" width="34" height="59" />
        <cmp x="1372" y="761" width="20" height="19" />
      </word>
      <word id="g06-050a-00-05" tag="VB" text="write">
        <cmp x="1439" y="752" width="44" height="36" />
        <cmp x="1480" y="752" width="28" height="30" />
        <cmp x="1507" y="753" width="21" height="30" />
        <cmp x="1532" y="729" width="63" height="58" />
        <cmp x="1542" y="723" width="5" height="6" />
      </word>
      <word id="g06-050a-00-06" tag="IN" text="to">
        <cmp x="1655" y="725" width="39" height="69" />
        <cmp x="1685" y="759" width="18" height="23" />
      </word>
      <word id="g06-050a-00-07" tag="PP$" text="his">
        <cmp x="1749" y="721" width="53" height="60" />
        <cmp x="1807" y="753" width="25" height="36" />
        <cmp x="1811" y="721" width="6" height="7" />
      </word>
      <word id="g06-050a-00-08" tag="JJ" text="revered">
        <cmp x="1900" y="749" width="27" height="30" />
        <cmp x="1927" y="749" width="24" height="28" />
        <cmp x="1962" y="748" width="31" height="29" />
        <cmp x="1991" y="749" width="56" height="31" />
        <cmp x="2049" y="753" width="24" height="27" />
        <cmp x="2088" y="712" width="66" height="77" />
      </word>
      <lower-contour>
        <point x="364" y="805" />
        <point x="2144" y="805" />
      </lower-contour>
    </line>
    <line ass="360" asx="0" asy="903" character-width="999" dss="360" dsx="0" dsy="1051" fd0="15036" fd1="3133" fd2="-77" filter-width="4" id="g06-050a-01" lbs="492" lbx="0" lby="969" segmentation="ok" slant="59000" stroke-width="6699" threshold="182" text="master at Ko&quot;then, near Leipzig, asking for advice." ubs="97" ubx="0" uby="933">
      <word id="g06-050a-01-00" tag="NN" text="master">
        <cmp x="366" y="933" width="47" height="32" />
        <cmp x="417" y="933" width="65" height="33" />
        <cmp x="491" y="900" width="39" height="60" />
        <cmp x="513" y="927" width="33" height="34" />
        <cmp x="550" y="933" width="29" height="27" />
      </word>
      <word id="g06-050a-01-01" tag="IN" text="at">
        <cmp x="644" y="931" width="29" height="33" />
        <cmp x="680" y="907" width="30" height="57" />
      </word>
      <word id="g06-050a-01-02" tag="NP" text="Ko&quot;then">
        <cmp x="754" y="902" width="47" height="65" />
        <cmp x="782" y="932" width="26" height="32" />
        <cmp x="835" y="905" width="20" height="21" />
        <cmp x="841" y="909" width="38" height="58" />
        <cmp x="870" y="906" width="65" height="62" />
        <cmp x="942" y="936" width="27" height="26" />
      </word>
      <word id="g06-050a-01-03" tag="," text=",">
        <cmp x="971" y="960" width="25" height="35" />
      </word>
      <word id="g06-050a-01-04" tag="IN" text="near">
        <cmp x="1058" y="928" width="62" height="33" />
        <cmp x="1123" y="930" width="28" height="30" />
        <cmp x="1162" y="933" width="27" height="29" />
      </word>
      <word id="g06-050a-01-05" tag="NP" text="Leipzig">
        <cmp x="1258" y="903" width="31" height="60" />
        <cmp x="1291" y="927" width="47" height="37" />
        <cmp x="1322" y="929" width="53" height="65" />
        <cmp x="1346" y="906" width="5" height="4" />
        <cmp x="1389" y="928" width="58" height="34" />
        <cmp x="1400" y="931" width="73" height="113" />
        <cmp x="1450" y="909" width="7" height="5" />
      </word>
      <word id="g06-050a-01-06" tag="," text=",">
        <cmp x="1484" y="954" width="23" height="27" />
      </word>
      <word id="g06-050a-01-07" tag="VBG" text="asking">
        <cmp x="1551" y="932" width="30" height="30" />
        <cmp x="1586" y="934" width="24" height="30" />
        <cmp x="1616" y="898" width="43" height="69" />
        <cmp x="1648" y="932" width="22" height="30" />
        <cmp x="1680" y="939" width="69" height="92" />
        <cmp x="1682" y="941" width="33" height="22" />
        <cmp x="1683" y="906" width="7" height="6" />
      </word>
      <word id="g06-050a-01-08" tag="IN" text="for">
        <cmp x="1805" y="900" width="54" height="76" />
        <cmp x="1837" y="937" width="23" height="23" />
        <cmp x="1868" y="935" width="19" height="24" />
      </word>
      <word id="g06-050a-01-09" tag="NN" text="advice">
        <cmp x="1931" y="931" width="29" height="23" />
        <cmp x="1970" y="898" width="58" height="53" />
        <cmp x="2013" y="932" width="26" height="23" />
        <cmp x="2042" y="927" width="21" height="28" />
        <cmp x="2065" y="932" width="55" height="30" />
        <cmp x="2074" y="905" width="6" height="6" />
      </word>
      <word id="g06-050a-01-10" tag="." text=".">
        <cmp x="2135" y="955" width="9" height="8" />
      </word>
      <upper-contour>
        <point x="364" y="805" />
        <point x="2144" y="805" />
      </upper-contour>
      <lower-contour>
        <point x="365" y="1045" />
        <point x="2140" y="1045" />
      </lower-contour>
    </line>
    <line ass="129" asx="0" asy="1078" character-width="999" dss="129" dsx="0" dsy="1207" fd0="14734" fd1="2971" fd2="-380" filter-width="4" id="g06-050a-02" lbs="153" lbx="0" lby="1139" segmentation="ok" slant="57000" stroke-width="6897" threshold="182" text="In doing so he described his distinguished patient" ubs="81" ubx="0" uby="1113">
      <word id="g06-050a-02-00" sentence-start="yes" tag="IN" text="In">
        <cmp x="367" y="1085" width="33" height="58" />
        <cmp x="382" y="1118" width="27" height="25" />
      </word>
      <word id="g06-050a-02-01" tag="VBG" text="doing">
        <cmp x="472" y="1087" width="53" height="56" />
        <cmp x="508" y="1118" width="26" height="23" />
        <cmp x="533" y="1116" width="19" height="25" />
        <cmp x="555" y="1118" width="36" height="26" />
        <cmp x="562" y="1093" width="6" height="10" />
        <cmp x="562" y="1117" width="59" height="90" />
      </word>
      <word id="g06-050a-02-02" tag="PN" text="so">
        <cmp x="675" y="1111" width="32" height="31" />
        <cmp x="700" y="1114" width="22" height="22" />
      </word>
      <word id="g06-050a-02-03" tag="PP3A" text="he">
        <cmp x="773" y="1077" width="70" height="61" />
      </word>
      <word id="g06-050a-02-04" tag="VBD" text="described">
        <cmp x="888" y="1081" width="62" height="58" />
        <cmp x="956" y="1110" width="20" height="29" />
        <cmp x="979" y="1108" width="24" height="33" />
        <cmp x="1012" y="1102" width="34" height="35" />
        <cmp x="1041" y="1106" width="25" height="34" />
        <cmp x="1067" y="1079" width="66" height="64" />
        <cmp x="1071" y="1083" width="5" height="6" />
        <cmp x="1137" y="1077" width="66" height="76" />
      </word>
      <word id="g06-050a-02-05" tag="PP$" text="his">
        <cmp x="1244" y="1093" width="64" height="52" />
        <cmp x="1312" y="1112" width="26" height="30" />
        <cmp x="1317" y="1094" width="5" height="6" />
      </word>
      <word id="g06-050a-02-06" tag="JJ" text="distinguished">
        <cmp x="1393" y="1081" width="65" height="63" />
        <cmp x="1431" y="1113" width="24" height="30" />
        <cmp x="1455" y="1110" width="27" height="32" />
        <cmp x="1468" y="1091" width="6" height="6" />
        <cmp x="1485" y="1087" width="43" height="55" />
        <cmp x="1532" y="1113" width="25" height="31" />
        <cmp x="1537" y="1093" width="6" height="6" />
        <cmp x="1543" y="1114" width="56" height="76" />
        <cmp x="1608" y="1115" width="57" height="31" />
        <cmp x="1670" y="1113" width="21" height="31" />
        <cmp x="1680" y="1088" width="5" height="7" />
        <cmp x="1695" y="1084" width="67" height="65" />
        <cmp x="1768" y="1123" width="28" height="20" />
        <cmp x="1793" y="1077" width="48" height="72" />
      </word>
      <word id="g06-050a-02-07" tag="NN" text="patient">
        <cmp x="1867" y="1112" width="60" height="55" />
        <cmp x="1928" y="1112" width="27" height="24" />
        <cmp x="1968" y="1088" width="35" height="47" />
        <cmp x="1988" y="1110" width="23" height="27" />
        <cmp x="2014" y="1108" width="66" height="28" />
        <cmp x="2020" y="1088" width="5" height="6" />
        <cmp x="2097" y="1089" width="42" height="52" />
      </word>
      <upper-contour>
        <point x="365" y="1045" />
        <point x="2140" y="1045" />
      </upper-contour>
      <lower-contour>
        <point x="365" y="1208" />
        <point x="2140" y="1208" />
      </lower-contour>
    </line>
    <line ass="-51" asx="0" asy="1255" character-width="999" dss="-51" dsx="0" dsy="1370" fd0="14565" fd1="3012" fd2="162" filter-width="4" id="g06-050a-03" lbs="-44" lbx="0" lby="1322" segmentation="ok" slant="56000" stroke-width="6799" threshold="182" text="and his symptoms. He told Hahnemann that he" ubs="-63" ubx="0" uby="1292">
      <word id="g06-050a-03-00" tag="CC" text="and">
        <cmp x="358" y="1294" width="65" height="32" />
        <cmp x="434" y="1258" width="59" height="67" />
      </word>
      <word id="g06-050a-03-01" tag="PP$" text="his">
        <cmp x="565" y="1265" width="61" height="53" />
        <cmp x="633" y="1265" width="6" height="6" />
        <cmp x="636" y="1292" width="21" height="27" />
      </word>
      <word id="g06-050a-03-02" tag="NNS" text="symptoms">
        <cmp x="724" y="1289" width="29" height="36" />
        <cmp x="732" y="1294" width="53" height="78" />
        <cmp x="793" y="1290" width="50" height="32" />
        <cmp x="830" y="1295" width="51" height="59" />
        <cmp x="892" y="1262" width="32" height="62" />
        <cmp x="919" y="1294" width="25" height="29" />
        <cmp x="952" y="1288" width="53" height="39" />
        <cmp x="1015" y="1296" width="29" height="35" />
      </word>
      <word id="g06-050a-03-03" tag="." text=".">
        <cmp x="1050" y="1323" width="8" height="7" />
      </word>
      <word id="g06-050a-03-04" sentence-start="yes" tag="PP3A" text="He">
        <cmp x="1137" y="1271" width="55" height="54" />
        <cmp x="1184" y="1290" width="22" height="29" />
      </word>
      <word id="g06-050a-03-05" tag="VBD" text="told">
        <cmp x="1255" y="1266" width="38" height="53" />
        <cmp x="1281" y="1294" width="21" height="23" />
        <cmp x="1313" y="1262" width="35" height="51" />
        <cmp x="1325" y="1260" width="74" height="64" />
      </word>
      <word id="g06-050a-03-06" tag="NP" text="Hahnemann">
        <cmp x="1437" y="1263" width="41" height="60" />
        <cmp x="1456" y="1266" width="43" height="59" />
        <cmp x="1479" y="1291" width="41" height="34" />
        <cmp x="1523" y="1258" width="46" height="66" />
        <cmp x="1566" y="1295" width="68" height="28" />
        <cmp x="1642" y="1293" width="58" height="31" />
        <cmp x="1704" y="1295" width="82" height="32" />
        <cmp x="1796" y="1293" width="33" height="33" />
      </word>
      <word id="g06-050a-03-07" tag="CS" text="that">
        <cmp x="1896" y="1271" width="46" height="57" />
        <cmp x="1929" y="1273" width="36" height="51" />
        <cmp x="1967" y="1300" width="26" height="25" />
        <cmp x="2009" y="1270" width="41" height="53" />
      </word>
      <word id="g06-050a-03-08" tag="PP3A" text="he">
        <cmp x="2075" y="1271" width="65" height="54" />
      </word>
      <upper-contour>
        <point x="365" y="1208" />
        <point x="2140" y="1208" />
      </upper-contour>
      <lower-contour>
        <point x="356" y="1372" />
        <point x="2087" y="1372" />
      </lower-contour>
    </line>
    <line ass="514" asx="0" asy="1447" character-width="999" dss="514" dsx="0" dsy="1566" fd0="14544" fd1="2730" fd2="-203" filter-width="4" id="g06-050a-04" lbs="454" lbx="0" lby="1517" segmentation="ok" slant="57000" stroke-width="7006" threshold="182" text="found Anglesey a strong, energetic man with a" ubs="633" ubx="0" uby="1489">
      <word id="g06-050a-04-00" tag="VBD" text="found">
        <cmp x="354" y="1444" width="48" height="80" />
        <cmp x="386" y="1480" width="22" height="24" />
        <cmp x="418" y="1481" width="71" height="25" />
        <cmp x="500" y="1443" width="64" height="63" />
      </word>
      <word id="g06-050a-04-01" tag="NP" text="Anglesey">
        <cmp x="605" y="1444" width="68" height="68" />
        <cmp x="664" y="1483" width="28" height="26" />
        <cmp x="671" y="1477" width="56" height="79" />
        <cmp x="730" y="1453" width="33" height="51" />
        <cmp x="745" y="1473" width="26" height="27" />
        <cmp x="777" y="1475" width="17" height="29" />
        <cmp x="799" y="1474" width="65" height="86" />
      </word>
      <word id="g06-050a-04-02" tag="AT" text="a">
        <cmp x="933" y="1472" width="33" height="31" />
      </word>
      <word id="g06-050a-04-03" tag="JJ" text="strong">
        <cmp x="1031" y="1472" width="26" height="31" />
        <cmp x="1055" y="1445" width="33" height="59" />
        <cmp x="1085" y="1475" width="24" height="26" />
        <cmp x="1109" y="1474" width="25" height="26" />
        <cmp x="1141" y="1476" width="29" height="29" />
        <cmp x="1146" y="1479" width="57" height="76" />
      </word>
      <word id="g06-050a-04-04" tag="," text=",">
        <cmp x="1199" y="1500" width="25" height="35" />
      </word>
      <word id="g06-050a-04-05" tag="JJ" text="energetic">
        <cmp x="1298" y="1468" width="106" height="38" />
        <cmp x="1412" y="1473" width="28" height="26" />
        <cmp x="1416" y="1472" width="82" height="79" />
        <cmp x="1505" y="1440" width="43" height="58" />
        <cmp x="1533" y="1470" width="23" height="31" />
        <cmp x="1559" y="1472" width="25" height="31" />
        <cmp x="1565" y="1450" width="6" height="6" />
      </word>
      <word id="g06-050a-04-06" tag="NN" text="man">
        <cmp x="1653" y="1469" width="54" height="36" />
        <cmp x="1711" y="1472" width="32" height="29" />
        <cmp x="1756" y="1473" width="32" height="27" />
      </word>
      <word id="g06-050a-04-07" tag="IN" text="with">
        <cmp x="1851" y="1466" width="68" height="35" />
        <cmp x="1926" y="1442" width="38" height="56" />
        <cmp x="1933" y="1442" width="5" height="7" />
        <cmp x="1956" y="1435" width="48" height="67" />
      </word>
      <word id="g06-050a-04-08" tag="AT" text="a">
        <cmp x="2054" y="1469" width="32" height="34" />
      </word>
      <upper-contour>
        <point x="356" y="1372" />
        <point x="2087" y="1372" />
      </upper-contour>
      <lower-contour>
        <point x="352" y="1560" />
        <point x="2087" y="1560" />
      </lower-contour>
    </line>
    <line ass="-57" asx="0" asy="1610" character-width="999" dss="-57" dsx="0" dsy="1750" fd0="13875" fd1="2981" fd2="126" filter-width="5" id="g06-050a-05" lbs="-49" lbx="0" lby="1679" segmentation="ok" slant="57000" stroke-width="7154" threshold="182" text="gentle and charming character, even-tempered" ubs="-74" ubx="0" uby="1652">
      <word id="g06-050a-05-00" tag="JJ" text="gentle">
        <cmp x="336" y="1651" width="118" height="86" />
        <cmp x="463" y="1625" width="26" height="49" />
        <cmp x="488" y="1616" width="36" height="61" />
        <cmp x="498" y="1648" width="61" height="28" />
      </word>
      <word id="g06-050a-05-01" tag="CC" text="and">
        <cmp x="636" y="1649" width="71" height="34" />
        <cmp x="718" y="1622" width="56" height="64" />
      </word>
      <word id="g06-050a-05-02" tag="JJ" text="charming">
        <cmp x="820" y="1621" width="70" height="63" />
        <cmp x="891" y="1656" width="29" height="27" />
        <cmp x="934" y="1654" width="26" height="24" />
        <cmp x="960" y="1654" width="86" height="30" />
        <cmp x="1055" y="1660" width="70" height="93" />
        <cmp x="1060" y="1628" width="5" height="6" />
        <cmp x="1060" y="1653" width="26" height="34" />
      </word>
      <word id="g06-050a-05-03" tag="NN" text="character">
        <cmp x="1215" y="1612" width="76" height="70" />
        <cmp x="1290" y="1655" width="25" height="27" />
        <cmp x="1329" y="1656" width="19" height="22" />
        <cmp x="1350" y="1654" width="28" height="28" />
        <cmp x="1387" y="1652" width="23" height="27" />
        <cmp x="1419" y="1622" width="39" height="57" />
        <cmp x="1449" y="1652" width="63" height="36" />
      </word>
      <word id="g06-050a-05-04" tag="," text=",">
        <cmp x="1518" y="1676" width="28" height="32" />
      </word>
      <word id="g06-050a-05-05" tag="JJ" text="even-tempered">
        <cmp x="1610" y="1645" width="68" height="37" />
        <cmp x="1687" y="1645" width="78" height="34" />
        <cmp x="1786" y="1645" width="26" height="10" />
        <cmp x="1815" y="1624" width="120" height="59" />
        <cmp x="1923" y="1651" width="121" height="57" />
        <cmp x="2044" y="1653" width="28" height="28" />
        <cmp x="2079" y="1615" width="73" height="74" />
      </word>
      <upper-contour>
        <point x="352" y="1560" />
        <point x="2087" y="1560" />
      </upper-contour>
      <lower-contour>
        <point x="343" y="1754" />
        <point x="2081" y="1754" />
      </lower-contour>
    </line>
    <line ass="187" asx="0" asy="1798" character-width="999" dss="187" dsx="0" dsy="1927" fd0="14738" fd1="2945" fd2="19" filter-width="4" id="g06-050a-06" lbs="203" lbx="0" lby="1865" segmentation="ok" slant="53000" stroke-width="7056" threshold="182" text="and sedate, not easily irritated, patient and" ubs="156" ubx="0" uby="1834">
      <word id="g06-050a-06-00" tag="CC" text="and">
        <cmp x="345" y="1830" width="31" height="31" />
        <cmp x="380" y="1836" width="29" height="24" />
        <cmp x="422" y="1797" width="58" height="66" />
      </word>
      <word id="g06-050a-06-01" tag="JJ" text="sedate">
        <cmp x="530" y="1832" width="32" height="35" />
        <cmp x="560" y="1835" width="20" height="30" />
        <cmp x="590" y="1800" width="59" height="63" />
        <cmp x="628" y="1837" width="24" height="26" />
        <cmp x="669" y="1798" width="62" height="65" />
      </word>
      <word id="g06-050a-06-02" tag="," text=",">
        <cmp x="743" y="1859" width="21" height="28" />
      </word>
      <word id="g06-050a-06-03" tag="XNOT" text="not">
        <cmp x="821" y="1827" width="31" height="35" />
        <cmp x="862" y="1834" width="24" height="25" />
        <cmp x="890" y="1807" width="38" height="59" />
      </word>
      <word id="g06-050a-06-04" tag="RB" text="easily">
        <cmp x="987" y="1830" width="25" height="31" />
        <cmp x="1013" y="1830" width="101" height="34" />
        <cmp x="1105" y="1836" width="63" height="89" />
        <cmp x="1117" y="1808" width="41" height="49" />
        <cmp x="1126" y="1807" width="6" height="7" />
      </word>
      <word id="g06-050a-06-05" tag="VBN" text="irritated">
        <cmp x="1237" y="1828" width="22" height="33" />
        <cmp x="1262" y="1831" width="25" height="26" />
        <cmp x="1265" y="1816" width="6" height="7" />
        <cmp x="1286" y="1831" width="32" height="28" />
        <cmp x="1317" y="1832" width="17" height="27" />
        <cmp x="1345" y="1807" width="44" height="55" />
        <cmp x="1346" y="1809" width="6" height="6" />
        <cmp x="1372" y="1835" width="31" height="27" />
        <cmp x="1408" y="1814" width="59" height="49" />
        <cmp x="1469" y="1797" width="73" height="72" />
      </word>
      <word id="g06-050a-06-06" tag="," text=",">
        <cmp x="1522" y="1857" width="30" height="36" />
      </word>
      <word id="g06-050a-06-07" tag="JJ" text="patient">
        <cmp x="1597" y="1831" width="97" height="63" />
        <cmp x="1699" y="1798" width="51" height="59" />
        <cmp x="1729" y="1829" width="22" height="29" />
        <cmp x="1756" y="1831" width="72" height="28" />
        <cmp x="1767" y="1808" width="5" height="6" />
        <cmp x="1837" y="1805" width="51" height="61" />
      </word>
      <word id="g06-050a-06-08" tag="CC" text="and">
        <cmp x="1919" y="1828" width="85" height="29" />
        <cmp x="2016" y="1797" width="64" height="68" />
      </word>
      <upper-contour>
        <point x="343" y="1754" />
        <point x="2081" y="1754" />
      </upper-contour>
      <lower-contour>
        <point x="344" y="1925" />
        <point x="2001" y="1925" />
      </lower-contour>
    </line>
    <line ass="257" asx="0" asy="1983" character-width="999" dss="257" dsx="0" dsy="2110" fd0="14630" fd1="3089" fd2="255" filter-width="4" id="g06-050a-07" lbs="371" lbx="0" lby="2049" segmentation="ok" slant="57000" stroke-width="6987" threshold="182" text="persevering, &apos;but he appears to despair of ever" ubs="29" ubx="0" uby="2012">
      <word id="g06-050a-07-00" tag="JJ" text="persevering">
        <cmp x="346" y="2013" width="101" height="64" />
        <cmp x="452" y="2011" width="20" height="28" />
        <cmp x="473" y="2007" width="71" height="32" />
        <cmp x="543" y="2010" width="52" height="31" />
        <cmp x="598" y="2011" width="19" height="28" />
        <cmp x="620" y="2017" width="65" height="92" />
        <cmp x="624" y="2016" width="27" height="27" />
        <cmp x="627" y="1985" width="7" height="6" />
      </word>
      <word id="g06-050a-07-01" tag="," text=",">
        <cmp x="694" y="2034" width="22" height="34" />
      </word>
      <word id="g06-050a-07-02" tag="*&apos;" text="&apos;">
        <cmp x="779" y="1981" width="20" height="33" />
      </word>
      <word id="g06-050a-07-03" tag="CC" text="but">
        <cmp x="813" y="1982" width="28" height="59" />
        <cmp x="843" y="2013" width="30" height="28" />
        <cmp x="883" y="1986" width="36" height="58" />
      </word>
      <word id="g06-050a-07-04" tag="PP3A" text="he">
        <cmp x="961" y="1994" width="58" height="48" />
      </word>
      <word id="g06-050a-07-05" tag="VBZ" text="appears">
        <cmp x="1073" y="2010" width="64" height="72" />
        <cmp x="1113" y="2008" width="59" height="80" />
        <cmp x="1178" y="2012" width="27" height="27" />
        <cmp x="1207" y="2013" width="75" height="31" />
        <cmp x="1280" y="2009" width="28" height="35" />
      </word>
      <word id="g06-050a-07-06" tag="TO" text="to">
        <cmp x="1365" y="1985" width="40" height="62" />
        <cmp x="1397" y="2018" width="21" height="25" />
      </word>
      <word id="g06-050a-07-07" tag="VB" text="despair">
        <cmp x="1462" y="1982" width="73" height="58" />
        <cmp x="1538" y="2009" width="24" height="29" />
        <cmp x="1549" y="2009" width="58" height="58" />
        <cmp x="1604" y="2011" width="63" height="30" />
        <cmp x="1677" y="2013" width="29" height="28" />
        <cmp x="1678" y="1986" width="6" height="6" />
      </word>
      <word id="g06-050a-07-08" tag="INO" text="of">
        <cmp x="1766" y="2013" width="29" height="27" />
        <cmp x="1785" y="1981" width="57" height="75" />
      </word>
      <word id="g06-050a-07-09" tag="RB" text="ever">
        <cmp x="1863" y="2009" width="75" height="32" />
        <cmp x="1936" y="2014" width="33" height="30" />
        <cmp x="1971" y="2014" width="29" height="28" />
      </word>
      <upper-contour>
        <point x="344" y="1925" />
        <point x="2001" y="1925" />
      </upper-contour>
      <lower-contour>
        <point x="358" y="2109" />
        <point x="1143" y="2109" />
      </lower-contour>
    </line>
    <line ass="124" asx="0" asy="2154" character-width="999" dss="124" dsx="0" dsy="2304" fd0="13484" fd1="3000" fd2="497" filter-width="5" id="g06-050a-08" lbs="587" lbx="0" lby="2227" segmentation="ok" slant="57000" stroke-width="7200" threshold="182" text="# being cured.&apos;" ubs="-803" ubx="0" uby="2180">
      <word id="g06-050a-08-00" tag="&amp;GA" text="#">
        <cmp x="360" y="2166" width="183" height="138" />
        <cmp x="488" y="2162" width="5" height="6" />
      </word>
      <word id="g06-050a-08-01" tag="BEG" text="being">
        <cmp x="622" y="2167" width="33" height="53" />
        <cmp x="653" y="2189" width="44" height="33" />
        <cmp x="703" y="2172" width="5" height="5" />
        <cmp x="706" y="2199" width="63" height="85" />
        <cmp x="707" y="2191" width="28" height="31" />
      </word>
      <word id="g06-050a-08-02" tag="VBN" text="cured">
        <cmp x="881" y="2188" width="25" height="32" />
        <cmp x="906" y="2190" width="33" height="31" />
        <cmp x="947" y="2194" width="22" height="26" />
        <cmp x="970" y="2195" width="24" height="26" />
        <cmp x="1004" y="2183" width="45" height="36" />
        <cmp x="1033" y="2153" width="44" height="70" />
      </word>
      <word id="g06-050a-08-03" tag="." text=".">
        <cmp x="1067" y="2213" width="7" height="8" />
      </word>
      <word id="g06-050a-08-04" tag="**&apos;" text="&apos;">
        <cmp x="1115" y="2157" width="27" height="40" />
      </word>
      <upper-contour>
        <point x="358" y="2109" />
        <point x="1143" y="2109" />
      </upper-contour>
    </line>
  </handwritten-part>
</form>

