<?xml version="1.0" encoding="ISO-8859-1"?>

<!DOCTYPE form SYSTEM 'http://www.iam.unibe.ch/~fki/iamdb/form-metadata.dtd'>

<form created="2002-01-18" height="3542" id="g06-037n" last-modified="2002-07-17" skew="-127" status="final" version="3.0_beta" width="2479" writer-id="345">
  <machine-printed-part>
    <machine-print-line text="God grant, however, that I may be a false prophet &amp;amp; that all may go well. Sir R. Peel" />
    <machine-print-line text="was here, I understand, but an express took him off yesterday.&apos;" />
    <machine-print-line text="While he was in Naples there had opened a new chapter in the history of Anglesey&apos;s" />
    <machine-print-line text="unceasing search for an effective alleviation of his painful malady. None of the numer-" />
    <machine-print-line text="ous conventional remedies to which he had been subjected ever since the symptoms" />
    <machine-print-line text="had first shown themselves seventeen years before had had the slightest effect." />
  </machine-printed-part>
  <handwritten-part>
    <line ass="114" asx="0" asy="693" character-width="999" dss="114" dsx="0" dsy="844" fd0="15996" fd1="2304" fd2="-1062" filter-width="3" id="g06-037n-00" lbs="100" lbx="0" lby="783" segmentation="ok" slant="47000" stroke-width="5622" threshold="191" text="God grant, however, that I may be a false" ubs="144" ubx="0" uby="753">
      <word id="g06-037n-00-00" sentence-start="yes" tag="NP" text="God">
        <cmp x="367" y="720" width="111" height="121" />
        <cmp x="447" y="766" width="29" height="27" />
        <cmp x="473" y="757" width="19" height="9" />
        <cmp x="482" y="755" width="40" height="34" />
        <cmp x="504" y="744" width="49" height="44" />
      </word>
      <word id="g06-037n-00-01" tag="VB" text="grant">
        <cmp x="551" y="746" width="91" height="99" />
        <cmp x="630" y="749" width="45" height="43" />
        <cmp x="664" y="744" width="101" height="43" />
        <cmp x="689" y="769" width="3" height="4" />
        <cmp x="761" y="700" width="68" height="82" />
      </word>
      <word id="g06-037n-00-02" tag="," text=",">
        <cmp x="811" y="773" width="32" height="38" />
      </word>
      <word id="g06-037n-00-03" tag="RB" text="however">
        <cmp x="865" y="712" width="75" height="81" />
        <cmp x="929" y="748" width="30" height="32" />
        <cmp x="954" y="739" width="79" height="47" />
        <cmp x="960" y="747" width="3" height="3" />
        <cmp x="1011" y="741" width="54" height="46" />
        <cmp x="1034" y="754" width="3" height="3" />
        <cmp x="1050" y="734" width="93" height="53" />
        <cmp x="1115" y="744" width="47" height="35" />
      </word>
      <word id="g06-037n-00-04" tag="," text=",">
        <cmp x="1184" y="770" width="35" height="33" />
      </word>
      <word id="g06-037n-00-05" tag="CS" text="that">
        <cmp x="1253" y="691" width="96" height="91" />
        <cmp x="1286" y="691" width="86" height="93" />
        <cmp x="1336" y="732" width="45" height="48" />
        <cmp x="1371" y="759" width="3" height="3" />
        <cmp x="1375" y="699" width="74" height="80" />
      </word>
      <word id="g06-037n-00-06" tag="PP1A" text="I">
        <cmp x="1457" y="693" width="109" height="93" />
      </word>
      <word id="g06-037n-00-07" tag="MD" text="may">
        <cmp x="1529" y="724" width="83" height="53" />
        <cmp x="1595" y="737" width="72" height="90" />
      </word>
      <word id="g06-037n-00-08" tag="BE" text="be">
        <cmp x="1696" y="708" width="82" height="76" />
        <cmp x="1723" y="735" width="75" height="48" />
      </word>
      <word id="g06-037n-00-09" tag="AT" text="a">
        <cmp x="1840" y="737" width="61" height="49" />
      </word>
      <word id="g06-037n-00-10" tag="JJ" text="false">
        <cmp x="1912" y="702" width="121" height="113" />
        <cmp x="1967" y="703" width="152" height="85" />
      </word>
      <lower-contour>
        <point x="365" y="846" />
        <point x="2090" y="846" />
      </lower-contour>
    </line>
    <line ass="519" asx="0" asy="877" character-width="999" dss="519" dsx="0" dsy="1042" fd0="15334" fd1="2191" fd2="-1230" filter-width="4" id="g06-037n-01" lbs="617" lbx="0" lby="973" segmentation="err" slant="45000" stroke-width="5905" threshold="203" text="prophet &amp;amp; that all may go well. Sir R." ubs="324" ubx="0" uby="933">
      <word id="g06-037n-01-00" tag="NN" text="prophet">
        <cmp x="338" y="919" width="86" height="80" />
        <cmp x="415" y="927" width="45" height="42" />
        <cmp x="466" y="916" width="93" height="74" />
        <cmp x="543" y="889" width="91" height="81" />
        <cmp x="631" y="879" width="81" height="81" />
      </word>
      <word id="g06-037n-01-01" tag="CC" text="&amp;">
        <cmp x="753" y="871" width="83" height="95" />
      </word>
      <word id="g06-037n-01-02" tag="CS" text="that">
        <cmp x="891" y="884" width="106" height="89" />
        <cmp x="961" y="875" width="128" height="94" />
      </word>
      <word id="g06-037n-01-03" tag="ABN" text="all">
        <cmp x="1093" y="885" width="173" height="84" />
      </word>
      <word id="g06-037n-01-04" tag="MD" text="may">
        <cmp x="1265" y="920" width="106" height="48" />
        <cmp x="1344" y="921" width="92" height="100" />
        <cmp x="1357" y="981" width="13" height="18" />
      </word>
      <word id="g06-037n-01-05" tag="VB" text="go">
        <cmp x="1405" y="922" width="111" height="109" />
        <cmp x="1514" y="918" width="45" height="39" />
      </word>
      <word id="g06-037n-01-06" tag="RB" text="well">
        <cmp x="1561" y="883" width="239" height="83" />
      </word>
      <word id="g06-037n-01-07" tag="." text=".">
        <cmp x="1808" y="948" width="11" height="5" />
      </word>
      <word id="g06-037n-01-08" sentence-start="yes" tag="NPT" text="Sir">
        <cmp x="1839" y="880" width="95" height="92" />
        <cmp x="1882" y="913" width="76" height="44" />
      </word>
      <word id="g06-037n-01-09" tag="NP" text="R.">
        <cmp x="1999" y="884" width="90" height="74" />
        <cmp x="2050" y="951" width="5" height="5" />
      </word>
      <upper-contour>
        <point x="365" y="846" />
        <point x="2090" y="846" />
      </upper-contour>
      <lower-contour>
        <point x="336" y="1031" />
        <point x="2075" y="1031" />
      </lower-contour>
    </line>
    <line ass="-265" asx="0" asy="1053" character-width="999" dss="-265" dsx="0" dsy="1170" fd0="15135" fd1="2162" fd2="-1076" filter-width="4" id="g06-037n-02" lbs="-186" lbx="0" lby="1135" segmentation="ok" slant="32000" stroke-width="5879" threshold="191" text="Peel was here, I understand, but an" ubs="-423" ubx="0" uby="1096">
      <word id="g06-037n-02-00" tag="NP" text="Peel">
        <cmp x="338" y="1057" width="82" height="79" />
        <cmp x="373" y="1088" width="81" height="55" />
        <cmp x="440" y="1063" width="68" height="78" />
        <cmp x="508" y="1057" width="9" height="5" />
      </word>
      <word id="g06-037n-02-01" tag="BEDZ" text="was">
        <cmp x="542" y="1099" width="107" height="51" />
        <cmp x="630" y="1102" width="93" height="46" />
      </word>
      <word id="g06-037n-02-02" tag="RN" text="here">
        <cmp x="774" y="1057" width="115" height="97" />
        <cmp x="869" y="1093" width="96" height="60" />
      </word>
      <word id="g06-037n-02-03" tag="," text=",">
        <cmp x="939" y="1144" width="34" height="31" />
      </word>
      <word id="g06-037n-02-04" tag="PP1A" text="I">
        <cmp x="1038" y="1062" width="94" height="95" />
      </word>
      <word id="g06-037n-02-05" tag="VB" text="understand">
        <cmp x="1140" y="1102" width="98" height="45" />
        <cmp x="1226" y="1105" width="71" height="37" />
        <cmp x="1296" y="1075" width="139" height="71" />
        <cmp x="1336" y="1101" width="11" height="12" />
        <cmp x="1431" y="1096" width="65" height="57" />
        <cmp x="1478" y="1060" width="94" height="87" />
        <cmp x="1513" y="1100" width="119" height="42" />
        <cmp x="1617" y="1071" width="122" height="71" />
      </word>
      <word id="g06-037n-02-06" tag="," text=",">
        <cmp x="1696" y="1137" width="36" height="28" />
      </word>
      <word id="g06-037n-02-07" tag="CC" text="but">
        <cmp x="1793" y="1067" width="96" height="84" />
        <cmp x="1872" y="1111" width="38" height="30" />
        <cmp x="1912" y="1063" width="71" height="81" />
      </word>
      <word id="g06-037n-02-08" tag="AT" text="an">
        <cmp x="1980" y="1094" width="77" height="49" />
        <cmp x="2026" y="1110" width="49" height="34" />
      </word>
      <upper-contour>
        <point x="336" y="1031" />
        <point x="2075" y="1031" />
      </upper-contour>
      <lower-contour>
        <point x="359" y="1175" />
        <point x="1801" y="1175" />
      </lower-contour>
    </line>
    <line ass="78" asx="0" asy="1239" character-width="999" dss="78" dsx="0" dsy="1379" fd0="15316" fd1="2175" fd2="-1669" filter-width="4" id="g06-037n-03" lbs="269" lbx="0" lby="1326" segmentation="ok" slant="45000" stroke-width="5872" threshold="191" text="express took him off yesterday.&apos;" ubs="-303" ubx="0" uby="1285">
      <word id="g06-037n-03-00" tag="NN" text="express">
        <cmp x="361" y="1274" width="86" height="52" />
        <cmp x="414" y="1282" width="83" height="65" />
        <cmp x="484" y="1283" width="137" height="45" />
      </word>
      <word id="g06-037n-03-01" tag="VBD" text="took">
        <cmp x="690" y="1247" width="101" height="86" />
        <cmp x="750" y="1278" width="76" height="56" />
        <cmp x="793" y="1247" width="109" height="84" />
      </word>
      <word id="g06-037n-03-02" tag="PP3O" text="him">
        <cmp x="942" y="1247" width="93" height="77" />
        <cmp x="998" y="1278" width="119" height="45" />
      </word>
      <word id="g06-037n-03-03" tag="RP" text="off">
        <cmp x="1146" y="1241" width="151" height="110" />
      </word>
      <word id="g06-037n-03-04" tag="NR" text="yesterday">
        <cmp x="1284" y="1275" width="137" height="104" />
        <cmp x="1398" y="1268" width="80" height="70" />
        <cmp x="1434" y="1241" width="91" height="87" />
        <cmp x="1496" y="1285" width="53" height="41" />
        <cmp x="1563" y="1256" width="106" height="67" />
        <cmp x="1625" y="1283" width="83" height="89" />
      </word>
      <word id="g06-037n-03-05" tag="." text=".">
        <cmp x="1718" y="1308" width="6" height="9" />
      </word>
      <word id="g06-037n-03-06" tag="**&apos;" text="&apos;">
        <cmp x="1777" y="1238" width="23" height="22" />
      </word>
      <upper-contour>
        <point x="359" y="1175" />
        <point x="1801" y="1175" />
      </upper-contour>
      <lower-contour>
        <point x="395" y="1379" />
        <point x="1801" y="1379" />
      </lower-contour>
    </line>
    <line ass="-148" asx="0" asy="1416" character-width="999" dss="-148" dsx="0" dsy="1524" fd0="15137" fd1="2083" fd2="-2115" filter-width="4" id="g06-037n-04" lbs="-24" lbx="0" lby="1492" segmentation="ok" slant="33000" stroke-width="5805" threshold="186" text="While he was in Naples there had" ubs="-396" ubx="0" uby="1453">
      <word id="g06-037n-04-00" sentence-start="yes" tag="CS" text="While">
        <cmp x="397" y="1420" width="125" height="83" />
        <cmp x="446" y="1420" width="196" height="90" />
        <cmp x="592" y="1428" width="7" height="5" />
      </word>
      <word id="g06-037n-04-01" tag="PP3A" text="he">
        <cmp x="683" y="1429" width="111" height="78" />
      </word>
      <word id="g06-037n-04-02" tag="BEDZ" text="was">
        <cmp x="818" y="1455" width="100" height="51" />
        <cmp x="896" y="1462" width="109" height="43" />
      </word>
      <word id="g06-037n-04-03" tag="IN" text="in">
        <cmp x="1058" y="1468" width="118" height="38" />
        <cmp x="1157" y="1428" width="8" height="10" />
      </word>
      <word id="g06-037n-04-04" tag="NP" text="Naples">
        <cmp x="1242" y="1431" width="131" height="72" />
        <cmp x="1328" y="1454" width="59" height="42" />
        <cmp x="1340" y="1461" width="91" height="68" />
        <cmp x="1427" y="1422" width="109" height="78" />
      </word>
      <word id="g06-037n-04-05" tag="EX" text="there">
        <cmp x="1569" y="1420" width="142" height="88" />
        <cmp x="1690" y="1459" width="88" height="47" />
      </word>
      <word id="g06-037n-04-06" tag="HVD" text="had">
        <cmp x="1808" y="1427" width="109" height="76" />
        <cmp x="1877" y="1457" width="59" height="39" />
        <cmp x="1923" y="1430" width="116" height="66" />
        <cmp x="1993" y="1474" width="14" height="7" />
      </word>
      <upper-contour>
        <point x="395" y="1379" />
        <point x="1801" y="1379" />
      </upper-contour>
      <lower-contour>
        <point x="395" y="1529" />
        <point x="2040" y="1529" />
      </lower-contour>
    </line>
    <line ass="-44" asx="0" asy="1588" character-width="999" dss="-44" dsx="0" dsy="1746" fd0="14342" fd1="1771" fd2="-1752" filter-width="4" id="g06-037n-05" lbs="46" lbx="0" lby="1677" segmentation="err" slant="38000" stroke-width="5984" threshold="191" text="opened a new chapter in the history" ubs="-226" ubx="0" uby="1637">
      <word id="g06-037n-05-00" tag="VBN" text="opened">
        <cmp x="380" y="1621" width="136" height="84" />
        <cmp x="488" y="1632" width="104" height="51" />
        <cmp x="605" y="1604" width="101" height="70" />
      </word>
      <word id="g06-037n-05-01" tag="AT" text="a">
        <cmp x="707" y="1630" width="73" height="53" />
        <cmp x="759" y="1665" width="4" height="4" />
      </word>
      <word id="g06-037n-05-02" tag="JJ" text="new">
        <cmp x="838" y="1644" width="74" height="44" />
        <cmp x="896" y="1636" width="127" height="47" />
      </word>
      <word id="g06-037n-05-03" tag="NN" text="chapter">
        <cmp x="1052" y="1606" width="121" height="73" />
        <cmp x="1142" y="1638" width="59" height="39" />
        <cmp x="1148" y="1641" width="104" height="72" />
        <cmp x="1258" y="1597" width="98" height="78" />
        <cmp x="1327" y="1632" width="71" height="49" />
      </word>
      <word id="g06-037n-05-04" tag="IN" text="in">
        <cmp x="1408" y="1639" width="111" height="46" />
      </word>
      <word id="g06-037n-05-05" tag="ATI" text="the">
        <cmp x="1557" y="1591" width="148" height="96" />
      </word>
      <word id="g06-037n-05-06" tag="NN" text="history">
        <cmp x="1762" y="1602" width="168" height="84" />
        <cmp x="1910" y="1590" width="184" height="159" />
        <cmp x="1929" y="1601" width="6" height="9" />
      </word>
      <upper-contour>
        <point x="395" y="1529" />
        <point x="2040" y="1529" />
      </upper-contour>
      <lower-contour>
        <point x="396" y="1748" />
        <point x="2095" y="1748" />
      </lower-contour>
    </line>
    <line ass="455" asx="0" asy="1782" character-width="999" dss="455" dsx="0" dsy="1931" fd0="15091" fd1="2218" fd2="-1642" filter-width="3" id="g06-037n-06" lbs="518" lbx="0" lby="1868" segmentation="ok" slant="45000" stroke-width="5641" threshold="186" text="of Anglesey&apos;s unceasing search for" ubs="329" ubx="0" uby="1837">
      <word id="g06-037n-06-00" tag="INO" text="of">
        <cmp x="398" y="1778" width="138" height="112" />
      </word>
      <word id="g06-037n-06-01" tag="NP$" text="Anglesey&apos;s">
        <cmp x="587" y="1793" width="141" height="73" />
        <cmp x="660" y="1788" width="194" height="136" />
        <cmp x="843" y="1807" width="64" height="61" />
        <cmp x="880" y="1813" width="108" height="98" />
        <cmp x="1018" y="1781" width="34" height="34" />
        <cmp x="1012" y="1811" width="44" height="50" />
      </word>
      <word id="g06-037n-06-02" tag="JJ" text="unceasing">
        <cmp x="1095" y="1825" width="141" height="46" />
        <cmp x="1240" y="1823" width="59" height="51" />
        <cmp x="1299" y="1813" width="64" height="49" />
        <cmp x="1311" y="1817" width="4" height="4" />
        <cmp x="1325" y="1816" width="120" height="50" />
        <cmp x="1427" y="1819" width="52" height="45" />
        <cmp x="1457" y="1815" width="77" height="45" />
        <cmp x="1467" y="1823" width="106" height="98" />
        <cmp x="1518" y="1771" width="13" height="9" />
        <cmp x="1567" y="1818" width="9" height="5" />
      </word>
      <word id="g06-037n-06-03" tag="NN" text="search">
        <cmp x="1638" y="1799" width="116" height="75" />
        <cmp x="1707" y="1813" width="79" height="46" />
        <cmp x="1766" y="1818" width="53" height="41" />
        <cmp x="1796" y="1782" width="135" height="79" />
      </word>
      <word id="g06-037n-06-04" tag="IN" text="for">
        <cmp x="1936" y="1780" width="118" height="112" />
        <cmp x="2001" y="1807" width="100" height="50" />
      </word>
      <upper-contour>
        <point x="396" y="1748" />
        <point x="2095" y="1748" />
      </upper-contour>
      <lower-contour>
        <point x="396" y="1925" />
        <point x="2101" y="1925" />
      </lower-contour>
    </line>
    <line ass="-52" asx="0" asy="1946" character-width="999" dss="-52" dsx="0" dsy="2075" fd0="14380" fd1="1839" fd2="-1908" filter-width="4" id="g06-037n-07" lbs="-232" lbx="0" lby="2029" segmentation="err" slant="36000" stroke-width="5867" threshold="186" text="an effective alleviation of his painful" ubs="307" ubx="0" uby="2006">
      <word id="g06-037n-07-00" tag="AT" text="an">
        <cmp x="371" y="1993" width="117" height="49" />
      </word>
      <word id="g06-037n-07-01" tag="JJ" text="effective">
        <cmp x="557" y="1972" width="195" height="98" />
        <cmp x="725" y="2002" width="53" height="40" />
        <cmp x="755" y="2027" width="14" height="6" />
        <cmp x="784" y="1954" width="81" height="80" />
        <cmp x="837" y="1979" width="102" height="67" />
        <cmp x="890" y="1951" width="5" height="4" />
      </word>
      <word id="g06-037n-07-02" tag="NN" text="alleviation">
        <cmp x="961" y="1958" width="183" height="79" />
        <cmp x="1112" y="1991" width="91" height="51" />
        <cmp x="1154" y="2009" width="31" height="29" />
        <cmp x="1182" y="1995" width="61" height="44" />
        <cmp x="1235" y="1953" width="6" height="8" />
        <cmp x="1235" y="2023" width="7" height="5" />
        <cmp x="1246" y="1948" width="97" height="89" />
        <cmp x="1309" y="1998" width="109" height="40" />
        <cmp x="1359" y="1964" width="6" height="7" />
      </word>
      <word id="g06-037n-07-03" tag="INO" text="of">
        <cmp x="1460" y="1948" width="145" height="123" />
      </word>
      <word id="g06-037n-07-04" tag="PP$" text="his">
        <cmp x="1599" y="1965" width="158" height="82" />
        <cmp x="1746" y="1964" width="6" height="8" />
      </word>
      <word id="g06-037n-07-05" tag="JJ" text="painful">
        <cmp x="1745" y="1989" width="108" height="89" />
        <cmp x="1831" y="1990" width="169" height="51" />
        <cmp x="1955" y="1952" width="221" height="108" />
        <cmp x="1975" y="1955" width="7" height="11" />
      </word>
      <upper-contour>
        <point x="396" y="1925" />
        <point x="2101" y="1925" />
      </upper-contour>
      <lower-contour>
        <point x="398" y="2077" />
        <point x="2058" y="2077" />
      </lower-contour>
    </line>
    <line ass="-354" asx="0" asy="2129" character-width="999" dss="-354" dsx="0" dsy="2250" fd0="15255" fd1="1727" fd2="-1898" filter-width="3" id="g06-037n-08" lbs="-293" lbx="0" lby="2206" segmentation="ok" slant="33000" stroke-width="5617" threshold="191" text="malady. None of the numerous con-" ubs="-477" ubx="0" uby="2174">
      <word id="g06-037n-08-00" tag="NN" text="malady">
        <cmp x="400" y="2171" width="78" height="39" />
        <cmp x="459" y="2177" width="44" height="38" />
        <cmp x="503" y="2180" width="47" height="35" />
        <cmp x="572" y="2148" width="96" height="64" />
        <cmp x="610" y="2199" width="6" height="4" />
        <cmp x="629" y="2174" width="44" height="33" />
        <cmp x="671" y="2146" width="106" height="110" />
      </word>
      <word id="g06-037n-08-01" tag="." text=".">
        <cmp x="819" y="2203" width="11" height="5" />
      </word>
      <word id="g06-037n-08-02" sentence-start="yes" tag="PN" text="None">
        <cmp x="882" y="2151" width="113" height="67" />
        <cmp x="954" y="2177" width="38" height="38" />
        <cmp x="974" y="2178" width="43" height="38" />
        <cmp x="998" y="2181" width="38" height="39" />
        <cmp x="1020" y="2181" width="42" height="34" />
      </word>
      <word id="g06-037n-08-03" tag="INO" text="of">
        <cmp x="1131" y="2137" width="117" height="101" />
      </word>
      <word id="g06-037n-08-04" tag="ATI" text="the">
        <cmp x="1252" y="2137" width="124" height="81" />
        <cmp x="1305" y="2174" width="46" height="31" />
        <cmp x="1311" y="2177" width="73" height="42" />
        <cmp x="1365" y="2198" width="10" height="7" />
      </word>
      <word id="g06-037n-08-05" tag="JJ" text="numerous">
        <cmp x="1435" y="2175" width="76" height="54" />
        <cmp x="1502" y="2173" width="58" height="46" />
        <cmp x="1512" y="2194" width="4" height="3" />
        <cmp x="1540" y="2173" width="126" height="47" />
        <cmp x="1580" y="2175" width="7" height="4" />
        <cmp x="1636" y="2195" width="18" height="13" />
        <cmp x="1641" y="2172" width="65" height="48" />
        <cmp x="1685" y="2177" width="78" height="52" />
        <cmp x="1742" y="2180" width="83" height="46" />
      </word>
      <word id="g06-037n-08-06" tag="JJ-" text="con-">
        <cmp x="1883" y="2171" width="59" height="51" />
        <cmp x="1923" y="2177" width="103" height="43" />
        <cmp x="1961" y="2177" width="10" height="5" />
        <cmp x="2038" y="2188" width="19" height="10" />
      </word>
      <upper-contour>
        <point x="398" y="2077" />
        <point x="2058" y="2077" />
      </upper-contour>
      <lower-contour>
        <point x="398" y="2257" />
        <point x="2058" y="2257" />
      </lower-contour>
    </line>
    <line ass="-13" asx="0" asy="2315" character-width="999" dss="-13" dsx="0" dsy="2401" fd0="14963" fd1="2245" fd2="-1569" filter-width="3" id="g06-037n-09" lbs="10" lbx="0" lby="2390" segmentation="ok" slant="34000" stroke-width="5659" threshold="191" text="ventional remedies to which he had" ubs="-62" ubx="0" uby="2354">
      <word id="g06-037n-09-00" tag="-JJ" text="ventional">
        <cmp x="399" y="2337" width="67" height="51" />
        <cmp x="445" y="2351" width="55" height="41" />
        <cmp x="474" y="2355" width="66" height="42" />
        <cmp x="517" y="2349" width="7" height="5" />
        <cmp x="534" y="2316" width="86" height="82" />
        <cmp x="592" y="2350" width="55" height="47" />
        <cmp x="632" y="2322" width="6" height="7" />
        <cmp x="640" y="2354" width="66" height="45" />
        <cmp x="706" y="2355" width="41" height="45" />
        <cmp x="742" y="2323" width="92" height="72" />
      </word>
      <word id="g06-037n-09-01" tag="NNS" text="remedies">
        <cmp x="868" y="2351" width="94" height="49" />
        <cmp x="938" y="2355" width="128" height="47" />
        <cmp x="1065" y="2329" width="102" height="69" />
        <cmp x="1137" y="2351" width="99" height="45" />
        <cmp x="1209" y="2319" width="7" height="9" />
      </word>
      <word id="g06-037n-09-02" tag="IN" text="to">
        <cmp x="1261" y="2316" width="107" height="87" />
        <cmp x="1296" y="2356" width="55" height="45" />
      </word>
      <word id="g06-037n-09-03" tag="WDT" text="which">
        <cmp x="1401" y="2358" width="77" height="41" />
        <cmp x="1442" y="2324" width="131" height="76" />
        <cmp x="1513" y="2357" width="80" height="42" />
        <cmp x="1578" y="2358" width="47" height="38" />
        <cmp x="1605" y="2323" width="98" height="72" />
        <cmp x="1637" y="2324" width="6" height="7" />
      </word>
      <word id="g06-037n-09-04" tag="PP3A" text="he">
        <cmp x="1734" y="2326" width="109" height="72" />
      </word>
      <word id="g06-037n-09-05" tag="HVD" text="had">
        <cmp x="1875" y="2326" width="96" height="74" />
        <cmp x="1946" y="2359" width="49" height="33" />
        <cmp x="1999" y="2332" width="96" height="57" />
        <cmp x="2045" y="2355" width="4" height="4" />
      </word>
      <upper-contour>
        <point x="398" y="2257" />
        <point x="2058" y="2257" />
      </upper-contour>
      <lower-contour>
        <point x="397" y="2403" />
        <point x="2095" y="2403" />
      </lower-contour>
    </line>
    <line ass="-510" asx="0" asy="2469" character-width="999" dss="-510" dsx="0" dsy="2610" fd0="15401" fd1="2429" fd2="-1398" filter-width="4" id="g06-037n-10" lbs="-599" lbx="0" lby="2555" segmentation="ok" slant="39000" stroke-width="5768" threshold="186" text="been subjected ever since the symptoms" ubs="-331" ubx="0" uby="2535">
      <word id="g06-037n-10-00" tag="BEN" text="been">
        <cmp x="369" y="2498" width="130" height="77" />
        <cmp x="471" y="2557" width="11" height="6" />
        <cmp x="472" y="2534" width="67" height="42" />
      </word>
      <word id="g06-037n-10-01" tag="VBN" text="subjected">
        <cmp x="606" y="2529" width="72" height="51" />
        <cmp x="660" y="2538" width="76" height="37" />
        <cmp x="702" y="2532" width="8" height="4" />
        <cmp x="711" y="2508" width="81" height="68" />
        <cmp x="715" y="2536" width="119" height="82" />
        <cmp x="737" y="2539" width="5" height="4" />
        <cmp x="746" y="2533" width="7" height="4" />
        <cmp x="756" y="2528" width="6" height="4" />
        <cmp x="834" y="2532" width="64" height="48" />
        <cmp x="838" y="2498" width="5" height="7" />
        <cmp x="879" y="2496" width="101" height="83" />
        <cmp x="957" y="2497" width="126" height="77" />
      </word>
      <word id="g06-037n-10-02" tag="RB" text="ever">
        <cmp x="1161" y="2528" width="72" height="45" />
        <cmp x="1214" y="2531" width="88" height="46" />
        <cmp x="1277" y="2538" width="42" height="37" />
      </word>
      <word id="g06-037n-10-03" tag="CS" text="since">
        <cmp x="1347" y="2530" width="69" height="58" />
        <cmp x="1391" y="2535" width="52" height="42" />
        <cmp x="1416" y="2534" width="71" height="40" />
        <cmp x="1474" y="2497" width="5" height="7" />
        <cmp x="1474" y="2527" width="83" height="47" />
      </word>
      <word id="g06-037n-10-04" tag="ATI" text="the">
        <cmp x="1619" y="2501" width="134" height="78" />
        <cmp x="1701" y="2534" width="58" height="35" />
      </word>
      <word id="g06-037n-10-05" tag="NNS" text="symptoms">
        <cmp x="1813" y="2527" width="71" height="64" />
        <cmp x="1822" y="2537" width="84" height="92" />
        <cmp x="1901" y="2532" width="94" height="43" />
        <cmp x="1956" y="2524" width="90" height="97" />
        <cmp x="2041" y="2496" width="137" height="77" />
        <cmp x="2113" y="2489" width="7" height="8" />
        <cmp x="2161" y="2536" width="44" height="42" />
      </word>
      <upper-contour>
        <point x="397" y="2403" />
        <point x="2095" y="2403" />
      </upper-contour>
    </line>
  </handwritten-part>
</form>

