<?xml version="1.0" encoding="ISO-8859-1"?>

<!DOCTYPE form SYSTEM 'http://www.iam.unibe.ch/~fki/iamdb/form-metadata.dtd'>

<form created="2002-01-18" height="3542" id="g06-031p" last-modified="2002-07-24" skew="-63" status="final" version="3.0_beta" width="2479" writer-id="347">
  <machine-printed-part>
    <machine-print-line text="&apos;What a frightful event!&apos; he wrote. &apos;I tremble! What infatuation! Personally I am" />
    <machine-print-line text="indifferent, but I really tremble for my country! I may be mistaken, 1tho&apos; I cannot but" />
    <machine-print-line text="fear that the exasperation of the People will be so great at the return of Ultratoryism," />
    <machine-print-line text="that the Commons House upon a dissolution, which must be had, will be a mass of" />
    <machine-print-line text="Radicalism, &amp; then God knows what may happen...." />
  </machine-printed-part>
  <handwritten-part>
    <line ass="-23" asx="0" asy="706" character-width="999" dss="-23" dsx="0" dsy="818" fd0="12582" fd1="3220" fd2="-1289" filter-width="4" id="g06-031p-00" lbs="69" lbx="0" lby="783" segmentation="ok" slant="90000" stroke-width="6006" threshold="194" text="&apos;What a frightful event!&apos; he wrote. &apos;I tremble! What infa-" ubs="-210" ubx="0" uby="736">
      <word id="g06-031p-00-00" sentence-start="yes" tag="*&apos;" text="&apos;">
        <cmp x="352" y="711" width="8" height="22" />
      </word>
      <word id="g06-031p-00-01" tag="WDT" text="What">
        <cmp x="370" y="720" width="37" height="59" />
        <cmp x="414" y="717" width="31" height="57" />
        <cmp x="453" y="728" width="25" height="50" />
        <cmp x="480" y="715" width="16" height="61" />
      </word>
      <word id="g06-031p-00-02" tag="AT" text="a">
        <cmp x="532" y="735" width="30" height="44" />
      </word>
      <word id="g06-031p-00-03" tag="JJ" text="frightful">
        <cmp x="590" y="713" width="54" height="84" />
        <cmp x="650" y="745" width="8" height="38" />
        <cmp x="657" y="726" width="7" height="7" />
        <cmp x="664" y="741" width="32" height="78" />
        <cmp x="699" y="721" width="30" height="60" />
        <cmp x="732" y="720" width="29" height="61" />
        <cmp x="759" y="714" width="58" height="87" />
        <cmp x="826" y="715" width="8" height="65" />
      </word>
      <word id="g06-031p-00-04" tag="NN" text="event">
        <cmp x="876" y="746" width="28" height="40" />
        <cmp x="913" y="741" width="21" height="43" />
        <cmp x="935" y="721" width="80" height="63" />
      </word>
      <word id="g06-031p-00-05" tag="!" text="!">
        <cmp x="1057" y="722" width="7" height="36" />
        <cmp x="1060" y="773" width="6" height="6" />
      </word>
      <word id="g06-031p-00-06" tag="**&apos;" text="&apos;">
        <cmp x="1082" y="708" width="8" height="27" />
      </word>
      <word id="g06-031p-00-07" tag="PP3A" text="he">
        <cmp x="1120" y="724" width="33" height="57" />
        <cmp x="1162" y="745" width="22" height="33" />
      </word>
      <word id="g06-031p-00-08" tag="VBD" text="wrote">
        <cmp x="1212" y="748" width="33" height="35" />
        <cmp x="1250" y="742" width="22" height="39" />
        <cmp x="1274" y="742" width="20" height="40" />
        <cmp x="1297" y="729" width="25" height="54" />
        <cmp x="1325" y="745" width="24" height="37" />
      </word>
      <word id="g06-031p-00-09" tag="." text=".">
        <cmp x="1366" y="773" width="7" height="7" />
      </word>
      <word id="g06-031p-00-10" sentence-start="yes" tag="*&apos;" text="&apos;">
        <cmp x="1411" y="719" width="7" height="22" />
      </word>
      <word id="g06-031p-00-11" tag="PP1A" text="I">
        <cmp x="1436" y="722" width="22" height="64" />
      </word>
      <word id="g06-031p-00-12" tag="VB" text="tremble">
        <cmp x="1487" y="729" width="44" height="58" />
        <cmp x="1532" y="744" width="80" height="46" />
        <cmp x="1619" y="728" width="32" height="58" />
        <cmp x="1654" y="726" width="45" height="57" />
      </word>
      <word id="g06-031p-00-13" tag="!" text="!">
        <cmp x="1730" y="726" width="8" height="39" />
        <cmp x="1737" y="769" width="6" height="6" />
      </word>
      <word id="g06-031p-00-14" sentence-start="yes" tag="WDT" text="What">
        <cmp x="1784" y="729" width="43" height="55" />
        <cmp x="1834" y="730" width="34" height="58" />
        <cmp x="1874" y="724" width="55" height="62" />
      </word>
      <word id="g06-031p-00-15" tag="NN-" text="infa-">
        <cmp x="1985" y="741" width="8" height="34" />
        <cmp x="1987" y="726" width="5" height="8" />
        <cmp x="2003" y="735" width="28" height="50" />
        <cmp x="2033" y="722" width="30" height="78" />
        <cmp x="2058" y="744" width="32" height="40" />
        <cmp x="2105" y="752" width="31" height="8" />
      </word>
      <lower-contour>
        <point x="369" y="819" />
        <point x="2137" y="819" />
      </lower-contour>
    </line>
    <line ass="-281" asx="0" asy="880" character-width="999" dss="-281" dsx="0" dsy="991" fd0="12530" fd1="3153" fd2="-1831" filter-width="4" id="g06-031p-01" lbs="-283" lbx="0" lby="954" segmentation="ok" slant="90000" stroke-width="5899" threshold="195" text="tuation! Personally I am indifferent, but I really tremble" ubs="-277" ubx="0" uby="908">
      <word id="g06-031p-01-00" tag="-NN" text="tuation">
        <cmp x="371" y="895" width="50" height="62" />
        <cmp x="430" y="910" width="33" height="49" />
        <cmp x="468" y="895" width="43" height="64" />
        <cmp x="508" y="896" width="7" height="7" />
        <cmp x="523" y="912" width="20" height="48" />
        <cmp x="548" y="912" width="33" height="43" />
      </word>
      <word id="g06-031p-01-01" tag="!" text="!">
        <cmp x="604" y="892" width="9" height="46" />
        <cmp x="604" y="949" width="8" height="7" />
      </word>
      <word id="g06-031p-01-02" sentence-start="yes" tag="RB" text="Personally">
        <cmp x="664" y="893" width="35" height="68" />
        <cmp x="700" y="912" width="56" height="44" />
        <cmp x="753" y="913" width="28" height="49" />
        <cmp x="783" y="916" width="25" height="44" />
        <cmp x="816" y="912" width="30" height="51" />
        <cmp x="853" y="917" width="33" height="46" />
        <cmp x="896" y="897" width="11" height="64" />
        <cmp x="913" y="899" width="9" height="59" />
        <cmp x="927" y="916" width="23" height="80" />
      </word>
      <word id="g06-031p-01-03" tag="PP1A" text="I">
        <cmp x="1008" y="899" width="26" height="55" />
      </word>
      <word id="g06-031p-01-04" tag="BEM" text="am">
        <cmp x="1068" y="915" width="27" height="44" />
        <cmp x="1106" y="914" width="51" height="42" />
      </word>
      <word id="g06-031p-01-05" tag="JJ" text="indifferent">
        <cmp x="1197" y="919" width="8" height="39" />
        <cmp x="1199" y="900" width="6" height="9" />
        <cmp x="1214" y="916" width="31" height="45" />
        <cmp x="1253" y="892" width="28" height="74" />
        <cmp x="1287" y="912" width="10" height="38" />
        <cmp x="1289" y="897" width="6" height="5" />
        <cmp x="1312" y="888" width="35" height="99" />
        <cmp x="1352" y="918" width="51" height="43" />
        <cmp x="1402" y="923" width="62" height="44" />
        <cmp x="1466" y="898" width="32" height="70" />
      </word>
      <word id="g06-031p-01-06" tag="," text=",">
        <cmp x="1511" y="952" width="7" height="33" />
      </word>
      <word id="g06-031p-01-07" tag="CC" text="but">
        <cmp x="1569" y="896" width="39" height="62" />
        <cmp x="1614" y="914" width="28" height="49" />
        <cmp x="1643" y="896" width="27" height="60" />
      </word>
      <word id="g06-031p-01-08" tag="PP1A" text="I">
        <cmp x="1691" y="898" width="39" height="68" />
      </word>
      <word id="g06-031p-01-09" tag="RB" text="really">
        <cmp x="1753" y="919" width="18" height="40" />
        <cmp x="1775" y="918" width="24" height="44" />
        <cmp x="1805" y="917" width="31" height="41" />
        <cmp x="1842" y="899" width="8" height="58" />
        <cmp x="1855" y="899" width="9" height="59" />
        <cmp x="1872" y="917" width="20" height="70" />
      </word>
      <word id="g06-031p-01-10" tag="VB" text="tremble">
        <cmp x="1930" y="896" width="42" height="65" />
        <cmp x="1977" y="920" width="77" height="42" />
        <cmp x="2066" y="903" width="35" height="62" />
        <cmp x="2104" y="907" width="10" height="52" />
        <cmp x="2116" y="923" width="33" height="40" />
      </word>
      <upper-contour>
        <point x="369" y="819" />
        <point x="2137" y="819" />
      </upper-contour>
      <lower-contour>
        <point x="379" y="996" />
        <point x="2107" y="996" />
      </lower-contour>
    </line>
    <line ass="-43" asx="0" asy="1059" character-width="999" dss="-43" dsx="0" dsy="1171" fd0="12681" fd1="3148" fd2="-1259" filter-width="4" id="g06-031p-02" lbs="-4" lbx="0" lby="1139" segmentation="ok" slant="90000" stroke-width="5938" threshold="196" text="for my country! I may be mistaken, 1tho&apos; I cannot but" ubs="-120" ubx="0" uby="1091">
      <word id="g06-031p-02-00" tag="IN" text="for">
        <cmp x="381" y="1071" width="25" height="92" />
        <cmp x="408" y="1088" width="16" height="42" />
        <cmp x="430" y="1085" width="20" height="44" />
      </word>
      <word id="g06-031p-02-01" tag="PP$" text="my">
        <cmp x="474" y="1083" width="50" height="55" />
        <cmp x="533" y="1086" width="24" height="76" />
      </word>
      <word id="g06-031p-02-02" tag="NN" text="country">
        <cmp x="597" y="1086" width="18" height="53" />
        <cmp x="628" y="1088" width="18" height="48" />
        <cmp x="652" y="1088" width="27" height="48" />
        <cmp x="685" y="1087" width="28" height="55" />
        <cmp x="721" y="1074" width="52" height="64" />
        <cmp x="773" y="1096" width="24" height="74" />
      </word>
      <word id="g06-031p-02-03" tag="!" text="!">
        <cmp x="812" y="1061" width="9" height="43" />
        <cmp x="812" y="1121" width="8" height="7" />
      </word>
      <word id="g06-031p-02-04" sentence-start="yes" tag="PP1A" text="I">
        <cmp x="851" y="1069" width="32" height="69" />
      </word>
      <word id="g06-031p-02-05" tag="MD" text="may">
        <cmp x="918" y="1096" width="57" height="41" />
        <cmp x="985" y="1097" width="27" height="40" />
        <cmp x="1018" y="1095" width="27" height="77" />
      </word>
      <word id="g06-031p-02-06" tag="BE" text="be">
        <cmp x="1087" y="1075" width="34" height="66" />
        <cmp x="1122" y="1097" width="31" height="40" />
      </word>
      <word id="g06-031p-02-07" tag="JJ" text="mistaken">
        <cmp x="1186" y="1094" width="44" height="45" />
        <cmp x="1238" y="1096" width="8" height="44" />
        <cmp x="1243" y="1076" width="5" height="6" />
        <cmp x="1252" y="1092" width="30" height="42" />
        <cmp x="1295" y="1075" width="29" height="61" />
        <cmp x="1325" y="1092" width="30" height="47" />
        <cmp x="1365" y="1077" width="27" height="61" />
        <cmp x="1396" y="1095" width="77" height="51" />
      </word>
      <word id="g06-031p-02-08" tag="," text=",">
        <cmp x="1489" y="1115" width="12" height="45" />
      </word>
      <word id="g06-031p-02-09" tag="CS" text="1tho&apos;">
        <cmp x="1552" y="1082" width="21" height="56" />
        <cmp x="1587" y="1076" width="24" height="58" />
        <cmp x="1615" y="1076" width="32" height="58" />
        <cmp x="1661" y="1100" width="22" height="39" />
        <cmp x="1690" y="1088" width="6" height="23" />
      </word>
      <word id="g06-031p-02-10" tag="PP1A" text="I">
        <cmp x="1712" y="1082" width="33" height="64" />
      </word>
      <word id="g06-031p-02-11" tag="MDX" text="cannot">
        <cmp x="1781" y="1102" width="23" height="47" />
        <cmp x="1808" y="1100" width="31" height="48" />
        <cmp x="1843" y="1100" width="37" height="43" />
        <cmp x="1885" y="1100" width="34" height="45" />
        <cmp x="1924" y="1095" width="24" height="46" />
        <cmp x="1950" y="1071" width="29" height="59" />
      </word>
      <word id="g06-031p-02-12" tag="CS" text="but">
        <cmp x="2011" y="1076" width="32" height="66" />
        <cmp x="2047" y="1099" width="30" height="42" />
        <cmp x="2078" y="1080" width="29" height="56" />
      </word>
      <upper-contour>
        <point x="379" y="996" />
        <point x="2107" y="996" />
      </upper-contour>
      <lower-contour>
        <point x="379" y="1172" />
        <point x="2107" y="1172" />
      </lower-contour>
    </line>
    <line ass="-70" asx="0" asy="1250" character-width="999" dss="-70" dsx="0" dsy="1359" fd0="12778" fd1="2796" fd2="-1759" filter-width="4" id="g06-031p-03" lbs="10" lbx="0" lby="1320" segmentation="ok" slant="90000" stroke-width="5758" threshold="199" text="fear that the exasperation of the People will be so great" ubs="-232" ubx="0" uby="1271">
      <word id="g06-031p-03-00" tag="VB" text="fear">
        <cmp x="381" y="1252" width="25" height="93" />
        <cmp x="408" y="1272" width="21" height="50" />
        <cmp x="429" y="1275" width="30" height="46" />
        <cmp x="467" y="1269" width="30" height="52" />
      </word>
      <word id="g06-031p-03-01" tag="CS" text="that">
        <cmp x="523" y="1260" width="28" height="63" />
        <cmp x="553" y="1260" width="40" height="64" />
        <cmp x="597" y="1275" width="30" height="47" />
        <cmp x="633" y="1259" width="33" height="55" />
      </word>
      <word id="g06-031p-03-02" tag="ATI" text="the">
        <cmp x="704" y="1261" width="28" height="61" />
        <cmp x="736" y="1257" width="33" height="59" />
        <cmp x="773" y="1278" width="34" height="32" />
      </word>
      <word id="g06-031p-03-03" tag="NN" text="exasperation">
        <cmp x="835" y="1283" width="27" height="39" />
        <cmp x="869" y="1274" width="30" height="40" />
        <cmp x="908" y="1274" width="27" height="45" />
        <cmp x="936" y="1274" width="38" height="43" />
        <cmp x="973" y="1270" width="33" height="80" />
        <cmp x="1008" y="1264" width="59" height="56" />
        <cmp x="1063" y="1273" width="30" height="45" />
        <cmp x="1100" y="1255" width="38" height="57" />
        <cmp x="1132" y="1254" width="6" height="7" />
        <cmp x="1148" y="1270" width="26" height="50" />
        <cmp x="1179" y="1270" width="36" height="46" />
      </word>
      <word id="g06-031p-03-04" tag="INO" text="of">
        <cmp x="1262" y="1276" width="23" height="44" />
        <cmp x="1288" y="1252" width="28" height="85" />
      </word>
      <word id="g06-031p-03-05" tag="ATI" text="the">
        <cmp x="1359" y="1258" width="21" height="58" />
        <cmp x="1384" y="1257" width="33" height="59" />
        <cmp x="1427" y="1276" width="23" height="40" />
      </word>
      <word id="g06-031p-03-06" tag="NNS" text="People">
        <cmp x="1487" y="1261" width="26" height="61" />
        <cmp x="1513" y="1277" width="28" height="44" />
        <cmp x="1545" y="1280" width="23" height="40" />
        <cmp x="1572" y="1272" width="38" height="79" />
        <cmp x="1611" y="1260" width="8" height="61" />
        <cmp x="1622" y="1277" width="33" height="43" />
      </word>
      <word id="g06-031p-03-07" tag="MD" text="will">
        <cmp x="1693" y="1282" width="39" height="38" />
        <cmp x="1744" y="1279" width="10" height="40" />
        <cmp x="1747" y="1270" width="6" height="6" />
        <cmp x="1763" y="1260" width="9" height="57" />
        <cmp x="1774" y="1264" width="10" height="42" />
      </word>
      <word id="g06-031p-03-08" tag="BE" text="be">
        <cmp x="1819" y="1257" width="34" height="67" />
        <cmp x="1852" y="1284" width="33" height="44" />
      </word>
      <word id="g06-031p-03-09" tag="QL" text="so">
        <cmp x="1918" y="1284" width="64" height="41" />
      </word>
      <word id="g06-031p-03-10" tag="JJ" text="great">
        <cmp x="1983" y="1285" width="51" height="78" />
        <cmp x="2036" y="1284" width="18" height="42" />
        <cmp x="2059" y="1284" width="56" height="41" />
        <cmp x="2119" y="1269" width="21" height="53" />
      </word>
      <upper-contour>
        <point x="379" y="1172" />
        <point x="2107" y="1172" />
      </upper-contour>
      <lower-contour>
        <point x="380" y="1362" />
        <point x="2024" y="1362" />
      </lower-contour>
    </line>
    <line ass="-313" asx="0" asy="1420" character-width="999" dss="-313" dsx="0" dsy="1525" fd0="12740" fd1="3188" fd2="-1601" filter-width="4" id="g06-031p-04" lbs="-301" lbx="0" lby="1491" segmentation="ok" slant="89000" stroke-width="5917" threshold="197" text="at the return of Ultratoryism, that the Commons" ubs="-338" ubx="0" uby="1446">
      <word id="g06-031p-04-00" tag="IN" text="at">
        <cmp x="382" y="1447" width="24" height="46" />
        <cmp x="413" y="1447" width="33" height="48" />
      </word>
      <word id="g06-031p-04-01" tag="ATI" text="the">
        <cmp x="474" y="1430" width="26" height="68" />
        <cmp x="504" y="1433" width="34" height="66" />
        <cmp x="541" y="1458" width="27" height="38" />
      </word>
      <word id="g06-031p-04-02" tag="NN" text="return">
        <cmp x="600" y="1454" width="20" height="43" />
        <cmp x="627" y="1452" width="28" height="42" />
        <cmp x="659" y="1433" width="55" height="63" />
        <cmp x="723" y="1450" width="28" height="38" />
        <cmp x="756" y="1446" width="28" height="42" />
      </word>
      <word id="g06-031p-04-03" tag="INO" text="of">
        <cmp x="835" y="1449" width="20" height="47" />
        <cmp x="862" y="1426" width="20" height="88" />
      </word>
      <word id="g06-031p-04-04" tag="NN" text="Ultratoryism">
        <cmp x="937" y="1430" width="33" height="65" />
        <cmp x="979" y="1435" width="10" height="62" />
        <cmp x="998" y="1437" width="47" height="55" />
        <cmp x="1048" y="1444" width="28" height="49" />
        <cmp x="1089" y="1431" width="48" height="71" />
        <cmp x="1142" y="1456" width="31" height="40" />
        <cmp x="1185" y="1456" width="23" height="76" />
        <cmp x="1220" y="1457" width="7" height="40" />
        <cmp x="1225" y="1436" width="6" height="10" />
        <cmp x="1238" y="1448" width="33" height="48" />
        <cmp x="1278" y="1449" width="57" height="52" />
      </word>
      <word id="g06-031p-04-05" tag="," text=",">
        <cmp x="1356" y="1478" width="12" height="37" />
      </word>
      <word id="g06-031p-04-06" tag="CS" text="that">
        <cmp x="1424" y="1436" width="26" height="64" />
        <cmp x="1451" y="1438" width="39" height="70" />
        <cmp x="1494" y="1459" width="30" height="42" />
        <cmp x="1525" y="1438" width="25" height="62" />
      </word>
      <word id="g06-031p-04-07" tag="ATI" text="the">
        <cmp x="1593" y="1442" width="30" height="68" />
        <cmp x="1626" y="1444" width="35" height="59" />
        <cmp x="1665" y="1456" width="29" height="47" />
      </word>
      <word id="g06-031p-04-08" tag="NP" text="Commons">
        <cmp x="1733" y="1437" width="24" height="73" />
        <cmp x="1765" y="1459" width="27" height="43" />
        <cmp x="1797" y="1451" width="60" height="50" />
        <cmp x="1859" y="1453" width="49" height="43" />
        <cmp x="1922" y="1458" width="25" height="43" />
        <cmp x="1950" y="1458" width="34" height="40" />
        <cmp x="1988" y="1454" width="35" height="46" />
      </word>
      <upper-contour>
        <point x="380" y="1362" />
        <point x="2024" y="1362" />
      </upper-contour>
      <lower-contour>
        <point x="385" y="1532" />
        <point x="2024" y="1532" />
      </lower-contour>
    </line>
    <line ass="-345" asx="0" asy="1595" character-width="999" dss="-345" dsx="0" dsy="1713" fd0="12718" fd1="3204" fd2="-1625" filter-width="4" id="g06-031p-05" lbs="-364" lbx="0" lby="1669" segmentation="ok" slant="90000" stroke-width="6041" threshold="196" text="House upon a dissolution, which must be had, will" ubs="-308" ubx="0" uby="1621">
      <word id="g06-031p-05-00" tag="NPL" text="House">
        <cmp x="387" y="1599" width="33" height="77" />
        <cmp x="427" y="1620" width="22" height="51" />
        <cmp x="450" y="1622" width="32" height="53" />
        <cmp x="486" y="1624" width="41" height="52" />
        <cmp x="528" y="1624" width="30" height="45" />
      </word>
      <word id="g06-031p-05-01" tag="IN" text="upon">
        <cmp x="604" y="1622" width="31" height="52" />
        <cmp x="643" y="1630" width="35" height="88" />
        <cmp x="679" y="1634" width="21" height="46" />
        <cmp x="705" y="1633" width="34" height="43" />
      </word>
      <word id="g06-031p-05-02" tag="AT" text="a">
        <cmp x="783" y="1628" width="28" height="51" />
      </word>
      <word id="g06-031p-05-03" tag="NN" text="dissolution">
        <cmp x="853" y="1607" width="32" height="70" />
        <cmp x="895" y="1615" width="8" height="6" />
        <cmp x="896" y="1628" width="9" height="47" />
        <cmp x="914" y="1624" width="64" height="53" />
        <cmp x="984" y="1625" width="22" height="44" />
        <cmp x="1012" y="1609" width="8" height="68" />
        <cmp x="1033" y="1627" width="34" height="42" />
        <cmp x="1077" y="1608" width="47" height="62" />
        <cmp x="1116" y="1615" width="7" height="5" />
        <cmp x="1134" y="1631" width="24" height="43" />
        <cmp x="1171" y="1625" width="36" height="43" />
      </word>
      <word id="g06-031p-05-04" tag="," text=",">
        <cmp x="1226" y="1655" width="10" height="44" />
      </word>
      <word id="g06-031p-05-05" tag="WDT" text="which">
        <cmp x="1278" y="1622" width="44" height="58" />
        <cmp x="1327" y="1612" width="42" height="59" />
        <cmp x="1373" y="1626" width="11" height="44" />
        <cmp x="1379" y="1610" width="6" height="6" />
        <cmp x="1399" y="1627" width="24" height="44" />
        <cmp x="1431" y="1605" width="35" height="59" />
      </word>
      <word id="g06-031p-05-06" tag="MD" text="must">
        <cmp x="1508" y="1630" width="50" height="44" />
        <cmp x="1565" y="1635" width="34" height="41" />
        <cmp x="1602" y="1633" width="28" height="43" />
        <cmp x="1634" y="1615" width="28" height="58" />
      </word>
      <word id="g06-031p-05-07" tag="BE" text="be">
        <cmp x="1695" y="1622" width="39" height="62" />
        <cmp x="1736" y="1638" width="38" height="40" />
      </word>
      <word id="g06-031p-05-08" tag="HVN" text="had">
        <cmp x="1804" y="1621" width="37" height="62" />
        <cmp x="1848" y="1636" width="31" height="40" />
        <cmp x="1883" y="1613" width="32" height="70" />
      </word>
      <word id="g06-031p-05-09" tag="," text=",">
        <cmp x="1929" y="1652" width="17" height="53" />
      </word>
      <word id="g06-031p-05-10" tag="MD" text="will">
        <cmp x="1984" y="1633" width="45" height="55" />
        <cmp x="2042" y="1622" width="6" height="6" />
        <cmp x="2043" y="1634" width="9" height="45" />
        <cmp x="2058" y="1613" width="11" height="74" />
        <cmp x="2073" y="1618" width="9" height="63" />
      </word>
      <upper-contour>
        <point x="385" y="1532" />
        <point x="2024" y="1532" />
      </upper-contour>
      <lower-contour>
        <point x="385" y="1717" />
        <point x="2083" y="1717" />
      </lower-contour>
    </line>
    <line ass="-236" asx="0" asy="1781" character-width="999" dss="-236" dsx="0" dsy="1872" fd0="13063" fd1="3012" fd2="-1493" filter-width="4" id="g06-031p-06" lbs="-215" lbx="0" lby="1851" segmentation="ok" slant="90000" stroke-width="6063" threshold="197" text="be a mass of Radicalism, &amp; then God knows what" ubs="-278" ubx="0" uby="1803">
      <word id="g06-031p-06-00" tag="BE" text="be">
        <cmp x="381" y="1788" width="32" height="61" />
        <cmp x="411" y="1809" width="40" height="43" />
      </word>
      <word id="g06-031p-06-01" tag="AT" text="a">
        <cmp x="478" y="1808" width="36" height="50" />
      </word>
      <word id="g06-031p-06-02" tag="NN" text="mass">
        <cmp x="563" y="1801" width="54" height="53" />
        <cmp x="624" y="1805" width="31" height="50" />
        <cmp x="673" y="1808" width="35" height="47" />
        <cmp x="707" y="1805" width="32" height="49" />
      </word>
      <word id="g06-031p-06-03" tag="INO" text="of">
        <cmp x="777" y="1812" width="32" height="49" />
        <cmp x="816" y="1786" width="29" height="86" />
      </word>
      <word id="g06-031p-06-04" tag="NN" text="Radicalism">
        <cmp x="913" y="1788" width="9" height="62" />
        <cmp x="920" y="1793" width="33" height="59" />
        <cmp x="960" y="1811" width="32" height="46" />
        <cmp x="1001" y="1790" width="30" height="68" />
        <cmp x="1043" y="1798" width="7" height="7" />
        <cmp x="1044" y="1814" width="8" height="39" />
        <cmp x="1068" y="1813" width="22" height="43" />
        <cmp x="1099" y="1812" width="28" height="46" />
        <cmp x="1140" y="1793" width="8" height="65" />
        <cmp x="1161" y="1810" width="7" height="43" />
        <cmp x="1168" y="1796" width="7" height="6" />
        <cmp x="1183" y="1815" width="37" height="47" />
        <cmp x="1224" y="1811" width="62" height="50" />
      </word>
      <word id="g06-031p-06-05" tag="," text=",">
        <cmp x="1305" y="1841" width="6" height="37" />
      </word>
      <word id="g06-031p-06-06" tag="CC" text="&amp;">
        <cmp x="1341" y="1793" width="44" height="62" />
      </word>
      <word id="g06-031p-06-07" tag="RN" text="then">
        <cmp x="1426" y="1796" width="29" height="60" />
        <cmp x="1455" y="1799" width="33" height="51" />
        <cmp x="1492" y="1814" width="74" height="43" />
      </word>
      <word id="g06-031p-06-08" tag="NP" text="God">
        <cmp x="1605" y="1789" width="39" height="71" />
        <cmp x="1652" y="1815" width="23" height="48" />
        <cmp x="1680" y="1789" width="31" height="71" />
      </word>
      <word id="g06-031p-06-09" tag="VBZ" text="knows">
        <cmp x="1763" y="1792" width="31" height="68" />
        <cmp x="1799" y="1815" width="34" height="46" />
        <cmp x="1838" y="1818" width="19" height="42" />
        <cmp x="1862" y="1811" width="44" height="42" />
        <cmp x="1913" y="1811" width="28" height="48" />
      </word>
      <word id="g06-031p-06-10" tag="WDT" text="what">
        <cmp x="1971" y="1812" width="42" height="48" />
        <cmp x="2017" y="1794" width="37" height="65" />
        <cmp x="2059" y="1819" width="31" height="39" />
        <cmp x="2091" y="1794" width="24" height="61" />
      </word>
      <upper-contour>
        <point x="385" y="1717" />
        <point x="2083" y="1717" />
      </upper-contour>
      <lower-contour>
        <point x="379" y="1872" />
        <point x="866" y="1872" />
      </lower-contour>
    </line>
    <line ass="-2463" asx="0" asy="1933" character-width="999" dss="-2463" dsx="0" dsy="2044" fd0="12485" fd1="2740" fd2="-1599" filter-width="4" id="g06-031p-07" lbs="-668" lbx="0" lby="2025" segmentation="err" slant="90000" stroke-width="5976" threshold="199" text="may happen...." ubs="-6055" ubx="0" uby="1940">
      <word id="g06-031p-07-00" tag="MD" text="may">
        <cmp x="381" y="1976" width="51" height="56" />
        <cmp x="434" y="1984" width="33" height="46" />
        <cmp x="471" y="1981" width="32" height="84" />
      </word>
      <word id="g06-031p-07-01" tag="VB" text="happen">
        <cmp x="557" y="1959" width="38" height="68" />
        <cmp x="602" y="1979" width="35" height="55" />
        <cmp x="650" y="1980" width="34" height="88" />
        <cmp x="690" y="1990" width="35" height="84" />
      </word>
      <word id="g06-031p-07-02" tag="..." text="...">
        <cmp x="731" y="1990" width="63" height="48" />
        <cmp x="840" y="2026" width="8" height="8" />
        <cmp x="859" y="2026" width="7" height="9" />
      </word>
      <word id="g06-031p-07-03" tag="." text="." />
      <upper-contour>
        <point x="379" y="1872" />
        <point x="866" y="1872" />
      </upper-contour>
    </line>
  </handwritten-part>
</form>

