<?xml version="1.0" encoding="ISO-8859-1"?>

<!DOCTYPE form SYSTEM 'http://www.iam.unibe.ch/~fki/iamdb/form-metadata.dtd'>

<form created="2002-01-18" height="3542" id="g06-037l" last-modified="2002-07-17" skew="0" status="final" version="3.0_beta" width="2479" writer-id="343">
  <machine-printed-part>
    <machine-print-line text="God grant, however, that I may be a false prophet &amp;amp; that all may go well. Sir R. Peel" />
    <machine-print-line text="was here, I understand, but an express took him off yesterday.&apos;" />
    <machine-print-line text="While he was in Naples there had opened a new chapter in the history of Anglesey&apos;s" />
    <machine-print-line text="unceasing search for an effective alleviation of his painful malady. None of the numer-" />
    <machine-print-line text="ous conventional remedies to which he had been subjected ever since the symptoms" />
    <machine-print-line text="had first shown themselves seventeen years before had had the slightest effect." />
  </machine-printed-part>
  <handwritten-part>
    <line ass="-519" asx="0" asy="732" character-width="999" dss="-519" dsx="0" dsy="842" fd0="13675" fd1="3489" fd2="126" filter-width="3" id="g06-037l-00" lbs="-562" lbx="0" lby="797" segmentation="ok" slant="72000" stroke-width="5000" threshold="186" text="God grant, however, that I may be a false prophet &amp;amp; that" ubs="-433" ubx="0" uby="774">
      <word id="g06-037l-00-00" sentence-start="yes" tag="NP" text="God">
        <cmp x="358" y="740" width="48" height="62" />
        <cmp x="399" y="748" width="67" height="56" />
        <cmp x="407" y="737" width="12" height="8" />
      </word>
      <word id="g06-037l-00-01" tag="VB" text="grant">
        <cmp x="521" y="774" width="31" height="69" />
        <cmp x="557" y="776" width="23" height="30" />
        <cmp x="580" y="774" width="26" height="22" />
        <cmp x="607" y="779" width="34" height="16" />
        <cmp x="648" y="753" width="25" height="47" />
      </word>
      <word id="g06-037l-00-02" tag="," text=",">
        <cmp x="680" y="799" width="20" height="35" />
      </word>
      <word id="g06-037l-00-03" tag="RB" text="however">
        <cmp x="739" y="771" width="27" height="44" />
        <cmp x="764" y="785" width="69" height="26" />
        <cmp x="844" y="781" width="32" height="25" />
        <cmp x="879" y="776" width="22" height="28" />
        <cmp x="906" y="772" width="56" height="29" />
      </word>
      <word id="g06-037l-00-04" tag="," text=",">
        <cmp x="970" y="805" width="15" height="29" />
      </word>
      <word id="g06-037l-00-05" tag="CS" text="that">
        <cmp x="1024" y="757" width="44" height="59" />
        <cmp x="1077" y="786" width="19" height="21" />
        <cmp x="1107" y="758" width="22" height="42" />
      </word>
      <word id="g06-037l-00-06" tag="PP1A" text="I">
        <cmp x="1199" y="751" width="28" height="65" />
      </word>
      <word id="g06-037l-00-07" tag="MD" text="may">
        <cmp x="1241" y="785" width="33" height="18" />
        <cmp x="1282" y="787" width="18" height="23" />
        <cmp x="1298" y="786" width="33" height="68" />
      </word>
      <word id="g06-037l-00-08" tag="BE" text="be">
        <cmp x="1394" y="755" width="57" height="57" />
      </word>
      <word id="g06-037l-00-09" tag="AT" text="a">
        <cmp x="1497" y="784" width="26" height="22" />
      </word>
      <word id="g06-037l-00-10" tag="JJ" text="false">
        <cmp x="1572" y="756" width="40" height="76" />
        <cmp x="1614" y="761" width="19" height="49" />
        <cmp x="1628" y="789" width="20" height="23" />
        <cmp x="1652" y="786" width="34" height="26" />
      </word>
      <word id="g06-037l-00-11" tag="NN" text="prophet">
        <cmp x="1730" y="788" width="29" height="51" />
        <cmp x="1767" y="790" width="15" height="21" />
        <cmp x="1785" y="785" width="24" height="25" />
        <cmp x="1808" y="785" width="28" height="44" />
        <cmp x="1842" y="769" width="27" height="36" />
        <cmp x="1856" y="763" width="3" height="4" />
        <cmp x="1871" y="784" width="37" height="23" />
        <cmp x="1906" y="761" width="21" height="45" />
      </word>
      <word id="g06-037l-00-12" tag="CC" text="&amp;">
        <cmp x="1956" y="768" width="24" height="41" />
      </word>
      <word id="g06-037l-00-13" tag="CS" text="that">
        <cmp x="2015" y="765" width="94" height="59" />
      </word>
      <lower-contour>
        <point x="356" y="854" />
        <point x="2059" y="854" />
      </lower-contour>
    </line>
    <line ass="-246" asx="0" asy="924" character-width="999" dss="-246" dsx="0" dsy="1029" fd0="13501" fd1="3454" fd2="170" filter-width="3" id="g06-037l-01" lbs="-266" lbx="0" lby="981" segmentation="ok" slant="77000" stroke-width="4738" threshold="182" text="all may go well. Sir R. Peel was here, I understand," ubs="-206" ubx="0" uby="961">
      <word id="g06-037l-01-00" tag="ABN" text="all">
        <cmp x="354" y="930" width="47" height="56" />
        <cmp x="396" y="929" width="19" height="64" />
      </word>
      <word id="g06-037l-01-01" tag="MD" text="may">
        <cmp x="492" y="967" width="35" height="23" />
        <cmp x="537" y="966" width="43" height="60" />
      </word>
      <word id="g06-037l-01-02" tag="VB" text="go">
        <cmp x="652" y="960" width="26" height="72" />
        <cmp x="691" y="964" width="29" height="21" />
      </word>
      <word id="g06-037l-01-03" tag="RB" text="well">
        <cmp x="768" y="933" width="80" height="57" />
        <cmp x="840" y="941" width="15" height="55" />
      </word>
      <word id="g06-037l-01-04" tag="." text=".">
        <cmp x="894" y="985" width="9" height="6" />
      </word>
      <word id="g06-037l-01-05" sentence-start="yes" tag="NPT" text="Sir">
        <cmp x="972" y="935" width="36" height="50" />
        <cmp x="1004" y="965" width="6" height="15" />
        <cmp x="1022" y="966" width="9" height="13" />
        <cmp x="1032" y="954" width="16" height="11" />
      </word>
      <word id="g06-037l-01-06" tag="NP" text="R.">
        <cmp x="1110" y="934" width="31" height="52" />
        <cmp x="1141" y="983" width="6" height="5" />
      </word>
      <word id="g06-037l-01-07" tag="NP" text="Peel">
        <cmp x="1209" y="931" width="44" height="56" />
        <cmp x="1249" y="959" width="58" height="25" />
        <cmp x="1310" y="930" width="13" height="55" />
      </word>
      <word id="g06-037l-01-08" tag="BEDZ" text="was">
        <cmp x="1396" y="956" width="36" height="32" />
        <cmp x="1437" y="961" width="15" height="26" />
        <cmp x="1452" y="958" width="8" height="12" />
        <cmp x="1459" y="962" width="16" height="27" />
      </word>
      <word id="g06-037l-01-09" tag="RN" text="here">
        <cmp x="1520" y="943" width="22" height="52" />
        <cmp x="1533" y="935" width="4" height="6" />
        <cmp x="1549" y="964" width="88" height="28" />
      </word>
      <word id="g06-037l-01-10" tag="," text=",">
        <cmp x="1642" y="993" width="10" height="30" />
      </word>
      <word id="g06-037l-01-11" tag="PP1A" text="I">
        <cmp x="1702" y="935" width="17" height="64" />
      </word>
      <word id="g06-037l-01-12" tag="VB" text="understand">
        <cmp x="1751" y="939" width="95" height="58" />
        <cmp x="1780" y="969" width="6" height="9" />
        <cmp x="1844" y="966" width="39" height="29" />
        <cmp x="1885" y="965" width="17" height="30" />
        <cmp x="1901" y="940" width="52" height="59" />
        <cmp x="1955" y="974" width="23" height="16" />
        <cmp x="1979" y="946" width="46" height="48" />
      </word>
      <word id="g06-037l-01-13" tag="," text=",">
        <cmp x="2041" y="994" width="17" height="23" />
      </word>
      <upper-contour>
        <point x="356" y="854" />
        <point x="2059" y="854" />
      </upper-contour>
      <lower-contour>
        <point x="352" y="1033" />
        <point x="1542" y="1033" />
      </lower-contour>
    </line>
    <line ass="-533" asx="0" asy="1093" character-width="999" dss="-533" dsx="0" dsy="1200" fd0="13632" fd1="3061" fd2="125" filter-width="3" id="g06-037l-02" lbs="-609" lbx="0" lby="1155" segmentation="ok" slant="74000" stroke-width="4917" threshold="186" text="but an express took him off yesterday.&apos;" ubs="-381" ubx="0" uby="1135">
      <word id="g06-037l-02-00" tag="CC" text="but">
        <cmp x="347" y="1101" width="21" height="52" />
        <cmp x="376" y="1137" width="20" height="17" />
        <cmp x="398" y="1114" width="16" height="45" />
      </word>
      <word id="g06-037l-02-01" tag="AT" text="an">
        <cmp x="472" y="1135" width="25" height="26" />
        <cmp x="495" y="1144" width="18" height="14" />
      </word>
      <word id="g06-037l-02-02" tag="NN" text="express">
        <cmp x="576" y="1143" width="22" height="22" />
        <cmp x="601" y="1142" width="32" height="19" />
        <cmp x="635" y="1140" width="28" height="47" />
        <cmp x="665" y="1139" width="42" height="29" />
        <cmp x="710" y="1137" width="35" height="31" />
      </word>
      <word id="g06-037l-02-03" tag="VBD" text="took">
        <cmp x="817" y="1106" width="72" height="69" />
        <cmp x="902" y="1115" width="21" height="52" />
      </word>
      <word id="g06-037l-02-04" tag="PP3O" text="him">
        <cmp x="960" y="1113" width="34" height="56" />
        <cmp x="996" y="1128" width="3" height="6" />
        <cmp x="1007" y="1144" width="37" height="20" />
      </word>
      <word id="g06-037l-02-05" tag="RP" text="off">
        <cmp x="1117" y="1139" width="19" height="24" />
        <cmp x="1143" y="1105" width="48" height="81" />
      </word>
      <word id="g06-037l-02-06" tag="NR" text="yesterday">
        <cmp x="1219" y="1144" width="34" height="68" />
        <cmp x="1260" y="1141" width="51" height="26" />
        <cmp x="1314" y="1112" width="23" height="59" />
        <cmp x="1333" y="1140" width="42" height="25" />
        <cmp x="1386" y="1112" width="50" height="51" />
        <cmp x="1422" y="1144" width="40" height="68" />
      </word>
      <word id="g06-037l-02-07" tag="." text=".">
        <cmp x="1480" y="1167" width="7" height="6" />
      </word>
      <word id="g06-037l-02-08" tag="**&apos;" text="&apos;">
        <cmp x="1529" y="1108" width="13" height="23" />
      </word>
      <upper-contour>
        <point x="352" y="1033" />
        <point x="1542" y="1033" />
      </upper-contour>
      <lower-contour>
        <point x="345" y="1212" />
        <point x="1542" y="1212" />
      </lower-contour>
    </line>
    <line ass="-312" asx="0" asy="1271" character-width="999" dss="-312" dsx="0" dsy="1370" fd0="13591" fd1="3316" fd2="-391" filter-width="3" id="g06-037l-03" lbs="-233" lbx="0" lby="1338" segmentation="ok" slant="78000" stroke-width="4891" threshold="186" text="While he was in Naples there had opened a new chapter" ubs="-471" ubx="0" uby="1308">
      <word id="g06-037l-03-00" sentence-start="yes" tag="CS" text="While">
        <cmp x="347" y="1274" width="42" height="61" />
        <cmp x="391" y="1284" width="22" height="50" />
        <cmp x="416" y="1321" width="7" height="12" />
        <cmp x="421" y="1298" width="5" height="4" />
        <cmp x="432" y="1282" width="18" height="53" />
        <cmp x="441" y="1309" width="33" height="29" />
      </word>
      <word id="g06-037l-03-01" tag="PP3A" text="he">
        <cmp x="522" y="1286" width="28" height="50" />
        <cmp x="553" y="1310" width="28" height="29" />
      </word>
      <word id="g06-037l-03-02" tag="BEDZ" text="was">
        <cmp x="650" y="1312" width="37" height="27" />
        <cmp x="692" y="1311" width="24" height="28" />
        <cmp x="719" y="1312" width="15" height="38" />
      </word>
      <word id="g06-037l-03-03" tag="IN" text="in">
        <cmp x="803" y="1305" width="5" height="7" />
        <cmp x="805" y="1323" width="6" height="22" />
        <cmp x="817" y="1317" width="24" height="23" />
      </word>
      <word id="g06-037l-03-04" tag="NP" text="Naples">
        <cmp x="924" y="1290" width="43" height="53" />
        <cmp x="968" y="1317" width="18" height="23" />
        <cmp x="988" y="1323" width="32" height="47" />
        <cmp x="1026" y="1292" width="17" height="58" />
        <cmp x="1042" y="1322" width="29" height="24" />
        <cmp x="1070" y="1316" width="21" height="30" />
      </word>
      <word id="g06-037l-03-05" tag="EX" text="there">
        <cmp x="1144" y="1290" width="43" height="51" />
        <cmp x="1192" y="1318" width="84" height="30" />
      </word>
      <word id="g06-037l-03-06" tag="HVD" text="had">
        <cmp x="1309" y="1294" width="25" height="52" />
        <cmp x="1338" y="1325" width="28" height="24" />
        <cmp x="1372" y="1292" width="36" height="51" />
      </word>
      <word id="g06-037l-03-07" tag="VBN" text="opened">
        <cmp x="1453" y="1320" width="59" height="60" />
        <cmp x="1519" y="1322" width="62" height="27" />
        <cmp x="1585" y="1325" width="27" height="25" />
        <cmp x="1613" y="1299" width="47" height="52" />
      </word>
      <word id="g06-037l-03-08" tag="AT" text="a">
        <cmp x="1708" y="1323" width="25" height="27" />
      </word>
      <word id="g06-037l-03-09" tag="JJ" text="new">
        <cmp x="1781" y="1327" width="26" height="27" />
        <cmp x="1813" y="1320" width="79" height="33" />
      </word>
      <word id="g06-037l-03-10" tag="NN" text="chapter">
        <cmp x="1954" y="1324" width="28" height="21" />
        <cmp x="1970" y="1327" width="4" height="3" />
        <cmp x="1977" y="1296" width="28" height="43" />
        <cmp x="2006" y="1320" width="22" height="21" />
        <cmp x="2020" y="1326" width="38" height="54" />
        <cmp x="2058" y="1295" width="72" height="53" />
      </word>
      <upper-contour>
        <point x="345" y="1212" />
        <point x="1542" y="1212" />
      </upper-contour>
      <lower-contour>
        <point x="351" y="1380" />
        <point x="2060" y="1380" />
      </lower-contour>
    </line>
    <line ass="-314" asx="0" asy="1456" character-width="999" dss="-314" dsx="0" dsy="1566" fd0="13279" fd1="3286" fd2="-128" filter-width="3" id="g06-037l-04" lbs="-222" lbx="0" lby="1521" segmentation="err" slant="77000" stroke-width="4931" threshold="186" text="in the history of Anglesey&apos;s unceasing search for" ubs="-497" ubx="0" uby="1489">
      <word id="g06-037l-04-00" tag="IN" text="in">
        <cmp x="355" y="1498" width="5" height="19" />
        <cmp x="365" y="1491" width="30" height="23" />
      </word>
      <word id="g06-037l-04-01" tag="ATI" text="the">
        <cmp x="469" y="1465" width="19" height="60" />
        <cmp x="491" y="1464" width="23" height="56" />
        <cmp x="521" y="1496" width="24" height="25" />
      </word>
      <word id="g06-037l-04-02" tag="NN" text="history">
        <cmp x="610" y="1462" width="35" height="61" />
        <cmp x="654" y="1497" width="15" height="27" />
        <cmp x="676" y="1463" width="49" height="60" />
        <cmp x="720" y="1501" width="31" height="65" />
      </word>
      <word id="g06-037l-04-03" tag="INO" text="of">
        <cmp x="809" y="1500" width="31" height="23" />
        <cmp x="845" y="1470" width="25" height="65" />
      </word>
      <word id="g06-037l-04-04" tag="NP$" text="Anglesey&apos;s">
        <cmp x="946" y="1473" width="52" height="55" />
        <cmp x="1007" y="1501" width="23" height="56" />
        <cmp x="1034" y="1472" width="16" height="59" />
        <cmp x="1056" y="1502" width="27" height="26" />
        <cmp x="1092" y="1500" width="42" height="29" />
        <cmp x="1128" y="1509" width="28" height="51" />
        <cmp x="1179" y="1474" width="10" height="18" />
        <cmp x="1183" y="1495" width="17" height="23" />
        <cmp x="1272" y="1494" width="61" height="33" />
      </word>
      <word id="g06-037l-04-05" tag="JJ" text="unceasing">
        <cmp x="1339" y="1499" width="29" height="27" />
        <cmp x="1368" y="1501" width="31" height="25" />
        <cmp x="1398" y="1500" width="25" height="23" />
        <cmp x="1421" y="1499" width="31" height="29" />
        <cmp x="1457" y="1487" width="3" height="5" />
        <cmp x="1471" y="1505" width="24" height="22" />
        <cmp x="1496" y="1502" width="30" height="73" />
      </word>
      <word id="g06-037l-04-06" tag="NN" text="search">
        <cmp x="1586" y="1497" width="130" height="62" />
        <cmp x="1756" y="1499" width="61" height="31" />
        <cmp x="1813" y="1505" width="52" height="24" />
        <cmp x="1865" y="1506" width="30" height="23" />
        <cmp x="1896" y="1486" width="32" height="45" />
      </word>
      <word id="g06-037l-04-07" tag="IN" text="for">
        <cmp x="1983" y="1466" width="76" height="74" />
      </word>
      <upper-contour>
        <point x="351" y="1380" />
        <point x="2060" y="1380" />
      </upper-contour>
      <lower-contour>
        <point x="351" y="1575" />
        <point x="2017" y="1575" />
      </lower-contour>
    </line>
    <line ass="-58" asx="0" asy="1636" character-width="999" dss="-58" dsx="0" dsy="1746" fd0="13673" fd1="3358" fd2="-520" filter-width="3" id="g06-037l-05" lbs="-23" lbx="0" lby="1699" segmentation="ok" slant="80000" stroke-width="4709" threshold="182" text="an effective alleviation of his painful malady. None" ubs="-127" ubx="0" uby="1672">
      <word id="g06-037l-05-00" tag="AT" text="an">
        <cmp x="346" y="1663" width="44" height="39" />
      </word>
      <word id="g06-037l-05-01" tag="JJ" text="effective">
        <cmp x="473" y="1667" width="35" height="28" />
        <cmp x="527" y="1639" width="19" height="76" />
        <cmp x="534" y="1650" width="48" height="62" />
        <cmp x="588" y="1678" width="36" height="22" />
        <cmp x="626" y="1649" width="23" height="46" />
        <cmp x="646" y="1657" width="3" height="7" />
        <cmp x="658" y="1666" width="48" height="31" />
      </word>
      <word id="g06-037l-05-02" tag="NN" text="alleviation">
        <cmp x="795" y="1674" width="20" height="24" />
        <cmp x="818" y="1646" width="18" height="57" />
        <cmp x="834" y="1646" width="14" height="57" />
        <cmp x="847" y="1673" width="30" height="29" />
        <cmp x="885" y="1669" width="26" height="33" />
        <cmp x="914" y="1656" width="4" height="5" />
        <cmp x="914" y="1662" width="3" height="5" />
        <cmp x="914" y="1670" width="23" height="25" />
        <cmp x="930" y="1670" width="11" height="12" />
        <cmp x="947" y="1638" width="21" height="62" />
        <cmp x="973" y="1648" width="8" height="14" />
        <cmp x="974" y="1673" width="58" height="28" />
      </word>
      <word id="g06-037l-05-03" tag="INO" text="of">
        <cmp x="1124" y="1675" width="23" height="26" />
        <cmp x="1157" y="1640" width="28" height="72" />
      </word>
      <word id="g06-037l-05-04" tag="PP$" text="his">
        <cmp x="1252" y="1642" width="26" height="49" />
        <cmp x="1279" y="1659" width="5" height="10" />
        <cmp x="1285" y="1666" width="16" height="10" />
        <cmp x="1291" y="1677" width="24" height="18" />
      </word>
      <word id="g06-037l-05-05" tag="JJ" text="painful">
        <cmp x="1380" y="1670" width="37" height="57" />
        <cmp x="1423" y="1676" width="22" height="24" />
        <cmp x="1451" y="1680" width="7" height="23" />
        <cmp x="1468" y="1678" width="21" height="20" />
        <cmp x="1503" y="1646" width="39" height="68" />
        <cmp x="1553" y="1655" width="18" height="51" />
      </word>
      <word id="g06-037l-05-06" tag="NN" text="malady">
        <cmp x="1630" y="1679" width="39" height="20" />
        <cmp x="1677" y="1682" width="22" height="25" />
        <cmp x="1702" y="1658" width="12" height="40" />
        <cmp x="1711" y="1679" width="23" height="22" />
        <cmp x="1735" y="1650" width="35" height="54" />
        <cmp x="1757" y="1685" width="34" height="63" />
      </word>
      <word id="g06-037l-05-07" tag="." text=".">
        <cmp x="1832" y="1710" width="9" height="9" />
      </word>
      <word id="g06-037l-05-08" sentence-start="yes" tag="PN" text="None">
        <cmp x="1886" y="1698" width="3" height="6" />
        <cmp x="1889" y="1649" width="34" height="48" />
        <cmp x="1920" y="1670" width="52" height="23" />
        <cmp x="1984" y="1674" width="32" height="30" />
      </word>
      <upper-contour>
        <point x="351" y="1575" />
        <point x="2017" y="1575" />
      </upper-contour>
      <lower-contour>
        <point x="383" y="1748" />
        <point x="2017" y="1748" />
      </lower-contour>
    </line>
    <line ass="827" asx="0" asy="1844" character-width="999" dss="827" dsx="0" dsy="1924" fd0="13403" fd1="3300" fd2="-80" filter-width="3" id="g06-037l-06" lbs="815" lbx="0" lby="1903" segmentation="ok" slant="82000" stroke-width="4753" threshold="182" text="of the numerous conventional remedies to which he had" ubs="850" ubx="0" uby="1881">
      <word id="g06-037l-06-00" tag="INO" text="of">
        <cmp x="385" y="1874" width="21" height="24" />
        <cmp x="413" y="1841" width="23" height="78" />
      </word>
      <word id="g06-037l-06-01" tag="ATI" text="the">
        <cmp x="475" y="1848" width="42" height="44" />
        <cmp x="522" y="1870" width="24" height="27" />
      </word>
      <word id="g06-037l-06-02" tag="JJ" text="numerous">
        <cmp x="592" y="1874" width="30" height="20" />
        <cmp x="623" y="1875" width="24" height="26" />
        <cmp x="653" y="1875" width="42" height="26" />
        <cmp x="704" y="1874" width="43" height="27" />
        <cmp x="758" y="1875" width="56" height="17" />
        <cmp x="820" y="1868" width="16" height="26" />
      </word>
      <word id="g06-037l-06-03" tag="JJ" text="conventional">
        <cmp x="926" y="1863" width="24" height="22" />
        <cmp x="951" y="1865" width="25" height="25" />
        <cmp x="975" y="1870" width="21" height="16" />
        <cmp x="1015" y="1869" width="18" height="17" />
        <cmp x="1034" y="1863" width="58" height="26" />
        <cmp x="1107" y="1837" width="19" height="49" />
        <cmp x="1130" y="1847" width="3" height="4" />
        <cmp x="1139" y="1861" width="47" height="26" />
        <cmp x="1192" y="1863" width="21" height="21" />
        <cmp x="1227" y="1833" width="12" height="61" />
      </word>
      <word id="g06-037l-06-04" tag="NNS" text="remedies">
        <cmp x="1312" y="1862" width="20" height="19" />
        <cmp x="1339" y="1860" width="64" height="27" />
        <cmp x="1411" y="1860" width="28" height="22" />
        <cmp x="1448" y="1841" width="80" height="43" />
        <cmp x="1533" y="1852" width="22" height="30" />
      </word>
      <word id="g06-037l-06-05" tag="IN" text="to">
        <cmp x="1616" y="1822" width="35" height="58" />
      </word>
      <word id="g06-037l-06-06" tag="WDT" text="which">
        <cmp x="1699" y="1853" width="36" height="26" />
        <cmp x="1738" y="1837" width="31" height="41" />
        <cmp x="1773" y="1845" width="5" height="12" />
        <cmp x="1782" y="1858" width="32" height="20" />
        <cmp x="1810" y="1833" width="30" height="45" />
      </word>
      <word id="g06-037l-06-07" tag="PP3A" text="he">
        <cmp x="1873" y="1834" width="28" height="41" />
        <cmp x="1910" y="1855" width="29" height="24" />
      </word>
      <word id="g06-037l-06-08" tag="HVD" text="had">
        <cmp x="1982" y="1835" width="51" height="46" />
        <cmp x="2027" y="1858" width="7" height="8" />
        <cmp x="2036" y="1823" width="46" height="55" />
      </word>
      <upper-contour>
        <point x="383" y="1748" />
        <point x="2017" y="1748" />
      </upper-contour>
      <lower-contour>
        <point x="402" y="1919" />
        <point x="2038" y="1919" />
      </lower-contour>
    </line>
    <line ass="593" asx="0" asy="2015" character-width="999" dss="593" dsx="0" dsy="2117" fd0="13609" fd1="3287" fd2="-216" filter-width="3" id="g06-037l-07" lbs="589" lbx="0" lby="2077" segmentation="ok" slant="81000" stroke-width="4965" threshold="186" text="been subjected ever since the symptoms had first" ubs="600" ubx="0" uby="2054">
      <word id="g06-037l-07-00" tag="BEN" text="been">
        <cmp x="404" y="2014" width="105" height="67" />
      </word>
      <word id="g06-037l-07-01" tag="VBN" text="subjected">
        <cmp x="600" y="2047" width="33" height="26" />
        <cmp x="621" y="2055" width="31" height="18" />
        <cmp x="660" y="2025" width="25" height="49" />
        <cmp x="690" y="2051" width="15" height="56" />
        <cmp x="695" y="2036" width="7" height="7" />
        <cmp x="703" y="2039" width="5" height="5" />
        <cmp x="720" y="2050" width="25" height="27" />
        <cmp x="748" y="2021" width="111" height="50" />
      </word>
      <word id="g06-037l-07-02" tag="RB" text="ever">
        <cmp x="929" y="2045" width="36" height="25" />
        <cmp x="965" y="2043" width="68" height="28" />
      </word>
      <word id="g06-037l-07-03" tag="CS" text="since">
        <cmp x="1095" y="2040" width="29" height="28" />
        <cmp x="1119" y="2051" width="13" height="19" />
        <cmp x="1141" y="2046" width="23" height="17" />
        <cmp x="1178" y="2040" width="24" height="18" />
        <cmp x="1207" y="2035" width="30" height="21" />
      </word>
      <word id="g06-037l-07-04" tag="ATI" text="the">
        <cmp x="1310" y="2007" width="48" height="52" />
        <cmp x="1365" y="2039" width="30" height="21" />
      </word>
      <word id="g06-037l-07-05" tag="NNS" text="symptoms">
        <cmp x="1455" y="2038" width="43" height="64" />
        <cmp x="1509" y="2043" width="71" height="59" />
        <cmp x="1586" y="2010" width="45" height="59" />
        <cmp x="1634" y="2044" width="39" height="22" />
        <cmp x="1688" y="2040" width="21" height="23" />
      </word>
      <word id="g06-037l-07-06" tag="HVD" text="had">
        <cmp x="1761" y="2003" width="34" height="56" />
        <cmp x="1801" y="2033" width="20" height="24" />
        <cmp x="1828" y="2033" width="18" height="28" />
        <cmp x="1845" y="1997" width="21" height="60" />
      </word>
      <word id="g06-037l-07-07" tag="RB" text="first">
        <cmp x="1931" y="2002" width="34" height="67" />
        <cmp x="1965" y="2030" width="37" height="22" />
        <cmp x="2006" y="2013" width="32" height="40" />
      </word>
      <upper-contour>
        <point x="402" y="1919" />
        <point x="2038" y="1919" />
      </upper-contour>
      <lower-contour>
        <point x="414" y="2107" />
        <point x="2012" y="2107" />
      </lower-contour>
    </line>
    <line ass="371" asx="0" asy="2189" character-width="999" dss="371" dsx="0" dsy="2290" fd0="12983" fd1="3100" fd2="-299" filter-width="3" id="g06-037l-08" lbs="297" lbx="0" lby="2250" segmentation="ok" slant="79000" stroke-width="4909" threshold="182" text="shown themselves seventeen years before had had the" ubs="521" ubx="0" uby="2228">
      <word id="g06-037l-08-00" tag="VBN" text="shown">
        <cmp x="416" y="2189" width="40" height="63" />
        <cmp x="466" y="2221" width="54" height="22" />
        <cmp x="528" y="2221" width="31" height="22" />
      </word>
      <word id="g06-037l-08-01" tag="PPLS" text="themselves">
        <cmp x="651" y="2186" width="89" height="63" />
        <cmp x="742" y="2222" width="13" height="28" />
        <cmp x="760" y="2184" width="53" height="64" />
        <cmp x="809" y="2222" width="38" height="33" />
        <cmp x="851" y="2219" width="21" height="30" />
      </word>
      <word id="g06-037l-08-02" tag="CD" text="seventeen">
        <cmp x="967" y="2210" width="73" height="37" />
        <cmp x="1044" y="2211" width="57" height="39" />
        <cmp x="1103" y="2193" width="109" height="56" />
      </word>
      <word id="g06-037l-08-03" tag="NNS" text="years">
        <cmp x="1262" y="2217" width="57" height="66" />
        <cmp x="1325" y="2218" width="42" height="24" />
        <cmp x="1371" y="2215" width="22" height="27" />
      </word>
      <word id="g06-037l-08-04" tag="RI" text="before">
        <cmp x="1447" y="2195" width="40" height="61" />
        <cmp x="1494" y="2191" width="96" height="69" />
      </word>
      <word id="g06-037l-08-05" tag="HVD" text="had">
        <cmp x="1650" y="2187" width="30" height="58" />
        <cmp x="1680" y="2220" width="19" height="22" />
        <cmp x="1706" y="2186" width="38" height="56" />
      </word>
      <word id="g06-037l-08-06" tag="HVN" text="had">
        <cmp x="1801" y="2179" width="37" height="59" />
        <cmp x="1842" y="2183" width="44" height="55" />
      </word>
      <word id="g06-037l-08-07" tag="ATI" text="the">
        <cmp x="1939" y="2185" width="24" height="53" />
        <cmp x="1968" y="2178" width="43" height="52" />
      </word>
      <upper-contour>
        <point x="414" y="2107" />
        <point x="2012" y="2107" />
      </upper-contour>
      <lower-contour>
        <point x="426" y="2252" />
        <point x="818" y="2252" />
      </lower-contour>
    </line>
    <line ass="-1617" asx="0" asy="2347" character-width="999" dss="-1617" dsx="0" dsy="2458" fd0="12837" fd1="1991" fd2="-1265" filter-width="3" id="g06-037l-09" lbs="503" lbx="0" lby="2441" segmentation="ok" slant="78000" stroke-width="4700" threshold="182" text="slightest effect." ubs="-5859" ubx="0" uby="2333">
      <word id="g06-037l-09-00" tag="JJT" text="slightest">
        <cmp x="428" y="2371" width="42" height="59" />
        <cmp x="467" y="2391" width="5" height="15" />
        <cmp x="475" y="2401" width="26" height="71" />
        <cmp x="507" y="2388" width="13" height="49" />
        <cmp x="510" y="2381" width="5" height="8" />
        <cmp x="534" y="2378" width="32" height="62" />
        <cmp x="563" y="2376" width="45" height="68" />
      </word>
      <word id="g06-037l-09-01" tag="NN" text="effect">
        <cmp x="674" y="2401" width="33" height="29" />
        <cmp x="709" y="2369" width="25" height="91" />
        <cmp x="720" y="2374" width="27" height="74" />
        <cmp x="732" y="2416" width="20" height="22" />
        <cmp x="763" y="2410" width="23" height="22" />
        <cmp x="788" y="2372" width="20" height="54" />
      </word>
      <word id="g06-037l-09-02" tag="." text=".">
        <cmp x="812" y="2425" width="6" height="8" />
      </word>
      <upper-contour>
        <point x="426" y="2252" />
        <point x="818" y="2252" />
      </upper-contour>
    </line>
  </handwritten-part>
</form>

