<?xml version="1.0" encoding="ISO-8859-1"?>

<!DOCTYPE form SYSTEM 'http://www.iam.unibe.ch/~fki/iamdb/form-metadata.dtd'>

<form created="2002-01-18" height="3542" id="g06-037r" last-modified="2002-07-17" skew="0" status="final" version="3.0_beta" width="2479" writer-id="348">
  <machine-printed-part>
    <machine-print-line text="God grant, however, that I may be a false prophet &amp;amp; that all may go well. Sir R. Peel" />
    <machine-print-line text="was here, I understand, but an express took him off yesterday.&apos;" />
    <machine-print-line text="While he was in Naples there had opened a new chapter in the history of Anglesey&apos;s" />
    <machine-print-line text="unceasing search for an effective alleviation of his painful malady. None of the numer-" />
    <machine-print-line text="ous conventional remedies to which he had been subjected ever since the symptoms" />
    <machine-print-line text="had first shown themselves seventeen years before had had the slightest effect." />
  </machine-printed-part>
  <handwritten-part>
    <line ass="41" asx="0" asy="770" character-width="999" dss="41" dsx="0" dsy="864" fd0="12661" fd1="3360" fd2="-594" filter-width="4" id="g06-037r-00" lbs="71" lbx="0" lby="826" segmentation="ok" slant="103000" stroke-width="6014" threshold="166" text="God grant, however, that I may be a false prophet" ubs="-18" ubx="0" uby="794">
      <word id="g06-037r-00-00" sentence-start="yes" tag="NP" text="God">
        <cmp x="346" y="776" width="47" height="48" />
        <cmp x="397" y="775" width="71" height="50" />
      </word>
      <word id="g06-037r-00-01" tag="VB" text="grant">
        <cmp x="518" y="798" width="44" height="66" />
        <cmp x="560" y="798" width="63" height="30" />
        <cmp x="622" y="778" width="52" height="50" />
      </word>
      <word id="g06-037r-00-02" tag="," text=",">
        <cmp x="693" y="818" width="11" height="25" />
      </word>
      <word id="g06-037r-00-03" tag="RB" text="however">
        <cmp x="737" y="776" width="74" height="55" />
        <cmp x="813" y="796" width="41" height="27" />
        <cmp x="857" y="797" width="56" height="31" />
        <cmp x="921" y="793" width="50" height="31" />
      </word>
      <word id="g06-037r-00-04" tag="," text=",">
        <cmp x="988" y="818" width="13" height="23" />
      </word>
      <word id="g06-037r-00-05" tag="CS" text="that">
        <cmp x="1039" y="773" width="29" height="47" />
        <cmp x="1069" y="773" width="95" height="49" />
      </word>
      <word id="g06-037r-00-06" tag="PP1A" text="I">
        <cmp x="1206" y="771" width="26" height="51" />
      </word>
      <word id="g06-037r-00-07" tag="MD" text="may">
        <cmp x="1289" y="797" width="80" height="30" />
        <cmp x="1367" y="796" width="35" height="51" />
      </word>
      <word id="g06-037r-00-08" tag="BE" text="be">
        <cmp x="1458" y="786" width="74" height="37" />
      </word>
      <word id="g06-037r-00-09" tag="AT" text="a">
        <cmp x="1567" y="797" width="45" height="28" />
      </word>
      <word id="g06-037r-00-10" tag="JJ" text="false">
        <cmp x="1651" y="775" width="75" height="67" />
        <cmp x="1719" y="772" width="20" height="47" />
        <cmp x="1735" y="791" width="70" height="29" />
      </word>
      <word id="g06-037r-00-11" tag="NN" text="prophet">
        <cmp x="1843" y="796" width="102" height="56" />
        <cmp x="1952" y="797" width="35" height="57" />
        <cmp x="1982" y="779" width="70" height="47" />
        <cmp x="2041" y="776" width="35" height="45" />
      </word>
      <lower-contour>
        <point x="344" y="864" />
        <point x="1964" y="864" />
      </lower-contour>
    </line>
    <line ass="168" asx="0" asy="949" character-width="999" dss="168" dsx="0" dsy="1056" fd0="12908" fd1="3392" fd2="-410" filter-width="4" id="g06-037r-01" lbs="171" lbx="0" lby="1008" segmentation="ok" slant="99000" stroke-width="5994" threshold="168" text="&amp;amp; that all may go well. Sir R. Peel was here, I" ubs="162" ubx="0" uby="978">
      <word id="g06-037r-01-00" tag="CC" text="&amp;">
        <cmp x="329" y="950" width="40" height="56" />
      </word>
      <word id="g06-037r-01-01" tag="CS" text="that">
        <cmp x="398" y="956" width="115" height="54" />
      </word>
      <word id="g06-037r-01-02" tag="ABN" text="all">
        <cmp x="560" y="980" width="39" height="30" />
        <cmp x="598" y="961" width="14" height="47" />
        <cmp x="609" y="961" width="11" height="44" />
      </word>
      <word id="g06-037r-01-03" tag="MD" text="may">
        <cmp x="663" y="975" width="117" height="51" />
      </word>
      <word id="g06-037r-01-04" tag="VB" text="go">
        <cmp x="809" y="979" width="70" height="76" />
      </word>
      <word id="g06-037r-01-05" tag="RB" text="well">
        <cmp x="919" y="962" width="123" height="49" />
      </word>
      <word id="g06-037r-01-06" tag="." text=".">
        <cmp x="1074" y="1000" width="8" height="7" />
      </word>
      <word id="g06-037r-01-07" sentence-start="yes" tag="NPT" text="Sir">
        <cmp x="1128" y="964" width="50" height="40" />
        <cmp x="1176" y="964" width="10" height="9" />
        <cmp x="1184" y="978" width="9" height="26" />
        <cmp x="1198" y="972" width="33" height="30" />
      </word>
      <word id="g06-037r-01-08" tag="NP" text="R.">
        <cmp x="1279" y="954" width="44" height="52" />
        <cmp x="1338" y="992" width="8" height="9" />
      </word>
      <word id="g06-037r-01-09" tag="NP" text="Peel">
        <cmp x="1380" y="956" width="46" height="44" />
        <cmp x="1414" y="957" width="105" height="48" />
      </word>
      <word id="g06-037r-01-10" tag="BEDZ" text="was">
        <cmp x="1586" y="971" width="110" height="35" />
      </word>
      <word id="g06-037r-01-11" tag="RN" text="here">
        <cmp x="1718" y="956" width="40" height="44" />
        <cmp x="1762" y="971" width="44" height="28" />
        <cmp x="1801" y="969" width="23" height="10" />
        <cmp x="1814" y="975" width="44" height="28" />
      </word>
      <word id="g06-037r-01-12" tag="," text=",">
        <cmp x="1883" y="1004" width="12" height="17" />
      </word>
      <word id="g06-037r-01-13" tag="PP1A" text="I">
        <cmp x="1927" y="962" width="36" height="46" />
      </word>
      <upper-contour>
        <point x="344" y="864" />
        <point x="1964" y="864" />
      </upper-contour>
      <lower-contour>
        <point x="327" y="1055" />
        <point x="1964" y="1055" />
      </lower-contour>
    </line>
    <line ass="217" asx="0" asy="1132" character-width="999" dss="217" dsx="0" dsy="1217" fd0="12889" fd1="3047" fd2="-843" filter-width="4" id="g06-037r-02" lbs="283" lbx="0" lby="1190" segmentation="ok" slant="103000" stroke-width="5976" threshold="167" text="understand, but an express took him off yesterday.&apos;" ubs="85" ubx="0" uby="1158">
      <word id="g06-037r-02-00" tag="VB" text="understand">
        <cmp x="324" y="1156" width="38" height="31" />
        <cmp x="364" y="1141" width="168" height="46" />
        <cmp x="535" y="1163" width="45" height="30" />
        <cmp x="582" y="1144" width="69" height="48" />
      </word>
      <word id="g06-037r-02-01" tag="," text=",">
        <cmp x="672" y="1173" width="9" height="22" />
      </word>
      <word id="g06-037r-02-02" tag="CC" text="but">
        <cmp x="726" y="1139" width="99" height="49" />
      </word>
      <word id="g06-037r-02-03" tag="AT" text="an">
        <cmp x="868" y="1158" width="39" height="26" />
        <cmp x="909" y="1157" width="45" height="29" />
      </word>
      <word id="g06-037r-02-04" tag="NN" text="express">
        <cmp x="997" y="1153" width="128" height="59" />
        <cmp x="1117" y="1150" width="95" height="32" />
      </word>
      <word id="g06-037r-02-05" tag="VBD" text="took">
        <cmp x="1248" y="1137" width="138" height="51" />
      </word>
      <word id="g06-037r-02-06" tag="PP3O" text="him">
        <cmp x="1421" y="1133" width="39" height="49" />
        <cmp x="1459" y="1145" width="7" height="7" />
        <cmp x="1466" y="1159" width="8" height="22" />
        <cmp x="1489" y="1156" width="46" height="28" />
      </word>
      <word id="g06-037r-02-07" tag="RP" text="off">
        <cmp x="1585" y="1137" width="88" height="70" />
      </word>
      <word id="g06-037r-02-08" tag="NR" text="yesterday">
        <cmp x="1709" y="1154" width="38" height="51" />
        <cmp x="1748" y="1138" width="130" height="52" />
        <cmp x="1876" y="1136" width="44" height="46" />
        <cmp x="1920" y="1155" width="38" height="27" />
        <cmp x="1957" y="1152" width="32" height="58" />
      </word>
      <word id="g06-037r-02-09" tag="." text=".">
        <cmp x="2003" y="1178" width="8" height="9" />
      </word>
      <word id="g06-037r-02-10" tag="**&apos;" text="&apos;">
        <cmp x="2039" y="1126" width="13" height="37" />
      </word>
      <upper-contour>
        <point x="327" y="1055" />
        <point x="1964" y="1055" />
      </upper-contour>
      <lower-contour>
        <point x="330" y="1212" />
        <point x="2053" y="1212" />
      </lower-contour>
    </line>
    <line ass="147" asx="0" asy="1314" character-width="999" dss="147" dsx="0" dsy="1397" fd0="12660" fd1="3099" fd2="-856" filter-width="4" id="g06-037r-03" lbs="174" lbx="0" lby="1368" segmentation="ok" slant="100000" stroke-width="6075" threshold="165" text="While he was in Naples there had opened a new chapter" ubs="91" ubx="0" uby="1337">
      <word id="g06-037r-03-00" sentence-start="yes" tag="CS" text="While">
        <cmp x="332" y="1319" width="43" height="49" />
        <cmp x="379" y="1325" width="33" height="45" />
        <cmp x="409" y="1323" width="10" height="11" />
        <cmp x="414" y="1340" width="11" height="27" />
        <cmp x="430" y="1321" width="57" height="47" />
      </word>
      <word id="g06-037r-03-01" tag="PP3A" text="he">
        <cmp x="533" y="1320" width="39" height="48" />
        <cmp x="572" y="1337" width="34" height="29" />
      </word>
      <word id="g06-037r-03-02" tag="BEDZ" text="was">
        <cmp x="638" y="1337" width="42" height="30" />
        <cmp x="681" y="1336" width="70" height="32" />
      </word>
      <word id="g06-037r-03-03" tag="IN" text="in">
        <cmp x="781" y="1324" width="10" height="11" />
        <cmp x="785" y="1340" width="10" height="28" />
        <cmp x="798" y="1339" width="34" height="29" />
      </word>
      <word id="g06-037r-03-04" tag="NP" text="Naples">
        <cmp x="878" y="1323" width="77" height="50" />
        <cmp x="956" y="1334" width="38" height="61" />
        <cmp x="990" y="1316" width="84" height="48" />
      </word>
      <word id="g06-037r-03-05" tag="EX" text="there">
        <cmp x="1110" y="1312" width="153" height="56" />
      </word>
      <word id="g06-037r-03-06" tag="HVD" text="had">
        <cmp x="1287" y="1314" width="114" height="51" />
      </word>
      <word id="g06-037r-03-07" tag="VBN" text="opened">
        <cmp x="1453" y="1323" width="203" height="69" />
      </word>
      <word id="g06-037r-03-08" tag="AT" text="a">
        <cmp x="1713" y="1334" width="43" height="31" />
      </word>
      <word id="g06-037r-03-09" tag="JJ" text="new">
        <cmp x="1786" y="1333" width="105" height="32" />
      </word>
      <word id="g06-037r-03-10" tag="NN" text="chapter">
        <cmp x="1929" y="1315" width="93" height="48" />
        <cmp x="2024" y="1317" width="96" height="75" />
      </word>
      <upper-contour>
        <point x="330" y="1212" />
        <point x="2053" y="1212" />
      </upper-contour>
      <lower-contour>
        <point x="333" y="1396" />
        <point x="2108" y="1396" />
      </lower-contour>
    </line>
    <line ass="-14" asx="0" asy="1489" character-width="999" dss="-14" dsx="0" dsy="1595" fd0="13005" fd1="3454" fd2="-940" filter-width="4" id="g06-037r-04" lbs="88" lbx="0" lby="1546" segmentation="ok" slant="101000" stroke-width="6025" threshold="166" text="in the history of Anglesey&apos;s unceasing search for an" ubs="-220" ubx="0" uby="1507">
      <word id="g06-037r-04-00" tag="IN" text="in">
        <cmp x="335" y="1493" width="6" height="9" />
        <cmp x="337" y="1507" width="13" height="35" />
        <cmp x="353" y="1511" width="28" height="34" />
      </word>
      <word id="g06-037r-04-01" tag="ATI" text="the">
        <cmp x="413" y="1491" width="59" height="50" />
        <cmp x="473" y="1509" width="34" height="32" />
      </word>
      <word id="g06-037r-04-02" tag="NN" text="history">
        <cmp x="543" y="1491" width="42" height="50" />
        <cmp x="579" y="1496" width="15" height="11" />
        <cmp x="583" y="1513" width="12" height="24" />
        <cmp x="598" y="1510" width="35" height="32" />
        <cmp x="623" y="1497" width="23" height="43" />
        <cmp x="647" y="1515" width="37" height="25" />
        <cmp x="690" y="1513" width="53" height="54" />
      </word>
      <word id="g06-037r-04-03" tag="INO" text="of">
        <cmp x="783" y="1493" width="59" height="74" />
      </word>
      <word id="g06-037r-04-04" tag="NP$" text="Anglesey&apos;s">
        <cmp x="898" y="1497" width="38" height="52" />
        <cmp x="938" y="1518" width="66" height="79" />
        <cmp x="999" y="1503" width="126" height="49" />
        <cmp x="1122" y="1514" width="33" height="52" />
        <cmp x="1167" y="1493" width="10" height="24" />
        <cmp x="1179" y="1512" width="34" height="32" />
      </word>
      <word id="g06-037r-04-05" tag="JJ" text="unceasing">
        <cmp x="1284" y="1513" width="30" height="32" />
        <cmp x="1318" y="1512" width="45" height="30" />
        <cmp x="1368" y="1515" width="41" height="29" />
        <cmp x="1407" y="1515" width="104" height="31" />
        <cmp x="1502" y="1505" width="10" height="8" />
        <cmp x="1510" y="1520" width="10" height="25" />
        <cmp x="1524" y="1515" width="35" height="28" />
        <cmp x="1559" y="1521" width="38" height="74" />
      </word>
      <word id="g06-037r-04-06" tag="NN" text="search">
        <cmp x="1644" y="1511" width="33" height="31" />
        <cmp x="1680" y="1509" width="72" height="33" />
        <cmp x="1753" y="1500" width="100" height="45" />
      </word>
      <word id="g06-037r-04-07" tag="IN" text="for">
        <cmp x="1897" y="1493" width="67" height="66" />
        <cmp x="1965" y="1510" width="32" height="30" />
      </word>
      <word id="g06-037r-04-08" tag="AT" text="an">
        <cmp x="2033" y="1516" width="43" height="32" />
        <cmp x="2076" y="1520" width="31" height="25" />
      </word>
      <upper-contour>
        <point x="333" y="1396" />
        <point x="2108" y="1396" />
      </upper-contour>
      <lower-contour>
        <point x="333" y="1597" />
        <point x="2065" y="1597" />
      </lower-contour>
    </line>
    <line ass="-94" asx="0" asy="1670" character-width="999" dss="-94" dsx="0" dsy="1757" fd0="13080" fd1="2517" fd2="-1361" filter-width="4" id="g06-037r-05" lbs="-13" lbx="0" lby="1725" segmentation="ok" slant="101000" stroke-width="6031" threshold="164" text="effective alleviation of his painful malady. None of" ubs="-255" ubx="0" uby="1691">
      <word id="g06-037r-05-00" tag="JJ" text="effective">
        <cmp x="321" y="1696" width="46" height="29" />
        <cmp x="357" y="1675" width="83" height="75" />
        <cmp x="428" y="1697" width="45" height="23" />
        <cmp x="468" y="1676" width="38" height="47" />
        <cmp x="493" y="1675" width="9" height="12" />
        <cmp x="518" y="1696" width="25" height="26" />
        <cmp x="548" y="1695" width="43" height="29" />
      </word>
      <word id="g06-037r-05-01" tag="NN" text="alleviation">
        <cmp x="641" y="1698" width="44" height="32" />
        <cmp x="681" y="1678" width="16" height="51" />
        <cmp x="691" y="1677" width="50" height="56" />
        <cmp x="734" y="1699" width="30" height="29" />
        <cmp x="769" y="1681" width="9" height="9" />
        <cmp x="772" y="1698" width="9" height="28" />
        <cmp x="788" y="1693" width="43" height="38" />
        <cmp x="828" y="1674" width="37" height="52" />
        <cmp x="851" y="1674" width="12" height="11" />
        <cmp x="873" y="1697" width="69" height="30" />
      </word>
      <word id="g06-037r-05-02" tag="INO" text="of">
        <cmp x="1006" y="1674" width="62" height="69" />
      </word>
      <word id="g06-037r-05-03" tag="PP$" text="his">
        <cmp x="1117" y="1674" width="39" height="53" />
        <cmp x="1153" y="1678" width="11" height="12" />
        <cmp x="1156" y="1699" width="10" height="21" />
        <cmp x="1168" y="1695" width="35" height="28" />
      </word>
      <word id="g06-037r-05-04" tag="JJ" text="painful">
        <cmp x="1242" y="1698" width="87" height="63" />
        <cmp x="1326" y="1689" width="7" height="10" />
        <cmp x="1330" y="1700" width="10" height="25" />
        <cmp x="1345" y="1699" width="32" height="26" />
        <cmp x="1387" y="1676" width="65" height="73" />
        <cmp x="1420" y="1689" width="4" height="9" />
        <cmp x="1459" y="1679" width="21" height="44" />
      </word>
      <word id="g06-037r-05-05" tag="NN" text="malady">
        <cmp x="1530" y="1693" width="77" height="33" />
        <cmp x="1615" y="1678" width="23" height="47" />
        <cmp x="1635" y="1697" width="39" height="25" />
        <cmp x="1675" y="1676" width="40" height="48" />
        <cmp x="1717" y="1696" width="32" height="49" />
      </word>
      <word id="g06-037r-05-06" tag="." text=".">
        <cmp x="1765" y="1717" width="10" height="9" />
      </word>
      <word id="g06-037r-05-07" sentence-start="yes" tag="PN" text="None">
        <cmp x="1823" y="1674" width="46" height="51" />
        <cmp x="1874" y="1694" width="32" height="27" />
        <cmp x="1906" y="1691" width="59" height="34" />
      </word>
      <word id="g06-037r-05-08" tag="INO" text="of">
        <cmp x="2003" y="1696" width="30" height="28" />
        <cmp x="2025" y="1674" width="39" height="70" />
      </word>
      <upper-contour>
        <point x="333" y="1597" />
        <point x="2065" y="1597" />
      </upper-contour>
      <lower-contour>
        <point x="319" y="1761" />
        <point x="2065" y="1761" />
      </lower-contour>
    </line>
    <line ass="128" asx="0" asy="1854" character-width="999" dss="128" dsx="0" dsy="1916" fd0="13082" fd1="2601" fd2="-1242" filter-width="4" id="g06-037r-06" lbs="118" lbx="0" lby="1907" segmentation="ok" slant="102000" stroke-width="6024" threshold="165" text="the numerous conventional remedies to which he had" ubs="149" ubx="0" uby="1880">
      <word id="g06-037r-06-00" tag="ATI" text="the">
        <cmp x="316" y="1854" width="57" height="51" />
        <cmp x="379" y="1874" width="43" height="29" />
      </word>
      <word id="g06-037r-06-01" tag="JJ" text="numerous">
        <cmp x="463" y="1876" width="35" height="31" />
        <cmp x="509" y="1875" width="38" height="27" />
        <cmp x="553" y="1876" width="44" height="27" />
        <cmp x="602" y="1876" width="123" height="29" />
        <cmp x="722" y="1877" width="33" height="29" />
      </word>
      <word id="g06-037r-06-02" tag="JJ" text="conventional">
        <cmp x="828" y="1876" width="39" height="34" />
        <cmp x="864" y="1882" width="34" height="25" />
        <cmp x="899" y="1882" width="34" height="26" />
        <cmp x="939" y="1879" width="90" height="33" />
        <cmp x="1031" y="1856" width="38" height="52" />
        <cmp x="1057" y="1858" width="11" height="9" />
        <cmp x="1084" y="1877" width="34" height="27" />
        <cmp x="1119" y="1875" width="76" height="32" />
        <cmp x="1192" y="1856" width="23" height="43" />
      </word>
      <word id="g06-037r-06-03" tag="NNS" text="remedies">
        <cmp x="1271" y="1872" width="65" height="43" />
        <cmp x="1331" y="1878" width="45" height="30" />
        <cmp x="1377" y="1878" width="32" height="30" />
        <cmp x="1406" y="1858" width="39" height="46" />
        <cmp x="1444" y="1862" width="13" height="13" />
        <cmp x="1444" y="1881" width="13" height="22" />
        <cmp x="1460" y="1874" width="69" height="32" />
      </word>
      <word id="g06-037r-06-04" tag="IN" text="to">
        <cmp x="1594" y="1858" width="60" height="48" />
      </word>
      <word id="g06-037r-06-05" tag="WDT" text="which">
        <cmp x="1679" y="1877" width="41" height="30" />
        <cmp x="1723" y="1857" width="38" height="45" />
        <cmp x="1759" y="1861" width="9" height="11" />
        <cmp x="1762" y="1859" width="73" height="45" />
        <cmp x="1795" y="1883" width="5" height="7" />
      </word>
      <word id="g06-037r-06-06" tag="PP3A" text="he">
        <cmp x="1885" y="1854" width="80" height="48" />
      </word>
      <word id="g06-037r-06-07" tag="HVD" text="had">
        <cmp x="1987" y="1854" width="116" height="48" />
      </word>
      <upper-contour>
        <point x="319" y="1761" />
        <point x="2065" y="1761" />
      </upper-contour>
      <lower-contour>
        <point x="319" y="1915" />
        <point x="2045" y="1915" />
      </lower-contour>
    </line>
    <line ass="-32" asx="0" asy="2031" character-width="999" dss="-32" dsx="0" dsy="2114" fd0="12691" fd1="3247" fd2="-1101" filter-width="4" id="g06-037r-07" lbs="-82" lbx="0" lby="2078" segmentation="ok" slant="103000" stroke-width="6077" threshold="166" text="been subjected ever since the symptoms had first" ubs="67" ubx="0" uby="2056">
      <word id="g06-037r-07-00" tag="BEN" text="been">
        <cmp x="321" y="2034" width="139" height="50" />
      </word>
      <word id="g06-037r-07-01" tag="VBN" text="subjected">
        <cmp x="502" y="2056" width="69" height="28" />
        <cmp x="573" y="2038" width="36" height="42" />
        <cmp x="602" y="2055" width="71" height="61" />
        <cmp x="611" y="2044" width="14" height="12" />
        <cmp x="671" y="2033" width="135" height="54" />
      </word>
      <word id="g06-037r-07-02" tag="RB" text="ever">
        <cmp x="863" y="2051" width="52" height="31" />
        <cmp x="909" y="2045" width="26" height="34" />
        <cmp x="936" y="2048" width="57" height="33" />
      </word>
      <word id="g06-037r-07-03" tag="CS" text="since">
        <cmp x="1019" y="2056" width="54" height="28" />
        <cmp x="1060" y="2043" width="10" height="10" />
        <cmp x="1079" y="2056" width="118" height="29" />
      </word>
      <word id="g06-037r-07-04" tag="ATI" text="the">
        <cmp x="1223" y="2035" width="112" height="49" />
      </word>
      <word id="g06-037r-07-05" tag="NNS" text="symptoms">
        <cmp x="1359" y="2054" width="43" height="31" />
        <cmp x="1394" y="2056" width="34" height="49" />
        <cmp x="1431" y="2055" width="48" height="31" />
        <cmp x="1482" y="2040" width="64" height="71" />
        <cmp x="1541" y="2059" width="40" height="20" />
        <cmp x="1585" y="2052" width="90" height="31" />
      </word>
      <word id="g06-037r-07-06" tag="HVD" text="had">
        <cmp x="1728" y="2034" width="114" height="50" />
      </word>
      <word id="g06-037r-07-07" tag="RB" text="first">
        <cmp x="1904" y="2034" width="41" height="66" />
        <cmp x="1952" y="2041" width="9" height="10" />
        <cmp x="1953" y="2054" width="9" height="26" />
        <cmp x="1971" y="2033" width="73" height="48" />
      </word>
      <upper-contour>
        <point x="319" y="1915" />
        <point x="2045" y="1915" />
      </upper-contour>
      <lower-contour>
        <point x="321" y="2116" />
        <point x="2037" y="2116" />
      </lower-contour>
    </line>
    <line ass="-37" asx="0" asy="2204" character-width="999" dss="-37" dsx="0" dsy="2278" fd0="12541" fd1="3065" fd2="-1118" filter-width="4" id="g06-037r-08" lbs="2" lbx="0" lby="2258" segmentation="ok" slant="100000" stroke-width="6149" threshold="165" text="shown themselves seventeen years before had had" ubs="-119" ubx="0" uby="2228">
      <word id="g06-037r-08-00" tag="VBN" text="shown">
        <cmp x="323" y="2223" width="44" height="34" />
        <cmp x="354" y="2206" width="47" height="49" />
        <cmp x="404" y="2227" width="78" height="34" />
        <cmp x="487" y="2229" width="38" height="30" />
      </word>
      <word id="g06-037r-08-01" tag="PPLS" text="themselves">
        <cmp x="579" y="2214" width="29" height="47" />
        <cmp x="610" y="2216" width="113" height="42" />
        <cmp x="725" y="2209" width="82" height="51" />
        <cmp x="811" y="2229" width="87" height="33" />
      </word>
      <word id="g06-037r-08-02" tag="CD" text="seventeen">
        <cmp x="959" y="2229" width="76" height="31" />
        <cmp x="1026" y="2226" width="97" height="32" />
        <cmp x="1123" y="2215" width="141" height="45" />
      </word>
      <word id="g06-037r-08-03" tag="NNS" text="years">
        <cmp x="1314" y="2228" width="95" height="52" />
        <cmp x="1412" y="2231" width="60" height="34" />
      </word>
      <word id="g06-037r-08-04" tag="RI" text="before">
        <cmp x="1521" y="2218" width="78" height="45" />
        <cmp x="1598" y="2211" width="60" height="65" />
        <cmp x="1658" y="2228" width="59" height="30" />
      </word>
      <word id="g06-037r-08-05" tag="HVD" text="had">
        <cmp x="1775" y="2211" width="99" height="53" />
      </word>
      <word id="g06-037r-08-06" tag="HVN" text="had">
        <cmp x="1931" y="2206" width="105" height="55" />
      </word>
      <upper-contour>
        <point x="321" y="2116" />
        <point x="2037" y="2116" />
      </upper-contour>
      <lower-contour>
        <point x="327" y="2263" />
        <point x="940" y="2263" />
      </lower-contour>
    </line>
    <line ass="-298" asx="0" asy="2383" character-width="999" dss="-298" dsx="0" dsy="2484" fd0="12256" fd1="2914" fd2="-1604" filter-width="4" id="g06-037r-09" lbs="-664" lbx="0" lby="2439" segmentation="ok" slant="101000" stroke-width="6176" threshold="164" text="the slightest effect." ubs="431" ubx="0" uby="2407">
      <word id="g06-037r-09-00" tag="ATI" text="the">
        <cmp x="329" y="2396" width="98" height="46" />
      </word>
      <word id="g06-037r-09-01" tag="JJT" text="slightest">
        <cmp x="470" y="2412" width="39" height="35" />
        <cmp x="513" y="2398" width="26" height="53" />
        <cmp x="537" y="2399" width="11" height="8" />
        <cmp x="541" y="2415" width="10" height="24" />
        <cmp x="558" y="2418" width="35" height="68" />
        <cmp x="588" y="2398" width="40" height="48" />
        <cmp x="627" y="2397" width="96" height="53" />
      </word>
      <word id="g06-037r-09-02" tag="NN" text="effect">
        <cmp x="770" y="2390" width="132" height="73" />
        <cmp x="887" y="2388" width="30" height="45" />
      </word>
      <word id="g06-037r-09-03" tag="." text=".">
        <cmp x="930" y="2436" width="8" height="8" />
      </word>
      <upper-contour>
        <point x="327" y="2263" />
        <point x="940" y="2263" />
      </upper-contour>
    </line>
  </handwritten-part>
</form>

