<?xml version="1.0" encoding="ISO-8859-1"?>

<!DOCTYPE form SYSTEM 'http://www.iam.unibe.ch/~fki/iamdb/form-metadata.dtd'>

<form created="2002-01-19" height="3542" id="g06-018a" last-modified="2002-07-17" skew="-63" status="final" version="3.0_beta" width="2479" writer-id="332">
  <machine-printed-part>
    <machine-print-line text="When the sailing season was past, he sent Pearl back to England, and returned to" />
    <machine-print-line text="Rome for the winter. In late November, he was &apos;suffering as usual&apos;, but hoped, he" />
    <machine-print-line text="told Arthur, &apos;to find this place agree with me better than Naples. The journey has" />
    <machine-print-line text="been against me, as there has been much rain and damp, but the temperature is high" />
    <machine-print-line text="&amp;amp; I have not yet thought of a fire...." />
  </machine-printed-part>
  <handwritten-part>
    <line ass="-218" asx="0" asy="716" character-width="999" dss="-218" dsx="0" dsy="840" fd0="14732" fd1="2901" fd2="-114" filter-width="4" id="g06-018a-00" lbs="-222" lbx="0" lby="779" segmentation="ok" slant="57000" stroke-width="6922" threshold="182" text="When the sailing season was past, he sent Pearl" ubs="-209" ubx="0" uby="748">
      <word id="g06-018a-00-00" sentence-start="yes" tag="WRB" text="When">
        <cmp x="363" y="727" width="54" height="50" />
        <cmp x="412" y="725" width="71" height="57" />
        <cmp x="483" y="748" width="29" height="30" />
      </word>
      <word id="g06-018a-00-01" tag="ATI" text="the">
        <cmp x="579" y="726" width="37" height="57" />
        <cmp x="614" y="726" width="53" height="56" />
      </word>
      <word id="g06-018a-00-02" tag="NN" text="sailing">
        <cmp x="726" y="747" width="31" height="37" />
        <cmp x="753" y="751" width="58" height="31" />
        <cmp x="824" y="731" width="35" height="52" />
        <cmp x="827" y="728" width="7" height="7" />
        <cmp x="846" y="752" width="19" height="27" />
        <cmp x="877" y="758" width="64" height="87" />
        <cmp x="878" y="753" width="31" height="31" />
        <cmp x="879" y="731" width="7" height="7" />
      </word>
      <word id="g06-018a-00-03" tag="NN" text="season">
        <cmp x="1020" y="753" width="27" height="34" />
        <cmp x="1050" y="752" width="25" height="35" />
        <cmp x="1074" y="754" width="30" height="32" />
        <cmp x="1115" y="753" width="20" height="32" />
        <cmp x="1141" y="758" width="26" height="29" />
        <cmp x="1181" y="755" width="31" height="29" />
      </word>
      <word id="g06-018a-00-04" tag="BEDZ" text="was">
        <cmp x="1269" y="755" width="41" height="29" />
        <cmp x="1309" y="760" width="26" height="28" />
        <cmp x="1351" y="754" width="21" height="35" />
      </word>
      <word id="g06-018a-00-05" tag="RP" text="past">
        <cmp x="1409" y="753" width="56" height="63" />
        <cmp x="1470" y="759" width="28" height="30" />
        <cmp x="1506" y="758" width="25" height="30" />
        <cmp x="1532" y="732" width="44" height="60" />
      </word>
      <word id="g06-018a-00-06" tag="," text=",">
        <cmp x="1560" y="780" width="24" height="34" />
      </word>
      <word id="g06-018a-00-07" tag="PP3A" text="he">
        <cmp x="1648" y="730" width="60" height="53" />
      </word>
      <word id="g06-018a-00-08" tag="VBD" text="sent">
        <cmp x="1742" y="753" width="27" height="34" />
        <cmp x="1773" y="754" width="67" height="29" />
        <cmp x="1850" y="725" width="39" height="60" />
      </word>
      <word id="g06-018a-00-09" tag="NN" text="Pearl">
        <cmp x="1938" y="726" width="60" height="62" />
        <cmp x="2000" y="752" width="30" height="26" />
        <cmp x="2038" y="748" width="28" height="29" />
        <cmp x="2072" y="725" width="46" height="59" />
      </word>
      <lower-contour>
        <point x="365" y="845" />
        <point x="2119" y="845" />
      </lower-contour>
    </line>
    <line ass="189" asx="0" asy="900" character-width="999" dss="189" dsx="0" dsy="1025" fd0="14159" fd1="3078" fd2="212" filter-width="5" id="g06-018a-01" lbs="207" lbx="0" lby="966" segmentation="ok" slant="58000" stroke-width="7157" threshold="182" text="back to England, and returned to Rome for the" ubs="155" ubx="0" uby="936">
      <word id="g06-018a-01-00" tag="RP" text="back">
        <cmp x="367" y="900" width="35" height="64" />
        <cmp x="400" y="930" width="29" height="31" />
        <cmp x="433" y="937" width="20" height="28" />
        <cmp x="463" y="901" width="43" height="66" />
      </word>
      <word id="g06-018a-01-01" tag="IN" text="to">
        <cmp x="592" y="910" width="35" height="54" />
        <cmp x="618" y="936" width="23" height="33" />
      </word>
      <word id="g06-018a-01-02" tag="NP" text="England">
        <cmp x="700" y="911" width="47" height="54" />
        <cmp x="736" y="932" width="30" height="35" />
        <cmp x="738" y="937" width="58" height="87" />
        <cmp x="801" y="907" width="38" height="63" />
        <cmp x="830" y="933" width="37" height="31" />
        <cmp x="872" y="933" width="30" height="29" />
        <cmp x="907" y="903" width="58" height="59" />
      </word>
      <word id="g06-018a-01-03" tag="," text=",">
        <cmp x="972" y="959" width="15" height="24" />
      </word>
      <word id="g06-018a-01-04" tag="CC" text="and">
        <cmp x="1047" y="932" width="35" height="31" />
        <cmp x="1085" y="934" width="30" height="27" />
        <cmp x="1124" y="900" width="59" height="60" />
      </word>
      <word id="g06-018a-01-05" tag="VBD" text="returned">
        <cmp x="1220" y="930" width="35" height="31" />
        <cmp x="1253" y="930" width="24" height="29" />
        <cmp x="1287" y="900" width="40" height="64" />
        <cmp x="1315" y="932" width="42" height="31" />
        <cmp x="1361" y="931" width="26" height="28" />
        <cmp x="1385" y="930" width="67" height="32" />
        <cmp x="1459" y="900" width="65" height="66" />
      </word>
      <word id="g06-018a-01-06" tag="IN" text="to">
        <cmp x="1568" y="908" width="38" height="58" />
        <cmp x="1596" y="939" width="19" height="25" />
      </word>
      <word id="g06-018a-01-07" tag="NP" text="Rome">
        <cmp x="1684" y="907" width="81" height="57" />
        <cmp x="1768" y="926" width="97" height="33" />
      </word>
      <word id="g06-018a-01-08" tag="IN" text="for">
        <cmp x="1916" y="902" width="51" height="64" />
        <cmp x="1954" y="930" width="25" height="27" />
        <cmp x="1988" y="928" width="21" height="24" />
      </word>
      <word id="g06-018a-01-09" tag="ATI" text="the">
        <cmp x="2046" y="907" width="34" height="50" />
        <cmp x="2082" y="902" width="68" height="65" />
      </word>
      <upper-contour>
        <point x="365" y="845" />
        <point x="2119" y="845" />
      </upper-contour>
      <lower-contour>
        <point x="365" y="1024" />
        <point x="2139" y="1024" />
      </lower-contour>
    </line>
    <line ass="52" asx="0" asy="1072" character-width="999" dss="52" dsx="0" dsy="1202" fd0="15023" fd1="3096" fd2="-80" filter-width="4" id="g06-018a-02" lbs="13" lbx="0" lby="1144" segmentation="ok" slant="57000" stroke-width="6865" threshold="182" text="winter. In late November, he was &apos;suffering as" ubs="130" ubx="0" uby="1115">
      <word id="g06-018a-02-00" tag="NN" text="winter">
        <cmp x="360" y="1106" width="39" height="38" />
        <cmp x="404" y="1107" width="21" height="30" />
        <cmp x="431" y="1103" width="31" height="39" />
        <cmp x="433" y="1085" width="5" height="7" />
        <cmp x="475" y="1085" width="45" height="64" />
        <cmp x="528" y="1118" width="30" height="30" />
      </word>
      <word id="g06-018a-02-01" tag="." text=".">
        <cmp x="562" y="1138" width="7" height="8" />
      </word>
      <word id="g06-018a-02-02" sentence-start="yes" tag="IN" text="In">
        <cmp x="651" y="1080" width="35" height="62" />
        <cmp x="671" y="1117" width="32" height="25" />
      </word>
      <word id="g06-018a-02-03" tag="JJ" text="late">
        <cmp x="771" y="1088" width="38" height="60" />
        <cmp x="795" y="1115" width="25" height="27" />
        <cmp x="839" y="1084" width="29" height="59" />
        <cmp x="861" y="1112" width="32" height="36" />
      </word>
      <word id="g06-018a-02-04" tag="NR" text="November">
        <cmp x="973" y="1079" width="67" height="62" />
        <cmp x="1020" y="1107" width="28" height="33" />
        <cmp x="1057" y="1110" width="25" height="30" />
        <cmp x="1087" y="1111" width="94" height="34" />
        <cmp x="1196" y="1080" width="44" height="70" />
        <cmp x="1236" y="1117" width="29" height="34" />
        <cmp x="1268" y="1121" width="29" height="31" />
      </word>
      <word id="g06-018a-02-05" tag="," text=",">
        <cmp x="1304" y="1139" width="19" height="31" />
      </word>
      <word id="g06-018a-02-06" tag="PP3A" text="he">
        <cmp x="1400" y="1089" width="53" height="52" />
      </word>
      <word id="g06-018a-02-07" tag="BEDZ" text="was">
        <cmp x="1524" y="1107" width="48" height="33" />
        <cmp x="1576" y="1107" width="30" height="37" />
        <cmp x="1615" y="1110" width="25" height="32" />
      </word>
      <word id="g06-018a-02-08" tag="*&apos;" text="&apos;">
        <cmp x="1728" y="1072" width="18" height="23" />
      </word>
      <word id="g06-018a-02-09" tag="VBG" text="suffering">
        <cmp x="1747" y="1103" width="36" height="40" />
        <cmp x="1781" y="1110" width="33" height="31" />
        <cmp x="1820" y="1074" width="108" height="83" />
        <cmp x="1931" y="1112" width="20" height="31" />
        <cmp x="1962" y="1112" width="30" height="29" />
        <cmp x="1964" y="1114" width="63" height="88" />
        <cmp x="1967" y="1089" width="6" height="7" />
      </word>
      <word id="g06-018a-02-10" tag="CS" text="as">
        <cmp x="2076" y="1115" width="27" height="28" />
        <cmp x="2115" y="1112" width="23" height="31" />
      </word>
      <upper-contour>
        <point x="365" y="1024" />
        <point x="2139" y="1024" />
      </upper-contour>
      <lower-contour>
        <point x="358" y="1202" />
        <point x="2110" y="1202" />
      </lower-contour>
    </line>
    <line ass="24" asx="0" asy="1253" character-width="999" dss="24" dsx="0" dsy="1359" fd0="15239" fd1="3098" fd2="311" filter-width="4" id="g06-018a-03" lbs="11" lbx="0" lby="1322" segmentation="ok" slant="57000" stroke-width="7036" threshold="182" text="usual&apos;, but hoped, he told Arthur, &apos;to find" ubs="50" ubx="0" uby="1292">
      <word id="g06-018a-03-00" tag="JJ" text="usual">
        <cmp x="359" y="1287" width="30" height="34" />
        <cmp x="392" y="1286" width="28" height="34" />
        <cmp x="419" y="1291" width="37" height="32" />
        <cmp x="460" y="1290" width="31" height="30" />
        <cmp x="502" y="1263" width="44" height="58" />
      </word>
      <word id="g06-018a-03-01" tag="**&apos;" text="&apos;">
        <cmp x="562" y="1257" width="16" height="29" />
      </word>
      <word id="g06-018a-03-02" tag="," text=",">
        <cmp x="558" y="1311" width="29" height="33" />
      </word>
      <word id="g06-018a-03-03" tag="CC" text="but">
        <cmp x="675" y="1263" width="35" height="59" />
        <cmp x="715" y="1294" width="33" height="28" />
        <cmp x="760" y="1272" width="34" height="48" />
      </word>
      <word id="g06-018a-03-04" tag="VBD" text="hoped">
        <cmp x="860" y="1266" width="29" height="62" />
        <cmp x="897" y="1296" width="23" height="28" />
        <cmp x="902" y="1293" width="90" height="67" />
        <cmp x="997" y="1253" width="69" height="66" />
      </word>
      <word id="g06-018a-03-05" tag="," text=",">
        <cmp x="1042" y="1316" width="20" height="25" />
      </word>
      <word id="g06-018a-03-06" tag="PP3A" text="he">
        <cmp x="1129" y="1266" width="65" height="52" />
      </word>
      <word id="g06-018a-03-07" tag="VBD" text="told">
        <cmp x="1254" y="1264" width="39" height="57" />
        <cmp x="1278" y="1297" width="21" height="24" />
        <cmp x="1310" y="1258" width="35" height="59" />
        <cmp x="1330" y="1253" width="68" height="70" />
      </word>
      <word id="g06-018a-03-08" tag="NP" text="Arthur">
        <cmp x="1459" y="1269" width="64" height="56" />
        <cmp x="1511" y="1291" width="26" height="27" />
        <cmp x="1543" y="1266" width="37" height="59" />
        <cmp x="1575" y="1263" width="82" height="59" />
        <cmp x="1667" y="1293" width="29" height="28" />
      </word>
      <word id="g06-018a-03-09" tag="," text=",">
        <cmp x="1702" y="1318" width="20" height="21" />
      </word>
      <word id="g06-018a-03-10" tag="*&apos;" text="&apos;">
        <cmp x="1795" y="1258" width="15" height="18" />
      </word>
      <word id="g06-018a-03-11" tag="TO" text="to">
        <cmp x="1821" y="1269" width="43" height="56" />
        <cmp x="1856" y="1291" width="26" height="30" />
      </word>
      <word id="g06-018a-03-12" tag="VB" text="find">
        <cmp x="1929" y="1267" width="52" height="69" />
        <cmp x="1971" y="1294" width="22" height="28" />
        <cmp x="1999" y="1277" width="6" height="7" />
        <cmp x="2003" y="1291" width="29" height="30" />
        <cmp x="2041" y="1261" width="68" height="61" />
      </word>
      <upper-contour>
        <point x="358" y="1202" />
        <point x="2110" y="1202" />
      </upper-contour>
      <lower-contour>
        <point x="357" y="1360" />
        <point x="2075" y="1360" />
      </lower-contour>
    </line>
    <line ass="68" asx="0" asy="1439" character-width="999" dss="68" dsx="0" dsy="1561" fd0="14917" fd1="2953" fd2="-169" filter-width="4" id="g06-018a-04" lbs="161" lbx="0" lby="1507" segmentation="ok" slant="57000" stroke-width="7002" threshold="182" text="this place agree with me better than Naples." ubs="-118" ubx="0" uby="1470">
      <word id="g06-018a-04-00" tag="DT" text="this">
        <cmp x="351" y="1440" width="38" height="66" />
        <cmp x="381" y="1450" width="59" height="54" />
        <cmp x="451" y="1451" width="6" height="7" />
        <cmp x="452" y="1473" width="26" height="30" />
      </word>
      <word id="g06-018a-04-01" tag="NN" text="place">
        <cmp x="509" y="1478" width="56" height="55" />
        <cmp x="575" y="1450" width="39" height="56" />
        <cmp x="598" y="1481" width="27" height="31" />
        <cmp x="639" y="1472" width="56" height="34" />
      </word>
      <word id="g06-018a-04-02" tag="VB" text="agree">
        <cmp x="768" y="1469" width="65" height="93" />
        <cmp x="771" y="1468" width="27" height="32" />
        <cmp x="834" y="1471" width="28" height="30" />
        <cmp x="866" y="1465" width="69" height="39" />
      </word>
      <word id="g06-018a-04-03" tag="IN" text="with">
        <cmp x="1002" y="1472" width="45" height="32" />
        <cmp x="1048" y="1475" width="20" height="29" />
        <cmp x="1078" y="1451" width="35" height="55" />
        <cmp x="1080" y="1448" width="5" height="7" />
        <cmp x="1113" y="1448" width="36" height="59" />
      </word>
      <word id="g06-018a-04-04" tag="PP1O" text="me">
        <cmp x="1212" y="1473" width="97" height="35" />
      </word>
      <word id="g06-018a-04-05" tag="RBR" text="better">
        <cmp x="1382" y="1439" width="36" height="66" />
        <cmp x="1420" y="1474" width="28" height="28" />
        <cmp x="1453" y="1442" width="40" height="59" />
        <cmp x="1474" y="1445" width="52" height="60" />
        <cmp x="1529" y="1478" width="25" height="25" />
      </word>
      <word id="g06-018a-04-06" tag="IN" text="than">
        <cmp x="1607" y="1444" width="43" height="58" />
        <cmp x="1642" y="1445" width="36" height="57" />
        <cmp x="1673" y="1478" width="25" height="25" />
        <cmp x="1716" y="1479" width="29" height="26" />
      </word>
      <word id="g06-018a-04-07" tag="NP" text="Naples">
        <cmp x="1831" y="1446" width="70" height="56" />
        <cmp x="1883" y="1475" width="83" height="69" />
        <cmp x="1971" y="1449" width="36" height="45" />
        <cmp x="1982" y="1475" width="37" height="26" />
        <cmp x="2035" y="1469" width="26" height="33" />
      </word>
      <word id="g06-018a-04-08" tag="." text=".">
        <cmp x="2068" y="1499" width="7" height="7" />
      </word>
      <upper-contour>
        <point x="357" y="1360" />
        <point x="2075" y="1360" />
      </upper-contour>
      <lower-contour>
        <point x="358" y="1562" />
        <point x="2075" y="1562" />
      </lower-contour>
    </line>
    <line ass="-150" asx="0" asy="1622" character-width="999" dss="-150" dsx="0" dsy="1755" fd0="14612" fd1="2910" fd2="102" filter-width="4" id="g06-018a-05" lbs="-83" lbx="0" lby="1680" segmentation="ok" slant="55000" stroke-width="7140" threshold="182" text="The journey has been against me, as there has" ubs="-284" ubx="0" uby="1646">
      <word id="g06-018a-05-00" sentence-start="yes" tag="ATI" text="The">
        <cmp x="360" y="1623" width="58" height="60" />
        <cmp x="398" y="1628" width="71" height="56" />
      </word>
      <word id="g06-018a-05-01" tag="NN" text="journey">
        <cmp x="521" y="1655" width="44" height="57" />
        <cmp x="571" y="1653" width="25" height="24" />
        <cmp x="582" y="1630" width="8" height="9" />
        <cmp x="604" y="1653" width="73" height="35" />
        <cmp x="682" y="1651" width="73" height="31" />
        <cmp x="734" y="1656" width="70" height="102" />
      </word>
      <word id="g06-018a-05-02" tag="HVZ" text="has">
        <cmp x="874" y="1626" width="34" height="58" />
        <cmp x="905" y="1656" width="25" height="25" />
        <cmp x="938" y="1651" width="27" height="32" />
      </word>
      <word id="g06-018a-05-03" tag="BEN" text="been">
        <cmp x="1025" y="1627" width="104" height="61" />
        <cmp x="1133" y="1657" width="36" height="31" />
      </word>
      <word id="g06-018a-05-04" tag="IN" text="against">
        <cmp x="1232" y="1651" width="35" height="33" />
        <cmp x="1235" y="1653" width="66" height="89" />
        <cmp x="1301" y="1653" width="60" height="30" />
        <cmp x="1368" y="1649" width="31" height="35" />
        <cmp x="1372" y="1628" width="6" height="7" />
        <cmp x="1414" y="1650" width="24" height="31" />
        <cmp x="1440" y="1628" width="40" height="55" />
      </word>
      <word id="g06-018a-05-05" tag="PP1O" text="me">
        <cmp x="1548" y="1650" width="59" height="32" />
        <cmp x="1615" y="1649" width="25" height="34" />
      </word>
      <word id="g06-018a-05-06" tag="," text=",">
        <cmp x="1641" y="1675" width="26" height="31" />
      </word>
      <word id="g06-018a-05-07" tag="CS" text="as">
        <cmp x="1721" y="1652" width="37" height="37" />
        <cmp x="1761" y="1650" width="26" height="30" />
      </word>
      <word id="g06-018a-05-08" tag="EX" text="there">
        <cmp x="1825" y="1630" width="38" height="51" />
        <cmp x="1856" y="1626" width="57" height="57" />
        <cmp x="1923" y="1656" width="24" height="24" />
        <cmp x="1948" y="1657" width="30" height="28" />
      </word>
      <word id="g06-018a-05-09" tag="HVZ" text="has">
        <cmp x="2040" y="1633" width="34" height="50" />
        <cmp x="2081" y="1657" width="24" height="27" />
        <cmp x="2119" y="1656" width="21" height="28" />
      </word>
      <upper-contour>
        <point x="358" y="1562" />
        <point x="2075" y="1562" />
      </upper-contour>
      <lower-contour>
        <point x="358" y="1758" />
        <point x="2141" y="1758" />
      </lower-contour>
    </line>
    <line ass="-291" asx="0" asy="1793" character-width="999" dss="-291" dsx="0" dsy="1892" fd0="13702" fd1="2916" fd2="227" filter-width="5" id="g06-018a-06" lbs="-232" lbx="0" lby="1856" segmentation="ok" slant="54000" stroke-width="7431" threshold="182" text="been much rain and damp, but the temperature" ubs="-409" ubx="0" uby="1825">
      <word id="g06-018a-06-00" tag="BEN" text="been">
        <cmp x="350" y="1799" width="38" height="58" />
        <cmp x="390" y="1823" width="70" height="35" />
        <cmp x="463" y="1825" width="28" height="36" />
      </word>
      <word id="g06-018a-06-01" tag="AP" text="much">
        <cmp x="572" y="1827" width="49" height="32" />
        <cmp x="625" y="1835" width="31" height="25" />
        <cmp x="662" y="1805" width="72" height="61" />
      </word>
      <word id="g06-018a-06-02" tag="NN" text="rain">
        <cmp x="810" y="1828" width="28" height="30" />
        <cmp x="835" y="1826" width="63" height="33" />
        <cmp x="906" y="1805" width="7" height="7" />
        <cmp x="907" y="1831" width="24" height="31" />
      </word>
      <word id="g06-018a-06-03" tag="CC" text="and">
        <cmp x="1000" y="1830" width="79" height="30" />
        <cmp x="1088" y="1803" width="64" height="58" />
      </word>
      <word id="g06-018a-06-04" tag="NN" text="damp">
        <cmp x="1207" y="1804" width="56" height="59" />
        <cmp x="1246" y="1832" width="97" height="32" />
        <cmp x="1322" y="1832" width="52" height="68" />
      </word>
      <word id="g06-018a-06-05" tag="," text=",">
        <cmp x="1374" y="1858" width="22" height="31" />
      </word>
      <word id="g06-018a-06-06" tag="CC" text="but">
        <cmp x="1454" y="1810" width="33" height="54" />
        <cmp x="1490" y="1838" width="35" height="26" />
        <cmp x="1532" y="1818" width="41" height="53" />
      </word>
      <word id="g06-018a-06-07" tag="ATI" text="the">
        <cmp x="1611" y="1814" width="40" height="53" />
        <cmp x="1645" y="1811" width="69" height="51" />
      </word>
      <word id="g06-018a-06-08" tag="NN" text="temperature">
        <cmp x="1780" y="1803" width="44" height="57" />
        <cmp x="1806" y="1826" width="99" height="34" />
        <cmp x="1886" y="1834" width="97" height="63" />
        <cmp x="1988" y="1839" width="30" height="22" />
        <cmp x="2018" y="1840" width="27" height="28" />
        <cmp x="2057" y="1811" width="51" height="55" />
        <cmp x="2096" y="1837" width="33" height="29" />
        <cmp x="2138" y="1840" width="25" height="23" />
        <cmp x="2166" y="1842" width="58" height="34" />
      </word>
      <upper-contour>
        <point x="358" y="1758" />
        <point x="2141" y="1758" />
      </upper-contour>
      <lower-contour>
        <point x="353" y="1900" />
        <point x="2107" y="1900" />
      </lower-contour>
    </line>
    <line ass="-98" asx="0" asy="1971" character-width="999" dss="-98" dsx="0" dsy="2106" fd0="14333" fd1="3226" fd2="748" filter-width="5" id="g06-018a-07" lbs="-23" lbx="0" lby="2034" segmentation="ok" slant="55000" stroke-width="7273" threshold="182" text="is high &amp;amp; I have not yet thought of a fire...." ubs="-248" ubx="0" uby="2004">
      <word id="g06-018a-07-00" tag="BEZ" text="is">
        <cmp x="355" y="2001" width="20" height="36" />
        <cmp x="371" y="2003" width="26" height="33" />
        <cmp x="384" y="1985" width="6" height="6" />
      </word>
      <word id="g06-018a-07-01" tag="JJ" text="high">
        <cmp x="457" y="1985" width="61" height="53" />
        <cmp x="486" y="2010" width="62" height="86" />
        <cmp x="528" y="1988" width="5" height="5" />
        <cmp x="554" y="1987" width="31" height="50" />
      </word>
      <word id="g06-018a-07-02" tag="CC" text="&amp;">
        <cmp x="661" y="1990" width="45" height="52" />
      </word>
      <word id="g06-018a-07-03" tag="PP1A" text="I">
        <cmp x="747" y="1987" width="32" height="50" />
      </word>
      <word id="g06-018a-07-04" tag="HV" text="have">
        <cmp x="828" y="1989" width="31" height="50" />
        <cmp x="864" y="2011" width="23" height="29" />
        <cmp x="903" y="2008" width="27" height="31" />
        <cmp x="938" y="2004" width="37" height="41" />
      </word>
      <word id="g06-018a-07-05" tag="XNOT" text="not">
        <cmp x="1048" y="2007" width="26" height="34" />
        <cmp x="1079" y="2014" width="22" height="24" />
        <cmp x="1114" y="1987" width="33" height="55" />
      </word>
      <word id="g06-018a-07-06" tag="RB" text="yet">
        <cmp x="1157" y="2008" width="67" height="101" />
        <cmp x="1215" y="1975" width="81" height="63" />
      </word>
      <word id="g06-018a-07-07" tag="VBN" text="thought">
        <cmp x="1348" y="1975" width="42" height="59" />
        <cmp x="1383" y="1979" width="36" height="57" />
        <cmp x="1424" y="2007" width="21" height="26" />
        <cmp x="1451" y="2008" width="72" height="100" />
        <cmp x="1454" y="2009" width="35" height="31" />
        <cmp x="1527" y="1987" width="37" height="56" />
        <cmp x="1575" y="1987" width="41" height="57" />
      </word>
      <word id="g06-018a-07-08" tag="INO" text="of">
        <cmp x="1670" y="2011" width="33" height="26" />
        <cmp x="1700" y="1983" width="51" height="67" />
      </word>
      <word id="g06-018a-07-09" tag="AT" text="a">
        <cmp x="1791" y="2008" width="34" height="32" />
      </word>
      <word id="g06-018a-07-10" tag="NN" text="fire">
        <cmp x="1882" y="1981" width="55" height="72" />
        <cmp x="1921" y="2012" width="19" height="27" />
        <cmp x="1947" y="2011" width="32" height="26" />
        <cmp x="1954" y="1986" width="6" height="9" />
        <cmp x="1982" y="2007" width="27" height="33" />
      </word>
      <word id="g06-018a-07-11" tag="..." text="...">
        <cmp x="2031" y="2032" width="9" height="8" />
        <cmp x="2060" y="2031" width="8" height="7" />
        <cmp x="2083" y="2031" width="7" height="8" />
      </word>
      <word id="g06-018a-07-12" tag="." text=".">
        <cmp x="2100" y="2032" width="7" height="8" />
      </word>
      <upper-contour>
        <point x="353" y="1900" />
        <point x="2107" y="1900" />
      </upper-contour>
    </line>
  </handwritten-part>
</form>

