<?xml version="1.0" encoding="ISO-8859-1"?>

<!DOCTYPE form SYSTEM 'http://www.iam.unibe.ch/~fki/iamdb/form-metadata.dtd'>

<form created="2002-01-19" height="3542" id="g06-050p" last-modified="2002-07-17" skew="-63" status="final" version="3.0_beta" width="2479" writer-id="347">
  <machine-printed-part>
    <machine-print-line text="Mauro&apos;s first action was to write to his revered master at Ko&amp;quot;then, near Leipzig, asking" />
    <machine-print-line text="for advice. In doing so he described his distinguished patient and his symptoms." />
    <machine-print-line text="He told Hahnemann that he found Anglesey a strong, energetic man with a gentle" />
    <machine-print-line text="and charming character, even-tempered and sedate, not easily irritated, patient and" />
    <machine-print-line text="persevering, &apos;but he appears to despair of ever being cured.&apos;" />
  </machine-printed-part>
  <handwritten-part>
    <line ass="57" asx="0" asy="697" character-width="999" dss="57" dsx="0" dsy="820" fd0="12567" fd1="2958" fd2="-2234" filter-width="3" id="g06-050p-00" lbs="90" lbx="0" lby="786" segmentation="ok" slant="90000" stroke-width="5602" threshold="191" text="Mauro&apos;s first action was to write to his revered master at Ko&amp;quot;then," ubs="-9" ubx="0" uby="739">
      <word id="g06-050p-00-00" sentence-start="yes" tag="NP$" text="Mauro&apos;s">
        <cmp x="353" y="698" width="35" height="88" />
        <cmp x="392" y="729" width="64" height="60" />
        <cmp x="464" y="727" width="22" height="54" />
        <cmp x="490" y="732" width="21" height="53" />
        <cmp x="515" y="722" width="6" height="21" />
        <cmp x="525" y="730" width="28" height="55" />
      </word>
      <word id="g06-050p-00-01" tag="OD" text="first">
        <cmp x="582" y="698" width="30" height="112" />
        <cmp x="614" y="719" width="6" height="7" />
        <cmp x="614" y="733" width="8" height="49" />
        <cmp x="628" y="732" width="23" height="47" />
        <cmp x="651" y="707" width="44" height="76" />
      </word>
      <word id="g06-050p-00-02" tag="NN" text="action">
        <cmp x="726" y="737" width="29" height="51" />
        <cmp x="759" y="739" width="26" height="44" />
        <cmp x="777" y="748" width="3" height="3" />
        <cmp x="780" y="719" width="27" height="65" />
        <cmp x="803" y="728" width="8" height="7" />
        <cmp x="813" y="740" width="22" height="48" />
        <cmp x="841" y="739" width="31" height="39" />
      </word>
      <word id="g06-050p-00-03" tag="BEDZ" text="was">
        <cmp x="903" y="741" width="34" height="43" />
        <cmp x="938" y="742" width="24" height="46" />
        <cmp x="969" y="741" width="29" height="45" />
      </word>
      <word id="g06-050p-00-04" tag="TO" text="to">
        <cmp x="1017" y="723" width="43" height="63" />
      </word>
      <word id="g06-050p-00-05" tag="VB" text="write">
        <cmp x="1085" y="738" width="35" height="51" />
        <cmp x="1123" y="740" width="23" height="45" />
        <cmp x="1148" y="742" width="8" height="49" />
        <cmp x="1154" y="718" width="7" height="7" />
        <cmp x="1165" y="722" width="16" height="69" />
        <cmp x="1185" y="744" width="25" height="41" />
      </word>
      <word id="g06-050p-00-06" tag="IN" text="to">
        <cmp x="1237" y="718" width="31" height="69" />
        <cmp x="1269" y="740" width="18" height="51" />
      </word>
      <word id="g06-050p-00-07" tag="PP$" text="his">
        <cmp x="1319" y="721" width="22" height="70" />
        <cmp x="1348" y="745" width="7" height="44" />
        <cmp x="1352" y="734" width="7" height="6" />
        <cmp x="1365" y="744" width="24" height="48" />
      </word>
      <word id="g06-050p-00-08" tag="JJ" text="revered">
        <cmp x="1428" y="738" width="22" height="45" />
        <cmp x="1450" y="746" width="31" height="42" />
        <cmp x="1483" y="739" width="22" height="47" />
        <cmp x="1514" y="741" width="50" height="45" />
        <cmp x="1568" y="746" width="22" height="44" />
        <cmp x="1596" y="728" width="30" height="66" />
      </word>
      <word id="g06-050p-00-09" tag="NN" text="master">
        <cmp x="1662" y="737" width="49" height="48" />
        <cmp x="1717" y="741" width="25" height="45" />
        <cmp x="1748" y="739" width="31" height="46" />
        <cmp x="1778" y="722" width="19" height="62" />
        <cmp x="1800" y="738" width="58" height="46" />
      </word>
      <word id="g06-050p-00-10" tag="IN" text="at">
        <cmp x="1880" y="743" width="27" height="41" />
        <cmp x="1908" y="722" width="30" height="65" />
      </word>
      <word id="g06-050p-00-11" tag="NP" text="Ko&quot;then">
        <cmp x="1963" y="723" width="30" height="60" />
        <cmp x="1996" y="736" width="27" height="51" />
        <cmp x="2026" y="725" width="9" height="22" />
        <cmp x="2036" y="727" width="9" height="18" />
        <cmp x="2051" y="723" width="22" height="66" />
        <cmp x="2079" y="720" width="30" height="61" />
        <cmp x="2112" y="741" width="64" height="45" />
      </word>
      <word id="g06-050p-00-12" tag="," text=",">
        <cmp x="2177" y="772" width="13" height="47" />
      </word>
      <lower-contour>
        <point x="362" y="810" />
        <point x="2104" y="810" />
      </lower-contour>
    </line>
    <line ass="722" asx="0" asy="894" character-width="999" dss="722" dsx="0" dsy="1009" fd0="12661" fd1="2943" fd2="-2149" filter-width="3" id="g06-050p-01" lbs="919" lbx="0" lby="983" segmentation="ok" slant="90000" stroke-width="5591" threshold="194" text="near Leipzig, asking for advice. In doing so he described his" ubs="327" ubx="0" uby="924">
      <word id="g06-050p-01-00" tag="IN" text="near">
        <cmp x="364" y="911" width="23" height="60" />
        <cmp x="391" y="923" width="21" height="44" />
        <cmp x="416" y="918" width="28" height="52" />
        <cmp x="450" y="922" width="23" height="46" />
      </word>
      <word id="g06-050p-01-01" tag="NP" text="Leipzig">
        <cmp x="513" y="889" width="28" height="75" />
        <cmp x="541" y="920" width="37" height="48" />
        <cmp x="572" y="904" width="6" height="7" />
        <cmp x="588" y="920" width="30" height="81" />
        <cmp x="624" y="918" width="35" height="43" />
        <cmp x="659" y="901" width="6" height="5" />
        <cmp x="659" y="922" width="10" height="42" />
        <cmp x="670" y="920" width="31" height="79" />
      </word>
      <word id="g06-050p-01-02" tag="," text=",">
        <cmp x="713" y="955" width="10" height="43" />
      </word>
      <word id="g06-050p-01-03" tag="VBG" text="asking">
        <cmp x="741" y="917" width="27" height="46" />
        <cmp x="770" y="922" width="31" height="40" />
        <cmp x="804" y="901" width="29" height="64" />
        <cmp x="836" y="927" width="7" height="39" />
        <cmp x="840" y="911" width="6" height="6" />
        <cmp x="851" y="921" width="30" height="42" />
        <cmp x="884" y="927" width="29" height="61" />
      </word>
      <word id="g06-050p-01-04" tag="IN" text="for">
        <cmp x="944" y="898" width="43" height="87" />
        <cmp x="995" y="920" width="23" height="40" />
      </word>
      <word id="g06-050p-01-05" tag="NN" text="advice">
        <cmp x="1045" y="901" width="59" height="64" />
        <cmp x="1112" y="916" width="26" height="39" />
        <cmp x="1138" y="918" width="8" height="35" />
        <cmp x="1141" y="898" width="4" height="6" />
        <cmp x="1150" y="919" width="23" height="44" />
        <cmp x="1180" y="925" width="28" height="46" />
      </word>
      <word id="g06-050p-01-06" tag="." text=".">
        <cmp x="1220" y="961" width="7" height="7" />
      </word>
      <word id="g06-050p-01-07" sentence-start="yes" tag="IN" text="In">
        <cmp x="1254" y="889" width="14" height="78" />
        <cmp x="1276" y="907" width="39" height="52" />
      </word>
      <word id="g06-050p-01-08" tag="VBG" text="doing">
        <cmp x="1338" y="898" width="29" height="62" />
        <cmp x="1373" y="914" width="23" height="43" />
        <cmp x="1398" y="915" width="8" height="46" />
        <cmp x="1403" y="899" width="4" height="4" />
        <cmp x="1416" y="912" width="31" height="54" />
        <cmp x="1446" y="910" width="36" height="81" />
      </word>
      <word id="g06-050p-01-09" tag="PN" text="so">
        <cmp x="1508" y="915" width="64" height="48" />
      </word>
      <word id="g06-050p-01-10" tag="PP3A" text="he">
        <cmp x="1609" y="895" width="31" height="63" />
        <cmp x="1645" y="918" width="22" height="38" />
      </word>
      <word id="g06-050p-01-11" tag="VBD" text="described">
        <cmp x="1689" y="897" width="26" height="64" />
        <cmp x="1720" y="920" width="23" height="37" />
        <cmp x="1744" y="920" width="33" height="41" />
        <cmp x="1784" y="914" width="25" height="43" />
        <cmp x="1813" y="913" width="34" height="40" />
        <cmp x="1844" y="895" width="7" height="7" />
        <cmp x="1857" y="894" width="30" height="64" />
        <cmp x="1888" y="920" width="24" height="37" />
        <cmp x="1912" y="894" width="33" height="66" />
      </word>
      <word id="g06-050p-01-12" tag="PP$" text="his">
        <cmp x="1986" y="902" width="26" height="65" />
        <cmp x="2019" y="897" width="31" height="64" />
        <cmp x="2063" y="911" width="7" height="46" />
        <cmp x="2066" y="901" width="6" height="7" />
        <cmp x="2072" y="913" width="32" height="42" />
      </word>
      <upper-contour>
        <point x="362" y="810" />
        <point x="2104" y="810" />
      </upper-contour>
      <lower-contour>
        <point x="365" y="1001" />
        <point x="2104" y="1001" />
      </lower-contour>
    </line>
    <line ass="199" asx="0" asy="1074" character-width="999" dss="199" dsx="0" dsy="1183" fd0="12475" fd1="2940" fd2="-2485" filter-width="4" id="g06-050p-02" lbs="284" lbx="0" lby="1150" segmentation="err" slant="90000" stroke-width="5838" threshold="191" text="distinguished patient and his symptoms. He told Hahnemann" ubs="28" ubx="0" uby="1096">
      <word id="g06-050p-02-00" tag="JJ" text="distinguished">
        <cmp x="367" y="1083" width="27" height="68" />
        <cmp x="401" y="1103" width="9" height="44" />
        <cmp x="405" y="1086" width="7" height="9" />
        <cmp x="416" y="1095" width="26" height="53" />
        <cmp x="443" y="1084" width="30" height="60" />
        <cmp x="466" y="1082" width="4" height="8" />
        <cmp x="486" y="1101" width="31" height="43" />
        <cmp x="519" y="1102" width="34" height="77" />
        <cmp x="556" y="1102" width="30" height="46" />
        <cmp x="596" y="1086" width="7" height="7" />
        <cmp x="596" y="1100" width="9" height="42" />
        <cmp x="618" y="1100" width="27" height="46" />
        <cmp x="653" y="1077" width="27" height="66" />
        <cmp x="688" y="1102" width="30" height="44" />
        <cmp x="719" y="1073" width="30" height="68" />
      </word>
      <word id="g06-050p-02-01" tag="NN" text="patient">
        <cmp x="779" y="1092" width="33" height="90" />
        <cmp x="819" y="1093" width="32" height="51" />
        <cmp x="853" y="1080" width="23" height="64" />
        <cmp x="880" y="1080" width="7" height="6" />
        <cmp x="880" y="1097" width="7" height="44" />
        <cmp x="895" y="1093" width="60" height="44" />
        <cmp x="960" y="1077" width="25" height="50" />
      </word>
      <word id="g06-050p-02-02" tag="CC" text="and">
        <cmp x="1017" y="1100" width="28" height="45" />
        <cmp x="1052" y="1096" width="35" height="47" />
        <cmp x="1093" y="1073" width="30" height="69" />
      </word>
      <word id="g06-050p-02-03" tag="PP$" text="his">
        <cmp x="1164" y="1096" width="34" height="42" />
        <cmp x="1196" y="1100" width="26" height="77" />
      </word>
      <word id="g06-050p-02-04" tag="NNS" text="symptoms">
        <cmp x="1232" y="1099" width="44" height="43" />
        <cmp x="1281" y="1083" width="67" height="96" />
        <cmp x="1351" y="1098" width="19" height="44" />
        <cmp x="1374" y="1099" width="54" height="49" />
        <cmp x="1428" y="1101" width="29" height="44" />
      </word>
      <word id="g06-050p-02-05" tag="." text=".">
        <cmp x="1470" y="1133" width="8" height="7" />
      </word>
      <word id="g06-050p-02-06" sentence-start="yes" tag="PP3A" text="He">
        <cmp x="1508" y="1074" width="32" height="70" />
        <cmp x="1551" y="1098" width="30" height="40" />
      </word>
      <word id="g06-050p-02-07" tag="VBD" text="told">
        <cmp x="1604" y="1080" width="53" height="52" />
        <cmp x="1666" y="1077" width="9" height="65" />
        <cmp x="1685" y="1073" width="28" height="67" />
      </word>
      <word id="g06-050p-02-08" tag="NP" text="Hahnemann">
        <cmp x="1760" y="1074" width="31" height="72" />
        <cmp x="1797" y="1096" width="30" height="44" />
        <cmp x="1837" y="1073" width="32" height="66" />
        <cmp x="1876" y="1092" width="32" height="54" />
        <cmp x="1914" y="1093" width="26" height="48" />
        <cmp x="1949" y="1089" width="51" height="47" />
        <cmp x="2010" y="1092" width="30" height="50" />
        <cmp x="2049" y="1096" width="28" height="49" />
        <cmp x="2086" y="1100" width="29" height="44" />
      </word>
      <upper-contour>
        <point x="365" y="1001" />
        <point x="2104" y="1001" />
      </upper-contour>
      <lower-contour>
        <point x="365" y="1182" />
        <point x="2027" y="1182" />
      </lower-contour>
    </line>
    <line ass="184" asx="0" asy="1251" character-width="999" dss="184" dsx="0" dsy="1363" fd0="12639" fd1="2865" fd2="-2057" filter-width="4" id="g06-050p-03" lbs="147" lbx="0" lby="1325" segmentation="ok" slant="90000" stroke-width="5797" threshold="193" text="that he found Anglesey a strong, energetic man with a" ubs="259" ubx="0" uby="1281">
      <word id="g06-050p-03-00" tag="CS" text="that">
        <cmp x="364" y="1253" width="57" height="70" />
        <cmp x="423" y="1280" width="30" height="46" />
        <cmp x="456" y="1257" width="20" height="66" />
      </word>
      <word id="g06-050p-03-01" tag="PP3A" text="he">
        <cmp x="505" y="1260" width="31" height="60" />
        <cmp x="541" y="1283" width="21" height="37" />
      </word>
      <word id="g06-050p-03-02" tag="VBD" text="found">
        <cmp x="583" y="1250" width="46" height="87" />
        <cmp x="634" y="1275" width="32" height="44" />
        <cmp x="674" y="1273" width="31" height="44" />
        <cmp x="717" y="1254" width="25" height="72" />
      </word>
      <word id="g06-050p-03-03" tag="NP" text="Anglesey">
        <cmp x="794" y="1253" width="33" height="70" />
        <cmp x="832" y="1276" width="33" height="46" />
        <cmp x="857" y="1279" width="37" height="79" />
        <cmp x="895" y="1259" width="13" height="58" />
        <cmp x="909" y="1273" width="27" height="40" />
        <cmp x="936" y="1278" width="41" height="39" />
        <cmp x="980" y="1280" width="25" height="44" />
        <cmp x="1012" y="1279" width="27" height="67" />
      </word>
      <word id="g06-050p-03-04" tag="AT" text="a">
        <cmp x="1077" y="1275" width="27" height="49" />
      </word>
      <word id="g06-050p-03-05" tag="JJ" text="strong">
        <cmp x="1127" y="1280" width="31" height="47" />
        <cmp x="1160" y="1259" width="46" height="66" />
        <cmp x="1207" y="1279" width="18" height="45" />
        <cmp x="1232" y="1271" width="42" height="49" />
        <cmp x="1272" y="1277" width="36" height="82" />
      </word>
      <word id="g06-050p-03-06" tag="," text=",">
        <cmp x="1316" y="1309" width="7" height="33" />
      </word>
      <word id="g06-050p-03-07" tag="JJ" text="energetic">
        <cmp x="1341" y="1279" width="62" height="52" />
        <cmp x="1411" y="1268" width="64" height="53" />
        <cmp x="1470" y="1274" width="36" height="83" />
        <cmp x="1512" y="1288" width="37" height="42" />
        <cmp x="1552" y="1266" width="34" height="54" />
        <cmp x="1578" y="1266" width="7" height="7" />
        <cmp x="1596" y="1277" width="31" height="38" />
      </word>
      <word id="g06-050p-03-08" tag="NN" text="man">
        <cmp x="1655" y="1277" width="50" height="46" />
        <cmp x="1710" y="1276" width="29" height="47" />
        <cmp x="1747" y="1273" width="29" height="53" />
      </word>
      <word id="g06-050p-03-09" tag="IN" text="with">
        <cmp x="1826" y="1273" width="45" height="56" />
        <cmp x="1880" y="1277" width="8" height="39" />
        <cmp x="1884" y="1256" width="5" height="4" />
        <cmp x="1897" y="1252" width="24" height="64" />
        <cmp x="1929" y="1250" width="35" height="53" />
      </word>
      <word id="g06-050p-03-10" tag="AT" text="a">
        <cmp x="1991" y="1269" width="35" height="47" />
      </word>
      <upper-contour>
        <point x="365" y="1182" />
        <point x="2027" y="1182" />
      </upper-contour>
      <lower-contour>
        <point x="366" y="1359" />
        <point x="2006" y="1359" />
      </lower-contour>
    </line>
    <line ass="-18" asx="0" asy="1424" character-width="999" dss="-18" dsx="0" dsy="1541" fd0="12686" fd1="2743" fd2="-2226" filter-width="4" id="g06-050p-04" lbs="-43" lbx="0" lby="1499" segmentation="ok" slant="90000" stroke-width="5801" threshold="195" text="gentle and charming character, even-tempered and" ubs="30" ubx="0" uby="1457">
      <word id="g06-050p-04-00" tag="JJ" text="gentle">
        <cmp x="368" y="1452" width="100" height="91" />
        <cmp x="474" y="1432" width="33" height="68" />
        <cmp x="506" y="1430" width="8" height="70" />
        <cmp x="522" y="1453" width="36" height="44" />
      </word>
      <word id="g06-050p-04-01" tag="CC" text="and">
        <cmp x="590" y="1453" width="38" height="57" />
        <cmp x="635" y="1456" width="37" height="44" />
        <cmp x="677" y="1431" width="36" height="71" />
      </word>
      <word id="g06-050p-04-02" tag="JJ" text="charming">
        <cmp x="761" y="1460" width="20" height="36" />
        <cmp x="791" y="1438" width="34" height="68" />
        <cmp x="827" y="1461" width="31" height="47" />
        <cmp x="865" y="1460" width="20" height="36" />
        <cmp x="891" y="1460" width="45" height="41" />
        <cmp x="944" y="1463" width="8" height="32" />
        <cmp x="945" y="1449" width="6" height="4" />
        <cmp x="965" y="1457" width="29" height="45" />
        <cmp x="999" y="1455" width="29" height="77" />
      </word>
      <word id="g06-050p-04-03" tag="NN" text="character">
        <cmp x="1073" y="1460" width="32" height="38" />
        <cmp x="1106" y="1442" width="34" height="59" />
        <cmp x="1148" y="1452" width="31" height="51" />
        <cmp x="1189" y="1452" width="25" height="41" />
        <cmp x="1213" y="1453" width="34" height="53" />
        <cmp x="1258" y="1453" width="20" height="45" />
        <cmp x="1283" y="1439" width="26" height="63" />
        <cmp x="1313" y="1452" width="56" height="50" />
      </word>
      <word id="g06-050p-04-04" tag="," text=",">
        <cmp x="1386" y="1488" width="7" height="39" />
      </word>
      <word id="g06-050p-04-05" tag="JJ" text="even-tempered">
        <cmp x="1412" y="1458" width="27" height="49" />
        <cmp x="1444" y="1456" width="27" height="47" />
        <cmp x="1471" y="1455" width="67" height="48" />
        <cmp x="1544" y="1464" width="23" height="7" />
        <cmp x="1580" y="1436" width="24" height="65" />
        <cmp x="1611" y="1456" width="86" height="47" />
        <cmp x="1703" y="1455" width="38" height="83" />
        <cmp x="1751" y="1453" width="52" height="42" />
        <cmp x="1804" y="1454" width="22" height="37" />
        <cmp x="1829" y="1426" width="25" height="74" />
      </word>
      <word id="g06-050p-04-06" tag="CC" text="and">
        <cmp x="1888" y="1457" width="29" height="49" />
        <cmp x="1924" y="1453" width="35" height="50" />
        <cmp x="1968" y="1432" width="38" height="75" />
      </word>
      <upper-contour>
        <point x="366" y="1359" />
        <point x="2006" y="1359" />
      </upper-contour>
      <lower-contour>
        <point x="375" y="1543" />
        <point x="2006" y="1543" />
      </lower-contour>
    </line>
    <line ass="123" asx="0" asy="1613" character-width="999" dss="123" dsx="0" dsy="1736" fd0="12695" fd1="3000" fd2="-1897" filter-width="4" id="g06-050p-05" lbs="77" lbx="0" lby="1683" segmentation="ok" slant="90000" stroke-width="5724" threshold="195" text="sedate, not easily irritated, patient and persevering," ubs="217" ubx="0" uby="1640">
      <word id="g06-050p-05-00" tag="JJ" text="sedate">
        <cmp x="377" y="1635" width="61" height="51" />
        <cmp x="443" y="1618" width="39" height="65" />
        <cmp x="487" y="1632" width="35" height="55" />
        <cmp x="519" y="1619" width="26" height="64" />
        <cmp x="547" y="1633" width="29" height="45" />
      </word>
      <word id="g06-050p-05-01" tag="," text=",">
        <cmp x="586" y="1671" width="7" height="31" />
      </word>
      <word id="g06-050p-05-02" tag="XNOT" text="not">
        <cmp x="625" y="1634" width="34" height="48" />
        <cmp x="674" y="1628" width="25" height="52" />
        <cmp x="701" y="1612" width="25" height="69" />
      </word>
      <word id="g06-050p-05-03" tag="RB" text="easily">
        <cmp x="757" y="1647" width="29" height="43" />
        <cmp x="790" y="1641" width="31" height="43" />
        <cmp x="830" y="1638" width="30" height="44" />
        <cmp x="868" y="1613" width="7" height="7" />
        <cmp x="869" y="1636" width="7" height="42" />
        <cmp x="890" y="1617" width="8" height="60" />
        <cmp x="903" y="1635" width="22" height="67" />
      </word>
      <word id="g06-050p-05-04" tag="VBN" text="irritated">
        <cmp x="970" y="1643" width="8" height="38" />
        <cmp x="971" y="1624" width="6" height="10" />
        <cmp x="987" y="1637" width="23" height="36" />
        <cmp x="1014" y="1635" width="23" height="37" />
        <cmp x="1042" y="1638" width="7" height="38" />
        <cmp x="1048" y="1619" width="6" height="8" />
        <cmp x="1061" y="1621" width="26" height="62" />
        <cmp x="1086" y="1632" width="29" height="48" />
        <cmp x="1124" y="1619" width="24" height="66" />
        <cmp x="1150" y="1612" width="54" height="69" />
      </word>
      <word id="g06-050p-05-05" tag="," text=",">
        <cmp x="1227" y="1654" width="8" height="50" />
      </word>
      <word id="g06-050p-05-06" tag="JJ" text="patient">
        <cmp x="1285" y="1639" width="36" height="88" />
        <cmp x="1324" y="1638" width="31" height="43" />
        <cmp x="1369" y="1616" width="30" height="64" />
        <cmp x="1395" y="1618" width="5" height="8" />
        <cmp x="1407" y="1636" width="64" height="45" />
        <cmp x="1476" y="1619" width="26" height="54" />
      </word>
      <word id="g06-050p-05-07" tag="CC" text="and">
        <cmp x="1540" y="1636" width="28" height="43" />
        <cmp x="1573" y="1633" width="37" height="48" />
        <cmp x="1619" y="1612" width="33" height="66" />
      </word>
      <word id="g06-050p-05-08" tag="JJ" text="persevering">
        <cmp x="1702" y="1633" width="98" height="101" />
        <cmp x="1799" y="1630" width="24" height="46" />
        <cmp x="1833" y="1628" width="65" height="48" />
        <cmp x="1900" y="1634" width="54" height="49" />
        <cmp x="1962" y="1637" width="7" height="38" />
        <cmp x="1963" y="1616" width="6" height="9" />
        <cmp x="1980" y="1631" width="41" height="47" />
        <cmp x="2012" y="1636" width="43" height="79" />
      </word>
      <word id="g06-050p-05-09" tag="," text=",">
        <cmp x="2066" y="1667" width="19" height="33" />
      </word>
      <upper-contour>
        <point x="375" y="1543" />
        <point x="2006" y="1543" />
      </upper-contour>
      <lower-contour>
        <point x="375" y="1734" />
        <point x="1980" y="1734" />
      </lower-contour>
    </line>
    <line ass="414" asx="0" asy="1787" character-width="999" dss="414" dsx="0" dsy="1923" fd0="12625" fd1="2869" fd2="-1524" filter-width="4" id="g06-050p-06" lbs="389" lbx="0" lby="1869" segmentation="ok" slant="90000" stroke-width="5739" threshold="196" text="&apos;but he appears to despair of ever being cured.&apos;" ubs="462" ubx="0" uby="1823">
      <word id="g06-050p-06-00" tag="*&apos;" text="&apos;">
        <cmp x="366" y="1785" width="7" height="23" />
      </word>
      <word id="g06-050p-06-01" tag="CC" text="but">
        <cmp x="386" y="1791" width="31" height="74" />
        <cmp x="425" y="1812" width="34" height="53" />
        <cmp x="462" y="1796" width="29" height="61" />
      </word>
      <word id="g06-050p-06-02" tag="PP3A" text="he">
        <cmp x="533" y="1795" width="33" height="66" />
        <cmp x="571" y="1824" width="33" height="38" />
      </word>
      <word id="g06-050p-06-03" tag="VBZ" text="appears">
        <cmp x="628" y="1814" width="33" height="57" />
        <cmp x="675" y="1806" width="37" height="91" />
        <cmp x="721" y="1806" width="35" height="91" />
        <cmp x="761" y="1811" width="31" height="42" />
        <cmp x="792" y="1814" width="29" height="45" />
        <cmp x="831" y="1806" width="32" height="49" />
        <cmp x="858" y="1806" width="35" height="43" />
      </word>
      <word id="g06-050p-06-04" tag="TO" text="to">
        <cmp x="937" y="1784" width="59" height="75" />
      </word>
      <word id="g06-050p-06-05" tag="VB" text="despair">
        <cmp x="1027" y="1794" width="40" height="67" />
        <cmp x="1065" y="1818" width="37" height="44" />
        <cmp x="1104" y="1816" width="27" height="39" />
        <cmp x="1134" y="1808" width="33" height="86" />
        <cmp x="1172" y="1810" width="37" height="49" />
        <cmp x="1215" y="1814" width="8" height="36" />
        <cmp x="1218" y="1795" width="7" height="8" />
        <cmp x="1234" y="1813" width="29" height="45" />
      </word>
      <word id="g06-050p-06-06" tag="INO" text="of">
        <cmp x="1304" y="1816" width="22" height="44" />
        <cmp x="1336" y="1784" width="31" height="95" />
      </word>
      <word id="g06-050p-06-07" tag="RB" text="ever">
        <cmp x="1396" y="1817" width="30" height="45" />
        <cmp x="1428" y="1812" width="26" height="43" />
        <cmp x="1448" y="1808" width="67" height="60" />
      </word>
      <word id="g06-050p-06-08" tag="BEG" text="being">
        <cmp x="1553" y="1784" width="34" height="77" />
        <cmp x="1587" y="1814" width="41" height="41" />
        <cmp x="1624" y="1798" width="7" height="7" />
        <cmp x="1639" y="1810" width="34" height="47" />
        <cmp x="1664" y="1813" width="40" height="98" />
      </word>
      <word id="g06-050p-06-09" tag="VBN" text="cured">
        <cmp x="1757" y="1811" width="26" height="47" />
        <cmp x="1787" y="1814" width="33" height="48" />
        <cmp x="1829" y="1814" width="24" height="38" />
        <cmp x="1855" y="1786" width="60" height="75" />
      </word>
      <word id="g06-050p-06-10" tag="." text=".">
        <cmp x="1933" y="1848" width="7" height="6" />
      </word>
      <word id="g06-050p-06-11" tag="**&apos;" text="&apos;">
        <cmp x="1970" y="1784" width="9" height="27" />
      </word>
      <upper-contour>
        <point x="375" y="1734" />
        <point x="1980" y="1734" />
      </upper-contour>
    </line>
  </handwritten-part>
</form>

