<?xml version="1.0" encoding="ISO-8859-1"?>

<!DOCTYPE form SYSTEM 'http://www.iam.unibe.ch/~fki/iamdb/form-metadata.dtd'>

<form created="2002-01-18" height="3542" id="g06-050b" last-modified="2002-07-17" skew="0" status="final" version="3.0_beta" width="2479" writer-id="333">
  <machine-printed-part>
    <machine-print-line text="Mauro&apos;s first action was to write to his revered master at Ko&amp;quot;then, near Leipzig, asking" />
    <machine-print-line text="for advice. In doing so he described his distinguished patient and his symptoms." />
    <machine-print-line text="He told Hahnemann that he found Anglesey a strong, energetic man with a gentle" />
    <machine-print-line text="and charming character, even-tempered and sedate, not easily irritated, patient and" />
    <machine-print-line text="persevering, &apos;but he appears to despair of ever being cured.&apos;" />
  </machine-printed-part>
  <handwritten-part>
    <line ass="11" asx="0" asy="695" character-width="999" dss="11" dsx="0" dsy="783" fd0="13350" fd1="3053" fd2="-469" filter-width="3" id="g06-050b-00" lbs="-49" lbx="0" lby="763" segmentation="ok" slant="95000" stroke-width="5144" threshold="162" text="Mauro&apos;s first action was to write to his revered" ubs="133" ubx="0" uby="735">
      <word id="g06-050b-00-00" sentence-start="yes" tag="NP$" text="Mauro&apos;s">
        <cmp x="336" y="701" width="53" height="69" />
        <cmp x="336" y="761" width="3" height="20" />
        <cmp x="400" y="731" width="80" height="45" />
        <cmp x="486" y="738" width="23" height="29" />
        <cmp x="513" y="738" width="20" height="30" />
        <cmp x="545" y="696" width="6" height="32" />
        <cmp x="559" y="725" width="16" height="48" />
      </word>
      <word id="g06-050b-00-01" tag="OD" text="first">
        <cmp x="622" y="696" width="30" height="87" />
        <cmp x="658" y="737" width="7" height="26" />
        <cmp x="660" y="719" width="4" height="7" />
        <cmp x="671" y="733" width="19" height="23" />
        <cmp x="693" y="732" width="14" height="38" />
        <cmp x="718" y="707" width="24" height="63" />
      </word>
      <word id="g06-050b-00-02" tag="NN" text="action">
        <cmp x="770" y="735" width="33" height="25" />
        <cmp x="808" y="729" width="22" height="29" />
        <cmp x="842" y="697" width="38" height="65" />
        <cmp x="876" y="710" width="5" height="6" />
        <cmp x="890" y="725" width="28" height="31" />
        <cmp x="923" y="730" width="25" height="28" />
      </word>
      <word id="g06-050b-00-03" tag="BEDZ" text="was">
        <cmp x="997" y="719" width="38" height="36" />
        <cmp x="1048" y="722" width="28" height="34" />
        <cmp x="1088" y="723" width="21" height="43" />
      </word>
      <word id="g06-050b-00-04" tag="TO" text="to">
        <cmp x="1142" y="706" width="40" height="65" />
        <cmp x="1182" y="734" width="23" height="34" />
      </word>
      <word id="g06-050b-00-05" tag="VB" text="write">
        <cmp x="1237" y="735" width="46" height="32" />
        <cmp x="1294" y="734" width="26" height="28" />
        <cmp x="1328" y="732" width="7" height="29" />
        <cmp x="1336" y="709" width="5" height="6" />
        <cmp x="1352" y="709" width="28" height="61" />
        <cmp x="1387" y="730" width="30" height="34" />
      </word>
      <word id="g06-050b-00-06" tag="IN" text="to">
        <cmp x="1462" y="712" width="29" height="58" />
        <cmp x="1495" y="735" width="28" height="28" />
      </word>
      <word id="g06-050b-00-07" tag="PP$" text="his">
        <cmp x="1577" y="698" width="34" height="58" />
        <cmp x="1629" y="730" width="7" height="31" />
        <cmp x="1633" y="707" width="3" height="8" />
        <cmp x="1652" y="726" width="13" height="41" />
      </word>
      <word id="g06-050b-00-08" tag="JJ" text="revered">
        <cmp x="1729" y="730" width="23" height="39" />
        <cmp x="1758" y="727" width="32" height="38" />
        <cmp x="1808" y="733" width="24" height="38" />
        <cmp x="1839" y="728" width="69" height="40" />
        <cmp x="1906" y="729" width="25" height="39" />
        <cmp x="1938" y="731" width="30" height="35" />
        <cmp x="1990" y="709" width="47" height="61" />
      </word>
      <lower-contour>
        <point x="334" y="783" />
        <point x="1987" y="783" />
      </lower-contour>
    </line>
    <line ass="-25" asx="0" asy="874" character-width="999" dss="-25" dsx="0" dsy="983" fd0="13181" fd1="3141" fd2="-427" filter-width="3" id="g06-050b-01" lbs="-78" lbx="0" lby="953" segmentation="ok" slant="90000" stroke-width="4938" threshold="182" text="master at Ko&amp;quot;then, near Leipzig, asking for" ubs="80" ubx="0" uby="918">
      <word id="g06-050b-01-00" tag="NN" text="master">
        <cmp x="335" y="924" width="55" height="37" />
        <cmp x="407" y="909" width="37" height="40" />
        <cmp x="450" y="910" width="16" height="42" />
        <cmp x="475" y="875" width="82" height="74" />
      </word>
      <word id="g06-050b-01-01" tag="IN" text="at">
        <cmp x="602" y="886" width="80" height="70" />
      </word>
      <word id="g06-050b-01-02" tag="NP" text="Ko&quot;then">
        <cmp x="746" y="884" width="36" height="76" />
        <cmp x="782" y="922" width="28" height="30" />
        <cmp x="817" y="882" width="5" height="31" />
        <cmp x="830" y="883" width="5" height="29" />
        <cmp x="848" y="882" width="40" height="79" />
        <cmp x="892" y="886" width="37" height="66" />
        <cmp x="933" y="915" width="28" height="42" />
        <cmp x="967" y="910" width="32" height="36" />
      </word>
      <word id="g06-050b-01-03" tag="," text=",">
        <cmp x="1023" y="928" width="13" height="38" />
      </word>
      <word id="g06-050b-01-04" tag="IN" text="near">
        <cmp x="1092" y="910" width="28" height="53" />
        <cmp x="1128" y="919" width="39" height="36" />
        <cmp x="1170" y="919" width="36" height="32" />
        <cmp x="1219" y="915" width="28" height="29" />
      </word>
      <word id="g06-050b-01-05" tag="NP" text="Leipzig">
        <cmp x="1294" y="891" width="37" height="66" />
        <cmp x="1336" y="917" width="40" height="38" />
        <cmp x="1374" y="907" width="5" height="8" />
        <cmp x="1394" y="927" width="32" height="57" />
        <cmp x="1436" y="920" width="42" height="31" />
        <cmp x="1475" y="901" width="6" height="8" />
        <cmp x="1487" y="912" width="34" height="63" />
      </word>
      <word id="g06-050b-01-06" tag="," text=",">
        <cmp x="1568" y="921" width="6" height="40" />
      </word>
      <word id="g06-050b-01-07" tag="VBG" text="asking">
        <cmp x="1613" y="915" width="29" height="33" />
        <cmp x="1652" y="909" width="17" height="45" />
        <cmp x="1679" y="886" width="26" height="61" />
        <cmp x="1719" y="914" width="7" height="31" />
        <cmp x="1727" y="892" width="4" height="12" />
        <cmp x="1739" y="910" width="28" height="32" />
        <cmp x="1774" y="908" width="31" height="60" />
      </word>
      <word id="g06-050b-01-08" tag="IN" text="for">
        <cmp x="1864" y="875" width="69" height="85" />
        <cmp x="1950" y="912" width="36" height="39" />
      </word>
      <upper-contour>
        <point x="334" y="783" />
        <point x="1987" y="783" />
      </upper-contour>
      <lower-contour>
        <point x="360" y="984" />
        <point x="1987" y="984" />
      </lower-contour>
    </line>
    <line ass="-216" asx="0" asy="1054" character-width="999" dss="-216" dsx="0" dsy="1147" fd0="13452" fd1="2853" fd2="-760" filter-width="3" id="g06-050b-02" lbs="-172" lbx="0" lby="1124" segmentation="ok" slant="90000" stroke-width="4994" threshold="182" text="advice. In doing so he described his distinguished" ubs="-304" ubx="0" uby="1091">
      <word id="g06-050b-02-00" tag="NN" text="advice">
        <cmp x="362" y="1079" width="23" height="46" />
        <cmp x="399" y="1057" width="31" height="67" />
        <cmp x="442" y="1085" width="33" height="32" />
        <cmp x="479" y="1071" width="3" height="7" />
        <cmp x="488" y="1091" width="19" height="33" />
        <cmp x="520" y="1088" width="33" height="38" />
      </word>
      <word id="g06-050b-02-01" tag="." text=".">
        <cmp x="576" y="1109" width="9" height="8" />
      </word>
      <word id="g06-050b-02-02" sentence-start="yes" tag="IN" text="In">
        <cmp x="658" y="1060" width="9" height="63" />
        <cmp x="686" y="1089" width="28" height="34" />
      </word>
      <word id="g06-050b-02-03" tag="VBG" text="doing">
        <cmp x="776" y="1063" width="36" height="65" />
        <cmp x="829" y="1089" width="21" height="35" />
        <cmp x="862" y="1091" width="10" height="34" />
        <cmp x="877" y="1068" width="5" height="8" />
        <cmp x="883" y="1097" width="23" height="26" />
        <cmp x="917" y="1092" width="25" height="55" />
      </word>
      <word id="g06-050b-02-04" tag="PN" text="so">
        <cmp x="997" y="1082" width="23" height="45" />
        <cmp x="1019" y="1095" width="32" height="32" />
      </word>
      <word id="g06-050b-02-05" tag="PP3A" text="he">
        <cmp x="1073" y="1071" width="54" height="68" />
        <cmp x="1128" y="1101" width="25" height="37" />
      </word>
      <word id="g06-050b-02-06" tag="VBD" text="described">
        <cmp x="1201" y="1075" width="33" height="67" />
        <cmp x="1243" y="1098" width="19" height="39" />
        <cmp x="1270" y="1101" width="13" height="39" />
        <cmp x="1296" y="1103" width="23" height="32" />
        <cmp x="1331" y="1099" width="21" height="33" />
        <cmp x="1363" y="1106" width="6" height="21" />
        <cmp x="1375" y="1069" width="4" height="7" />
        <cmp x="1385" y="1071" width="28" height="55" />
        <cmp x="1422" y="1097" width="20" height="36" />
        <cmp x="1443" y="1125" width="3" height="3" />
        <cmp x="1458" y="1071" width="32" height="60" />
      </word>
      <word id="g06-050b-02-07" tag="PP$" text="his">
        <cmp x="1552" y="1061" width="39" height="68" />
        <cmp x="1596" y="1104" width="8" height="25" />
        <cmp x="1602" y="1085" width="7" height="12" />
        <cmp x="1617" y="1101" width="19" height="34" />
      </word>
      <word id="g06-050b-02-08" tag="JJ" text="distinguished">
        <cmp x="1699" y="1068" width="54" height="70" />
        <cmp x="1746" y="1072" width="7" height="16" />
        <cmp x="1759" y="1097" width="12" height="27" />
        <cmp x="1783" y="1071" width="24" height="63" />
        <cmp x="1807" y="1082" width="5" height="9" />
        <cmp x="1822" y="1099" width="27" height="22" />
        <cmp x="1865" y="1095" width="20" height="60" />
        <cmp x="1897" y="1101" width="32" height="30" />
        <cmp x="1938" y="1122" width="6" height="9" />
        <cmp x="1943" y="1085" width="5" height="6" />
        <cmp x="1965" y="1103" width="13" height="38" />
        <cmp x="1990" y="1077" width="35" height="55" />
        <cmp x="2030" y="1098" width="26" height="33" />
        <cmp x="2070" y="1069" width="36" height="67" />
      </word>
      <upper-contour>
        <point x="360" y="984" />
        <point x="1987" y="984" />
      </upper-contour>
      <lower-contour>
        <point x="360" y="1155" />
        <point x="2107" y="1155" />
      </lower-contour>
    </line>
    <line ass="-505" asx="0" asy="1221" character-width="999" dss="-505" dsx="0" dsy="1329" fd0="12845" fd1="3086" fd2="-566" filter-width="3" id="g06-050b-03" lbs="-509" lbx="0" lby="1298" segmentation="ok" slant="90000" stroke-width="5169" threshold="162" text="patient and his symptoms. He told Hahnemann" ubs="-497" ubx="0" uby="1260">
      <word id="g06-050b-03-00" tag="NN" text="patient">
        <cmp x="354" y="1253" width="28" height="80" />
        <cmp x="392" y="1261" width="35" height="38" />
        <cmp x="430" y="1226" width="34" height="77" />
        <cmp x="478" y="1266" width="7" height="35" />
        <cmp x="482" y="1240" width="5" height="11" />
        <cmp x="494" y="1258" width="76" height="47" />
        <cmp x="574" y="1231" width="29" height="73" />
      </word>
      <word id="g06-050b-03-01" tag="CC" text="and">
        <cmp x="672" y="1283" width="37" height="35" />
        <cmp x="712" y="1251" width="70" height="63" />
      </word>
      <word id="g06-050b-03-02" tag="PP$" text="his">
        <cmp x="849" y="1236" width="36" height="69" />
        <cmp x="898" y="1269" width="6" height="24" />
        <cmp x="900" y="1252" width="5" height="6" />
        <cmp x="923" y="1253" width="15" height="45" />
      </word>
      <word id="g06-050b-03-03" tag="NNS" text="symptoms">
        <cmp x="1027" y="1264" width="23" height="39" />
        <cmp x="1055" y="1270" width="29" height="68" />
        <cmp x="1103" y="1278" width="49" height="31" />
        <cmp x="1162" y="1279" width="30" height="56" />
        <cmp x="1207" y="1235" width="53" height="67" />
        <cmp x="1270" y="1269" width="44" height="42" />
        <cmp x="1332" y="1270" width="15" height="42" />
      </word>
      <word id="g06-050b-03-04" tag="." text=".">
        <cmp x="1357" y="1300" width="5" height="7" />
      </word>
      <word id="g06-050b-03-05" sentence-start="yes" tag="PP3A" text="He">
        <cmp x="1429" y="1245" width="54" height="71" />
        <cmp x="1493" y="1277" width="34" height="37" />
      </word>
      <word id="g06-050b-03-06" tag="VBD" text="told">
        <cmp x="1578" y="1254" width="76" height="73" />
        <cmp x="1672" y="1248" width="39" height="73" />
      </word>
      <word id="g06-050b-03-07" tag="NP" text="Hahnemann">
        <cmp x="1757" y="1243" width="49" height="69" />
        <cmp x="1818" y="1277" width="30" height="31" />
        <cmp x="1860" y="1243" width="22" height="63" />
        <cmp x="1890" y="1275" width="30" height="38" />
        <cmp x="1931" y="1280" width="26" height="37" />
        <cmp x="1986" y="1281" width="52" height="37" />
        <cmp x="2046" y="1280" width="37" height="36" />
        <cmp x="2093" y="1280" width="28" height="34" />
        <cmp x="2124" y="1279" width="34" height="44" />
      </word>
      <upper-contour>
        <point x="360" y="1155" />
        <point x="2107" y="1155" />
      </upper-contour>
      <lower-contour>
        <point x="352" y="1338" />
        <point x="2159" y="1338" />
      </lower-contour>
    </line>
    <line ass="-221" asx="0" asy="1405" character-width="999" dss="-221" dsx="0" dsy="1517" fd0="13078" fd1="2974" fd2="-526" filter-width="3" id="g06-050b-04" lbs="-147" lbx="0" lby="1486" segmentation="ok" slant="90000" stroke-width="5342" threshold="162" text="that he found Anglesey a strong, energetic man" ubs="-371" ubx="0" uby="1443">
      <word id="g06-050b-04-00" tag="CS" text="that">
        <cmp x="347" y="1410" width="40" height="80" />
        <cmp x="387" y="1410" width="134" height="79" />
      </word>
      <word id="g06-050b-04-01" tag="PP3A" text="he">
        <cmp x="593" y="1415" width="34" height="73" />
        <cmp x="636" y="1454" width="32" height="43" />
      </word>
      <word id="g06-050b-04-02" tag="VBD" text="found">
        <cmp x="735" y="1412" width="56" height="109" />
        <cmp x="796" y="1453" width="30" height="33" />
        <cmp x="836" y="1459" width="33" height="24" />
        <cmp x="876" y="1425" width="31" height="70" />
      </word>
      <word id="g06-050b-04-03" tag="NP" text="Anglesey">
        <cmp x="969" y="1410" width="46" height="77" />
        <cmp x="1025" y="1441" width="35" height="26" />
        <cmp x="1075" y="1448" width="35" height="61" />
        <cmp x="1115" y="1422" width="11" height="58" />
        <cmp x="1137" y="1439" width="23" height="39" />
        <cmp x="1172" y="1437" width="19" height="46" />
        <cmp x="1203" y="1433" width="28" height="46" />
        <cmp x="1239" y="1442" width="35" height="61" />
      </word>
      <word id="g06-050b-04-04" tag="AT" text="a">
        <cmp x="1337" y="1436" width="36" height="48" />
      </word>
      <word id="g06-050b-04-05" tag="JJ" text="strong">
        <cmp x="1437" y="1447" width="25" height="41" />
        <cmp x="1463" y="1418" width="53" height="75" />
        <cmp x="1519" y="1455" width="24" height="31" />
        <cmp x="1553" y="1454" width="35" height="27" />
        <cmp x="1591" y="1455" width="27" height="61" />
      </word>
      <word id="g06-050b-04-06" tag="," text=",">
        <cmp x="1650" y="1472" width="11" height="36" />
      </word>
      <word id="g06-050b-04-07" tag="JJ" text="energetic">
        <cmp x="1715" y="1454" width="65" height="46" />
        <cmp x="1789" y="1463" width="56" height="36" />
        <cmp x="1853" y="1455" width="28" height="68" />
        <cmp x="1884" y="1450" width="30" height="40" />
        <cmp x="1922" y="1425" width="25" height="61" />
        <cmp x="1953" y="1428" width="4" height="8" />
        <cmp x="1972" y="1459" width="28" height="28" />
      </word>
      <word id="g06-050b-04-08" tag="NN" text="man">
        <cmp x="2062" y="1454" width="54" height="37" />
        <cmp x="2120" y="1453" width="33" height="34" />
        <cmp x="2166" y="1452" width="30" height="36" />
      </word>
      <upper-contour>
        <point x="352" y="1338" />
        <point x="2159" y="1338" />
      </upper-contour>
      <lower-contour>
        <point x="345" y="1523" />
        <point x="1924" y="1523" />
      </lower-contour>
    </line>
    <line ass="-333" asx="0" asy="1574" character-width="999" dss="-333" dsx="0" dsy="1686" fd0="13564" fd1="3082" fd2="-333" filter-width="3" id="g06-050b-05" lbs="-288" lbx="0" lby="1656" segmentation="ok" slant="90000" stroke-width="5232" threshold="162" text="with a gentle and charming character," ubs="-424" ubx="0" uby="1619">
      <word id="g06-050b-05-00" tag="IN" text="with">
        <cmp x="338" y="1622" width="49" height="48" />
        <cmp x="403" y="1620" width="5" height="34" />
        <cmp x="413" y="1600" width="3" height="9" />
        <cmp x="428" y="1579" width="34" height="68" />
        <cmp x="462" y="1578" width="29" height="54" />
      </word>
      <word id="g06-050b-05-01" tag="AT" text="a">
        <cmp x="561" y="1613" width="32" height="38" />
      </word>
      <word id="g06-050b-05-02" tag="JJ" text="gentle">
        <cmp x="664" y="1619" width="30" height="71" />
        <cmp x="710" y="1607" width="69" height="54" />
        <cmp x="783" y="1592" width="50" height="65" />
        <cmp x="847" y="1619" width="26" height="36" />
      </word>
      <word id="g06-050b-05-03" tag="CC" text="and">
        <cmp x="941" y="1623" width="33" height="36" />
        <cmp x="982" y="1637" width="26" height="18" />
        <cmp x="1026" y="1610" width="37" height="56" />
      </word>
      <word id="g06-050b-05-04" tag="JJ" text="charming">
        <cmp x="1142" y="1639" width="29" height="30" />
        <cmp x="1171" y="1609" width="75" height="64" />
        <cmp x="1258" y="1635" width="26" height="34" />
        <cmp x="1295" y="1630" width="49" height="34" />
        <cmp x="1358" y="1631" width="5" height="28" />
        <cmp x="1369" y="1613" width="4" height="11" />
        <cmp x="1383" y="1631" width="28" height="27" />
        <cmp x="1426" y="1624" width="28" height="53" />
      </word>
      <word id="g06-050b-05-05" tag="NN" text="character">
        <cmp x="1526" y="1619" width="32" height="48" />
        <cmp x="1564" y="1589" width="71" height="71" />
        <cmp x="1646" y="1629" width="27" height="36" />
        <cmp x="1678" y="1630" width="26" height="36" />
        <cmp x="1735" y="1631" width="20" height="34" />
        <cmp x="1761" y="1598" width="39" height="68" />
        <cmp x="1801" y="1622" width="67" height="40" />
      </word>
      <word id="g06-050b-05-06" tag="," text=",">
        <cmp x="1906" y="1645" width="16" height="39" />
      </word>
      <upper-contour>
        <point x="345" y="1523" />
        <point x="1924" y="1523" />
      </upper-contour>
      <lower-contour>
        <point x="339" y="1690" />
        <point x="1924" y="1690" />
      </lower-contour>
    </line>
    <line ass="-17" asx="0" asy="1768" character-width="999" dss="-17" dsx="0" dsy="1880" fd0="13088" fd1="2755" fd2="-738" filter-width="3" id="g06-050b-06" lbs="-9" lbx="0" lby="1847" segmentation="ok" slant="87000" stroke-width="5124" threshold="162" text="even-tempered and sedate, not easily irritated," ubs="-34" ubx="0" uby="1806">
      <word id="g06-050b-06-00" tag="JJ" text="even-tempered">
        <cmp x="341" y="1800" width="33" height="59" />
        <cmp x="380" y="1805" width="25" height="39" />
        <cmp x="410" y="1798" width="65" height="49" />
        <cmp x="502" y="1821" width="23" height="10" />
        <cmp x="552" y="1776" width="54" height="71" />
        <cmp x="611" y="1807" width="44" height="32" />
        <cmp x="669" y="1809" width="29" height="64" />
        <cmp x="713" y="1801" width="27" height="42" />
        <cmp x="749" y="1799" width="30" height="41" />
        <cmp x="777" y="1801" width="30" height="43" />
        <cmp x="819" y="1770" width="35" height="75" />
      </word>
      <word id="g06-050b-06-01" tag="CC" text="and">
        <cmp x="921" y="1808" width="34" height="44" />
        <cmp x="959" y="1817" width="32" height="27" />
        <cmp x="1003" y="1781" width="38" height="65" />
      </word>
      <word id="g06-050b-06-02" tag="JJ" text="sedate">
        <cmp x="1119" y="1801" width="23" height="48" />
        <cmp x="1147" y="1808" width="26" height="46" />
        <cmp x="1183" y="1782" width="51" height="72" />
        <cmp x="1235" y="1811" width="50" height="37" />
        <cmp x="1291" y="1779" width="62" height="75" />
      </word>
      <word id="g06-050b-06-03" tag="," text=",">
        <cmp x="1424" y="1837" width="11" height="43" />
      </word>
      <word id="g06-050b-06-04" tag="XNOT" text="not">
        <cmp x="1495" y="1812" width="33" height="40" />
        <cmp x="1538" y="1771" width="69" height="89" />
      </word>
      <word id="g06-050b-06-05" tag="RB" text="easily">
        <cmp x="1676" y="1810" width="26" height="48" />
        <cmp x="1715" y="1810" width="31" height="37" />
        <cmp x="1754" y="1803" width="24" height="46" />
        <cmp x="1788" y="1820" width="7" height="25" />
        <cmp x="1795" y="1787" width="5" height="11" />
        <cmp x="1806" y="1788" width="20" height="60" />
        <cmp x="1822" y="1809" width="35" height="72" />
      </word>
      <word id="g06-050b-06-06" tag="VBN" text="irritated">
        <cmp x="1921" y="1809" width="6" height="34" />
        <cmp x="1927" y="1780" width="5" height="7" />
        <cmp x="1948" y="1806" width="19" height="24" />
        <cmp x="1968" y="1809" width="25" height="36" />
        <cmp x="1999" y="1816" width="5" height="25" />
        <cmp x="2007" y="1787" width="6" height="8" />
        <cmp x="2019" y="1773" width="54" height="75" />
        <cmp x="2070" y="1771" width="49" height="73" />
        <cmp x="2122" y="1770" width="41" height="79" />
      </word>
      <word id="g06-050b-06-07" tag="," text=",">
        <cmp x="2182" y="1839" width="21" height="24" />
      </word>
      <upper-contour>
        <point x="339" y="1690" />
        <point x="1924" y="1690" />
      </upper-contour>
      <lower-contour>
        <point x="340" y="1881" />
        <point x="2099" y="1881" />
      </lower-contour>
    </line>
    <line ass="-593" asx="0" asy="1916" character-width="999" dss="-593" dsx="0" dsy="2060" fd0="13086" fd1="2823" fd2="-472" filter-width="3" id="g06-050b-07" lbs="-583" lbx="0" lby="2011" segmentation="ok" slant="90000" stroke-width="5416" threshold="162" text="patient and persevering, &apos;but he appears to" ubs="-613" ubx="0" uby="1965">
      <word id="g06-050b-07-00" tag="JJ" text="patient">
        <cmp x="342" y="1984" width="29" height="80" />
        <cmp x="389" y="1986" width="36" height="39" />
        <cmp x="436" y="1933" width="35" height="79" />
        <cmp x="472" y="1943" width="7" height="17" />
        <cmp x="473" y="1974" width="7" height="34" />
        <cmp x="491" y="1963" width="77" height="51" />
        <cmp x="574" y="1948" width="24" height="67" />
      </word>
      <word id="g06-050b-07-01" tag="CC" text="and">
        <cmp x="672" y="1974" width="41" height="38" />
        <cmp x="724" y="1972" width="25" height="33" />
        <cmp x="769" y="1926" width="29" height="79" />
      </word>
      <word id="g06-050b-07-02" tag="JJ" text="persevering">
        <cmp x="870" y="1978" width="28" height="88" />
        <cmp x="909" y="1970" width="79" height="44" />
        <cmp x="1001" y="1976" width="17" height="49" />
        <cmp x="1024" y="1974" width="67" height="55" />
        <cmp x="1092" y="1972" width="69" height="52" />
        <cmp x="1174" y="1984" width="7" height="34" />
        <cmp x="1188" y="1951" width="5" height="10" />
        <cmp x="1205" y="1981" width="30" height="28" />
        <cmp x="1242" y="1976" width="27" height="70" />
      </word>
      <word id="g06-050b-07-03" tag="," text=",">
        <cmp x="1292" y="2000" width="18" height="50" />
      </word>
      <word id="g06-050b-07-04" tag="*&apos;" text="&apos;">
        <cmp x="1367" y="1945" width="6" height="28" />
      </word>
      <word id="g06-050b-07-05" tag="CC" text="but">
        <cmp x="1384" y="1938" width="36" height="100" />
        <cmp x="1429" y="1944" width="88" height="79" />
      </word>
      <word id="g06-050b-07-06" tag="PP3A" text="he">
        <cmp x="1578" y="1942" width="71" height="87" />
      </word>
      <word id="g06-050b-07-07" tag="VBZ" text="appears">
        <cmp x="1697" y="1992" width="37" height="37" />
        <cmp x="1754" y="1983" width="38" height="95" />
        <cmp x="1796" y="1978" width="73" height="84" />
        <cmp x="1873" y="1985" width="33" height="40" />
        <cmp x="1919" y="1990" width="26" height="34" />
        <cmp x="1956" y="1977" width="31" height="51" />
      </word>
      <word id="g06-050b-07-08" tag="TO" text="to">
        <cmp x="2029" y="1938" width="69" height="89" />
      </word>
      <upper-contour>
        <point x="340" y="1881" />
        <point x="2099" y="1881" />
      </upper-contour>
      <lower-contour>
        <point x="347" y="2066" />
        <point x="1579" y="2066" />
      </lower-contour>
    </line>
    <line ass="-231" asx="0" asy="2101" character-width="999" dss="-231" dsx="0" dsy="2258" fd0="13321" fd1="2484" fd2="-747" filter-width="3" id="g06-050b-08" lbs="-292" lbx="0" lby="2202" segmentation="ok" slant="87000" stroke-width="5450" threshold="162" text="despair of ever being cured.&apos;" ubs="-109" ubx="0" uby="2161">
      <word id="g06-050b-08-00" tag="VB" text="despair">
        <cmp x="349" y="2111" width="81" height="110" />
        <cmp x="444" y="2150" width="27" height="52" />
        <cmp x="475" y="2156" width="37" height="104" />
        <cmp x="521" y="2158" width="38" height="41" />
        <cmp x="570" y="2165" width="10" height="39" />
        <cmp x="586" y="2130" width="6" height="13" />
        <cmp x="604" y="2158" width="26" height="39" />
      </word>
      <word id="g06-050b-08-01" tag="INO" text="of">
        <cmp x="694" y="2115" width="69" height="118" />
      </word>
      <word id="g06-050b-08-02" tag="RB" text="ever">
        <cmp x="828" y="2168" width="29" height="40" />
        <cmp x="861" y="2155" width="25" height="37" />
        <cmp x="896" y="2154" width="73" height="44" />
      </word>
      <word id="g06-050b-08-03" tag="BEG" text="being">
        <cmp x="1042" y="2131" width="33" height="91" />
        <cmp x="1084" y="2149" width="49" height="57" />
        <cmp x="1134" y="2139" width="6" height="15" />
        <cmp x="1147" y="2170" width="42" height="37" />
        <cmp x="1194" y="2170" width="24" height="38" />
        <cmp x="1198" y="2169" width="32" height="75" />
      </word>
      <word id="g06-050b-08-04" tag="VBN" text="cured">
        <cmp x="1285" y="2163" width="85" height="51" />
        <cmp x="1392" y="2164" width="34" height="43" />
        <cmp x="1431" y="2164" width="32" height="49" />
        <cmp x="1470" y="2145" width="46" height="66" />
      </word>
      <word id="g06-050b-08-05" tag="." text=".">
        <cmp x="1528" y="2204" width="7" height="6" />
      </word>
      <word id="g06-050b-08-06" tag="**&apos;" text="&apos;">
        <cmp x="1570" y="2109" width="8" height="29" />
      </word>
      <upper-contour>
        <point x="347" y="2066" />
        <point x="1579" y="2066" />
      </upper-contour>
    </line>
  </handwritten-part>
</form>

