<?xml version="1.0" encoding="ISO-8859-1"?>

<!DOCTYPE form SYSTEM 'http://www.iam.unibe.ch/~fki/iamdb/form-metadata.dtd'>

<form created="2002-04-10" height="3542" id="g07-079a" last-modified="2002-07-17" skew="254" status="final" version="3.0_beta" width="2479" writer-id="285">
  <machine-printed-part>
    <machine-print-line text="Their friendship for Augusta became rather hollow, and the news that Byron had left" />
    <machine-print-line text="her practically all his money caused it to crumble to oblivion. Though Lady Byron" />
    <machine-print-line text="knew perfectly well that Byron, as early as the year of their wedding, 1815, had made" />
    <machine-print-line text="a will in Augusta&apos;s favour, she had evidently not passed on that information; and it" />
    <machine-print-line text="came as an appalling surprise to Captain Byron that he had been left without the" />
    <machine-print-line text="fortune that would keep up the title." />
  </machine-printed-part>
  <handwritten-part>
    <line ass="643" asx="0" asy="700" character-width="999" dss="643" dsx="0" dsy="889" fd0="13436" fd1="2696" fd2="-449" filter-width="3" id="g07-079a-00" lbs="589" lbx="0" lby="777" segmentation="err" slant="90000" stroke-width="5614" threshold="187" text="Their friendship for Augusta became rather" ubs="750" ubx="0" uby="751">
      <word id="g07-079a-00-00" sentence-start="yes" tag="PP$" text="Their">
        <cmp x="315" y="696" width="212" height="105" />
        <cmp x="528" y="715" width="9" height="11" />
        <cmp x="535" y="747" width="33" height="27" />
      </word>
      <word id="g07-079a-00-01" tag="NN" text="friendship">
        <cmp x="619" y="710" width="49" height="128" />
        <cmp x="672" y="746" width="26" height="31" />
        <cmp x="708" y="744" width="7" height="28" />
        <cmp x="719" y="708" width="11" height="15" />
        <cmp x="727" y="737" width="27" height="38" />
        <cmp x="758" y="745" width="31" height="32" />
        <cmp x="791" y="712" width="129" height="70" />
        <cmp x="915" y="736" width="46" height="144" />
        <cmp x="916" y="708" width="6" height="9" />
      </word>
      <word id="g07-079a-00-02" tag="IN" text="for">
        <cmp x="1016" y="723" width="43" height="123" />
        <cmp x="1065" y="736" width="32" height="31" />
        <cmp x="1103" y="741" width="22" height="22" />
      </word>
      <word id="g07-079a-00-03" tag="NP" text="Augusta">
        <cmp x="1182" y="708" width="40" height="68" />
        <cmp x="1217" y="733" width="55" height="28" />
        <cmp x="1273" y="685" width="186" height="124" />
        <cmp x="1437" y="734" width="54" height="35" />
      </word>
      <word id="g07-079a-00-04" tag="VBD" text="became">
        <cmp x="1551" y="685" width="86" height="80" />
        <cmp x="1647" y="718" width="195" height="39" />
      </word>
      <word id="g07-079a-00-05" tag="RB" text="rather">
        <cmp x="1900" y="731" width="35" height="35" />
        <cmp x="1939" y="731" width="41" height="26" />
        <cmp x="1969" y="695" width="157" height="63" />
        <cmp x="2258" y="792" width="10" height="21" />
      </word>
      <lower-contour>
        <point x="313" y="813" />
        <point x="623" y="837" />
        <point x="875" y="772" />
        <point x="915" y="840" />
        <point x="920" y="879" />
        <point x="963" y="822" />
        <point x="1034" y="846" />
        <point x="1139" y="812" />
        <point x="2268" y="812" />
      </lower-contour>
    </line>
    <line ass="754" asx="0" asy="835" character-width="999" dss="754" dsx="0" dsy="965" fd0="13678" fd1="2806" fd2="-356" filter-width="3" id="g07-079a-01" lbs="805" lbx="0" lby="907" segmentation="err" slant="114999" stroke-width="5502" threshold="186" text="hollow, and the news that Byron had left" ubs="652" ubx="0" uby="873">
      <word id="g07-079a-01-00" tag="JJ" text="hollow">
        <cmp x="311" y="856" width="37" height="63" />
        <cmp x="352" y="830" width="106" height="93" />
        <cmp x="466" y="867" width="115" height="47" />
        <cmp x="587" y="895" width="15" height="51" />
      </word>
      <word id="g07-079a-01-01" tag="," text=",">
        <cmp x="675" y="870" width="80" height="28" />
      </word>
      <word id="g07-079a-01-02" tag="CC" text="and">
        <cmp x="761" y="842" width="45" height="54" />
      </word>
      <word id="g07-079a-01-03" tag="ATI" text="the">
        <cmp x="862" y="823" width="58" height="60" />
        <cmp x="963" y="845" width="51" height="29" />
      </word>
      <word id="g07-079a-01-04" tag="NN" text="news">
        <cmp x="1086" y="851" width="36" height="27" />
        <cmp x="1135" y="843" width="30" height="31" />
        <cmp x="1164" y="835" width="53" height="37" />
        <cmp x="1220" y="826" width="43" height="48" />
      </word>
      <word id="g07-079a-01-05" tag="CS" text="that">
        <cmp x="1335" y="836" width="49" height="63" />
        <cmp x="1395" y="837" width="44" height="58" />
        <cmp x="1442" y="816" width="104" height="75" />
      </word>
      <word id="g07-079a-01-06" tag="NP" text="Byron">
        <cmp x="1605" y="823" width="86" height="73" />
        <cmp x="1706" y="851" width="72" height="92" />
        <cmp x="1758" y="849" width="35" height="36" />
        <cmp x="1802" y="847" width="67" height="28" />
      </word>
      <word id="g07-079a-01-07" tag="HVD" text="had">
        <cmp x="1922" y="829" width="52" height="65" />
        <cmp x="1986" y="861" width="42" height="28" />
        <cmp x="2032" y="822" width="41" height="62" />
      </word>
      <word id="g07-079a-01-08" tag="VBN" text="left">
        <cmp x="2143" y="816" width="36" height="74" />
        <cmp x="2182" y="812" width="144" height="123" />
      </word>
      <upper-contour>
        <point x="313" y="813" />
        <point x="623" y="837" />
        <point x="875" y="772" />
        <point x="915" y="840" />
        <point x="920" y="879" />
        <point x="963" y="822" />
        <point x="1034" y="846" />
        <point x="1139" y="812" />
        <point x="2268" y="812" />
      </upper-contour>
      <lower-contour>
        <point x="354" y="945" />
        <point x="2210" y="945" />
      </lower-contour>
    </line>
    <line ass="1949" asx="0" asy="1038" character-width="999" dss="1949" dsx="0" dsy="1174" fd0="13351" fd1="2590" fd2="-563" filter-width="3" id="g07-079a-02" lbs="1979" lbx="0" lby="1122" segmentation="ok" slant="112000" stroke-width="5652" threshold="187" text="her practically all his money caused it to" ubs="1889" ubx="0" uby="1092">
      <word id="g07-079a-02-00" tag="PP3O" text="her">
        <cmp x="356" y="1055" width="75" height="74" />
        <cmp x="429" y="1082" width="34" height="26" />
      </word>
      <word id="g07-079a-02-01" tag="RB" text="practically">
        <cmp x="529" y="1075" width="39" height="79" />
        <cmp x="576" y="1069" width="33" height="33" />
        <cmp x="615" y="1070" width="46" height="32" />
        <cmp x="664" y="1069" width="40" height="30" />
        <cmp x="675" y="1067" width="9" height="7" />
        <cmp x="693" y="1024" width="54" height="78" />
        <cmp x="740" y="1071" width="7" height="17" />
        <cmp x="758" y="1007" width="210" height="110" />
      </word>
      <word id="g07-079a-02-02" tag="ABN" text="all">
        <cmp x="1041" y="1002" width="104" height="95" />
      </word>
      <word id="g07-079a-02-03" tag="PP$" text="his">
        <cmp x="1189" y="1019" width="106" height="62" />
        <cmp x="1221" y="1024" width="8" height="12" />
      </word>
      <word id="g07-079a-02-04" tag="NN" text="money">
        <cmp x="1346" y="1052" width="77" height="30" />
        <cmp x="1428" y="1035" width="180" height="85" />
      </word>
      <word id="g07-079a-02-05" tag="VBD" text="caused">
        <cmp x="1664" y="994" width="284" height="84" />
      </word>
      <word id="g07-079a-02-06" tag="PP3" text="it">
        <cmp x="1977" y="999" width="12" height="19" />
        <cmp x="1992" y="988" width="85" height="72" />
      </word>
      <word id="g07-079a-02-07" tag="TO" text="to">
        <cmp x="2112" y="989" width="66" height="71" />
        <cmp x="2180" y="1032" width="29" height="28" />
      </word>
      <upper-contour>
        <point x="354" y="945" />
        <point x="2210" y="945" />
      </upper-contour>
      <lower-contour>
        <point x="354" y="1153" />
        <point x="2206" y="1153" />
      </lower-contour>
    </line>
    <line ass="621" asx="0" asy="1187" character-width="999" dss="621" dsx="0" dsy="1306" fd0="13316" fd1="2119" fd2="-1158" filter-width="3" id="g07-079a-03" lbs="683" lbx="0" lby="1270" segmentation="ok" slant="107000" stroke-width="5615" threshold="186" text="crumble to oblivion. Though Lady Byron" ubs="499" ubx="0" uby="1238">
      <word id="g07-079a-03-00" tag="VB" text="crumble">
        <cmp x="308" y="1236" width="55" height="46" />
        <cmp x="358" y="1242" width="39" height="41" />
        <cmp x="394" y="1241" width="138" height="36" />
        <cmp x="542" y="1196" width="128" height="76" />
      </word>
      <word id="g07-079a-03-01" tag="IN" text="to">
        <cmp x="741" y="1197" width="51" height="63" />
        <cmp x="793" y="1227" width="29" height="25" />
      </word>
      <word id="g07-079a-03-02" tag="NN" text="oblivion">
        <cmp x="876" y="1223" width="34" height="37" />
        <cmp x="912" y="1176" width="61" height="79" />
        <cmp x="983" y="1222" width="11" height="24" />
        <cmp x="984" y="1192" width="5" height="8" />
        <cmp x="1010" y="1213" width="26" height="31" />
        <cmp x="1044" y="1195" width="6" height="8" />
        <cmp x="1048" y="1219" width="18" height="33" />
        <cmp x="1070" y="1214" width="80" height="35" />
      </word>
      <word id="g07-079a-03-03" tag="." text=".">
        <cmp x="1179" y="1243" width="9" height="10" />
      </word>
      <word id="g07-079a-03-04" sentence-start="yes" tag="CS" text="Though">
        <cmp x="1227" y="1178" width="139" height="96" />
        <cmp x="1381" y="1228" width="28" height="28" />
        <cmp x="1417" y="1222" width="48" height="26" />
        <cmp x="1469" y="1183" width="91" height="110" />
      </word>
      <word id="g07-079a-03-05" tag="NPT" text="Lady">
        <cmp x="1669" y="1178" width="59" height="84" />
        <cmp x="1740" y="1219" width="43" height="29" />
        <cmp x="1792" y="1176" width="107" height="86" />
      </word>
      <word id="g07-079a-03-06" tag="NP" text="Byron">
        <cmp x="1940" y="1176" width="75" height="69" />
        <cmp x="2033" y="1207" width="70" height="76" />
        <cmp x="2090" y="1207" width="26" height="31" />
        <cmp x="2128" y="1210" width="77" height="28" />
      </word>
      <upper-contour>
        <point x="354" y="1153" />
        <point x="2206" y="1153" />
      </upper-contour>
      <lower-contour>
        <point x="319" y="1294" />
        <point x="2206" y="1294" />
      </lower-contour>
    </line>
    <line ass="1098" asx="0" asy="1400" character-width="999" dss="1098" dsx="0" dsy="1541" fd0="13345" fd1="2667" fd2="-710" filter-width="3" id="g07-079a-04" lbs="1102" lbx="0" lby="1482" segmentation="ok" slant="110000" stroke-width="5616" threshold="184" text="knew perfectly well that Byron, as early" ubs="1092" ubx="0" uby="1453">
      <word id="g07-079a-04-00" tag="VBD" text="knew">
        <cmp x="321" y="1395" width="37" height="82" />
        <cmp x="364" y="1449" width="33" height="27" />
        <cmp x="408" y="1439" width="37" height="37" />
        <cmp x="447" y="1443" width="3" height="4" />
        <cmp x="447" y="1442" width="52" height="33" />
      </word>
      <word id="g07-079a-04-01" tag="RB" text="perfectly">
        <cmp x="579" y="1438" width="125" height="92" />
        <cmp x="714" y="1422" width="80" height="99" />
        <cmp x="793" y="1441" width="45" height="32" />
        <cmp x="817" y="1393" width="62" height="75" />
        <cmp x="882" y="1435" width="82" height="58" />
      </word>
      <word id="g07-079a-04-02" tag="RB" text="well">
        <cmp x="1027" y="1427" width="67" height="40" />
        <cmp x="1106" y="1388" width="97" height="70" />
      </word>
      <word id="g07-079a-04-03" tag="CS" text="that">
        <cmp x="1253" y="1376" width="190" height="82" />
      </word>
      <word id="g07-079a-04-04" tag="NP" text="Byron">
        <cmp x="1499" y="1395" width="75" height="61" />
        <cmp x="1578" y="1415" width="54" height="72" />
        <cmp x="1637" y="1413" width="36" height="34" />
        <cmp x="1684" y="1413" width="91" height="27" />
      </word>
      <word id="g07-079a-04-05" tag="," text=",">
        <cmp x="1782" y="1430" width="37" height="50" />
      </word>
      <word id="g07-079a-04-06" tag="QL" text="as">
        <cmp x="1870" y="1387" width="81" height="56" />
      </word>
      <word id="g07-079a-04-07" tag="RB" text="early">
        <cmp x="2014" y="1398" width="49" height="38" />
        <cmp x="2067" y="1407" width="47" height="29" />
        <cmp x="2113" y="1372" width="149" height="109" />
      </word>
      <upper-contour>
        <point x="319" y="1294" />
        <point x="2206" y="1294" />
      </upper-contour>
      <lower-contour>
        <point x="328" y="1529" />
        <point x="2263" y="1529" />
      </lower-contour>
    </line>
    <line ass="272" asx="0" asy="1575" character-width="999" dss="272" dsx="0" dsy="1689" fd0="13793" fd1="2575" fd2="-137" filter-width="3" id="g07-079a-05" lbs="326" lbx="0" lby="1646" segmentation="err" slant="116000" stroke-width="5683" threshold="183" text="as the year of their wedding, 1815, had" ubs="165" ubx="0" uby="1608">
      <word id="g07-079a-05-00" tag="IN" text="as">
        <cmp x="330" y="1610" width="77" height="46" />
      </word>
      <word id="g07-079a-05-01" tag="ATI" text="the">
        <cmp x="452" y="1588" width="129" height="56" />
      </word>
      <word id="g07-079a-05-02" tag="NN" text="year">
        <cmp x="648" y="1603" width="210" height="83" />
      </word>
      <word id="g07-079a-05-03" tag="INO" text="of">
        <cmp x="936" y="1584" width="89" height="94" />
      </word>
      <word id="g07-079a-05-04" tag="PP$" text="their">
        <cmp x="1058" y="1570" width="168" height="73" />
        <cmp x="1200" y="1578" width="9" height="11" />
        <cmp x="1233" y="1607" width="38" height="32" />
      </word>
      <word id="g07-079a-05-05" tag="NN" text="wedding">
        <cmp x="1350" y="1599" width="65" height="36" />
        <cmp x="1430" y="1596" width="45" height="35" />
        <cmp x="1475" y="1570" width="40" height="58" />
        <cmp x="1529" y="1574" width="88" height="53" />
        <cmp x="1598" y="1572" width="5" height="13" />
        <cmp x="1626" y="1593" width="36" height="28" />
        <cmp x="1673" y="1596" width="53" height="73" />
      </word>
      <word id="g07-079a-05-06" tag="," text=",">
        <cmp x="1743" y="1608" width="24" height="48" />
      </word>
      <word id="g07-079a-05-07" tag="CD" text="1815">
        <cmp x="1827" y="1586" width="26" height="55" />
        <cmp x="1868" y="1580" width="47" height="55" />
        <cmp x="1941" y="1586" width="23" height="39" />
        <cmp x="1967" y="1579" width="40" height="41" />
        <cmp x="2032" y="1612" width="26" height="51" />
      </word>
      <word id="g07-079a-05-08" tag="," text=",">
        <cmp x="2104" y="1576" width="61" height="66" />
      </word>
      <word id="g07-079a-05-09" tag="HVD" text="had">
        <cmp x="2174" y="1570" width="123" height="66" />
      </word>
      <upper-contour>
        <point x="328" y="1529" />
        <point x="2263" y="1529" />
      </upper-contour>
      <lower-contour>
        <point x="328" y="1685" />
        <point x="2298" y="1685" />
      </lower-contour>
    </line>
    <line ass="25" asx="0" asy="1737" character-width="999" dss="25" dsx="0" dsy="1865" fd0="13647" fd1="2679" fd2="-45" filter-width="4" id="g07-079a-06" lbs="45" lbx="0" lby="1815" segmentation="err" slant="110000" stroke-width="5731" threshold="182" text="made a will in Augusta&apos;s favour, she had" ubs="-13" ubx="0" uby="1785">
      <word id="g07-079a-06-00" tag="VBN" text="made">
        <cmp x="288" y="1787" width="89" height="46" />
        <cmp x="380" y="1792" width="51" height="34" />
        <cmp x="431" y="1765" width="45" height="56" />
        <cmp x="492" y="1786" width="48" height="35" />
      </word>
      <word id="g07-079a-06-01" tag="AT" text="a">
        <cmp x="607" y="1792" width="51" height="28" />
      </word>
      <word id="g07-079a-06-02" tag="NN" text="will">
        <cmp x="734" y="1780" width="62" height="39" />
        <cmp x="801" y="1770" width="9" height="9" />
        <cmp x="817" y="1752" width="83" height="65" />
      </word>
      <word id="g07-079a-06-03" tag="IN" text="in">
        <cmp x="944" y="1742" width="7" height="14" />
        <cmp x="972" y="1775" width="85" height="35" />
      </word>
      <word id="g07-079a-06-04" tag="NP$" text="Augusta&apos;s">
        <cmp x="1106" y="1754" width="117" height="65" />
        <cmp x="1239" y="1775" width="113" height="74" />
        <cmp x="1357" y="1737" width="65" height="72" />
        <cmp x="1416" y="1776" width="56" height="25" />
        <cmp x="1483" y="1753" width="52" height="48" />
        <cmp x="1490" y="1754" width="6" height="17" />
        <cmp x="1614" y="1762" width="53" height="105" />
      </word>
      <word id="g07-079a-06-05" tag="NN" text="favour">
        <cmp x="1677" y="1782" width="28" height="27" />
        <cmp x="1723" y="1770" width="39" height="38" />
        <cmp x="1774" y="1776" width="27" height="33" />
        <cmp x="1820" y="1776" width="73" height="32" />
      </word>
      <word id="g07-079a-06-06" tag="," text=",">
        <cmp x="1911" y="1812" width="29" height="45" />
      </word>
      <word id="g07-079a-06-07" tag="PP3A" text="she">
        <cmp x="1998" y="1745" width="147" height="77" />
      </word>
      <word id="g07-079a-06-08" tag="HVD" text="had">
        <cmp x="2179" y="1755" width="59" height="75" />
        <cmp x="2239" y="1759" width="109" height="66" />
      </word>
      <upper-contour>
        <point x="328" y="1685" />
        <point x="2298" y="1685" />
      </upper-contour>
      <lower-contour>
        <point x="286" y="1868" />
        <point x="2316" y="1868" />
      </lower-contour>
    </line>
    <line ass="587" asx="0" asy="1911" character-width="999" dss="587" dsx="0" dsy="2058" fd0="13207" fd1="2618" fd2="-551" filter-width="3" id="g07-079a-07" lbs="553" lbx="0" lby="1997" segmentation="err" slant="113000" stroke-width="5608" threshold="182" text="evidently not passed on that information;" ubs="655" ubx="0" uby="1976">
      <word id="g07-079a-07-00" tag="RB" text="evidently">
        <cmp x="269" y="1951" width="46" height="40" />
        <cmp x="325" y="1950" width="31" height="43" />
        <cmp x="366" y="1929" width="6" height="10" />
        <cmp x="367" y="1962" width="9" height="30" />
        <cmp x="390" y="1905" width="289" height="125" />
      </word>
      <word id="g07-079a-07-01" tag="XNOT" text="not">
        <cmp x="765" y="1975" width="64" height="36" />
        <cmp x="839" y="1922" width="102" height="82" />
      </word>
      <word id="g07-079a-07-02" tag="VBN" text="passed">
        <cmp x="1012" y="1968" width="58" height="80" />
        <cmp x="1070" y="1931" width="235" height="69" />
        <cmp x="1251" y="1965" width="8" height="5" />
      </word>
      <word id="g07-079a-07-03" tag="RP" text="on">
        <cmp x="1392" y="1965" width="93" height="34" />
      </word>
      <word id="g07-079a-07-04" tag="DT" text="that">
        <cmp x="1530" y="1937" width="103" height="65" />
        <cmp x="1644" y="1900" width="93" height="91" />
      </word>
      <word id="g07-079a-07-05" tag="NN" text="information">
        <cmp x="1799" y="1951" width="20" height="34" />
        <cmp x="1829" y="1947" width="87" height="87" />
        <cmp x="1920" y="1942" width="84" height="43" />
        <cmp x="2007" y="1946" width="71" height="29" />
        <cmp x="2083" y="1949" width="48" height="26" />
        <cmp x="2113" y="1900" width="56" height="86" />
        <cmp x="2157" y="1950" width="15" height="33" />
        <cmp x="2176" y="1919" width="12" height="7" />
        <cmp x="2186" y="1948" width="96" height="33" />
        <cmp x="2289" y="1988" width="25" height="34" />
      </word>
      <word id="g07-079a-07-06" tag=";" text=";">
        <cmp x="2299" y="1948" width="16" height="13" />
      </word>
      <upper-contour>
        <point x="286" y="1868" />
        <point x="2316" y="1868" />
      </upper-contour>
      <lower-contour>
        <point x="267" y="2048" />
        <point x="2277" y="2048" />
      </lower-contour>
    </line>
    <line ass="310" asx="0" asy="2104" character-width="999" dss="310" dsx="0" dsy="2239" fd0="13626" fd1="2688" fd2="-402" filter-width="3" id="g07-079a-08" lbs="306" lbx="0" lby="2178" segmentation="ok" slant="112000" stroke-width="5563" threshold="181" text="and it came as an appalling surprise to" ubs="318" ubx="0" uby="2149">
      <word id="g07-079a-08-00" tag="CC" text="and">
        <cmp x="247" y="2136" width="46" height="39" />
        <cmp x="300" y="2145" width="37" height="35" />
        <cmp x="349" y="2119" width="43" height="62" />
      </word>
      <word id="g07-079a-08-01" tag="PP3" text="it">
        <cmp x="481" y="2119" width="11" height="18" />
        <cmp x="486" y="2148" width="21" height="33" />
        <cmp x="495" y="2114" width="76" height="62" />
      </word>
      <word id="g07-079a-08-02" tag="VBD" text="came">
        <cmp x="654" y="2142" width="237" height="35" />
      </word>
      <word id="g07-079a-08-03" tag="IN" text="as">
        <cmp x="950" y="2142" width="86" height="42" />
      </word>
      <word id="g07-079a-08-04" tag="AT" text="an">
        <cmp x="1095" y="2149" width="113" height="35" />
      </word>
      <word id="g07-079a-08-05" tag="JJ" text="appalling">
        <cmp x="1271" y="2152" width="57" height="32" />
        <cmp x="1324" y="2148" width="49" height="78" />
        <cmp x="1375" y="2140" width="48" height="63" />
        <cmp x="1433" y="2104" width="257" height="127" />
        <cmp x="1546" y="2105" width="7" height="13" />
      </word>
      <word id="g07-079a-08-06" tag="NN" text="surprise">
        <cmp x="1739" y="2118" width="133" height="61" />
        <cmp x="1872" y="2132" width="45" height="35" />
        <cmp x="1927" y="2127" width="50" height="95" />
        <cmp x="1981" y="2123" width="27" height="35" />
        <cmp x="2007" y="2094" width="8" height="10" />
        <cmp x="2016" y="2137" width="10" height="32" />
        <cmp x="2041" y="2123" width="98" height="39" />
      </word>
      <word id="g07-079a-08-07" tag="IN" text="to">
        <cmp x="2177" y="2094" width="68" height="83" />
        <cmp x="2245" y="2141" width="31" height="28" />
      </word>
      <upper-contour>
        <point x="267" y="2048" />
        <point x="2277" y="2048" />
      </upper-contour>
      <lower-contour>
        <point x="245" y="2232" />
        <point x="2164" y="2232" />
      </lower-contour>
    </line>
    <line ass="515" asx="0" asy="2287" character-width="999" dss="515" dsx="0" dsy="2412" fd0="13286" fd1="2395" fd2="-452" filter-width="3" id="g07-079a-09" lbs="519" lbx="0" lby="2369" segmentation="ok" slant="114000" stroke-width="5495" threshold="182" text="Captain Byron that he had been left" ubs="508" ubx="0" uby="2341">
      <word id="g07-079a-09-00" tag="NPT" text="Captain">
        <cmp x="246" y="2301" width="59" height="64" />
        <cmp x="309" y="2333" width="52" height="30" />
        <cmp x="374" y="2283" width="81" height="115" />
        <cmp x="464" y="2327" width="147" height="35" />
        <cmp x="501" y="2289" width="11" height="18" />
      </word>
      <word id="g07-079a-09-01" tag="NP" text="Byron">
        <cmp x="678" y="2293" width="83" height="76" />
        <cmp x="782" y="2322" width="62" height="72" />
        <cmp x="837" y="2324" width="37" height="32" />
        <cmp x="880" y="2325" width="82" height="29" />
      </word>
      <word id="g07-079a-09-02" tag="CS" text="that">
        <cmp x="1037" y="2279" width="125" height="81" />
        <cmp x="1165" y="2280" width="87" height="79" />
      </word>
      <word id="g07-079a-09-03" tag="PP3A" text="he">
        <cmp x="1329" y="2294" width="105" height="70" />
      </word>
      <word id="g07-079a-09-04" tag="HVD" text="had">
        <cmp x="1484" y="2292" width="159" height="72" />
      </word>
      <word id="g07-079a-09-05" tag="BEN" text="been">
        <cmp x="1703" y="2286" width="61" height="76" />
        <cmp x="1766" y="2322" width="148" height="39" />
      </word>
      <word id="g07-079a-09-06" tag="VBN" text="left">
        <cmp x="1999" y="2281" width="164" height="115" />
      </word>
      <upper-contour>
        <point x="245" y="2232" />
        <point x="2164" y="2232" />
      </upper-contour>
      <lower-contour>
        <point x="244" y="2399" />
        <point x="2164" y="2399" />
      </lower-contour>
    </line>
    <line ass="357" asx="0" asy="2450" character-width="999" dss="357" dsx="0" dsy="2625" fd0="13432" fd1="2380" fd2="-847" filter-width="3" id="g07-079a-10" lbs="356" lbx="0" lby="2549" segmentation="ok" slant="107000" stroke-width="5423" threshold="180" text="without the fortune that would keep up the" ubs="358" ubx="0" uby="2522">
      <word id="g07-079a-10-00" tag="IN" text="without">
        <cmp x="244" y="2516" width="78" height="49" />
        <cmp x="333" y="2508" width="7" height="9" />
        <cmp x="344" y="2523" width="19" height="28" />
        <cmp x="351" y="2488" width="105" height="76" />
        <cmp x="468" y="2496" width="152" height="68" />
      </word>
      <word id="g07-079a-10-01" tag="ATI" text="the">
        <cmp x="643" y="2505" width="46" height="60" />
        <cmp x="677" y="2490" width="60" height="71" />
        <cmp x="731" y="2515" width="51" height="39" />
      </word>
      <word id="g07-079a-10-02" tag="NN" text="fortune">
        <cmp x="867" y="2539" width="5" height="4" />
        <cmp x="873" y="2489" width="38" height="91" />
        <cmp x="918" y="2510" width="27" height="28" />
        <cmp x="950" y="2507" width="28" height="27" />
        <cmp x="978" y="2444" width="51" height="87" />
        <cmp x="1010" y="2497" width="144" height="37" />
      </word>
      <word id="g07-079a-10-03" tag="WP" text="that">
        <cmp x="1223" y="2484" width="92" height="60" />
        <cmp x="1320" y="2464" width="98" height="77" />
      </word>
      <word id="g07-079a-10-04" tag="MD" text="would">
        <cmp x="1458" y="2510" width="68" height="34" />
        <cmp x="1547" y="2464" width="109" height="77" />
        <cmp x="1665" y="2473" width="39" height="67" />
      </word>
      <word id="g07-079a-10-05" tag="VB" text="keep">
        <cmp x="1749" y="2474" width="23" height="74" />
        <cmp x="1770" y="2484" width="109" height="59" />
        <cmp x="1887" y="2510" width="45" height="84" />
      </word>
      <word id="g07-079a-10-06" tag="RP" text="up">
        <cmp x="1992" y="2515" width="59" height="40" />
        <cmp x="2061" y="2524" width="49" height="89" />
      </word>
      <word id="g07-079a-10-07" tag="ATI" text="the">
        <cmp x="2142" y="2485" width="73" height="71" />
        <cmp x="2205" y="2501" width="74" height="58" />
      </word>
      <upper-contour>
        <point x="244" y="2399" />
        <point x="2164" y="2399" />
      </upper-contour>
      <lower-contour>
        <point x="274" y="2563" />
        <point x="542" y="2563" />
      </lower-contour>
    </line>
    <line ass="2013" asx="0" asy="2687" character-width="999" dss="2013" dsx="0" dsy="2764" fd0="13376" fd1="2887" fd2="-13" filter-width="3" id="g07-079a-11" lbs="2226" lbx="0" lby="2765" segmentation="err" slant="110000" stroke-width="5191" threshold="179" text="title." ubs="1587" ubx="0" uby="2723">
      <word id="g07-079a-11-00" tag="NN" text="title">
        <cmp x="276" y="2678" width="70" height="78" />
        <cmp x="356" y="2697" width="5" height="8" />
        <cmp x="371" y="2728" width="15" height="26" />
        <cmp x="382" y="2695" width="48" height="58" />
      </word>
      <word id="g07-079a-11-01" tag="." text=".">
        <cmp x="442" y="2686" width="99" height="65" />
      </word>
      <upper-contour>
        <point x="274" y="2563" />
        <point x="542" y="2563" />
      </upper-contour>
    </line>
  </handwritten-part>
</form>

