<?xml version="1.0" encoding="ISO-8859-1"?>

<!DOCTYPE form SYSTEM 'http://www.iam.unibe.ch/~fki/iamdb/form-metadata.dtd'>

<form created="2002-04-10" height="3542" id="g07-010b" last-modified="2002-07-17" skew="286" status="final" version="3.0_beta" width="2479" writer-id="350">
  <machine-printed-part>
    <machine-print-line text="This was to give colour to his pretext for copying Byron&apos;s last letter to his sister," />
    <machine-print-line text="which was that its chance of reaching its destination had seemed slight. The collection" />
    <machine-print-line text="of Pietro Gamba&apos;s letters deposited among the Murray manuscripts show that the" />
    <machine-print-line text="greatest care was observed in gathering together all the possessions of a man whose" />
    <machine-print-line text="importance was fully recognized by everyone about him. &apos;I have had put under Gov-" />
    <machine-print-line text="ernment seal his belongings, which will be opened by Prince Alexander Mavrocordato" />
    <machine-print-line text="in my presence and that of certain Englishmen who are here." />
  </machine-printed-part>
  <handwritten-part>
    <line ass="24" asx="0" asy="751" character-width="999" dss="24" dsx="0" dsy="854" fd0="14866" fd1="3058" fd2="-442" filter-width="3" id="g07-010b-00" lbs="-14" lbx="0" lby="804" segmentation="err" slant="51000" stroke-width="5142" threshold="160" text="This was to give colour to his pretext for copying Byron&apos;s last" ubs="102" ubx="0" uby="788">
      <word id="g07-010b-00-00" sentence-start="yes" tag="DT" text="This">
        <cmp x="348" y="751" width="50" height="52" />
        <cmp x="367" y="759" width="57" height="44" />
        <cmp x="433" y="792" width="24" height="16" />
        <cmp x="436" y="770" width="6" height="10" />
      </word>
      <word id="g07-010b-00-01" tag="BEDZ" text="was">
        <cmp x="492" y="784" width="40" height="24" />
        <cmp x="539" y="788" width="57" height="19" />
      </word>
      <word id="g07-010b-00-02" tag="TO" text="to">
        <cmp x="614" y="762" width="31" height="40" />
        <cmp x="635" y="787" width="18" height="15" />
      </word>
      <word id="g07-010b-00-03" tag="VB" text="give">
        <cmp x="660" y="787" width="40" height="56" />
        <cmp x="720" y="789" width="8" height="14" />
        <cmp x="734" y="786" width="63" height="24" />
        <cmp x="736" y="784" width="3" height="5" />
        <cmp x="737" y="779" width="4" height="4" />
      </word>
      <word id="g07-010b-00-04" tag="NN" text="colour">
        <cmp x="836" y="786" width="15" height="22" />
        <cmp x="864" y="769" width="66" height="40" />
        <cmp x="922" y="784" width="105" height="29" />
      </word>
      <word id="g07-010b-00-05" tag="IN" text="to">
        <cmp x="1057" y="762" width="27" height="46" />
        <cmp x="1078" y="788" width="17" height="19" />
      </word>
      <word id="g07-010b-00-06" tag="PP$" text="his">
        <cmp x="1114" y="761" width="48" height="46" />
        <cmp x="1165" y="797" width="30" height="11" />
        <cmp x="1172" y="774" width="7" height="10" />
      </word>
      <word id="g07-010b-00-07" tag="NN" text="pretext">
        <cmp x="1206" y="783" width="97" height="43" />
        <cmp x="1313" y="756" width="86" height="55" />
        <cmp x="1408" y="755" width="37" height="49" />
      </word>
      <word id="g07-010b-00-08" tag="IN" text="for">
        <cmp x="1447" y="757" width="59" height="73" />
        <cmp x="1493" y="787" width="13" height="14" />
        <cmp x="1505" y="784" width="27" height="17" />
      </word>
      <word id="g07-010b-00-09" tag="VBG" text="copying">
        <cmp x="1560" y="781" width="20" height="25" />
        <cmp x="1586" y="787" width="21" height="16" />
        <cmp x="1599" y="789" width="56" height="33" />
        <cmp x="1650" y="787" width="46" height="57" />
        <cmp x="1663" y="821" width="5" height="6" />
        <cmp x="1698" y="789" width="11" height="16" />
        <cmp x="1711" y="793" width="40" height="12" />
        <cmp x="1719" y="776" width="6" height="10" />
        <cmp x="1734" y="789" width="36" height="59" />
        <cmp x="1811" y="754" width="114" height="101" />
        <cmp x="1816" y="770" width="18" height="33" />
      </word>
      <word id="g07-010b-00-10" tag="NP$" text="Byron&apos;s">
        <cmp x="1929" y="783" width="48" height="19" />
        <cmp x="1993" y="757" width="12" height="22" />
        <cmp x="1989" y="788" width="24" height="13" />
      </word>
      <word id="g07-010b-00-11" tag="AP" text="last">
        <cmp x="2047" y="752" width="51" height="52" />
        <cmp x="2077" y="783" width="33" height="23" />
        <cmp x="2117" y="758" width="31" height="45" />
      </word>
      <lower-contour>
        <point x="350" y="858" />
        <point x="1945" y="858" />
      </lower-contour>
    </line>
    <line ass="204" asx="0" asy="943" character-width="999" dss="204" dsx="0" dsy="1042" fd0="14986" fd1="3190" fd2="-320" filter-width="3" id="g07-010b-01" lbs="191" lbx="0" lby="989" segmentation="err" slant="53000" stroke-width="5253" threshold="160" text="letter to his sister, which was that its chance of reaching its" ubs="229" ubx="0" uby="971">
      <word id="g07-010b-01-00" tag="NN" text="letter">
        <cmp x="352" y="954" width="46" height="38" />
        <cmp x="401" y="946" width="70" height="49" />
      </word>
      <word id="g07-010b-01-01" tag="IN" text="to">
        <cmp x="501" y="948" width="39" height="40" />
      </word>
      <word id="g07-010b-01-02" tag="PP$" text="his">
        <cmp x="560" y="950" width="45" height="40" />
        <cmp x="610" y="976" width="19" height="11" />
        <cmp x="616" y="956" width="6" height="10" />
      </word>
      <word id="g07-010b-01-03" tag="NN" text="sister">
        <cmp x="659" y="974" width="35" height="15" />
        <cmp x="707" y="975" width="9" height="11" />
        <cmp x="722" y="974" width="32" height="13" />
        <cmp x="724" y="958" width="5" height="9" />
        <cmp x="761" y="943" width="61" height="51" />
      </word>
      <word id="g07-010b-01-04" tag="," text=",">
        <cmp x="832" y="994" width="10" height="16" />
      </word>
      <word id="g07-010b-01-05" tag="WDT" text="which">
        <cmp x="868" y="939" width="92" height="50" />
        <cmp x="963" y="946" width="73" height="41" />
        <cmp x="971" y="948" width="6" height="9" />
      </word>
      <word id="g07-010b-01-06" tag="BEDZ" text="was">
        <cmp x="1045" y="965" width="34" height="25" />
        <cmp x="1087" y="968" width="53" height="19" />
      </word>
      <word id="g07-010b-01-07" tag="CS" text="that">
        <cmp x="1161" y="944" width="60" height="44" />
        <cmp x="1207" y="972" width="16" height="14" />
        <cmp x="1236" y="942" width="36" height="44" />
      </word>
      <word id="g07-010b-01-08" tag="PP$" text="its">
        <cmp x="1288" y="972" width="8" height="15" />
        <cmp x="1300" y="941" width="42" height="50" />
        <cmp x="1304" y="951" width="5" height="12" />
      </word>
      <word id="g07-010b-01-09" tag="NN" text="chance">
        <cmp x="1369" y="942" width="82" height="48" />
        <cmp x="1436" y="969" width="58" height="16" />
        <cmp x="1509" y="966" width="41" height="21" />
      </word>
      <word id="g07-010b-01-10" tag="INO" text="of">
        <cmp x="1579" y="939" width="53" height="77" />
      </word>
      <word id="g07-010b-01-11" tag="VBG" text="reaching">
        <cmp x="1641" y="958" width="53" height="28" />
        <cmp x="1697" y="964" width="22" height="18" />
        <cmp x="1730" y="939" width="70" height="48" />
        <cmp x="1800" y="975" width="45" height="13" />
        <cmp x="1806" y="954" width="7" height="13" />
        <cmp x="1821" y="970" width="44" height="67" />
        <cmp x="1891" y="966" width="10" height="17" />
        <cmp x="1907" y="948" width="6" height="8" />
      </word>
      <word id="g07-010b-01-12" tag="PP$" text="its">
        <cmp x="1911" y="944" width="33" height="43" />
      </word>
      <upper-contour>
        <point x="350" y="858" />
        <point x="1945" y="858" />
      </upper-contour>
      <lower-contour>
        <point x="353" y="1039" />
        <point x="1945" y="1039" />
      </lower-contour>
    </line>
    <line ass="350" asx="0" asy="1117" character-width="999" dss="350" dsx="0" dsy="1223" fd0="14742" fd1="2989" fd2="-509" filter-width="3" id="g07-010b-02" lbs="394" lbx="0" lby="1170" segmentation="err" slant="51000" stroke-width="5389" threshold="160" text="destination had seemed slight. The collection of Pietro" ubs="262" ubx="0" uby="1149">
      <word id="g07-010b-02-00" tag="NN" text="destination">
        <cmp x="355" y="1128" width="77" height="41" />
        <cmp x="438" y="1114" width="36" height="54" />
        <cmp x="475" y="1149" width="38" height="17" />
        <cmp x="485" y="1123" width="8" height="11" />
        <cmp x="524" y="1150" width="19" height="16" />
        <cmp x="556" y="1119" width="46" height="46" />
        <cmp x="608" y="1148" width="61" height="19" />
        <cmp x="617" y="1129" width="8" height="11" />
      </word>
      <word id="g07-010b-02-01" tag="HVD" text="had">
        <cmp x="703" y="1123" width="61" height="45" />
        <cmp x="743" y="1153" width="19" height="13" />
        <cmp x="768" y="1130" width="67" height="37" />
      </word>
      <word id="g07-010b-02-02" tag="VBN" text="seemed">
        <cmp x="853" y="1146" width="177" height="26" />
        <cmp x="1033" y="1134" width="51" height="34" />
      </word>
      <word id="g07-010b-02-03" tag="JJ" text="slight">
        <cmp x="1108" y="1128" width="92" height="43" />
        <cmp x="1177" y="1131" width="101" height="86" />
        <cmp x="1210" y="1134" width="4" height="8" />
        <cmp x="1277" y="1120" width="43" height="52" />
      </word>
      <word id="g07-010b-02-04" tag="." text=".">
        <cmp x="1328" y="1161" width="5" height="5" />
      </word>
      <word id="g07-010b-02-05" sentence-start="yes" tag="ATI" text="The">
        <cmp x="1359" y="1125" width="44" height="10" />
        <cmp x="1367" y="1127" width="72" height="42" />
      </word>
      <word id="g07-010b-02-06" tag="NN" text="collection">
        <cmp x="1462" y="1145" width="21" height="25" />
        <cmp x="1484" y="1121" width="89" height="49" />
        <cmp x="1581" y="1152" width="17" height="16" />
        <cmp x="1611" y="1114" width="46" height="49" />
        <cmp x="1658" y="1147" width="53" height="20" />
        <cmp x="1667" y="1128" width="6" height="11" />
      </word>
      <word id="g07-010b-02-07" tag="INO" text="of">
        <cmp x="1752" y="1126" width="55" height="68" />
        <cmp x="1817" y="1111" width="59" height="31" />
        <cmp x="1835" y="1137" width="13" height="27" />
      </word>
      <word id="g07-010b-02-08" tag="NP" text="Pietro">
        <cmp x="1859" y="1151" width="9" height="12" />
        <cmp x="1881" y="1125" width="5" height="10" />
        <cmp x="1881" y="1142" width="23" height="22" />
        <cmp x="1911" y="1117" width="37" height="46" />
        <cmp x="1934" y="1140" width="28" height="20" />
        <cmp x="1967" y="1138" width="28" height="21" />
      </word>
      <upper-contour>
        <point x="353" y="1039" />
        <point x="1945" y="1039" />
      </upper-contour>
      <lower-contour>
        <point x="353" y="1217" />
        <point x="1998" y="1217" />
      </lower-contour>
    </line>
    <line ass="263" asx="0" asy="1296" character-width="999" dss="263" dsx="0" dsy="1404" fd0="14450" fd1="2402" fd2="-688" filter-width="3" id="g07-010b-03" lbs="298" lbx="0" lby="1349" segmentation="err" slant="34000" stroke-width="5280" threshold="160" text="Gamba&apos;s letters deposited among the Murray manuscripts show" ubs="193" ubx="0" uby="1328">
      <word id="g07-010b-03-00" tag="NP$" text="Gamba&apos;s">
        <cmp x="339" y="1293" width="57" height="101" />
        <cmp x="350" y="1360" width="17" height="13" />
        <cmp x="393" y="1296" width="134" height="52" />
        <cmp x="518" y="1325" width="27" height="20" />
        <cmp x="568" y="1302" width="13" height="17" />
        <cmp x="573" y="1331" width="21" height="16" />
      </word>
      <word id="g07-010b-03-01" tag="NNS" text="letters">
        <cmp x="628" y="1307" width="44" height="41" />
        <cmp x="671" y="1301" width="87" height="49" />
      </word>
      <word id="g07-010b-03-02" tag="VBN" text="deposited">
        <cmp x="784" y="1310" width="99" height="53" />
        <cmp x="892" y="1327" width="42" height="18" />
        <cmp x="938" y="1332" width="10" height="11" />
        <cmp x="953" y="1314" width="5" height="7" />
        <cmp x="958" y="1303" width="33" height="41" />
        <cmp x="995" y="1310" width="46" height="31" />
      </word>
      <word id="g07-010b-03-03" tag="IN" text="among">
        <cmp x="1068" y="1325" width="83" height="22" />
        <cmp x="1162" y="1327" width="52" height="19" />
        <cmp x="1196" y="1332" width="38" height="66" />
        <cmp x="1261" y="1302" width="58" height="41" />
      </word>
      <word id="g07-010b-03-04" tag="ATI" text="the">
        <cmp x="1338" y="1302" width="77" height="39" />
      </word>
      <word id="g07-010b-03-05" tag="NP" text="Murray">
        <cmp x="1409" y="1321" width="71" height="25" />
        <cmp x="1485" y="1323" width="78" height="74" />
        <cmp x="1580" y="1323" width="47" height="18" />
        <cmp x="1631" y="1323" width="112" height="24" />
        <cmp x="1750" y="1319" width="40" height="22" />
        <cmp x="1798" y="1325" width="11" height="14" />
        <cmp x="1816" y="1311" width="5" height="9" />
      </word>
      <word id="g07-010b-03-06" tag="NNS" text="manuscripts">
        <cmp x="1804" y="1323" width="54" height="34" />
        <cmp x="1861" y="1296" width="34" height="41" />
      </word>
      <word id="g07-010b-03-07" tag="VB" text="show">
        <cmp x="1935" y="1290" width="91" height="54" />
        <cmp x="2008" y="1317" width="24" height="19" />
        <cmp x="2034" y="1315" width="43" height="28" />
      </word>
      <upper-contour>
        <point x="353" y="1217" />
        <point x="1998" y="1217" />
      </upper-contour>
      <lower-contour>
        <point x="349" y="1399" />
        <point x="2079" y="1399" />
      </lower-contour>
    </line>
    <line ass="199" asx="0" asy="1479" character-width="999" dss="199" dsx="0" dsy="1584" fd0="14520" fd1="2641" fd2="-786" filter-width="3" id="g07-010b-04" lbs="228" lbx="0" lby="1528" segmentation="err" slant="50000" stroke-width="5321" threshold="157" text="that the greatest care was observed in gathering together all the possessions" ubs="142" ubx="0" uby="1507">
      <word id="g07-010b-04-00" tag="CS" text="that">
        <cmp x="351" y="1485" width="69" height="45" />
        <cmp x="405" y="1510" width="20" height="16" />
        <cmp x="438" y="1482" width="41" height="39" />
      </word>
      <word id="g07-010b-04-01" tag="ATI" text="the">
        <cmp x="472" y="1483" width="61" height="45" />
      </word>
      <word id="g07-010b-04-02" tag="JJT" text="greatest">
        <cmp x="554" y="1507" width="54" height="46" />
        <cmp x="611" y="1502" width="22" height="24" />
        <cmp x="639" y="1506" width="27" height="18" />
        <cmp x="674" y="1477" width="53" height="48" />
        <cmp x="734" y="1479" width="31" height="43" />
      </word>
      <word id="g07-010b-04-03" tag="NN" text="care">
        <cmp x="783" y="1500" width="19" height="25" />
        <cmp x="808" y="1497" width="63" height="28" />
      </word>
      <word id="g07-010b-04-04" tag="BEDZ" text="was">
        <cmp x="888" y="1500" width="42" height="22" />
        <cmp x="937" y="1503" width="47" height="23" />
      </word>
      <word id="g07-010b-04-05" tag="VBN" text="observed">
        <cmp x="1014" y="1485" width="107" height="40" />
        <cmp x="1122" y="1500" width="49" height="26" />
        <cmp x="1177" y="1487" width="51" height="34" />
      </word>
      <word id="g07-010b-04-06" tag="IN" text="in">
        <cmp x="1252" y="1510" width="10" height="15" />
        <cmp x="1259" y="1513" width="39" height="14" />
        <cmp x="1267" y="1493" width="4" height="8" />
      </word>
      <word id="g07-010b-04-07" tag="VBG" text="gathering">
        <cmp x="1288" y="1511" width="53" height="69" />
        <cmp x="1297" y="1547" width="12" height="11" />
        <cmp x="1350" y="1508" width="18" height="17" />
        <cmp x="1372" y="1477" width="87" height="53" />
        <cmp x="1468" y="1513" width="8" height="12" />
        <cmp x="1482" y="1512" width="44" height="13" />
        <cmp x="1489" y="1494" width="4" height="9" />
        <cmp x="1498" y="1508" width="52" height="72" />
        <cmp x="1577" y="1481" width="23" height="42" />
      </word>
      <word id="g07-010b-04-08" tag="RB" text="together">
        <cmp x="1595" y="1501" width="17" height="16" />
        <cmp x="1601" y="1500" width="50" height="62" />
        <cmp x="1656" y="1479" width="69" height="49" />
      </word>
      <word id="g07-010b-04-09" tag="ABN" text="all">
        <cmp x="1753" y="1484" width="82" height="40" />
      </word>
      <word id="g07-010b-04-10" tag="ATI" text="the">
        <cmp x="1842" y="1485" width="83" height="41" />
      </word>
      <word id="g07-010b-04-11" tag="NNS" text="possessions">
        <cmp x="1934" y="1507" width="42" height="38" />
        <cmp x="1978" y="1500" width="129" height="23" />
        <cmp x="2110" y="1501" width="10" height="16" />
        <cmp x="2127" y="1486" width="5" height="11" />
        <cmp x="2131" y="1499" width="68" height="22" />
      </word>
      <upper-contour>
        <point x="349" y="1399" />
        <point x="2079" y="1399" />
      </upper-contour>
      <lower-contour>
        <point x="349" y="1581" />
        <point x="2200" y="1581" />
      </lower-contour>
    </line>
    <line ass="253" asx="0" asy="1662" character-width="999" dss="253" dsx="0" dsy="1762" fd0="14388" fd1="2544" fd2="-261" filter-width="3" id="g07-010b-05" lbs="212" lbx="0" lby="1709" segmentation="ok" slant="53000" stroke-width="5444" threshold="155" text="of a man whose importance was fully recognized by everyone about" ubs="334" ubx="0" uby="1692">
      <word id="g07-010b-05-00" tag="INO" text="of">
        <cmp x="344" y="1665" width="57" height="67" />
      </word>
      <word id="g07-010b-05-01" tag="AT" text="a">
        <cmp x="413" y="1685" width="24" height="19" />
      </word>
      <word id="g07-010b-05-02" tag="NN" text="man">
        <cmp x="452" y="1688" width="48" height="17" />
        <cmp x="513" y="1687" width="57" height="19" />
      </word>
      <word id="g07-010b-05-03" tag="WP$" text="whose">
        <cmp x="599" y="1683" width="5" height="6" />
        <cmp x="604" y="1659" width="80" height="44" />
        <cmp x="670" y="1678" width="67" height="23" />
      </word>
      <word id="g07-010b-05-04" tag="NN" text="importance">
        <cmp x="774" y="1689" width="8" height="14" />
        <cmp x="783" y="1673" width="6" height="8" />
        <cmp x="784" y="1692" width="51" height="14" />
        <cmp x="830" y="1691" width="49" height="38" />
        <cmp x="885" y="1685" width="39" height="20" />
        <cmp x="932" y="1659" width="33" height="44" />
        <cmp x="956" y="1685" width="42" height="19" />
        <cmp x="1014" y="1685" width="42" height="21" />
      </word>
      <word id="g07-010b-05-05" tag="BEDZ" text="was">
        <cmp x="1091" y="1682" width="35" height="25" />
        <cmp x="1133" y="1686" width="36" height="23" />
      </word>
      <word id="g07-010b-05-06" tag="RB" text="fully">
        <cmp x="1186" y="1659" width="163" height="98" />
      </word>
      <word id="g07-010b-05-07" tag="VBN" text="recognized">
        <cmp x="1389" y="1678" width="40" height="26" />
        <cmp x="1434" y="1681" width="17" height="18" />
        <cmp x="1460" y="1680" width="24" height="21" />
        <cmp x="1479" y="1680" width="71" height="59" />
        <cmp x="1561" y="1687" width="9" height="14" />
        <cmp x="1575" y="1677" width="6" height="11" />
        <cmp x="1578" y="1683" width="48" height="23" />
        <cmp x="1633" y="1659" width="64" height="44" />
      </word>
      <word id="g07-010b-05-08" tag="IN" text="by">
        <cmp x="1709" y="1665" width="59" height="90" />
      </word>
      <word id="g07-010b-05-09" tag="PN" text="everyone">
        <cmp x="1806" y="1677" width="127" height="77" />
        <cmp x="1947" y="1677" width="88" height="24" />
      </word>
      <word id="g07-010b-05-10" tag="IN" text="about">
        <cmp x="2066" y="1660" width="111" height="45" />
        <cmp x="2181" y="1668" width="26" height="35" />
      </word>
      <upper-contour>
        <point x="349" y="1581" />
        <point x="2200" y="1581" />
      </upper-contour>
      <lower-contour>
        <point x="349" y="1758" />
        <point x="2145" y="1758" />
      </lower-contour>
    </line>
    <line ass="2" asx="0" asy="1830" character-width="999" dss="2" dsx="0" dsy="1930" fd0="14435" fd1="2882" fd2="96" filter-width="3" id="g07-010b-06" lbs="-7" lbx="0" lby="1882" segmentation="ok" slant="53000" stroke-width="5357" threshold="156" text="him. &apos;I have had put under Government seal his belongings," ubs="22" ubx="0" uby="1868">
      <word id="g07-010b-06-00" tag="PP3O" text="him">
        <cmp x="351" y="1835" width="39" height="49" />
        <cmp x="395" y="1868" width="65" height="17" />
        <cmp x="407" y="1846" width="8" height="12" />
      </word>
      <word id="g07-010b-06-01" tag="." text=".">
        <cmp x="493" y="1879" width="8" height="6" />
      </word>
      <word id="g07-010b-06-02" sentence-start="yes" tag="*&apos;" text="&apos;">
        <cmp x="557" y="1831" width="10" height="13" />
      </word>
      <word id="g07-010b-06-03" tag="PP1A" text="I">
        <cmp x="574" y="1835" width="37" height="56" />
      </word>
      <word id="g07-010b-06-04" tag="HV" text="have">
        <cmp x="625" y="1840" width="34" height="44" />
        <cmp x="662" y="1861" width="78" height="24" />
      </word>
      <word id="g07-010b-06-05" tag="HVN" text="had">
        <cmp x="762" y="1843" width="50" height="42" />
        <cmp x="798" y="1868" width="17" height="15" />
        <cmp x="819" y="1845" width="58" height="36" />
      </word>
      <word id="g07-010b-06-06" tag="VBN" text="put">
        <cmp x="878" y="1864" width="41" height="35" />
        <cmp x="923" y="1846" width="72" height="38" />
      </word>
      <word id="g07-010b-06-07" tag="IN" text="under">
        <cmp x="1018" y="1860" width="57" height="25" />
        <cmp x="1082" y="1843" width="80" height="46" />
      </word>
      <word id="g07-010b-06-08" tag="NN" text="Government">
        <cmp x="1197" y="1840" width="49" height="78" />
        <cmp x="1240" y="1862" width="128" height="27" />
        <cmp x="1375" y="1869" width="115" height="19" />
        <cmp x="1503" y="1842" width="33" height="43" />
      </word>
      <word id="g07-010b-06-09" tag="NN" text="seal">
        <cmp x="1546" y="1864" width="58" height="21" />
        <cmp x="1612" y="1846" width="77" height="35" />
      </word>
      <word id="g07-010b-06-10" tag="PP$" text="his">
        <cmp x="1698" y="1848" width="51" height="34" />
        <cmp x="1750" y="1872" width="31" height="12" />
        <cmp x="1759" y="1849" width="5" height="7" />
      </word>
      <word id="g07-010b-06-11" tag="NNS" text="belongings">
        <cmp x="1819" y="1842" width="98" height="42" />
        <cmp x="1902" y="1867" width="55" height="21" />
        <cmp x="1942" y="1875" width="35" height="55" />
        <cmp x="1994" y="1867" width="11" height="16" />
        <cmp x="2006" y="1872" width="51" height="14" />
        <cmp x="2014" y="1856" width="6" height="9" />
        <cmp x="2036" y="1871" width="83" height="52" />
      </word>
      <word id="g07-010b-06-12" tag="," text=",">
        <cmp x="2129" y="1885" width="14" height="13" />
      </word>
      <upper-contour>
        <point x="349" y="1758" />
        <point x="2145" y="1758" />
      </upper-contour>
      <lower-contour>
        <point x="349" y="1933" />
        <point x="2082" y="1933" />
      </lower-contour>
    </line>
    <line ass="-12" asx="0" asy="2015" character-width="999" dss="-12" dsx="0" dsy="2120" fd0="14824" fd1="2793" fd2="-627" filter-width="3" id="g07-010b-07" lbs="-32" lbx="0" lby="2063" segmentation="err" slant="29000" stroke-width="5336" threshold="157" text="which will be opened by Prince Alexander Mavrocordato" ubs="27" ubx="0" uby="2045">
      <word id="g07-010b-07-00" tag="WDT" text="which">
        <cmp x="347" y="2017" width="90" height="47" />
        <cmp x="436" y="2029" width="6" height="4" />
        <cmp x="445" y="2020" width="86" height="44" />
      </word>
      <word id="g07-010b-07-01" tag="MD" text="will">
        <cmp x="544" y="2042" width="45" height="26" />
        <cmp x="599" y="2049" width="15" height="13" />
        <cmp x="618" y="2023" width="83" height="41" />
        <cmp x="624" y="2032" width="7" height="9" />
        <cmp x="716" y="2029" width="46" height="37" />
      </word>
      <word id="g07-010b-07-02" tag="BE" text="be">
        <cmp x="793" y="2050" width="17" height="16" />
      </word>
      <word id="g07-010b-07-03" tag="VBN" text="opened">
        <cmp x="807" y="2048" width="148" height="36" />
        <cmp x="961" y="2035" width="55" height="33" />
      </word>
      <word id="g07-010b-07-04" tag="IN" text="by">
        <cmp x="1038" y="2029" width="67" height="93" />
        <cmp x="1133" y="2024" width="47" height="20" />
        <cmp x="1145" y="2037" width="15" height="30" />
        <cmp x="1166" y="2051" width="27" height="18" />
        <cmp x="1199" y="2055" width="6" height="14" />
        <cmp x="1217" y="2038" width="6" height="11" />
      </word>
      <word id="g07-010b-07-05" tag="NPT" text="Prince">
        <cmp x="1210" y="2054" width="55" height="19" />
      </word>
      <word id="g07-010b-07-06" tag="NP" text="Alexander">
        <cmp x="1283" y="2055" width="42" height="23" />
        <cmp x="1359" y="2017" width="139" height="52" />
        <cmp x="1501" y="2046" width="57" height="22" />
        <cmp x="1560" y="2031" width="75" height="38" />
      </word>
      <word id="g07-010b-07-07" tag="NP" text="Mavrocordato">
        <cmp x="1663" y="2020" width="78" height="44" />
        <cmp x="1732" y="2042" width="66" height="25" />
        <cmp x="1804" y="2054" width="3" height="3" />
        <cmp x="1808" y="2041" width="23" height="25" />
        <cmp x="1839" y="2039" width="19" height="23" />
        <cmp x="1868" y="2043" width="18" height="22" />
        <cmp x="1891" y="2042" width="35" height="21" />
        <cmp x="1932" y="2023" width="57" height="41" />
        <cmp x="1976" y="2045" width="18" height="17" />
        <cmp x="2009" y="2017" width="43" height="46" />
        <cmp x="2048" y="2041" width="33" height="18" />
      </word>
      <upper-contour>
        <point x="349" y="1933" />
        <point x="2082" y="1933" />
      </upper-contour>
      <lower-contour>
        <point x="358" y="2123" />
        <point x="2082" y="2123" />
      </lower-contour>
    </line>
    <line ass="422" asx="0" asy="2198" character-width="999" dss="422" dsx="0" dsy="2301" fd0="14604" fd1="2772" fd2="60" filter-width="3" id="g07-010b-08" lbs="436" lbx="0" lby="2253" segmentation="ok" slant="50000" stroke-width="5272" threshold="156" text="in my presence and that of certain Englishmen who are" ubs="394" ubx="0" uby="2233">
      <word id="g07-010b-08-00" tag="IN" text="in">
        <cmp x="360" y="2225" width="5" height="16" />
        <cmp x="369" y="2225" width="40" height="19" />
        <cmp x="376" y="2206" width="5" height="7" />
      </word>
      <word id="g07-010b-08-01" tag="PP$" text="my">
        <cmp x="439" y="2220" width="100" height="77" />
        <cmp x="524" y="2253" width="4" height="3" />
      </word>
      <word id="g07-010b-08-02" tag="NN" text="presence">
        <cmp x="592" y="2223" width="125" height="42" />
        <cmp x="720" y="2228" width="63" height="28" />
        <cmp x="797" y="2233" width="51" height="23" />
      </word>
      <word id="g07-010b-08-03" tag="CC" text="and">
        <cmp x="888" y="2227" width="56" height="21" />
        <cmp x="955" y="2214" width="46" height="30" />
      </word>
      <word id="g07-010b-08-04" tag="DT" text="that">
        <cmp x="1023" y="2201" width="67" height="44" />
        <cmp x="1073" y="2230" width="18" height="13" />
        <cmp x="1107" y="2198" width="53" height="48" />
      </word>
      <word id="g07-010b-08-05" tag="INO" text="of">
        <cmp x="1170" y="2198" width="76" height="72" />
      </word>
      <word id="g07-010b-08-06" tag="JJ" text="certain">
        <cmp x="1271" y="2220" width="57" height="25" />
        <cmp x="1337" y="2192" width="39" height="55" />
        <cmp x="1367" y="2223" width="94" height="22" />
        <cmp x="1423" y="2210" width="7" height="12" />
      </word>
      <word id="g07-010b-08-07" tag="NNPS" text="Englishmen">
        <cmp x="1507" y="2187" width="52" height="54" />
        <cmp x="1544" y="2198" width="89" height="86" />
        <cmp x="1639" y="2230" width="22" height="11" />
        <cmp x="1643" y="2206" width="6" height="9" />
        <cmp x="1668" y="2195" width="34" height="47" />
        <cmp x="1707" y="2228" width="60" height="17" />
        <cmp x="1784" y="2222" width="46" height="25" />
      </word>
      <word id="g07-010b-08-08" tag="WP" text="who">
        <cmp x="1874" y="2191" width="106" height="54" />
        <cmp x="1961" y="2221" width="23" height="21" />
      </word>
      <word id="g07-010b-08-09" tag="BER" text="are">
        <cmp x="2041" y="2208" width="84" height="31" />
      </word>
      <upper-contour>
        <point x="358" y="2123" />
        <point x="2082" y="2123" />
      </upper-contour>
      <lower-contour>
        <point x="361" y="2296" />
        <point x="523" y="2296" />
      </lower-contour>
    </line>
    <line ass="-4608" asx="0" asy="2342" character-width="999" dss="-4608" dsx="0" dsy="2390" fd0="14045" fd1="2954" fd2="1107" filter-width="3" id="g07-010b-09" lbs="-2053" lbx="0" lby="2406" segmentation="ok" slant="38000" stroke-width="5456" threshold="153" text="here." ubs="-9718" ubx="0" uby="2328">
      <word id="g07-010b-09-00" tag="RN" text="here">
        <cmp x="363" y="2375" width="130" height="51" />
      </word>
      <word id="g07-010b-09-01" tag="." text=".">
        <cmp x="516" y="2420" width="7" height="6" />
      </word>
      <upper-contour>
        <point x="361" y="2296" />
        <point x="523" y="2296" />
      </upper-contour>
    </line>
  </handwritten-part>
</form>

