<?xml version="1.0" encoding="ISO-8859-1"?>

<!DOCTYPE form SYSTEM 'http://www.iam.unibe.ch/~fki/iamdb/form-metadata.dtd'>

<form created="2002-04-10" height="3542" id="g07-022a" last-modified="2002-07-17" skew="158" status="final" version="3.0_beta" width="2479" writer-id="351">
  <machine-printed-part>
    <machine-print-line text="Augusta Leigh too was favourably impressed, and wrote to Lady Byron after she had" />
    <machine-print-line text="received a visit from him: I have today seen Count Gamba - which was very distressing" />
    <machine-print-line text="for many reasons but quite unavoidable - he is a pleasing, fine looking young man &amp;amp;" />
    <machine-print-line text="spoke with great feeling. The unfortunate Augusta was in one of her worst states of" />
    <machine-print-line text="confusion." />
  </machine-printed-part>
  <handwritten-part>
    <line ass="-166" asx="0" asy="671" character-width="999" dss="-166" dsx="0" dsy="787" fd0="13078" fd1="2546" fd2="-1460" filter-width="4" id="g07-022a-00" lbs="-113" lbx="0" lby="761" segmentation="ok" slant="103000" stroke-width="6016" threshold="175" text="Augusta Leigh too was favourably impressed," ubs="-273" ubx="0" uby="721">
      <word id="g07-022a-00-00" sentence-start="yes" tag="NP" text="Augusta">
        <cmp x="316" y="686" width="65" height="75" />
        <cmp x="385" y="712" width="50" height="49" />
        <cmp x="438" y="718" width="55" height="63" />
        <cmp x="483" y="713" width="52" height="47" />
        <cmp x="546" y="717" width="34" height="48" />
        <cmp x="581" y="690" width="27" height="56" />
        <cmp x="620" y="715" width="51" height="47" />
      </word>
      <word id="g07-022a-00-01" tag="NP" text="Leigh">
        <cmp x="718" y="687" width="54" height="72" />
        <cmp x="776" y="723" width="69" height="43" />
        <cmp x="816" y="703" width="29" height="8" />
        <cmp x="840" y="727" width="15" height="34" />
        <cmp x="864" y="728" width="52" height="58" />
        <cmp x="909" y="702" width="54" height="60" />
      </word>
      <word id="g07-022a-00-02" tag="RB" text="too">
        <cmp x="1012" y="698" width="34" height="66" />
        <cmp x="1052" y="728" width="103" height="37" />
      </word>
      <word id="g07-022a-00-03" tag="BEDZ" text="was">
        <cmp x="1196" y="718" width="113" height="54" />
        <cmp x="1318" y="726" width="35" height="49" />
      </word>
      <word id="g07-022a-00-04" tag="RB" text="favourably">
        <cmp x="1392" y="702" width="31" height="87" />
        <cmp x="1424" y="730" width="50" height="40" />
        <cmp x="1473" y="726" width="42" height="40" />
        <cmp x="1520" y="729" width="56" height="34" />
        <cmp x="1580" y="726" width="44" height="44" />
        <cmp x="1627" y="732" width="36" height="35" />
        <cmp x="1669" y="729" width="50" height="43" />
        <cmp x="1721" y="708" width="55" height="59" />
        <cmp x="1783" y="719" width="17" height="55" />
        <cmp x="1806" y="731" width="39" height="57" />
      </word>
      <word id="g07-022a-00-05" tag="VBN" text="impressed">
        <cmp x="1859" y="700" width="27" height="10" />
        <cmp x="1881" y="729" width="14" height="32" />
        <cmp x="1902" y="725" width="41" height="33" />
        <cmp x="1941" y="727" width="24" height="33" />
        <cmp x="1978" y="719" width="39" height="63" />
        <cmp x="2023" y="721" width="24" height="34" />
        <cmp x="2062" y="678" width="193" height="86" />
      </word>
      <word id="g07-022a-00-06" tag="," text=",">
        <cmp x="2279" y="753" width="9" height="41" />
      </word>
      <lower-contour>
        <point x="314" y="791" />
        <point x="2087" y="791" />
      </lower-contour>
    </line>
    <line ass="-11" asx="0" asy="859" character-width="999" dss="-11" dsx="0" dsy="959" fd0="12824" fd1="2838" fd2="-886" filter-width="4" id="g07-022a-01" lbs="14" lbx="0" lby="934" segmentation="ok" slant="103000" stroke-width="6254" threshold="175" text="and wrote to Lady Byron after she had" ubs="-64" ubx="0" uby="898">
      <word id="g07-022a-01-00" tag="CC" text="and">
        <cmp x="308" y="890" width="55" height="50" />
        <cmp x="358" y="897" width="58" height="29" />
        <cmp x="416" y="861" width="49" height="67" />
      </word>
      <word id="g07-022a-01-01" tag="VBD" text="wrote">
        <cmp x="516" y="896" width="58" height="40" />
        <cmp x="580" y="901" width="34" height="33" />
        <cmp x="613" y="886" width="83" height="49" />
        <cmp x="703" y="901" width="56" height="44" />
      </word>
      <word id="g07-022a-01-02" tag="IN" text="to">
        <cmp x="802" y="882" width="32" height="61" />
        <cmp x="843" y="905" width="50" height="36" />
      </word>
      <word id="g07-022a-01-03" tag="NPT" text="Lady">
        <cmp x="935" y="873" width="101" height="65" />
        <cmp x="1044" y="862" width="56" height="77" />
        <cmp x="1105" y="903" width="49" height="53" />
      </word>
      <word id="g07-022a-01-04" tag="NP" text="Byron">
        <cmp x="1209" y="866" width="52" height="72" />
        <cmp x="1260" y="900" width="44" height="60" />
        <cmp x="1304" y="897" width="38" height="38" />
        <cmp x="1344" y="899" width="49" height="37" />
        <cmp x="1388" y="894" width="59" height="37" />
      </word>
      <word id="g07-022a-01-05" tag="CS" text="after">
        <cmp x="1499" y="893" width="52" height="41" />
        <cmp x="1559" y="865" width="29" height="84" />
        <cmp x="1589" y="880" width="30" height="55" />
        <cmp x="1634" y="898" width="79" height="32" />
      </word>
      <word id="g07-022a-01-06" tag="PP3A" text="she">
        <cmp x="1763" y="873" width="40" height="73" />
        <cmp x="1807" y="898" width="25" height="32" />
        <cmp x="1838" y="893" width="63" height="38" />
      </word>
      <word id="g07-022a-01-07" tag="HVD" text="had">
        <cmp x="1920" y="876" width="51" height="61" />
        <cmp x="1981" y="899" width="49" height="39" />
        <cmp x="2036" y="870" width="50" height="63" />
      </word>
      <upper-contour>
        <point x="314" y="791" />
        <point x="2087" y="791" />
      </upper-contour>
      <lower-contour>
        <point x="306" y="960" />
        <point x="2087" y="960" />
      </lower-contour>
    </line>
    <line ass="-396" asx="0" asy="1039" character-width="999" dss="-396" dsx="0" dsy="1134" fd0="13498" fd1="2883" fd2="-1077" filter-width="4" id="g07-022a-02" lbs="-324" lbx="0" lby="1110" segmentation="ok" slant="105000" stroke-width="6171" threshold="174" text="received a visit from him: I have today seen" ubs="-540" ubx="0" uby="1074">
      <word id="g07-022a-02-00" tag="VBN" text="received">
        <cmp x="302" y="1071" width="36" height="44" />
        <cmp x="351" y="1075" width="60" height="36" />
        <cmp x="415" y="1073" width="49" height="39" />
        <cmp x="474" y="1078" width="61" height="35" />
        <cmp x="507" y="1062" width="36" height="8" />
        <cmp x="538" y="1087" width="12" height="25" />
        <cmp x="560" y="1078" width="45" height="39" />
        <cmp x="611" y="1083" width="68" height="36" />
        <cmp x="669" y="1059" width="55" height="58" />
      </word>
      <word id="g07-022a-02-01" tag="AT" text="a">
        <cmp x="765" y="1080" width="49" height="50" />
      </word>
      <word id="g07-022a-02-02" tag="NN" text="visit">
        <cmp x="856" y="1084" width="46" height="35" />
        <cmp x="895" y="1064" width="27" height="6" />
        <cmp x="918" y="1090" width="12" height="26" />
        <cmp x="947" y="1087" width="30" height="39" />
        <cmp x="967" y="1075" width="21" height="6" />
        <cmp x="984" y="1087" width="15" height="29" />
        <cmp x="1001" y="1059" width="33" height="57" />
      </word>
      <word id="g07-022a-02-03" tag="IN" text="from">
        <cmp x="1083" y="1055" width="34" height="87" />
        <cmp x="1117" y="1082" width="33" height="37" />
        <cmp x="1152" y="1083" width="49" height="34" />
        <cmp x="1201" y="1083" width="78" height="37" />
      </word>
      <word id="g07-022a-02-04" tag="PP3O" text="him">
        <cmp x="1306" y="1061" width="52" height="57" />
        <cmp x="1348" y="1061" width="28" height="11" />
        <cmp x="1374" y="1088" width="13" height="25" />
        <cmp x="1393" y="1081" width="72" height="36" />
        <cmp x="1397" y="1088" width="19" height="31" />
      </word>
      <word id="g07-022a-02-05" tag=":" text=":">
        <cmp x="1485" y="1075" width="10" height="9" />
        <cmp x="1487" y="1101" width="9" height="11" />
      </word>
      <word id="g07-022a-02-06" sentence-start="yes" tag="PP1A" text="I">
        <cmp x="1542" y="1051" width="20" height="59" />
      </word>
      <word id="g07-022a-02-07" tag="HV" text="have">
        <cmp x="1588" y="1061" width="48" height="47" />
        <cmp x="1649" y="1080" width="47" height="39" />
        <cmp x="1696" y="1081" width="45" height="35" />
        <cmp x="1752" y="1079" width="56" height="41" />
      </word>
      <word id="g07-022a-02-08" tag="NR" text="today">
        <cmp x="1846" y="1059" width="40" height="65" />
        <cmp x="1887" y="1086" width="49" height="35" />
        <cmp x="1938" y="1061" width="52" height="63" />
        <cmp x="1998" y="1084" width="47" height="43" />
        <cmp x="2047" y="1088" width="37" height="49" />
      </word>
      <word id="g07-022a-02-09" tag="VBN" text="seen">
        <cmp x="2133" y="1086" width="24" height="58" />
        <cmp x="2164" y="1084" width="56" height="38" />
        <cmp x="2225" y="1091" width="56" height="34" />
        <cmp x="2278" y="1087" width="48" height="38" />
      </word>
      <upper-contour>
        <point x="306" y="960" />
        <point x="2087" y="960" />
      </upper-contour>
      <lower-contour>
        <point x="308" y="1146" />
        <point x="2243" y="1146" />
      </lower-contour>
    </line>
    <line ass="-546" asx="0" asy="1217" character-width="999" dss="-546" dsx="0" dsy="1307" fd0="13257" fd1="2731" fd2="-1145" filter-width="4" id="g07-022a-03" lbs="-606" lbx="0" lby="1279" segmentation="ok" slant="108000" stroke-width="6111" threshold="174" text="Count Gamba - which was very distressing" ubs="-426" ubx="0" uby="1253">
      <word id="g07-022a-03-00" tag="NPT" text="Count">
        <cmp x="310" y="1227" width="61" height="63" />
        <cmp x="374" y="1253" width="100" height="36" />
        <cmp x="472" y="1254" width="59" height="32" />
        <cmp x="532" y="1235" width="40" height="53" />
      </word>
      <word id="g07-022a-03-01" tag="NP" text="Gamba">
        <cmp x="636" y="1226" width="60" height="62" />
        <cmp x="698" y="1256" width="56" height="37" />
        <cmp x="755" y="1254" width="54" height="35" />
        <cmp x="805" y="1261" width="24" height="27" />
        <cmp x="827" y="1236" width="63" height="60" />
        <cmp x="899" y="1261" width="48" height="45" />
      </word>
      <word id="g07-022a-03-02" tag="*-" text="-">
        <cmp x="981" y="1263" width="50" height="11" />
      </word>
      <word id="g07-022a-03-03" tag="WDT" text="which">
        <cmp x="1063" y="1242" width="62" height="49" />
        <cmp x="1119" y="1233" width="50" height="55" />
        <cmp x="1167" y="1233" width="29" height="8" />
        <cmp x="1186" y="1259" width="15" height="32" />
        <cmp x="1215" y="1239" width="84" height="56" />
      </word>
      <word id="g07-022a-03-04" tag="BEDZ" text="was">
        <cmp x="1342" y="1249" width="57" height="42" />
        <cmp x="1405" y="1257" width="54" height="47" />
        <cmp x="1469" y="1262" width="31" height="46" />
      </word>
      <word id="g07-022a-03-05" tag="QL" text="very">
        <cmp x="1536" y="1248" width="45" height="45" />
        <cmp x="1589" y="1254" width="80" height="43" />
        <cmp x="1670" y="1258" width="43" height="66" />
      </word>
      <word id="g07-022a-03-06" tag="JJ" text="distressing">
        <cmp x="1761" y="1234" width="51" height="68" />
        <cmp x="1806" y="1246" width="31" height="7" />
        <cmp x="1823" y="1267" width="16" height="32" />
        <cmp x="1850" y="1263" width="33" height="45" />
        <cmp x="1885" y="1237" width="31" height="61" />
        <cmp x="1919" y="1257" width="32" height="38" />
        <cmp x="1965" y="1258" width="58" height="39" />
        <cmp x="2024" y="1262" width="75" height="42" />
        <cmp x="2085" y="1239" width="30" height="8" />
        <cmp x="2110" y="1266" width="10" height="30" />
        <cmp x="2132" y="1258" width="49" height="38" />
        <cmp x="2188" y="1255" width="54" height="65" />
      </word>
      <upper-contour>
        <point x="308" y="1146" />
        <point x="2243" y="1146" />
      </upper-contour>
      <lower-contour>
        <point x="308" y="1325" />
        <point x="2243" y="1325" />
      </lower-contour>
    </line>
    <line ass="-419" asx="0" asy="1400" character-width="999" dss="-419" dsx="0" dsy="1492" fd0="13265" fd1="2781" fd2="-1096" filter-width="4" id="g07-022a-04" lbs="-432" lbx="0" lby="1469" segmentation="ok" slant="103000" stroke-width="6149" threshold="173" text="for many reasons but quite unavoidable - he" ubs="-392" ubx="0" uby="1437">
      <word id="g07-022a-04-00" tag="IN" text="for">
        <cmp x="307" y="1404" width="29" height="91" />
        <cmp x="342" y="1440" width="55" height="38" />
        <cmp x="397" y="1440" width="34" height="35" />
      </word>
      <word id="g07-022a-04-01" tag="AP" text="many">
        <cmp x="492" y="1437" width="50" height="32" />
        <cmp x="541" y="1438" width="30" height="28" />
        <cmp x="587" y="1439" width="51" height="34" />
        <cmp x="644" y="1437" width="54" height="32" />
        <cmp x="705" y="1438" width="40" height="57" />
      </word>
      <word id="g07-022a-04-02" tag="NNS" text="reasons">
        <cmp x="790" y="1439" width="45" height="39" />
        <cmp x="846" y="1441" width="102" height="49" />
        <cmp x="964" y="1446" width="27" height="42" />
        <cmp x="994" y="1444" width="47" height="36" />
        <cmp x="1040" y="1443" width="55" height="38" />
        <cmp x="1114" y="1443" width="30" height="46" />
      </word>
      <word id="g07-022a-04-03" tag="CC" text="but">
        <cmp x="1180" y="1419" width="93" height="58" />
        <cmp x="1280" y="1418" width="28" height="63" />
      </word>
      <word id="g07-022a-04-04" tag="RB" text="quite">
        <cmp x="1358" y="1436" width="91" height="65" />
        <cmp x="1442" y="1432" width="23" height="6" />
        <cmp x="1461" y="1450" width="13" height="26" />
        <cmp x="1475" y="1425" width="27" height="53" />
        <cmp x="1509" y="1438" width="53" height="38" />
      </word>
      <word id="g07-022a-04-05" tag="JJ" text="unavoidable">
        <cmp x="1605" y="1439" width="43" height="49" />
        <cmp x="1647" y="1442" width="56" height="41" />
        <cmp x="1717" y="1445" width="51" height="46" />
        <cmp x="1769" y="1444" width="52" height="41" />
        <cmp x="1825" y="1446" width="53" height="37" />
        <cmp x="1864" y="1433" width="32" height="7" />
        <cmp x="1890" y="1458" width="15" height="31" />
        <cmp x="1915" y="1430" width="45" height="59" />
        <cmp x="1973" y="1445" width="46" height="39" />
        <cmp x="2016" y="1426" width="51" height="56" />
        <cmp x="2069" y="1433" width="17" height="46" />
        <cmp x="2098" y="1445" width="60" height="41" />
      </word>
      <word id="g07-022a-04-06" tag="*-" text="-">
        <cmp x="2186" y="1463" width="42" height="8" />
      </word>
      <word id="g07-022a-04-07" tag="PP3A" text="he">
        <cmp x="2244" y="1428" width="19" height="65" />
        <cmp x="2263" y="1456" width="28" height="36" />
        <cmp x="2306" y="1456" width="56" height="41" />
      </word>
      <upper-contour>
        <point x="308" y="1325" />
        <point x="2243" y="1325" />
      </upper-contour>
      <lower-contour>
        <point x="305" y="1501" />
        <point x="2150" y="1501" />
      </lower-contour>
    </line>
    <line ass="-206" asx="0" asy="1568" character-width="999" dss="-206" dsx="0" dsy="1672" fd0="13415" fd1="2778" fd2="-1169" filter-width="4" id="g07-022a-05" lbs="-248" lbx="0" lby="1651" segmentation="ok" slant="107000" stroke-width="6204" threshold="170" text="is a pleasing, fine looking young man &amp;amp;" ubs="-121" ubx="0" uby="1618">
      <word id="g07-022a-05-00" tag="BEZ" text="is">
        <cmp x="285" y="1575" width="37" height="6" />
        <cmp x="311" y="1607" width="11" height="32" />
        <cmp x="339" y="1611" width="28" height="45" />
      </word>
      <word id="g07-022a-05-01" tag="AT" text="a">
        <cmp x="413" y="1609" width="52" height="45" />
      </word>
      <word id="g07-022a-05-02" tag="JJ" text="pleasing">
        <cmp x="521" y="1615" width="44" height="57" />
        <cmp x="569" y="1603" width="14" height="50" />
        <cmp x="600" y="1619" width="104" height="44" />
        <cmp x="712" y="1620" width="55" height="44" />
        <cmp x="726" y="1603" width="34" height="12" />
        <cmp x="772" y="1620" width="53" height="40" />
        <cmp x="830" y="1618" width="55" height="59" />
      </word>
      <word id="g07-022a-05-03" tag="," text=",">
        <cmp x="897" y="1639" width="12" height="11" />
      </word>
      <word id="g07-022a-05-04" tag="JJ" text="fine">
        <cmp x="964" y="1577" width="44" height="91" />
        <cmp x="1004" y="1620" width="12" height="27" />
        <cmp x="1020" y="1611" width="51" height="42" />
        <cmp x="1082" y="1614" width="65" height="37" />
      </word>
      <word id="g07-022a-05-05" tag="JJ" text="looking">
        <cmp x="1186" y="1588" width="18" height="66" />
        <cmp x="1216" y="1611" width="51" height="39" />
        <cmp x="1272" y="1617" width="47" height="35" />
        <cmp x="1321" y="1602" width="52" height="52" />
        <cmp x="1350" y="1601" width="39" height="7" />
        <cmp x="1373" y="1621" width="17" height="31" />
        <cmp x="1399" y="1620" width="50" height="40" />
        <cmp x="1455" y="1620" width="52" height="59" />
      </word>
      <word id="g07-022a-05-06" tag="JJ" text="young">
        <cmp x="1552" y="1611" width="49" height="65" />
        <cmp x="1606" y="1611" width="92" height="41" />
        <cmp x="1702" y="1615" width="48" height="42" />
        <cmp x="1759" y="1613" width="50" height="58" />
      </word>
      <word id="g07-022a-05-07" tag="NN" text="man">
        <cmp x="1835" y="1616" width="77" height="39" />
        <cmp x="1924" y="1621" width="45" height="37" />
        <cmp x="1975" y="1619" width="45" height="35" />
      </word>
      <word id="g07-022a-05-08" tag="CC" text="&amp;">
        <cmp x="2085" y="1575" width="64" height="92" />
      </word>
      <upper-contour>
        <point x="305" y="1501" />
        <point x="2150" y="1501" />
      </upper-contour>
      <lower-contour>
        <point x="289" y="1679" />
        <point x="2150" y="1679" />
      </lower-contour>
    </line>
    <line ass="-772" asx="0" asy="1739" character-width="999" dss="-772" dsx="0" dsy="1844" fd0="13039" fd1="2646" fd2="-1579" filter-width="4" id="g07-022a-06" lbs="-774" lbx="0" lby="1822" segmentation="ok" slant="105000" stroke-width="6166" threshold="171" text="spoke with great feeling. The unfortunate" ubs="-769" ubx="0" uby="1791">
      <word id="g07-022a-06-00" tag="VBD" text="spoke">
        <cmp x="291" y="1785" width="29" height="58" />
        <cmp x="318" y="1787" width="109" height="54" />
        <cmp x="417" y="1766" width="63" height="59" />
        <cmp x="482" y="1790" width="59" height="36" />
      </word>
      <word id="g07-022a-06-01" tag="IN" text="with">
        <cmp x="580" y="1786" width="62" height="41" />
        <cmp x="637" y="1780" width="22" height="8" />
        <cmp x="657" y="1801" width="13" height="29" />
        <cmp x="683" y="1779" width="21" height="55" />
        <cmp x="700" y="1779" width="49" height="56" />
      </word>
      <word id="g07-022a-06-02" tag="JJ" text="great">
        <cmp x="795" y="1794" width="63" height="62" />
        <cmp x="851" y="1799" width="39" height="32" />
        <cmp x="895" y="1783" width="137" height="54" />
      </word>
      <word id="g07-022a-06-03" tag="NN" text="feeling">
        <cmp x="1079" y="1777" width="33" height="77" />
        <cmp x="1118" y="1804" width="115" height="39" />
        <cmp x="1224" y="1793" width="29" height="46" />
        <cmp x="1252" y="1818" width="9" height="18" />
        <cmp x="1270" y="1808" width="51" height="34" />
        <cmp x="1325" y="1807" width="56" height="56" />
      </word>
      <word id="g07-022a-06-04" tag="." text=".">
        <cmp x="1396" y="1832" width="13" height="7" />
      </word>
      <word id="g07-022a-06-05" sentence-start="yes" tag="ATI" text="The">
        <cmp x="1418" y="1759" width="54" height="5" />
        <cmp x="1449" y="1784" width="16" height="53" />
        <cmp x="1470" y="1785" width="18" height="52" />
        <cmp x="1494" y="1803" width="24" height="34" />
        <cmp x="1535" y="1801" width="62" height="41" />
      </word>
      <word id="g07-022a-06-06" tag="JJ" text="unfortunate">
        <cmp x="1641" y="1802" width="37" height="50" />
        <cmp x="1681" y="1807" width="50" height="39" />
        <cmp x="1745" y="1781" width="30" height="85" />
        <cmp x="1773" y="1809" width="52" height="36" />
        <cmp x="1824" y="1783" width="62" height="63" />
        <cmp x="1891" y="1806" width="36" height="43" />
        <cmp x="1930" y="1810" width="52" height="37" />
        <cmp x="1992" y="1809" width="51" height="44" />
        <cmp x="2051" y="1792" width="28" height="61" />
        <cmp x="2093" y="1810" width="62" height="43" />
      </word>
      <upper-contour>
        <point x="289" y="1679" />
        <point x="2150" y="1679" />
      </upper-contour>
      <lower-contour>
        <point x="289" y="1867" />
        <point x="2156" y="1867" />
      </lower-contour>
    </line>
    <line ass="-489" asx="0" asy="1943" character-width="999" dss="-489" dsx="0" dsy="2034" fd0="12922" fd1="2970" fd2="-864" filter-width="4" id="g07-022a-07" lbs="-401" lbx="0" lby="2014" segmentation="ok" slant="102000" stroke-width="6123" threshold="171" text="Augusta was in one of her worst states of" ubs="-664" ubx="0" uby="1974">
      <word id="g07-022a-07-00" tag="NP" text="Augusta">
        <cmp x="279" y="1950" width="72" height="66" />
        <cmp x="352" y="1970" width="47" height="42" />
        <cmp x="402" y="1971" width="87" height="63" />
        <cmp x="498" y="1978" width="37" height="42" />
        <cmp x="533" y="1955" width="33" height="61" />
        <cmp x="567" y="1973" width="48" height="45" />
      </word>
      <word id="g07-022a-07-01" tag="BEDZ" text="was">
        <cmp x="666" y="1965" width="58" height="50" />
        <cmp x="727" y="1975" width="49" height="43" />
        <cmp x="791" y="1980" width="35" height="43" />
      </word>
      <word id="g07-022a-07-02" tag="IN" text="in">
        <cmp x="838" y="1955" width="33" height="8" />
        <cmp x="865" y="1984" width="10" height="37" />
        <cmp x="886" y="1981" width="47" height="44" />
      </word>
      <word id="g07-022a-07-03" tag="CD1" text="one">
        <cmp x="992" y="1989" width="54" height="36" />
        <cmp x="1041" y="1989" width="56" height="37" />
        <cmp x="1103" y="1988" width="61" height="39" />
      </word>
      <word id="g07-022a-07-04" tag="INO" text="of">
        <cmp x="1213" y="1990" width="54" height="36" />
        <cmp x="1280" y="1961" width="31" height="80" />
      </word>
      <word id="g07-022a-07-05" tag="PP$" text="her">
        <cmp x="1346" y="1966" width="19" height="61" />
        <cmp x="1365" y="1990" width="34" height="41" />
        <cmp x="1410" y="1991" width="80" height="37" />
      </word>
      <word id="g07-022a-07-06" tag="JJT" text="worst">
        <cmp x="1535" y="1984" width="57" height="46" />
        <cmp x="1596" y="1995" width="50" height="32" />
        <cmp x="1648" y="1989" width="31" height="32" />
        <cmp x="1689" y="1990" width="36" height="41" />
        <cmp x="1724" y="1972" width="30" height="63" />
      </word>
      <word id="g07-022a-07-07" tag="NNS" text="states">
        <cmp x="1806" y="1968" width="65" height="68" />
        <cmp x="1873" y="1967" width="78" height="63" />
        <cmp x="1960" y="1988" width="56" height="40" />
        <cmp x="2021" y="1988" width="34" height="47" />
      </word>
      <word id="g07-022a-07-08" tag="INO" text="of">
        <cmp x="2110" y="1993" width="55" height="32" />
        <cmp x="2170" y="1962" width="36" height="91" />
      </word>
      <upper-contour>
        <point x="289" y="1867" />
        <point x="2156" y="1867" />
      </upper-contour>
      <lower-contour>
        <point x="297" y="2033" />
        <point x="747" y="2033" />
      </lower-contour>
    </line>
    <line ass="417" asx="0" asy="2126" character-width="999" dss="417" dsx="0" dsy="2219" fd0="13401" fd1="2743" fd2="-1798" filter-width="4" id="g07-022a-08" lbs="1190" lbx="0" lby="2203" segmentation="ok" slant="104000" stroke-width="5977" threshold="167" text="confusion." ubs="-1128" ubx="0" uby="2151">
      <word id="g07-022a-08-00" tag="NN" text="confusion">
        <cmp x="299" y="2151" width="48" height="45" />
        <cmp x="347" y="2160" width="103" height="39" />
        <cmp x="469" y="2124" width="26" height="93" />
        <cmp x="493" y="2155" width="49" height="48" />
        <cmp x="551" y="2163" width="38" height="46" />
        <cmp x="567" y="2138" width="31" height="8" />
        <cmp x="591" y="2163" width="11" height="32" />
        <cmp x="620" y="2155" width="93" height="38" />
      </word>
      <word id="g07-022a-08-01" tag="." text=".">
        <cmp x="735" y="2173" width="11" height="8" />
      </word>
      <upper-contour>
        <point x="297" y="2033" />
        <point x="747" y="2033" />
      </upper-contour>
    </line>
  </handwritten-part>
</form>

