<?xml version="1.0" encoding="ISO-8859-1"?>

<!DOCTYPE form SYSTEM 'http://www.iam.unibe.ch/~fki/iamdb/form-metadata.dtd'>

<form created="2002-01-24" height="3542" id="h01-010" last-modified="2002-07-17" skew="-30" status="final" version="3.0_beta" width="2479" writer-id="357">
  <machine-printed-part>
    <machine-print-line text="This is particularly important in estimating the trends in the size and pattern of" />
    <machine-print-line text="families for successive generations over as long a period as possible, as the proportion" />
    <machine-print-line text="of widows predominates in the higher age groups. In Wales and Monmouthshire the" />
    <machine-print-line text="question on the ability to speak Welsh was included as previously. The question was" />
    <machine-print-line text="first asked in 1891, and was given its present form in 1931." />
  </machine-printed-part>
  <handwritten-part>
    <line ass="172" asx="0" asy="708" character-width="999" dss="172" dsx="0" dsy="844" fd0="13220" fd1="3768" fd2="-38" filter-width="3" id="h01-010-00" lbs="239" lbx="0" lby="788" segmentation="err" slant="81000" stroke-width="5657" threshold="160" text="This is particularly important in estimating the trends" ubs="38" ubx="0" uby="758">
      <word id="h01-010-00-00" sentence-start="yes" tag="DT" text="This">
        <cmp x="347" y="707" width="63" height="78" />
        <cmp x="419" y="764" width="5" height="19" />
        <cmp x="421" y="742" width="6" height="11" />
        <cmp x="440" y="760" width="12" height="26" />
      </word>
      <word id="h01-010-00-01" tag="BEZ" text="is">
        <cmp x="509" y="759" width="7" height="25" />
        <cmp x="512" y="738" width="7" height="8" />
        <cmp x="526" y="762" width="13" height="30" />
      </word>
      <word id="h01-010-00-02" tag="RB" text="particularly">
        <cmp x="602" y="752" width="31" height="69" />
        <cmp x="632" y="760" width="50" height="29" />
        <cmp x="693" y="714" width="25" height="67" />
        <cmp x="716" y="751" width="7" height="6" />
        <cmp x="726" y="768" width="28" height="23" />
        <cmp x="756" y="766" width="19" height="22" />
        <cmp x="776" y="771" width="6" height="20" />
        <cmp x="791" y="723" width="52" height="67" />
        <cmp x="847" y="760" width="27" height="28" />
        <cmp x="878" y="719" width="37" height="62" />
        <cmp x="905" y="759" width="28" height="60" />
      </word>
      <word id="h01-010-00-03" tag="JJ" text="important">
        <cmp x="997" y="761" width="7" height="26" />
        <cmp x="1003" y="735" width="6" height="7" />
        <cmp x="1015" y="770" width="52" height="20" />
        <cmp x="1073" y="763" width="27" height="58" />
        <cmp x="1102" y="763" width="30" height="26" />
        <cmp x="1142" y="756" width="23" height="27" />
        <cmp x="1177" y="716" width="50" height="66" />
        <cmp x="1235" y="756" width="31" height="29" />
        <cmp x="1269" y="721" width="24" height="63" />
      </word>
      <word id="h01-010-00-04" tag="IN" text="in">
        <cmp x="1345" y="761" width="6" height="26" />
        <cmp x="1350" y="743" width="6" height="6" />
        <cmp x="1362" y="763" width="28" height="20" />
      </word>
      <word id="h01-010-00-05" tag="VBG" text="estimating">
        <cmp x="1446" y="750" width="43" height="34" />
        <cmp x="1492" y="752" width="20" height="35" />
        <cmp x="1522" y="714" width="25" height="68" />
        <cmp x="1545" y="749" width="7" height="7" />
        <cmp x="1560" y="761" width="84" height="22" />
        <cmp x="1648" y="716" width="32" height="66" />
        <cmp x="1680" y="742" width="7" height="9" />
        <cmp x="1691" y="765" width="27" height="19" />
        <cmp x="1725" y="763" width="46" height="76" />
      </word>
      <word id="h01-010-00-06" tag="ATI" text="the">
        <cmp x="1797" y="713" width="23" height="69" />
        <cmp x="1828" y="713" width="56" height="74" />
      </word>
      <word id="h01-010-00-07" tag="NNS" text="trends">
        <cmp x="1936" y="709" width="24" height="67" />
        <cmp x="1964" y="756" width="24" height="27" />
        <cmp x="1975" y="707" width="7" height="18" />
        <cmp x="1991" y="756" width="36" height="30" />
        <cmp x="2031" y="762" width="33" height="23" />
        <cmp x="2071" y="707" width="46" height="76" />
        <cmp x="2106" y="748" width="27" height="36" />
      </word>
      <lower-contour>
        <point x="345" y="839" />
        <point x="2003" y="839" />
      </lower-contour>
    </line>
    <line ass="-77" asx="0" asy="883" character-width="999" dss="-77" dsx="0" dsy="999" fd0="13377" fd1="3430" fd2="-250" filter-width="4" id="h01-010-01" lbs="-9" lbx="0" lby="963" segmentation="ok" slant="84000" stroke-width="5809" threshold="158" text="in the size and pattern of families for successive" ubs="-213" ubx="0" uby="934">
      <word id="h01-010-01-00" tag="IN" text="in">
        <cmp x="347" y="930" width="7" height="38" />
        <cmp x="351" y="911" width="7" height="7" />
        <cmp x="365" y="933" width="32" height="28" />
      </word>
      <word id="h01-010-01-01" tag="ATI" text="the">
        <cmp x="451" y="885" width="26" height="80" />
        <cmp x="484" y="884" width="62" height="83" />
      </word>
      <word id="h01-010-01-02" tag="NN" text="size">
        <cmp x="590" y="924" width="25" height="42" />
        <cmp x="622" y="916" width="7" height="7" />
        <cmp x="622" y="941" width="5" height="24" />
        <cmp x="638" y="934" width="56" height="38" />
      </word>
      <word id="h01-010-01-03" tag="CC" text="and">
        <cmp x="753" y="931" width="41" height="32" />
        <cmp x="800" y="932" width="33" height="32" />
        <cmp x="841" y="948" width="31" height="14" />
        <cmp x="867" y="891" width="16" height="62" />
      </word>
      <word id="h01-010-01-04" tag="NN" text="pattern">
        <cmp x="920" y="930" width="33" height="70" />
        <cmp x="957" y="937" width="29" height="24" />
        <cmp x="989" y="896" width="27" height="68" />
        <cmp x="1016" y="903" width="56" height="65" />
        <cmp x="1074" y="935" width="24" height="33" />
        <cmp x="1102" y="944" width="26" height="26" />
      </word>
      <word id="h01-010-01-05" tag="INO" text="of">
        <cmp x="1171" y="936" width="45" height="35" />
        <cmp x="1224" y="890" width="27" height="67" />
      </word>
      <word id="h01-010-01-06" tag="NNS" text="families">
        <cmp x="1305" y="887" width="49" height="78" />
        <cmp x="1365" y="941" width="53" height="26" />
        <cmp x="1422" y="950" width="7" height="15" />
        <cmp x="1427" y="926" width="6" height="8" />
        <cmp x="1440" y="900" width="18" height="69" />
        <cmp x="1461" y="945" width="7" height="16" />
        <cmp x="1467" y="925" width="6" height="7" />
        <cmp x="1476" y="939" width="57" height="37" />
      </word>
      <word id="h01-010-01-07" tag="IN" text="for">
        <cmp x="1596" y="888" width="45" height="79" />
        <cmp x="1646" y="941" width="19" height="20" />
      </word>
      <word id="h01-010-01-08" tag="JJ" text="successive">
        <cmp x="1710" y="932" width="27" height="44" />
        <cmp x="1748" y="933" width="29" height="31" />
        <cmp x="1779" y="937" width="31" height="30" />
        <cmp x="1810" y="935" width="65" height="32" />
        <cmp x="1876" y="934" width="40" height="34" />
        <cmp x="1918" y="946" width="7" height="21" />
        <cmp x="1928" y="922" width="6" height="7" />
        <cmp x="1936" y="942" width="30" height="27" />
        <cmp x="1966" y="947" width="36" height="22" />
      </word>
      <upper-contour>
        <point x="345" y="839" />
        <point x="2003" y="839" />
      </upper-contour>
      <lower-contour>
        <point x="345" y="1001" />
        <point x="2003" y="1001" />
      </lower-contour>
    </line>
    <line ass="217" asx="0" asy="1063" character-width="999" dss="217" dsx="0" dsy="1198" fd0="13236" fd1="2969" fd2="-423" filter-width="4" id="h01-010-02" lbs="161" lbx="0" lby="1147" segmentation="ok" slant="80000" stroke-width="5791" threshold="158" text="generations over as long a period as possible, as the" ubs="328" ubx="0" uby="1123">
      <word id="h01-010-02-00" tag="NNS" text="generations">
        <cmp x="336" y="1112" width="45" height="76" />
        <cmp x="368" y="1124" width="43" height="28" />
        <cmp x="412" y="1119" width="75" height="29" />
        <cmp x="487" y="1124" width="31" height="24" />
        <cmp x="531" y="1068" width="34" height="85" />
        <cmp x="557" y="1104" width="8" height="14" />
        <cmp x="573" y="1126" width="20" height="23" />
        <cmp x="599" y="1129" width="29" height="17" />
        <cmp x="640" y="1117" width="18" height="34" />
      </word>
      <word id="h01-010-02-01" tag="IN" text="over">
        <cmp x="723" y="1113" width="116" height="40" />
      </word>
      <word id="h01-010-02-02" tag="QL" text="as">
        <cmp x="890" y="1114" width="43" height="32" />
        <cmp x="938" y="1106" width="19" height="38" />
      </word>
      <word id="h01-010-02-03" tag="JJ" text="long">
        <cmp x="1010" y="1061" width="48" height="78" />
        <cmp x="1064" y="1117" width="27" height="22" />
        <cmp x="1095" y="1121" width="42" height="62" />
      </word>
      <word id="h01-010-02-04" tag="AT" text="a">
        <cmp x="1182" y="1122" width="38" height="24" />
      </word>
      <word id="h01-010-02-05" tag="NN" text="period">
        <cmp x="1265" y="1121" width="35" height="72" />
        <cmp x="1304" y="1118" width="35" height="29" />
        <cmp x="1342" y="1117" width="30" height="29" />
        <cmp x="1377" y="1125" width="7" height="17" />
        <cmp x="1383" y="1098" width="7" height="11" />
        <cmp x="1397" y="1067" width="84" height="78" />
      </word>
      <word id="h01-010-02-06" tag="CS" text="as">
        <cmp x="1524" y="1111" width="41" height="34" />
        <cmp x="1570" y="1111" width="19" height="35" />
      </word>
      <word id="h01-010-02-07" tag="JJ" text="possible">
        <cmp x="1624" y="1112" width="36" height="73" />
        <cmp x="1664" y="1115" width="33" height="26" />
        <cmp x="1697" y="1112" width="19" height="29" />
        <cmp x="1716" y="1116" width="13" height="28" />
        <cmp x="1738" y="1123" width="7" height="20" />
        <cmp x="1743" y="1101" width="8" height="7" />
        <cmp x="1763" y="1080" width="31" height="69" />
        <cmp x="1799" y="1073" width="42" height="73" />
      </word>
      <word id="h01-010-02-08" tag="," text=",">
        <cmp x="1848" y="1138" width="12" height="24" />
      </word>
      <word id="h01-010-02-09" tag="CS" text="as">
        <cmp x="1895" y="1109" width="35" height="30" />
        <cmp x="1929" y="1108" width="22" height="37" />
      </word>
      <word id="h01-010-02-10" tag="ATI" text="the">
        <cmp x="2018" y="1068" width="29" height="70" />
        <cmp x="2052" y="1062" width="61" height="85" />
      </word>
      <upper-contour>
        <point x="345" y="1001" />
        <point x="2003" y="1001" />
      </upper-contour>
      <lower-contour>
        <point x="334" y="1194" />
        <point x="2114" y="1194" />
      </lower-contour>
    </line>
    <line ass="440" asx="0" asy="1252" character-width="999" dss="440" dsx="0" dsy="1392" fd0="13417" fd1="3292" fd2="-311" filter-width="4" id="h01-010-03" lbs="537" lbx="0" lby="1331" segmentation="ok" slant="80000" stroke-width="5926" threshold="158" text="proportion of widows predominates in the higher age" ubs="244" ubx="0" uby="1298">
      <word id="h01-010-03-00" tag="NN" text="proportion">
        <cmp x="335" y="1285" width="28" height="77" />
        <cmp x="363" y="1293" width="31" height="32" />
        <cmp x="392" y="1296" width="27" height="28" />
        <cmp x="427" y="1293" width="24" height="65" />
        <cmp x="452" y="1305" width="27" height="26" />
        <cmp x="489" y="1301" width="20" height="25" />
        <cmp x="517" y="1253" width="30" height="75" />
        <cmp x="541" y="1288" width="7" height="9" />
        <cmp x="553" y="1304" width="22" height="24" />
        <cmp x="580" y="1309" width="29" height="20" />
      </word>
      <word id="h01-010-03-01" tag="INO" text="of">
        <cmp x="661" y="1291" width="42" height="32" />
        <cmp x="714" y="1253" width="25" height="68" />
      </word>
      <word id="h01-010-03-02" tag="NNS" text="widows">
        <cmp x="786" y="1284" width="55" height="33" />
        <cmp x="848" y="1301" width="8" height="14" />
        <cmp x="853" y="1277" width="6" height="7" />
        <cmp x="865" y="1250" width="70" height="73" />
        <cmp x="941" y="1295" width="50" height="30" />
        <cmp x="990" y="1293" width="24" height="35" />
      </word>
      <word id="h01-010-03-03" tag="VBZ" text="predominates">
        <cmp x="1067" y="1296" width="31" height="68" />
        <cmp x="1104" y="1294" width="57" height="31" />
        <cmp x="1163" y="1252" width="57" height="74" />
        <cmp x="1209" y="1298" width="37" height="26" />
        <cmp x="1253" y="1299" width="54" height="23" />
        <cmp x="1312" y="1308" width="6" height="13" />
        <cmp x="1317" y="1278" width="7" height="6" />
        <cmp x="1331" y="1300" width="32" height="22" />
        <cmp x="1367" y="1293" width="31" height="30" />
        <cmp x="1405" y="1244" width="47" height="70" />
        <cmp x="1453" y="1284" width="18" height="32" />
      </word>
      <word id="h01-010-03-04" tag="IN" text="in">
        <cmp x="1524" y="1291" width="7" height="28" />
        <cmp x="1529" y="1273" width="6" height="7" />
        <cmp x="1542" y="1300" width="34" height="21" />
      </word>
      <word id="h01-010-03-05" tag="ATI" text="the">
        <cmp x="1643" y="1243" width="27" height="77" />
        <cmp x="1673" y="1243" width="61" height="74" />
      </word>
      <word id="h01-010-03-06" tag="JJR" text="higher">
        <cmp x="1789" y="1240" width="33" height="82" />
        <cmp x="1830" y="1299" width="5" height="21" />
        <cmp x="1835" y="1283" width="7" height="5" />
        <cmp x="1843" y="1298" width="44" height="80" />
        <cmp x="1883" y="1245" width="70" height="78" />
      </word>
      <word id="h01-010-03-07" tag="NN" text="age">
        <cmp x="2012" y="1285" width="38" height="34" />
        <cmp x="2056" y="1288" width="32" height="81" />
        <cmp x="2083" y="1297" width="36" height="28" />
      </word>
      <upper-contour>
        <point x="334" y="1194" />
        <point x="2114" y="1194" />
      </upper-contour>
      <lower-contour>
        <point x="333" y="1378" />
        <point x="2082" y="1378" />
      </lower-contour>
    </line>
    <line ass="60" asx="0" asy="1414" character-width="999" dss="60" dsx="0" dsy="1551" fd0="12988" fd1="3253" fd2="-351" filter-width="3" id="h01-010-04" lbs="52" lbx="0" lby="1502" segmentation="ok" slant="82000" stroke-width="5581" threshold="156" text="groups. In Wales and Monmouthshire the question" ubs="76" ubx="0" uby="1473">
      <word id="h01-010-04-00" tag="NNS" text="groups">
        <cmp x="335" y="1467" width="42" height="77" />
        <cmp x="374" y="1467" width="20" height="28" />
        <cmp x="396" y="1469" width="39" height="31" />
        <cmp x="435" y="1473" width="25" height="23" />
        <cmp x="462" y="1475" width="33" height="57" />
        <cmp x="497" y="1465" width="20" height="32" />
      </word>
      <word id="h01-010-04-01" tag="." text=".">
        <cmp x="531" y="1494" width="7" height="8" />
      </word>
      <word id="h01-010-04-02" sentence-start="yes" tag="IN" text="In">
        <cmp x="590" y="1422" width="54" height="86" />
        <cmp x="644" y="1476" width="34" height="25" />
      </word>
      <word id="h01-010-04-03" tag="NP" text="Wales">
        <cmp x="735" y="1419" width="62" height="80" />
        <cmp x="794" y="1464" width="34" height="26" />
        <cmp x="836" y="1431" width="44" height="73" />
        <cmp x="882" y="1472" width="17" height="34" />
      </word>
      <word id="h01-010-04-04" tag="CC" text="and">
        <cmp x="959" y="1472" width="39" height="31" />
        <cmp x="1010" y="1417" width="89" height="86" />
      </word>
      <word id="h01-010-04-05" tag="NP" text="Monmouthshire">
        <cmp x="1171" y="1422" width="79" height="77" />
        <cmp x="1254" y="1472" width="29" height="29" />
        <cmp x="1289" y="1475" width="56" height="28" />
        <cmp x="1347" y="1476" width="24" height="25" />
        <cmp x="1375" y="1473" width="32" height="21" />
        <cmp x="1414" y="1424" width="25" height="77" />
        <cmp x="1443" y="1433" width="27" height="68" />
        <cmp x="1472" y="1474" width="27" height="34" />
        <cmp x="1513" y="1423" width="33" height="81" />
        <cmp x="1553" y="1482" width="6" height="19" />
        <cmp x="1555" y="1452" width="7" height="9" />
        <cmp x="1566" y="1472" width="17" height="31" />
        <cmp x="1592" y="1476" width="38" height="27" />
      </word>
      <word id="h01-010-04-06" tag="ATI" text="the">
        <cmp x="1681" y="1414" width="31" height="85" />
        <cmp x="1714" y="1426" width="57" height="77" />
      </word>
      <word id="h01-010-04-07" tag="NN" text="question">
        <cmp x="1827" y="1470" width="36" height="80" />
        <cmp x="1874" y="1463" width="21" height="35" />
        <cmp x="1896" y="1469" width="43" height="35" />
        <cmp x="1939" y="1468" width="28" height="44" />
        <cmp x="1973" y="1421" width="30" height="79" />
        <cmp x="2007" y="1454" width="8" height="8" />
        <cmp x="2012" y="1471" width="26" height="24" />
        <cmp x="2050" y="1473" width="31" height="24" />
      </word>
      <upper-contour>
        <point x="333" y="1378" />
        <point x="2082" y="1378" />
      </upper-contour>
      <lower-contour>
        <point x="338" y="1551" />
        <point x="1996" y="1551" />
      </lower-contour>
    </line>
    <line ass="-144" asx="0" asy="1589" character-width="999" dss="-144" dsx="0" dsy="1723" fd0="12913" fd1="3416" fd2="-177" filter-width="3" id="h01-010-05" lbs="-133" lbx="0" lby="1680" segmentation="ok" slant="82000" stroke-width="5608" threshold="154" text="on the ability to speak Welsh was included as" ubs="-166" ubx="0" uby="1650">
      <word id="h01-010-05-00" tag="IN" text="on">
        <cmp x="340" y="1651" width="37" height="31" />
        <cmp x="384" y="1655" width="35" height="30" />
      </word>
      <word id="h01-010-05-01" tag="ATI" text="the">
        <cmp x="480" y="1595" width="31" height="91" />
        <cmp x="517" y="1602" width="62" height="81" />
      </word>
      <word id="h01-010-05-02" tag="NN" text="ability">
        <cmp x="630" y="1654" width="32" height="31" />
        <cmp x="676" y="1596" width="27" height="84" />
        <cmp x="711" y="1663" width="10" height="22" />
        <cmp x="721" y="1635" width="7" height="10" />
        <cmp x="739" y="1608" width="17" height="75" />
        <cmp x="761" y="1663" width="8" height="17" />
        <cmp x="766" y="1635" width="5" height="7" />
        <cmp x="785" y="1611" width="59" height="116" />
      </word>
      <word id="h01-010-05-03" tag="TO" text="to">
        <cmp x="873" y="1603" width="57" height="80" />
      </word>
      <word id="h01-010-05-04" tag="VB" text="speak">
        <cmp x="972" y="1646" width="26" height="41" />
        <cmp x="998" y="1651" width="29" height="64" />
        <cmp x="1029" y="1657" width="59" height="27" />
        <cmp x="1095" y="1599" width="31" height="84" />
      </word>
      <word id="h01-010-05-05" tag="NNP" text="Welsh">
        <cmp x="1193" y="1593" width="68" height="81" />
        <cmp x="1257" y="1646" width="44" height="34" />
        <cmp x="1301" y="1605" width="44" height="76" />
        <cmp x="1355" y="1593" width="27" height="92" />
      </word>
      <word id="h01-010-05-06" tag="BEDZ" text="was">
        <cmp x="1434" y="1646" width="71" height="37" />
        <cmp x="1509" y="1654" width="31" height="31" />
        <cmp x="1548" y="1651" width="16" height="35" />
      </word>
      <word id="h01-010-05-07" tag="VBN" text="included">
        <cmp x="1606" y="1657" width="9" height="28" />
        <cmp x="1617" y="1630" width="3" height="5" />
        <cmp x="1623" y="1661" width="33" height="30" />
        <cmp x="1660" y="1660" width="37" height="33" />
        <cmp x="1699" y="1610" width="20" height="81" />
        <cmp x="1721" y="1664" width="22" height="21" />
        <cmp x="1744" y="1663" width="7" height="16" />
        <cmp x="1754" y="1663" width="37" height="22" />
        <cmp x="1788" y="1609" width="105" height="76" />
      </word>
      <word id="h01-010-05-08" tag="CS" text="as">
        <cmp x="1919" y="1655" width="35" height="31" />
        <cmp x="1965" y="1646" width="30" height="42" />
      </word>
      <upper-contour>
        <point x="338" y="1551" />
        <point x="1996" y="1551" />
      </upper-contour>
      <lower-contour>
        <point x="341" y="1727" />
        <point x="1996" y="1727" />
      </lower-contour>
    </line>
    <line ass="128" asx="0" asy="1771" character-width="999" dss="128" dsx="0" dsy="1902" fd0="13599" fd1="3422" fd2="-465" filter-width="4" id="h01-010-06" lbs="56" lbx="0" lby="1860" segmentation="ok" slant="81000" stroke-width="5955" threshold="157" text="previously. The question was first asked in 1891, and" ubs="273" ubx="0" uby="1834">
      <word id="h01-010-06-00" tag="RB" text="previously">
        <cmp x="343" y="1817" width="27" height="74" />
        <cmp x="379" y="1824" width="22" height="36" />
        <cmp x="395" y="1829" width="41" height="31" />
        <cmp x="441" y="1819" width="27" height="32" />
        <cmp x="475" y="1835" width="7" height="19" />
        <cmp x="478" y="1812" width="8" height="9" />
        <cmp x="487" y="1833" width="35" height="28" />
        <cmp x="523" y="1837" width="23" height="23" />
        <cmp x="548" y="1835" width="8" height="26" />
        <cmp x="556" y="1831" width="24" height="35" />
        <cmp x="589" y="1789" width="18" height="77" />
        <cmp x="609" y="1837" width="12" height="21" />
        <cmp x="615" y="1836" width="27" height="61" />
      </word>
      <word id="h01-010-06-01" tag="." text=".">
        <cmp x="649" y="1849" width="8" height="7" />
      </word>
      <word id="h01-010-06-02" sentence-start="yes" tag="ATI" text="The">
        <cmp x="703" y="1784" width="106" height="76" />
      </word>
      <word id="h01-010-06-03" tag="NN" text="question">
        <cmp x="855" y="1822" width="35" height="79" />
        <cmp x="896" y="1823" width="68" height="41" />
        <cmp x="966" y="1830" width="12" height="36" />
        <cmp x="991" y="1778" width="28" height="80" />
        <cmp x="1022" y="1822" width="8" height="6" />
        <cmp x="1031" y="1834" width="28" height="24" />
        <cmp x="1063" y="1834" width="41" height="28" />
      </word>
      <word id="h01-010-06-04" tag="BEDZ" text="was">
        <cmp x="1149" y="1815" width="56" height="44" />
        <cmp x="1209" y="1830" width="32" height="25" />
        <cmp x="1247" y="1829" width="19" height="32" />
      </word>
      <word id="h01-010-06-05" tag="RB" text="first">
        <cmp x="1340" y="1769" width="43" height="86" />
        <cmp x="1376" y="1811" width="7" height="8" />
        <cmp x="1378" y="1833" width="23" height="27" />
        <cmp x="1403" y="1828" width="21" height="33" />
        <cmp x="1430" y="1786" width="26" height="78" />
      </word>
      <word id="h01-010-06-06" tag="VBN" text="asked">
        <cmp x="1495" y="1831" width="49" height="32" />
        <cmp x="1548" y="1827" width="18" height="35" />
        <cmp x="1573" y="1789" width="35" height="71" />
        <cmp x="1594" y="1779" width="104" height="82" />
      </word>
      <word id="h01-010-06-07" tag="IN" text="in">
        <cmp x="1732" y="1838" width="8" height="27" />
        <cmp x="1746" y="1813" width="6" height="6" />
        <cmp x="1759" y="1837" width="38" height="27" />
      </word>
      <word id="h01-010-06-08" tag="CD" text="1891">
        <cmp x="1854" y="1783" width="64" height="83" />
        <cmp x="1910" y="1784" width="43" height="71" />
        <cmp x="1955" y="1791" width="68" height="68" />
      </word>
      <word id="h01-010-06-09" tag="," text=",">
        <cmp x="2024" y="1864" width="16" height="27" />
      </word>
      <word id="h01-010-06-10" tag="CC" text="and">
        <cmp x="2070" y="1824" width="40" height="36" />
        <cmp x="2115" y="1828" width="32" height="33" />
        <cmp x="2147" y="1837" width="21" height="19" />
        <cmp x="2173" y="1781" width="28" height="63" />
      </word>
      <upper-contour>
        <point x="341" y="1727" />
        <point x="1996" y="1727" />
      </upper-contour>
      <lower-contour>
        <point x="341" y="1901" />
        <point x="1740" y="1901" />
      </lower-contour>
    </line>
    <line ass="-138" asx="0" asy="1959" character-width="999" dss="-138" dsx="0" dsy="2087" fd0="13761" fd1="3286" fd2="2" filter-width="4" id="h01-010-07" lbs="-60" lbx="0" lby="2037" segmentation="ok" slant="79000" stroke-width="5758" threshold="158" text="was given its present form in 1931." ubs="-293" ubx="0" uby="2005">
      <word id="h01-010-07-00" tag="BEDZ" text="was">
        <cmp x="339" y="1990" width="73" height="47" />
        <cmp x="412" y="2003" width="31" height="32" />
        <cmp x="452" y="2001" width="16" height="35" />
      </word>
      <word id="h01-010-07-01" tag="VBN" text="given">
        <cmp x="541" y="2004" width="53" height="86" />
        <cmp x="594" y="2007" width="8" height="34" />
        <cmp x="597" y="1984" width="7" height="6" />
        <cmp x="614" y="2006" width="29" height="27" />
        <cmp x="643" y="2011" width="37" height="27" />
        <cmp x="678" y="2018" width="35" height="22" />
      </word>
      <word id="h01-010-07-02" tag="PP$" text="its">
        <cmp x="774" y="2012" width="9" height="32" />
        <cmp x="781" y="1981" width="8" height="6" />
        <cmp x="806" y="1962" width="48" height="79" />
      </word>
      <word id="h01-010-07-03" tag="JJ" text="present">
        <cmp x="893" y="2017" width="32" height="68" />
        <cmp x="930" y="2011" width="28" height="34" />
        <cmp x="954" y="2009" width="85" height="34" />
        <cmp x="1041" y="2020" width="33" height="21" />
        <cmp x="1079" y="1967" width="29" height="77" />
      </word>
      <word id="h01-010-07-04" tag="NN" text="form">
        <cmp x="1189" y="1962" width="63" height="80" />
        <cmp x="1255" y="2015" width="17" height="19" />
        <cmp x="1280" y="2015" width="56" height="20" />
      </word>
      <word id="h01-010-07-05" tag="IN" text="in">
        <cmp x="1421" y="2005" width="8" height="23" />
        <cmp x="1430" y="1970" width="6" height="6" />
        <cmp x="1443" y="2006" width="39" height="28" />
      </word>
      <word id="h01-010-07-06" tag="CD" text="1931">
        <cmp x="1569" y="1963" width="52" height="74" />
        <cmp x="1621" y="1966" width="40" height="76" />
        <cmp x="1664" y="1968" width="28" height="73" />
        <cmp x="1697" y="1974" width="33" height="73" />
      </word>
      <word id="h01-010-07-07" tag="." text=".">
        <cmp x="1734" y="2033" width="6" height="6" />
      </word>
      <upper-contour>
        <point x="341" y="1901" />
        <point x="1740" y="1901" />
      </upper-contour>
    </line>
  </handwritten-part>
</form>

