<?xml version="1.0" encoding="ISO-8859-1"?>

<!DOCTYPE form SYSTEM 'http://www.iam.unibe.ch/~fki/iamdb/form-metadata.dtd'>

<form created="2002-01-24" height="3542" id="h01-027" last-modified="2002-07-17" skew="-30" status="final" version="3.0_beta" width="2479" writer-id="360">
  <machine-printed-part>
    <machine-print-line text="Previously, while visitors were left out of this analysis it was not considered sufficiently" />
    <machine-print-line text="important to attempt the task of bringing in the members away from home on Census" />
    <machine-print-line text="night, which would be very laborious in the absence of information given at their place" />
    <machine-print-line text="of usual residence. But the need for a more accurate distribution of households by" />
    <machine-print-line text="size as usually constituted had become more important by 1961, and accordingly a" />
    <machine-print-line text="new question was introduced, for private households only, asking for particulars of" />
    <machine-print-line text="persons usually living in the household who were absent on Census night." />
  </machine-printed-part>
  <handwritten-part>
    <line ass="-573" asx="0" asy="821" character-width="999" dss="-573" dsx="0" dsy="966" fd0="10504" fd1="2171" fd2="-518" filter-width="5" id="h01-027-00" lbs="-568" lbx="0" lby="909" segmentation="ok" slant="75000" stroke-width="8264" threshold="148" text="Previously, while visitors were left out of this" ubs="-583" ubx="0" uby="875">
      <word id="h01-027-00-00" sentence-start="yes" tag="RB" text="Previously">
        <cmp x="331" y="846" width="49" height="65" />
        <cmp x="369" y="881" width="29" height="29" />
        <cmp x="399" y="874" width="37" height="39" />
        <cmp x="438" y="880" width="51" height="38" />
        <cmp x="495" y="874" width="131" height="51" />
        <cmp x="497" y="836" width="9" height="15" />
        <cmp x="622" y="883" width="70" height="91" />
        <cmp x="633" y="838" width="24" height="81" />
      </word>
      <word id="h01-027-00-01" tag="," text=",">
        <cmp x="707" y="905" width="21" height="27" />
      </word>
      <word id="h01-027-00-02" tag="CS" text="while">
        <cmp x="769" y="875" width="52" height="39" />
        <cmp x="826" y="844" width="62" height="79" />
        <cmp x="894" y="844" width="8" height="16" />
        <cmp x="894" y="831" width="32" height="94" />
        <cmp x="911" y="876" width="31" height="44" />
      </word>
      <word id="h01-027-00-03" tag="NNS" text="visitors">
        <cmp x="1018" y="886" width="49" height="29" />
        <cmp x="1075" y="849" width="10" height="18" />
        <cmp x="1081" y="886" width="23" height="32" />
        <cmp x="1119" y="889" width="11" height="25" />
        <cmp x="1130" y="857" width="10" height="13" />
        <cmp x="1142" y="853" width="33" height="65" />
        <cmp x="1173" y="885" width="98" height="38" />
      </word>
      <word id="h01-027-00-04" tag="BED" text="were">
        <cmp x="1317" y="882" width="164" height="40" />
      </word>
      <word id="h01-027-00-05" tag="VBN" text="left">
        <cmp x="1510" y="853" width="61" height="78" />
        <cmp x="1570" y="851" width="41" height="102" />
        <cmp x="1613" y="857" width="27" height="69" />
      </word>
      <word id="h01-027-00-06" tag="RP" text="out">
        <cmp x="1684" y="882" width="88" height="38" />
        <cmp x="1790" y="852" width="27" height="68" />
      </word>
      <word id="h01-027-00-07" tag="INO" text="of">
        <cmp x="1850" y="852" width="73" height="114" />
      </word>
      <word id="h01-027-00-08" tag="DT" text="this">
        <cmp x="1949" y="871" width="36" height="60" />
        <cmp x="1983" y="866" width="69" height="62" />
        <cmp x="2061" y="851" width="8" height="23" />
        <cmp x="2066" y="889" width="29" height="44" />
      </word>
      <lower-contour>
        <point x="341" y="974" />
        <point x="2065" y="974" />
      </lower-contour>
    </line>
    <line ass="-907" asx="0" asy="998" character-width="999" dss="-907" dsx="0" dsy="1127" fd0="10481" fd1="2295" fd2="-624" filter-width="5" id="h01-027-01" lbs="-984" lbx="0" lby="1080" segmentation="ok" slant="70000" stroke-width="8460" threshold="148" text="analysis it was not considered sufficiently" ubs="-753" ubx="0" uby="1051">
      <word id="h01-027-01-00" tag="NN" text="analysis">
        <cmp x="343" y="1048" width="89" height="40" />
        <cmp x="441" y="1056" width="31" height="35" />
        <cmp x="487" y="1026" width="18" height="72" />
        <cmp x="495" y="1070" width="50" height="65" />
        <cmp x="505" y="1063" width="17" height="24" />
        <cmp x="558" y="1061" width="24" height="33" />
        <cmp x="587" y="1065" width="13" height="29" />
        <cmp x="601" y="1026" width="10" height="17" />
        <cmp x="612" y="1066" width="17" height="34" />
      </word>
      <word id="h01-027-01-01" tag="PP3" text="it">
        <cmp x="691" y="1069" width="13" height="30" />
        <cmp x="705" y="1038" width="9" height="14" />
        <cmp x="720" y="1029" width="26" height="65" />
      </word>
      <word id="h01-027-01-02" tag="BEDZ" text="was">
        <cmp x="800" y="1061" width="130" height="43" />
      </word>
      <word id="h01-027-01-03" tag="XNOT" text="not">
        <cmp x="985" y="1060" width="36" height="36" />
        <cmp x="1028" y="1062" width="25" height="37" />
        <cmp x="1064" y="1032" width="31" height="73" />
      </word>
      <word id="h01-027-01-04" tag="VBN" text="considered">
        <cmp x="1163" y="1062" width="169" height="43" />
        <cmp x="1338" y="1078" width="11" height="21" />
        <cmp x="1350" y="1046" width="9" height="12" />
        <cmp x="1359" y="1049" width="53" height="59" />
        <cmp x="1405" y="1045" width="149" height="64" />
      </word>
      <word id="h01-027-01-05" tag="RB" text="sufficiently">
        <cmp x="1629" y="1064" width="33" height="37" />
        <cmp x="1665" y="1066" width="50" height="34" />
        <cmp x="1718" y="1032" width="77" height="94" />
        <cmp x="1811" y="1071" width="46" height="31" />
        <cmp x="1812" y="1027" width="11" height="20" />
        <cmp x="1870" y="1061" width="83" height="45" />
        <cmp x="1871" y="1037" width="9" height="12" />
        <cmp x="1959" y="1038" width="39" height="69" />
        <cmp x="1990" y="1041" width="37" height="70" />
        <cmp x="1990" y="1074" width="74" height="80" />
        <cmp x="2020" y="1074" width="16" height="24" />
      </word>
      <upper-contour>
        <point x="341" y="974" />
        <point x="2065" y="974" />
      </upper-contour>
      <lower-contour>
        <point x="341" y="1155" />
        <point x="2065" y="1155" />
      </lower-contour>
    </line>
    <line ass="-496" asx="0" asy="1189" character-width="999" dss="-496" dsx="0" dsy="1325" fd0="8521" fd1="1572" fd2="-343" filter-width="6" id="h01-027-02" lbs="-508" lbx="0" lby="1277" segmentation="ok" slant="68000" stroke-width="9001" threshold="147" text="important to attempt the task of bringing" ubs="-472" ubx="0" uby="1242">
      <word id="h01-027-02-00" tag="JJ" text="important">
        <cmp x="340" y="1242" width="12" height="33" />
        <cmp x="357" y="1204" width="9" height="15" />
        <cmp x="363" y="1239" width="107" height="79" />
        <cmp x="475" y="1202" width="111" height="87" />
        <cmp x="593" y="1245" width="90" height="33" />
        <cmp x="691" y="1202" width="37" height="83" />
      </word>
      <word id="h01-027-02-01" tag="TO" text="to">
        <cmp x="793" y="1210" width="35" height="62" />
        <cmp x="825" y="1238" width="34" height="38" />
      </word>
      <word id="h01-027-02-02" tag="VB" text="attempt">
        <cmp x="897" y="1246" width="37" height="35" />
        <cmp x="945" y="1203" width="57" height="87" />
        <cmp x="990" y="1249" width="153" height="73" />
        <cmp x="1150" y="1213" width="42" height="78" />
      </word>
      <word id="h01-027-02-03" tag="ATI" text="the">
        <cmp x="1254" y="1218" width="112" height="69" />
      </word>
      <word id="h01-027-02-04" tag="NN" text="task">
        <cmp x="1412" y="1215" width="116" height="70" />
        <cmp x="1532" y="1215" width="40" height="62" />
      </word>
      <word id="h01-027-02-05" tag="INO" text="of">
        <cmp x="1620" y="1203" width="96" height="123" />
      </word>
      <word id="h01-027-02-06" tag="VBG" text="bringing">
        <cmp x="1759" y="1219" width="47" height="70" />
        <cmp x="1807" y="1256" width="58" height="31" />
        <cmp x="1874" y="1232" width="9" height="13" />
        <cmp x="1874" y="1270" width="33" height="20" />
        <cmp x="1901" y="1270" width="50" height="69" />
        <cmp x="1972" y="1264" width="15" height="27" />
        <cmp x="1997" y="1233" width="9" height="9" />
        <cmp x="2001" y="1269" width="38" height="22" />
        <cmp x="2029" y="1263" width="68" height="81" />
      </word>
      <upper-contour>
        <point x="341" y="1155" />
        <point x="2065" y="1155" />
      </upper-contour>
      <lower-contour>
        <point x="338" y="1344" />
        <point x="2098" y="1344" />
      </lower-contour>
    </line>
    <line ass="-385" asx="0" asy="1375" character-width="999" dss="-385" dsx="0" dsy="1493" fd0="7441" fd1="1287" fd2="-390" filter-width="6" id="h01-027-03" lbs="-345" lbx="0" lby="1449" segmentation="ok" slant="68000" stroke-width="9079" threshold="145" text="in the members away from home on Census" ubs="-465" ubx="0" uby="1416">
      <word id="h01-027-03-00" tag="RP" text="in">
        <cmp x="338" y="1415" width="13" height="35" />
        <cmp x="352" y="1386" width="10" height="16" />
        <cmp x="366" y="1417" width="38" height="28" />
      </word>
      <word id="h01-027-03-01" tag="ATI" text="the">
        <cmp x="479" y="1386" width="107" height="67" />
      </word>
      <word id="h01-027-03-02" tag="NNS" text="members">
        <cmp x="648" y="1420" width="169" height="35" />
        <cmp x="828" y="1397" width="35" height="64" />
        <cmp x="870" y="1418" width="93" height="38" />
      </word>
      <word id="h01-027-03-03" tag="RP" text="away">
        <cmp x="1021" y="1421" width="166" height="39" />
        <cmp x="1183" y="1420" width="53" height="81" />
      </word>
      <word id="h01-027-03-04" tag="IN" text="from">
        <cmp x="1288" y="1404" width="172" height="69" />
      </word>
      <word id="h01-027-03-05" tag="NR" text="home">
        <cmp x="1532" y="1410" width="42" height="51" />
        <cmp x="1575" y="1433" width="113" height="33" />
        <cmp x="1699" y="1426" width="38" height="35" />
      </word>
      <word id="h01-027-03-06" tag="IN" text="on">
        <cmp x="1788" y="1422" width="102" height="31" />
      </word>
      <word id="h01-027-03-07" tag="NN" text="Census">
        <cmp x="1949" y="1388" width="74" height="69" />
        <cmp x="2008" y="1412" width="90" height="52" />
        <cmp x="2097" y="1432" width="48" height="36" />
        <cmp x="2151" y="1433" width="26" height="45" />
      </word>
      <upper-contour>
        <point x="338" y="1344" />
        <point x="2098" y="1344" />
      </upper-contour>
      <lower-contour>
        <point x="336" y="1502" />
        <point x="2125" y="1502" />
      </lower-contour>
    </line>
    <line ass="-153" asx="0" asy="1559" character-width="999" dss="-153" dsx="0" dsy="1693" fd0="9443" fd1="1796" fd2="-143" filter-width="6" id="h01-027-04" lbs="-61" lbx="0" lby="1641" segmentation="err" slant="70000" stroke-width="8789" threshold="145" text="night, which would be very laborious in the" ubs="-336" ubx="0" uby="1599">
      <word id="h01-027-04-00" tag="NN" text="night">
        <cmp x="325" y="1593" width="84" height="40" />
        <cmp x="393" y="1603" width="56" height="77" />
        <cmp x="420" y="1562" width="10" height="13" />
        <cmp x="462" y="1568" width="36" height="63" />
        <cmp x="512" y="1562" width="33" height="67" />
      </word>
      <word id="h01-027-04-01" tag="," text=",">
        <cmp x="546" y="1623" width="24" height="30" />
      </word>
      <word id="h01-027-04-02" tag="WDT" text="which">
        <cmp x="607" y="1599" width="64" height="40" />
        <cmp x="676" y="1566" width="59" height="72" />
        <cmp x="745" y="1571" width="11" height="17" />
        <cmp x="749" y="1567" width="82" height="75" />
      </word>
      <word id="h01-027-04-03" tag="MD" text="would">
        <cmp x="929" y="1600" width="152" height="43" />
        <cmp x="1090" y="1562" width="37" height="87" />
        <cmp x="1120" y="1573" width="58" height="72" />
      </word>
      <word id="h01-027-04-04" tag="BE" text="be">
        <cmp x="1235" y="1586" width="30" height="57" />
        <cmp x="1266" y="1604" width="35" height="36" />
      </word>
      <word id="h01-027-04-05" tag="QL" text="very">
        <cmp x="1358" y="1603" width="173" height="94" />
      </word>
      <word id="h01-027-04-06" tag="JJ" text="laborious">
        <cmp x="1600" y="1570" width="39" height="73" />
        <cmp x="1615" y="1614" width="36" height="34" />
        <cmp x="1674" y="1574" width="39" height="72" />
        <cmp x="1728" y="1612" width="109" height="34" />
        <cmp x="1836" y="1609" width="153" height="44" />
        <cmp x="1848" y="1587" width="9" height="10" />
      </word>
      <word id="h01-027-04-07" tag="IN" text="in">
        <cmp x="2047" y="1614" width="17" height="28" />
        <cmp x="2070" y="1588" width="11" height="14" />
      </word>
      <word id="h01-027-04-08" tag="ATI" text="the">
        <cmp x="2076" y="1621" width="48" height="24" />
      </word>
      <upper-contour>
        <point x="336" y="1502" />
        <point x="2125" y="1502" />
      </upper-contour>
      <lower-contour>
        <point x="323" y="1698" />
        <point x="2125" y="1698" />
      </lower-contour>
    </line>
    <line ass="-454" asx="0" asy="1727" character-width="999" dss="-454" dsx="0" dsy="1860" fd0="7277" fd1="1296" fd2="-335" filter-width="6" id="h01-027-05" lbs="-420" lbx="0" lby="1814" segmentation="ok" slant="64000" stroke-width="9139" threshold="146" text="absence of information given at their place" ubs="-521" ubx="0" uby="1779">
      <word id="h01-027-05-00" tag="NN" text="absence">
        <cmp x="318" y="1770" width="39" height="37" />
        <cmp x="368" y="1733" width="36" height="79" />
        <cmp x="413" y="1779" width="23" height="36" />
        <cmp x="442" y="1776" width="91" height="40" />
        <cmp x="535" y="1783" width="75" height="46" />
      </word>
      <word id="h01-027-05-01" tag="INO" text="of">
        <cmp x="663" y="1733" width="97" height="115" />
      </word>
      <word id="h01-027-05-02" tag="NN" text="information">
        <cmp x="813" y="1791" width="16" height="17" />
        <cmp x="832" y="1795" width="40" height="19" />
        <cmp x="833" y="1761" width="11" height="14" />
        <cmp x="881" y="1741" width="221" height="112" />
        <cmp x="1113" y="1756" width="47" height="67" />
        <cmp x="1161" y="1799" width="81" height="33" />
        <cmp x="1170" y="1762" width="12" height="20" />
      </word>
      <word id="h01-027-05-03" tag="VBN" text="given">
        <cmp x="1296" y="1794" width="60" height="78" />
        <cmp x="1364" y="1803" width="13" height="17" />
        <cmp x="1392" y="1788" width="133" height="37" />
        <cmp x="1395" y="1759" width="11" height="20" />
      </word>
      <word id="h01-027-05-04" tag="IN" text="at">
        <cmp x="1576" y="1792" width="46" height="31" />
        <cmp x="1637" y="1748" width="48" height="73" />
      </word>
      <word id="h01-027-05-05" tag="PP$" text="their">
        <cmp x="1736" y="1764" width="157" height="66" />
        <cmp x="1905" y="1797" width="33" height="24" />
        <cmp x="1912" y="1758" width="12" height="18" />
      </word>
      <word id="h01-027-05-06" tag="NN" text="place">
        <cmp x="1975" y="1790" width="61" height="67" />
        <cmp x="2047" y="1755" width="40" height="68" />
        <cmp x="2062" y="1795" width="42" height="32" />
        <cmp x="2108" y="1795" width="35" height="31" />
        <cmp x="2145" y="1791" width="41" height="45" />
      </word>
      <upper-contour>
        <point x="323" y="1698" />
        <point x="2125" y="1698" />
      </upper-contour>
      <lower-contour>
        <point x="316" y="1872" />
        <point x="2148" y="1872" />
      </lower-contour>
    </line>
    <line ass="-159" asx="0" asy="1914" character-width="999" dss="-159" dsx="0" dsy="2029" fd0="9138" fd1="1642" fd2="-384" filter-width="6" id="h01-027-06" lbs="-135" lbx="0" lby="1999" segmentation="ok" slant="66000" stroke-width="8839" threshold="147" text="of usual residence (n log n). But the need" ubs="-206" ubx="0" uby="1966">
      <word id="h01-027-06-00" tag="INO" text="of">
        <cmp x="304" y="1917" width="84" height="112" />
      </word>
      <word id="h01-027-06-01" tag="JJ" text="usual">
        <cmp x="435" y="1956" width="92" height="42" />
        <cmp x="533" y="1958" width="41" height="35" />
        <cmp x="582" y="1962" width="41" height="32" />
        <cmp x="628" y="1926" width="36" height="76" />
      </word>
      <word id="h01-027-06-02" tag="NN" text="residence">
        <cmp x="727" y="1959" width="100" height="40" />
        <cmp x="837" y="1965" width="21" height="29" />
        <cmp x="861" y="1936" width="11" height="10" />
        <cmp x="864" y="1928" width="151" height="77" />
        <cmp x="1026" y="1963" width="69" height="44" />
      </word>
      <word id="h01-027-06-03" tag="(" text="(">
        <cmp x="1160" y="1922" width="52" height="85" />
      </word>
      <word id="h01-027-06-04" tag="&amp;FO" text="n log n">
        <cmp x="1196" y="1964" width="41" height="33" />
        <cmp x="1267" y="1936" width="29" height="53" />
        <cmp x="1291" y="1964" width="37" height="35" />
        <cmp x="1316" y="1968" width="56" height="66" />
        <cmp x="1394" y="1971" width="44" height="30" />
      </word>
      <word id="h01-027-06-05" tag=")" text=")">
        <cmp x="1440" y="1920" width="46" height="108" />
      </word>
      <word id="h01-027-06-06" tag="." text=".">
        <cmp x="1516" y="1987" width="11" height="11" />
      </word>
      <word id="h01-027-06-07" sentence-start="yes" tag="CC" text="But">
        <cmp x="1585" y="1930" width="59" height="71" />
        <cmp x="1644" y="1974" width="46" height="32" />
        <cmp x="1698" y="1943" width="43" height="63" />
      </word>
      <word id="h01-027-06-08" tag="ATI" text="the">
        <cmp x="1793" y="1941" width="107" height="67" />
      </word>
      <word id="h01-027-06-09" tag="NN" text="need">
        <cmp x="1938" y="1929" width="208" height="78" />
      </word>
      <upper-contour>
        <point x="316" y="1872" />
        <point x="2148" y="1872" />
      </upper-contour>
      <lower-contour>
        <point x="313" y="2034" />
        <point x="1967" y="2034" />
      </lower-contour>
    </line>
    <line ass="-956" asx="0" asy="2084" character-width="999" dss="-956" dsx="0" dsy="2199" fd0="10244" fd1="1963" fd2="-471" filter-width="5" id="h01-027-07" lbs="-1038" lbx="0" lby="2158" segmentation="ok" slant="59999" stroke-width="8567" threshold="146" text="for a more accurate distribution of" ubs="-793" ubx="0" uby="2130">
      <word id="h01-027-07-00" tag="IN" text="for">
        <cmp x="315" y="2103" width="134" height="103" />
      </word>
      <word id="h01-027-07-01" tag="AT" text="a">
        <cmp x="499" y="2139" width="46" height="33" />
      </word>
      <word id="h01-027-07-02" tag="QL" text="more">
        <cmp x="621" y="2143" width="76" height="34" />
        <cmp x="702" y="2140" width="119" height="39" />
      </word>
      <word id="h01-027-07-03" tag="JJ" text="accurate">
        <cmp x="904" y="2132" width="57" height="43" />
        <cmp x="961" y="2135" width="38" height="38" />
        <cmp x="1001" y="2138" width="32" height="36" />
        <cmp x="1042" y="2137" width="146" height="45" />
        <cmp x="1196" y="2106" width="48" height="75" />
        <cmp x="1237" y="2139" width="38" height="40" />
      </word>
      <word id="h01-027-07-04" tag="NN" text="distribution">
        <cmp x="1353" y="2121" width="92" height="72" />
        <cmp x="1448" y="2150" width="26" height="33" />
        <cmp x="1460" y="2117" width="9" height="14" />
        <cmp x="1484" y="2112" width="82" height="68" />
        <cmp x="1573" y="2120" width="41" height="65" />
        <cmp x="1578" y="2119" width="8" height="13" />
        <cmp x="1613" y="2154" width="46" height="31" />
        <cmp x="1667" y="2111" width="53" height="76" />
        <cmp x="1733" y="2167" width="83" height="27" />
        <cmp x="1742" y="2131" width="12" height="15" />
      </word>
      <word id="h01-027-07-05" tag="INO" text="of">
        <cmp x="1865" y="2119" width="101" height="104" />
      </word>
      <upper-contour>
        <point x="313" y="2034" />
        <point x="1967" y="2034" />
      </upper-contour>
      <lower-contour>
        <point x="313" y="2223" />
        <point x="1967" y="2223" />
      </lower-contour>
    </line>
    <line ass="-409" asx="0" asy="2270" character-width="999" dss="-409" dsx="0" dsy="2388" fd0="11822" fd1="2297" fd2="-1053" filter-width="5" id="h01-027-08" lbs="-451" lbx="0" lby="2353" segmentation="ok" slant="59000" stroke-width="8310" threshold="146" text="households by size as usually constituted" ubs="-323" ubx="0" uby="2319">
      <word id="h01-027-08-00" tag="NNS" text="households">
        <cmp x="305" y="2290" width="45" height="68" />
        <cmp x="360" y="2312" width="157" height="51" />
        <cmp x="525" y="2301" width="46" height="53" />
        <cmp x="586" y="2286" width="38" height="69" />
        <cmp x="626" y="2319" width="35" height="34" />
        <cmp x="664" y="2276" width="39" height="86" />
        <cmp x="682" y="2288" width="61" height="72" />
      </word>
      <word id="h01-027-08-01" tag="IN" text="by">
        <cmp x="800" y="2299" width="27" height="52" />
        <cmp x="824" y="2322" width="62" height="73" />
      </word>
      <word id="h01-027-08-02" tag="NN" text="size">
        <cmp x="935" y="2316" width="50" height="42" />
        <cmp x="994" y="2294" width="11" height="15" />
        <cmp x="997" y="2320" width="33" height="43" />
        <cmp x="1034" y="2321" width="43" height="41" />
      </word>
      <word id="h01-027-08-03" tag="CS" text="as">
        <cmp x="1154" y="2317" width="81" height="44" />
      </word>
      <word id="h01-027-08-04" tag="RB" text="usually">
        <cmp x="1281" y="2330" width="78" height="36" />
        <cmp x="1370" y="2328" width="49" height="39" />
        <cmp x="1425" y="2333" width="44" height="38" />
        <cmp x="1476" y="2290" width="51" height="82" />
        <cmp x="1503" y="2290" width="53" height="76" />
        <cmp x="1503" y="2333" width="69" height="65" />
      </word>
      <word id="h01-027-08-05" tag="VBN" text="constituted">
        <cmp x="1635" y="2335" width="157" height="40" />
        <cmp x="1800" y="2331" width="42" height="38" />
        <cmp x="1857" y="2301" width="47" height="60" />
        <cmp x="1904" y="2296" width="47" height="76" />
        <cmp x="1915" y="2310" width="8" height="9" />
        <cmp x="1947" y="2332" width="43" height="34" />
        <cmp x="2005" y="2303" width="128" height="66" />
      </word>
      <upper-contour>
        <point x="313" y="2223" />
        <point x="1967" y="2223" />
      </upper-contour>
      <lower-contour>
        <point x="320" y="2399" />
        <point x="2134" y="2399" />
      </lower-contour>
    </line>
    <line ass="-611" asx="0" asy="2447" character-width="999" dss="-611" dsx="0" dsy="2568" fd0="9032" fd1="1622" fd2="-483" filter-width="6" id="h01-027-09" lbs="-579" lbx="0" lby="2521" segmentation="ok" slant="59000" stroke-width="8779" threshold="147" text="had become more important by 1961, and" ubs="-674" ubx="0" uby="2490">
      <word id="h01-027-09-00" tag="HVD" text="had">
        <cmp x="322" y="2461" width="45" height="59" />
        <cmp x="369" y="2491" width="54" height="38" />
        <cmp x="424" y="2454" width="65" height="76" />
      </word>
      <word id="h01-027-09-01" tag="VBN" text="become">
        <cmp x="537" y="2467" width="32" height="65" />
        <cmp x="574" y="2483" width="244" height="50" />
      </word>
      <word id="h01-027-09-02" tag="QL" text="more">
        <cmp x="886" y="2498" width="68" height="34" />
        <cmp x="951" y="2504" width="102" height="37" />
      </word>
      <word id="h01-027-09-03" tag="JJ" text="important">
        <cmp x="1097" y="2506" width="18" height="30" />
        <cmp x="1119" y="2501" width="127" height="81" />
        <cmp x="1121" y="2468" width="10" height="13" />
        <cmp x="1247" y="2500" width="104" height="38" />
        <cmp x="1345" y="2461" width="123" height="73" />
        <cmp x="1480" y="2462" width="51" height="82" />
      </word>
      <word id="h01-027-09-04" tag="IN" text="by">
        <cmp x="1578" y="2473" width="48" height="69" />
        <cmp x="1601" y="2509" width="65" height="60" />
      </word>
      <word id="h01-027-09-05" tag="CD" text="1961">
        <cmp x="1735" y="2484" width="69" height="51" />
        <cmp x="1793" y="2487" width="57" height="59" />
        <cmp x="1843" y="2490" width="54" height="60" />
        <cmp x="1900" y="2488" width="69" height="62" />
      </word>
      <word id="h01-027-09-06" tag="," text=",">
        <cmp x="1954" y="2528" width="32" height="30" />
      </word>
      <word id="h01-027-09-07" tag="CC" text="and">
        <cmp x="2032" y="2492" width="172" height="60" />
      </word>
      <upper-contour>
        <point x="320" y="2399" />
        <point x="2134" y="2399" />
      </upper-contour>
      <lower-contour>
        <point x="341" y="2582" />
        <point x="2205" y="2582" />
      </lower-contour>
    </line>
    <line ass="-867" asx="0" asy="2613" character-width="999" dss="-867" dsx="0" dsy="2741" fd0="8354" fd1="1603" fd2="-440" filter-width="6" id="h01-027-10" lbs="-722" lbx="0" lby="2698" segmentation="ok" slant="55000" stroke-width="8900" threshold="146" text="accordingly a new question was introduced, ..." ubs="-1156" ubx="0" uby="2655">
      <word id="h01-027-10-00" tag="RB" text="accordingly">
        <cmp x="343" y="2666" width="48" height="37" />
        <cmp x="404" y="2666" width="36" height="32" />
        <cmp x="452" y="2628" width="193" height="79" />
        <cmp x="665" y="2671" width="39" height="29" />
        <cmp x="667" y="2634" width="9" height="17" />
        <cmp x="694" y="2670" width="53" height="82" />
        <cmp x="759" y="2626" width="27" height="68" />
        <cmp x="769" y="2666" width="59" height="64" />
      </word>
      <word id="h01-027-10-01" tag="AT" text="a">
        <cmp x="887" y="2665" width="40" height="34" />
      </word>
      <word id="h01-027-10-02" tag="JJ" text="new">
        <cmp x="993" y="2671" width="44" height="34" />
        <cmp x="1046" y="2668" width="115" height="45" />
      </word>
      <word id="h01-027-10-03" tag="NN" text="question">
        <cmp x="1189" y="2682" width="63" height="71" />
        <cmp x="1251" y="2675" width="121" height="46" />
        <cmp x="1388" y="2638" width="49" height="70" />
        <cmp x="1442" y="2683" width="93" height="35" />
        <cmp x="1453" y="2645" width="12" height="26" />
      </word>
      <word id="h01-027-10-04" tag="BEDZ" text="was">
        <cmp x="1601" y="2671" width="162" height="44" />
      </word>
      <word id="h01-027-10-05" tag="VBN" text="introduced">
        <cmp x="1814" y="2684" width="21" height="32" />
        <cmp x="1841" y="2654" width="13" height="17" />
        <cmp x="1845" y="2688" width="30" height="24" />
        <cmp x="1901" y="2663" width="213" height="64" />
        <cmp x="2116" y="2692" width="35" height="33" />
        <cmp x="2155" y="2689" width="33" height="37" />
        <cmp x="2190" y="2668" width="66" height="59" />
      </word>
      <word id="h01-027-10-06" tag="," text=",">
        <cmp x="2226" y="2728" width="24" height="15" />
      </word>
      <word id="h01-027-10-07" tag="..." text="...">
        <cmp x="2276" y="2722" width="9" height="10" />
        <cmp x="2292" y="2723" width="8" height="10" />
        <cmp x="2325" y="2725" width="10" height="12" />
      </word>
      <upper-contour>
        <point x="341" y="2582" />
        <point x="2205" y="2582" />
      </upper-contour>
    </line>
  </handwritten-part>
</form>

