<?xml version="1.0" encoding="ISO-8859-1"?>

<!DOCTYPE form SYSTEM 'http://www.iam.unibe.ch/~fki/iamdb/form-metadata.dtd'>

<form created="2002-01-24" height="3542" id="h02-028" last-modified="2002-07-17" skew="0" status="final" version="3.0_beta" width="2479" writer-id="369">
  <machine-printed-part>
    <machine-print-line text="9. We were assured by our expert witnesses on this subject that, with the apparatus at" />
    <machine-print-line text="present to hand, the preliminary sniffing of the gases immediately before administering" />
    <machine-print-line text="them to a patient was a recognised and necessary precaution. We accepted this. 10." />
    <machine-print-line text="In view of the heavy and direct responsibility carried by every anaesthetist we were" />
    <machine-print-line text="convinced that anyone addicted to the inhalation of gases and vapours should never" />
    <machine-print-line text="be entrusted with their administration." />
  </machine-printed-part>
  <handwritten-part>
    <line ass="-502" asx="0" asy="747" character-width="999" dss="-502" dsx="0" dsy="835" fd0="14090" fd1="3580" fd2="-846" filter-width="3" id="h02-028-00" lbs="-605" lbx="0" lby="805" segmentation="ok" slant="83000" stroke-width="5528" threshold="190" text="We were assured by our expert witnesses on this" ubs="-297" ubx="0" uby="789">
      <word id="h02-028-00-00" sentence-start="yes" tag="PP1AS" text="We">
        <cmp x="328" y="772" width="5" height="16" />
        <cmp x="329" y="789" width="5" height="5" />
        <cmp x="331" y="795" width="13" height="32" />
        <cmp x="343" y="794" width="31" height="29" />
        <cmp x="347" y="786" width="3" height="10" />
        <cmp x="374" y="795" width="5" height="5" />
        <cmp x="376" y="788" width="5" height="3" />
        <cmp x="377" y="791" width="55" height="29" />
        <cmp x="380" y="780" width="4" height="7" />
        <cmp x="382" y="765" width="8" height="15" />
      </word>
      <word id="h02-028-00-01" tag="BED" text="were">
        <cmp x="483" y="799" width="24" height="20" />
        <cmp x="510" y="789" width="85" height="35" />
        <cmp x="593" y="790" width="52" height="31" />
      </word>
      <word id="h02-028-00-02" tag="VBN" text="assured">
        <cmp x="685" y="783" width="139" height="33" />
        <cmp x="829" y="785" width="17" height="27" />
        <cmp x="842" y="761" width="79" height="59" />
      </word>
      <word id="h02-028-00-03" tag="IN" text="by">
        <cmp x="968" y="763" width="87" height="82" />
      </word>
      <word id="h02-028-00-04" tag="PP$" text="our">
        <cmp x="1084" y="793" width="41" height="32" />
        <cmp x="1125" y="797" width="37" height="28" />
        <cmp x="1165" y="795" width="20" height="27" />
      </word>
      <word id="h02-028-00-05" tag="JJ" text="expert">
        <cmp x="1214" y="792" width="77" height="31" />
        <cmp x="1288" y="785" width="116" height="63" />
        <cmp x="1406" y="761" width="33" height="57" />
      </word>
      <word id="h02-028-00-06" tag="NNS" text="witnesses">
        <cmp x="1479" y="799" width="61" height="26" />
        <cmp x="1542" y="780" width="4" height="13" />
        <cmp x="1553" y="765" width="19" height="67" />
        <cmp x="1582" y="791" width="199" height="38" />
        <cmp x="1764" y="791" width="12" height="11" />
      </word>
      <word id="h02-028-00-07" tag="IN" text="on">
        <cmp x="1819" y="796" width="77" height="30" />
      </word>
      <word id="h02-028-00-08" tag="DT" text="this">
        <cmp x="1939" y="772" width="53" height="54" />
        <cmp x="1964" y="772" width="8" height="3" />
        <cmp x="1998" y="784" width="43" height="49" />
      </word>
      <lower-contour>
        <point x="326" y="848" />
        <point x="2042" y="848" />
      </lower-contour>
    </line>
    <line ass="-138" asx="0" asy="940" character-width="999" dss="-138" dsx="0" dsy="1040" fd0="13278" fd1="2768" fd2="-1051" filter-width="3" id="h02-028-01" lbs="-92" lbx="0" lby="1000" segmentation="ok" slant="86000" stroke-width="5412" threshold="182" text="subject that, with the apparatus at present to hand, the" ubs="-232" ubx="0" uby="972">
      <word id="h02-028-01-00" tag="NN" text="subject">
        <cmp x="327" y="966" width="74" height="33" />
        <cmp x="405" y="944" width="43" height="56" />
        <cmp x="445" y="976" width="23" height="66" />
        <cmp x="457" y="953" width="13" height="6" />
        <cmp x="468" y="970" width="75" height="33" />
        <cmp x="543" y="943" width="32" height="59" />
      </word>
      <word id="h02-028-01-01" tag="CS" text="that">
        <cmp x="614" y="945" width="87" height="59" />
        <cmp x="710" y="954" width="20" height="50" />
      </word>
      <word id="h02-028-01-02" tag="," text=",">
        <cmp x="749" y="991" width="15" height="30" />
      </word>
      <word id="h02-028-01-03" tag="IN" text="with">
        <cmp x="792" y="981" width="44" height="18" />
        <cmp x="841" y="979" width="7" height="22" />
        <cmp x="853" y="956" width="21" height="54" />
        <cmp x="878" y="959" width="40" height="47" />
        <cmp x="888" y="954" width="4" height="3" />
      </word>
      <word id="h02-028-01-04" tag="ATI" text="the">
        <cmp x="954" y="951" width="58" height="55" />
        <cmp x="1011" y="970" width="46" height="30" />
      </word>
      <word id="h02-028-01-05" tag="NN" text="apparatus">
        <cmp x="1088" y="981" width="36" height="30" />
        <cmp x="1129" y="980" width="31" height="49" />
        <cmp x="1142" y="995" width="8" height="4" />
        <cmp x="1156" y="978" width="76" height="56" />
        <cmp x="1234" y="979" width="17" height="30" />
        <cmp x="1248" y="980" width="42" height="29" />
        <cmp x="1291" y="951" width="17" height="55" />
        <cmp x="1313" y="979" width="31" height="27" />
        <cmp x="1345" y="979" width="24" height="26" />
      </word>
      <word id="h02-028-01-06" tag="IN" text="at">
        <cmp x="1420" y="951" width="65" height="52" />
      </word>
      <word id="h02-028-01-07" tag="NN" text="present">
        <cmp x="1523" y="975" width="34" height="47" />
        <cmp x="1560" y="979" width="20" height="30" />
        <cmp x="1576" y="978" width="42" height="27" />
        <cmp x="1615" y="975" width="103" height="32" />
        <cmp x="1628" y="976" width="6" height="3" />
        <cmp x="1635" y="976" width="6" height="8" />
        <cmp x="1659" y="982" width="3" height="3" />
        <cmp x="1722" y="952" width="17" height="50" />
      </word>
      <word id="h02-028-01-08" tag="IN" text="to">
        <cmp x="1793" y="953" width="56" height="54" />
      </word>
      <word id="h02-028-01-09" tag="NN" text="hand">
        <cmp x="1886" y="950" width="142" height="56" />
      </word>
      <word id="h02-028-01-10" tag="," text=",">
        <cmp x="2041" y="995" width="16" height="35" />
      </word>
      <word id="h02-028-01-11" tag="ATI" text="the">
        <cmp x="2076" y="957" width="19" height="50" />
        <cmp x="2101" y="957" width="85" height="52" />
      </word>
      <upper-contour>
        <point x="326" y="848" />
        <point x="2042" y="848" />
      </upper-contour>
      <lower-contour>
        <point x="335" y="1042" />
        <point x="2108" y="1042" />
      </lower-contour>
    </line>
    <line ass="-76" asx="0" asy="1114" character-width="999" dss="-76" dsx="0" dsy="1218" fd0="13794" fd1="2717" fd2="-1409" filter-width="3" id="h02-028-02" lbs="19" lbx="0" lby="1180" segmentation="ok" slant="90000" stroke-width="5385" threshold="182" text="preliminary sniffing of the gases immediately before" ubs="-268" ubx="0" uby="1151">
      <word id="h02-028-02-00" tag="JJ" text="preliminary">
        <cmp x="337" y="1143" width="96" height="58" />
        <cmp x="437" y="1116" width="16" height="66" />
        <cmp x="453" y="1154" width="11" height="25" />
        <cmp x="464" y="1130" width="3" height="4" />
        <cmp x="472" y="1151" width="52" height="28" />
        <cmp x="530" y="1155" width="8" height="25" />
        <cmp x="545" y="1126" width="5" height="11" />
        <cmp x="545" y="1140" width="80" height="37" />
        <cmp x="627" y="1149" width="17" height="29" />
        <cmp x="629" y="1153" width="68" height="54" />
      </word>
      <word id="h02-028-02-01" tag="NN" text="sniffing">
        <cmp x="745" y="1154" width="34" height="29" />
        <cmp x="781" y="1155" width="35" height="30" />
        <cmp x="820" y="1127" width="71" height="58" />
        <cmp x="826" y="1133" width="11" height="8" />
        <cmp x="886" y="1163" width="9" height="23" />
        <cmp x="896" y="1139" width="6" height="7" />
        <cmp x="903" y="1156" width="80" height="65" />
      </word>
      <word id="h02-028-02-02" tag="INO" text="of">
        <cmp x="1027" y="1133" width="62" height="53" />
      </word>
      <word id="h02-028-02-03" tag="ATI" text="the">
        <cmp x="1122" y="1136" width="30" height="44" />
        <cmp x="1152" y="1134" width="30" height="47" />
        <cmp x="1157" y="1129" width="6" height="3" />
        <cmp x="1186" y="1153" width="34" height="24" />
      </word>
      <word id="h02-028-02-04" tag="NNS" text="gases">
        <cmp x="1267" y="1151" width="74" height="57" />
        <cmp x="1344" y="1155" width="61" height="29" />
        <cmp x="1381" y="1156" width="41" height="28" />
      </word>
      <word id="h02-028-02-05" tag="RB" text="immediately">
        <cmp x="1482" y="1161" width="8" height="27" />
        <cmp x="1489" y="1147" width="5" height="6" />
        <cmp x="1496" y="1158" width="58" height="29" />
        <cmp x="1558" y="1133" width="132" height="51" />
        <cmp x="1697" y="1138" width="55" height="46" />
        <cmp x="1699" y="1151" width="3" height="3" />
        <cmp x="1749" y="1128" width="30" height="46" />
        <cmp x="1774" y="1145" width="50" height="40" />
        <cmp x="1815" y="1139" width="6" height="3" />
        <cmp x="1816" y="1169" width="51" height="45" />
        <cmp x="1827" y="1165" width="14" height="18" />
      </word>
      <word id="h02-028-02-06" tag="IN" text="before">
        <cmp x="1910" y="1132" width="122" height="53" />
        <cmp x="1986" y="1134" width="12" height="16" />
        <cmp x="2037" y="1160" width="19" height="26" />
        <cmp x="2056" y="1157" width="51" height="35" />
      </word>
      <upper-contour>
        <point x="335" y="1042" />
        <point x="2108" y="1042" />
      </upper-contour>
      <lower-contour>
        <point x="335" y="1221" />
        <point x="2108" y="1221" />
      </lower-contour>
    </line>
    <line ass="154" asx="0" asy="1312" character-width="999" dss="154" dsx="0" dsy="1405" fd0="13380" fd1="2777" fd2="-1180" filter-width="3" id="h02-028-03" lbs="148" lbx="0" lby="1367" segmentation="ok" slant="89000" stroke-width="5480" threshold="182" text="administering them to a patient was a recognised and" ubs="164" ubx="0" uby="1345">
      <word id="h02-028-03-00" tag="VBG" text="administering">
        <cmp x="326" y="1311" width="97" height="59" />
        <cmp x="427" y="1343" width="61" height="28" />
        <cmp x="495" y="1347" width="7" height="25" />
        <cmp x="500" y="1328" width="5" height="7" />
        <cmp x="505" y="1347" width="31" height="28" />
        <cmp x="545" y="1344" width="6" height="29" />
        <cmp x="553" y="1324" width="118" height="54" />
        <cmp x="554" y="1328" width="9" height="6" />
        <cmp x="675" y="1346" width="9" height="31" />
        <cmp x="682" y="1321" width="7" height="11" />
        <cmp x="689" y="1341" width="85" height="64" />
        <cmp x="741" y="1395" width="8" height="5" />
      </word>
      <word id="h02-028-03-01" tag="PP3OS" text="them">
        <cmp x="819" y="1324" width="25" height="50" />
        <cmp x="851" y="1331" width="113" height="42" />
        <cmp x="857" y="1326" width="6" height="3" />
      </word>
      <word id="h02-028-03-02" tag="IN" text="to">
        <cmp x="1007" y="1340" width="4" height="4" />
        <cmp x="1013" y="1319" width="51" height="51" />
      </word>
      <word id="h02-028-03-03" tag="AT" text="a">
        <cmp x="1098" y="1336" width="46" height="27" />
      </word>
      <word id="h02-028-03-04" tag="NN" text="patient">
        <cmp x="1186" y="1331" width="79" height="48" />
        <cmp x="1257" y="1311" width="28" height="54" />
        <cmp x="1293" y="1339" width="10" height="31" />
        <cmp x="1304" y="1322" width="5" height="11" />
        <cmp x="1309" y="1315" width="93" height="53" />
        <cmp x="1404" y="1340" width="4" height="3" />
      </word>
      <word id="h02-028-03-05" tag="BEDZ" text="was">
        <cmp x="1459" y="1333" width="90" height="31" />
        <cmp x="1549" y="1339" width="28" height="29" />
      </word>
      <word id="h02-028-03-06" tag="AT" text="a">
        <cmp x="1613" y="1339" width="56" height="27" />
      </word>
      <word id="h02-028-03-07" tag="JJ" text="recognised">
        <cmp x="1713" y="1339" width="24" height="32" />
        <cmp x="1728" y="1340" width="107" height="28" />
        <cmp x="1836" y="1340" width="35" height="59" />
        <cmp x="1878" y="1340" width="36" height="29" />
        <cmp x="1925" y="1340" width="9" height="24" />
        <cmp x="1937" y="1317" width="5" height="19" />
        <cmp x="1941" y="1342" width="23" height="26" />
        <cmp x="1967" y="1316" width="78" height="51" />
      </word>
      <word id="h02-028-03-08" tag="CC" text="and">
        <cmp x="2074" y="1318" width="117" height="53" />
      </word>
      <upper-contour>
        <point x="335" y="1221" />
        <point x="2108" y="1221" />
      </upper-contour>
      <lower-contour>
        <point x="329" y="1405" />
        <point x="2190" y="1405" />
      </lower-contour>
    </line>
    <line ass="21" asx="0" asy="1485" character-width="999" dss="21" dsx="0" dsy="1565" fd0="13212" fd1="3468" fd2="-848" filter-width="3" id="h02-028-04" lbs="1" lbx="0" lby="1539" segmentation="ok" slant="87000" stroke-width="5563" threshold="182" text="necessary precaution. We accepted this. 10. In view of" ubs="60" ubx="0" uby="1515">
      <word id="h02-028-04-00" tag="JJ" text="necessary">
        <cmp x="331" y="1503" width="206" height="41" />
        <cmp x="479" y="1515" width="12" height="10" />
        <cmp x="535" y="1506" width="42" height="33" />
        <cmp x="584" y="1507" width="22" height="30" />
        <cmp x="605" y="1511" width="52" height="55" />
      </word>
      <word id="h02-028-04-01" tag="NN" text="precaution">
        <cmp x="701" y="1508" width="37" height="54" />
        <cmp x="739" y="1511" width="23" height="33" />
        <cmp x="751" y="1513" width="116" height="33" />
        <cmp x="871" y="1514" width="41" height="28" />
        <cmp x="912" y="1489" width="23" height="50" />
        <cmp x="942" y="1498" width="10" height="41" />
        <cmp x="954" y="1513" width="35" height="26" />
        <cmp x="998" y="1508" width="39" height="29" />
      </word>
      <word id="h02-028-04-02" tag="." text=".">
        <cmp x="1054" y="1528" width="8" height="15" />
      </word>
      <word id="h02-028-04-03" sentence-start="yes" tag="PP1AS" text="We">
        <cmp x="1081" y="1494" width="65" height="45" />
        <cmp x="1139" y="1513" width="46" height="27" />
      </word>
      <word id="h02-028-04-04" tag="VBD" text="accepted">
        <cmp x="1231" y="1486" width="269" height="79" />
      </word>
      <word id="h02-028-04-05" tag="DT" text="this">
        <cmp x="1538" y="1490" width="68" height="51" />
        <cmp x="1577" y="1486" width="8" height="5" />
        <cmp x="1607" y="1515" width="9" height="25" />
        <cmp x="1619" y="1512" width="3" height="3" />
        <cmp x="1622" y="1490" width="9" height="21" />
        <cmp x="1624" y="1515" width="23" height="10" />
        <cmp x="1626" y="1525" width="31" height="18" />
      </word>
      <word id="h02-028-04-06" tag="." text=".">
        <cmp x="1669" y="1529" width="12" height="12" />
      </word>
      <word id="h02-028-04-07" sentence-start="yes" tag="CD" text="10">
        <cmp x="1720" y="1486" width="12" height="62" />
        <cmp x="1729" y="1487" width="53" height="55" />
      </word>
      <word id="h02-028-04-08" tag="." text=".">
        <cmp x="1797" y="1524" width="7" height="12" />
      </word>
      <word id="h02-028-04-09" tag="IN" text="In">
        <cmp x="1846" y="1491" width="11" height="52" />
        <cmp x="1860" y="1512" width="41" height="31" />
      </word>
      <word id="h02-028-04-10" tag="NN" text="view">
        <cmp x="1954" y="1508" width="30" height="29" />
        <cmp x="1986" y="1493" width="96" height="48" />
      </word>
      <word id="h02-028-04-11" tag="INO" text="of">
        <cmp x="2120" y="1488" width="67" height="52" />
        <cmp x="2180" y="1488" width="9" height="19" />
      </word>
      <upper-contour>
        <point x="329" y="1405" />
        <point x="2190" y="1405" />
      </upper-contour>
      <lower-contour>
        <point x="329" y="1566" />
        <point x="2150" y="1566" />
      </lower-contour>
    </line>
    <line ass="-286" asx="0" asy="1653" character-width="999" dss="-286" dsx="0" dsy="1747" fd0="13518" fd1="2571" fd2="-1156" filter-width="3" id="h02-028-05" lbs="-222" lbx="0" lby="1717" segmentation="ok" slant="84000" stroke-width="5574" threshold="182" text="the heavy and direct responsibility carried by every" ubs="-416" ubx="0" uby="1684">
      <word id="h02-028-05-00" tag="ATI" text="the">
        <cmp x="325" y="1655" width="66" height="63" />
        <cmp x="361" y="1669" width="6" height="6" />
        <cmp x="397" y="1690" width="49" height="30" />
      </word>
      <word id="h02-028-05-01" tag="JJ" text="heavy">
        <cmp x="495" y="1665" width="111" height="57" />
        <cmp x="609" y="1691" width="69" height="61" />
      </word>
      <word id="h02-028-05-02" tag="CC" text="and">
        <cmp x="723" y="1668" width="121" height="55" />
      </word>
      <word id="h02-028-05-03" tag="JJ" text="direct">
        <cmp x="884" y="1667" width="46" height="55" />
        <cmp x="931" y="1678" width="15" height="39" />
        <cmp x="946" y="1687" width="22" height="30" />
        <cmp x="962" y="1689" width="35" height="27" />
        <cmp x="998" y="1660" width="51" height="53" />
      </word>
      <word id="h02-028-05-04" tag="NN" text="responsibility">
        <cmp x="1105" y="1687" width="30" height="31" />
        <cmp x="1125" y="1688" width="36" height="27" />
        <cmp x="1160" y="1690" width="32" height="29" />
        <cmp x="1162" y="1707" width="3" height="3" />
        <cmp x="1182" y="1688" width="70" height="66" />
        <cmp x="1258" y="1684" width="36" height="33" />
        <cmp x="1297" y="1685" width="27" height="28" />
        <cmp x="1330" y="1686" width="8" height="31" />
        <cmp x="1335" y="1666" width="5" height="12" />
        <cmp x="1346" y="1668" width="51" height="50" />
        <cmp x="1393" y="1666" width="8" height="14" />
        <cmp x="1413" y="1669" width="7" height="49" />
        <cmp x="1427" y="1694" width="6" height="27" />
        <cmp x="1439" y="1673" width="5" height="3" />
        <cmp x="1447" y="1668" width="70" height="81" />
      </word>
      <word id="h02-028-05-05" tag="VBN" text="carried">
        <cmp x="1573" y="1693" width="39" height="33" />
        <cmp x="1608" y="1695" width="48" height="28" />
        <cmp x="1657" y="1693" width="22" height="29" />
        <cmp x="1681" y="1695" width="21" height="29" />
        <cmp x="1713" y="1697" width="9" height="27" />
        <cmp x="1720" y="1693" width="5" height="7" />
        <cmp x="1725" y="1673" width="8" height="15" />
        <cmp x="1725" y="1674" width="77" height="52" />
      </word>
      <word id="h02-028-05-06" tag="IN" text="by">
        <cmp x="1850" y="1676" width="42" height="48" />
        <cmp x="1881" y="1701" width="52" height="51" />
      </word>
      <word id="h02-028-05-07" tag="AT" text="every">
        <cmp x="1973" y="1696" width="126" height="29" />
        <cmp x="2095" y="1700" width="54" height="46" />
      </word>
      <upper-contour>
        <point x="329" y="1566" />
        <point x="2150" y="1566" />
      </upper-contour>
      <lower-contour>
        <point x="323" y="1754" />
        <point x="2132" y="1754" />
      </lower-contour>
    </line>
    <line ass="16" asx="0" asy="1844" character-width="999" dss="16" dsx="0" dsy="1924" fd0="13258" fd1="2625" fd2="-1304" filter-width="3" id="h02-028-06" lbs="1" lbx="0" lby="1900" segmentation="ok" slant="90000" stroke-width="5633" threshold="182" text="anaesthetist we were convinced that anyone addicted" ubs="46" ubx="0" uby="1874">
      <word id="h02-028-06-00" tag="NN" text="anaesthetist">
        <cmp x="322" y="1869" width="46" height="29" />
        <cmp x="369" y="1870" width="31" height="27" />
        <cmp x="372" y="1872" width="3" height="3" />
        <cmp x="410" y="1870" width="41" height="31" />
        <cmp x="454" y="1875" width="29" height="32" />
        <cmp x="478" y="1853" width="102" height="52" />
        <cmp x="584" y="1855" width="27" height="47" />
        <cmp x="618" y="1877" width="6" height="22" />
        <cmp x="626" y="1874" width="34" height="32" />
        <cmp x="630" y="1853" width="10" height="13" />
        <cmp x="659" y="1851" width="34" height="51" />
      </word>
      <word id="h02-028-06-01" tag="PP1AS" text="we">
        <cmp x="743" y="1871" width="49" height="27" />
        <cmp x="791" y="1868" width="44" height="30" />
      </word>
      <word id="h02-028-06-02" tag="BED" text="were">
        <cmp x="878" y="1871" width="111" height="31" />
        <cmp x="879" y="1875" width="4" height="3" />
        <cmp x="985" y="1868" width="33" height="31" />
      </word>
      <word id="h02-028-06-03" tag="VBN" text="convinced">
        <cmp x="1088" y="1874" width="106" height="31" />
        <cmp x="1194" y="1878" width="23" height="29" />
        <cmp x="1228" y="1876" width="8" height="27" />
        <cmp x="1242" y="1847" width="5" height="14" />
        <cmp x="1244" y="1851" width="127" height="57" />
      </word>
      <word id="h02-028-06-04" tag="CS" text="that">
        <cmp x="1424" y="1860" width="17" height="52" />
        <cmp x="1456" y="1867" width="74" height="40" />
        <cmp x="1461" y="1862" width="5" height="3" />
        <cmp x="1522" y="1847" width="34" height="55" />
      </word>
      <word id="h02-028-06-05" tag="PN" text="anyone">
        <cmp x="1585" y="1870" width="74" height="29" />
        <cmp x="1643" y="1869" width="82" height="56" />
        <cmp x="1731" y="1872" width="34" height="28" />
        <cmp x="1768" y="1871" width="49" height="29" />
      </word>
      <word id="h02-028-06-06" tag="VBN" text="addicted">
        <cmp x="1860" y="1844" width="117" height="55" />
        <cmp x="1982" y="1844" width="149" height="58" />
      </word>
      <upper-contour>
        <point x="323" y="1754" />
        <point x="2132" y="1754" />
      </upper-contour>
      <lower-contour>
        <point x="329" y="1925" />
        <point x="2132" y="1925" />
      </lower-contour>
    </line>
    <line ass="-218" asx="0" asy="2017" character-width="999" dss="-218" dsx="0" dsy="2112" fd0="13308" fd1="3457" fd2="-614" filter-width="3" id="h02-028-07" lbs="-179" lbx="0" lby="2075" segmentation="ok" slant="90000" stroke-width="5583" threshold="190" text="to the inhalation of gases and vapours should never be" ubs="-296" ubx="0" uby="2048">
      <word id="h02-028-07-00" tag="IN" text="to">
        <cmp x="331" y="2024" width="52" height="62" />
      </word>
      <word id="h02-028-07-01" tag="ATI" text="the">
        <cmp x="430" y="2021" width="92" height="57" />
        <cmp x="523" y="2066" width="4" height="3" />
      </word>
      <word id="h02-028-07-02" tag="NN" text="inhalation">
        <cmp x="591" y="2048" width="7" height="32" />
        <cmp x="607" y="2051" width="38" height="30" />
        <cmp x="654" y="2025" width="71" height="55" />
        <cmp x="731" y="2021" width="48" height="59" />
        <cmp x="776" y="2021" width="53" height="59" />
        <cmp x="821" y="2052" width="33" height="24" />
        <cmp x="865" y="2045" width="39" height="29" />
      </word>
      <word id="h02-028-07-03" tag="INO" text="of">
        <cmp x="962" y="2049" width="42" height="29" />
        <cmp x="1005" y="2040" width="19" height="41" />
        <cmp x="1013" y="2027" width="12" height="11" />
        <cmp x="1026" y="2030" width="5" height="5" />
      </word>
      <word id="h02-028-07-04" tag="NNS" text="gases">
        <cmp x="1064" y="2055" width="42" height="63" />
        <cmp x="1073" y="2095" width="10" height="14" />
        <cmp x="1099" y="2053" width="37" height="27" />
        <cmp x="1139" y="2051" width="79" height="35" />
        <cmp x="1205" y="2056" width="13" height="8" />
      </word>
      <word id="h02-028-07-05" tag="CC" text="and">
        <cmp x="1269" y="2030" width="134" height="52" />
      </word>
      <word id="h02-028-07-06" tag="NNS" text="vapours">
        <cmp x="1441" y="2047" width="67" height="36" />
        <cmp x="1509" y="2055" width="66" height="54" />
        <cmp x="1577" y="2058" width="33" height="25" />
        <cmp x="1611" y="2052" width="19" height="28" />
        <cmp x="1632" y="2056" width="26" height="28" />
      </word>
      <word id="h02-028-07-07" tag="MD" text="should">
        <cmp x="1701" y="2031" width="90" height="55" />
        <cmp x="1793" y="2055" width="40" height="27" />
        <cmp x="1839" y="2029" width="47" height="54" />
      </word>
      <word id="h02-028-07-08" tag="RB" text="never">
        <cmp x="1928" y="2054" width="37" height="29" />
        <cmp x="1966" y="2055" width="65" height="30" />
        <cmp x="2030" y="2053" width="68" height="26" />
      </word>
      <word id="h02-028-07-09" tag="BE" text="be">
        <cmp x="2127" y="2027" width="89" height="63" />
      </word>
      <upper-contour>
        <point x="329" y="1925" />
        <point x="2132" y="1925" />
      </upper-contour>
      <lower-contour>
        <point x="329" y="2118" />
        <point x="1577" y="2118" />
      </lower-contour>
    </line>
    <line ass="310" asx="0" asy="2205" character-width="999" dss="310" dsx="0" dsy="2269" fd0="13450" fd1="2752" fd2="-1272" filter-width="3" id="h02-028-08" lbs="308" lbx="0" lby="2262" segmentation="ok" slant="87999" stroke-width="5445" threshold="182" text="entrusted with their administration." ubs="314" ubx="0" uby="2236">
      <word id="h02-028-08-00" tag="VBN" text="entrusted">
        <cmp x="326" y="2228" width="87" height="36" />
        <cmp x="417" y="2215" width="28" height="48" />
        <cmp x="449" y="2237" width="18" height="27" />
        <cmp x="470" y="2237" width="67" height="30" />
        <cmp x="475" y="2237" width="5" height="3" />
        <cmp x="522" y="2202" width="113" height="60" />
      </word>
      <word id="h02-028-08-01" tag="IN" text="with">
        <cmp x="708" y="2233" width="57" height="26" />
        <cmp x="774" y="2207" width="11" height="48" />
        <cmp x="786" y="2212" width="59" height="47" />
        <cmp x="797" y="2205" width="4" height="13" />
        <cmp x="820" y="2205" width="8" height="7" />
      </word>
      <word id="h02-028-08-02" tag="PP$" text="their">
        <cmp x="907" y="2207" width="112" height="51" />
        <cmp x="942" y="2201" width="7" height="4" />
        <cmp x="1019" y="2244" width="9" height="15" />
        <cmp x="1022" y="2225" width="30" height="20" />
      </word>
      <word id="h02-028-08-03" tag="NN" text="administration">
        <cmp x="1106" y="2199" width="128" height="60" />
        <cmp x="1241" y="2219" width="10" height="40" />
        <cmp x="1252" y="2231" width="35" height="30" />
        <cmp x="1290" y="2238" width="7" height="19" />
        <cmp x="1293" y="2199" width="10" height="3" />
        <cmp x="1299" y="2227" width="33" height="31" />
        <cmp x="1330" y="2201" width="27" height="57" />
        <cmp x="1359" y="2222" width="26" height="31" />
        <cmp x="1382" y="2227" width="49" height="28" />
        <cmp x="1423" y="2202" width="24" height="53" />
        <cmp x="1459" y="2204" width="20" height="50" />
        <cmp x="1475" y="2230" width="32" height="23" />
        <cmp x="1515" y="2226" width="36" height="32" />
      </word>
      <word id="h02-028-08-04" tag="." text=".">
        <cmp x="1566" y="2248" width="10" height="13" />
      </word>
      <upper-contour>
        <point x="329" y="2118" />
        <point x="1577" y="2118" />
      </upper-contour>
    </line>
  </handwritten-part>
</form>

