<?xml version="1.0" encoding="ISO-8859-1"?>

<!DOCTYPE form SYSTEM 'http://www.iam.unibe.ch/~fki/iamdb/form-metadata.dtd'>

<form created="2002-01-24" height="3542" id="h02-037" last-modified="2002-07-17" skew="0" status="final" version="3.0_beta" width="2479" writer-id="371">
  <machine-printed-part>
    <machine-print-line text="12. Through the system of records and inspection then in operation cases were" />
    <machine-print-line text="brought to the notice of the Home Office at that time in which exceptionally large" />
    <machine-print-line text="quantities of morphine and heroin had been supplied to particular practitioners or pre-" />
    <machine-print-line text="scribed for individual cases. On further enquiry it was ascertained that sometimes the" />
    <machine-print-line text="doctor had ordered these drugs simply to satisfy the craving of the addict; in some in-" />
    <machine-print-line text="stances there was a doubt whether the supply was for 6bona fide medical treatment;" />
    <machine-print-line text="in other cases the drugs had been prescribed in large quantities either to persons" />
    <machine-print-line text="previously unknown to the practitioner or to a patient receiving supplies elsewhere;" />
    <machine-print-line text="occasionally, large supplies had been used by practitioners for self-administration." />
  </machine-printed-part>
  <handwritten-part>
    <line ass="266" asx="0" asy="928" character-width="999" dss="266" dsx="0" dsy="1105" fd0="14740" fd1="3309" fd2="669" filter-width="3" id="h02-037-00" lbs="296" lbx="0" lby="1025" segmentation="ok" slant="68999" stroke-width="5199" threshold="182" text="12. Through the system of records and" ubs="206" ubx="0" uby="1005">
      <word id="h02-037-00-00" sentence-start="yes" tag="CD" text="12">
        <cmp x="353" y="978" width="45" height="55" />
        <cmp x="408" y="1014" width="8" height="11" />
        <cmp x="411" y="981" width="23" height="32" />
        <cmp x="411" y="1025" width="3" height="3" />
      </word>
      <word id="h02-037-00-01" tag="." text=".">
        <cmp x="458" y="1034" width="10" height="6" />
      </word>
      <word id="h02-037-00-02" tag="IN" text="Through">
        <cmp x="513" y="969" width="65" height="14" />
        <cmp x="533" y="975" width="15" height="63" />
        <cmp x="574" y="964" width="33" height="65" />
        <cmp x="617" y="1004" width="21" height="16" />
        <cmp x="661" y="1003" width="20" height="18" />
        <cmp x="691" y="1006" width="29" height="15" />
        <cmp x="723" y="1005" width="46" height="98" />
        <cmp x="783" y="966" width="31" height="58" />
      </word>
      <word id="h02-037-00-03" tag="ATI" text="the">
        <cmp x="880" y="962" width="32" height="61" />
        <cmp x="905" y="956" width="4" height="4" />
        <cmp x="924" y="958" width="25" height="61" />
        <cmp x="969" y="990" width="23" height="28" />
      </word>
      <word id="h02-037-00-04" tag="NN" text="system">
        <cmp x="1067" y="990" width="15" height="31" />
        <cmp x="1092" y="998" width="49" height="71" />
        <cmp x="1140" y="993" width="28" height="28" />
        <cmp x="1167" y="990" width="5" height="6" />
        <cmp x="1175" y="951" width="33" height="69" />
        <cmp x="1193" y="992" width="112" height="34" />
      </word>
      <word id="h02-037-00-05" tag="INO" text="of">
        <cmp x="1389" y="999" width="23" height="21" />
        <cmp x="1401" y="922" width="69" height="143" />
      </word>
      <word id="h02-037-00-06" tag="NNS" text="records">
        <cmp x="1515" y="1004" width="26" height="19" />
        <cmp x="1518" y="1000" width="4" height="4" />
        <cmp x="1551" y="992" width="27" height="27" />
        <cmp x="1597" y="998" width="21" height="20" />
        <cmp x="1644" y="1000" width="19" height="16" />
        <cmp x="1677" y="1007" width="14" height="7" />
        <cmp x="1709" y="1006" width="15" height="15" />
        <cmp x="1716" y="1001" width="6" height="4" />
        <cmp x="1736" y="938" width="46" height="78" />
        <cmp x="1762" y="988" width="20" height="24" />
      </word>
      <word id="h02-037-00-07" tag="CC" text="and">
        <cmp x="1864" y="985" width="37" height="32" />
        <cmp x="1888" y="1005" width="7" height="10" />
        <cmp x="1914" y="1001" width="25" height="12" />
        <cmp x="1950" y="1001" width="26" height="16" />
        <cmp x="1973" y="952" width="38" height="67" />
      </word>
      <lower-contour>
        <point x="365" y="1103" />
        <point x="2012" y="1103" />
      </lower-contour>
    </line>
    <line ass="106" asx="0" asy="1122" character-width="999" dss="106" dsx="0" dsy="1241" fd0="14319" fd1="3165" fd2="170" filter-width="3" id="h02-037-01" lbs="123" lbx="0" lby="1201" segmentation="ok" slant="75000" stroke-width="5012" threshold="182" text="inspection then in operation cases were" ubs="71" ubx="0" uby="1177">
      <word id="h02-037-01-00" tag="NN" text="inspection">
        <cmp x="367" y="1170" width="6" height="27" />
        <cmp x="375" y="1127" width="5" height="13" />
        <cmp x="384" y="1176" width="27" height="18" />
        <cmp x="417" y="1165" width="31" height="35" />
        <cmp x="454" y="1168" width="41" height="61" />
        <cmp x="499" y="1174" width="14" height="26" />
        <cmp x="511" y="1168" width="15" height="23" />
        <cmp x="536" y="1168" width="22" height="30" />
        <cmp x="580" y="1122" width="35" height="71" />
        <cmp x="624" y="1131" width="8" height="14" />
        <cmp x="628" y="1177" width="20" height="21" />
        <cmp x="662" y="1176" width="31" height="20" />
      </word>
      <word id="h02-037-01-01" tag="RN" text="then">
        <cmp x="769" y="1134" width="25" height="70" />
        <cmp x="807" y="1127" width="25" height="67" />
        <cmp x="853" y="1168" width="88" height="32" />
      </word>
      <word id="h02-037-01-02" tag="IN" text="in">
        <cmp x="1027" y="1177" width="9" height="22" />
        <cmp x="1043" y="1139" width="9" height="21" />
        <cmp x="1047" y="1184" width="32" height="16" />
      </word>
      <word id="h02-037-01-03" tag="NN" text="operation">
        <cmp x="1150" y="1176" width="18" height="25" />
        <cmp x="1164" y="1178" width="22" height="61" />
        <cmp x="1185" y="1172" width="104" height="40" />
        <cmp x="1302" y="1176" width="29" height="23" />
        <cmp x="1346" y="1135" width="40" height="64" />
        <cmp x="1391" y="1136" width="5" height="10" />
        <cmp x="1402" y="1177" width="15" height="10" />
        <cmp x="1425" y="1176" width="34" height="11" />
      </word>
      <word id="h02-037-01-04" tag="NNS" text="cases">
        <cmp x="1543" y="1164" width="27" height="31" />
        <cmp x="1587" y="1172" width="22" height="23" />
        <cmp x="1621" y="1172" width="17" height="31" />
        <cmp x="1651" y="1174" width="33" height="23" />
        <cmp x="1712" y="1170" width="19" height="27" />
      </word>
      <word id="h02-037-01-05" tag="BED" text="were">
        <cmp x="1830" y="1176" width="73" height="27" />
        <cmp x="1913" y="1170" width="80" height="30" />
        <cmp x="2009" y="1169" width="26" height="27" />
      </word>
      <upper-contour>
        <point x="365" y="1103" />
        <point x="2012" y="1103" />
      </upper-contour>
      <lower-contour>
        <point x="367" y="1239" />
        <point x="2036" y="1239" />
      </lower-contour>
    </line>
    <line ass="1191" asx="0" asy="1283" character-width="999" dss="1191" dsx="0" dsy="1472" fd0="14303" fd1="2564" fd2="-197" filter-width="3" id="h02-037-02" lbs="1176" lbx="0" lby="1391" segmentation="ok" slant="70000" stroke-width="5273" threshold="182" text="brought to the notice of the Home Office" ubs="1221" ubx="0" uby="1369">
      <word id="h02-037-02-00" tag="VBN" text="brought">
        <cmp x="369" y="1327" width="33" height="57" />
        <cmp x="418" y="1361" width="20" height="20" />
        <cmp x="453" y="1358" width="24" height="22" />
        <cmp x="460" y="1351" width="7" height="7" />
        <cmp x="483" y="1360" width="37" height="21" />
        <cmp x="486" y="1360" width="7" height="6" />
        <cmp x="529" y="1352" width="40" height="73" />
        <cmp x="586" y="1304" width="35" height="67" />
        <cmp x="636" y="1302" width="25" height="62" />
      </word>
      <word id="h02-037-02-01" tag="IN" text="to">
        <cmp x="738" y="1316" width="22" height="70" />
        <cmp x="774" y="1356" width="22" height="23" />
      </word>
      <word id="h02-037-02-02" tag="ATI" text="the">
        <cmp x="869" y="1309" width="21" height="67" />
        <cmp x="909" y="1311" width="27" height="65" />
        <cmp x="955" y="1344" width="21" height="27" />
      </word>
      <word id="h02-037-02-03" tag="NN" text="notice">
        <cmp x="1065" y="1356" width="29" height="22" />
        <cmp x="1109" y="1360" width="18" height="17" />
        <cmp x="1139" y="1302" width="37" height="70" />
        <cmp x="1166" y="1296" width="7" height="6" />
        <cmp x="1176" y="1360" width="7" height="10" />
        <cmp x="1196" y="1314" width="6" height="11" />
        <cmp x="1199" y="1311" width="3" height="3" />
        <cmp x="1204" y="1349" width="21" height="19" />
        <cmp x="1238" y="1349" width="25" height="23" />
      </word>
      <word id="h02-037-02-04" tag="INO" text="of">
        <cmp x="1347" y="1344" width="24" height="27" />
        <cmp x="1375" y="1261" width="65" height="161" />
      </word>
      <word id="h02-037-02-05" tag="ATI" text="the">
        <cmp x="1500" y="1292" width="29" height="73" />
        <cmp x="1534" y="1295" width="31" height="67" />
        <cmp x="1578" y="1336" width="24" height="30" />
      </word>
      <word id="h02-037-02-06" tag="NR" text="Home">
        <cmp x="1682" y="1300" width="23" height="62" />
        <cmp x="1711" y="1299" width="21" height="59" />
        <cmp x="1732" y="1336" width="24" height="20" />
        <cmp x="1767" y="1338" width="62" height="19" />
        <cmp x="1846" y="1339" width="25" height="28" />
      </word>
      <word id="h02-037-02-07" tag="NN" text="Office">
        <cmp x="1960" y="1315" width="44" height="38" />
        <cmp x="1960" y="1243" width="115" height="190" />
        <cmp x="1981" y="1315" width="6" height="5" />
        <cmp x="2007" y="1323" width="7" height="3" />
        <cmp x="2015" y="1319" width="7" height="5" />
        <cmp x="2017" y="1243" width="94" height="156" />
        <cmp x="2063" y="1345" width="14" height="21" />
        <cmp x="2097" y="1291" width="15" height="26" />
        <cmp x="2098" y="1351" width="18" height="16" />
        <cmp x="2131" y="1337" width="29" height="33" />
      </word>
      <upper-contour>
        <point x="367" y="1239" />
        <point x="2036" y="1239" />
      </upper-contour>
      <lower-contour>
        <point x="373" y="1433" />
        <point x="2040" y="1433" />
      </lower-contour>
    </line>
    <line ass="141" asx="0" asy="1461" character-width="999" dss="141" dsx="0" dsy="1604" fd0="14789" fd1="3613" fd2="749" filter-width="3" id="h02-037-03" lbs="142" lbx="0" lby="1556" segmentation="ok" slant="72000" stroke-width="5096" threshold="176" text="at that time in which exceptionally" ubs="138" ubx="0" uby="1532">
      <word id="h02-037-03-00" tag="IN" text="at">
        <cmp x="375" y="1531" width="44" height="30" />
        <cmp x="436" y="1464" width="25" height="89" />
      </word>
      <word id="h02-037-03-01" tag="DT" text="that">
        <cmp x="546" y="1475" width="19" height="79" />
        <cmp x="583" y="1479" width="38" height="72" />
        <cmp x="639" y="1531" width="17" height="24" />
        <cmp x="676" y="1469" width="31" height="88" />
      </word>
      <word id="h02-037-03-02" tag="NN" text="time">
        <cmp x="788" y="1488" width="23" height="74" />
        <cmp x="822" y="1536" width="9" height="22" />
        <cmp x="840" y="1493" width="4" height="11" />
        <cmp x="842" y="1540" width="68" height="21" />
        <cmp x="920" y="1531" width="33" height="31" />
      </word>
      <word id="h02-037-03-03" tag="IN" text="in">
        <cmp x="1025" y="1539" width="6" height="15" />
        <cmp x="1027" y="1535" width="3" height="3" />
        <cmp x="1041" y="1493" width="6" height="19" />
        <cmp x="1046" y="1532" width="37" height="22" />
      </word>
      <word id="h02-037-03-04" tag="WDT" text="which">
        <cmp x="1147" y="1529" width="73" height="29" />
        <cmp x="1233" y="1475" width="37" height="81" />
        <cmp x="1283" y="1527" width="13" height="29" />
        <cmp x="1309" y="1478" width="3" height="9" />
        <cmp x="1324" y="1525" width="20" height="24" />
        <cmp x="1371" y="1459" width="29" height="94" />
      </word>
      <word id="h02-037-03-05" tag="RB" text="exceptionally">
        <cmp x="1499" y="1523" width="50" height="42" />
        <cmp x="1552" y="1531" width="28" height="30" />
        <cmp x="1598" y="1530" width="26" height="30" />
        <cmp x="1643" y="1532" width="32" height="25" />
        <cmp x="1680" y="1532" width="54" height="69" />
        <cmp x="1746" y="1464" width="39" height="85" />
        <cmp x="1780" y="1528" width="14" height="16" />
        <cmp x="1813" y="1524" width="23" height="19" />
        <cmp x="1821" y="1471" width="3" height="4" />
        <cmp x="1849" y="1526" width="26" height="14" />
        <cmp x="1896" y="1521" width="36" height="24" />
        <cmp x="1945" y="1485" width="37" height="55" />
        <cmp x="1963" y="1472" width="42" height="72" />
        <cmp x="1984" y="1527" width="55" height="55" />
      </word>
      <upper-contour>
        <point x="373" y="1433" />
        <point x="2040" y="1433" />
      </upper-contour>
      <lower-contour>
        <point x="373" y="1602" />
        <point x="2040" y="1602" />
      </lower-contour>
    </line>
    <line ass="129" asx="0" asy="1607" character-width="999" dss="129" dsx="0" dsy="1806" fd0="15063" fd1="2853" fd2="83" filter-width="3" id="h02-037-04" lbs="123" lbx="0" lby="1732" segmentation="ok" slant="63000" stroke-width="5016" threshold="182" text="large quantities of morphine and heroin" ubs="141" ubx="0" uby="1713">
      <word id="h02-037-04-00" tag="JJ" text="large">
        <cmp x="374" y="1662" width="15" height="75" />
        <cmp x="406" y="1704" width="21" height="28" />
        <cmp x="438" y="1715" width="23" height="15" />
        <cmp x="462" y="1708" width="45" height="93" />
        <cmp x="506" y="1698" width="44" height="41" />
      </word>
      <word id="h02-037-04-01" tag="NNS" text="quantities">
        <cmp x="635" y="1702" width="52" height="97" />
        <cmp x="691" y="1707" width="45" height="32" />
        <cmp x="749" y="1708" width="30" height="29" />
        <cmp x="782" y="1719" width="31" height="20" />
        <cmp x="815" y="1653" width="41" height="88" />
        <cmp x="848" y="1717" width="12" height="20" />
        <cmp x="881" y="1676" width="3" height="4" />
        <cmp x="881" y="1668" width="39" height="65" />
        <cmp x="912" y="1716" width="13" height="20" />
        <cmp x="933" y="1712" width="32" height="24" />
        <cmp x="941" y="1662" width="6" height="17" />
        <cmp x="966" y="1708" width="32" height="37" />
      </word>
      <word id="h02-037-04-02" tag="INO" text="of">
        <cmp x="1078" y="1718" width="43" height="24" />
        <cmp x="1102" y="1737" width="41" height="67" />
        <cmp x="1130" y="1715" width="4" height="3" />
        <cmp x="1134" y="1605" width="63" height="132" />
        <cmp x="1141" y="1705" width="3" height="4" />
      </word>
      <word id="h02-037-04-03" tag="NN" text="morphine">
        <cmp x="1241" y="1714" width="58" height="25" />
        <cmp x="1311" y="1717" width="23" height="22" />
        <cmp x="1342" y="1722" width="26" height="14" />
        <cmp x="1365" y="1710" width="58" height="82" />
        <cmp x="1437" y="1678" width="40" height="69" />
        <cmp x="1462" y="1727" width="20" height="17" />
        <cmp x="1488" y="1734" width="8" height="8" />
        <cmp x="1512" y="1728" width="27" height="14" />
        <cmp x="1516" y="1685" width="8" height="18" />
        <cmp x="1559" y="1715" width="24" height="28" />
      </word>
      <word id="h02-037-04-04" tag="CC" text="and">
        <cmp x="1678" y="1710" width="46" height="25" />
        <cmp x="1742" y="1712" width="29" height="21" />
        <cmp x="1792" y="1709" width="32" height="17" />
        <cmp x="1824" y="1653" width="44" height="75" />
      </word>
      <word id="h02-037-04-05" tag="NN" text="heroin">
        <cmp x="1929" y="1660" width="42" height="75" />
        <cmp x="1983" y="1700" width="71" height="27" />
        <cmp x="2057" y="1706" width="26" height="21" />
        <cmp x="2086" y="1714" width="15" height="17" />
        <cmp x="2108" y="1718" width="18" height="23" />
        <cmp x="2118" y="1660" width="20" height="26" />
      </word>
      <upper-contour>
        <point x="373" y="1602" />
        <point x="2040" y="1602" />
      </upper-contour>
      <lower-contour>
        <point x="372" y="1804" />
        <point x="2139" y="1804" />
      </lower-contour>
    </line>
    <line ass="-23" asx="0" asy="1820" character-width="999" dss="-23" dsx="0" dsy="1965" fd0="15282" fd1="2913" fd2="-102" filter-width="3" id="h02-037-05" lbs="-39" lbx="0" lby="1918" segmentation="ok" slant="63000" stroke-width="5219" threshold="182" text="had been supplied to particular practi-" ubs="7" ubx="0" uby="1893">
      <word id="h02-037-05-00" tag="HVD" text="had">
        <cmp x="374" y="1845" width="35" height="76" />
        <cmp x="429" y="1885" width="36" height="33" />
        <cmp x="478" y="1826" width="62" height="88" />
      </word>
      <word id="h02-037-05-01" tag="BEN" text="been">
        <cmp x="630" y="1847" width="35" height="70" />
        <cmp x="675" y="1881" width="38" height="38" />
        <cmp x="708" y="1881" width="84" height="35" />
      </word>
      <word id="h02-037-05-02" tag="VBN" text="supplied">
        <cmp x="901" y="1885" width="43" height="29" />
        <cmp x="946" y="1892" width="39" height="22" />
        <cmp x="975" y="1888" width="49" height="66" />
        <cmp x="1008" y="1888" width="50" height="63" />
        <cmp x="1078" y="1837" width="46" height="81" />
        <cmp x="1099" y="1908" width="4" height="4" />
        <cmp x="1129" y="1894" width="24" height="28" />
        <cmp x="1132" y="1858" width="10" height="9" />
        <cmp x="1169" y="1841" width="77" height="77" />
      </word>
      <word id="h02-037-05-03" tag="IN" text="to">
        <cmp x="1328" y="1853" width="39" height="74" />
        <cmp x="1363" y="1895" width="26" height="24" />
      </word>
      <word id="h02-037-05-04" tag="JJ" text="particular">
        <cmp x="1417" y="1953" width="10" height="14" />
        <cmp x="1426" y="1896" width="29" height="57" />
        <cmp x="1452" y="1887" width="35" height="36" />
        <cmp x="1494" y="1895" width="34" height="29" />
        <cmp x="1507" y="1896" width="8" height="6" />
        <cmp x="1530" y="1903" width="19" height="15" />
        <cmp x="1571" y="1834" width="48" height="83" />
        <cmp x="1618" y="1827" width="7" height="5" />
        <cmp x="1631" y="1895" width="23" height="24" />
        <cmp x="1633" y="1843" width="9" height="13" />
        <cmp x="1671" y="1892" width="33" height="25" />
        <cmp x="1725" y="1839" width="40" height="76" />
        <cmp x="1748" y="1883" width="31" height="29" />
        <cmp x="1784" y="1893" width="29" height="18" />
      </word>
      <word id="h02-037-05-05" tag="NNS-" text="practi-">
        <cmp x="1866" y="1873" width="65" height="91" />
        <cmp x="1932" y="1898" width="20" height="13" />
        <cmp x="1977" y="1885" width="36" height="32" />
        <cmp x="2022" y="1878" width="29" height="34" />
        <cmp x="2069" y="1822" width="42" height="87" />
        <cmp x="2126" y="1822" width="14" height="27" />
        <cmp x="2126" y="1900" width="23" height="8" />
      </word>
      <upper-contour>
        <point x="372" y="1804" />
        <point x="2139" y="1804" />
      </upper-contour>
      <lower-contour>
        <point x="379" y="1967" />
        <point x="2125" y="1967" />
      </lower-contour>
    </line>
    <line ass="854" asx="0" asy="2003" character-width="999" dss="854" dsx="0" dsy="2159" fd0="15358" fd1="3195" fd2="637" filter-width="3" id="h02-037-06" lbs="900" lbx="0" lby="2108" segmentation="ok" slant="63000" stroke-width="5062" threshold="191" text="tioners or prescribed for individual" ubs="764" ubx="0" uby="2090">
      <word id="h02-037-06-00" tag="-NNS" text="tioners">
        <cmp x="381" y="2020" width="14" height="74" />
        <cmp x="419" y="2076" width="6" height="18" />
        <cmp x="425" y="2014" width="8" height="13" />
        <cmp x="457" y="2072" width="18" height="26" />
        <cmp x="485" y="2078" width="38" height="17" />
        <cmp x="540" y="2065" width="70" height="32" />
        <cmp x="615" y="2069" width="21" height="35" />
      </word>
      <word id="h02-037-06-01" tag="CC" text="or">
        <cmp x="770" y="2077" width="28" height="29" />
        <cmp x="807" y="2079" width="28" height="14" />
      </word>
      <word id="h02-037-06-02" tag="VBN" text="prescribed">
        <cmp x="919" y="2078" width="46" height="68" />
        <cmp x="978" y="2078" width="26" height="20" />
        <cmp x="1015" y="2072" width="31" height="27" />
        <cmp x="1064" y="2063" width="31" height="36" />
        <cmp x="1113" y="2067" width="19" height="33" />
        <cmp x="1133" y="2062" width="8" height="10" />
        <cmp x="1159" y="2079" width="30" height="16" />
        <cmp x="1204" y="2080" width="11" height="11" />
        <cmp x="1234" y="2007" width="11" height="22" />
        <cmp x="1239" y="2019" width="35" height="77" />
        <cmp x="1289" y="2063" width="34" height="25" />
        <cmp x="1309" y="2084" width="3" height="3" />
        <cmp x="1313" y="2083" width="4" height="3" />
        <cmp x="1337" y="2070" width="20" height="18" />
        <cmp x="1366" y="2008" width="47" height="71" />
      </word>
      <word id="h02-037-06-03" tag="IN" text="for">
        <cmp x="1488" y="1981" width="92" height="156" />
        <cmp x="1550" y="2066" width="29" height="30" />
        <cmp x="1584" y="2075" width="28" height="14" />
      </word>
      <word id="h02-037-06-04" tag="JJ" text="individual">
        <cmp x="1716" y="2064" width="13" height="27" />
        <cmp x="1737" y="2067" width="38" height="22" />
        <cmp x="1744" y="2017" width="12" height="22" />
        <cmp x="1800" y="1997" width="77" height="90" />
        <cmp x="1854" y="2071" width="6" height="7" />
        <cmp x="1875" y="2066" width="36" height="15" />
        <cmp x="1884" y="2009" width="15" height="15" />
        <cmp x="1911" y="2081" width="4" height="5" />
        <cmp x="1937" y="2030" width="3" height="5" />
        <cmp x="1939" y="2068" width="19" height="20" />
        <cmp x="1940" y="2023" width="10" height="7" />
        <cmp x="1968" y="2000" width="47" height="77" />
        <cmp x="1990" y="2062" width="37" height="24" />
        <cmp x="2039" y="2065" width="24" height="23" />
        <cmp x="2078" y="2013" width="46" height="75" />
      </word>
      <upper-contour>
        <point x="379" y="1967" />
        <point x="2125" y="1967" />
      </upper-contour>
      <lower-contour>
        <point x="380" y="2146" />
        <point x="1920" y="2146" />
      </lower-contour>
    </line>
    <line ass="172" asx="0" asy="2172" character-width="999" dss="172" dsx="0" dsy="2339" fd0="14765" fd1="3046" fd2="336" filter-width="3" id="h02-037-07" lbs="287" lbx="0" lby="2279" segmentation="ok" slant="66999" stroke-width="5207" threshold="182" text="cases. On further enquiry it was" ubs="-55" ubx="0" uby="2249">
      <word id="h02-037-07-00" tag="NNS" text="cases">
        <cmp x="382" y="2223" width="31" height="56" />
        <cmp x="426" y="2239" width="30" height="33" />
        <cmp x="457" y="2244" width="25" height="35" />
        <cmp x="496" y="2243" width="27" height="29" />
        <cmp x="533" y="2239" width="27" height="32" />
      </word>
      <word id="h02-037-07-01" tag="." text=".">
        <cmp x="597" y="2275" width="5" height="6" />
      </word>
      <word id="h02-037-07-02" sentence-start="yes" tag="IN" text="On">
        <cmp x="672" y="2214" width="46" height="62" />
        <cmp x="719" y="2251" width="39" height="29" />
      </word>
      <word id="h02-037-07-03" tag="JJB" text="further">
        <cmp x="838" y="2170" width="75" height="140" />
        <cmp x="896" y="2253" width="31" height="20" />
        <cmp x="941" y="2253" width="29" height="17" />
        <cmp x="973" y="2175" width="46" height="103" />
        <cmp x="1006" y="2196" width="37" height="80" />
        <cmp x="1051" y="2244" width="75" height="26" />
      </word>
      <word id="h02-037-07-04" tag="NN" text="enquiry">
        <cmp x="1212" y="2233" width="100" height="43" />
        <cmp x="1316" y="2247" width="53" height="91" />
        <cmp x="1381" y="2247" width="40" height="28" />
        <cmp x="1433" y="2257" width="7" height="8" />
        <cmp x="1439" y="2249" width="4" height="6" />
        <cmp x="1456" y="2251" width="30" height="25" />
        <cmp x="1462" y="2198" width="7" height="14" />
        <cmp x="1500" y="2251" width="50" height="63" />
      </word>
      <word id="h02-037-07-05" tag="PP3" text="it">
        <cmp x="1630" y="2247" width="16" height="25" />
        <cmp x="1661" y="2193" width="41" height="85" />
        <cmp x="1670" y="2197" width="9" height="4" />
      </word>
      <word id="h02-037-07-06" tag="BEDZ" text="was">
        <cmp x="1754" y="2248" width="88" height="29" />
        <cmp x="1852" y="2250" width="27" height="21" />
        <cmp x="1891" y="2247" width="28" height="29" />
      </word>
      <upper-contour>
        <point x="380" y="2146" />
        <point x="1920" y="2146" />
      </upper-contour>
      <lower-contour>
        <point x="380" y="2338" />
        <point x="1890" y="2338" />
      </lower-contour>
    </line>
    <line ass="491" asx="0" asy="2377" character-width="999" dss="491" dsx="0" dsy="2481" fd0="14872" fd1="3095" fd2="246" filter-width="3" id="h02-037-08" lbs="502" lbx="0" lby="2462" segmentation="ok" slant="64000" stroke-width="5207" threshold="182" text="ascertained that sometimes the" ubs="471" ubx="0" uby="2441">
      <word id="h02-037-08-00" tag="VBN" text="ascertained">
        <cmp x="375" y="2426" width="57" height="33" />
        <cmp x="437" y="2430" width="22" height="35" />
        <cmp x="460" y="2430" width="5" height="3" />
        <cmp x="490" y="2418" width="27" height="39" />
        <cmp x="540" y="2421" width="53" height="37" />
        <cmp x="608" y="2385" width="31" height="73" />
        <cmp x="648" y="2434" width="43" height="23" />
        <cmp x="705" y="2438" width="12" height="14" />
        <cmp x="729" y="2398" width="9" height="21" />
        <cmp x="729" y="2437" width="28" height="16" />
        <cmp x="776" y="2426" width="27" height="28" />
        <cmp x="823" y="2436" width="19" height="19" />
        <cmp x="854" y="2377" width="42" height="73" />
        <cmp x="880" y="2396" width="3" height="4" />
      </word>
      <word id="h02-037-08-01" tag="CS" text="that">
        <cmp x="978" y="2379" width="39" height="85" />
        <cmp x="1018" y="2386" width="40" height="70" />
        <cmp x="1075" y="2428" width="26" height="24" />
        <cmp x="1089" y="2441" width="5" height="6" />
        <cmp x="1108" y="2376" width="44" height="80" />
      </word>
      <word id="h02-037-08-02" tag="RB" text="sometimes">
        <cmp x="1224" y="2422" width="43" height="49" />
        <cmp x="1225" y="2460" width="7" height="6" />
        <cmp x="1265" y="2429" width="3" height="6" />
        <cmp x="1273" y="2433" width="25" height="21" />
        <cmp x="1302" y="2437" width="80" height="17" />
        <cmp x="1393" y="2426" width="22" height="27" />
        <cmp x="1437" y="2368" width="53" height="88" />
        <cmp x="1483" y="2365" width="5" height="3" />
        <cmp x="1499" y="2427" width="77" height="25" />
        <cmp x="1513" y="2379" width="7" height="17" />
        <cmp x="1595" y="2423" width="30" height="24" />
        <cmp x="1641" y="2414" width="27" height="38" />
      </word>
      <word id="h02-037-08-03" tag="ATI" text="the">
        <cmp x="1752" y="2377" width="50" height="67" />
        <cmp x="1803" y="2365" width="46" height="79" />
        <cmp x="1863" y="2409" width="26" height="30" />
      </word>
      <upper-contour>
        <point x="380" y="2338" />
        <point x="1890" y="2338" />
      </upper-contour>
      <lower-contour>
        <point x="382" y="2472" />
        <point x="1890" y="2472" />
      </lower-contour>
    </line>
    <line ass="-225" asx="0" asy="2527" character-width="999" dss="-225" dsx="0" dsy="2677" fd0="15254" fd1="3126" fd2="503" filter-width="3" id="h02-037-09" lbs="-222" lbx="0" lby="2626" segmentation="err" slant="63000" stroke-width="5146" threshold="182" text="doctor had ordered these drugs simply" ubs="-232" ubx="0" uby="2603">
      <word id="h02-037-09-00" tag="NN" text="doctor">
        <cmp x="384" y="2604" width="30" height="40" />
        <cmp x="416" y="2544" width="44" height="79" />
        <cmp x="440" y="2605" width="28" height="29" />
        <cmp x="483" y="2608" width="20" height="29" />
        <cmp x="522" y="2538" width="48" height="103" />
        <cmp x="569" y="2608" width="23" height="24" />
        <cmp x="583" y="2606" width="4" height="3" />
        <cmp x="608" y="2619" width="21" height="6" />
      </word>
      <word id="h02-037-09-01" tag="HVD" text="had">
        <cmp x="733" y="2552" width="40" height="72" />
        <cmp x="790" y="2602" width="30" height="26" />
        <cmp x="830" y="2610" width="20" height="14" />
        <cmp x="850" y="2550" width="40" height="75" />
      </word>
      <word id="h02-037-09-02" tag="VBN" text="ordered">
        <cmp x="976" y="2603" width="22" height="32" />
        <cmp x="1010" y="2619" width="23" height="10" />
        <cmp x="1018" y="2674" width="11" height="9" />
        <cmp x="1027" y="2670" width="5" height="4" />
        <cmp x="1047" y="2620" width="17" height="16" />
        <cmp x="1074" y="2548" width="42" height="78" />
        <cmp x="1094" y="2603" width="58" height="28" />
        <cmp x="1157" y="2600" width="41" height="32" />
        <cmp x="1205" y="2603" width="20" height="20" />
        <cmp x="1226" y="2543" width="46" height="82" />
      </word>
      <word id="h02-037-09-03" tag="DTS" text="these">
        <cmp x="1356" y="2543" width="56" height="98" />
        <cmp x="1411" y="2551" width="48" height="83" />
        <cmp x="1468" y="2596" width="33" height="36" />
        <cmp x="1508" y="2597" width="34" height="43" />
        <cmp x="1537" y="2596" width="30" height="31" />
      </word>
      <word id="h02-037-09-04" tag="NNS" text="drugs">
        <cmp x="1646" y="2605" width="28" height="37" />
        <cmp x="1688" y="2535" width="49" height="100" />
        <cmp x="1719" y="2616" width="19" height="12" />
        <cmp x="1756" y="2615" width="20" height="18" />
        <cmp x="1777" y="2614" width="18" height="14" />
        <cmp x="1790" y="2675" width="9" height="5" />
        <cmp x="1800" y="2611" width="47" height="71" />
        <cmp x="1856" y="2600" width="34" height="37" />
      </word>
      <word id="h02-037-09-05" tag="RB" text="simply">
        <cmp x="1963" y="2597" width="15" height="35" />
        <cmp x="2002" y="2599" width="17" height="27" />
        <cmp x="2022" y="2608" width="56" height="17" />
        <cmp x="2039" y="2553" width="5" height="9" />
        <cmp x="2061" y="2595" width="64" height="73" />
        <cmp x="2137" y="2553" width="41" height="75" />
        <cmp x="2143" y="2606" width="58" height="68" />
        <cmp x="2199" y="2610" width="6" height="4" />
      </word>
      <upper-contour>
        <point x="382" y="2472" />
        <point x="1890" y="2472" />
      </upper-contour>
    </line>
  </handwritten-part>
</form>

