<?xml version="1.0" encoding="ISO-8859-1"?>

<!DOCTYPE form SYSTEM 'http://www.iam.unibe.ch/~fki/iamdb/form-metadata.dtd'>

<form created="2002-01-24" height="3542" id="h02-035" last-modified="2002-07-24" skew="30" status="final" version="3.0_beta" width="2479" writer-id="370">
  <machine-printed-part>
    <machine-print-line text="11. The main tasks of the Rolleston Committee, whose advice we were invited to" />
    <machine-print-line text="review, were to advise on: (a) the circumstances, if any, in which the supply of mor-" />
    <machine-print-line text="phine and heroin, and preparations containing these substances, to persons addicted" />
    <machine-print-line text="to those drugs might be regarded as medically advisable; (b) the precautions which" />
    <machine-print-line text="medical practitioners administering or prescribing morphine or heroin should adopt" />
    <machine-print-line text="to avoid abuse and any administrative measures that seemed expedient to secure" />
    <machine-print-line text="observance of those precautions." />
  </machine-printed-part>
  <handwritten-part>
    <line ass="-359" asx="0" asy="940" character-width="999" dss="-359" dsx="0" dsy="1017" fd0="14249" fd1="3031" fd2="-1603" filter-width="3" id="h02-035-00" lbs="-374" lbx="0" lby="989" segmentation="ok" slant="112000" stroke-width="5596" threshold="176" text="The main tasks of the Rolleston Committee, whose advice" ubs="-329" ubx="0" uby="962">
      <word id="h02-035-00-00" sentence-start="yes" tag="ATI" text="The">
        <cmp x="374" y="951" width="40" height="37" />
        <cmp x="425" y="954" width="77" height="42" />
        <cmp x="474" y="964" width="16" height="16" />
      </word>
      <word id="h02-035-00-01" tag="JJB" text="main">
        <cmp x="522" y="959" width="49" height="32" />
        <cmp x="572" y="964" width="36" height="29" />
        <cmp x="607" y="968" width="15" height="21" />
        <cmp x="622" y="969" width="18" height="23" />
        <cmp x="624" y="957" width="36" height="31" />
      </word>
      <word id="h02-035-00-02" tag="NNS" text="tasks">
        <cmp x="679" y="947" width="29" height="47" />
        <cmp x="709" y="962" width="37" height="30" />
        <cmp x="743" y="963" width="40" height="34" />
        <cmp x="774" y="948" width="48" height="49" />
        <cmp x="817" y="962" width="41" height="35" />
      </word>
      <word id="h02-035-00-03" tag="INO" text="of">
        <cmp x="885" y="971" width="32" height="27" />
        <cmp x="917" y="954" width="37" height="61" />
      </word>
      <word id="h02-035-00-04" tag="ATI" text="the">
        <cmp x="972" y="956" width="32" height="47" />
        <cmp x="998" y="958" width="82" height="38" />
      </word>
      <word id="h02-035-00-05" tag="NP" text="Rolleston">
        <cmp x="1103" y="960" width="64" height="45" />
        <cmp x="1170" y="967" width="20" height="37" />
        <cmp x="1184" y="960" width="62" height="40" />
        <cmp x="1244" y="971" width="46" height="32" />
        <cmp x="1255" y="992" width="17" height="10" />
        <cmp x="1264" y="970" width="9" height="6" />
        <cmp x="1278" y="956" width="33" height="43" />
        <cmp x="1311" y="972" width="35" height="32" />
        <cmp x="1351" y="967" width="33" height="32" />
      </word>
      <word id="h02-035-00-06" tag="NN" text="Committee">
        <cmp x="1414" y="962" width="78" height="40" />
        <cmp x="1453" y="963" width="5" height="4" />
        <cmp x="1497" y="964" width="49" height="37" />
        <cmp x="1545" y="957" width="46" height="44" />
        <cmp x="1598" y="965" width="10" height="24" />
        <cmp x="1611" y="953" width="39" height="45" />
        <cmp x="1652" y="964" width="87" height="40" />
      </word>
      <word id="h02-035-00-07" tag="," text=",">
        <cmp x="1770" y="1001" width="12" height="28" />
      </word>
      <word id="h02-035-00-08" tag="WP$" text="whose">
        <cmp x="1802" y="970" width="48" height="29" />
        <cmp x="1819" y="977" width="6" height="4" />
        <cmp x="1850" y="958" width="37" height="46" />
        <cmp x="1894" y="973" width="23" height="30" />
        <cmp x="1920" y="969" width="70" height="40" />
        <cmp x="1925" y="998" width="14" height="9" />
      </word>
      <word id="h02-035-00-09" tag="NN" text="advice">
        <cmp x="2027" y="953" width="86" height="47" />
        <cmp x="2114" y="978" width="28" height="28" />
        <cmp x="2146" y="954" width="4" height="6" />
        <cmp x="2151" y="976" width="5" height="7" />
        <cmp x="2153" y="973" width="85" height="42" />
      </word>
      <lower-contour>
        <point x="381" y="1030" />
        <point x="2022" y="1030" />
      </lower-contour>
    </line>
    <line ass="-414" asx="0" asy="1108" character-width="999" dss="-414" dsx="0" dsy="1184" fd0="14039" fd1="2827" fd2="-1655" filter-width="3" id="h02-035-01" lbs="-348" lbx="0" lby="1171" segmentation="err" slant="119000" stroke-width="5677" threshold="176" text="we were invited to review, were to advise on: (a) the" ubs="-546" ubx="0" uby="1142">
      <word id="h02-035-01-00" tag="PP1AS" text="we">
        <cmp x="383" y="1133" width="110" height="39" />
      </word>
      <word id="h02-035-01-01" tag="BED" text="were">
        <cmp x="512" y="1146" width="5" height="3" />
        <cmp x="512" y="1144" width="163" height="35" />
      </word>
      <word id="h02-035-01-02" tag="VBN" text="invited">
        <cmp x="698" y="1139" width="7" height="7" />
        <cmp x="704" y="1159" width="13" height="22" />
        <cmp x="716" y="1149" width="37" height="31" />
        <cmp x="751" y="1150" width="34" height="28" />
        <cmp x="777" y="1135" width="9" height="8" />
        <cmp x="787" y="1153" width="17" height="30" />
        <cmp x="802" y="1136" width="33" height="46" />
        <cmp x="835" y="1134" width="85" height="51" />
      </word>
      <word id="h02-035-01-03" tag="TO" text="to">
        <cmp x="946" y="1132" width="31" height="44" />
        <cmp x="980" y="1149" width="34" height="34" />
      </word>
      <word id="h02-035-01-04" tag="VB" text="review">
        <cmp x="1037" y="1143" width="25" height="37" />
        <cmp x="1057" y="1149" width="48" height="32" />
        <cmp x="1099" y="1152" width="28" height="28" />
        <cmp x="1126" y="1153" width="56" height="30" />
        <cmp x="1149" y="1155" width="22" height="21" />
        <cmp x="1175" y="1154" width="51" height="27" />
      </word>
      <word id="h02-035-01-05" tag="," text=",">
        <cmp x="1233" y="1171" width="11" height="19" />
      </word>
      <word id="h02-035-01-06" tag="BED" text="were">
        <cmp x="1254" y="1155" width="55" height="27" />
        <cmp x="1291" y="1154" width="14" height="13" />
        <cmp x="1313" y="1146" width="95" height="36" />
      </word>
      <word id="h02-035-01-07" tag="TO" text="to">
        <cmp x="1432" y="1143" width="81" height="41" />
      </word>
      <word id="h02-035-01-08" tag="VB" text="advise">
        <cmp x="1516" y="1165" width="31" height="16" />
        <cmp x="1535" y="1157" width="7" height="7" />
        <cmp x="1547" y="1159" width="15" height="19" />
        <cmp x="1562" y="1154" width="87" height="35" />
        <cmp x="1621" y="1153" width="31" height="24" />
      </word>
      <word id="h02-035-01-09" tag="IN" text="on">
        <cmp x="1678" y="1154" width="36" height="30" />
      </word>
      <word id="h02-035-01-10" tag=":" text=":" />
      <word id="h02-035-01-11" tag="(" text="(">
        <cmp x="1723" y="1147" width="29" height="36" />
      </word>
      <word id="h02-035-01-12" tag="ZZ" text="a">
        <cmp x="1773" y="1152" width="9" height="10" />
        <cmp x="1775" y="1167" width="15" height="13" />
        <cmp x="1781" y="1151" width="4" height="4" />
      </word>
      <word id="h02-035-01-13" tag=")" text=")">
        <cmp x="1807" y="1132" width="24" height="66" />
        <cmp x="1832" y="1155" width="37" height="26" />
        <cmp x="1855" y="1123" width="24" height="69" />
      </word>
      <word id="h02-035-01-14" tag="ATI" text="the">
        <cmp x="1898" y="1146" width="38" height="33" />
        <cmp x="1908" y="1140" width="5" height="8" />
        <cmp x="1933" y="1144" width="88" height="42" />
      </word>
      <upper-contour>
        <point x="381" y="1030" />
        <point x="2022" y="1030" />
      </upper-contour>
      <lower-contour>
        <point x="381" y="1198" />
        <point x="2022" y="1198" />
      </lower-contour>
    </line>
    <line ass="-423" asx="0" asy="1288" character-width="999" dss="-423" dsx="0" dsy="1386" fd0="14134" fd1="3258" fd2="-1447" filter-width="3" id="h02-035-02" lbs="-431" lbx="0" lby="1350" segmentation="ok" slant="114000" stroke-width="5708" threshold="176" text="circumstances, if any, in which the supply of morphine" ubs="-407" ubx="0" uby="1321">
      <word id="h02-035-02-00" tag="NNS" text="circumstances">
        <cmp x="377" y="1320" width="48" height="32" />
        <cmp x="419" y="1324" width="16" height="19" />
        <cmp x="431" y="1321" width="25" height="30" />
        <cmp x="457" y="1327" width="47" height="30" />
        <cmp x="477" y="1326" width="12" height="12" />
        <cmp x="502" y="1328" width="42" height="25" />
        <cmp x="544" y="1315" width="52" height="40" />
        <cmp x="603" y="1324" width="48" height="25" />
        <cmp x="615" y="1344" width="21" height="6" />
        <cmp x="641" y="1304" width="31" height="46" />
        <cmp x="673" y="1324" width="40" height="34" />
        <cmp x="717" y="1321" width="148" height="37" />
        <cmp x="846" y="1327" width="11" height="10" />
      </word>
      <word id="h02-035-02-01" tag="," text=",">
        <cmp x="882" y="1352" width="7" height="22" />
      </word>
      <word id="h02-035-02-02" tag="CS" text="if">
        <cmp x="907" y="1310" width="9" height="6" />
        <cmp x="912" y="1334" width="14" height="22" />
        <cmp x="926" y="1314" width="43" height="64" />
        <cmp x="953" y="1317" width="3" height="5" />
      </word>
      <word id="h02-035-02-03" tag="DTI" text="any">
        <cmp x="977" y="1331" width="46" height="28" />
        <cmp x="1020" y="1326" width="26" height="31" />
        <cmp x="1053" y="1331" width="29" height="56" />
      </word>
      <word id="h02-035-02-04" tag="," text=",">
        <cmp x="1104" y="1354" width="10" height="20" />
      </word>
      <word id="h02-035-02-05" tag="IN" text="in">
        <cmp x="1128" y="1310" width="6" height="5" />
        <cmp x="1140" y="1329" width="9" height="23" />
        <cmp x="1156" y="1321" width="36" height="35" />
      </word>
      <word id="h02-035-02-06" tag="WDT" text="which">
        <cmp x="1210" y="1335" width="53" height="22" />
        <cmp x="1248" y="1333" width="10" height="5" />
        <cmp x="1258" y="1320" width="37" height="42" />
        <cmp x="1297" y="1313" width="92" height="47" />
      </word>
      <word id="h02-035-02-07" tag="ATI" text="the">
        <cmp x="1400" y="1319" width="41" height="42" />
        <cmp x="1435" y="1317" width="76" height="47" />
      </word>
      <word id="h02-035-02-08" tag="NN" text="supply">
        <cmp x="1529" y="1331" width="73" height="33" />
        <cmp x="1544" y="1331" width="12" height="12" />
        <cmp x="1610" y="1331" width="51" height="55" />
        <cmp x="1661" y="1315" width="18" height="45" />
        <cmp x="1689" y="1332" width="30" height="67" />
      </word>
      <word id="h02-035-02-09" tag="INO" text="of">
        <cmp x="1744" y="1338" width="32" height="25" />
        <cmp x="1779" y="1317" width="42" height="69" />
      </word>
      <word id="h02-035-02-10" tag="NN" text="morphine">
        <cmp x="1843" y="1323" width="48" height="31" />
        <cmp x="1892" y="1326" width="35" height="31" />
        <cmp x="1929" y="1325" width="22" height="35" />
        <cmp x="1959" y="1322" width="36" height="56" />
        <cmp x="1995" y="1305" width="41" height="51" />
        <cmp x="2024" y="1304" width="9" height="8" />
        <cmp x="2040" y="1329" width="12" height="23" />
        <cmp x="2057" y="1317" width="76" height="45" />
      </word>
      <upper-contour>
        <point x="381" y="1198" />
        <point x="2022" y="1198" />
      </upper-contour>
      <lower-contour>
        <point x="375" y="1399" />
        <point x="2134" y="1399" />
      </lower-contour>
    </line>
    <line ass="-209" asx="0" asy="1481" character-width="999" dss="-209" dsx="0" dsy="1579" fd0="14057" fd1="2718" fd2="-1767" filter-width="3" id="h02-035-03" lbs="-157" lbx="0" lby="1534" segmentation="ok" slant="113000" stroke-width="5704" threshold="176" text="and heroin, and preparations containing these substances," ubs="-313" ubx="0" uby="1501">
      <word id="h02-035-03-00" tag="CC" text="and">
        <cmp x="367" y="1499" width="44" height="34" />
        <cmp x="410" y="1485" width="89" height="53" />
      </word>
      <word id="h02-035-03-01" tag="NN" text="heroin">
        <cmp x="531" y="1485" width="37" height="46" />
        <cmp x="565" y="1497" width="61" height="38" />
        <cmp x="625" y="1504" width="35" height="32" />
        <cmp x="654" y="1488" width="4" height="4" />
        <cmp x="663" y="1506" width="13" height="25" />
        <cmp x="673" y="1492" width="46" height="43" />
      </word>
      <word id="h02-035-03-02" tag="," text=",">
        <cmp x="742" y="1526" width="9" height="30" />
      </word>
      <word id="h02-035-03-03" tag="CC" text="and">
        <cmp x="768" y="1506" width="39" height="30" />
        <cmp x="810" y="1503" width="29" height="32" />
        <cmp x="840" y="1489" width="42" height="47" />
      </word>
      <word id="h02-035-03-04" tag="NNS" text="preparations">
        <cmp x="913" y="1504" width="31" height="56" />
        <cmp x="945" y="1504" width="23" height="34" />
        <cmp x="960" y="1504" width="42" height="34" />
        <cmp x="1005" y="1505" width="32" height="56" />
        <cmp x="1036" y="1509" width="40" height="29" />
        <cmp x="1078" y="1508" width="22" height="32" />
        <cmp x="1098" y="1507" width="49" height="36" />
        <cmp x="1139" y="1488" width="32" height="48" />
        <cmp x="1172" y="1491" width="8" height="6" />
        <cmp x="1177" y="1511" width="47" height="31" />
        <cmp x="1231" y="1506" width="60" height="35" />
      </word>
      <word id="h02-035-03-05" tag="VBG" text="containing">
        <cmp x="1316" y="1513" width="71" height="34" />
        <cmp x="1391" y="1498" width="51" height="44" />
        <cmp x="1447" y="1509" width="44" height="31" />
        <cmp x="1479" y="1498" width="5" height="3" />
        <cmp x="1491" y="1519" width="15" height="18" />
        <cmp x="1502" y="1505" width="36" height="34" />
        <cmp x="1532" y="1496" width="5" height="4" />
        <cmp x="1539" y="1516" width="13" height="18" />
        <cmp x="1555" y="1506" width="84" height="80" />
      </word>
      <word id="h02-035-03-06" tag="DTS" text="these">
        <cmp x="1653" y="1493" width="36" height="43" />
        <cmp x="1683" y="1491" width="164" height="49" />
      </word>
      <word id="h02-035-03-07" tag="NNS" text="substances">
        <cmp x="1887" y="1504" width="44" height="32" />
        <cmp x="1896" y="1525" width="19" height="9" />
        <cmp x="1937" y="1511" width="34" height="23" />
        <cmp x="1973" y="1491" width="75" height="54" />
        <cmp x="2013" y="1530" width="17" height="16" />
        <cmp x="2043" y="1489" width="27" height="54" />
        <cmp x="2070" y="1507" width="40" height="29" />
        <cmp x="2116" y="1503" width="87" height="35" />
        <cmp x="2204" y="1500" width="34" height="37" />
      </word>
      <word id="h02-035-03-08" tag="," text=",">
        <cmp x="2244" y="1540" width="7" height="22" />
      </word>
      <upper-contour>
        <point x="375" y="1399" />
        <point x="2134" y="1399" />
      </upper-contour>
      <lower-contour>
        <point x="365" y="1587" />
        <point x="2242" y="1587" />
      </lower-contour>
    </line>
    <line ass="170" asx="0" asy="1661" character-width="999" dss="170" dsx="0" dsy="1760" fd0="13609" fd1="2772" fd2="-1680" filter-width="4" id="h02-035-04" lbs="154" lbx="0" lby="1718" segmentation="ok" slant="110000" stroke-width="5797" threshold="176" text="to persons addicted to those drugs might be regarded" ubs="201" ubx="0" uby="1686">
      <word id="h02-035-04-00" tag="IN" text="to">
        <cmp x="357" y="1661" width="31" height="47" />
        <cmp x="396" y="1685" width="34" height="31" />
      </word>
      <word id="h02-035-04-01" tag="NNS" text="persons">
        <cmp x="456" y="1686" width="96" height="52" />
        <cmp x="562" y="1676" width="100" height="43" />
        <cmp x="660" y="1680" width="44" height="38" />
      </word>
      <word id="h02-035-04-02" tag="VBN" text="addicted">
        <cmp x="738" y="1685" width="50" height="33" />
        <cmp x="789" y="1675" width="43" height="43" />
        <cmp x="833" y="1674" width="44" height="46" />
        <cmp x="876" y="1669" width="5" height="5" />
        <cmp x="885" y="1697" width="15" height="24" />
        <cmp x="899" y="1690" width="51" height="29" />
        <cmp x="933" y="1673" width="76" height="45" />
        <cmp x="1009" y="1676" width="41" height="44" />
      </word>
      <word id="h02-035-04-03" tag="IN" text="to">
        <cmp x="1075" y="1667" width="35" height="43" />
        <cmp x="1115" y="1685" width="27" height="31" />
      </word>
      <word id="h02-035-04-04" tag="DTS" text="those">
        <cmp x="1159" y="1672" width="39" height="44" />
        <cmp x="1198" y="1672" width="36" height="42" />
        <cmp x="1236" y="1691" width="33" height="26" />
        <cmp x="1270" y="1685" width="40" height="35" />
        <cmp x="1274" y="1709" width="21" height="12" />
        <cmp x="1311" y="1690" width="44" height="27" />
      </word>
      <word id="h02-035-04-05" tag="NNS" text="drugs">
        <cmp x="1385" y="1672" width="38" height="44" />
        <cmp x="1434" y="1683" width="24" height="34" />
        <cmp x="1468" y="1691" width="41" height="22" />
        <cmp x="1515" y="1688" width="44" height="62" />
        <cmp x="1554" y="1682" width="45" height="36" />
        <cmp x="1559" y="1714" width="18" height="6" />
      </word>
      <word id="h02-035-04-06" tag="MD" text="might">
        <cmp x="1635" y="1680" width="48" height="38" />
        <cmp x="1687" y="1666" width="5" height="7" />
        <cmp x="1690" y="1686" width="12" height="25" />
        <cmp x="1705" y="1691" width="41" height="64" />
        <cmp x="1735" y="1667" width="39" height="51" />
        <cmp x="1771" y="1666" width="29" height="43" />
      </word>
      <word id="h02-035-04-07" tag="BE" text="be">
        <cmp x="1829" y="1662" width="83" height="51" />
      </word>
      <word id="h02-035-04-08" tag="VBN" text="regarded">
        <cmp x="1937" y="1675" width="26" height="35" />
        <cmp x="1961" y="1682" width="43" height="31" />
        <cmp x="2006" y="1679" width="47" height="68" />
        <cmp x="2046" y="1678" width="45" height="33" />
        <cmp x="2098" y="1674" width="18" height="37" />
        <cmp x="2122" y="1667" width="76" height="45" />
        <cmp x="2200" y="1667" width="41" height="53" />
      </word>
      <upper-contour>
        <point x="365" y="1587" />
        <point x="2242" y="1587" />
      </upper-contour>
      <lower-contour>
        <point x="355" y="1755" />
        <point x="2242" y="1755" />
      </lower-contour>
    </line>
    <line ass="-208" asx="0" asy="1821" character-width="999" dss="-208" dsx="0" dsy="1933" fd0="13483" fd1="2983" fd2="-1701" filter-width="4" id="h02-035-05" lbs="-185" lbx="0" lby="1890" segmentation="err" slant="105000" stroke-width="5893" threshold="176" text="as medically advisable; (b) the precautions which medical" ubs="-256" ubx="0" uby="1858">
      <word id="h02-035-05-00" tag="CS" text="as">
        <cmp x="353" y="1854" width="47" height="37" />
        <cmp x="393" y="1850" width="47" height="38" />
      </word>
      <word id="h02-035-05-01" tag="RB" text="medically">
        <cmp x="483" y="1849" width="125" height="45" />
        <cmp x="617" y="1857" width="104" height="40" />
        <cmp x="664" y="1861" width="6" height="10" />
        <cmp x="714" y="1845" width="21" height="47" />
        <cmp x="726" y="1846" width="19" height="42" />
        <cmp x="752" y="1862" width="30" height="74" />
      </word>
      <word id="h02-035-05-02" tag="JJ" text="advisable">
        <cmp x="816" y="1847" width="74" height="51" />
        <cmp x="897" y="1864" width="33" height="32" />
        <cmp x="924" y="1845" width="9" height="6" />
        <cmp x="932" y="1866" width="15" height="26" />
        <cmp x="946" y="1863" width="79" height="36" />
        <cmp x="1020" y="1850" width="42" height="46" />
        <cmp x="1058" y="1842" width="60" height="55" />
      </word>
      <word id="h02-035-05-03" tag=";" text=";">
        <cmp x="1133" y="1878" width="8" height="5" />
        <cmp x="1138" y="1893" width="9" height="20" />
      </word>
      <word id="h02-035-05-04" tag="(" text="(">
        <cmp x="1164" y="1845" width="24" height="66" />
      </word>
      <word id="h02-035-05-05" tag="ZZ" text="b">
        <cmp x="1187" y="1853" width="4" height="4" />
        <cmp x="1187" y="1858" width="37" height="37" />
        <cmp x="1215" y="1837" width="23" height="79" />
      </word>
      <word id="h02-035-05-06" tag=")" text=")">
        <cmp x="1265" y="1851" width="28" height="42" />
      </word>
      <word id="h02-035-05-07" tag="ATI" text="the">
        <cmp x="1291" y="1850" width="76" height="47" />
      </word>
      <word id="h02-035-05-08" tag="NNS" text="precautions">
        <cmp x="1387" y="1865" width="43" height="53" />
        <cmp x="1431" y="1864" width="151" height="41" />
        <cmp x="1583" y="1854" width="57" height="43" />
        <cmp x="1639" y="1854" width="11" height="6" />
        <cmp x="1651" y="1871" width="13" height="24" />
        <cmp x="1668" y="1864" width="36" height="32" />
        <cmp x="1708" y="1857" width="25" height="40" />
        <cmp x="1733" y="1862" width="34" height="30" />
      </word>
      <word id="h02-035-05-09" tag="WDT" text="which">
        <cmp x="1801" y="1866" width="51" height="32" />
        <cmp x="1852" y="1852" width="29" height="44" />
        <cmp x="1883" y="1859" width="50" height="29" />
        <cmp x="1929" y="1839" width="36" height="55" />
      </word>
      <word id="h02-035-05-10" tag="JJ" text="medical">
        <cmp x="2023" y="1856" width="91" height="40" />
        <cmp x="2115" y="1832" width="34" height="64" />
        <cmp x="2155" y="1863" width="93" height="47" />
        <cmp x="2156" y="1841" width="5" height="8" />
        <cmp x="2251" y="1831" width="7" height="70" />
      </word>
      <upper-contour>
        <point x="355" y="1755" />
        <point x="2242" y="1755" />
      </upper-contour>
      <lower-contour>
        <point x="352" y="1936" />
        <point x="2220" y="1936" />
      </lower-contour>
    </line>
    <line ass="-167" asx="0" asy="2010" character-width="999" dss="-167" dsx="0" dsy="2132" fd0="13802" fd1="3181" fd2="-1667" filter-width="4" id="h02-035-06" lbs="-215" lbx="0" lby="2066" segmentation="ok" slant="108000" stroke-width="5789" threshold="176" text="practitioners administering or prescribing morphine or" ubs="-71" ubx="0" uby="2041">
      <word id="h02-035-06-00" tag="NNS" text="practitioners">
        <cmp x="354" y="2039" width="32" height="54" />
        <cmp x="393" y="2036" width="27" height="38" />
        <cmp x="423" y="2040" width="41" height="35" />
        <cmp x="469" y="2042" width="49" height="29" />
        <cmp x="499" y="2021" width="35" height="49" />
        <cmp x="534" y="2029" width="7" height="5" />
        <cmp x="542" y="2036" width="33" height="43" />
        <cmp x="572" y="2017" width="9" height="10" />
        <cmp x="584" y="2051" width="11" height="21" />
        <cmp x="599" y="2040" width="28" height="31" />
        <cmp x="632" y="2038" width="28" height="38" />
        <cmp x="670" y="2038" width="100" height="36" />
      </word>
      <word id="h02-035-06-01" tag="VBG" text="administering">
        <cmp x="806" y="2051" width="45" height="26" />
        <cmp x="852" y="2018" width="37" height="56" />
        <cmp x="897" y="2035" width="41" height="40" />
        <cmp x="942" y="2042" width="15" height="27" />
        <cmp x="964" y="2040" width="33" height="36" />
        <cmp x="990" y="2019" width="9" height="8" />
        <cmp x="1003" y="2043" width="13" height="22" />
        <cmp x="1023" y="2022" width="127" height="59" />
        <cmp x="1151" y="2018" width="10" height="9" />
        <cmp x="1162" y="2050" width="14" height="28" />
        <cmp x="1182" y="2042" width="33" height="36" />
        <cmp x="1216" y="2043" width="57" height="94" />
      </word>
      <word id="h02-035-06-02" tag="CC" text="or">
        <cmp x="1297" y="2045" width="39" height="39" />
        <cmp x="1340" y="2042" width="32" height="35" />
      </word>
      <word id="h02-035-06-03" tag="VBG" text="prescribing">
        <cmp x="1407" y="2038" width="38" height="63" />
        <cmp x="1444" y="2036" width="27" height="38" />
        <cmp x="1462" y="2037" width="46" height="37" />
        <cmp x="1508" y="2043" width="88" height="39" />
        <cmp x="1591" y="2045" width="23" height="35" />
        <cmp x="1619" y="2027" width="4" height="5" />
        <cmp x="1625" y="2050" width="11" height="22" />
        <cmp x="1639" y="2035" width="36" height="41" />
        <cmp x="1678" y="2027" width="5" height="6" />
        <cmp x="1683" y="2042" width="14" height="31" />
        <cmp x="1709" y="2036" width="29" height="39" />
        <cmp x="1746" y="2045" width="49" height="80" />
        <cmp x="1757" y="2099" width="20" height="24" />
      </word>
      <word id="h02-035-06-04" tag="NN" text="morphine">
        <cmp x="1829" y="2043" width="58" height="40" />
        <cmp x="1888" y="2048" width="34" height="31" />
        <cmp x="1924" y="2042" width="27" height="37" />
        <cmp x="1945" y="2047" width="39" height="56" />
        <cmp x="1982" y="2032" width="31" height="46" />
        <cmp x="2015" y="2026" width="8" height="7" />
        <cmp x="2025" y="2052" width="8" height="24" />
        <cmp x="2041" y="2038" width="94" height="37" />
      </word>
      <word id="h02-035-06-05" tag="CC" text="or">
        <cmp x="2150" y="2043" width="38" height="32" />
        <cmp x="2192" y="2041" width="27" height="37" />
      </word>
      <upper-contour>
        <point x="352" y="1936" />
        <point x="2220" y="1936" />
      </upper-contour>
      <lower-contour>
        <point x="352" y="2137" />
        <point x="1965" y="2137" />
      </lower-contour>
    </line>
    <line ass="-216" asx="0" asy="2194" character-width="999" dss="-216" dsx="0" dsy="2304" fd0="13993" fd1="2947" fd2="-1106" filter-width="4" id="h02-035-07" lbs="-190" lbx="0" lby="2251" segmentation="err" slant="108000" stroke-width="5828" threshold="176" text="heroin should adopt to avoid abuse and any" ubs="-267" ubx="0" uby="2218">
      <word id="h02-035-07-00" tag="NN" text="heroin">
        <cmp x="354" y="2203" width="25" height="46" />
        <cmp x="365" y="2216" width="32" height="24" />
        <cmp x="399" y="2214" width="66" height="41" />
        <cmp x="467" y="2218" width="34" height="34" />
        <cmp x="509" y="2217" width="16" height="33" />
        <cmp x="534" y="2216" width="44" height="36" />
      </word>
      <word id="h02-035-07-01" tag="MD" text="should">
        <cmp x="629" y="2202" width="74" height="54" />
        <cmp x="706" y="2225" width="34" height="32" />
        <cmp x="744" y="2228" width="37" height="23" />
        <cmp x="780" y="2198" width="25" height="64" />
        <cmp x="804" y="2201" width="39" height="62" />
      </word>
      <word id="h02-035-07-02" tag="VB" text="adopt">
        <cmp x="881" y="2220" width="43" height="37" />
        <cmp x="923" y="2202" width="39" height="57" />
        <cmp x="969" y="2231" width="32" height="28" />
        <cmp x="1000" y="2206" width="56" height="71" />
      </word>
      <word id="h02-035-07-03" tag="TO" text="to">
        <cmp x="1078" y="2202" width="38" height="46" />
        <cmp x="1125" y="2225" width="34" height="33" />
      </word>
      <word id="h02-035-07-04" tag="VB" text="avoid">
        <cmp x="1189" y="2225" width="46" height="34" />
        <cmp x="1235" y="2227" width="60" height="30" />
        <cmp x="1295" y="2207" width="8" height="6" />
        <cmp x="1299" y="2229" width="13" height="25" />
        <cmp x="1317" y="2199" width="50" height="59" />
      </word>
      <word id="h02-035-07-05" tag="NN" text="abuse">
        <cmp x="1408" y="2225" width="46" height="33" />
        <cmp x="1443" y="2208" width="46" height="48" />
        <cmp x="1488" y="2230" width="41" height="22" />
        <cmp x="1529" y="2214" width="44" height="45" />
        <cmp x="1575" y="2219" width="65" height="38" />
      </word>
      <word id="h02-035-07-06" tag="CC" text="and">
        <cmp x="1655" y="2226" width="49" height="30" />
        <cmp x="1707" y="2219" width="34" height="40" />
        <cmp x="1744" y="2207" width="42" height="55" />
      </word>
      <word id="h02-035-07-07" tag="DTI" text="any">
        <cmp x="1820" y="2221" width="46" height="32" />
        <cmp x="1872" y="2220" width="39" height="40" />
        <cmp x="1913" y="2225" width="51" height="88" />
      </word>
      <upper-contour>
        <point x="352" y="2137" />
        <point x="1965" y="2137" />
      </upper-contour>
      <lower-contour>
        <point x="352" y="2313" />
        <point x="1965" y="2313" />
      </lower-contour>
    </line>
    <line ass="-177" asx="0" asy="2366" character-width="999" dss="-177" dsx="0" dsy="2452" fd0="13213" fd1="2526" fd2="-2111" filter-width="4" id="h02-035-08" lbs="-112" lbx="0" lby="2428" segmentation="ok" slant="102000" stroke-width="5875" threshold="176" text="administrative measures that seemed expedient to" ubs="-308" ubx="0" uby="2395">
      <word id="h02-035-08-00" tag="JJ" text="administrative">
        <cmp x="350" y="2379" width="82" height="57" />
        <cmp x="436" y="2392" width="45" height="40" />
        <cmp x="479" y="2372" width="8" height="4" />
        <cmp x="489" y="2397" width="9" height="27" />
        <cmp x="504" y="2393" width="37" height="35" />
        <cmp x="537" y="2372" width="7" height="5" />
        <cmp x="548" y="2393" width="13" height="29" />
        <cmp x="563" y="2380" width="62" height="53" />
        <cmp x="628" y="2396" width="28" height="37" />
        <cmp x="651" y="2382" width="67" height="54" />
        <cmp x="722" y="2377" width="8" height="5" />
        <cmp x="729" y="2399" width="14" height="29" />
        <cmp x="750" y="2392" width="30" height="38" />
        <cmp x="781" y="2395" width="51" height="40" />
      </word>
      <word id="h02-035-08-01" tag="NNS" text="measures">
        <cmp x="861" y="2392" width="56" height="44" />
        <cmp x="924" y="2400" width="48" height="35" />
        <cmp x="976" y="2407" width="50" height="32" />
        <cmp x="1022" y="2406" width="43" height="30" />
        <cmp x="1069" y="2406" width="38" height="26" />
        <cmp x="1106" y="2398" width="105" height="38" />
      </word>
      <word id="h02-035-08-02" tag="WP" text="that">
        <cmp x="1232" y="2382" width="41" height="50" />
        <cmp x="1272" y="2372" width="101" height="57" />
      </word>
      <word id="h02-035-08-03" tag="VBD" text="seemed">
        <cmp x="1406" y="2398" width="184" height="43" />
        <cmp x="1592" y="2384" width="90" height="52" />
      </word>
      <word id="h02-035-08-04" tag="JJ" text="expedient">
        <cmp x="1722" y="2403" width="89" height="39" />
        <cmp x="1814" y="2388" width="125" height="71" />
        <cmp x="1939" y="2375" width="6" height="8" />
        <cmp x="1948" y="2374" width="114" height="65" />
      </word>
      <word id="h02-035-08-05" tag="TO" text="to">
        <cmp x="2080" y="2373" width="40" height="63" />
        <cmp x="2123" y="2397" width="40" height="41" />
      </word>
      <upper-contour>
        <point x="352" y="2313" />
        <point x="1965" y="2313" />
      </upper-contour>
      <lower-contour>
        <point x="348" y="2459" />
        <point x="1874" y="2459" />
      </lower-contour>
    </line>
    <line ass="-472" asx="0" asy="2538" character-width="999" dss="-472" dsx="0" dsy="2625" fd0="13595" fd1="2819" fd2="-1731" filter-width="4" id="h02-035-09" lbs="-506" lbx="0" lby="2599" segmentation="ok" slant="113000" stroke-width="5877" threshold="176" text="secure observance of those precautions." ubs="-404" ubx="0" uby="2574">
      <word id="h02-035-09-00" tag="VB" text="secure">
        <cmp x="338" y="2566" width="121" height="45" />
        <cmp x="366" y="2578" width="4" height="5" />
        <cmp x="456" y="2578" width="43" height="27" />
        <cmp x="498" y="2569" width="62" height="38" />
      </word>
      <word id="h02-035-09-01" tag="NN" text="observance">
        <cmp x="594" y="2574" width="41" height="34" />
        <cmp x="635" y="2563" width="153" height="54" />
        <cmp x="694" y="2599" width="21" height="9" />
        <cmp x="797" y="2573" width="34" height="39" />
        <cmp x="835" y="2583" width="44" height="34" />
        <cmp x="876" y="2574" width="126" height="41" />
      </word>
      <word id="h02-035-09-02" tag="INO" text="of">
        <cmp x="1051" y="2566" width="81" height="69" />
      </word>
      <word id="h02-035-09-03" tag="DTS" text="those">
        <cmp x="1134" y="2558" width="47" height="46" />
        <cmp x="1190" y="2555" width="49" height="54" />
        <cmp x="1240" y="2580" width="29" height="31" />
        <cmp x="1274" y="2581" width="85" height="34" />
      </word>
      <word id="h02-035-09-04" tag="NNS" text="precautions">
        <cmp x="1406" y="2580" width="40" height="55" />
        <cmp x="1451" y="2573" width="21" height="38" />
        <cmp x="1478" y="2580" width="94" height="34" />
        <cmp x="1575" y="2579" width="47" height="35" />
        <cmp x="1623" y="2560" width="74" height="52" />
        <cmp x="1707" y="2581" width="47" height="35" />
        <cmp x="1713" y="2554" width="6" height="5" />
        <cmp x="1760" y="2570" width="33" height="43" />
        <cmp x="1797" y="2576" width="39" height="44" />
      </word>
      <word id="h02-035-09-05" tag="." text=".">
        <cmp x="1859" y="2605" width="14" height="12" />
      </word>
      <upper-contour>
        <point x="348" y="2459" />
        <point x="1874" y="2459" />
      </upper-contour>
    </line>
  </handwritten-part>
</form>

