<?xml version="1.0" encoding="ISO-8859-1"?>

<!DOCTYPE form SYSTEM 'http://www.iam.unibe.ch/~fki/iamdb/form-metadata.dtd'>

<form created="2002-01-24" height="3542" id="h04-052" last-modified="2002-07-17" skew="0" status="final" version="3.0_beta" width="2479" writer-id="379">
  <machine-printed-part>
    <machine-print-line text="All groups except families with four or more children or with adolescents but no" />
    <machine-print-line text="children consumed more fresh green vegetables, especially in the first half of the" />
    <machine-print-line text="year, although most reduced their consumption of other vegetables. Purchases of" />
    <machine-print-line text="quick-frozen peas and beans generally increased, but extremely wide group differences" />
    <machine-print-line text="persisted, the averages ranging from 0.1 oz. per head per week in families with" />
    <machine-print-line text="four or more children to 0.9 oz. per head in younger two-adult households; average" />
    <machine-print-line text="consumption by older couples and other wholly-adult households was 0.5 oz. per head" />
    <machine-print-line text="per week." />
  </machine-printed-part>
  <handwritten-part>
    <line ass="-13" asx="0" asy="912" character-width="999" dss="-13" dsx="0" dsy="1027" fd0="13246" fd1="3075" fd2="-883" filter-width="3" id="h04-052-00" lbs="26" lbx="0" lby="988" segmentation="ok" slant="90000" stroke-width="4474" threshold="185" text="All groups except families with four or more children" ubs="-93" ubx="0" uby="960">
      <word id="h04-052-00-00" sentence-start="yes" tag="ABN" text="All">
        <cmp x="419" y="914" width="22" height="80" />
        <cmp x="452" y="933" width="23" height="52" />
        <cmp x="481" y="938" width="23" height="46" />
      </word>
      <word id="h04-052-00-01" tag="NNS" text="groups">
        <cmp x="559" y="961" width="34" height="67" />
        <cmp x="602" y="958" width="85" height="33" />
        <cmp x="692" y="962" width="28" height="26" />
        <cmp x="694" y="991" width="8" height="28" />
        <cmp x="723" y="957" width="26" height="34" />
      </word>
      <word id="h04-052-00-02" tag="IN" text="except">
        <cmp x="840" y="958" width="30" height="28" />
        <cmp x="870" y="955" width="24" height="34" />
        <cmp x="894" y="958" width="29" height="30" />
        <cmp x="924" y="958" width="28" height="30" />
        <cmp x="955" y="958" width="24" height="27" />
        <cmp x="960" y="987" width="4" height="28" />
        <cmp x="984" y="937" width="17" height="51" />
      </word>
      <word id="h04-052-00-03" tag="NNS" text="families">
        <cmp x="1064" y="931" width="37" height="64" />
        <cmp x="1088" y="963" width="33" height="27" />
        <cmp x="1122" y="964" width="37" height="27" />
        <cmp x="1164" y="965" width="6" height="25" />
        <cmp x="1173" y="930" width="13" height="63" />
        <cmp x="1190" y="963" width="6" height="26" />
        <cmp x="1203" y="960" width="20" height="29" />
        <cmp x="1226" y="961" width="27" height="29" />
      </word>
      <word id="h04-052-00-04" tag="IN" text="with">
        <cmp x="1306" y="961" width="39" height="31" />
        <cmp x="1351" y="968" width="9" height="21" />
        <cmp x="1368" y="930" width="21" height="58" />
        <cmp x="1390" y="937" width="25" height="51" />
      </word>
      <word id="h04-052-00-05" tag="CD" text="four">
        <cmp x="1471" y="930" width="39" height="57" />
        <cmp x="1490" y="966" width="51" height="23" />
        <cmp x="1547" y="966" width="22" height="21" />
      </word>
      <word id="h04-052-00-06" tag="CC" text="or">
        <cmp x="1614" y="962" width="25" height="25" />
        <cmp x="1648" y="960" width="21" height="24" />
      </word>
      <word id="h04-052-00-07" tag="AP" text="more">
        <cmp x="1726" y="957" width="34" height="30" />
        <cmp x="1765" y="960" width="23" height="25" />
        <cmp x="1791" y="958" width="22" height="28" />
        <cmp x="1812" y="958" width="25" height="29" />
      </word>
      <word id="h04-052-00-08" tag="NNS" text="children">
        <cmp x="1894" y="963" width="31" height="27" />
        <cmp x="1920" y="934" width="36" height="59" />
        <cmp x="1958" y="966" width="9" height="21" />
        <cmp x="1960" y="924" width="23" height="65" />
        <cmp x="1985" y="964" width="24" height="24" />
        <cmp x="2002" y="932" width="20" height="61" />
        <cmp x="2023" y="965" width="22" height="23" />
        <cmp x="2046" y="962" width="26" height="25" />
        <cmp x="2077" y="962" width="29" height="27" />
      </word>
      <lower-contour>
        <point x="417" y="1028" />
        <point x="2107" y="1028" />
      </lower-contour>
    </line>
    <line ass="67" asx="0" asy="1110" character-width="999" dss="67" dsx="0" dsy="1200" fd0="13398" fd1="3689" fd2="-991" filter-width="3" id="h04-052-01" lbs="66" lbx="0" lby="1168" segmentation="ok" slant="90000" stroke-width="4537" threshold="183" text="or with adolescents but no children consumed more fresh green" ubs="68" ubx="0" uby="1142">
      <word id="h04-052-01-00" tag="CC" text="or">
        <cmp x="396" y="1140" width="23" height="26" />
        <cmp x="422" y="1141" width="20" height="23" />
      </word>
      <word id="h04-052-01-01" tag="IN" text="with">
        <cmp x="478" y="1142" width="38" height="27" />
        <cmp x="521" y="1148" width="5" height="19" />
        <cmp x="530" y="1125" width="13" height="42" />
        <cmp x="550" y="1125" width="23" height="47" />
      </word>
      <word id="h04-052-01-02" tag="NNS" text="adolescents">
        <cmp x="623" y="1139" width="33" height="31" />
        <cmp x="661" y="1115" width="41" height="54" />
        <cmp x="700" y="1144" width="23" height="24" />
        <cmp x="724" y="1116" width="24" height="52" />
        <cmp x="747" y="1136" width="53" height="31" />
        <cmp x="800" y="1139" width="32" height="27" />
        <cmp x="836" y="1138" width="31" height="31" />
        <cmp x="871" y="1143" width="31" height="28" />
        <cmp x="899" y="1118" width="17" height="45" />
        <cmp x="925" y="1139" width="23" height="30" />
      </word>
      <word id="h04-052-01-03" tag="CC" text="but">
        <cmp x="996" y="1110" width="41" height="55" />
        <cmp x="1038" y="1110" width="24" height="55" />
      </word>
      <word id="h04-052-01-04" tag="ATI" text="no">
        <cmp x="1103" y="1137" width="29" height="28" />
        <cmp x="1137" y="1143" width="25" height="25" />
      </word>
      <word id="h04-052-01-05" tag="NNS" text="children">
        <cmp x="1225" y="1143" width="27" height="25" />
        <cmp x="1250" y="1110" width="18" height="51" />
        <cmp x="1268" y="1142" width="11" height="27" />
        <cmp x="1284" y="1145" width="7" height="22" />
        <cmp x="1292" y="1110" width="13" height="54" />
        <cmp x="1311" y="1111" width="31" height="54" />
        <cmp x="1347" y="1144" width="18" height="26" />
        <cmp x="1366" y="1142" width="23" height="28" />
        <cmp x="1394" y="1145" width="28" height="23" />
      </word>
      <word id="h04-052-01-06" tag="VBD" text="consumed">
        <cmp x="1479" y="1145" width="30" height="27" />
        <cmp x="1513" y="1148" width="23" height="20" />
        <cmp x="1538" y="1145" width="26" height="22" />
        <cmp x="1568" y="1138" width="27" height="35" />
        <cmp x="1599" y="1140" width="28" height="26" />
        <cmp x="1632" y="1139" width="33" height="24" />
        <cmp x="1666" y="1138" width="22" height="29" />
        <cmp x="1689" y="1120" width="36" height="46" />
      </word>
      <word id="h04-052-01-07" tag="AP" text="more">
        <cmp x="1777" y="1140" width="37" height="29" />
        <cmp x="1816" y="1140" width="44" height="30" />
        <cmp x="1859" y="1138" width="27" height="31" />
      </word>
      <word id="h04-052-01-08" tag="JJ" text="fresh">
        <cmp x="1910" y="1115" width="35" height="52" />
        <cmp x="1936" y="1141" width="19" height="23" />
        <cmp x="1956" y="1138" width="23" height="25" />
        <cmp x="1978" y="1139" width="17" height="27" />
        <cmp x="1996" y="1117" width="21" height="52" />
      </word>
      <word id="h04-052-01-09" tag="JJ" text="green">
        <cmp x="2051" y="1141" width="32" height="57" />
        <cmp x="2089" y="1136" width="44" height="29" />
        <cmp x="2136" y="1133" width="26" height="28" />
        <cmp x="2161" y="1137" width="30" height="25" />
      </word>
      <upper-contour>
        <point x="417" y="1028" />
        <point x="2107" y="1028" />
      </upper-contour>
      <lower-contour>
        <point x="394" y="1197" />
        <point x="2062" y="1197" />
      </lower-contour>
    </line>
    <line ass="96" asx="0" asy="1292" character-width="999" dss="96" dsx="0" dsy="1390" fd0="13118" fd1="3021" fd2="-1213" filter-width="3" id="h04-052-02" lbs="115" lbx="0" lby="1349" segmentation="err" slant="98000" stroke-width="4597" threshold="181" text="vegetables, especially in the first half of the year, although most" ubs="58" ubx="0" uby="1322">
      <word id="h04-052-02-00" tag="NNS" text="vegetables">
        <cmp x="396" y="1319" width="25" height="31" />
        <cmp x="422" y="1320" width="25" height="30" />
        <cmp x="437" y="1370" width="4" height="5" />
        <cmp x="443" y="1322" width="30" height="63" />
        <cmp x="475" y="1318" width="34" height="30" />
        <cmp x="515" y="1297" width="42" height="53" />
        <cmp x="562" y="1296" width="24" height="54" />
        <cmp x="589" y="1298" width="18" height="52" />
        <cmp x="609" y="1319" width="25" height="27" />
        <cmp x="639" y="1318" width="21" height="29" />
        <cmp x="664" y="1344" width="12" height="26" />
      </word>
      <word id="h04-052-02-01" tag="," text=",">
        <cmp x="704" y="1315" width="65" height="61" />
      </word>
      <word id="h04-052-02-02" tag="RB" text="especially">
        <cmp x="773" y="1322" width="28" height="26" />
        <cmp x="806" y="1322" width="23" height="21" />
        <cmp x="833" y="1321" width="13" height="21" />
        <cmp x="847" y="1323" width="22" height="22" />
        <cmp x="871" y="1303" width="21" height="47" />
        <cmp x="891" y="1306" width="18" height="40" />
        <cmp x="908" y="1322" width="30" height="44" />
        <cmp x="916" y="1328" width="8" height="12" />
      </word>
      <word id="h04-052-02-03" tag="IN" text="in">
        <cmp x="980" y="1326" width="8" height="18" />
        <cmp x="992" y="1326" width="23" height="22" />
      </word>
      <word id="h04-052-02-04" tag="ATI" text="the">
        <cmp x="1036" y="1291" width="16" height="58" />
        <cmp x="1054" y="1300" width="45" height="49" />
      </word>
      <word id="h04-052-02-05" tag="OD" text="first">
        <cmp x="1126" y="1295" width="31" height="53" />
        <cmp x="1152" y="1327" width="5" height="21" />
        <cmp x="1164" y="1322" width="36" height="28" />
        <cmp x="1201" y="1294" width="25" height="59" />
      </word>
      <word id="h04-052-02-06" tag="NN" text="half">
        <cmp x="1268" y="1298" width="46" height="52" />
        <cmp x="1314" y="1340" width="3" height="8" />
        <cmp x="1318" y="1296" width="10" height="48" />
        <cmp x="1335" y="1298" width="26" height="46" />
      </word>
      <word id="h04-052-02-07" tag="INO" text="of">
        <cmp x="1382" y="1323" width="26" height="24" />
        <cmp x="1409" y="1291" width="36" height="56" />
      </word>
      <word id="h04-052-02-08" tag="ATI" text="the">
        <cmp x="1469" y="1291" width="24" height="53" />
        <cmp x="1495" y="1298" width="20" height="46" />
        <cmp x="1520" y="1318" width="25" height="25" />
      </word>
      <word id="h04-052-02-09" tag="NN" text="year">
        <cmp x="1560" y="1319" width="32" height="64" />
        <cmp x="1565" y="1327" width="15" height="5" />
        <cmp x="1593" y="1316" width="23" height="25" />
        <cmp x="1623" y="1321" width="27" height="28" />
        <cmp x="1651" y="1320" width="22" height="26" />
        <cmp x="1672" y="1341" width="11" height="28" />
      </word>
      <word id="h04-052-02-10" tag="," text=",">
        <cmp x="1711" y="1321" width="29" height="26" />
      </word>
      <word id="h04-052-02-11" tag="CS" text="although">
        <cmp x="1743" y="1291" width="15" height="58" />
        <cmp x="1764" y="1296" width="14" height="51" />
        <cmp x="1779" y="1296" width="71" height="50" />
        <cmp x="1838" y="1321" width="40" height="66" />
        <cmp x="1876" y="1301" width="23" height="45" />
        <cmp x="1900" y="1294" width="14" height="55" />
      </word>
      <word id="h04-052-02-12" tag="AP" text="most">
        <cmp x="1957" y="1316" width="59" height="30" />
        <cmp x="2021" y="1320" width="19" height="30" />
        <cmp x="2045" y="1297" width="17" height="49" />
      </word>
      <upper-contour>
        <point x="394" y="1197" />
        <point x="2062" y="1197" />
      </upper-contour>
      <lower-contour>
        <point x="394" y="1387" />
        <point x="2062" y="1387" />
      </lower-contour>
    </line>
    <line ass="-542" asx="0" asy="1458" character-width="999" dss="-542" dsx="0" dsy="1554" fd0="13191" fd1="2782" fd2="-1361" filter-width="3" id="h04-052-03" lbs="-548" lbx="0" lby="1520" segmentation="ok" slant="97000" stroke-width="4655" threshold="183" text="reduced their consumption of other vegetables. Purchases of" ubs="-531" ubx="0" uby="1495">
      <word id="h04-052-03-00" tag="VBD" text="reduced">
        <cmp x="377" y="1494" width="32" height="38" />
        <cmp x="408" y="1500" width="24" height="31" />
        <cmp x="436" y="1475" width="33" height="52" />
        <cmp x="469" y="1500" width="24" height="24" />
        <cmp x="499" y="1501" width="24" height="25" />
        <cmp x="528" y="1474" width="60" height="55" />
      </word>
      <word id="h04-052-03-01" tag="PP$" text="their">
        <cmp x="668" y="1470" width="29" height="57" />
        <cmp x="700" y="1474" width="55" height="55" />
        <cmp x="757" y="1505" width="14" height="22" />
        <cmp x="781" y="1504" width="20" height="24" />
      </word>
      <word id="h04-052-03-02" tag="NN" text="consumption">
        <cmp x="862" y="1502" width="29" height="26" />
        <cmp x="896" y="1505" width="25" height="20" />
        <cmp x="923" y="1505" width="24" height="19" />
        <cmp x="943" y="1502" width="30" height="28" />
        <cmp x="979" y="1503" width="31" height="24" />
        <cmp x="1010" y="1501" width="43" height="26" />
        <cmp x="1049" y="1524" width="12" height="27" />
        <cmp x="1059" y="1501" width="26" height="23" />
        <cmp x="1090" y="1481" width="16" height="39" />
        <cmp x="1111" y="1502" width="9" height="20" />
        <cmp x="1122" y="1506" width="23" height="21" />
        <cmp x="1151" y="1502" width="25" height="27" />
      </word>
      <word id="h04-052-03-03" tag="INO" text="of">
        <cmp x="1242" y="1510" width="28" height="27" />
        <cmp x="1272" y="1484" width="41" height="56" />
      </word>
      <word id="h04-052-03-04" tag="AP" text="other">
        <cmp x="1349" y="1483" width="52" height="54" />
        <cmp x="1401" y="1484" width="26" height="57" />
        <cmp x="1431" y="1504" width="24" height="34" />
        <cmp x="1456" y="1510" width="29" height="26" />
      </word>
      <word id="h04-052-03-05" tag="NNS" text="vegetables">
        <cmp x="1530" y="1505" width="25" height="32" />
        <cmp x="1555" y="1507" width="53" height="63" />
        <cmp x="1607" y="1506" width="39" height="30" />
        <cmp x="1652" y="1476" width="19" height="60" />
        <cmp x="1673" y="1508" width="28" height="27" />
        <cmp x="1707" y="1478" width="33" height="60" />
        <cmp x="1745" y="1483" width="11" height="58" />
        <cmp x="1759" y="1506" width="26" height="31" />
        <cmp x="1790" y="1508" width="22" height="30" />
      </word>
      <word id="h04-052-03-06" tag="." text=".">
        <cmp x="1821" y="1527" width="10" height="9" />
      </word>
      <word id="h04-052-03-07" sentence-start="yes" tag="NNS" text="Purchases">
        <cmp x="1843" y="1476" width="35" height="63" />
        <cmp x="1863" y="1517" width="27" height="21" />
        <cmp x="1899" y="1511" width="23" height="26" />
        <cmp x="1919" y="1513" width="29" height="24" />
        <cmp x="1941" y="1480" width="39" height="60" />
        <cmp x="1981" y="1510" width="54" height="30" />
        <cmp x="2038" y="1510" width="24" height="25" />
        <cmp x="2070" y="1509" width="25" height="35" />
      </word>
      <word id="h04-052-03-08" tag="INO" text="of">
        <cmp x="2129" y="1483" width="66" height="62" />
      </word>
      <upper-contour>
        <point x="394" y="1387" />
        <point x="2062" y="1387" />
      </upper-contour>
      <lower-contour>
        <point x="375" y="1570" />
        <point x="2196" y="1570" />
      </lower-contour>
    </line>
    <line ass="78" asx="0" asy="1659" character-width="999" dss="78" dsx="0" dsy="1743" fd0="13305" fd1="2833" fd2="-1229" filter-width="3" id="h04-052-04" lbs="74" lbx="0" lby="1714" segmentation="ok" slant="98000" stroke-width="4765" threshold="180" text="quick-frozen peas and beans generally increased, but extreme-" ubs="86" ubx="0" uby="1689">
      <word id="h04-052-04-00" tag="JJ" text="quick-frozen">
        <cmp x="366" y="1685" width="27" height="50" />
        <cmp x="395" y="1686" width="25" height="25" />
        <cmp x="429" y="1687" width="6" height="24" />
        <cmp x="442" y="1687" width="28" height="25" />
        <cmp x="472" y="1665" width="24" height="56" />
        <cmp x="502" y="1696" width="25" height="8" />
        <cmp x="535" y="1660" width="42" height="51" />
        <cmp x="566" y="1686" width="49" height="27" />
        <cmp x="617" y="1685" width="32" height="27" />
        <cmp x="648" y="1686" width="27" height="28" />
        <cmp x="680" y="1686" width="28" height="26" />
      </word>
      <word id="h04-052-04-01" tag="NNS" text="peas">
        <cmp x="761" y="1685" width="23" height="48" />
        <cmp x="790" y="1686" width="53" height="24" />
        <cmp x="842" y="1687" width="27" height="29" />
      </word>
      <word id="h04-052-04-02" tag="CC" text="and">
        <cmp x="919" y="1691" width="39" height="28" />
        <cmp x="958" y="1688" width="31" height="29" />
        <cmp x="992" y="1662" width="42" height="53" />
      </word>
      <word id="h04-052-04-03" tag="NNS" text="beans">
        <cmp x="1090" y="1667" width="33" height="49" />
        <cmp x="1125" y="1688" width="29" height="30" />
        <cmp x="1156" y="1693" width="32" height="22" />
        <cmp x="1186" y="1689" width="31" height="23" />
        <cmp x="1220" y="1686" width="26" height="35" />
      </word>
      <word id="h04-052-04-04" tag="RB" text="generally">
        <cmp x="1299" y="1685" width="58" height="58" />
        <cmp x="1360" y="1684" width="54" height="27" />
        <cmp x="1416" y="1686" width="44" height="26" />
        <cmp x="1468" y="1660" width="10" height="55" />
        <cmp x="1483" y="1663" width="15" height="52" />
        <cmp x="1494" y="1695" width="36" height="46" />
        <cmp x="1501" y="1698" width="12" height="15" />
      </word>
      <word id="h04-052-04-05" tag="VBD" text="increased">
        <cmp x="1584" y="1681" width="10" height="27" />
        <cmp x="1593" y="1685" width="51" height="25" />
        <cmp x="1650" y="1683" width="85" height="30" />
        <cmp x="1739" y="1684" width="24" height="33" />
        <cmp x="1770" y="1684" width="28" height="29" />
        <cmp x="1802" y="1669" width="36" height="43" />
      </word>
      <word id="h04-052-04-06" tag="," text=",">
        <cmp x="1840" y="1709" width="13" height="21" />
      </word>
      <word id="h04-052-04-07" tag="CC" text="but">
        <cmp x="1883" y="1669" width="54" height="44" />
        <cmp x="1940" y="1660" width="21" height="60" />
      </word>
      <word id="h04-052-04-08" tag="RB-" text="extreme-">
        <cmp x="2000" y="1682" width="31" height="27" />
        <cmp x="2033" y="1680" width="18" height="31" />
        <cmp x="2053" y="1660" width="22" height="56" />
        <cmp x="2078" y="1684" width="48" height="32" />
        <cmp x="2133" y="1680" width="61" height="30" />
        <cmp x="2195" y="1693" width="15" height="3" />
      </word>
      <upper-contour>
        <point x="375" y="1570" />
        <point x="2196" y="1570" />
      </upper-contour>
      <lower-contour>
        <point x="364" y="1743" />
        <point x="2166" y="1743" />
      </lower-contour>
    </line>
    <line ass="87" asx="0" asy="1840" character-width="999" dss="87" dsx="0" dsy="1947" fd0="13074" fd1="3011" fd2="-1222" filter-width="3" id="h04-052-05" lbs="86" lbx="0" lby="1897" segmentation="err" slant="90000" stroke-width="4736" threshold="184" text="ly wide group differences persisted, the averages ranging from" ubs="89" ubx="0" uby="1872">
      <word id="h04-052-05-00" tag="-RB" text="ly">
        <cmp x="358" y="1841" width="4" height="45" />
        <cmp x="365" y="1867" width="25" height="44" />
      </word>
      <word id="h04-052-05-01" tag="JJ" text="wide">
        <cmp x="466" y="1869" width="29" height="29" />
        <cmp x="502" y="1872" width="9" height="25" />
        <cmp x="518" y="1848" width="34" height="47" />
        <cmp x="558" y="1865" width="27" height="30" />
      </word>
      <word id="h04-052-05-02" tag="NN" text="group">
        <cmp x="626" y="1870" width="30" height="61" />
        <cmp x="662" y="1870" width="64" height="25" />
        <cmp x="732" y="1870" width="25" height="50" />
      </word>
      <word id="h04-052-05-03" tag="NNS" text="differences">
        <cmp x="820" y="1840" width="39" height="55" />
        <cmp x="865" y="1840" width="73" height="59" />
        <cmp x="927" y="1867" width="25" height="32" />
        <cmp x="957" y="1869" width="24" height="23" />
        <cmp x="980" y="1869" width="24" height="24" />
        <cmp x="1004" y="1873" width="28" height="21" />
        <cmp x="1035" y="1871" width="25" height="25" />
        <cmp x="1067" y="1868" width="25" height="25" />
        <cmp x="1094" y="1868" width="23" height="29" />
      </word>
      <word id="h04-052-05-04" tag="VBD" text="persisted">
        <cmp x="1177" y="1867" width="29" height="53" />
        <cmp x="1215" y="1863" width="26" height="28" />
        <cmp x="1245" y="1867" width="25" height="20" />
        <cmp x="1267" y="1864" width="29" height="33" />
        <cmp x="1303" y="1869" width="5" height="25" />
        <cmp x="1314" y="1864" width="28" height="35" />
        <cmp x="1347" y="1842" width="15" height="50" />
        <cmp x="1368" y="1847" width="60" height="49" />
        <cmp x="1421" y="1887" width="24" height="30" />
      </word>
      <word id="h04-052-05-05" tag="," text=",">
        <cmp x="1488" y="1846" width="24" height="49" />
      </word>
      <word id="h04-052-05-06" tag="ATI" text="the">
        <cmp x="1515" y="1849" width="16" height="42" />
        <cmp x="1532" y="1863" width="28" height="29" />
      </word>
      <word id="h04-052-05-07" tag="NNS" text="averages">
        <cmp x="1595" y="1869" width="28" height="21" />
        <cmp x="1627" y="1864" width="13" height="24" />
        <cmp x="1639" y="1864" width="29" height="27" />
        <cmp x="1676" y="1864" width="24" height="25" />
        <cmp x="1700" y="1864" width="32" height="28" />
        <cmp x="1726" y="1868" width="32" height="59" />
        <cmp x="1759" y="1865" width="30" height="27" />
        <cmp x="1789" y="1863" width="25" height="34" />
        <cmp x="1822" y="1900" width="5" height="3" />
      </word>
      <word id="h04-052-05-08" tag="VBG" text="ranging">
        <cmp x="1837" y="1898" width="7" height="10" />
        <cmp x="1838" y="1908" width="3" height="6" />
        <cmp x="1851" y="1858" width="30" height="35" />
        <cmp x="1874" y="1869" width="29" height="26" />
        <cmp x="1906" y="1869" width="24" height="25" />
        <cmp x="1912" y="1870" width="47" height="75" />
        <cmp x="1960" y="1868" width="9" height="28" />
        <cmp x="1972" y="1870" width="27" height="25" />
        <cmp x="2003" y="1870" width="34" height="64" />
      </word>
      <word id="h04-052-05-09" tag="IN" text="from">
        <cmp x="2062" y="1840" width="39" height="51" />
        <cmp x="2086" y="1866" width="23" height="28" />
        <cmp x="2105" y="1870" width="23" height="21" />
        <cmp x="2135" y="1863" width="30" height="27" />
      </word>
      <upper-contour>
        <point x="364" y="1743" />
        <point x="2166" y="1743" />
      </upper-contour>
      <lower-contour>
        <point x="356" y="1945" />
        <point x="2166" y="1945" />
      </lower-contour>
    </line>
    <line ass="-204" asx="0" asy="2014" character-width="999" dss="-204" dsx="0" dsy="2110" fd0="13534" fd1="3912" fd2="-326" filter-width="3" id="h04-052-06" lbs="-233" lbx="0" lby="2074" segmentation="ok" slant="101000" stroke-width="4864" threshold="181" text="0.1 oz. per head per week in families with four or more" ubs="-145" ubx="0" uby="2052">
      <word id="h04-052-06-00" tag="CD" text="0.1">
        <cmp x="348" y="2027" width="40" height="44" />
        <cmp x="388" y="2064" width="3" height="6" />
        <cmp x="406" y="2028" width="15" height="46" />
      </word>
      <word id="h04-052-06-01" tag="NNU" text="oz.">
        <cmp x="456" y="2054" width="28" height="24" />
        <cmp x="487" y="2051" width="24" height="27" />
        <cmp x="518" y="2064" width="10" height="11" />
      </word>
      <word id="h04-052-06-02" tag="IN" text="per">
        <cmp x="579" y="2048" width="24" height="54" />
        <cmp x="609" y="2048" width="29" height="28" />
        <cmp x="639" y="2051" width="26" height="21" />
      </word>
      <word id="h04-052-06-03" tag="NN" text="head">
        <cmp x="745" y="2020" width="31" height="53" />
        <cmp x="780" y="2046" width="61" height="32" />
        <cmp x="846" y="2026" width="43" height="51" />
      </word>
      <word id="h04-052-06-04" tag="IN" text="per">
        <cmp x="965" y="2055" width="35" height="29" />
        <cmp x="968" y="2084" width="6" height="31" />
        <cmp x="1002" y="2055" width="27" height="30" />
        <cmp x="1037" y="2056" width="29" height="27" />
      </word>
      <word id="h04-052-06-05" tag="NN" text="week">
        <cmp x="1191" y="2054" width="38" height="28" />
        <cmp x="1230" y="2055" width="55" height="29" />
        <cmp x="1284" y="2032" width="29" height="58" />
      </word>
      <word id="h04-052-06-06" tag="IN" text="in">
        <cmp x="1335" y="2060" width="10" height="22" />
        <cmp x="1351" y="2063" width="25" height="20" />
      </word>
      <word id="h04-052-06-07" tag="NNS" text="families">
        <cmp x="1444" y="2033" width="41" height="55" />
        <cmp x="1475" y="2061" width="26" height="24" />
        <cmp x="1509" y="2058" width="32" height="26" />
        <cmp x="1541" y="2062" width="8" height="20" />
        <cmp x="1545" y="2030" width="14" height="53" />
        <cmp x="1567" y="2062" width="7" height="25" />
        <cmp x="1582" y="2057" width="26" height="26" />
        <cmp x="1611" y="2054" width="23" height="36" />
      </word>
      <word id="h04-052-06-08" tag="IN" text="with">
        <cmp x="1678" y="2056" width="33" height="26" />
        <cmp x="1720" y="2056" width="6" height="22" />
        <cmp x="1730" y="2027" width="20" height="60" />
        <cmp x="1747" y="2032" width="29" height="51" />
      </word>
      <word id="h04-052-06-09" tag="CD" text="four">
        <cmp x="1805" y="2021" width="43" height="57" />
        <cmp x="1830" y="2057" width="38" height="24" />
        <cmp x="1869" y="2058" width="9" height="21" />
        <cmp x="1886" y="2056" width="28" height="28" />
      </word>
      <word id="h04-052-06-10" tag="CC" text="or">
        <cmp x="1954" y="2058" width="27" height="20" />
        <cmp x="1986" y="2050" width="23" height="28" />
      </word>
      <word id="h04-052-06-11" tag="AP" text="more">
        <cmp x="2045" y="2052" width="38" height="28" />
        <cmp x="2087" y="2057" width="22" height="21" />
        <cmp x="2117" y="2050" width="24" height="28" />
        <cmp x="2140" y="2052" width="31" height="26" />
      </word>
      <upper-contour>
        <point x="356" y="1945" />
        <point x="2166" y="1945" />
      </upper-contour>
      <lower-contour>
        <point x="347" y="2115" />
        <point x="2024" y="2115" />
      </lower-contour>
    </line>
    <line ass="244" asx="0" asy="2214" character-width="999" dss="244" dsx="0" dsy="2314" fd0="13197" fd1="3087" fd2="-713" filter-width="3" id="h04-052-07" lbs="288" lbx="0" lby="2268" segmentation="ok" slant="94000" stroke-width="4699" threshold="184" text="children to 0.9 oz. per head in younger two-adult" ubs="157" ubx="0" uby="2241">
      <word id="h04-052-07-00" tag="NNS" text="children">
        <cmp x="349" y="2232" width="30" height="31" />
        <cmp x="384" y="2215" width="33" height="53" />
        <cmp x="425" y="2242" width="8" height="25" />
        <cmp x="432" y="2214" width="15" height="54" />
        <cmp x="453" y="2214" width="34" height="51" />
        <cmp x="492" y="2240" width="27" height="29" />
        <cmp x="521" y="2238" width="29" height="31" />
        <cmp x="548" y="2239" width="34" height="27" />
      </word>
      <word id="h04-052-07-01" tag="IN" text="to">
        <cmp x="658" y="2213" width="23" height="53" />
        <cmp x="684" y="2240" width="28" height="24" />
      </word>
      <word id="h04-052-07-02" tag="CD" text="0.9">
        <cmp x="797" y="2225" width="33" height="35" />
        <cmp x="833" y="2259" width="3" height="4" />
        <cmp x="842" y="2232" width="31" height="40" />
      </word>
      <word id="h04-052-07-03" tag="NNU" text="oz.">
        <cmp x="934" y="2244" width="22" height="19" />
        <cmp x="956" y="2241" width="25" height="21" />
        <cmp x="995" y="2255" width="9" height="8" />
      </word>
      <word id="h04-052-07-04" tag="IN" text="per">
        <cmp x="1076" y="2235" width="26" height="50" />
        <cmp x="1107" y="2230" width="28" height="32" />
        <cmp x="1138" y="2237" width="24" height="22" />
      </word>
      <word id="h04-052-07-05" tag="NN" text="head">
        <cmp x="1206" y="2217" width="32" height="50" />
        <cmp x="1245" y="2237" width="30" height="27" />
        <cmp x="1276" y="2238" width="29" height="25" />
        <cmp x="1309" y="2239" width="28" height="24" />
        <cmp x="1332" y="2215" width="20" height="53" />
      </word>
      <word id="h04-052-07-06" tag="IN" text="in">
        <cmp x="1413" y="2234" width="13" height="26" />
        <cmp x="1429" y="2238" width="30" height="22" />
      </word>
      <word id="h04-052-07-07" tag="JJR" text="younger">
        <cmp x="1496" y="2233" width="29" height="58" />
        <cmp x="1525" y="2234" width="54" height="24" />
        <cmp x="1587" y="2238" width="27" height="24" />
        <cmp x="1611" y="2237" width="37" height="71" />
        <cmp x="1650" y="2232" width="33" height="29" />
        <cmp x="1682" y="2236" width="25" height="23" />
      </word>
      <word id="h04-052-07-08" tag="JJB" text="two-adult">
        <cmp x="1772" y="2213" width="19" height="50" />
        <cmp x="1799" y="2237" width="29" height="23" />
        <cmp x="1827" y="2237" width="25" height="23" />
        <cmp x="1859" y="2243" width="18" height="4" />
        <cmp x="1888" y="2237" width="29" height="24" />
        <cmp x="1922" y="2216" width="58" height="47" />
        <cmp x="1987" y="2213" width="9" height="48" />
        <cmp x="2005" y="2213" width="18" height="47" />
      </word>
      <upper-contour>
        <point x="347" y="2115" />
        <point x="2024" y="2115" />
      </upper-contour>
      <lower-contour>
        <point x="357" y="2308" />
        <point x="2024" y="2308" />
      </lower-contour>
    </line>
    <line ass="237" asx="0" asy="2384" character-width="999" dss="237" dsx="0" dsy="2494" fd0="13041" fd1="2898" fd2="-1158" filter-width="3" id="h04-052-08" lbs="225" lbx="0" lby="2446" segmentation="err" slant="90000" stroke-width="4679" threshold="183" text="households; average consumption by older couples and other" ubs="259" ubx="0" uby="2421">
      <word id="h04-052-08-00" tag="NNS" text="households">
        <cmp x="359" y="2395" width="30" height="50" />
        <cmp x="392" y="2419" width="48" height="29" />
        <cmp x="440" y="2417" width="26" height="34" />
        <cmp x="467" y="2416" width="24" height="27" />
        <cmp x="501" y="2382" width="23" height="69" />
        <cmp x="527" y="2421" width="26" height="26" />
        <cmp x="568" y="2388" width="6" height="51" />
        <cmp x="581" y="2390" width="36" height="51" />
        <cmp x="617" y="2417" width="25" height="28" />
        <cmp x="641" y="2434" width="23" height="31" />
        <cmp x="654" y="2419" width="8" height="7" />
      </word>
      <word id="h04-052-08-01" tag=";" text=";">
        <cmp x="727" y="2416" width="30" height="27" />
      </word>
      <word id="h04-052-08-02" tag="JJ" text="average">
        <cmp x="756" y="2418" width="27" height="25" />
        <cmp x="780" y="2418" width="33" height="29" />
        <cmp x="813" y="2417" width="50" height="27" />
        <cmp x="852" y="2416" width="44" height="65" />
        <cmp x="897" y="2412" width="26" height="29" />
      </word>
      <word id="h04-052-08-03" tag="NN" text="consumption">
        <cmp x="983" y="2413" width="57" height="26" />
        <cmp x="1043" y="2415" width="25" height="25" />
        <cmp x="1068" y="2414" width="54" height="32" />
        <cmp x="1126" y="2414" width="40" height="28" />
        <cmp x="1164" y="2443" width="13" height="27" />
        <cmp x="1170" y="2382" width="43" height="58" />
        <cmp x="1218" y="2416" width="8" height="23" />
        <cmp x="1233" y="2419" width="24" height="20" />
        <cmp x="1262" y="2417" width="29" height="28" />
      </word>
      <word id="h04-052-08-04" tag="IN" text="by">
        <cmp x="1382" y="2383" width="67" height="107" />
      </word>
      <word id="h04-052-08-05" tag="JJR" text="older">
        <cmp x="1490" y="2416" width="31" height="23" />
        <cmp x="1532" y="2385" width="7" height="58" />
        <cmp x="1544" y="2384" width="35" height="60" />
        <cmp x="1580" y="2412" width="25" height="27" />
        <cmp x="1611" y="2414" width="24" height="24" />
      </word>
      <word id="h04-052-08-06" tag="NNS" text="couples">
        <cmp x="1671" y="2413" width="58" height="30" />
        <cmp x="1730" y="2418" width="23" height="22" />
        <cmp x="1755" y="2414" width="26" height="51" />
        <cmp x="1786" y="2389" width="11" height="51" />
        <cmp x="1798" y="2410" width="25" height="30" />
        <cmp x="1830" y="2410" width="23" height="33" />
      </word>
      <word id="h04-052-08-07" tag="CC" text="and">
        <cmp x="1898" y="2415" width="31" height="26" />
        <cmp x="1934" y="2416" width="27" height="28" />
        <cmp x="1962" y="2380" width="31" height="60" />
      </word>
      <word id="h04-052-08-08" tag="AP" text="other">
        <cmp x="2038" y="2384" width="50" height="57" />
        <cmp x="2089" y="2385" width="26" height="50" />
        <cmp x="2121" y="2405" width="25" height="33" />
        <cmp x="2159" y="2407" width="26" height="26" />
      </word>
      <upper-contour>
        <point x="357" y="2308" />
        <point x="2024" y="2308" />
      </upper-contour>
      <lower-contour>
        <point x="357" y="2490" />
        <point x="2048" y="2490" />
      </lower-contour>
    </line>
    <line ass="123" asx="0" asy="2563" character-width="999" dss="123" dsx="0" dsy="2654" fd0="13318" fd1="3711" fd2="-848" filter-width="3" id="h04-052-09" lbs="179" lbx="0" lby="2625" segmentation="ok" slant="96000" stroke-width="4746" threshold="182" text="wholly-adult households was 0.5 oz. per head per week." ubs="12" ubx="0" uby="2596">
      <word id="h04-052-09-00" tag="JJB" text="wholly-adult">
        <cmp x="352" y="2585" width="42" height="40" />
        <cmp x="393" y="2564" width="28" height="59" />
        <cmp x="425" y="2594" width="28" height="27" />
        <cmp x="456" y="2563" width="10" height="59" />
        <cmp x="465" y="2564" width="18" height="56" />
        <cmp x="476" y="2596" width="31" height="57" />
        <cmp x="513" y="2610" width="20" height="4" />
        <cmp x="546" y="2598" width="29" height="29" />
        <cmp x="576" y="2575" width="36" height="51" />
        <cmp x="610" y="2603" width="30" height="22" />
        <cmp x="642" y="2572" width="21" height="54" />
        <cmp x="661" y="2574" width="25" height="53" />
      </word>
      <word id="h04-052-09-01" tag="NNS" text="households">
        <cmp x="729" y="2576" width="72" height="51" />
        <cmp x="801" y="2599" width="30" height="34" />
        <cmp x="833" y="2599" width="30" height="26" />
        <cmp x="872" y="2569" width="19" height="52" />
        <cmp x="896" y="2598" width="26" height="24" />
        <cmp x="928" y="2564" width="8" height="55" />
        <cmp x="938" y="2569" width="42" height="51" />
        <cmp x="974" y="2598" width="28" height="33" />
      </word>
      <word id="h04-052-09-02" tag="BEDZ" text="was">
        <cmp x="1039" y="2593" width="34" height="26" />
        <cmp x="1074" y="2592" width="27" height="25" />
        <cmp x="1102" y="2593" width="23" height="29" />
      </word>
      <word id="h04-052-09-03" tag="CD" text="0.5">
        <cmp x="1198" y="2580" width="35" height="38" />
        <cmp x="1233" y="2614" width="3" height="3" />
        <cmp x="1248" y="2586" width="26" height="43" />
      </word>
      <word id="h04-052-09-04" tag="NNU" text="oz.">
        <cmp x="1301" y="2602" width="22" height="21" />
        <cmp x="1323" y="2599" width="21" height="20" />
        <cmp x="1353" y="2616" width="5" height="3" />
      </word>
      <word id="h04-052-09-05" tag="IN" text="per">
        <cmp x="1384" y="2596" width="28" height="52" />
        <cmp x="1414" y="2590" width="60" height="30" />
        <cmp x="1481" y="2598" width="24" height="25" />
      </word>
      <word id="h04-052-09-06" tag="NN" text="head">
        <cmp x="1540" y="2569" width="29" height="55" />
        <cmp x="1574" y="2597" width="25" height="30" />
        <cmp x="1600" y="2602" width="26" height="24" />
        <cmp x="1630" y="2562" width="44" height="60" />
      </word>
      <word id="h04-052-09-07" tag="IN" text="per">
        <cmp x="1729" y="2589" width="30" height="27" />
        <cmp x="1733" y="2620" width="6" height="26" />
        <cmp x="1765" y="2586" width="25" height="32" />
        <cmp x="1795" y="2592" width="22" height="25" />
      </word>
      <word id="h04-052-09-08" tag="NN" text="week">
        <cmp x="1883" y="2593" width="42" height="24" />
        <cmp x="1930" y="2590" width="29" height="30" />
        <cmp x="1963" y="2589" width="22" height="30" />
        <cmp x="1986" y="2612" width="9" height="3" />
        <cmp x="1992" y="2562" width="32" height="61" />
      </word>
      <word id="h04-052-09-09" tag="." text=".">
        <cmp x="2039" y="2612" width="9" height="7" />
      </word>
      <upper-contour>
        <point x="357" y="2490" />
        <point x="2048" y="2490" />
      </upper-contour>
    </line>
  </handwritten-part>
</form>

