<?xml version="1.0" encoding="ISO-8859-1"?>

<!DOCTYPE form SYSTEM 'http://www.iam.unibe.ch/~fki/iamdb/form-metadata.dtd'>

<form created="2002-01-24" height="3542" id="h04-061" last-modified="2002-07-17" skew="30" status="final" version="3.0_beta" width="2479" writer-id="380">
  <machine-printed-part>
    <machine-print-line text="78. Regression estimates of the expenditure on different commodities attributable" />
    <machine-print-line text="to the adult couple and each additional child in a selected group of households con-" />
    <machine-print-line text="sisting of childless couples (both under 55) and couples with different numbers of" />
    <machine-print-line text="children were given for 1952-56 in Table 39 of the Annual Report for 1956. The" />
    <machine-print-line text="younger childless couples are broadly comparable in age and family income with the" />
    <machine-print-line text="family households, so that differences in food expenditure may be associated with the" />
    <machine-print-line text="presence of children." />
  </machine-printed-part>
  <handwritten-part>
    <line ass="68" asx="0" asy="819" character-width="999" dss="68" dsx="0" dsy="946" fd0="13806" fd1="2894" fd2="-1469" filter-width="3" id="h04-061-00" lbs="164" lbx="0" lby="890" segmentation="ok" slant="66000" stroke-width="5211" threshold="174" text="78. Regression estimates of the expenditure on" ubs="-125" ubx="0" uby="851">
      <word id="h04-061-00-00" sentence-start="yes" tag="CD" text="78">
        <cmp x="350" y="819" width="52" height="65" />
        <cmp x="400" y="823" width="54" height="68" />
      </word>
      <word id="h04-061-00-01" tag="." text=".">
        <cmp x="447" y="884" width="8" height="13" />
      </word>
      <word id="h04-061-00-02" tag="NN" text="Regression">
        <cmp x="501" y="819" width="57" height="75" />
        <cmp x="556" y="852" width="114" height="95" />
        <cmp x="670" y="858" width="27" height="32" />
        <cmp x="702" y="853" width="34" height="36" />
        <cmp x="734" y="853" width="34" height="40" />
        <cmp x="775" y="855" width="13" height="34" />
        <cmp x="788" y="838" width="6" height="8" />
        <cmp x="796" y="857" width="77" height="48" />
      </word>
      <word id="h04-061-00-03" tag="NNS" text="estimates">
        <cmp x="931" y="849" width="28" height="36" />
        <cmp x="962" y="848" width="28" height="37" />
        <cmp x="993" y="821" width="50" height="63" />
        <cmp x="1042" y="830" width="7" height="7" />
        <cmp x="1051" y="852" width="65" height="37" />
        <cmp x="1122" y="855" width="37" height="30" />
        <cmp x="1169" y="835" width="26" height="51" />
        <cmp x="1192" y="853" width="30" height="37" />
        <cmp x="1222" y="857" width="34" height="36" />
      </word>
      <word id="h04-061-00-04" tag="INO" text="of">
        <cmp x="1307" y="850" width="35" height="38" />
        <cmp x="1343" y="833" width="31" height="69" />
      </word>
      <word id="h04-061-00-05" tag="ATI" text="the">
        <cmp x="1408" y="831" width="71" height="61" />
        <cmp x="1485" y="855" width="37" height="33" />
      </word>
      <word id="h04-061-00-06" tag="NN" text="expenditure">
        <cmp x="1571" y="846" width="30" height="37" />
        <cmp x="1611" y="850" width="28" height="34" />
        <cmp x="1637" y="853" width="37" height="57" />
        <cmp x="1682" y="848" width="26" height="34" />
        <cmp x="1718" y="853" width="39" height="30" />
        <cmp x="1765" y="831" width="49" height="55" />
        <cmp x="1813" y="860" width="14" height="23" />
        <cmp x="1830" y="841" width="4" height="5" />
        <cmp x="1841" y="832" width="121" height="55" />
      </word>
      <word id="h04-061-00-07" tag="IN" text="on">
        <cmp x="2009" y="853" width="79" height="40" />
      </word>
      <lower-contour>
        <point x="348" y="947" />
        <point x="2089" y="947" />
      </lower-contour>
    </line>
    <line ass="155" asx="0" asy="1013" character-width="999" dss="155" dsx="0" dsy="1090" fd0="13885" fd1="2896" fd2="-1458" filter-width="3" id="h04-061-01" lbs="205" lbx="0" lby="1071" segmentation="ok" slant="68000" stroke-width="5103" threshold="173" text="different commodities attributable to the adult" ubs="54" ubx="0" uby="1036">
      <word id="h04-061-01-00" tag="JJ" text="different">
        <cmp x="325" y="1016" width="48" height="55" />
        <cmp x="377" y="1040" width="15" height="31" />
        <cmp x="394" y="1011" width="61" height="79" />
        <cmp x="397" y="1020" width="3" height="8" />
        <cmp x="454" y="1018" width="5" height="4" />
        <cmp x="454" y="1036" width="77" height="33" />
        <cmp x="456" y="1025" width="4" height="5" />
        <cmp x="490" y="1040" width="6" height="10" />
        <cmp x="539" y="1043" width="16" height="24" />
        <cmp x="556" y="1042" width="26" height="26" />
        <cmp x="583" y="1014" width="33" height="55" />
      </word>
      <word id="h04-061-01-01" tag="NNS" text="commodities">
        <cmp x="664" y="1029" width="33" height="37" />
        <cmp x="678" y="1035" width="49" height="33" />
        <cmp x="734" y="1037" width="64" height="33" />
        <cmp x="806" y="1038" width="57" height="29" />
        <cmp x="863" y="1053" width="3" height="4" />
        <cmp x="867" y="1039" width="36" height="28" />
        <cmp x="913" y="1014" width="46" height="56" />
        <cmp x="961" y="1040" width="14" height="27" />
        <cmp x="982" y="1018" width="4" height="8" />
        <cmp x="988" y="1013" width="48" height="55" />
        <cmp x="1037" y="1014" width="4" height="9" />
        <cmp x="1044" y="1030" width="25" height="38" />
        <cmp x="1078" y="1034" width="32" height="35" />
      </word>
      <word id="h04-061-01-02" tag="JJ" text="attributable">
        <cmp x="1165" y="1031" width="40" height="39" />
        <cmp x="1216" y="1019" width="22" height="46" />
        <cmp x="1245" y="1014" width="63" height="54" />
        <cmp x="1306" y="1041" width="15" height="31" />
        <cmp x="1327" y="1027" width="4" height="5" />
        <cmp x="1335" y="1018" width="42" height="51" />
        <cmp x="1387" y="1041" width="35" height="29" />
        <cmp x="1437" y="1019" width="24" height="50" />
        <cmp x="1462" y="1038" width="38" height="32" />
        <cmp x="1505" y="1019" width="37" height="48" />
        <cmp x="1544" y="1013" width="26" height="53" />
        <cmp x="1561" y="1034" width="32" height="36" />
      </word>
      <word id="h04-061-01-03" tag="IN" text="to">
        <cmp x="1652" y="1011" width="34" height="46" />
        <cmp x="1683" y="1031" width="26" height="29" />
      </word>
      <word id="h04-061-01-04" tag="ATI" text="the">
        <cmp x="1741" y="1011" width="70" height="56" />
        <cmp x="1818" y="1037" width="24" height="31" />
      </word>
      <word id="h04-061-01-05" tag="JJ" text="adult">
        <cmp x="1897" y="1019" width="96" height="52" />
        <cmp x="2000" y="1041" width="34" height="27" />
        <cmp x="2050" y="1017" width="15" height="43" />
        <cmp x="2071" y="1014" width="34" height="54" />
      </word>
      <upper-contour>
        <point x="348" y="947" />
        <point x="2089" y="947" />
      </upper-contour>
      <lower-contour>
        <point x="323" y="1090" />
        <point x="2039" y="1090" />
      </lower-contour>
    </line>
    <line ass="240" asx="0" asy="1189" character-width="999" dss="240" dsx="0" dsy="1265" fd0="13776" fd1="2794" fd2="-1193" filter-width="3" id="h04-061-02" lbs="232" lbx="0" lby="1251" segmentation="ok" slant="66000" stroke-width="5242" threshold="172" text="couple and each additional child in a selected" ubs="257" ubx="0" uby="1219">
      <word id="h04-061-02-00" tag="NN" text="couple">
        <cmp x="319" y="1207" width="61" height="40" />
        <cmp x="386" y="1216" width="75" height="49" />
        <cmp x="465" y="1189" width="26" height="61" />
        <cmp x="487" y="1215" width="32" height="34" />
      </word>
      <word id="h04-061-02-01" tag="CC" text="and">
        <cmp x="560" y="1212" width="33" height="38" />
        <cmp x="602" y="1197" width="83" height="51" />
      </word>
      <word id="h04-061-02-02" tag="DT" text="each">
        <cmp x="729" y="1211" width="66" height="39" />
        <cmp x="801" y="1199" width="69" height="51" />
      </word>
      <word id="h04-061-02-03" tag="JJ" text="additional">
        <cmp x="916" y="1196" width="91" height="53" />
        <cmp x="1005" y="1192" width="60" height="57" />
        <cmp x="1074" y="1194" width="6" height="5" />
        <cmp x="1085" y="1189" width="42" height="54" />
        <cmp x="1129" y="1194" width="4" height="6" />
        <cmp x="1132" y="1214" width="70" height="35" />
        <cmp x="1211" y="1216" width="43" height="31" />
        <cmp x="1261" y="1196" width="19" height="49" />
      </word>
      <word id="h04-061-02-04" tag="NN" text="child">
        <cmp x="1342" y="1189" width="92" height="55" />
        <cmp x="1438" y="1195" width="4" height="4" />
        <cmp x="1439" y="1200" width="3" height="5" />
        <cmp x="1444" y="1192" width="24" height="55" />
        <cmp x="1463" y="1192" width="53" height="53" />
      </word>
      <word id="h04-061-02-05" tag="IN" text="in">
        <cmp x="1559" y="1218" width="16" height="26" />
        <cmp x="1578" y="1191" width="4" height="9" />
        <cmp x="1585" y="1219" width="16" height="7" />
        <cmp x="1588" y="1219" width="41" height="31" />
      </word>
      <word id="h04-061-02-06" tag="AT" text="a">
        <cmp x="1668" y="1212" width="43" height="33" />
      </word>
      <word id="h04-061-02-07" tag="JJ" text="selected">
        <cmp x="1762" y="1205" width="33" height="34" />
        <cmp x="1798" y="1211" width="38" height="32" />
        <cmp x="1837" y="1189" width="24" height="60" />
        <cmp x="1856" y="1213" width="32" height="34" />
        <cmp x="1890" y="1214" width="37" height="30" />
        <cmp x="1928" y="1188" width="33" height="54" />
        <cmp x="1958" y="1188" width="80" height="56" />
      </word>
      <upper-contour>
        <point x="323" y="1090" />
        <point x="2039" y="1090" />
      </upper-contour>
      <lower-contour>
        <point x="317" y="1265" />
        <point x="2039" y="1265" />
      </lower-contour>
    </line>
    <line ass="63" asx="0" asy="1361" character-width="999" dss="63" dsx="0" dsy="1475" fd0="13946" fd1="2830" fd2="-1434" filter-width="3" id="h04-061-03" lbs="59" lbx="0" lby="1430" segmentation="ok" slant="68000" stroke-width="5227" threshold="173" text="group of households consisting of childless couples" ubs="71" ubx="0" uby="1395">
      <word id="h04-061-03-00" tag="NN" text="group">
        <cmp x="298" y="1390" width="81" height="83" />
        <cmp x="377" y="1395" width="26" height="32" />
        <cmp x="406" y="1397" width="75" height="56" />
      </word>
      <word id="h04-061-03-01" tag="INO" text="of">
        <cmp x="532" y="1375" width="69" height="70" />
      </word>
      <word id="h04-061-03-02" tag="NNS" text="households">
        <cmp x="642" y="1366" width="42" height="62" />
        <cmp x="694" y="1398" width="31" height="29" />
        <cmp x="728" y="1397" width="66" height="33" />
        <cmp x="731" y="1404" width="3" height="4" />
        <cmp x="801" y="1395" width="34" height="36" />
        <cmp x="844" y="1369" width="73" height="57" />
        <cmp x="919" y="1371" width="20" height="54" />
        <cmp x="946" y="1360" width="80" height="66" />
      </word>
      <word id="h04-061-03-03" tag="VBG" text="consisting">
        <cmp x="1086" y="1392" width="61" height="37" />
        <cmp x="1155" y="1399" width="37" height="30" />
        <cmp x="1195" y="1393" width="34" height="36" />
        <cmp x="1234" y="1399" width="12" height="30" />
        <cmp x="1251" y="1381" width="5" height="7" />
        <cmp x="1257" y="1398" width="24" height="32" />
        <cmp x="1285" y="1373" width="47" height="55" />
        <cmp x="1334" y="1378" width="5" height="10" />
        <cmp x="1345" y="1394" width="41" height="31" />
        <cmp x="1377" y="1390" width="48" height="84" />
      </word>
      <word id="h04-061-03-04" tag="INO" text="of">
        <cmp x="1466" y="1392" width="32" height="36" />
        <cmp x="1503" y="1374" width="41" height="72" />
      </word>
      <word id="h04-061-03-05" tag="JJ" text="childless">
        <cmp x="1581" y="1375" width="104" height="52" />
        <cmp x="1690" y="1371" width="6" height="16" />
        <cmp x="1705" y="1369" width="72" height="59" />
        <cmp x="1778" y="1372" width="80" height="57" />
        <cmp x="1859" y="1391" width="27" height="38" />
      </word>
      <word id="h04-061-03-06" tag="NNS" text="couples">
        <cmp x="1929" y="1389" width="57" height="40" />
        <cmp x="1992" y="1397" width="71" height="53" />
        <cmp x="2071" y="1368" width="29" height="61" />
        <cmp x="2092" y="1392" width="27" height="35" />
        <cmp x="2122" y="1394" width="31" height="35" />
      </word>
      <upper-contour>
        <point x="317" y="1265" />
        <point x="2039" y="1265" />
      </upper-contour>
      <lower-contour>
        <point x="296" y="1474" />
        <point x="2154" y="1474" />
      </lower-contour>
    </line>
    <line ass="-185" asx="0" asy="1538" character-width="999" dss="-185" dsx="0" dsy="1626" fd0="13972" fd1="2792" fd2="-1406" filter-width="3" id="h04-061-04" lbs="-153" lbx="0" lby="1601" segmentation="ok" slant="65000" stroke-width="5213" threshold="174" text="(both under 55) and couples with different numbers" ubs="-248" ubx="0" uby="1568">
      <word id="h04-061-04-00" tag="(" text="(">
        <cmp x="294" y="1544" width="30" height="57" />
      </word>
      <word id="h04-061-04-01" tag="ABX" text="both">
        <cmp x="319" y="1542" width="38" height="55" />
        <cmp x="358" y="1574" width="27" height="27" />
        <cmp x="399" y="1551" width="70" height="54" />
      </word>
      <word id="h04-061-04-02" tag="IN" text="under">
        <cmp x="525" y="1569" width="38" height="35" />
        <cmp x="575" y="1546" width="144" height="62" />
      </word>
      <word id="h04-061-04-03" tag="CD" text="55">
        <cmp x="770" y="1549" width="42" height="50" />
        <cmp x="808" y="1556" width="40" height="46" />
      </word>
      <word id="h04-061-04-04" tag=")" text=")">
        <cmp x="841" y="1542" width="42" height="79" />
      </word>
      <word id="h04-061-04-05" tag="CC" text="and">
        <cmp x="897" y="1571" width="42" height="33" />
        <cmp x="951" y="1548" width="82" height="55" />
      </word>
      <word id="h04-061-04-06" tag="NNS" text="couples">
        <cmp x="1099" y="1566" width="54" height="39" />
        <cmp x="1158" y="1577" width="72" height="49" />
        <cmp x="1237" y="1547" width="21" height="58" />
        <cmp x="1254" y="1570" width="61" height="37" />
      </word>
      <word id="h04-061-04-07" tag="IN" text="with">
        <cmp x="1371" y="1575" width="72" height="34" />
        <cmp x="1448" y="1554" width="3" height="12" />
        <cmp x="1454" y="1554" width="79" height="54" />
      </word>
      <word id="h04-061-04-08" tag="JJ" text="different">
        <cmp x="1566" y="1553" width="68" height="55" />
        <cmp x="1636" y="1556" width="75" height="77" />
        <cmp x="1639" y="1559" width="3" height="10" />
        <cmp x="1704" y="1577" width="80" height="34" />
        <cmp x="1793" y="1579" width="35" height="28" />
        <cmp x="1835" y="1550" width="35" height="58" />
      </word>
      <word id="h04-061-04-09" tag="NNS" text="numbers">
        <cmp x="1910" y="1574" width="38" height="27" />
        <cmp x="1959" y="1574" width="37" height="30" />
        <cmp x="1999" y="1558" width="100" height="49" />
        <cmp x="2102" y="1579" width="23" height="26" />
        <cmp x="2118" y="1576" width="44" height="28" />
        <cmp x="2152" y="1570" width="35" height="37" />
      </word>
      <upper-contour>
        <point x="296" y="1474" />
        <point x="2154" y="1474" />
      </upper-contour>
      <lower-contour>
        <point x="292" y="1633" />
        <point x="2167" y="1633" />
      </lower-contour>
    </line>
    <line ass="-446" asx="0" asy="1711" character-width="999" dss="-446" dsx="0" dsy="1817" fd0="13808" fd1="2825" fd2="-821" filter-width="3" id="h04-061-05" lbs="-517" lbx="0" lby="1772" segmentation="ok" slant="64000" stroke-width="5252" threshold="175" text="of children were given for 1952-56 in Table 39 of" ubs="-305" ubx="0" uby="1746">
      <word id="h04-061-05-00" tag="INO" text="of">
        <cmp x="294" y="1742" width="30" height="35" />
        <cmp x="329" y="1724" width="38" height="69" />
      </word>
      <word id="h04-061-05-01" tag="NNS" text="children">
        <cmp x="408" y="1724" width="88" height="56" />
        <cmp x="508" y="1728" width="4" height="11" />
        <cmp x="514" y="1724" width="122" height="59" />
        <cmp x="641" y="1751" width="59" height="32" />
      </word>
      <word id="h04-061-05-02" tag="BED" text="were">
        <cmp x="744" y="1746" width="146" height="38" />
      </word>
      <word id="h04-061-05-03" tag="VBN" text="given">
        <cmp x="937" y="1747" width="72" height="79" />
        <cmp x="1011" y="1728" width="4" height="15" />
        <cmp x="1020" y="1749" width="34" height="32" />
        <cmp x="1053" y="1750" width="25" height="36" />
        <cmp x="1083" y="1756" width="66" height="29" />
      </word>
      <word id="h04-061-05-04" tag="IN" text="for">
        <cmp x="1173" y="1732" width="66" height="71" />
        <cmp x="1239" y="1759" width="5" height="4" />
        <cmp x="1245" y="1752" width="43" height="28" />
      </word>
      <word id="h04-061-05-05" tag="CD-CD" text="1952-56">
        <cmp x="1336" y="1736" width="22" height="45" />
        <cmp x="1363" y="1735" width="33" height="50" />
        <cmp x="1403" y="1740" width="38" height="44" />
        <cmp x="1443" y="1744" width="41" height="48" />
        <cmp x="1497" y="1766" width="17" height="6" />
        <cmp x="1533" y="1744" width="33" height="42" />
        <cmp x="1564" y="1744" width="38" height="46" />
      </word>
      <word id="h04-061-05-06" tag="IN" text="in">
        <cmp x="1642" y="1754" width="21" height="32" />
        <cmp x="1666" y="1733" width="4" height="11" />
        <cmp x="1676" y="1758" width="43" height="30" />
      </word>
      <word id="h04-061-05-07" tag="NN" text="Table">
        <cmp x="1771" y="1725" width="47" height="60" />
        <cmp x="1798" y="1733" width="81" height="56" />
        <cmp x="1887" y="1732" width="28" height="54" />
        <cmp x="1904" y="1752" width="33" height="36" />
      </word>
      <word id="h04-061-05-08" tag="CD" text="39">
        <cmp x="1979" y="1739" width="44" height="48" />
        <cmp x="2025" y="1741" width="36" height="55" />
      </word>
      <word id="h04-061-05-09" tag="INO" text="of">
        <cmp x="2090" y="1738" width="76" height="74" />
      </word>
      <upper-contour>
        <point x="292" y="1633" />
        <point x="2167" y="1633" />
      </upper-contour>
      <lower-contour>
        <point x="292" y="1826" />
        <point x="2041" y="1826" />
      </lower-contour>
    </line>
    <line ass="-152" asx="0" asy="1896" character-width="999" dss="-152" dsx="0" dsy="2011" fd0="13797" fd1="2783" fd2="-1433" filter-width="3" id="h04-061-06" lbs="-216" lbx="0" lby="1956" segmentation="ok" slant="63000" stroke-width="5265" threshold="175" text="the Annual Report for 1956. The younger childless" ubs="-24" ubx="0" uby="1929">
      <word id="h04-061-06-00" tag="ATI" text="the">
        <cmp x="290" y="1900" width="58" height="54" />
        <cmp x="352" y="1923" width="27" height="37" />
      </word>
      <word id="h04-061-06-01" tag="JJ" text="Annual">
        <cmp x="424" y="1900" width="51" height="58" />
        <cmp x="479" y="1928" width="33" height="29" />
        <cmp x="521" y="1931" width="34" height="30" />
        <cmp x="567" y="1931" width="37" height="32" />
        <cmp x="612" y="1932" width="40" height="32" />
        <cmp x="654" y="1914" width="30" height="50" />
      </word>
      <word id="h04-061-06-02" tag="NN" text="Report">
        <cmp x="732" y="1905" width="50" height="59" />
        <cmp x="782" y="1928" width="25" height="33" />
        <cmp x="791" y="1925" width="51" height="64" />
        <cmp x="846" y="1926" width="66" height="30" />
        <cmp x="913" y="1904" width="29" height="57" />
      </word>
      <word id="h04-061-06-03" tag="IN" text="for">
        <cmp x="965" y="1915" width="111" height="70" />
      </word>
      <word id="h04-061-06-04" tag="CD" text="1956">
        <cmp x="1126" y="1909" width="27" height="52" />
        <cmp x="1162" y="1913" width="30" height="51" />
        <cmp x="1191" y="1914" width="47" height="47" />
        <cmp x="1232" y="1916" width="37" height="48" />
      </word>
      <word id="h04-061-06-05" tag="." text=".">
        <cmp x="1270" y="1959" width="6" height="6" />
      </word>
      <word id="h04-061-06-06" sentence-start="yes" tag="ATI" text="The">
        <cmp x="1313" y="1907" width="41" height="59" />
        <cmp x="1342" y="1907" width="37" height="57" />
        <cmp x="1386" y="1931" width="25" height="33" />
      </word>
      <word id="h04-061-06-07" tag="JJR" text="younger">
        <cmp x="1468" y="1929" width="51" height="70" />
        <cmp x="1518" y="1931" width="30" height="31" />
        <cmp x="1554" y="1932" width="81" height="33" />
        <cmp x="1619" y="1930" width="49" height="86" />
        <cmp x="1675" y="1927" width="68" height="33" />
      </word>
      <word id="h04-061-06-08" tag="JJ" text="childless">
        <cmp x="1771" y="1908" width="88" height="59" />
        <cmp x="1863" y="1912" width="6" height="10" />
        <cmp x="1866" y="1912" width="28" height="48" />
        <cmp x="1884" y="1908" width="53" height="55" />
        <cmp x="1936" y="1902" width="27" height="60" />
        <cmp x="1954" y="1926" width="27" height="37" />
        <cmp x="1985" y="1929" width="55" height="36" />
      </word>
      <upper-contour>
        <point x="292" y="1826" />
        <point x="2041" y="1826" />
      </upper-contour>
      <lower-contour>
        <point x="288" y="2016" />
        <point x="2041" y="2016" />
      </lower-contour>
    </line>
    <line ass="-170" asx="0" asy="2079" character-width="999" dss="-170" dsx="0" dsy="2197" fd0="14110" fd1="2775" fd2="-1374" filter-width="3" id="h04-061-07" lbs="-262" lbx="0" lby="2140" segmentation="ok" slant="63000" stroke-width="5258" threshold="176" text="couples are broadly comparable in age and family" ubs="12" ubx="0" uby="2110">
      <word id="h04-061-07-00" tag="NNS" text="couples">
        <cmp x="272" y="2099" width="58" height="36" />
        <cmp x="333" y="2109" width="71" height="49" />
        <cmp x="414" y="2082" width="30" height="61" />
        <cmp x="435" y="2103" width="27" height="36" />
        <cmp x="462" y="2105" width="38" height="39" />
      </word>
      <word id="h04-061-07-01" tag="BER" text="are">
        <cmp x="540" y="2106" width="101" height="38" />
      </word>
      <word id="h04-061-07-02" tag="RB" text="broadly">
        <cmp x="701" y="2083" width="39" height="54" />
        <cmp x="745" y="2109" width="38" height="28" />
        <cmp x="781" y="2108" width="33" height="34" />
        <cmp x="818" y="2110" width="36" height="28" />
        <cmp x="859" y="2086" width="47" height="56" />
        <cmp x="909" y="2086" width="27" height="51" />
        <cmp x="912" y="2112" width="56" height="60" />
      </word>
      <word id="h04-061-07-03" tag="JJ" text="comparable">
        <cmp x="1031" y="2109" width="62" height="39" />
        <cmp x="1099" y="2111" width="102" height="65" />
        <cmp x="1204" y="2113" width="45" height="31" />
        <cmp x="1252" y="2109" width="36" height="32" />
        <cmp x="1283" y="2114" width="45" height="28" />
        <cmp x="1329" y="2091" width="45" height="53" />
        <cmp x="1379" y="2091" width="25" height="49" />
        <cmp x="1398" y="2112" width="33" height="36" />
      </word>
      <word id="h04-061-07-04" tag="IN" text="in">
        <cmp x="1479" y="2114" width="20" height="31" />
        <cmp x="1502" y="2090" width="3" height="10" />
        <cmp x="1508" y="2114" width="42" height="31" />
      </word>
      <word id="h04-061-07-05" tag="NN" text="age">
        <cmp x="1592" y="2110" width="44" height="33" />
        <cmp x="1619" y="2108" width="54" height="95" />
        <cmp x="1634" y="2133" width="4" height="4" />
        <cmp x="1679" y="2107" width="34" height="35" />
      </word>
      <word id="h04-061-07-06" tag="CC" text="and">
        <cmp x="1744" y="2107" width="36" height="34" />
        <cmp x="1786" y="2089" width="90" height="55" />
      </word>
      <word id="h04-061-07-07" tag="NN" text="family">
        <cmp x="1899" y="2088" width="76" height="77" />
        <cmp x="1981" y="2113" width="73" height="31" />
        <cmp x="2058" y="2096" width="5" height="14" />
        <cmp x="2070" y="2090" width="58" height="93" />
      </word>
      <upper-contour>
        <point x="288" y="2016" />
        <point x="2041" y="2016" />
      </upper-contour>
      <lower-contour>
        <point x="270" y="2204" />
        <point x="2129" y="2204" />
      </lower-contour>
    </line>
    <line ass="-224" asx="0" asy="2255" character-width="999" dss="-224" dsx="0" dsy="2345" fd0="13940" fd1="2729" fd2="-1527" filter-width="3" id="h04-061-08" lbs="-149" lbx="0" lby="2317" segmentation="ok" slant="63000" stroke-width="5141" threshold="176" text="income with the family households, so that differences" ubs="-374" ubx="0" uby="2283">
      <word id="h04-061-08-00" tag="NN" text="income">
        <cmp x="270" y="2283" width="17" height="27" />
        <cmp x="297" y="2283" width="38" height="30" />
        <cmp x="344" y="2281" width="56" height="35" />
        <cmp x="406" y="2287" width="96" height="32" />
      </word>
      <word id="h04-061-08-01" tag="IN" text="with">
        <cmp x="542" y="2287" width="76" height="32" />
        <cmp x="623" y="2269" width="4" height="11" />
        <cmp x="632" y="2264" width="69" height="56" />
      </word>
      <word id="h04-061-08-02" tag="ATI" text="the">
        <cmp x="762" y="2261" width="66" height="58" />
        <cmp x="830" y="2280" width="27" height="38" />
      </word>
      <word id="h04-061-08-03" tag="NN" text="family">
        <cmp x="892" y="2263" width="53" height="74" />
        <cmp x="932" y="2287" width="42" height="29" />
        <cmp x="979" y="2289" width="78" height="33" />
        <cmp x="1063" y="2266" width="7" height="16" />
        <cmp x="1071" y="2264" width="63" height="87" />
      </word>
      <word id="h04-061-08-04" tag="NNS" text="households">
        <cmp x="1180" y="2261" width="39" height="60" />
        <cmp x="1223" y="2291" width="30" height="30" />
        <cmp x="1255" y="2290" width="66" height="35" />
        <cmp x="1324" y="2292" width="30" height="33" />
        <cmp x="1362" y="2261" width="76" height="63" />
        <cmp x="1438" y="2271" width="27" height="61" />
        <cmp x="1458" y="2277" width="55" height="48" />
        <cmp x="1504" y="2292" width="35" height="34" />
      </word>
      <word id="h04-061-08-05" tag="," text=",">
        <cmp x="1560" y="2320" width="14" height="21" />
      </word>
      <word id="h04-061-08-06" tag="CS21" text="so">
        <cmp x="1587" y="2309" width="4" height="3" />
        <cmp x="1587" y="2285" width="46" height="34" />
        <cmp x="1637" y="2290" width="28" height="30" />
      </word>
      <word id="h04-061-08-07" tag="CS22" text="that">
        <cmp x="1701" y="2269" width="70" height="51" />
        <cmp x="1775" y="2294" width="41" height="29" />
        <cmp x="1817" y="2273" width="28" height="53" />
      </word>
      <word id="h04-061-08-08" tag="NNS" text="differences">
        <cmp x="1889" y="2267" width="54" height="51" />
        <cmp x="1935" y="2293" width="15" height="25" />
        <cmp x="1950" y="2262" width="51" height="74" />
        <cmp x="1961" y="2270" width="3" height="7" />
        <cmp x="1975" y="2273" width="134" height="75" />
        <cmp x="2112" y="2290" width="31" height="27" />
        <cmp x="2148" y="2285" width="82" height="40" />
      </word>
      <upper-contour>
        <point x="270" y="2204" />
        <point x="2129" y="2204" />
      </upper-contour>
      <lower-contour>
        <point x="276" y="2351" />
        <point x="2176" y="2351" />
      </lower-contour>
    </line>
    <line ass="-171" asx="0" asy="2438" character-width="999" dss="-171" dsx="0" dsy="2529" fd0="13961" fd1="2803" fd2="-1079" filter-width="3" id="h04-061-09" lbs="14" lbx="0" lby="2502" segmentation="ok" slant="64000" stroke-width="5216" threshold="175" text="in food expenditure may be associated with the" ubs="-542" ubx="0" uby="2459">
      <word id="h04-061-09-00" tag="IN" text="in">
        <cmp x="278" y="2466" width="13" height="22" />
        <cmp x="292" y="2440" width="7" height="8" />
        <cmp x="301" y="2462" width="39" height="37" />
      </word>
      <word id="h04-061-09-01" tag="NN" text="food">
        <cmp x="390" y="2443" width="73" height="84" />
        <cmp x="468" y="2470" width="35" height="30" />
        <cmp x="511" y="2450" width="48" height="50" />
      </word>
      <word id="h04-061-09-02" tag="NN" text="expenditure">
        <cmp x="610" y="2465" width="67" height="36" />
        <cmp x="667" y="2467" width="50" height="60" />
        <cmp x="722" y="2466" width="28" height="35" />
        <cmp x="758" y="2471" width="33" height="27" />
        <cmp x="804" y="2445" width="61" height="56" />
        <cmp x="870" y="2456" width="5" height="7" />
        <cmp x="881" y="2451" width="136" height="49" />
      </word>
      <word id="h04-061-09-03" tag="MD" text="may">
        <cmp x="1066" y="2471" width="87" height="29" />
        <cmp x="1162" y="2467" width="94" height="67" />
      </word>
      <word id="h04-061-09-04" tag="BE" text="be">
        <cmp x="1294" y="2445" width="45" height="53" />
        <cmp x="1338" y="2467" width="29" height="30" />
      </word>
      <word id="h04-061-09-05" tag="VBN" text="associated">
        <cmp x="1413" y="2467" width="40" height="33" />
        <cmp x="1457" y="2464" width="58" height="39" />
        <cmp x="1523" y="2469" width="36" height="35" />
        <cmp x="1568" y="2467" width="23" height="34" />
        <cmp x="1603" y="2475" width="19" height="26" />
        <cmp x="1619" y="2448" width="5" height="6" />
        <cmp x="1628" y="2472" width="41" height="30" />
        <cmp x="1676" y="2452" width="25" height="52" />
        <cmp x="1700" y="2454" width="96" height="55" />
      </word>
      <word id="h04-061-09-06" tag="IN" text="with">
        <cmp x="1840" y="2470" width="77" height="31" />
        <cmp x="1922" y="2451" width="4" height="11" />
        <cmp x="1930" y="2449" width="36" height="53" />
        <cmp x="1960" y="2449" width="54" height="52" />
      </word>
      <word id="h04-061-09-07" tag="ATI" text="the">
        <cmp x="2056" y="2450" width="119" height="59" />
      </word>
      <upper-contour>
        <point x="276" y="2351" />
        <point x="2176" y="2351" />
      </upper-contour>
      <lower-contour>
        <point x="276" y="2527" />
        <point x="1102" y="2527" />
      </lower-contour>
    </line>
    <line ass="-559" asx="0" asy="2616" character-width="999" dss="-559" dsx="0" dsy="2704" fd0="13552" fd1="2727" fd2="-740" filter-width="3" id="h04-061-10" lbs="-371" lbx="0" lby="2675" segmentation="ok" slant="63000" stroke-width="5201" threshold="175" text="presence of children." ubs="-936" ubx="0" uby="2641">
      <word id="h04-061-10-00" tag="NN" text="presence">
        <cmp x="258" y="2645" width="43" height="62" />
        <cmp x="305" y="2644" width="35" height="30" />
        <cmp x="337" y="2646" width="24" height="30" />
        <cmp x="364" y="2646" width="39" height="34" />
        <cmp x="412" y="2647" width="26" height="37" />
        <cmp x="450" y="2650" width="40" height="29" />
        <cmp x="498" y="2647" width="75" height="34" />
      </word>
      <word id="h04-061-10-01" tag="INO" text="of">
        <cmp x="636" y="2646" width="29" height="33" />
        <cmp x="666" y="2624" width="45" height="72" />
      </word>
      <word id="h04-061-10-02" tag="NNS" text="children">
        <cmp x="760" y="2625" width="102" height="57" />
        <cmp x="867" y="2626" width="4" height="3" />
        <cmp x="868" y="2630" width="3" height="8" />
        <cmp x="879" y="2627" width="129" height="55" />
        <cmp x="1017" y="2654" width="58" height="31" />
      </word>
      <word id="h04-061-10-03" tag="." text=".">
        <cmp x="1094" y="2674" width="8" height="9" />
      </word>
      <upper-contour>
        <point x="276" y="2527" />
        <point x="1102" y="2527" />
      </upper-contour>
    </line>
  </handwritten-part>
</form>

