<?xml version="1.0" encoding="ISO-8859-1"?>

<!DOCTYPE form SYSTEM 'http://www.iam.unibe.ch/~fki/iamdb/form-metadata.dtd'>

<form created="2002-01-24" height="3542" id="h04-035" last-modified="2002-07-17" skew="0" status="final" version="3.0_beta" width="2479" writer-id="377">
  <machine-printed-part>
    <machine-print-line text="Consumption by younger childless couples declined throughout this period, but that" />
    <machine-print-line text="of the smaller families was maintained except for the slight fall in 1959. In the largest" />
    <machine-print-line text="families, particularly those containing four or more children, there was a tendency for" />
    <machine-print-line text="consumption to increase between 1955 and 1957, and thereafter to decline. Graduated" />
    <machine-print-line text="scales of family allowances were introduced in October 1956, and the welfare milk" />
    <machine-print-line text="subsidy was reduced in April 1957." />
  </machine-printed-part>
  <handwritten-part>
    <line ass="47" asx="0" asy="726" character-width="999" dss="47" dsx="0" dsy="819" fd0="12828" fd1="2954" fd2="-1070" filter-width="3" id="h04-035-00" lbs="79" lbx="0" lby="784" segmentation="ok" slant="92999" stroke-width="4988" threshold="170" text="Consumption by younger childless couples declined" ubs="-17" ubx="0" uby="749">
      <word id="h04-035-00-00" sentence-start="yes" tag="NN" text="Consumption">
        <cmp x="379" y="735" width="70" height="44" />
        <cmp x="459" y="753" width="28" height="25" />
        <cmp x="498" y="749" width="25" height="29" />
        <cmp x="528" y="754" width="26" height="26" />
        <cmp x="575" y="749" width="38" height="26" />
        <cmp x="630" y="746" width="21" height="67" />
        <cmp x="669" y="727" width="25" height="43" />
        <cmp x="714" y="754" width="6" height="28" />
        <cmp x="715" y="737" width="5" height="5" />
        <cmp x="733" y="751" width="22" height="27" />
        <cmp x="765" y="754" width="27" height="26" />
      </word>
      <word id="h04-035-00-01" tag="IN" text="by">
        <cmp x="848" y="736" width="28" height="46" />
        <cmp x="883" y="752" width="28" height="57" />
      </word>
      <word id="h04-035-00-02" tag="JJR" text="younger">
        <cmp x="960" y="745" width="34" height="59" />
        <cmp x="999" y="752" width="26" height="26" />
        <cmp x="1026" y="750" width="21" height="23" />
        <cmp x="1050" y="747" width="62" height="72" />
        <cmp x="1108" y="748" width="25" height="28" />
        <cmp x="1141" y="742" width="29" height="35" />
      </word>
      <word id="h04-035-00-03" tag="JJ" text="childless">
        <cmp x="1225" y="750" width="25" height="28" />
        <cmp x="1253" y="727" width="26" height="52" />
        <cmp x="1293" y="755" width="6" height="22" />
        <cmp x="1295" y="735" width="7" height="10" />
        <cmp x="1333" y="727" width="8" height="52" />
        <cmp x="1349" y="730" width="24" height="54" />
        <cmp x="1397" y="731" width="5" height="55" />
        <cmp x="1416" y="749" width="19" height="32" />
        <cmp x="1446" y="749" width="22" height="30" />
        <cmp x="1475" y="750" width="20" height="28" />
      </word>
      <word id="h04-035-00-04" tag="NNS" text="couples">
        <cmp x="1573" y="748" width="47" height="34" />
        <cmp x="1621" y="755" width="22" height="26" />
        <cmp x="1661" y="747" width="19" height="69" />
        <cmp x="1691" y="731" width="6" height="50" />
        <cmp x="1713" y="752" width="18" height="31" />
        <cmp x="1734" y="752" width="31" height="32" />
      </word>
      <word id="h04-035-00-05" tag="VBD" text="declined">
        <cmp x="1814" y="733" width="29" height="50" />
        <cmp x="1860" y="751" width="17" height="31" />
        <cmp x="1886" y="754" width="20" height="24" />
        <cmp x="1917" y="731" width="5" height="48" />
        <cmp x="1943" y="759" width="5" height="23" />
        <cmp x="1944" y="733" width="3" height="7" />
        <cmp x="1965" y="753" width="27" height="27" />
        <cmp x="2002" y="751" width="19" height="31" />
        <cmp x="2030" y="732" width="27" height="47" />
      </word>
      <lower-contour>
        <point x="377" y="820" />
        <point x="2058" y="820" />
      </lower-contour>
    </line>
    <line ass="-36" asx="0" asy="892" character-width="999" dss="-36" dsx="0" dsy="997" fd0="12804" fd1="3744" fd2="-545" filter-width="3" id="h04-035-01" lbs="6" lbx="0" lby="951" segmentation="ok" slant="90000" stroke-width="4997" threshold="169" text="throughout this period, but that of the smaller families was" ubs="-122" ubx="0" uby="919">
      <word id="h04-035-01-00" tag="IN" text="throughout">
        <cmp x="345" y="913" width="30" height="41" />
        <cmp x="392" y="895" width="24" height="57" />
        <cmp x="428" y="919" width="18" height="27" />
        <cmp x="453" y="918" width="19" height="26" />
        <cmp x="484" y="919" width="22" height="27" />
        <cmp x="512" y="920" width="41" height="78" />
        <cmp x="558" y="901" width="24" height="52" />
        <cmp x="588" y="924" width="20" height="27" />
        <cmp x="616" y="925" width="24" height="26" />
        <cmp x="651" y="902" width="30" height="51" />
      </word>
      <word id="h04-035-01-01" tag="DT" text="this">
        <cmp x="740" y="916" width="28" height="37" />
        <cmp x="778" y="905" width="23" height="48" />
        <cmp x="816" y="906" width="4" height="8" />
        <cmp x="817" y="930" width="5" height="22" />
        <cmp x="833" y="924" width="24" height="29" />
      </word>
      <word id="h04-035-01-02" tag="NN" text="period">
        <cmp x="912" y="921" width="19" height="72" />
        <cmp x="939" y="926" width="20" height="32" />
        <cmp x="967" y="927" width="17" height="30" />
        <cmp x="998" y="932" width="6" height="24" />
        <cmp x="999" y="912" width="3" height="4" />
        <cmp x="1019" y="929" width="25" height="25" />
        <cmp x="1051" y="902" width="26" height="48" />
      </word>
      <word id="h04-035-01-03" tag="," text=",">
        <cmp x="1101" y="948" width="5" height="18" />
      </word>
      <word id="h04-035-01-04" tag="CC" text="but">
        <cmp x="1132" y="902" width="27" height="50" />
        <cmp x="1165" y="925" width="23" height="27" />
        <cmp x="1193" y="906" width="28" height="43" />
      </word>
      <word id="h04-035-01-05" tag="DT" text="that">
        <cmp x="1258" y="901" width="28" height="44" />
        <cmp x="1293" y="895" width="25" height="47" />
        <cmp x="1323" y="918" width="22" height="29" />
        <cmp x="1346" y="898" width="30" height="47" />
      </word>
      <word id="h04-035-01-06" tag="INO" text="of">
        <cmp x="1408" y="932" width="23" height="26" />
        <cmp x="1441" y="910" width="31" height="40" />
      </word>
      <word id="h04-035-01-07" tag="ATI" text="the">
        <cmp x="1492" y="917" width="30" height="35" />
        <cmp x="1533" y="905" width="26" height="43" />
        <cmp x="1567" y="918" width="17" height="31" />
      </word>
      <word id="h04-035-01-08" tag="JJR" text="smaller">
        <cmp x="1612" y="920" width="30" height="33" />
        <cmp x="1649" y="925" width="41" height="27" />
        <cmp x="1692" y="928" width="27" height="25" />
        <cmp x="1726" y="896" width="9" height="55" />
        <cmp x="1743" y="895" width="6" height="56" />
        <cmp x="1754" y="917" width="17" height="30" />
        <cmp x="1782" y="914" width="24" height="33" />
      </word>
      <word id="h04-035-01-09" tag="NNS" text="families">
        <cmp x="1869" y="903" width="28" height="49" />
        <cmp x="1904" y="923" width="26" height="27" />
        <cmp x="1951" y="923" width="39" height="26" />
        <cmp x="1999" y="904" width="4" height="9" />
        <cmp x="1999" y="930" width="7" height="20" />
        <cmp x="2023" y="896" width="8" height="56" />
        <cmp x="2049" y="916" width="4" height="7" />
        <cmp x="2049" y="933" width="6" height="21" />
        <cmp x="2083" y="927" width="18" height="27" />
        <cmp x="2111" y="923" width="26" height="31" />
      </word>
      <word id="h04-035-01-10" tag="BEDZ" text="was">
        <cmp x="2195" y="921" width="43" height="37" />
        <cmp x="2245" y="927" width="22" height="26" />
        <cmp x="2269" y="933" width="7" height="26" />
        <cmp x="2295" y="924" width="18" height="35" />
      </word>
      <upper-contour>
        <point x="377" y="820" />
        <point x="2058" y="820" />
      </upper-contour>
      <lower-contour>
        <point x="349" y="998" />
        <point x="2314" y="998" />
      </lower-contour>
    </line>
    <line ass="-305" asx="0" asy="1055" character-width="999" dss="-305" dsx="0" dsy="1179" fd0="13003" fd1="3295" fd2="-491" filter-width="3" id="h04-035-02" lbs="-312" lbx="0" lby="1124" segmentation="err" slant="90000" stroke-width="5095" threshold="168" text="maintained except for the slight fall in 1959. In the largest" ubs="-292" ubx="0" uby="1095">
      <word id="h04-035-02-00" tag="VBN" text="maintained">
        <cmp x="351" y="1101" width="35" height="31" />
        <cmp x="392" y="1098" width="22" height="25" />
        <cmp x="415" y="1103" width="5" height="25" />
        <cmp x="431" y="1075" width="6" height="10" />
        <cmp x="433" y="1096" width="6" height="27" />
        <cmp x="465" y="1095" width="22" height="28" />
        <cmp x="494" y="1076" width="25" height="46" />
        <cmp x="538" y="1100" width="24" height="25" />
        <cmp x="576" y="1103" width="6" height="26" />
        <cmp x="578" y="1081" width="4" height="11" />
        <cmp x="604" y="1102" width="23" height="24" />
        <cmp x="639" y="1099" width="17" height="33" />
        <cmp x="665" y="1083" width="26" height="44" />
      </word>
      <word id="h04-035-02-01" tag="IN21" text="except">
        <cmp x="767" y="1099" width="23" height="33" />
        <cmp x="793" y="1106" width="26" height="27" />
        <cmp x="831" y="1108" width="21" height="26" />
        <cmp x="853" y="1106" width="20" height="32" />
        <cmp x="885" y="1106" width="22" height="61" />
        <cmp x="916" y="1085" width="27" height="47" />
      </word>
      <word id="h04-035-02-02" tag="IN22" text="for">
        <cmp x="1014" y="1085" width="32" height="40" />
        <cmp x="1044" y="1105" width="23" height="23" />
        <cmp x="1076" y="1101" width="25" height="28" />
      </word>
      <word id="h04-035-02-03" tag="ATI" text="the">
        <cmp x="1152" y="1097" width="23" height="36" />
        <cmp x="1189" y="1086" width="23" height="47" />
        <cmp x="1227" y="1101" width="21" height="34" />
      </word>
      <word id="h04-035-02-04" tag="JJ" text="slight">
        <cmp x="1294" y="1101" width="34" height="33" />
        <cmp x="1336" y="1068" width="9" height="73" />
        <cmp x="1357" y="1116" width="6" height="22" />
        <cmp x="1363" y="1099" width="3" height="3" />
        <cmp x="1372" y="1111" width="48" height="76" />
        <cmp x="1412" y="1098" width="30" height="42" />
        <cmp x="1451" y="1094" width="23" height="41" />
      </word>
      <word id="h04-035-02-05" tag="NN" text="fall">
        <cmp x="1525" y="1088" width="63" height="54" />
        <cmp x="1603" y="1085" width="8" height="58" />
        <cmp x="1627" y="1087" width="9" height="59" />
      </word>
      <word id="h04-035-02-06" tag="IN" text="in">
        <cmp x="1683" y="1094" width="5" height="11" />
        <cmp x="1683" y="1120" width="6" height="15" />
        <cmp x="1706" y="1109" width="20" height="27" />
      </word>
      <word id="h04-035-02-07" tag="CD" text="1959">
        <cmp x="1798" y="1095" width="8" height="38" />
        <cmp x="1815" y="1099" width="23" height="40" />
        <cmp x="1845" y="1093" width="26" height="39" />
        <cmp x="1879" y="1095" width="21" height="41" />
      </word>
      <word id="h04-035-02-08" tag="." text=".">
        <cmp x="1925" y="1133" width="12" height="6" />
      </word>
      <word id="h04-035-02-09" sentence-start="yes" tag="IN" text="In">
        <cmp x="1955" y="1082" width="7" height="51" />
        <cmp x="1976" y="1107" width="22" height="27" />
      </word>
      <word id="h04-035-02-10" tag="ATI" text="the">
        <cmp x="2035" y="1091" width="28" height="38" />
        <cmp x="2072" y="1083" width="31" height="49" />
        <cmp x="2111" y="1100" width="25" height="34" />
      </word>
      <word id="h04-035-02-11" tag="JJT" text="largest">
        <cmp x="2159" y="1068" width="8" height="78" />
        <cmp x="2175" y="1114" width="29" height="26" />
        <cmp x="2213" y="1104" width="23" height="29" />
        <cmp x="2233" y="1109" width="45" height="71" />
        <cmp x="2274" y="1108" width="20" height="30" />
        <cmp x="2294" y="1105" width="20" height="30" />
        <cmp x="2316" y="1076" width="37" height="67" />
      </word>
      <upper-contour>
        <point x="349" y="998" />
        <point x="2314" y="998" />
      </upper-contour>
      <lower-contour>
        <point x="349" y="1187" />
        <point x="2354" y="1187" />
      </lower-contour>
    </line>
    <line ass="8" asx="0" asy="1250" character-width="999" dss="8" dsx="0" dsy="1363" fd0="13208" fd1="3166" fd2="-784" filter-width="3" id="h04-035-03" lbs="5" lbx="0" lby="1307" segmentation="err" slant="90000" stroke-width="4983" threshold="171" text="families, particularly those containing four or more children," ubs="14" ubx="0" uby="1283">
      <word id="h04-035-03-00" tag="NNS" text="families">
        <cmp x="337" y="1251" width="37" height="69" />
        <cmp x="388" y="1286" width="25" height="27" />
        <cmp x="428" y="1280" width="37" height="30" />
        <cmp x="478" y="1256" width="3" height="8" />
        <cmp x="479" y="1287" width="5" height="21" />
        <cmp x="514" y="1253" width="8" height="59" />
        <cmp x="533" y="1292" width="5" height="15" />
        <cmp x="534" y="1264" width="4" height="7" />
        <cmp x="562" y="1277" width="15" height="30" />
        <cmp x="593" y="1270" width="15" height="34" />
      </word>
      <word id="h04-035-03-01" tag="," text=",">
        <cmp x="616" y="1304" width="6" height="18" />
      </word>
      <word id="h04-035-03-02" tag="RB" text="particularly">
        <cmp x="697" y="1289" width="20" height="68" />
        <cmp x="731" y="1293" width="27" height="26" />
        <cmp x="775" y="1285" width="20" height="31" />
        <cmp x="812" y="1253" width="28" height="61" />
        <cmp x="858" y="1290" width="5" height="21" />
        <cmp x="861" y="1270" width="9" height="11" />
        <cmp x="885" y="1278" width="43" height="34" />
        <cmp x="937" y="1253" width="5" height="60" />
        <cmp x="956" y="1287" width="23" height="31" />
        <cmp x="994" y="1278" width="26" height="37" />
        <cmp x="1018" y="1251" width="7" height="67" />
        <cmp x="1034" y="1286" width="52" height="75" />
      </word>
      <word id="h04-035-03-03" tag="DTS" text="those">
        <cmp x="1135" y="1280" width="20" height="33" />
        <cmp x="1168" y="1263" width="30" height="43" />
        <cmp x="1213" y="1287" width="20" height="17" />
        <cmp x="1242" y="1284" width="25" height="29" />
        <cmp x="1282" y="1277" width="34" height="31" />
      </word>
      <word id="h04-035-03-04" tag="VBG" text="containing">
        <cmp x="1375" y="1273" width="45" height="30" />
        <cmp x="1437" y="1286" width="27" height="23" />
        <cmp x="1478" y="1266" width="24" height="41" />
        <cmp x="1512" y="1280" width="22" height="27" />
        <cmp x="1551" y="1287" width="6" height="24" />
        <cmp x="1552" y="1268" width="4" height="15" />
        <cmp x="1576" y="1289" width="25" height="27" />
        <cmp x="1609" y="1294" width="11" height="21" />
        <cmp x="1612" y="1264" width="5" height="21" />
        <cmp x="1640" y="1296" width="32" height="22" />
        <cmp x="1671" y="1298" width="54" height="66" />
      </word>
      <word id="h04-035-03-05" tag="CD" text="four">
        <cmp x="1771" y="1271" width="33" height="45" />
        <cmp x="1805" y="1292" width="26" height="23" />
        <cmp x="1824" y="1254" width="35" height="20" />
        <cmp x="1828" y="1284" width="8" height="13" />
        <cmp x="1838" y="1288" width="35" height="28" />
      </word>
      <word id="h04-035-03-06" tag="CC" text="or">
        <cmp x="1904" y="1292" width="21" height="28" />
        <cmp x="1935" y="1289" width="28" height="27" />
      </word>
      <word id="h04-035-03-07" tag="AP" text="more">
        <cmp x="2001" y="1290" width="33" height="29" />
        <cmp x="2047" y="1293" width="21" height="22" />
        <cmp x="2078" y="1288" width="22" height="29" />
        <cmp x="2114" y="1284" width="38" height="31" />
      </word>
      <word id="h04-035-03-08" tag="NNS" text="children">
        <cmp x="2188" y="1265" width="52" height="54" />
        <cmp x="2250" y="1270" width="6" height="5" />
        <cmp x="2252" y="1293" width="6" height="20" />
        <cmp x="2279" y="1261" width="3" height="3" />
        <cmp x="2284" y="1256" width="7" height="56" />
        <cmp x="2297" y="1263" width="27" height="46" />
        <cmp x="2330" y="1277" width="22" height="28" />
      </word>
      <word id="h04-035-03-09" tag="," text=",">
        <cmp x="2362" y="1275" width="57" height="37" />
      </word>
      <upper-contour>
        <point x="349" y="1187" />
        <point x="2354" y="1187" />
      </upper-contour>
      <lower-contour>
        <point x="339" y="1364" />
        <point x="2420" y="1364" />
      </lower-contour>
    </line>
    <line ass="65" asx="0" asy="1431" character-width="999" dss="65" dsx="0" dsy="1534" fd0="12992" fd1="3136" fd2="-431" filter-width="3" id="h04-035-04" lbs="80" lbx="0" lby="1489" segmentation="err" slant="90000" stroke-width="4977" threshold="170" text="there was a tendency for consumption to increase between 1955 and" ubs="34" ubx="0" uby="1458">
      <word id="h04-035-04-00" tag="EX" text="there">
        <cmp x="341" y="1447" width="28" height="46" />
        <cmp x="387" y="1434" width="28" height="55" />
        <cmp x="427" y="1451" width="17" height="32" />
        <cmp x="457" y="1451" width="16" height="38" />
        <cmp x="489" y="1452" width="36" height="35" />
      </word>
      <word id="h04-035-04-01" tag="BEDZ" text="was">
        <cmp x="602" y="1462" width="42" height="40" />
        <cmp x="646" y="1471" width="26" height="26" />
        <cmp x="684" y="1457" width="20" height="35" />
      </word>
      <word id="h04-035-04-02" tag="AT" text="a">
        <cmp x="759" y="1466" width="28" height="29" />
      </word>
      <word id="h04-035-04-03" tag="NN" text="tendency">
        <cmp x="879" y="1448" width="37" height="37" />
        <cmp x="916" y="1455" width="16" height="33" />
        <cmp x="938" y="1456" width="28" height="26" />
        <cmp x="968" y="1431" width="27" height="51" />
        <cmp x="1011" y="1450" width="19" height="33" />
        <cmp x="1035" y="1453" width="96" height="78" />
      </word>
      <word id="h04-035-04-04" tag="IN" text="for">
        <cmp x="1187" y="1436" width="35" height="55" />
        <cmp x="1236" y="1459" width="21" height="19" />
        <cmp x="1276" y="1454" width="22" height="24" />
      </word>
      <word id="h04-035-04-05" tag="NN" text="consumption">
        <cmp x="1384" y="1452" width="55" height="35" />
        <cmp x="1445" y="1460" width="23" height="28" />
        <cmp x="1469" y="1456" width="23" height="32" />
        <cmp x="1505" y="1458" width="22" height="28" />
        <cmp x="1536" y="1459" width="47" height="36" />
        <cmp x="1593" y="1459" width="21" height="74" />
        <cmp x="1618" y="1438" width="27" height="51" />
        <cmp x="1655" y="1456" width="6" height="33" />
        <cmp x="1657" y="1446" width="6" height="9" />
        <cmp x="1668" y="1461" width="26" height="31" />
        <cmp x="1694" y="1460" width="35" height="32" />
      </word>
      <word id="h04-035-04-06" tag="TO" text="to">
        <cmp x="1787" y="1456" width="59" height="43" />
      </word>
      <word id="h04-035-04-07" tag="VB" text="increase">
        <cmp x="1901" y="1440" width="7" height="15" />
        <cmp x="1904" y="1472" width="8" height="21" />
        <cmp x="1932" y="1466" width="25" height="20" />
        <cmp x="1969" y="1462" width="10" height="29" />
        <cmp x="1999" y="1452" width="63" height="42" />
      </word>
      <word id="h04-035-04-08" tag="IN" text="between">
        <cmp x="2077" y="1460" width="27" height="29" />
        <cmp x="2119" y="1454" width="17" height="30" />
        <cmp x="2145" y="1447" width="32" height="33" />
      </word>
      <word id="h04-035-04-09" tag="CD" text="1955">
        <cmp x="2251" y="1431" width="30" height="48" />
        <cmp x="2290" y="1451" width="22" height="30" />
        <cmp x="2322" y="1433" width="57" height="55" />
      </word>
      <word id="h04-035-04-10" tag="CC" text="and">
        <cmp x="2391" y="1450" width="73" height="52" />
      </word>
      <upper-contour>
        <point x="339" y="1364" />
        <point x="2420" y="1364" />
      </upper-contour>
      <lower-contour>
        <point x="351" y="1533" />
        <point x="2465" y="1533" />
      </lower-contour>
    </line>
    <line ass="-270" asx="0" asy="1594" character-width="999" dss="-270" dsx="0" dsy="1685" fd0="12955" fd1="2900" fd2="-710" filter-width="3" id="h04-035-05" lbs="-188" lbx="0" lby="1664" segmentation="err" slant="90000" stroke-width="4994" threshold="167" text="1957, and thereafter to decline. Graduated scales of family" ubs="-433" ubx="0" uby="1629">
      <word id="h04-035-05-00" tag="CD" text="1957">
        <cmp x="353" y="1613" width="4" height="56" />
        <cmp x="377" y="1612" width="32" height="48" />
        <cmp x="427" y="1608" width="23" height="45" />
        <cmp x="475" y="1597" width="55" height="46" />
      </word>
      <word id="h04-035-05-01" tag="," text=",">
        <cmp x="583" y="1637" width="18" height="34" />
      </word>
      <word id="h04-035-05-02" tag="CC" text="and">
        <cmp x="619" y="1638" width="28" height="24" />
        <cmp x="657" y="1624" width="21" height="45" />
      </word>
      <word id="h04-035-05-03" tag="RB" text="thereafter">
        <cmp x="784" y="1633" width="24" height="46" />
        <cmp x="820" y="1627" width="24" height="45" />
        <cmp x="852" y="1636" width="19" height="30" />
        <cmp x="885" y="1631" width="18" height="32" />
        <cmp x="914" y="1629" width="23" height="30" />
        <cmp x="952" y="1632" width="27" height="30" />
        <cmp x="992" y="1619" width="36" height="43" />
        <cmp x="1041" y="1633" width="47" height="36" />
        <cmp x="1097" y="1630" width="28" height="34" />
      </word>
      <word id="h04-035-05-04" tag="TO" text="to">
        <cmp x="1189" y="1629" width="26" height="39" />
        <cmp x="1220" y="1645" width="21" height="20" />
      </word>
      <word id="h04-035-05-05" tag="VB" text="decline">
        <cmp x="1287" y="1624" width="32" height="55" />
        <cmp x="1339" y="1645" width="22" height="28" />
        <cmp x="1373" y="1642" width="22" height="29" />
        <cmp x="1402" y="1615" width="6" height="60" />
        <cmp x="1424" y="1659" width="7" height="14" />
        <cmp x="1427" y="1633" width="4" height="6" />
        <cmp x="1451" y="1648" width="25" height="23" />
        <cmp x="1486" y="1642" width="25" height="31" />
      </word>
      <word id="h04-035-05-06" tag="." text=".">
        <cmp x="1525" y="1669" width="7" height="5" />
      </word>
      <word id="h04-035-05-07" sentence-start="yes" tag="JJ" text="Graduated">
        <cmp x="1570" y="1620" width="54" height="53" />
        <cmp x="1648" y="1646" width="65" height="31" />
        <cmp x="1713" y="1623" width="37" height="51" />
        <cmp x="1764" y="1645" width="22" height="24" />
        <cmp x="1799" y="1644" width="40" height="24" />
        <cmp x="1841" y="1612" width="53" height="61" />
        <cmp x="1898" y="1617" width="25" height="43" />
      </word>
      <word id="h04-035-05-08" tag="NNS" text="scales">
        <cmp x="1993" y="1648" width="28" height="29" />
        <cmp x="2029" y="1644" width="21" height="28" />
        <cmp x="2057" y="1652" width="23" height="26" />
        <cmp x="2093" y="1611" width="10" height="76" />
        <cmp x="2120" y="1647" width="20" height="27" />
        <cmp x="2149" y="1642" width="20" height="28" />
      </word>
      <word id="h04-035-05-09" tag="INO" text="of">
        <cmp x="2202" y="1649" width="23" height="16" />
        <cmp x="2237" y="1626" width="33" height="46" />
      </word>
      <word id="h04-035-05-10" tag="NN" text="family">
        <cmp x="2290" y="1615" width="50" height="54" />
        <cmp x="2348" y="1634" width="40" height="27" />
        <cmp x="2397" y="1643" width="7" height="18" />
        <cmp x="2401" y="1606" width="5" height="24" />
        <cmp x="2416" y="1615" width="61" height="83" />
      </word>
      <upper-contour>
        <point x="351" y="1533" />
        <point x="2465" y="1533" />
      </upper-contour>
      <lower-contour>
        <point x="354" y="1698" />
        <point x="2471" y="1698" />
      </lower-contour>
    </line>
    <line ass="-10" asx="0" asy="1774" character-width="999" dss="-10" dsx="0" dsy="1867" fd0="13069" fd1="3312" fd2="-383" filter-width="3" id="h04-035-06" lbs="34" lbx="0" lby="1846" segmentation="ok" slant="90000" stroke-width="4984" threshold="170" text="allowances were introduced in October 1956, and the welfare" ubs="-98" ubx="0" uby="1813">
      <word id="h04-035-06-00" tag="NNS" text="allowances">
        <cmp x="356" y="1819" width="25" height="30" />
        <cmp x="393" y="1787" width="8" height="51" />
        <cmp x="416" y="1776" width="7" height="70" />
        <cmp x="456" y="1802" width="19" height="27" />
        <cmp x="495" y="1790" width="42" height="41" />
        <cmp x="555" y="1812" width="22" height="28" />
        <cmp x="590" y="1811" width="20" height="31" />
        <cmp x="616" y="1813" width="13" height="26" />
        <cmp x="634" y="1812" width="18" height="32" />
        <cmp x="660" y="1810" width="21" height="31" />
      </word>
      <word id="h04-035-06-01" tag="BED" text="were">
        <cmp x="770" y="1825" width="43" height="37" />
        <cmp x="824" y="1821" width="19" height="35" />
        <cmp x="851" y="1820" width="18" height="31" />
        <cmp x="884" y="1815" width="27" height="31" />
      </word>
      <word id="h04-035-06-02" tag="VBN" text="introduced">
        <cmp x="967" y="1803" width="5" height="6" />
        <cmp x="969" y="1816" width="6" height="27" />
        <cmp x="987" y="1819" width="28" height="28" />
        <cmp x="1024" y="1797" width="26" height="49" />
        <cmp x="1053" y="1819" width="55" height="28" />
        <cmp x="1118" y="1799" width="23" height="50" />
        <cmp x="1148" y="1824" width="24" height="23" />
        <cmp x="1182" y="1823" width="17" height="26" />
        <cmp x="1211" y="1803" width="54" height="47" />
      </word>
      <word id="h04-035-06-03" tag="IN" text="in">
        <cmp x="1346" y="1836" width="6" height="19" />
        <cmp x="1347" y="1807" width="6" height="13" />
        <cmp x="1376" y="1823" width="26" height="27" />
      </word>
      <word id="h04-035-06-04" tag="NR" text="October">
        <cmp x="1458" y="1809" width="32" height="42" />
        <cmp x="1505" y="1808" width="62" height="42" />
        <cmp x="1566" y="1822" width="21" height="26" />
        <cmp x="1599" y="1806" width="25" height="42" />
        <cmp x="1625" y="1821" width="23" height="27" />
        <cmp x="1659" y="1815" width="26" height="32" />
      </word>
      <word id="h04-035-06-05" tag="CD" text="1956">
        <cmp x="1763" y="1800" width="7" height="43" />
        <cmp x="1782" y="1803" width="29" height="43" />
        <cmp x="1824" y="1805" width="30" height="42" />
        <cmp x="1866" y="1810" width="20" height="33" />
      </word>
      <word id="h04-035-06-06" tag="," text=",">
        <cmp x="1922" y="1846" width="8" height="22" />
      </word>
      <word id="h04-035-06-07" tag="CC" text="and">
        <cmp x="1952" y="1828" width="25" height="27" />
        <cmp x="1988" y="1825" width="30" height="22" />
        <cmp x="2026" y="1808" width="29" height="42" />
      </word>
      <word id="h04-035-06-08" tag="ATI" text="the">
        <cmp x="2091" y="1815" width="24" height="39" />
        <cmp x="2125" y="1813" width="64" height="35" />
      </word>
      <word id="h04-035-06-09" tag="NN" text="welfare">
        <cmp x="2235" y="1813" width="39" height="36" />
        <cmp x="2280" y="1810" width="25" height="36" />
        <cmp x="2310" y="1778" width="8" height="59" />
        <cmp x="2331" y="1786" width="53" height="45" />
        <cmp x="2393" y="1792" width="77" height="37" />
      </word>
      <upper-contour>
        <point x="354" y="1698" />
        <point x="2471" y="1698" />
      </upper-contour>
      <lower-contour>
        <point x="358" y="1862" />
        <point x="1887" y="1862" />
      </lower-contour>
    </line>
    <line ass="103" asx="0" asy="1966" character-width="999" dss="103" dsx="0" dsy="2091" fd0="12866" fd1="3206" fd2="-291" filter-width="3" id="h04-035-07" lbs="80" lbx="0" lby="2030" segmentation="err" slant="90000" stroke-width="4915" threshold="172" text="milk subsidy was reduced in April 1957." ubs="149" ubx="0" uby="2001">
      <word id="h04-035-07-00" tag="NN" text="milk">
        <cmp x="360" y="2002" width="47" height="32" />
        <cmp x="429" y="1999" width="7" height="27" />
        <cmp x="434" y="1970" width="4" height="8" />
        <cmp x="469" y="1968" width="9" height="64" />
        <cmp x="504" y="2007" width="9" height="26" />
        <cmp x="516" y="2008" width="27" height="22" />
      </word>
      <word id="h04-035-07-01" tag="NN" text="subsidy">
        <cmp x="617" y="1994" width="30" height="35" />
        <cmp x="657" y="2004" width="20" height="24" />
        <cmp x="695" y="1982" width="27" height="45" />
        <cmp x="731" y="1993" width="22" height="33" />
        <cmp x="766" y="2002" width="7" height="25" />
        <cmp x="799" y="1984" width="27" height="46" />
        <cmp x="833" y="2004" width="58" height="87" />
      </word>
      <word id="h04-035-07-02" tag="BEDZ" text="was">
        <cmp x="933" y="1997" width="43" height="36" />
        <cmp x="991" y="2004" width="31" height="33" />
        <cmp x="1036" y="2002" width="19" height="31" />
      </word>
      <word id="h04-035-07-03" tag="VBN" text="reduced">
        <cmp x="1119" y="1990" width="98" height="42" />
        <cmp x="1242" y="2001" width="23" height="29" />
        <cmp x="1280" y="1993" width="61" height="38" />
        <cmp x="1348" y="1981" width="22" height="51" />
      </word>
      <word id="h04-035-07-04" tag="IN" text="in">
        <cmp x="1439" y="1976" width="5" height="18" />
        <cmp x="1444" y="2000" width="7" height="28" />
        <cmp x="1472" y="2001" width="21" height="28" />
      </word>
      <word id="h04-035-07-05" tag="NR" text="April">
        <cmp x="1536" y="1980" width="46" height="54" />
        <cmp x="1593" y="1999" width="21" height="65" />
        <cmp x="1625" y="1994" width="20" height="38" />
        <cmp x="1660" y="2004" width="8" height="31" />
        <cmp x="1665" y="1987" width="5" height="6" />
        <cmp x="1683" y="1964" width="8" height="73" />
      </word>
      <word id="h04-035-07-06" tag="CD" text="1957">
        <cmp x="1755" y="1984" width="7" height="47" />
        <cmp x="1777" y="1984" width="26" height="49" />
        <cmp x="1806" y="1986" width="29" height="44" />
      </word>
      <word id="h04-035-07-07" tag="." text=".">
        <cmp x="1848" y="1976" width="38" height="58" />
      </word>
      <upper-contour>
        <point x="358" y="1862" />
        <point x="1887" y="1862" />
      </upper-contour>
    </line>
  </handwritten-part>
</form>

