<?xml version="1.0" encoding="ISO-8859-1"?>

<!DOCTYPE form SYSTEM 'http://www.iam.unibe.ch/~fki/iamdb/form-metadata.dtd'>

<form created="2002-01-25" height="3542" id="h06-089" last-modified="2002-07-17" skew="95" status="final" version="3.0_beta" width="2479" writer-id="384">
  <machine-printed-part>
    <machine-print-line text="The lower platen, which supports the leather, is raised hydraulically to bring it into" />
    <machine-print-line text="contact with the rollers on the upper platen, which is then caused to make several" />
    <machine-print-line text="horizontal oscillations so that the leather is rolled and pressed at the same time. The" />
    <machine-print-line text="danger zone between the platens is fenced by a guard which is interlocked with the" />
    <machine-print-line text="hydraulic valve and the press is also sequentially operated: the closing of the shutter" />
    <machine-print-line text="starts the machine, the rest of the cycle following automatically." />
  </machine-printed-part>
  <handwritten-part>
    <line ass="-126" asx="0" asy="683" character-width="999" dss="-126" dsx="0" dsy="830" fd0="12764" fd1="2893" fd2="-888" filter-width="3" id="h06-089-00" lbs="-111" lbx="0" lby="781" segmentation="ok" slant="81000" stroke-width="5344" threshold="191" text="The lower platen, which supports the" ubs="-156" ubx="0" uby="734">
      <word id="h06-089-00-00" sentence-start="yes" tag="ATI" text="The">
        <cmp x="325" y="697" width="82" height="12" />
        <cmp x="360" y="708" width="12" height="71" />
        <cmp x="407" y="693" width="35" height="87" />
        <cmp x="441" y="726" width="45" height="55" />
      </word>
      <word id="h06-089-00-01" tag="JJR" text="lower">
        <cmp x="552" y="696" width="86" height="95" />
        <cmp x="647" y="725" width="115" height="65" />
      </word>
      <word id="h06-089-00-02" tag="NN" text="platen">
        <cmp x="837" y="739" width="52" height="94" />
        <cmp x="894" y="696" width="95" height="85" />
        <cmp x="976" y="687" width="43" height="92" />
        <cmp x="1021" y="733" width="75" height="48" />
      </word>
      <word id="h06-089-00-03" tag="," text=",">
        <cmp x="1135" y="757" width="16" height="51" />
      </word>
      <word id="h06-089-00-04" tag="WDT" text="which">
        <cmp x="1182" y="736" width="66" height="48" />
        <cmp x="1250" y="698" width="41" height="84" />
        <cmp x="1305" y="746" width="6" height="37" />
        <cmp x="1309" y="726" width="5" height="6" />
        <cmp x="1315" y="705" width="82" height="79" />
      </word>
      <word id="h06-089-00-05" tag="VBZ" text="supports">
        <cmp x="1438" y="733" width="99" height="97" />
        <cmp x="1473" y="732" width="22" height="20" />
        <cmp x="1545" y="749" width="42" height="84" />
        <cmp x="1598" y="745" width="46" height="80" />
        <cmp x="1652" y="745" width="43" height="44" />
        <cmp x="1683" y="747" width="3" height="3" />
        <cmp x="1702" y="744" width="31" height="43" />
        <cmp x="1728" y="698" width="65" height="88" />
      </word>
      <word id="h06-089-00-06" tag="ATI" text="the">
        <cmp x="1872" y="695" width="33" height="78" />
        <cmp x="1911" y="701" width="30" height="78" />
        <cmp x="1953" y="737" width="47" height="41" />
      </word>
      <lower-contour>
        <point x="344" y="833" />
        <point x="2000" y="833" />
      </lower-contour>
    </line>
    <line ass="95" asx="0" asy="854" character-width="999" dss="95" dsx="0" dsy="1039" fd0="13270" fd1="2420" fd2="-1648" filter-width="3" id="h06-089-01" lbs="95" lbx="0" lby="951" segmentation="ok" slant="83000" stroke-width="5266" threshold="192" text="leather, is raised hydraulically to bring" ubs="95" ubx="0" uby="915">
      <word id="h06-089-01-00" tag="NN" text="leather">
        <cmp x="346" y="854" width="72" height="107" />
        <cmp x="424" y="921" width="58" height="40" />
        <cmp x="471" y="873" width="42" height="86" />
        <cmp x="497" y="888" width="3" height="5" />
        <cmp x="526" y="875" width="37" height="80" />
        <cmp x="566" y="914" width="29" height="37" />
        <cmp x="598" y="910" width="41" height="45" />
      </word>
      <word id="h06-089-01-01" tag="," text=",">
        <cmp x="674" y="932" width="7" height="43" />
      </word>
      <word id="h06-089-01-02" tag="BEZ" text="is">
        <cmp x="743" y="906" width="8" height="41" />
        <cmp x="747" y="890" width="5" height="5" />
        <cmp x="758" y="903" width="40" height="58" />
      </word>
      <word id="h06-089-01-03" tag="VBN" text="raised">
        <cmp x="850" y="909" width="30" height="57" />
        <cmp x="884" y="911" width="202" height="50" />
        <cmp x="962" y="893" width="6" height="6" />
        <cmp x="1083" y="877" width="30" height="72" />
      </word>
      <word id="h06-089-01-04" tag="RB" text="hydraulically">
        <cmp x="1180" y="869" width="39" height="80" />
        <cmp x="1233" y="909" width="34" height="103" />
        <cmp x="1283" y="874" width="42" height="84" />
        <cmp x="1335" y="909" width="77" height="58" />
        <cmp x="1425" y="911" width="38" height="49" />
        <cmp x="1476" y="877" width="56" height="79" />
        <cmp x="1530" y="895" width="5" height="9" />
        <cmp x="1545" y="908" width="30" height="49" />
        <cmp x="1574" y="870" width="169" height="168" />
      </word>
      <word id="h06-089-01-05" tag="TO" text="to">
        <cmp x="1791" y="877" width="41" height="81" />
        <cmp x="1819" y="911" width="48" height="37" />
      </word>
      <word id="h06-089-01-06" tag="VB" text="bring">
        <cmp x="1911" y="874" width="46" height="79" />
        <cmp x="1962" y="916" width="33" height="44" />
        <cmp x="1998" y="925" width="17" height="34" />
        <cmp x="2016" y="896" width="5" height="9" />
        <cmp x="2023" y="914" width="38" height="42" />
        <cmp x="2063" y="915" width="45" height="108" />
      </word>
      <upper-contour>
        <point x="344" y="833" />
        <point x="2000" y="833" />
      </upper-contour>
      <lower-contour>
        <point x="356" y="1032" />
        <point x="1698" y="1038" />
        <point x="2109" y="1038" />
      </lower-contour>
    </line>
    <line ass="-341" asx="0" asy="1032" character-width="999" dss="-341" dsx="0" dsy="1176" fd0="12804" fd1="2462" fd2="-1356" filter-width="3" id="h06-089-02" lbs="-366" lbx="0" lby="1127" segmentation="ok" slant="77000" stroke-width="5323" threshold="191" text="it into contact with the rollers on the upper" ubs="-292" ubx="0" uby="1089">
      <word id="h06-089-02-00" tag="PP3" text="it">
        <cmp x="358" y="1075" width="15" height="55" />
        <cmp x="363" y="1049" width="6" height="8" />
        <cmp x="383" y="1049" width="36" height="104" />
      </word>
      <word id="h06-089-02-01" tag="IN" text="into">
        <cmp x="468" y="1091" width="11" height="46" />
        <cmp x="479" y="1061" width="4" height="6" />
        <cmp x="491" y="1090" width="43" height="46" />
        <cmp x="535" y="1036" width="55" height="97" />
        <cmp x="581" y="1099" width="46" height="37" />
        <cmp x="599" y="1095" width="40" height="9" />
      </word>
      <word id="h06-089-02-02" tag="NN" text="contact">
        <cmp x="700" y="1091" width="87" height="42" />
        <cmp x="800" y="1051" width="130" height="92" />
        <cmp x="940" y="1057" width="102" height="81" />
      </word>
      <word id="h06-089-02-03" tag="IN" text="with">
        <cmp x="1106" y="1084" width="56" height="56" />
        <cmp x="1171" y="1101" width="12" height="46" />
        <cmp x="1176" y="1083" width="3" height="5" />
        <cmp x="1195" y="1050" width="28" height="98" />
        <cmp x="1227" y="1069" width="38" height="78" />
      </word>
      <word id="h06-089-02-04" tag="ATI" text="the">
        <cmp x="1323" y="1043" width="78" height="96" />
        <cmp x="1402" y="1097" width="38" height="46" />
      </word>
      <word id="h06-089-02-05" tag="NNS" text="rollers">
        <cmp x="1489" y="1094" width="33" height="52" />
        <cmp x="1526" y="1101" width="30" height="41" />
        <cmp x="1558" y="1113" width="9" height="5" />
        <cmp x="1568" y="1043" width="89" height="98" />
        <cmp x="1659" y="1096" width="57" height="46" />
      </word>
      <word id="h06-089-02-06" tag="IN" text="on">
        <cmp x="1777" y="1108" width="33" height="45" />
        <cmp x="1813" y="1102" width="37" height="39" />
      </word>
      <word id="h06-089-02-07" tag="ATI" text="the">
        <cmp x="1891" y="1054" width="85" height="84" />
        <cmp x="1979" y="1097" width="41" height="39" />
      </word>
      <word id="h06-089-02-08" tag="JJB" text="upper">
        <cmp x="2053" y="1091" width="114" height="99" />
        <cmp x="2163" y="1103" width="84" height="42" />
      </word>
      <upper-contour>
        <point x="356" y="1032" />
        <point x="1698" y="1038" />
        <point x="2109" y="1038" />
      </upper-contour>
      <lower-contour>
        <point x="356" y="1153" />
        <point x="2071" y="1153" />
      </lower-contour>
    </line>
    <line ass="87" asx="0" asy="1225" character-width="999" dss="87" dsx="0" dsy="1355" fd0="12976" fd1="3071" fd2="-636" filter-width="3" id="h06-089-03" lbs="163" lbx="0" lby="1322" segmentation="ok" slant="77000" stroke-width="5259" threshold="191" text="platen, which is then caused to make" ubs="-64" ubx="0" uby="1277">
      <word id="h06-089-03-00" tag="NN" text="platen">
        <cmp x="350" y="1246" width="33" height="109" />
        <cmp x="387" y="1224" width="91" height="99" />
        <cmp x="474" y="1226" width="42" height="94" />
        <cmp x="516" y="1276" width="85" height="49" />
      </word>
      <word id="h06-089-03-01" tag="," text=",">
        <cmp x="646" y="1290" width="13" height="55" />
      </word>
      <word id="h06-089-03-02" tag="WDT" text="which">
        <cmp x="696" y="1274" width="67" height="45" />
        <cmp x="768" y="1233" width="45" height="91" />
        <cmp x="824" y="1281" width="10" height="38" />
        <cmp x="827" y="1259" width="4" height="7" />
        <cmp x="839" y="1278" width="35" height="45" />
        <cmp x="871" y="1240" width="44" height="75" />
      </word>
      <word id="h06-089-03-03" tag="BEZ" text="is">
        <cmp x="978" y="1271" width="14" height="52" />
        <cmp x="987" y="1252" width="10" height="7" />
        <cmp x="996" y="1268" width="36" height="49" />
      </word>
      <word id="h06-089-03-04" tag="RN" text="then">
        <cmp x="1101" y="1236" width="42" height="81" />
        <cmp x="1155" y="1227" width="39" height="97" />
        <cmp x="1201" y="1283" width="29" height="42" />
        <cmp x="1239" y="1286" width="39" height="33" />
      </word>
      <word id="h06-089-03-05" tag="VBN" text="caused">
        <cmp x="1342" y="1272" width="37" height="47" />
        <cmp x="1380" y="1238" width="236" height="89" />
      </word>
      <word id="h06-089-03-06" tag="TO" text="to">
        <cmp x="1695" y="1224" width="87" height="95" />
        <cmp x="1776" y="1276" width="26" height="5" />
      </word>
      <word id="h06-089-03-07" tag="VB" text="make">
        <cmp x="1847" y="1276" width="65" height="44" />
        <cmp x="1921" y="1276" width="59" height="38" />
        <cmp x="1991" y="1224" width="80" height="92" />
      </word>
      <upper-contour>
        <point x="356" y="1153" />
        <point x="2071" y="1153" />
      </upper-contour>
      <lower-contour>
        <point x="348" y="1354" />
        <point x="2071" y="1354" />
      </lower-contour>
    </line>
    <line ass="-31" asx="0" asy="1389" character-width="999" dss="-31" dsx="0" dsy="1505" fd0="13065" fd1="2245" fd2="-1973" filter-width="3" id="h06-089-04" lbs="-112" lbx="0" lby="1492" segmentation="ok" slant="81000" stroke-width="5252" threshold="192" text="several horizontal oscillations so that the" ubs="130" ubx="0" uby="1457">
      <word id="h06-089-04-00" tag="AP" text="several">
        <cmp x="327" y="1437" width="104" height="58" />
        <cmp x="432" y="1451" width="32" height="45" />
        <cmp x="469" y="1451" width="28" height="48" />
        <cmp x="497" y="1402" width="104" height="90" />
      </word>
      <word id="h06-089-04-01" tag="JJ" text="horizontal">
        <cmp x="667" y="1412" width="43" height="93" />
        <cmp x="721" y="1461" width="39" height="41" />
        <cmp x="761" y="1452" width="28" height="49" />
        <cmp x="801" y="1465" width="8" height="37" />
        <cmp x="804" y="1436" width="6" height="4" />
        <cmp x="824" y="1445" width="35" height="58" />
        <cmp x="859" y="1457" width="47" height="41" />
        <cmp x="917" y="1458" width="44" height="44" />
        <cmp x="958" y="1404" width="134" height="95" />
      </word>
      <word id="h06-089-04-02" tag="NNS" text="oscillations">
        <cmp x="1141" y="1453" width="47" height="50" />
        <cmp x="1188" y="1452" width="45" height="48" />
        <cmp x="1238" y="1453" width="39" height="47" />
        <cmp x="1280" y="1463" width="11" height="38" />
        <cmp x="1286" y="1439" width="5" height="6" />
        <cmp x="1309" y="1390" width="173" height="117" />
        <cmp x="1488" y="1441" width="7" height="7" />
        <cmp x="1495" y="1452" width="38" height="42" />
        <cmp x="1536" y="1453" width="45" height="44" />
        <cmp x="1581" y="1451" width="29" height="49" />
      </word>
      <word id="h06-089-04-03" tag="CS21" text="so">
        <cmp x="1668" y="1456" width="35" height="42" />
        <cmp x="1705" y="1463" width="45" height="37" />
      </word>
      <word id="h06-089-04-04" tag="CS22" text="that">
        <cmp x="1802" y="1411" width="154" height="86" />
        <cmp x="1943" y="1400" width="53" height="93" />
      </word>
      <word id="h06-089-04-05" tag="ATI" text="the">
        <cmp x="2033" y="1418" width="39" height="82" />
        <cmp x="2078" y="1412" width="33" height="82" />
        <cmp x="2116" y="1453" width="41" height="52" />
      </word>
      <upper-contour>
        <point x="348" y="1354" />
        <point x="2071" y="1354" />
      </upper-contour>
      <lower-contour>
        <point x="344" y="1507" />
        <point x="2158" y="1507" />
      </lower-contour>
    </line>
    <line ass="-279" asx="0" asy="1567" character-width="999" dss="-279" dsx="0" dsy="1733" fd0="12537" fd1="2581" fd2="-1180" filter-width="3" id="h06-089-05" lbs="-312" lbx="0" lby="1671" segmentation="ok" slant="86000" stroke-width="5256" threshold="190" text="leather is rolled and pressed at the same time." ubs="-213" ubx="0" uby="1630">
      <word id="h06-089-05-00" tag="NN" text="leather">
        <cmp x="346" y="1569" width="57" height="113" />
        <cmp x="415" y="1578" width="76" height="104" />
        <cmp x="499" y="1597" width="32" height="86" />
        <cmp x="543" y="1637" width="64" height="44" />
      </word>
      <word id="h06-089-05-01" tag="BEZ" text="is">
        <cmp x="674" y="1630" width="7" height="50" />
        <cmp x="683" y="1608" width="12" height="10" />
        <cmp x="686" y="1618" width="40" height="62" />
      </word>
      <word id="h06-089-05-02" tag="VBN" text="rolled">
        <cmp x="777" y="1625" width="27" height="53" />
        <cmp x="808" y="1629" width="40" height="41" />
        <cmp x="855" y="1574" width="153" height="103" />
        <cmp x="966" y="1640" width="14" height="8" />
      </word>
      <word id="h06-089-05-03" tag="CC" text="and">
        <cmp x="1065" y="1629" width="57" height="50" />
        <cmp x="1137" y="1638" width="38" height="39" />
        <cmp x="1179" y="1588" width="44" height="91" />
      </word>
      <word id="h06-089-05-04" tag="VBN" text="pressed">
        <cmp x="1284" y="1630" width="36" height="111" />
        <cmp x="1339" y="1594" width="218" height="90" />
        <cmp x="1492" y="1642" width="20" height="6" />
      </word>
      <word id="h06-089-05-05" tag="IN" text="at">
        <cmp x="1627" y="1637" width="59" height="53" />
        <cmp x="1674" y="1594" width="50" height="84" />
      </word>
      <word id="h06-089-05-06" tag="ATI" text="the">
        <cmp x="1746" y="1601" width="45" height="71" />
        <cmp x="1799" y="1591" width="35" height="94" />
        <cmp x="1842" y="1650" width="44" height="30" />
      </word>
      <word id="h06-089-05-07" tag="AP" text="same">
        <cmp x="1898" y="1624" width="78" height="49" />
        <cmp x="1948" y="1637" width="48" height="36" />
        <cmp x="2003" y="1628" width="65" height="48" />
        <cmp x="2072" y="1639" width="37" height="41" />
      </word>
      <word id="h06-089-05-08" tag="NN" text="time">
        <cmp x="2142" y="1591" width="40" height="99" />
        <cmp x="2183" y="1629" width="4" height="4" />
        <cmp x="2189" y="1635" width="62" height="59" />
        <cmp x="2249" y="1649" width="36" height="46" />
      </word>
      <word id="h06-089-05-09" tag="." text=".">
        <cmp x="2309" y="1694" width="6" height="7" />
      </word>
      <upper-contour>
        <point x="344" y="1507" />
        <point x="2158" y="1507" />
      </upper-contour>
      <lower-contour>
        <point x="344" y="1741" />
        <point x="2236" y="1741" />
      </lower-contour>
    </line>
    <line ass="-45" asx="0" asy="1749" character-width="999" dss="-45" dsx="0" dsy="1916" fd0="12763" fd1="2849" fd2="-976" filter-width="3" id="h06-089-06" lbs="-41" lbx="0" lby="1856" segmentation="ok" slant="81000" stroke-width="5341" threshold="190" text="The danger zone between the platens is fenced" ubs="-52" ubx="0" uby="1812">
      <word id="h06-089-06-00" sentence-start="yes" tag="ATI" text="The">
        <cmp x="322" y="1776" width="60" height="78" />
        <cmp x="385" y="1764" width="39" height="91" />
        <cmp x="426" y="1811" width="34" height="43" />
      </word>
      <word id="h06-089-06-01" tag="NN" text="danger">
        <cmp x="491" y="1765" width="107" height="95" />
        <cmp x="602" y="1817" width="39" height="46" />
        <cmp x="652" y="1816" width="94" height="102" />
      </word>
      <word id="h06-089-06-02" tag="NN" text="zone">
        <cmp x="798" y="1802" width="35" height="61" />
        <cmp x="829" y="1820" width="44" height="35" />
        <cmp x="884" y="1807" width="40" height="51" />
        <cmp x="936" y="1814" width="49" height="53" />
      </word>
      <word id="h06-089-06-03" tag="IN" text="between">
        <cmp x="1052" y="1753" width="89" height="110" />
        <cmp x="1143" y="1814" width="49" height="46" />
        <cmp x="1195" y="1812" width="75" height="47" />
        <cmp x="1271" y="1822" width="40" height="47" />
      </word>
      <word id="h06-089-06-04" tag="ATI" text="the">
        <cmp x="1384" y="1770" width="84" height="84" />
        <cmp x="1467" y="1814" width="40" height="43" />
      </word>
      <word id="h06-089-06-05" tag="NNS" text="platens">
        <cmp x="1548" y="1818" width="33" height="90" />
        <cmp x="1588" y="1769" width="92" height="95" />
        <cmp x="1694" y="1751" width="104" height="108" />
        <cmp x="1797" y="1810" width="28" height="50" />
      </word>
      <word id="h06-089-06-06" tag="BEZ" text="is">
        <cmp x="1892" y="1814" width="14" height="50" />
        <cmp x="1905" y="1802" width="32" height="58" />
        <cmp x="1910" y="1788" width="10" height="9" />
      </word>
      <word id="h06-089-06-07" tag="VBN" text="fenced">
        <cmp x="1996" y="1754" width="55" height="116" />
        <cmp x="2061" y="1818" width="47" height="40" />
        <cmp x="2108" y="1809" width="33" height="48" />
        <cmp x="2147" y="1774" width="88" height="88" />
      </word>
      <upper-contour>
        <point x="344" y="1741" />
        <point x="2236" y="1741" />
      </upper-contour>
      <lower-contour>
        <point x="340" y="1918" />
        <point x="2184" y="1918" />
      </lower-contour>
    </line>
    <line ass="-165" asx="0" asy="1934" character-width="999" dss="-165" dsx="0" dsy="2097" fd0="13232" fd1="2683" fd2="-1143" filter-width="3" id="h06-089-07" lbs="-82" lbx="0" lby="2036" segmentation="ok" slant="80000" stroke-width="5272" threshold="191" text="by a guard which is interlocked with the" ubs="-329" ubx="0" uby="1986">
      <word id="h06-089-07-00" tag="IN" text="by">
        <cmp x="342" y="1955" width="39" height="81" />
        <cmp x="386" y="1990" width="49" height="89" />
      </word>
      <word id="h06-089-07-01" tag="AT" text="a">
        <cmp x="512" y="1984" width="38" height="43" />
        <cmp x="550" y="1982" width="20" height="39" />
      </word>
      <word id="h06-089-07-02" tag="NN" text="guard">
        <cmp x="634" y="1976" width="42" height="124" />
        <cmp x="685" y="1989" width="51" height="47" />
        <cmp x="737" y="1998" width="52" height="42" />
        <cmp x="799" y="1943" width="87" height="96" />
      </word>
      <word id="h06-089-07-03" tag="WDT" text="which">
        <cmp x="948" y="1989" width="60" height="44" />
        <cmp x="1017" y="1940" width="41" height="91" />
        <cmp x="1068" y="1993" width="10" height="41" />
        <cmp x="1078" y="1974" width="4" height="7" />
        <cmp x="1094" y="1988" width="27" height="50" />
        <cmp x="1123" y="1958" width="38" height="81" />
      </word>
      <word id="h06-089-07-04" tag="BEZ" text="is">
        <cmp x="1217" y="1982" width="12" height="47" />
        <cmp x="1231" y="1966" width="6" height="6" />
        <cmp x="1233" y="1975" width="44" height="60" />
      </word>
      <word id="h06-089-07-05" tag="VBN" text="interlocked">
        <cmp x="1317" y="1996" width="12" height="38" />
        <cmp x="1325" y="1965" width="7" height="7" />
        <cmp x="1337" y="1998" width="31" height="40" />
        <cmp x="1382" y="1939" width="37" height="93" />
        <cmp x="1414" y="1999" width="28" height="38" />
        <cmp x="1453" y="2006" width="25" height="45" />
        <cmp x="1502" y="1953" width="29" height="85" />
        <cmp x="1528" y="1998" width="82" height="47" />
        <cmp x="1607" y="1950" width="41" height="93" />
        <cmp x="1654" y="1955" width="100" height="91" />
      </word>
      <word id="h06-089-07-06" tag="IN" text="with">
        <cmp x="1843" y="1990" width="63" height="55" />
        <cmp x="1905" y="1999" width="10" height="43" />
        <cmp x="1919" y="1956" width="42" height="88" />
        <cmp x="1925" y="1979" width="5" height="5" />
        <cmp x="1963" y="1965" width="26" height="61" />
        <cmp x="1990" y="1995" width="16" height="48" />
      </word>
      <word id="h06-089-07-07" tag="ATI" text="the">
        <cmp x="2060" y="1960" width="33" height="84" />
        <cmp x="2099" y="1958" width="38" height="82" />
        <cmp x="2141" y="2002" width="43" height="41" />
      </word>
      <upper-contour>
        <point x="340" y="1918" />
        <point x="2184" y="1918" />
      </upper-contour>
      <lower-contour>
        <point x="345" y="2100" />
        <point x="1993" y="2100" />
      </lower-contour>
    </line>
    <line ass="79" asx="0" asy="2127" character-width="999" dss="79" dsx="0" dsy="2267" fd0="12785" fd1="2450" fd2="-1095" filter-width="3" id="h06-089-08" lbs="243" lbx="0" lby="2214" segmentation="ok" slant="89000" stroke-width="5348" threshold="190" text="hydraulic valve and the press is also" ubs="-247" ubx="0" uby="2167">
      <word id="h06-089-08-00" tag="JJ" text="hydraulic">
        <cmp x="347" y="2136" width="37" height="73" />
        <cmp x="388" y="2159" width="45" height="100" />
        <cmp x="436" y="2135" width="41" height="82" />
        <cmp x="484" y="2164" width="25" height="48" />
        <cmp x="511" y="2133" width="151" height="78" />
        <cmp x="644" y="2154" width="7" height="6" />
        <cmp x="675" y="2163" width="40" height="47" />
      </word>
      <word id="h06-089-08-01" tag="NN" text="valve">
        <cmp x="782" y="2169" width="41" height="53" />
        <cmp x="832" y="2127" width="178" height="93" />
        <cmp x="840" y="2176" width="5" height="7" />
      </word>
      <word id="h06-089-08-02" tag="CC" text="and">
        <cmp x="1072" y="2170" width="61" height="47" />
        <cmp x="1142" y="2178" width="36" height="36" />
        <cmp x="1184" y="2133" width="47" height="87" />
      </word>
      <word id="h06-089-08-03" tag="ATI" text="the">
        <cmp x="1279" y="2127" width="44" height="83" />
        <cmp x="1331" y="2131" width="45" height="81" />
        <cmp x="1384" y="2173" width="44" height="42" />
      </word>
      <word id="h06-089-08-04" tag="NN" text="press">
        <cmp x="1471" y="2170" width="39" height="95" />
        <cmp x="1529" y="2164" width="111" height="57" />
      </word>
      <word id="h06-089-08-05" tag="BEZ" text="is">
        <cmp x="1708" y="2158" width="44" height="68" />
        <cmp x="1725" y="2152" width="14" height="7" />
      </word>
      <word id="h06-089-08-06" tag="RB" text="also">
        <cmp x="1805" y="2128" width="133" height="91" />
        <cmp x="1892" y="2191" width="3" height="4" />
        <cmp x="1895" y="2190" width="5" height="4" />
        <cmp x="1948" y="2177" width="18" height="34" />
        <cmp x="1965" y="2171" width="27" height="9" />
      </word>
      <upper-contour>
        <point x="345" y="2100" />
        <point x="1993" y="2100" />
      </upper-contour>
      <lower-contour>
        <point x="354" y="2265" />
        <point x="1993" y="2265" />
      </lower-contour>
    </line>
    <line ass="-419" asx="0" asy="2268" character-width="999" dss="-419" dsx="0" dsy="2462" fd0="12736" fd1="2857" fd2="-924" filter-width="3" id="h06-089-09" lbs="-308" lbx="0" lby="2380" segmentation="ok" slant="82000" stroke-width="5259" threshold="190" text="sequentially operated: the closing of the shutter" ubs="-641" ubx="0" uby="2336">
      <word id="h06-089-09-00" tag="RB" text="sequentially">
        <cmp x="356" y="2323" width="41" height="51" />
        <cmp x="397" y="2336" width="29" height="38" />
        <cmp x="439" y="2337" width="43" height="90" />
        <cmp x="485" y="2338" width="54" height="49" />
        <cmp x="543" y="2344" width="36" height="38" />
        <cmp x="589" y="2350" width="41" height="32" />
        <cmp x="649" y="2286" width="44" height="98" />
        <cmp x="690" y="2316" width="7" height="7" />
        <cmp x="700" y="2341" width="41" height="36" />
        <cmp x="743" y="2274" width="116" height="161" />
      </word>
      <word id="h06-089-09-01" tag="VBN" text="operated">
        <cmp x="916" y="2350" width="91" height="100" />
        <cmp x="1008" y="2347" width="76" height="39" />
        <cmp x="1065" y="2348" width="42" height="41" />
        <cmp x="1109" y="2285" width="100" height="106" />
      </word>
      <word id="h06-089-09-02" tag=":" text=":">
        <cmp x="1246" y="2337" width="5" height="8" />
        <cmp x="1248" y="2372" width="5" height="5" />
      </word>
      <word id="h06-089-09-03" tag="ATI" text="the">
        <cmp x="1291" y="2301" width="40" height="93" />
        <cmp x="1337" y="2310" width="35" height="80" />
        <cmp x="1379" y="2355" width="32" height="40" />
      </word>
      <word id="h06-089-09-04" tag="NN" text="closing">
        <cmp x="1441" y="2344" width="32" height="51" />
        <cmp x="1477" y="2304" width="111" height="93" />
        <cmp x="1591" y="2354" width="9" height="42" />
        <cmp x="1600" y="2327" width="6" height="4" />
        <cmp x="1614" y="2359" width="36" height="33" />
        <cmp x="1650" y="2358" width="54" height="118" />
      </word>
      <word id="h06-089-09-05" tag="INO" text="of">
        <cmp x="1768" y="2299" width="73" height="129" />
      </word>
      <word id="h06-089-09-06" tag="ATI" text="the">
        <cmp x="1858" y="2313" width="79" height="83" />
        <cmp x="1938" y="2350" width="35" height="49" />
      </word>
      <word id="h06-089-09-07" tag="NN" text="shutter">
        <cmp x="2004" y="2345" width="33" height="56" />
        <cmp x="2042" y="2309" width="86" height="89" />
        <cmp x="2131" y="2317" width="31" height="77" />
        <cmp x="2168" y="2300" width="110" height="105" />
      </word>
      <upper-contour>
        <point x="354" y="2265" />
        <point x="1993" y="2265" />
      </upper-contour>
      <lower-contour>
        <point x="354" y="2464" />
        <point x="1664" y="2476" />
        <point x="2169" y="2476" />
      </lower-contour>
    </line>
    <line ass="-339" asx="0" asy="2465" character-width="999" dss="-339" dsx="0" dsy="2626" fd0="12630" fd1="2431" fd2="-1090" filter-width="3" id="h06-089-10" lbs="-351" lbx="0" lby="2563" segmentation="ok" slant="84000" stroke-width="5401" threshold="188" text="starts the machine, the rest of the cycle" ubs="-315" ubx="0" uby="2518">
      <word id="h06-089-10-00" tag="VBZ" text="starts">
        <cmp x="344" y="2498" width="39" height="60" />
        <cmp x="402" y="2470" width="96" height="97" />
        <cmp x="497" y="2468" width="66" height="102" />
      </word>
      <word id="h06-089-10-01" tag="ATI" text="the">
        <cmp x="628" y="2495" width="37" height="81" />
        <cmp x="655" y="2486" width="4" height="7" />
        <cmp x="678" y="2493" width="30" height="68" />
        <cmp x="714" y="2523" width="32" height="42" />
      </word>
      <word id="h06-089-10-02" tag="NN" text="machine">
        <cmp x="785" y="2516" width="60" height="49" />
        <cmp x="849" y="2528" width="53" height="40" />
        <cmp x="905" y="2519" width="76" height="60" />
        <cmp x="982" y="2471" width="46" height="97" />
        <cmp x="1046" y="2524" width="16" height="51" />
        <cmp x="1050" y="2500" width="5" height="7" />
        <cmp x="1074" y="2531" width="39" height="45" />
        <cmp x="1121" y="2532" width="40" height="46" />
      </word>
      <word id="h06-089-10-03" tag="," text=",">
        <cmp x="1190" y="2561" width="12" height="42" />
      </word>
      <word id="h06-089-10-04" tag="ATI" text="the">
        <cmp x="1226" y="2485" width="40" height="76" />
        <cmp x="1271" y="2490" width="45" height="87" />
        <cmp x="1328" y="2529" width="37" height="44" />
      </word>
      <word id="h06-089-10-05" tag="NN" text="rest">
        <cmp x="1419" y="2518" width="93" height="56" />
        <cmp x="1514" y="2485" width="48" height="84" />
      </word>
      <word id="h06-089-10-06" tag="INO" text="of">
        <cmp x="1622" y="2533" width="37" height="39" />
        <cmp x="1673" y="2480" width="49" height="112" />
      </word>
      <word id="h06-089-10-07" tag="ATI" text="the">
        <cmp x="1771" y="2485" width="54" height="98" />
        <cmp x="1823" y="2486" width="40" height="89" />
        <cmp x="1873" y="2535" width="30" height="42" />
      </word>
      <word id="h06-089-10-08" tag="NN" text="cycle">
        <cmp x="1954" y="2518" width="40" height="50" />
        <cmp x="1976" y="2533" width="58" height="106" />
        <cmp x="2039" y="2530" width="33" height="47" />
        <cmp x="2083" y="2492" width="85" height="89" />
      </word>
      <upper-contour>
        <point x="354" y="2464" />
        <point x="1664" y="2476" />
        <point x="2169" y="2476" />
      </upper-contour>
      <lower-contour>
        <point x="369" y="2603" />
        <point x="1490" y="2603" />
      </lower-contour>
    </line>
    <line ass="-69" asx="0" asy="2675" character-width="999" dss="-69" dsx="0" dsy="2797" fd0="13185" fd1="2300" fd2="-2064" filter-width="3" id="h06-089-11" lbs="-360" lbx="0" lby="2772" segmentation="err" slant="90000" stroke-width="4975" threshold="190" text="following automatically." ubs="511" ubx="0" uby="2748">
      <word id="h06-089-11-00" tag="VBG" text="following">
        <cmp x="371" y="2676" width="77" height="123" />
        <cmp x="416" y="2750" width="3" height="3" />
        <cmp x="454" y="2682" width="119" height="101" />
        <cmp x="573" y="2729" width="61" height="47" />
      </word>
      <word id="h06-089-11-01" tag="RB" text="automatically">
        <cmp x="639" y="2720" width="5" height="4" />
        <cmp x="642" y="2734" width="10" height="34" />
        <cmp x="643" y="2677" width="847" height="122" />
        <cmp x="659" y="2740" width="44" height="33" />
        <cmp x="850" y="2729" width="115" height="53" />
        <cmp x="961" y="2700" width="42" height="75" />
        <cmp x="1013" y="2734" width="39" height="45" />
        <cmp x="1065" y="2732" width="66" height="47" />
        <cmp x="1141" y="2746" width="49" height="38" />
        <cmp x="1194" y="2691" width="51" height="95" />
        <cmp x="1236" y="2729" width="4" height="6" />
      </word>
      <word id="h06-089-11-02" tag="." text=".">
        <cmp x="1264" y="2740" width="32" height="39" />
      </word>
      <upper-contour>
        <point x="369" y="2603" />
        <point x="1490" y="2603" />
      </upper-contour>
    </line>
  </handwritten-part>
</form>

