<?xml version="1.0" encoding="ISO-8859-1"?>

<!DOCTYPE form SYSTEM 'http://www.iam.unibe.ch/~fki/iamdb/form-metadata.dtd'>

<form created="2002-01-25" height="3542" id="h06-003" last-modified="2002-07-17" skew="63" status="final" version="3.0_beta" width="2479" writer-id="349">
  <machine-printed-part>
    <machine-print-line text="The total number of dangerous occurrences reported during the year was 1,409, an" />
    <machine-print-line text="increase of 111 over the total for 1959. However, the number of notifiable accidents" />
    <machine-print-line text="associated with occurrences fell from 252 (31 of them fatal) in 1959 to 245 (22 fatal)" />
    <machine-print-line text="in 1960. The main increase in the numbers of occurrences reported occurred in the" />
    <machine-print-line text="category of those due to the collapse or failure of a crane, derrick, winch or hoist," />
    <machine-print-line text="where there was an increase of almost one-third from 335 to 438." />
  </machine-printed-part>
  <handwritten-part>
    <line ass="-200" asx="0" asy="761" character-width="999" dss="-200" dsx="0" dsy="844" fd0="13839" fd1="4202" fd2="506" filter-width="3" id="h06-003-00" lbs="-195" lbx="0" lby="815" segmentation="ok" slant="89000" stroke-width="5223" threshold="191" text="The total number of dangerous occurrences reported" ubs="-212" ubx="0" uby="797">
      <word id="h06-003-00-00" sentence-start="yes" tag="ATI" text="The">
        <cmp x="394" y="781" width="26" height="43" />
        <cmp x="431" y="783" width="37" height="40" />
        <cmp x="477" y="805" width="34" height="20" />
      </word>
      <word id="h06-003-00-01" tag="JJ" text="total">
        <cmp x="618" y="764" width="54" height="51" />
        <cmp x="675" y="767" width="15" height="49" />
        <cmp x="698" y="800" width="25" height="17" />
        <cmp x="738" y="764" width="7" height="48" />
      </word>
      <word id="h06-003-00-02" tag="NN" text="number">
        <cmp x="807" y="798" width="30" height="18" />
        <cmp x="838" y="802" width="31" height="15" />
        <cmp x="872" y="802" width="33" height="13" />
        <cmp x="910" y="774" width="27" height="44" />
        <cmp x="946" y="800" width="26" height="17" />
        <cmp x="976" y="799" width="20" height="15" />
      </word>
      <word id="h06-003-00-03" tag="INO" text="of">
        <cmp x="1059" y="799" width="35" height="19" />
        <cmp x="1100" y="769" width="32" height="59" />
      </word>
      <word id="h06-003-00-04" tag="JJ" text="dangerous">
        <cmp x="1201" y="775" width="32" height="47" />
        <cmp x="1233" y="803" width="23" height="14" />
        <cmp x="1258" y="802" width="36" height="47" />
        <cmp x="1304" y="803" width="25" height="20" />
        <cmp x="1332" y="803" width="14" height="18" />
        <cmp x="1356" y="808" width="19" height="13" />
        <cmp x="1377" y="799" width="47" height="25" />
      </word>
      <word id="h06-003-00-05" tag="NNS" text="occurrences">
        <cmp x="1507" y="796" width="58" height="19" />
        <cmp x="1561" y="797" width="20" height="23" />
        <cmp x="1589" y="798" width="27" height="19" />
        <cmp x="1622" y="800" width="20" height="16" />
        <cmp x="1650" y="798" width="24" height="18" />
        <cmp x="1678" y="800" width="19" height="15" />
        <cmp x="1699" y="802" width="21" height="19" />
        <cmp x="1722" y="802" width="29" height="18" />
        <cmp x="1744" y="804" width="17" height="23" />
      </word>
      <word id="h06-003-00-06" tag="VBN" text="reported">
        <cmp x="1836" y="803" width="53" height="23" />
        <cmp x="1890" y="806" width="16" height="39" />
        <cmp x="1908" y="810" width="23" height="13" />
        <cmp x="1937" y="812" width="16" height="12" />
        <cmp x="1963" y="780" width="17" height="43" />
        <cmp x="1978" y="804" width="51" height="21" />
        <cmp x="2030" y="777" width="12" height="50" />
      </word>
      <lower-contour>
        <point x="396" y="849" />
        <point x="2043" y="849" />
      </lower-contour>
    </line>
    <line ass="3" asx="0" asy="955" character-width="999" dss="3" dsx="0" dsy="1024" fd0="13921" fd1="4650" fd2="1127" filter-width="3" id="h06-003-01" lbs="7" lbx="0" lby="1000" segmentation="ok" slant="90000" stroke-width="5209" threshold="190" text="during the year was 1,409, an increase of 111 over" ubs="-4" ubx="0" uby="983">
      <word id="h06-003-01-00" tag="IN" text="during">
        <cmp x="398" y="957" width="34" height="42" />
        <cmp x="428" y="983" width="28" height="14" />
        <cmp x="459" y="983" width="17" height="14" />
        <cmp x="482" y="976" width="6" height="23" />
        <cmp x="488" y="956" width="5" height="7" />
        <cmp x="490" y="982" width="36" height="42" />
      </word>
      <word id="h06-003-01-01" tag="ATI" text="the">
        <cmp x="594" y="956" width="20" height="47" />
        <cmp x="620" y="956" width="30" height="41" />
        <cmp x="650" y="981" width="27" height="19" />
      </word>
      <word id="h06-003-01-02" tag="NN" text="year">
        <cmp x="735" y="977" width="40" height="37" />
        <cmp x="777" y="980" width="28" height="19" />
        <cmp x="804" y="979" width="23" height="14" />
        <cmp x="831" y="978" width="16" height="18" />
      </word>
      <word id="h06-003-01-03" tag="BEDZ" text="was">
        <cmp x="919" y="983" width="73" height="16" />
        <cmp x="985" y="980" width="20" height="24" />
      </word>
      <word id="h06-003-01-04" tag="CD" text="1,409">
        <cmp x="1102" y="967" width="8" height="31" />
        <cmp x="1120" y="991" width="9" height="18" />
        <cmp x="1142" y="964" width="27" height="41" />
        <cmp x="1178" y="986" width="30" height="16" />
        <cmp x="1215" y="969" width="36" height="31" />
      </word>
      <word id="h06-003-01-05" tag="," text=",">
        <cmp x="1275" y="1000" width="10" height="19" />
      </word>
      <word id="h06-003-01-06" tag="AT" text="an">
        <cmp x="1339" y="991" width="30" height="15" />
        <cmp x="1373" y="994" width="28" height="17" />
      </word>
      <word id="h06-003-01-07" tag="NN" text="increase">
        <cmp x="1468" y="995" width="6" height="16" />
        <cmp x="1481" y="965" width="4" height="16" />
        <cmp x="1484" y="990" width="29" height="14" />
        <cmp x="1521" y="983" width="20" height="20" />
        <cmp x="1554" y="983" width="16" height="15" />
        <cmp x="1583" y="980" width="29" height="15" />
        <cmp x="1614" y="979" width="33" height="12" />
        <cmp x="1644" y="975" width="20" height="25" />
        <cmp x="1671" y="982" width="29" height="17" />
      </word>
      <word id="h06-003-01-08" tag="INO" text="of">
        <cmp x="1755" y="977" width="28" height="16" />
        <cmp x="1785" y="957" width="28" height="57" />
      </word>
      <word id="h06-003-01-09" tag="CD" text="111">
        <cmp x="1888" y="958" width="9" height="36" />
        <cmp x="1903" y="956" width="11" height="37" />
        <cmp x="1920" y="957" width="8" height="38" />
      </word>
      <word id="h06-003-01-10" tag="IN" text="over">
        <cmp x="1963" y="983" width="53" height="20" />
        <cmp x="2020" y="985" width="25" height="18" />
        <cmp x="2052" y="984" width="38" height="14" />
      </word>
      <upper-contour>
        <point x="396" y="849" />
        <point x="2043" y="849" />
      </upper-contour>
      <lower-contour>
        <point x="396" y="1024" />
        <point x="1910" y="1024" />
      </lower-contour>
    </line>
    <line ass="-210" asx="0" asy="1127" character-width="999" dss="-210" dsx="0" dsy="1199" fd0="13767" fd1="4213" fd2="964" filter-width="3" id="h06-003-02" lbs="-192" lbx="0" lby="1174" segmentation="ok" slant="90000" stroke-width="5153" threshold="190" text="the total for 1959. However, the number of" ubs="-245" ubx="0" uby="1155">
      <word id="h06-003-02-00" tag="ATI" text="the">
        <cmp x="396" y="1139" width="21" height="38" />
        <cmp x="424" y="1136" width="25" height="36" />
        <cmp x="451" y="1159" width="32" height="20" />
      </word>
      <word id="h06-003-02-01" tag="NN" text="total">
        <cmp x="553" y="1136" width="49" height="45" />
        <cmp x="607" y="1147" width="39" height="32" />
        <cmp x="608" y="1135" width="6" height="11" />
        <cmp x="658" y="1134" width="6" height="46" />
      </word>
      <word id="h06-003-02-02" tag="IN" text="for">
        <cmp x="754" y="1144" width="35" height="55" />
        <cmp x="786" y="1165" width="28" height="10" />
        <cmp x="821" y="1159" width="22" height="20" />
      </word>
      <word id="h06-003-02-03" tag="CD" text="1959">
        <cmp x="931" y="1139" width="9" height="35" />
        <cmp x="950" y="1146" width="37" height="27" />
        <cmp x="993" y="1140" width="35" height="34" />
        <cmp x="1029" y="1143" width="40" height="37" />
      </word>
      <word id="h06-003-02-04" tag="." text=".">
        <cmp x="1089" y="1172" width="7" height="7" />
      </word>
      <word id="h06-003-02-05" sentence-start="yes" tag="RB" text="However">
        <cmp x="1147" y="1138" width="8" height="41" />
        <cmp x="1156" y="1137" width="19" height="41" />
        <cmp x="1185" y="1166" width="26" height="13" />
        <cmp x="1213" y="1162" width="71" height="18" />
        <cmp x="1290" y="1165" width="50" height="17" />
        <cmp x="1348" y="1165" width="20" height="14" />
      </word>
      <word id="h06-003-02-06" tag="," text=",">
        <cmp x="1402" y="1183" width="9" height="23" />
      </word>
      <word id="h06-003-02-07" tag="ATI" text="the">
        <cmp x="1472" y="1142" width="19" height="37" />
        <cmp x="1496" y="1140" width="31" height="37" />
        <cmp x="1528" y="1161" width="31" height="21" />
      </word>
      <word id="h06-003-02-08" tag="NN" text="number">
        <cmp x="1613" y="1160" width="30" height="18" />
        <cmp x="1644" y="1167" width="28" height="11" />
        <cmp x="1680" y="1160" width="31" height="16" />
        <cmp x="1720" y="1137" width="21" height="38" />
        <cmp x="1742" y="1162" width="33" height="15" />
        <cmp x="1778" y="1159" width="16" height="16" />
      </word>
      <word id="h06-003-02-09" tag="INO" text="of">
        <cmp x="1836" y="1165" width="29" height="16" />
        <cmp x="1873" y="1134" width="37" height="60" />
      </word>
      <upper-contour>
        <point x="396" y="1024" />
        <point x="1910" y="1024" />
      </upper-contour>
      <lower-contour>
        <point x="394" y="1206" />
        <point x="1910" y="1206" />
      </lower-contour>
    </line>
    <line ass="8" asx="0" asy="1308" character-width="999" dss="8" dsx="0" dsy="1373" fd0="13656" fd1="3610" fd2="-203" filter-width="3" id="h06-003-03" lbs="4" lbx="0" lby="1358" segmentation="ok" slant="90000" stroke-width="5275" threshold="192" text="notifiable accidents associated with occurrences fell" ubs="15" ubx="0" uby="1340">
      <word id="h06-003-03-00" tag="JJ" text="notifiable">
        <cmp x="392" y="1330" width="32" height="24" />
        <cmp x="429" y="1340" width="24" height="16" />
        <cmp x="459" y="1320" width="17" height="42" />
        <cmp x="481" y="1322" width="8" height="41" />
        <cmp x="503" y="1320" width="39" height="53" />
        <cmp x="532" y="1340" width="6" height="17" />
        <cmp x="542" y="1339" width="28" height="15" />
        <cmp x="575" y="1318" width="28" height="40" />
        <cmp x="608" y="1312" width="9" height="46" />
        <cmp x="622" y="1339" width="30" height="21" />
      </word>
      <word id="h06-003-03-01" tag="NNS" text="accidents">
        <cmp x="728" y="1340" width="89" height="22" />
        <cmp x="822" y="1337" width="10" height="22" />
        <cmp x="830" y="1313" width="4" height="17" />
        <cmp x="837" y="1315" width="33" height="40" />
        <cmp x="871" y="1338" width="26" height="18" />
        <cmp x="900" y="1339" width="22" height="17" />
        <cmp x="933" y="1310" width="12" height="50" />
        <cmp x="944" y="1338" width="22" height="23" />
      </word>
      <word id="h06-003-03-02" tag="VBN" text="associated">
        <cmp x="1054" y="1341" width="45" height="13" />
        <cmp x="1095" y="1338" width="18" height="22" />
        <cmp x="1124" y="1333" width="21" height="26" />
        <cmp x="1148" y="1344" width="32" height="11" />
        <cmp x="1184" y="1339" width="19" height="19" />
        <cmp x="1216" y="1339" width="6" height="17" />
        <cmp x="1223" y="1319" width="4" height="4" />
        <cmp x="1233" y="1338" width="28" height="17" />
        <cmp x="1278" y="1309" width="12" height="50" />
        <cmp x="1299" y="1338" width="49" height="18" />
        <cmp x="1356" y="1309" width="7" height="48" />
      </word>
      <word id="h06-003-03-03" tag="IN" text="with">
        <cmp x="1419" y="1343" width="41" height="18" />
        <cmp x="1466" y="1341" width="6" height="16" />
        <cmp x="1472" y="1321" width="6" height="11" />
        <cmp x="1485" y="1321" width="14" height="42" />
        <cmp x="1509" y="1316" width="22" height="47" />
      </word>
      <word id="h06-003-03-04" tag="NNS" text="occurrences">
        <cmp x="1607" y="1344" width="30" height="17" />
        <cmp x="1647" y="1340" width="20" height="18" />
        <cmp x="1671" y="1339" width="21" height="19" />
        <cmp x="1699" y="1341" width="28" height="14" />
        <cmp x="1734" y="1340" width="25" height="14" />
        <cmp x="1760" y="1339" width="29" height="16" />
        <cmp x="1792" y="1341" width="28" height="20" />
        <cmp x="1827" y="1336" width="29" height="24" />
        <cmp x="1854" y="1336" width="39" height="21" />
      </word>
      <word id="h06-003-03-05" tag="VBD" text="fell">
        <cmp x="1956" y="1321" width="63" height="47" />
        <cmp x="2026" y="1321" width="8" height="34" />
        <cmp x="2044" y="1318" width="6" height="41" />
      </word>
      <upper-contour>
        <point x="394" y="1206" />
        <point x="1910" y="1206" />
      </upper-contour>
      <lower-contour>
        <point x="394" y="1373" />
        <point x="1969" y="1373" />
      </lower-contour>
    </line>
    <line ass="660" asx="0" asy="1502" character-width="999" dss="660" dsx="0" dsy="1566" fd0="13722" fd1="3657" fd2="997" filter-width="3" id="h06-003-04" lbs="475" lbx="0" lby="1549" segmentation="ok" slant="90000" stroke-width="5327" threshold="190" text="from 252 (31 of them fatal) in 1959 to" ubs="1030" ubx="0" uby="1533">
      <word id="h06-003-04-00" tag="IN" text="from">
        <cmp x="396" y="1505" width="30" height="56" />
        <cmp x="430" y="1527" width="20" height="17" />
        <cmp x="458" y="1529" width="23" height="13" />
        <cmp x="488" y="1525" width="41" height="20" />
      </word>
      <word id="h06-003-04-01" tag="CD" text="252">
        <cmp x="620" y="1502" width="42" height="35" />
        <cmp x="671" y="1500" width="25" height="33" />
        <cmp x="703" y="1502" width="33" height="32" />
      </word>
      <word id="h06-003-04-02" tag="(" text="(">
        <cmp x="831" y="1493" width="26" height="59" />
      </word>
      <word id="h06-003-04-03" tag="CD" text="31">
        <cmp x="880" y="1510" width="37" height="29" />
        <cmp x="933" y="1504" width="9" height="34" />
      </word>
      <word id="h06-003-04-04" tag="INO" text="of">
        <cmp x="994" y="1524" width="26" height="16" />
        <cmp x="1031" y="1499" width="26" height="52" />
      </word>
      <word id="h06-003-04-05" tag="PP3OS" text="them">
        <cmp x="1110" y="1501" width="27" height="39" />
        <cmp x="1138" y="1503" width="22" height="39" />
        <cmp x="1169" y="1523" width="25" height="15" />
        <cmp x="1198" y="1520" width="40" height="22" />
      </word>
      <word id="h06-003-04-06" tag="JJ" text="fatal">
        <cmp x="1308" y="1500" width="36" height="51" />
        <cmp x="1336" y="1523" width="34" height="15" />
        <cmp x="1379" y="1499" width="42" height="38" />
        <cmp x="1430" y="1495" width="7" height="39" />
      </word>
      <word id="h06-003-04-07" tag=")" text=")">
        <cmp x="1448" y="1492" width="17" height="49" />
      </word>
      <word id="h06-003-04-08" tag="IN" text="in">
        <cmp x="1559" y="1522" width="6" height="16" />
        <cmp x="1564" y="1494" width="4" height="4" />
        <cmp x="1573" y="1525" width="32" height="10" />
      </word>
      <word id="h06-003-04-09" tag="CD" text="1959">
        <cmp x="1696" y="1498" width="10" height="33" />
        <cmp x="1720" y="1500" width="34" height="34" />
        <cmp x="1774" y="1502" width="27" height="32" />
        <cmp x="1810" y="1502" width="37" height="33" />
      </word>
      <word id="h06-003-04-10" tag="IN" text="to">
        <cmp x="1905" y="1492" width="28" height="35" />
        <cmp x="1936" y="1515" width="32" height="22" />
      </word>
      <upper-contour>
        <point x="394" y="1373" />
        <point x="1969" y="1373" />
      </upper-contour>
      <lower-contour>
        <point x="396" y="1561" />
        <point x="1969" y="1561" />
      </lower-contour>
    </line>
    <line ass="129" asx="0" asy="1668" character-width="999" dss="129" dsx="0" dsy="1742" fd0="13973" fd1="3962" fd2="876" filter-width="3" id="h06-003-05" lbs="184" lbx="0" lby="1720" segmentation="ok" slant="89000" stroke-width="5314" threshold="189" text="245 (22 fatal) in 1960. The main increase in" ubs="18" ubx="0" uby="1699">
      <word id="h06-003-05-00" tag="CD" text="245">
        <cmp x="398" y="1683" width="35" height="34" />
        <cmp x="444" y="1681" width="26" height="36" />
        <cmp x="477" y="1684" width="28" height="28" />
      </word>
      <word id="h06-003-05-01" tag="(" text="(">
        <cmp x="608" y="1675" width="23" height="53" />
      </word>
      <word id="h06-003-05-02" tag="CD" text="22">
        <cmp x="651" y="1689" width="30" height="29" />
        <cmp x="690" y="1683" width="35" height="34" />
      </word>
      <word id="h06-003-05-03" tag="JJ" text="fatal">
        <cmp x="780" y="1686" width="34" height="55" />
        <cmp x="807" y="1708" width="34" height="12" />
        <cmp x="848" y="1683" width="39" height="36" />
        <cmp x="898" y="1674" width="7" height="44" />
      </word>
      <word id="h06-003-05-04" tag=")" text=")">
        <cmp x="912" y="1667" width="25" height="50" />
      </word>
      <word id="h06-003-05-05" tag="IN" text="in">
        <cmp x="1006" y="1695" width="6" height="19" />
        <cmp x="1009" y="1675" width="3" height="6" />
        <cmp x="1016" y="1703" width="30" height="15" />
      </word>
      <word id="h06-003-05-06" tag="CD" text="1960">
        <cmp x="1131" y="1682" width="8" height="32" />
        <cmp x="1149" y="1687" width="37" height="29" />
        <cmp x="1191" y="1681" width="22" height="35" />
        <cmp x="1215" y="1703" width="34" height="16" />
      </word>
      <word id="h06-003-05-07" tag="." text=".">
        <cmp x="1257" y="1710" width="5" height="10" />
      </word>
      <word id="h06-003-05-08" sentence-start="yes" tag="ATI" text="The">
        <cmp x="1346" y="1669" width="38" height="53" />
        <cmp x="1389" y="1668" width="32" height="44" />
        <cmp x="1432" y="1697" width="34" height="21" />
      </word>
      <word id="h06-003-05-09" tag="JJB" text="main">
        <cmp x="1528" y="1697" width="74" height="21" />
        <cmp x="1603" y="1698" width="6" height="18" />
        <cmp x="1610" y="1676" width="5" height="10" />
        <cmp x="1617" y="1702" width="19" height="11" />
      </word>
      <word id="h06-003-05-10" tag="NN" text="increase">
        <cmp x="1708" y="1693" width="8" height="24" />
        <cmp x="1714" y="1671" width="5" height="13" />
        <cmp x="1720" y="1702" width="30" height="11" />
        <cmp x="1754" y="1697" width="20" height="20" />
        <cmp x="1784" y="1698" width="23" height="16" />
        <cmp x="1815" y="1699" width="25" height="15" />
        <cmp x="1841" y="1701" width="24" height="9" />
        <cmp x="1869" y="1692" width="17" height="23" />
        <cmp x="1893" y="1701" width="29" height="15" />
      </word>
      <word id="h06-003-05-11" tag="IN" text="in">
        <cmp x="1978" y="1692" width="6" height="21" />
        <cmp x="1985" y="1670" width="6" height="12" />
        <cmp x="1990" y="1699" width="29" height="13" />
      </word>
      <upper-contour>
        <point x="396" y="1561" />
        <point x="1969" y="1561" />
      </upper-contour>
      <lower-contour>
        <point x="396" y="1741" />
        <point x="2001" y="1741" />
      </lower-contour>
    </line>
    <line ass="333" asx="0" asy="1847" character-width="999" dss="333" dsx="0" dsy="1920" fd0="13776" fd1="4114" fd2="572" filter-width="3" id="h06-003-06" lbs="338" lbx="0" lby="1900" segmentation="ok" slant="90000" stroke-width="5357" threshold="189" text="the numbers of occurrences reported occurred in the" ubs="323" ubx="0" uby="1882">
      <word id="h06-003-06-00" tag="ATI" text="the">
        <cmp x="386" y="1858" width="19" height="35" />
        <cmp x="411" y="1856" width="26" height="37" />
        <cmp x="444" y="1877" width="26" height="21" />
      </word>
      <word id="h06-003-06-01" tag="NNS" text="numbers">
        <cmp x="573" y="1874" width="92" height="23" />
        <cmp x="672" y="1857" width="27" height="39" />
        <cmp x="703" y="1874" width="46" height="23" />
      </word>
      <word id="h06-003-06-02" tag="INO" text="of">
        <cmp x="810" y="1878" width="29" height="12" />
        <cmp x="843" y="1851" width="33" height="56" />
      </word>
      <word id="h06-003-06-03" tag="NNS" text="occurrences">
        <cmp x="949" y="1880" width="31" height="18" />
        <cmp x="986" y="1876" width="23" height="20" />
        <cmp x="1014" y="1875" width="21" height="21" />
        <cmp x="1035" y="1875" width="32" height="14" />
        <cmp x="1070" y="1880" width="14" height="14" />
        <cmp x="1090" y="1878" width="49" height="18" />
        <cmp x="1146" y="1874" width="25" height="22" />
        <cmp x="1170" y="1874" width="41" height="20" />
      </word>
      <word id="h06-003-06-04" tag="VBN" text="reported">
        <cmp x="1294" y="1877" width="72" height="37" />
        <cmp x="1373" y="1881" width="25" height="13" />
        <cmp x="1408" y="1876" width="13" height="17" />
        <cmp x="1426" y="1856" width="8" height="37" />
        <cmp x="1443" y="1846" width="63" height="49" />
      </word>
      <word id="h06-003-06-05" tag="VBD" text="occurred">
        <cmp x="1566" y="1873" width="32" height="18" />
        <cmp x="1608" y="1868" width="24" height="21" />
        <cmp x="1629" y="1870" width="21" height="21" />
        <cmp x="1654" y="1872" width="29" height="16" />
        <cmp x="1693" y="1871" width="16" height="16" />
        <cmp x="1713" y="1872" width="25" height="17" />
        <cmp x="1742" y="1838" width="32" height="52" />
      </word>
      <word id="h06-003-06-06" tag="IN" text="in">
        <cmp x="1829" y="1871" width="6" height="18" />
        <cmp x="1835" y="1843" width="3" height="7" />
        <cmp x="1840" y="1869" width="36" height="20" />
      </word>
      <word id="h06-003-06-07" tag="ATI" text="the">
        <cmp x="1919" y="1846" width="15" height="43" />
        <cmp x="1940" y="1844" width="22" height="38" />
        <cmp x="1969" y="1873" width="30" height="18" />
      </word>
      <upper-contour>
        <point x="396" y="1741" />
        <point x="2001" y="1741" />
      </upper-contour>
      <lower-contour>
        <point x="389" y="1914" />
        <point x="1929" y="1914" />
      </lower-contour>
    </line>
    <line ass="210" asx="0" asy="2025" character-width="999" dss="210" dsx="0" dsy="2100" fd0="13424" fd1="3817" fd2="346" filter-width="3" id="h06-003-07" lbs="135" lbx="0" lby="2076" segmentation="err" slant="85000" stroke-width="5389" threshold="190" text="category of those due to the collapse or" ubs="360" ubx="0" uby="2061">
      <word id="h06-003-07-00" tag="NN" text="category">
        <cmp x="391" y="2053" width="25" height="24" />
        <cmp x="416" y="2056" width="32" height="16" />
        <cmp x="456" y="2030" width="9" height="45" />
        <cmp x="476" y="2058" width="31" height="19" />
        <cmp x="508" y="2064" width="15" height="31" />
        <cmp x="529" y="2060" width="27" height="14" />
        <cmp x="557" y="2058" width="18" height="14" />
        <cmp x="573" y="2058" width="37" height="36" />
      </word>
      <word id="h06-003-07-01" tag="INO" text="of">
        <cmp x="689" y="2059" width="29" height="13" />
        <cmp x="725" y="2028" width="28" height="53" />
      </word>
      <word id="h06-003-07-02" tag="DTS" text="those">
        <cmp x="829" y="2037" width="23" height="45" />
        <cmp x="861" y="2039" width="24" height="38" />
        <cmp x="886" y="2063" width="32" height="12" />
        <cmp x="922" y="2055" width="10" height="25" />
        <cmp x="938" y="2060" width="30" height="16" />
      </word>
      <word id="h06-003-07-03" tag="JJ" text="due">
        <cmp x="1042" y="2029" width="38" height="45" />
        <cmp x="1074" y="2055" width="35" height="17" />
        <cmp x="1111" y="2051" width="48" height="22" />
      </word>
      <word id="h06-003-07-04" tag="IN" text="to">
        <cmp x="1240" y="2029" width="16" height="38" />
        <cmp x="1260" y="2057" width="30" height="17" />
      </word>
      <word id="h06-003-07-05" tag="ATI" text="the">
        <cmp x="1342" y="2021" width="52" height="50" />
        <cmp x="1406" y="2053" width="32" height="22" />
      </word>
      <word id="h06-003-07-06" tag="NN" text="collapse">
        <cmp x="1497" y="2049" width="23" height="17" />
        <cmp x="1521" y="2054" width="25" height="13" />
        <cmp x="1549" y="2031" width="12" height="31" />
        <cmp x="1560" y="2031" width="12" height="40" />
        <cmp x="1570" y="2051" width="49" height="44" />
        <cmp x="1628" y="2046" width="19" height="25" />
        <cmp x="1649" y="2056" width="38" height="18" />
        <cmp x="1728" y="2021" width="82" height="63" />
      </word>
      <word id="h06-003-07-07" tag="CC" text="or">
        <cmp x="1870" y="2055" width="24" height="20" />
        <cmp x="1901" y="2056" width="28" height="16" />
      </word>
      <upper-contour>
        <point x="389" y="1914" />
        <point x="1929" y="1914" />
      </upper-contour>
      <lower-contour>
        <point x="389" y="2095" />
        <point x="1929" y="2095" />
      </lower-contour>
    </line>
    <line ass="20" asx="0" asy="2197" character-width="999" dss="20" dsx="0" dsy="2280" fd0="13994" fd1="3697" fd2="862" filter-width="3" id="h06-003-08" lbs="132" lbx="0" lby="2255" segmentation="ok" slant="89000" stroke-width="5239" threshold="188" text="failure of a crane, derrick, winch or hoist, where" ubs="-203" ubx="0" uby="2229">
      <word id="h06-003-08-00" tag="NN" text="failure">
        <cmp x="390" y="2210" width="34" height="70" />
        <cmp x="421" y="2237" width="37" height="17" />
        <cmp x="463" y="2232" width="9" height="22" />
        <cmp x="468" y="2209" width="7" height="9" />
        <cmp x="490" y="2206" width="7" height="44" />
        <cmp x="508" y="2234" width="36" height="17" />
        <cmp x="547" y="2233" width="61" height="20" />
      </word>
      <word id="h06-003-08-01" tag="INO" text="of">
        <cmp x="655" y="2238" width="31" height="15" />
        <cmp x="694" y="2212" width="34" height="48" />
      </word>
      <word id="h06-003-08-02" tag="AT" text="a">
        <cmp x="790" y="2231" width="34" height="20" />
      </word>
      <word id="h06-003-08-03" tag="NN" text="crane">
        <cmp x="875" y="2232" width="27" height="23" />
        <cmp x="908" y="2231" width="79" height="19" />
        <cmp x="990" y="2232" width="37" height="21" />
      </word>
      <word id="h06-003-08-04" tag="," text=",">
        <cmp x="1046" y="2255" width="9" height="23" />
      </word>
      <word id="h06-003-08-05" tag="NN" text="derrick">
        <cmp x="1121" y="2212" width="31" height="40" />
        <cmp x="1154" y="2233" width="31" height="18" />
        <cmp x="1188" y="2233" width="23" height="17" />
        <cmp x="1220" y="2233" width="26" height="17" />
        <cmp x="1248" y="2231" width="8" height="18" />
        <cmp x="1256" y="2212" width="4" height="10" />
        <cmp x="1267" y="2207" width="56" height="48" />
      </word>
      <word id="h06-003-08-06" tag="," text=",">
        <cmp x="1346" y="2253" width="12" height="26" />
      </word>
      <word id="h06-003-08-07" tag="NN" text="winch">
        <cmp x="1398" y="2239" width="52" height="16" />
        <cmp x="1457" y="2233" width="5" height="16" />
        <cmp x="1466" y="2208" width="3" height="9" />
        <cmp x="1466" y="2197" width="77" height="53" />
      </word>
      <word id="h06-003-08-08" tag="CC" text="or">
        <cmp x="1591" y="2240" width="34" height="20" />
        <cmp x="1633" y="2239" width="25" height="18" />
      </word>
      <word id="h06-003-08-09" tag="NN" text="hoist">
        <cmp x="1701" y="2211" width="34" height="39" />
        <cmp x="1740" y="2235" width="32" height="14" />
        <cmp x="1779" y="2230" width="12" height="21" />
        <cmp x="1793" y="2209" width="4" height="6" />
        <cmp x="1794" y="2230" width="14" height="22" />
        <cmp x="1814" y="2206" width="29" height="45" />
      </word>
      <word id="h06-003-08-10" tag="," text=",">
        <cmp x="1854" y="2247" width="14" height="27" />
      </word>
      <word id="h06-003-08-11" tag="WRB" text="where">
        <cmp x="1910" y="2236" width="53" height="15" />
        <cmp x="1968" y="2211" width="21" height="42" />
        <cmp x="1998" y="2233" width="25" height="19" />
        <cmp x="2028" y="2235" width="18" height="13" />
        <cmp x="2049" y="2235" width="32" height="24" />
      </word>
      <upper-contour>
        <point x="389" y="2095" />
        <point x="1929" y="2095" />
      </upper-contour>
      <lower-contour>
        <point x="403" y="2280" />
        <point x="2082" y="2280" />
      </lower-contour>
    </line>
    <line ass="131" asx="0" asy="2383" character-width="999" dss="131" dsx="0" dsy="2445" fd0="13652" fd1="3653" fd2="865" filter-width="3" id="h06-003-09" lbs="150" lbx="0" lby="2434" segmentation="ok" slant="90000" stroke-width="5306" threshold="186" text="there was an increase of almost one-third from" ubs="93" ubx="0" uby="2416">
      <word id="h06-003-09-00" tag="EX" text="there">
        <cmp x="405" y="2383" width="18" height="42" />
        <cmp x="428" y="2386" width="34" height="42" />
        <cmp x="465" y="2412" width="25" height="20" />
        <cmp x="495" y="2416" width="17" height="16" />
        <cmp x="521" y="2416" width="29" height="18" />
      </word>
      <word id="h06-003-09-01" tag="BEDZ" text="was">
        <cmp x="618" y="2412" width="86" height="21" />
      </word>
      <word id="h06-003-09-02" tag="AT" text="an">
        <cmp x="766" y="2418" width="35" height="12" />
        <cmp x="803" y="2416" width="22" height="18" />
      </word>
      <word id="h06-003-09-03" tag="NN" text="increase">
        <cmp x="893" y="2411" width="10" height="25" />
        <cmp x="900" y="2395" width="6" height="12" />
        <cmp x="907" y="2419" width="30" height="12" />
        <cmp x="942" y="2415" width="24" height="19" />
        <cmp x="975" y="2415" width="24" height="17" />
        <cmp x="1002" y="2418" width="27" height="17" />
        <cmp x="1032" y="2418" width="32" height="15" />
        <cmp x="1070" y="2413" width="14" height="22" />
        <cmp x="1090" y="2418" width="33" height="19" />
      </word>
      <word id="h06-003-09-04" tag="INO" text="of">
        <cmp x="1201" y="2414" width="29" height="17" />
        <cmp x="1245" y="2384" width="30" height="59" />
      </word>
      <word id="h06-003-09-05" tag="RB" text="almost">
        <cmp x="1341" y="2416" width="35" height="15" />
        <cmp x="1384" y="2382" width="11" height="48" />
        <cmp x="1394" y="2413" width="44" height="17" />
        <cmp x="1450" y="2422" width="21" height="12" />
        <cmp x="1475" y="2414" width="12" height="18" />
        <cmp x="1496" y="2395" width="23" height="40" />
      </word>
      <word id="h06-003-09-06" tag="CD" text="one-third">
        <cmp x="1595" y="2417" width="28" height="13" />
        <cmp x="1629" y="2410" width="29" height="21" />
        <cmp x="1668" y="2413" width="28" height="16" />
        <cmp x="1717" y="2415" width="21" height="7" />
        <cmp x="1779" y="2384" width="20" height="41" />
        <cmp x="1805" y="2382" width="25" height="44" />
        <cmp x="1840" y="2410" width="5" height="15" />
        <cmp x="1845" y="2386" width="4" height="13" />
        <cmp x="1855" y="2379" width="52" height="49" />
      </word>
      <word id="h06-003-09-07" tag="IN" text="from">
        <cmp x="1965" y="2389" width="75" height="52" />
        <cmp x="2044" y="2411" width="37" height="19" />
      </word>
      <upper-contour>
        <point x="403" y="2280" />
        <point x="2082" y="2280" />
      </upper-contour>
      <lower-contour>
        <point x="407" y="2434" />
        <point x="890" y="2434" />
      </lower-contour>
    </line>
    <line ass="-306" asx="0" asy="2563" character-width="999" dss="-306" dsx="0" dsy="2610" fd0="14311" fd1="3912" fd2="703" filter-width="3" id="h06-003-10" lbs="-440" lbx="0" lby="2604" segmentation="ok" slant="132000" stroke-width="5271" threshold="188" text="335 to 438." ubs="-39" ubx="0" uby="2574">
      <word id="h06-003-10-00" tag="CD" text="335">
        <cmp x="409" y="2569" width="35" height="37" />
        <cmp x="454" y="2576" width="31" height="30" />
        <cmp x="495" y="2573" width="33" height="38" />
      </word>
      <word id="h06-003-10-01" tag="IN" text="to">
        <cmp x="618" y="2568" width="22" height="42" />
        <cmp x="643" y="2594" width="32" height="19" />
      </word>
      <word id="h06-003-10-02" tag="CD" text="438">
        <cmp x="747" y="2575" width="40" height="35" />
        <cmp x="796" y="2575" width="26" height="34" />
        <cmp x="837" y="2574" width="26" height="32" />
      </word>
      <word id="h06-003-10-03" tag="." text=".">
        <cmp x="883" y="2609" width="7" height="6" />
      </word>
      <upper-contour>
        <point x="407" y="2434" />
        <point x="890" y="2434" />
      </upper-contour>
    </line>
  </handwritten-part>
</form>

