<?xml version="1.0" encoding="ISO-8859-1"?>

<!DOCTYPE form SYSTEM 'http://www.iam.unibe.ch/~fki/iamdb/form-metadata.dtd'>

<form created="2002-04-11" height="3542" id="h07-030a" last-modified="2002-07-17" skew="286" status="final" version="3.0_beta" width="2479" writer-id="387">
  <machine-printed-part>
    <machine-print-line text="Some development corporations have sought to attract private investors by leasing" />
    <machine-print-line text="part of the shopping area to companies experienced in commercial development who" />
    <machine-print-line text="have undertaken the building and letting of the shops. But corporations have generally" />
    <machine-print-line text="found it more satisfactory to build themselves, leasing the shops direct to traders, with" />
    <machine-print-line text="breaks in the lease to enable rents to be increased in scale with the rising prosperity" />
    <machine-print-line text="of the town." />
  </machine-printed-part>
  <handwritten-part>
    <line ass="300" asx="0" asy="740" character-width="999" dss="300" dsx="0" dsy="831" fd0="14399" fd1="2895" fd2="-879" filter-width="3" id="h07-030a-00" lbs="258" lbx="0" lby="800" segmentation="ok" slant="57000" stroke-width="5693" threshold="152" text="Some development corporations have sought" ubs="386" ubx="0" uby="776">
      <word id="h07-030a-00-00" sentence-start="yes" tag="DTI" text="Some">
        <cmp x="354" y="741" width="58" height="62" />
        <cmp x="414" y="770" width="66" height="27" />
        <cmp x="480" y="777" width="39" height="23" />
      </word>
      <word id="h07-030a-00-01" tag="NN" text="development">
        <cmp x="577" y="752" width="76" height="49" />
        <cmp x="657" y="769" width="68" height="27" />
        <cmp x="746" y="737" width="48" height="67" />
        <cmp x="776" y="772" width="50" height="56" />
        <cmp x="831" y="771" width="127" height="30" />
        <cmp x="951" y="755" width="40" height="47" />
      </word>
      <word id="h07-030a-00-02" tag="NNS" text="corporations">
        <cmp x="1059" y="760" width="34" height="34" />
        <cmp x="1088" y="766" width="66" height="29" />
        <cmp x="1135" y="757" width="143" height="69" />
        <cmp x="1288" y="739" width="50" height="51" />
        <cmp x="1346" y="771" width="94" height="30" />
        <cmp x="1347" y="742" width="6" height="11" />
        <cmp x="1443" y="772" width="26" height="29" />
      </word>
      <word id="h07-030a-00-03" tag="HV" text="have">
        <cmp x="1552" y="732" width="195" height="62" />
      </word>
      <word id="h07-030a-00-04" tag="VBN" text="sought">
        <cmp x="1796" y="751" width="59" height="50" />
        <cmp x="1859" y="757" width="69" height="31" />
        <cmp x="1916" y="756" width="54" height="57" />
        <cmp x="1983" y="734" width="78" height="56" />
        <cmp x="2009" y="732" width="7" height="4" />
      </word>
      <lower-contour>
        <point x="372" y="827" />
        <point x="2063" y="827" />
      </lower-contour>
    </line>
    <line ass="215" asx="0" asy="902" character-width="999" dss="215" dsx="0" dsy="1021" fd0="14331" fd1="2476" fd2="-558" filter-width="3" id="h07-030a-01" lbs="227" lbx="0" lby="979" segmentation="ok" slant="59000" stroke-width="5701" threshold="153" text="to attract private investors by leasing part" ubs="191" ubx="0" uby="949">
      <word id="h07-030a-01-00" tag="TO" text="to">
        <cmp x="374" y="904" width="48" height="87" />
        <cmp x="407" y="947" width="42" height="33" />
      </word>
      <word id="h07-030a-01-01" tag="VB" text="attract">
        <cmp x="530" y="940" width="55" height="43" />
        <cmp x="595" y="909" width="55" height="71" />
        <cmp x="632" y="947" width="64" height="35" />
        <cmp x="700" y="948" width="29" height="38" />
        <cmp x="731" y="967" width="4" height="3" />
        <cmp x="749" y="912" width="37" height="74" />
      </word>
      <word id="h07-030a-01-02" tag="JJ" text="private">
        <cmp x="815" y="935" width="57" height="82" />
        <cmp x="876" y="948" width="42" height="28" />
        <cmp x="931" y="923" width="5" height="7" />
        <cmp x="947" y="946" width="80" height="31" />
        <cmp x="1027" y="922" width="51" height="54" />
      </word>
      <word id="h07-030a-01-03" tag="NNS" text="investors">
        <cmp x="1117" y="951" width="23" height="29" />
        <cmp x="1146" y="922" width="5" height="9" />
        <cmp x="1154" y="950" width="39" height="29" />
        <cmp x="1212" y="944" width="57" height="31" />
        <cmp x="1274" y="943" width="23" height="36" />
        <cmp x="1322" y="923" width="133" height="53" />
      </word>
      <word id="h07-030a-01-04" tag="IN" text="by">
        <cmp x="1537" y="907" width="42" height="65" />
        <cmp x="1547" y="946" width="65" height="71" />
      </word>
      <word id="h07-030a-01-05" tag="JJ" text="leasing">
        <cmp x="1696" y="896" width="97" height="72" />
        <cmp x="1800" y="936" width="27" height="41" />
        <cmp x="1834" y="953" width="11" height="15" />
        <cmp x="1844" y="946" width="11" height="7" />
        <cmp x="1861" y="928" width="6" height="7" />
        <cmp x="1866" y="946" width="39" height="23" />
        <cmp x="1891" y="947" width="60" height="57" />
      </word>
      <word id="h07-030a-01-06" tag="NN" text="part">
        <cmp x="1996" y="918" width="97" height="83" />
        <cmp x="2089" y="941" width="34" height="34" />
        <cmp x="2117" y="909" width="52" height="53" />
      </word>
      <upper-contour>
        <point x="372" y="827" />
        <point x="2063" y="827" />
      </upper-contour>
      <lower-contour>
        <point x="372" y="1018" />
        <point x="2173" y="1018" />
      </lower-contour>
    </line>
    <line ass="801" asx="0" asy="1104" character-width="999" dss="801" dsx="0" dsy="1214" fd0="14701" fd1="2506" fd2="-937" filter-width="4" id="h07-030a-02" lbs="838" lbx="0" lby="1174" segmentation="ok" slant="54000" stroke-width="5728" threshold="154" text="of the shopping area to companies experienced" ubs="726" ubx="0" uby="1141">
      <word id="h07-030a-02-00" tag="INO" text="of">
        <cmp x="369" y="1107" width="75" height="80" />
      </word>
      <word id="h07-030a-02-01" tag="ATI" text="the">
        <cmp x="498" y="1111" width="98" height="61" />
      </word>
      <word id="h07-030a-02-02" tag="NN" text="shopping">
        <cmp x="673" y="1133" width="31" height="39" />
        <cmp x="708" y="1102" width="30" height="56" />
        <cmp x="740" y="1130" width="28" height="33" />
        <cmp x="756" y="1117" width="43" height="60" />
        <cmp x="786" y="1123" width="51" height="51" />
        <cmp x="846" y="1139" width="13" height="16" />
        <cmp x="866" y="1113" width="8" height="17" />
        <cmp x="867" y="1138" width="43" height="23" />
        <cmp x="903" y="1134" width="44" height="66" />
      </word>
      <word id="h07-030a-02-03" tag="NN" text="area">
        <cmp x="1014" y="1125" width="42" height="29" />
        <cmp x="1060" y="1127" width="47" height="29" />
        <cmp x="1108" y="1125" width="35" height="26" />
      </word>
      <word id="h07-030a-02-04" tag="IN" text="to">
        <cmp x="1225" y="1087" width="67" height="62" />
      </word>
      <word id="h07-030a-02-05" tag="NNS" text="companies">
        <cmp x="1372" y="1114" width="46" height="41" />
        <cmp x="1412" y="1122" width="95" height="27" />
        <cmp x="1500" y="1133" width="51" height="62" />
        <cmp x="1508" y="1114" width="116" height="56" />
        <cmp x="1627" y="1117" width="48" height="35" />
        <cmp x="1690" y="1128" width="20" height="20" />
        <cmp x="1719" y="1133" width="21" height="21" />
        <cmp x="1722" y="1097" width="5" height="8" />
        <cmp x="1755" y="1121" width="24" height="35" />
      </word>
      <word id="h07-030a-02-06" tag="JJ" text="experienced">
        <cmp x="1850" y="1110" width="42" height="36" />
        <cmp x="1895" y="1107" width="36" height="33" />
        <cmp x="1906" y="1107" width="55" height="63" />
        <cmp x="1953" y="1107" width="67" height="37" />
        <cmp x="2031" y="1114" width="34" height="36" />
        <cmp x="2036" y="1094" width="8" height="9" />
        <cmp x="2067" y="1118" width="31" height="25" />
        <cmp x="2108" y="1114" width="48" height="31" />
        <cmp x="2151" y="1100" width="47" height="41" />
      </word>
      <upper-contour>
        <point x="372" y="1018" />
        <point x="2173" y="1018" />
      </upper-contour>
      <lower-contour>
        <point x="367" y="1199" />
        <point x="2145" y="1199" />
      </lower-contour>
    </line>
    <line ass="598" asx="0" asy="1281" character-width="999" dss="598" dsx="0" dsy="1368" fd0="13994" fd1="2408" fd2="-923" filter-width="4" id="h07-030a-03" lbs="612" lbx="0" lby="1347" segmentation="ok" slant="55000" stroke-width="5843" threshold="149" text="in commercial development who have #" ubs="568" ubx="0" uby="1320">
      <word id="h07-030a-03-00" tag="IN" text="in">
        <cmp x="363" y="1311" width="19" height="43" />
        <cmp x="378" y="1293" width="9" height="8" />
        <cmp x="383" y="1309" width="41" height="40" />
      </word>
      <word id="h07-030a-03-01" tag="JJ" text="commercial">
        <cmp x="497" y="1298" width="34" height="45" />
        <cmp x="521" y="1309" width="194" height="33" />
        <cmp x="719" y="1307" width="60" height="29" />
        <cmp x="787" y="1300" width="35" height="36" />
        <cmp x="817" y="1317" width="14" height="23" />
        <cmp x="838" y="1282" width="10" height="14" />
        <cmp x="844" y="1309" width="43" height="29" />
        <cmp x="892" y="1287" width="25" height="51" />
      </word>
      <word id="h07-030a-03-02" tag="NN" text="development">
        <cmp x="976" y="1292" width="74" height="44" />
        <cmp x="1068" y="1306" width="72" height="38" />
        <cmp x="1148" y="1283" width="41" height="53" />
        <cmp x="1187" y="1304" width="38" height="29" />
        <cmp x="1209" y="1298" width="55" height="59" />
        <cmp x="1270" y="1308" width="20" height="24" />
        <cmp x="1290" y="1304" width="135" height="32" />
        <cmp x="1429" y="1285" width="50" height="42" />
      </word>
      <word id="h07-030a-03-03" tag="WP" text="who">
        <cmp x="1552" y="1286" width="78" height="44" />
        <cmp x="1618" y="1265" width="59" height="65" />
      </word>
      <word id="h07-030a-03-04" tag="HV" text="have">
        <cmp x="1724" y="1266" width="92" height="72" />
        <cmp x="1816" y="1305" width="71" height="25" />
      </word>
      <word id="h07-030a-03-05" tag="&amp;GA" text="#">
        <cmp x="1941" y="1261" width="202" height="77" />
      </word>
      <upper-contour>
        <point x="367" y="1199" />
        <point x="2145" y="1199" />
      </upper-contour>
      <lower-contour>
        <point x="361" y="1357" />
        <point x="2073" y="1357" />
      </lower-contour>
    </line>
    <line ass="644" asx="0" asy="1453" character-width="999" dss="644" dsx="0" dsy="1562" fd0="14819" fd1="2608" fd2="-696" filter-width="4" id="h07-030a-04" lbs="593" lbx="0" lby="1522" segmentation="ok" slant="58000" stroke-width="5721" threshold="148" text="undertaken the building and letting of the" ubs="748" ubx="0" uby="1495">
      <word id="h07-030a-04-00" tag="VBN" text="undertaken">
        <cmp x="352" y="1476" width="111" height="50" />
        <cmp x="472" y="1476" width="98" height="49" />
        <cmp x="588" y="1448" width="44" height="65" />
        <cmp x="611" y="1485" width="49" height="31" />
        <cmp x="670" y="1454" width="35" height="65" />
        <cmp x="696" y="1491" width="91" height="25" />
      </word>
      <word id="h07-030a-04-01" tag="ATI" text="the">
        <cmp x="867" y="1445" width="36" height="69" />
        <cmp x="904" y="1450" width="52" height="55" />
      </word>
      <word id="h07-030a-04-02" tag="NN" text="building">
        <cmp x="1020" y="1448" width="86" height="71" />
        <cmp x="1106" y="1495" width="19" height="23" />
        <cmp x="1126" y="1462" width="9" height="11" />
        <cmp x="1138" y="1459" width="36" height="59" />
        <cmp x="1150" y="1467" width="68" height="49" />
        <cmp x="1230" y="1472" width="5" height="8" />
        <cmp x="1239" y="1486" width="37" height="26" />
        <cmp x="1269" y="1489" width="51" height="60" />
      </word>
      <word id="h07-030a-04-03" tag="CC" text="and">
        <cmp x="1402" y="1472" width="135" height="40" />
      </word>
      <word id="h07-030a-04-04" tag="NN" text="letting">
        <cmp x="1614" y="1443" width="37" height="67" />
        <cmp x="1672" y="1448" width="49" height="59" />
        <cmp x="1715" y="1476" width="21" height="22" />
        <cmp x="1742" y="1454" width="6" height="4" />
        <cmp x="1743" y="1482" width="37" height="23" />
        <cmp x="1769" y="1476" width="50" height="67" />
      </word>
      <word id="h07-030a-04-05" tag="INO" text="of">
        <cmp x="1858" y="1451" width="80" height="78" />
      </word>
      <word id="h07-030a-04-06" tag="ATI" text="the">
        <cmp x="1978" y="1445" width="56" height="54" />
        <cmp x="2020" y="1450" width="52" height="54" />
      </word>
      <upper-contour>
        <point x="361" y="1357" />
        <point x="2073" y="1357" />
      </upper-contour>
      <lower-contour>
        <point x="362" y="1550" />
        <point x="2073" y="1550" />
      </lower-contour>
    </line>
    <line ass="449" asx="0" asy="1633" character-width="999" dss="449" dsx="0" dsy="1726" fd0="14432" fd1="2384" fd2="-817" filter-width="3" id="h07-030a-05" lbs="604" lbx="0" lby="1703" segmentation="ok" slant="53000" stroke-width="5704" threshold="146" text="shops. But corporations have generally found it" ubs="139" ubx="0" uby="1664">
      <word id="h07-030a-05-00" tag="NNS" text="shops">
        <cmp x="364" y="1660" width="30" height="52" />
        <cmp x="397" y="1638" width="35" height="56" />
        <cmp x="421" y="1665" width="46" height="32" />
        <cmp x="456" y="1661" width="41" height="57" />
        <cmp x="500" y="1659" width="24" height="36" />
      </word>
      <word id="h07-030a-05-01" tag="." text=".">
        <cmp x="544" y="1690" width="9" height="16" />
      </word>
      <word id="h07-030a-05-02" sentence-start="yes" tag="CC" text="But">
        <cmp x="609" y="1635" width="26" height="57" />
        <cmp x="618" y="1628" width="76" height="64" />
        <cmp x="695" y="1631" width="48" height="53" />
      </word>
      <word id="h07-030a-05-03" tag="NNS" text="corporations">
        <cmp x="771" y="1659" width="36" height="38" />
        <cmp x="800" y="1666" width="66" height="31" />
        <cmp x="863" y="1648" width="65" height="73" />
        <cmp x="923" y="1658" width="27" height="23" />
        <cmp x="926" y="1658" width="111" height="34" />
        <cmp x="1038" y="1642" width="54" height="55" />
        <cmp x="1104" y="1647" width="7" height="11" />
        <cmp x="1112" y="1656" width="81" height="32" />
        <cmp x="1202" y="1658" width="24" height="32" />
        <cmp x="1215" y="1658" width="6" height="3" />
      </word>
      <word id="h07-030a-05-04" tag="HV" text="have">
        <cmp x="1283" y="1622" width="75" height="59" />
        <cmp x="1366" y="1652" width="66" height="32" />
      </word>
      <word id="h07-030a-05-05" tag="RB" text="generally">
        <cmp x="1495" y="1651" width="221" height="58" />
        <cmp x="1741" y="1628" width="55" height="54" />
        <cmp x="1779" y="1660" width="52" height="52" />
      </word>
      <word id="h07-030a-05-06" tag="VBN" text="found">
        <cmp x="1869" y="1620" width="126" height="87" />
        <cmp x="2006" y="1648" width="73" height="40" />
      </word>
      <word id="h07-030a-05-07" tag="PP3" text="it">
        <cmp x="2107" y="1660" width="24" height="30" />
        <cmp x="2132" y="1639" width="5" height="12" />
        <cmp x="2147" y="1636" width="44" height="46" />
      </word>
      <upper-contour>
        <point x="362" y="1550" />
        <point x="2073" y="1550" />
      </upper-contour>
      <lower-contour>
        <point x="362" y="1720" />
        <point x="2150" y="1720" />
      </lower-contour>
    </line>
    <line ass="576" asx="0" asy="1811" character-width="999" dss="576" dsx="0" dsy="1923" fd0="14617" fd1="2555" fd2="-1088" filter-width="3" id="h07-030a-06" lbs="610" lbx="0" lby="1884" segmentation="ok" slant="54000" stroke-width="5685" threshold="150" text="more satisfactory to build themselves, leasing the" ubs="507" ubx="0" uby="1853">
      <word id="h07-030a-06-00" tag="QL" text="more">
        <cmp x="350" y="1845" width="63" height="39" />
        <cmp x="419" y="1846" width="34" height="33" />
        <cmp x="453" y="1852" width="71" height="31" />
      </word>
      <word id="h07-030a-06-01" tag="JJ" text="satisfactory">
        <cmp x="604" y="1832" width="34" height="53" />
        <cmp x="644" y="1841" width="41" height="36" />
        <cmp x="688" y="1810" width="46" height="55" />
        <cmp x="744" y="1819" width="8" height="18" />
        <cmp x="753" y="1842" width="24" height="35" />
        <cmp x="777" y="1814" width="203" height="74" />
        <cmp x="945" y="1845" width="84" height="69" />
      </word>
      <word id="h07-030a-06-02" tag="TO" text="to">
        <cmp x="1059" y="1805" width="59" height="67" />
      </word>
      <word id="h07-030a-06-03" tag="VB" text="build">
        <cmp x="1174" y="1799" width="65" height="69" />
        <cmp x="1243" y="1847" width="19" height="24" />
        <cmp x="1262" y="1824" width="7" height="6" />
        <cmp x="1273" y="1821" width="58" height="50" />
      </word>
      <word id="h07-030a-06-04" tag="PPLS" text="themselves">
        <cmp x="1386" y="1814" width="41" height="60" />
        <cmp x="1418" y="1821" width="121" height="48" />
        <cmp x="1553" y="1815" width="110" height="63" />
        <cmp x="1661" y="1840" width="44" height="28" />
        <cmp x="1698" y="1842" width="34" height="41" />
      </word>
      <word id="h07-030a-06-05" tag="," text=",">
        <cmp x="1729" y="1873" width="30" height="29" />
      </word>
      <word id="h07-030a-06-06" tag="VBG" text="leasing">
        <cmp x="1796" y="1804" width="53" height="68" />
        <cmp x="1842" y="1837" width="43" height="26" />
        <cmp x="1885" y="1831" width="26" height="36" />
        <cmp x="1916" y="1840" width="12" height="17" />
        <cmp x="1940" y="1815" width="7" height="7" />
        <cmp x="1945" y="1837" width="38" height="21" />
        <cmp x="1972" y="1838" width="42" height="55" />
      </word>
      <word id="h07-030a-06-07" tag="ATI" text="the">
        <cmp x="2057" y="1793" width="92" height="71" />
      </word>
      <upper-contour>
        <point x="362" y="1720" />
        <point x="2150" y="1720" />
      </upper-contour>
      <lower-contour>
        <point x="362" y="1914" />
        <point x="2099" y="1914" />
      </lower-contour>
    </line>
    <line ass="534" asx="0" asy="1981" character-width="999" dss="534" dsx="0" dsy="2087" fd0="14585" fd1="3150" fd2="-358" filter-width="4" id="h07-030a-07" lbs="524" lbx="0" lby="2057" segmentation="ok" slant="57000" stroke-width="5758" threshold="150" text="shops to traders, with breaks in the lease to" ubs="555" ubx="0" uby="2025">
      <word id="h07-030a-07-00" tag="NNS" text="shops">
        <cmp x="364" y="2007" width="34" height="62" />
        <cmp x="399" y="1994" width="36" height="53" />
        <cmp x="423" y="2025" width="43" height="32" />
        <cmp x="456" y="2020" width="40" height="57" />
        <cmp x="497" y="2021" width="20" height="36" />
      </word>
      <word id="h07-030a-07-01" tag="IN" text="to">
        <cmp x="588" y="1977" width="57" height="75" />
      </word>
      <word id="h07-030a-07-02" tag="NNS" text="traders">
        <cmp x="682" y="1980" width="43" height="71" />
        <cmp x="707" y="1997" width="160" height="56" />
        <cmp x="865" y="2010" width="23" height="43" />
      </word>
      <word id="h07-030a-07-03" tag="," text=",">
        <cmp x="893" y="2041" width="28" height="38" />
      </word>
      <word id="h07-030a-07-04" tag="IN" text="with">
        <cmp x="967" y="2008" width="66" height="37" />
        <cmp x="1042" y="2023" width="19" height="23" />
        <cmp x="1065" y="1995" width="9" height="11" />
        <cmp x="1078" y="1986" width="45" height="50" />
        <cmp x="1115" y="1992" width="41" height="46" />
      </word>
      <word id="h07-030a-07-05" tag="NNS" text="breaks">
        <cmp x="1227" y="1972" width="48" height="81" />
        <cmp x="1260" y="2018" width="95" height="33" />
        <cmp x="1362" y="1985" width="42" height="62" />
        <cmp x="1403" y="2010" width="24" height="35" />
      </word>
      <word id="h07-030a-07-06" tag="IN" text="in">
        <cmp x="1497" y="2016" width="29" height="37" />
        <cmp x="1520" y="2002" width="9" height="13" />
        <cmp x="1533" y="2028" width="40" height="33" />
      </word>
      <word id="h07-030a-07-07" tag="ATI" text="the">
        <cmp x="1641" y="1987" width="53" height="63" />
        <cmp x="1689" y="2001" width="53" height="42" />
      </word>
      <word id="h07-030a-07-08" tag="NN" text="lease">
        <cmp x="1815" y="1982" width="114" height="60" />
        <cmp x="1944" y="2009" width="38" height="34" />
      </word>
      <word id="h07-030a-07-09" tag="TO" text="to">
        <cmp x="2030" y="1975" width="68" height="64" />
      </word>
      <upper-contour>
        <point x="362" y="1914" />
        <point x="2099" y="1914" />
      </upper-contour>
      <lower-contour>
        <point x="362" y="2078" />
        <point x="2099" y="2078" />
      </lower-contour>
    </line>
    <line ass="282" asx="0" asy="2161" character-width="999" dss="282" dsx="0" dsy="2246" fd0="14861" fd1="3100" fd2="-96" filter-width="4" id="h07-030a-08" lbs="217" lbx="0" lby="2231" segmentation="ok" slant="58000" stroke-width="5811" threshold="147" text="enable rents to be increased in scale with" ubs="411" ubx="0" uby="2205">
      <word id="h07-030a-08-00" tag="VB" text="enable">
        <cmp x="360" y="2197" width="36" height="35" />
        <cmp x="408" y="2204" width="93" height="29" />
        <cmp x="510" y="2168" width="91" height="66" />
      </word>
      <word id="h07-030a-08-01" tag="NNS" text="rents">
        <cmp x="691" y="2189" width="115" height="54" />
        <cmp x="821" y="2169" width="43" height="52" />
        <cmp x="862" y="2204" width="15" height="27" />
      </word>
      <word id="h07-030a-08-02" tag="TO" text="to">
        <cmp x="955" y="2168" width="42" height="65" />
        <cmp x="991" y="2202" width="27" height="26" />
      </word>
      <word id="h07-030a-08-03" tag="BE" text="be">
        <cmp x="1077" y="2156" width="52" height="70" />
      </word>
      <word id="h07-030a-08-04" tag="VBN" text="increased">
        <cmp x="1195" y="2198" width="21" height="24" />
        <cmp x="1215" y="2181" width="9" height="19" />
        <cmp x="1225" y="2202" width="40" height="26" />
        <cmp x="1286" y="2190" width="25" height="38" />
        <cmp x="1331" y="2184" width="51" height="39" />
        <cmp x="1403" y="2183" width="33" height="34" />
        <cmp x="1447" y="2190" width="34" height="41" />
        <cmp x="1480" y="2192" width="82" height="42" />
      </word>
      <word id="h07-030a-08-05" tag="IN" text="in">
        <cmp x="1638" y="2200" width="25" height="36" />
        <cmp x="1662" y="2187" width="11" height="7" />
        <cmp x="1664" y="2213" width="34" height="20" />
      </word>
      <word id="h07-030a-08-06" tag="NN" text="scale">
        <cmp x="1766" y="2186" width="35" height="46" />
        <cmp x="1800" y="2193" width="63" height="38" />
        <cmp x="1870" y="2177" width="60" height="50" />
      </word>
      <word id="h07-030a-08-07" tag="IN" text="with">
        <cmp x="1991" y="2186" width="64" height="32" />
        <cmp x="2066" y="2193" width="23" height="22" />
        <cmp x="2092" y="2165" width="67" height="50" />
        <cmp x="2096" y="2156" width="8" height="12" />
        <cmp x="2144" y="2196" width="16" height="29" />
      </word>
      <upper-contour>
        <point x="362" y="2078" />
        <point x="2099" y="2078" />
      </upper-contour>
      <lower-contour>
        <point x="364" y="2242" />
        <point x="1806" y="2242" />
      </lower-contour>
    </line>
    <line ass="112" asx="0" asy="2339" character-width="999" dss="112" dsx="0" dsy="2461" fd0="14411" fd1="2472" fd2="-596" filter-width="4" id="h07-030a-09" lbs="175" lbx="0" lby="2421" segmentation="ok" slant="61000" stroke-width="5776" threshold="148" text="the rising prosperity of the town." ubs="-13" ubx="0" uby="2389">
      <word id="h07-030a-09-00" tag="ATI" text="the">
        <cmp x="366" y="2339" width="50" height="96" />
        <cmp x="412" y="2342" width="54" height="80" />
      </word>
      <word id="h07-030a-09-01" tag="JJ" text="rising">
        <cmp x="535" y="2385" width="66" height="39" />
        <cmp x="601" y="2361" width="13" height="15" />
        <cmp x="613" y="2388" width="29" height="32" />
        <cmp x="659" y="2388" width="24" height="29" />
        <cmp x="684" y="2370" width="7" height="19" />
        <cmp x="688" y="2395" width="82" height="66" />
      </word>
      <word id="h07-030a-09-02" tag="NN" text="prosperity">
        <cmp x="832" y="2369" width="55" height="68" />
        <cmp x="882" y="2378" width="62" height="34" />
        <cmp x="947" y="2385" width="25" height="40" />
        <cmp x="970" y="2373" width="108" height="69" />
        <cmp x="1087" y="2389" width="19" height="14" />
        <cmp x="1103" y="2362" width="12" height="6" />
        <cmp x="1120" y="2348" width="96" height="103" />
      </word>
      <word id="h07-030a-09-03" tag="INO" text="of">
        <cmp x="1264" y="2357" width="80" height="67" />
      </word>
      <word id="h07-030a-09-04" tag="ATI" text="the">
        <cmp x="1408" y="2352" width="108" height="68" />
      </word>
      <word id="h07-030a-09-05" tag="NN" text="town">
        <cmp x="1581" y="2352" width="180" height="66" />
      </word>
      <word id="h07-030a-09-06" tag="." text=".">
        <cmp x="1791" y="2408" width="12" height="9" />
      </word>
      <upper-contour>
        <point x="364" y="2242" />
        <point x="1806" y="2242" />
      </upper-contour>
    </line>
  </handwritten-part>
</form>

