<?xml version="1.0" encoding="ISO-8859-1"?>

<!DOCTYPE form SYSTEM 'http://www.iam.unibe.ch/~fki/iamdb/form-metadata.dtd'>

<form created="2002-04-11" height="3542" id="h07-071a" last-modified="2002-07-17" skew="254" status="final" version="3.0_beta" width="2479" writer-id="390">
  <machine-printed-part>
    <machine-print-line text="During this period, when large numbers of school-leavers will be looking for jobs," />
    <machine-print-line text="there will be relatively few retirements. For the most part therefore local employment" />
    <machine-print-line text="can be provided only by the expansion of existing industry and the introduction of" />
    <machine-print-line text="new factories, laboratories and offices, and the expected but not easily stimulated" />
    <machine-print-line text="development of the service industries. Schemes for training young people in industry" />
    <machine-print-line text="and commerce will be particularly important in the new towns." />
  </machine-printed-part>
  <handwritten-part>
    <line ass="445" asx="0" asy="719" character-width="999" dss="445" dsx="0" dsy="870" fd0="13155" fd1="2442" fd2="-1287" filter-width="4" id="h07-071a-00" lbs="510" lbx="0" lby="802" segmentation="ok" slant="85000" stroke-width="6527" threshold="165" text="During this period, when large numbers of school-" ubs="316" ubx="0" uby="759">
      <word id="h07-071a-00-00" sentence-start="yes" tag="IN" text="During">
        <cmp x="330" y="738" width="83" height="73" />
        <cmp x="417" y="768" width="21" height="27" />
        <cmp x="445" y="766" width="11" height="32" />
        <cmp x="449" y="749" width="7" height="13" />
        <cmp x="460" y="765" width="30" height="37" />
        <cmp x="491" y="769" width="26" height="87" />
      </word>
      <word id="h07-071a-00-01" tag="DT" text="this">
        <cmp x="596" y="716" width="85" height="97" />
        <cmp x="673" y="733" width="4" height="4" />
        <cmp x="677" y="759" width="29" height="45" />
      </word>
      <word id="h07-071a-00-02" tag="NN" text="period">
        <cmp x="727" y="750" width="91" height="95" />
        <cmp x="808" y="758" width="37" height="36" />
        <cmp x="845" y="753" width="13" height="41" />
        <cmp x="851" y="726" width="5" height="4" />
        <cmp x="871" y="719" width="79" height="72" />
      </word>
      <word id="h07-071a-00-03" tag="," text=",">
        <cmp x="999" y="772" width="11" height="30" />
      </word>
      <word id="h07-071a-00-04" tag="WRB" text="when">
        <cmp x="1026" y="748" width="57" height="47" />
        <cmp x="1090" y="713" width="77" height="83" />
      </word>
      <word id="h07-071a-00-05" tag="JJ" text="large">
        <cmp x="1232" y="720" width="46" height="79" />
        <cmp x="1282" y="757" width="23" height="35" />
        <cmp x="1288" y="757" width="65" height="94" />
      </word>
      <word id="h07-071a-00-06" tag="NNS" text="numbers">
        <cmp x="1415" y="742" width="64" height="53" />
        <cmp x="1481" y="747" width="33" height="48" />
        <cmp x="1526" y="712" width="78" height="87" />
        <cmp x="1606" y="749" width="25" height="46" />
      </word>
      <word id="h07-071a-00-07" tag="INO" text="of">
        <cmp x="1684" y="715" width="76" height="143" />
      </word>
      <word id="h07-071a-00-08" tag="NNS--" text="school-">
        <cmp x="1818" y="706" width="123" height="96" />
        <cmp x="1862" y="783" width="6" height="8" />
        <cmp x="1947" y="705" width="24" height="74" />
        <cmp x="2016" y="750" width="27" height="6" />
      </word>
      <lower-contour>
        <point x="356" y="860" />
        <point x="1895" y="860" />
      </lower-contour>
    </line>
    <line ass="682" asx="0" asy="897" character-width="999" dss="682" dsx="0" dsy="1060" fd0="12850" fd1="2376" fd2="-1242" filter-width="4" id="h07-071a-01" lbs="790" lbx="0" lby="985" segmentation="ok" slant="80000" stroke-width="6579" threshold="163" text="leavers will be looking for jobs, there will be" ubs="467" ubx="0" uby="940">
      <word id="h07-071a-01-00" tag="-NNS" text="leavers">
        <cmp x="358" y="902" width="126" height="87" />
        <cmp x="486" y="932" width="69" height="51" />
        <cmp x="556" y="935" width="30" height="54" />
        <cmp x="579" y="937" width="4" height="4" />
      </word>
      <word id="h07-071a-01-01" tag="MD" text="will">
        <cmp x="638" y="933" width="54" height="43" />
        <cmp x="697" y="906" width="6" height="11" />
        <cmp x="697" y="940" width="10" height="40" />
        <cmp x="718" y="900" width="15" height="65" />
        <cmp x="733" y="901" width="17" height="62" />
      </word>
      <word id="h07-071a-01-02" tag="BE" text="be">
        <cmp x="826" y="893" width="60" height="83" />
      </word>
      <word id="h07-071a-01-03" tag="VBG" text="looking">
        <cmp x="924" y="886" width="119" height="87" />
        <cmp x="1036" y="905" width="9" height="8" />
        <cmp x="1043" y="939" width="63" height="110" />
        <cmp x="1052" y="937" width="5" height="5" />
      </word>
      <word id="h07-071a-01-04" tag="IN" text="for">
        <cmp x="1193" y="890" width="62" height="129" />
        <cmp x="1263" y="934" width="23" height="29" />
      </word>
      <word id="h07-071a-01-05" tag="NNS" text="jobs">
        <cmp x="1344" y="942" width="17" height="65" />
        <cmp x="1348" y="905" width="8" height="21" />
        <cmp x="1365" y="899" width="81" height="82" />
        <cmp x="1435" y="933" width="8" height="4" />
      </word>
      <word id="h07-071a-01-06" tag="," text=",">
        <cmp x="1445" y="955" width="14" height="39" />
      </word>
      <word id="h07-071a-01-07" tag="EX" text="there">
        <cmp x="1485" y="889" width="134" height="91" />
      </word>
      <word id="h07-071a-01-08" tag="MD" text="will">
        <cmp x="1672" y="931" width="52" height="37" />
        <cmp x="1726" y="933" width="12" height="37" />
        <cmp x="1733" y="900" width="6" height="7" />
        <cmp x="1749" y="891" width="34" height="67" />
      </word>
      <word id="h07-071a-01-09" tag="BE" text="be">
        <cmp x="1836" y="890" width="58" height="77" />
      </word>
      <upper-contour>
        <point x="356" y="860" />
        <point x="1895" y="860" />
      </upper-contour>
      <lower-contour>
        <point x="356" y="1049" />
        <point x="1895" y="1049" />
      </lower-contour>
    </line>
    <line ass="516" asx="0" asy="1081" character-width="999" dss="516" dsx="0" dsy="1201" fd0="12916" fd1="2431" fd2="-1667" filter-width="4" id="h07-071a-02" lbs="546" lbx="0" lby="1167" segmentation="ok" slant="81000" stroke-width="6486" threshold="163" text="relatively few retirements. For the most part therefore" ubs="456" ubx="0" uby="1120">
      <word id="h07-071a-02-00" tag="RB" text="relatively">
        <cmp x="358" y="1094" width="98" height="75" />
        <cmp x="458" y="1096" width="22" height="69" />
        <cmp x="486" y="1124" width="10" height="47" />
        <cmp x="489" y="1096" width="6" height="7" />
        <cmp x="507" y="1091" width="78" height="72" />
        <cmp x="587" y="1125" width="43" height="70" />
      </word>
      <word id="h07-071a-02-01" tag="AP" text="few">
        <cmp x="697" y="1081" width="102" height="106" />
      </word>
      <word id="h07-071a-02-02" tag="NNS" text="retirements">
        <cmp x="829" y="1120" width="47" height="49" />
        <cmp x="882" y="1091" width="38" height="74" />
        <cmp x="911" y="1089" width="5" height="4" />
        <cmp x="932" y="1113" width="165" height="50" />
        <cmp x="1104" y="1079" width="33" height="81" />
        <cmp x="1127" y="1108" width="45" height="50" />
      </word>
      <word id="h07-071a-02-03" tag="." text=".">
        <cmp x="1202" y="1136" width="8" height="8" />
      </word>
      <word id="h07-071a-02-04" sentence-start="yes" tag="IN" text="For">
        <cmp x="1232" y="1085" width="117" height="62" />
      </word>
      <word id="h07-071a-02-05" tag="ATI" text="the">
        <cmp x="1417" y="1122" width="7" height="7" />
        <cmp x="1425" y="1067" width="73" height="88" />
      </word>
      <word id="h07-071a-02-06" tag="AP" text="most">
        <cmp x="1557" y="1103" width="96" height="60" />
        <cmp x="1661" y="1077" width="27" height="77" />
      </word>
      <word id="h07-071a-02-07" tag="NN" text="part">
        <cmp x="1747" y="1099" width="79" height="80" />
        <cmp x="1830" y="1112" width="23" height="33" />
        <cmp x="1855" y="1079" width="13" height="73" />
      </word>
      <word id="h07-071a-02-08" tag="RB" text="therefore">
        <cmp x="1931" y="1067" width="34" height="77" />
        <cmp x="1972" y="1068" width="38" height="77" />
        <cmp x="2009" y="1104" width="55" height="38" />
        <cmp x="2071" y="1071" width="62" height="105" />
        <cmp x="2136" y="1110" width="28" height="38" />
      </word>
      <upper-contour>
        <point x="356" y="1049" />
        <point x="1895" y="1049" />
      </upper-contour>
      <lower-contour>
        <point x="368" y="1194" />
        <point x="2083" y="1194" />
      </lower-contour>
    </line>
    <line ass="316" asx="0" asy="1253" character-width="999" dss="316" dsx="0" dsy="1387" fd0="13023" fd1="2392" fd2="-1241" filter-width="4" id="h07-071a-03" lbs="131" lbx="0" lby="1336" segmentation="ok" slant="81000" stroke-width="6480" threshold="166" text="local employment can be provided only by the" ubs="685" ubx="0" uby="1303">
      <word id="h07-071a-03-00" tag="JJ" text="local">
        <cmp x="370" y="1265" width="13" height="76" />
        <cmp x="381" y="1296" width="98" height="45" />
        <cmp x="486" y="1268" width="24" height="68" />
      </word>
      <word id="h07-071a-03-01" tag="NN" text="employment">
        <cmp x="560" y="1284" width="76" height="52" />
        <cmp x="642" y="1296" width="33" height="87" />
        <cmp x="685" y="1262" width="18" height="78" />
        <cmp x="704" y="1297" width="59" height="74" />
        <cmp x="766" y="1302" width="47" height="39" />
        <cmp x="816" y="1263" width="93" height="83" />
      </word>
      <word id="h07-071a-03-02" tag="MD" text="can">
        <cmp x="988" y="1284" width="69" height="47" />
        <cmp x="1018" y="1287" width="5" height="8" />
        <cmp x="1063" y="1294" width="29" height="37" />
      </word>
      <word id="h07-071a-03-03" tag="BE" text="be">
        <cmp x="1169" y="1256" width="63" height="85" />
      </word>
      <word id="h07-071a-03-04" tag="VBN" text="provided">
        <cmp x="1314" y="1292" width="57" height="79" />
        <cmp x="1367" y="1299" width="61" height="38" />
        <cmp x="1430" y="1300" width="27" height="32" />
        <cmp x="1463" y="1293" width="10" height="41" />
        <cmp x="1468" y="1268" width="7" height="6" />
        <cmp x="1490" y="1263" width="134" height="71" />
      </word>
      <word id="h07-071a-03-05" tag="RB" text="only">
        <cmp x="1688" y="1290" width="30" height="37" />
        <cmp x="1716" y="1294" width="25" height="28" />
        <cmp x="1748" y="1260" width="19" height="55" />
        <cmp x="1778" y="1289" width="24" height="74" />
      </word>
      <word id="h07-071a-03-06" tag="IN" text="by">
        <cmp x="1857" y="1312" width="7" height="7" />
        <cmp x="1857" y="1266" width="78" height="93" />
      </word>
      <word id="h07-071a-03-07" tag="ATI" text="the">
        <cmp x="1977" y="1242" width="75" height="86" />
        <cmp x="2052" y="1283" width="30" height="34" />
      </word>
      <upper-contour>
        <point x="368" y="1194" />
        <point x="2083" y="1194" />
      </upper-contour>
      <lower-contour>
        <point x="368" y="1382" />
        <point x="2083" y="1382" />
      </lower-contour>
    </line>
    <line ass="256" asx="0" asy="1432" character-width="999" dss="256" dsx="0" dsy="1588" fd0="12938" fd1="2414" fd2="-1503" filter-width="4" id="h07-071a-04" lbs="215" lbx="0" lby="1511" segmentation="ok" slant="84000" stroke-width="6577" threshold="162" text="expansion of existing industry and the introduction" ubs="340" ubx="0" uby="1478">
      <word id="h07-071a-04-00" tag="NN" text="expansion">
        <cmp x="359" y="1482" width="43" height="39" />
        <cmp x="377" y="1479" width="12" height="5" />
        <cmp x="390" y="1479" width="8" height="5" />
        <cmp x="395" y="1508" width="12" height="8" />
        <cmp x="410" y="1479" width="4" height="4" />
        <cmp x="414" y="1476" width="39" height="43" />
        <cmp x="463" y="1478" width="41" height="105" />
        <cmp x="509" y="1479" width="40" height="37" />
        <cmp x="552" y="1475" width="69" height="40" />
        <cmp x="614" y="1451" width="8" height="5" />
        <cmp x="629" y="1483" width="33" height="31" />
        <cmp x="671" y="1475" width="28" height="39" />
      </word>
      <word id="h07-071a-04-01" tag="INO" text="of">
        <cmp x="774" y="1437" width="63" height="121" />
        <cmp x="801" y="1478" width="5" height="8" />
      </word>
      <word id="h07-071a-04-02" tag="JJ" text="existing">
        <cmp x="900" y="1475" width="46" height="55" />
        <cmp x="945" y="1483" width="32" height="38" />
        <cmp x="979" y="1460" width="9" height="7" />
        <cmp x="982" y="1477" width="31" height="47" />
        <cmp x="1018" y="1451" width="50" height="65" />
        <cmp x="1057" y="1449" width="6" height="10" />
        <cmp x="1061" y="1477" width="47" height="108" />
      </word>
      <word id="h07-071a-04-03" tag="NN" text="industry">
        <cmp x="1188" y="1473" width="11" height="43" />
        <cmp x="1193" y="1445" width="9" height="16" />
        <cmp x="1212" y="1437" width="76" height="78" />
        <cmp x="1293" y="1440" width="126" height="77" />
        <cmp x="1415" y="1469" width="45" height="70" />
      </word>
      <word id="h07-071a-04-04" tag="CC" text="and">
        <cmp x="1534" y="1464" width="50" height="49" />
        <cmp x="1582" y="1458" width="80" height="56" />
        <cmp x="1627" y="1470" width="11" height="7" />
        <cmp x="1637" y="1479" width="4" height="4" />
      </word>
      <word id="h07-071a-04-05" tag="ATI" text="the">
        <cmp x="1723" y="1436" width="87" height="71" />
      </word>
      <word id="h07-071a-04-06" tag="NN" text="introduction">
        <cmp x="1889" y="1465" width="13" height="37" />
        <cmp x="1896" y="1434" width="5" height="7" />
        <cmp x="1909" y="1426" width="74" height="84" />
        <cmp x="1993" y="1447" width="101" height="66" />
        <cmp x="2091" y="1445" width="117" height="69" />
        <cmp x="2117" y="1437" width="4" height="8" />
      </word>
      <upper-contour>
        <point x="368" y="1382" />
        <point x="2083" y="1382" />
      </upper-contour>
      <lower-contour>
        <point x="376" y="1585" />
        <point x="2067" y="1585" />
      </lower-contour>
    </line>
    <line ass="726" asx="0" asy="1621" character-width="999" dss="726" dsx="0" dsy="1747" fd0="12902" fd1="2307" fd2="-1582" filter-width="4" id="h07-071a-05" lbs="831" lbx="0" lby="1712" segmentation="ok" slant="83000" stroke-width="6609" threshold="158" text="of new factories, laboratories and offices, and" ubs="517" ubx="0" uby="1667">
      <word id="h07-071a-05-00" tag="INO" text="of">
        <cmp x="378" y="1660" width="39" height="39" />
        <cmp x="417" y="1621" width="33" height="113" />
      </word>
      <word id="h07-071a-05-01" tag="JJ" text="new">
        <cmp x="510" y="1647" width="111" height="57" />
      </word>
      <word id="h07-071a-05-02" tag="NNS" text="factories">
        <cmp x="669" y="1623" width="48" height="106" />
        <cmp x="714" y="1657" width="41" height="38" />
        <cmp x="756" y="1661" width="46" height="44" />
        <cmp x="789" y="1660" width="5" height="5" />
        <cmp x="790" y="1630" width="102" height="76" />
        <cmp x="884" y="1624" width="6" height="8" />
        <cmp x="902" y="1647" width="71" height="47" />
      </word>
      <word id="h07-071a-05-03" tag="," text=",">
        <cmp x="995" y="1680" width="11" height="32" />
      </word>
      <word id="h07-071a-05-04" tag="NNS" text="laboratories">
        <cmp x="1069" y="1617" width="21" height="75" />
        <cmp x="1085" y="1656" width="36" height="38" />
        <cmp x="1109" y="1655" width="8" height="4" />
        <cmp x="1122" y="1624" width="72" height="75" />
        <cmp x="1195" y="1657" width="47" height="35" />
        <cmp x="1254" y="1622" width="46" height="77" />
        <cmp x="1301" y="1648" width="51" height="49" />
        <cmp x="1340" y="1616" width="7" height="7" />
        <cmp x="1355" y="1648" width="34" height="39" />
        <cmp x="1386" y="1637" width="33" height="58" />
      </word>
      <word id="h07-071a-05-05" tag="CC" text="and">
        <cmp x="1504" y="1636" width="123" height="67" />
      </word>
      <word id="h07-071a-05-06" tag="NNS" text="offices">
        <cmp x="1686" y="1645" width="36" height="37" />
        <cmp x="1722" y="1600" width="119" height="127" />
        <cmp x="1832" y="1646" width="7" height="6" />
        <cmp x="1841" y="1641" width="51" height="44" />
      </word>
      <word id="h07-071a-05-07" tag="," text=",">
        <cmp x="1899" y="1673" width="14" height="31" />
      </word>
      <word id="h07-071a-05-08" tag="CC" text="and">
        <cmp x="1943" y="1645" width="48" height="45" />
        <cmp x="1991" y="1618" width="75" height="75" />
      </word>
      <upper-contour>
        <point x="376" y="1585" />
        <point x="2067" y="1585" />
      </upper-contour>
      <lower-contour>
        <point x="376" y="1733" />
        <point x="2067" y="1733" />
      </lower-contour>
    </line>
    <line ass="-237" asx="0" asy="1782" character-width="999" dss="-237" dsx="0" dsy="1914" fd0="12875" fd1="2434" fd2="-1710" filter-width="4" id="h07-071a-06" lbs="-273" lbx="0" lby="1867" segmentation="ok" slant="85000" stroke-width="6680" threshold="160" text="the expected but not easily stimulated development" ubs="-165" ubx="0" uby="1829">
      <word id="h07-071a-06-00" tag="ATI" text="the">
        <cmp x="357" y="1796" width="43" height="75" />
        <cmp x="407" y="1793" width="27" height="73" />
        <cmp x="440" y="1829" width="28" height="35" />
      </word>
      <word id="h07-071a-06-01" tag="JJ" text="expected">
        <cmp x="518" y="1828" width="56" height="38" />
        <cmp x="534" y="1828" width="16" height="8" />
        <cmp x="566" y="1824" width="77" height="93" />
        <cmp x="644" y="1826" width="36" height="46" />
        <cmp x="685" y="1831" width="35" height="36" />
        <cmp x="718" y="1791" width="92" height="81" />
      </word>
      <word id="h07-071a-06-02" tag="CC" text="but">
        <cmp x="884" y="1793" width="75" height="87" />
        <cmp x="972" y="1800" width="14" height="88" />
      </word>
      <word id="h07-071a-06-03" tag="XNOT" text="not">
        <cmp x="1058" y="1835" width="67" height="46" />
        <cmp x="1128" y="1808" width="14" height="70" />
      </word>
      <word id="h07-071a-06-04" tag="RB" text="easily">
        <cmp x="1204" y="1830" width="101" height="51" />
        <cmp x="1300" y="1839" width="4" height="9" />
        <cmp x="1315" y="1838" width="12" height="30" />
        <cmp x="1319" y="1809" width="5" height="7" />
        <cmp x="1339" y="1800" width="18" height="73" />
        <cmp x="1358" y="1832" width="37" height="66" />
      </word>
      <word id="h07-071a-06-05" tag="JJ" text="stimulated">
        <cmp x="1429" y="1808" width="50" height="75" />
        <cmp x="1490" y="1833" width="15" height="36" />
        <cmp x="1492" y="1799" width="4" height="6" />
        <cmp x="1515" y="1836" width="45" height="39" />
        <cmp x="1567" y="1840" width="24" height="38" />
        <cmp x="1599" y="1799" width="20" height="78" />
        <cmp x="1625" y="1838" width="42" height="40" />
        <cmp x="1669" y="1803" width="47" height="72" />
        <cmp x="1709" y="1811" width="48" height="65" />
      </word>
      <word id="h07-071a-06-06" tag="NN" text="development">
        <cmp x="1831" y="1804" width="112" height="82" />
        <cmp x="1945" y="1791" width="47" height="81" />
        <cmp x="1993" y="1828" width="81" height="86" />
        <cmp x="2085" y="1828" width="83" height="47" />
        <cmp x="2166" y="1832" width="42" height="38" />
        <cmp x="2212" y="1792" width="22" height="86" />
      </word>
      <upper-contour>
        <point x="376" y="1733" />
        <point x="2067" y="1733" />
      </upper-contour>
      <lower-contour>
        <point x="376" y="1918" />
        <point x="2071" y="1918" />
      </lower-contour>
    </line>
    <line ass="579" asx="0" asy="1980" character-width="999" dss="579" dsx="0" dsy="2127" fd0="12913" fd1="2440" fd2="-1297" filter-width="4" id="h07-071a-07" lbs="693" lbx="0" lby="2066" segmentation="ok" slant="84000" stroke-width="6574" threshold="162" text="of the service industries. Schemes for training" ubs="349" ubx="0" uby="2019">
      <word id="h07-071a-07-00" tag="INO" text="of">
        <cmp x="378" y="1986" width="68" height="112" />
      </word>
      <word id="h07-071a-07-01" tag="ATI" text="the">
        <cmp x="503" y="1983" width="96" height="80" />
      </word>
      <word id="h07-071a-07-02" tag="NN" text="service">
        <cmp x="642" y="2012" width="60" height="55" />
        <cmp x="704" y="2017" width="63" height="34" />
        <cmp x="725" y="2012" width="5" height="6" />
        <cmp x="761" y="1994" width="6" height="6" />
        <cmp x="762" y="2015" width="4" height="5" />
        <cmp x="775" y="2018" width="45" height="39" />
        <cmp x="823" y="2008" width="32" height="35" />
      </word>
      <word id="h07-071a-07-03" tag="NNS" text="industries">
        <cmp x="928" y="1982" width="6" height="11" />
        <cmp x="934" y="2005" width="10" height="56" />
        <cmp x="955" y="1981" width="126" height="78" />
        <cmp x="1065" y="1969" width="110" height="91" />
        <cmp x="1165" y="1978" width="8" height="9" />
        <cmp x="1185" y="2005" width="34" height="42" />
        <cmp x="1220" y="2006" width="30" height="43" />
      </word>
      <word id="h07-071a-07-04" tag="." text=".">
        <cmp x="1278" y="2032" width="9" height="5" />
      </word>
      <word id="h07-071a-07-05" sentence-start="yes" tag="NNS" text="Schemes">
        <cmp x="1326" y="1970" width="31" height="74" />
        <cmp x="1356" y="1966" width="63" height="85" />
        <cmp x="1420" y="2005" width="141" height="64" />
      </word>
      <word id="h07-071a-07-06" tag="IN" text="for">
        <cmp x="1643" y="1969" width="68" height="121" />
        <cmp x="1648" y="2036" width="6" height="6" />
        <cmp x="1718" y="2011" width="19" height="29" />
      </word>
      <word id="h07-071a-07-07" tag="VBG" text="training">
        <cmp x="1800" y="1970" width="67" height="72" />
        <cmp x="1867" y="2009" width="44" height="39" />
        <cmp x="1919" y="2008" width="16" height="40" />
        <cmp x="1930" y="1982" width="7" height="20" />
        <cmp x="1947" y="2005" width="51" height="44" />
        <cmp x="1994" y="1982" width="5" height="9" />
        <cmp x="2005" y="2014" width="26" height="35" />
        <cmp x="2032" y="2020" width="37" height="86" />
      </word>
      <upper-contour>
        <point x="376" y="1918" />
        <point x="2071" y="1918" />
      </upper-contour>
      <lower-contour>
        <point x="376" y="2110" />
        <point x="2071" y="2110" />
      </lower-contour>
    </line>
    <line ass="1678" asx="0" asy="2183" character-width="999" dss="1678" dsx="0" dsy="2328" fd0="12845" fd1="2522" fd2="-1258" filter-width="4" id="h07-071a-08" lbs="1680" lbx="0" lby="2273" segmentation="ok" slant="83000" stroke-width="6652" threshold="161" text="young people in industry and commerce will" ubs="1676" ubx="0" uby="2231">
      <word id="h07-071a-08-00" tag="JJ" text="young">
        <cmp x="377" y="2200" width="47" height="87" />
        <cmp x="429" y="2200" width="83" height="56" />
        <cmp x="512" y="2205" width="43" height="107" />
      </word>
      <word id="h07-071a-08-01" tag="NNS" text="people">
        <cmp x="618" y="2201" width="126" height="93" />
        <cmp x="734" y="2200" width="53" height="91" />
        <cmp x="792" y="2166" width="55" height="86" />
        <cmp x="802" y="2159" width="5" height="6" />
      </word>
      <word id="h07-071a-08-02" tag="IN" text="in">
        <cmp x="921" y="2190" width="13" height="42" />
        <cmp x="922" y="2158" width="4" height="9" />
        <cmp x="943" y="2196" width="26" height="30" />
      </word>
      <word id="h07-071a-08-03" tag="NN" text="industry">
        <cmp x="1050" y="2162" width="4" height="14" />
        <cmp x="1053" y="2188" width="12" height="43" />
        <cmp x="1072" y="2186" width="22" height="49" />
        <cmp x="1105" y="2160" width="117" height="80" />
        <cmp x="1216" y="2149" width="39" height="78" />
        <cmp x="1259" y="2186" width="42" height="43" />
        <cmp x="1300" y="2191" width="41" height="78" />
      </word>
      <word id="h07-071a-08-04" tag="CC" text="and">
        <cmp x="1432" y="2149" width="117" height="78" />
      </word>
      <word id="h07-071a-08-05" tag="NN" text="commerce">
        <cmp x="1635" y="2177" width="38" height="47" />
        <cmp x="1666" y="2188" width="37" height="33" />
        <cmp x="1705" y="2180" width="49" height="43" />
        <cmp x="1759" y="2171" width="141" height="54" />
        <cmp x="1906" y="2175" width="36" height="47" />
      </word>
      <word id="h07-071a-08-06" tag="MD" text="will">
        <cmp x="1998" y="2185" width="60" height="45" />
        <cmp x="2060" y="2189" width="10" height="36" />
        <cmp x="2070" y="2144" width="7" height="9" />
        <cmp x="2086" y="2137" width="29" height="80" />
      </word>
      <upper-contour>
        <point x="376" y="2110" />
        <point x="2071" y="2110" />
      </upper-contour>
      <lower-contour>
        <point x="375" y="2311" />
        <point x="2078" y="2311" />
      </lower-contour>
    </line>
    <line ass="782" asx="0" asy="2340" character-width="999" dss="782" dsx="0" dsy="2484" fd0="13125" fd1="2627" fd2="-1106" filter-width="4" id="h07-071a-09" lbs="867" lbx="0" lby="2425" segmentation="ok" slant="82000" stroke-width="6536" threshold="161" text="be particularly important in the new towns." ubs="612" ubx="0" uby="2381">
      <word id="h07-071a-09-00" tag="BE" text="be">
        <cmp x="375" y="2335" width="71" height="79" />
      </word>
      <word id="h07-071a-09-01" tag="RB" text="particularly">
        <cmp x="501" y="2377" width="56" height="76" />
        <cmp x="572" y="2377" width="39" height="36" />
        <cmp x="611" y="2400" width="7" height="7" />
        <cmp x="627" y="2376" width="23" height="33" />
        <cmp x="658" y="2347" width="48" height="72" />
        <cmp x="698" y="2358" width="9" height="7" />
        <cmp x="716" y="2375" width="32" height="37" />
        <cmp x="753" y="2378" width="40" height="36" />
        <cmp x="796" y="2339" width="112" height="127" />
      </word>
      <word id="h07-071a-09-02" tag="JJ" text="important">
        <cmp x="998" y="2367" width="14" height="46" />
        <cmp x="1001" y="2348" width="6" height="10" />
        <cmp x="1019" y="2370" width="43" height="46" />
        <cmp x="1077" y="2357" width="46" height="113" />
        <cmp x="1133" y="2371" width="32" height="44" />
        <cmp x="1167" y="2360" width="33" height="51" />
        <cmp x="1199" y="2342" width="19" height="83" />
        <cmp x="1221" y="2372" width="75" height="43" />
        <cmp x="1296" y="2341" width="23" height="81" />
        <cmp x="1314" y="2332" width="6" height="7" />
        <cmp x="1319" y="2347" width="4" height="9" />
      </word>
      <word id="h07-071a-09-03" tag="IN" text="in">
        <cmp x="1416" y="2362" width="12" height="42" />
        <cmp x="1418" y="2333" width="5" height="15" />
        <cmp x="1444" y="2372" width="21" height="43" />
      </word>
      <word id="h07-071a-09-04" tag="ATI" text="the">
        <cmp x="1534" y="2326" width="78" height="86" />
      </word>
      <word id="h07-071a-09-05" tag="JJ" text="new">
        <cmp x="1694" y="2351" width="35" height="46" />
        <cmp x="1738" y="2355" width="35" height="46" />
        <cmp x="1771" y="2364" width="55" height="40" />
      </word>
      <word id="h07-071a-09-06" tag="NNS" text="towns">
        <cmp x="1875" y="2319" width="118" height="78" />
        <cmp x="1993" y="2346" width="72" height="55" />
      </word>
      <word id="h07-071a-09-07" tag="." text=".">
        <cmp x="2070" y="2382" width="8" height="6" />
      </word>
      <upper-contour>
        <point x="375" y="2311" />
        <point x="2078" y="2311" />
      </upper-contour>
    </line>
  </handwritten-part>
</form>

