<?xml version="1.0" encoding="ISO-8859-1"?>

<!DOCTYPE form SYSTEM 'http://www.iam.unibe.ch/~fki/iamdb/form-metadata.dtd'>

<form created="2002-04-11" height="3542" id="h07-071" last-modified="2002-07-17" skew="349" status="final" version="3.0_beta" width="2479" writer-id="391">
  <machine-printed-part>
    <machine-print-line text="During this period, when large numbers of school-leavers will be looking for jobs," />
    <machine-print-line text="there will be relatively few retirements. For the most part therefore local employment" />
    <machine-print-line text="can be provided only by the expansion of existing industry and the introduction of" />
    <machine-print-line text="new factories, laboratories and offices, and the expected but not easily stimulated" />
    <machine-print-line text="development of the service industries. Schemes for training young people in industry" />
    <machine-print-line text="and commerce will be particularly important in the new towns." />
  </machine-printed-part>
  <handwritten-part>
    <line ass="615" asx="0" asy="862" character-width="999" dss="615" dsx="0" dsy="977" fd0="14521" fd1="3226" fd2="-288" filter-width="4" id="h07-071-00" lbs="659" lbx="0" lby="930" segmentation="err" slant="59000" stroke-width="5934" threshold="172" text="During this period, when large numbers of school-" ubs="526" ubx="0" uby="899">
      <word id="h07-071-00-00" sentence-start="yes" tag="IN" text="During">
        <cmp x="355" y="862" width="43" height="75" />
        <cmp x="387" y="903" width="88" height="25" />
        <cmp x="481" y="903" width="33" height="17" />
        <cmp x="488" y="873" width="4" height="7" />
        <cmp x="489" y="898" width="60" height="72" />
      </word>
      <word id="h07-071-00-01" tag="DT" text="this">
        <cmp x="617" y="862" width="77" height="59" />
        <cmp x="699" y="892" width="17" height="30" />
      </word>
      <word id="h07-071-00-02" tag="NN" text="period">
        <cmp x="769" y="889" width="61" height="51" />
        <cmp x="831" y="887" width="81" height="34" />
        <cmp x="917" y="891" width="33" height="23" />
        <cmp x="929" y="866" width="4" height="5" />
        <cmp x="951" y="861" width="60" height="55" />
      </word>
      <word id="h07-071-00-03" tag="," text=",">
        <cmp x="1065" y="884" width="46" height="29" />
      </word>
      <word id="h07-071-00-04" tag="WRB" text="when">
        <cmp x="1111" y="858" width="103" height="56" />
      </word>
      <word id="h07-071-00-05" tag="JJ" text="large">
        <cmp x="1273" y="850" width="49" height="58" />
        <cmp x="1297" y="878" width="111" height="78" />
      </word>
      <word id="h07-071-00-06" tag="NNS" text="numbers">
        <cmp x="1463" y="886" width="83" height="35" />
        <cmp x="1548" y="887" width="40" height="22" />
        <cmp x="1598" y="858" width="85" height="53" />
        <cmp x="1682" y="883" width="22" height="27" />
      </word>
      <word id="h07-071-00-07" tag="INO" text="of">
        <cmp x="1776" y="884" width="27" height="26" />
        <cmp x="1791" y="848" width="56" height="95" />
      </word>
      <word id="h07-071-00-08" tag="NNS--" text="school-">
        <cmp x="1880" y="880" width="25" height="30" />
        <cmp x="1909" y="880" width="21" height="30" />
        <cmp x="1934" y="846" width="56" height="63" />
        <cmp x="1995" y="880" width="24" height="24" />
        <cmp x="2024" y="849" width="33" height="53" />
        <cmp x="2057" y="879" width="41" height="8" />
      </word>
      <lower-contour>
        <point x="394" y="969" />
        <point x="2048" y="969" />
      </lower-contour>
    </line>
    <line ass="-284" asx="0" asy="1017" character-width="999" dss="-284" dsx="0" dsy="1111" fd0="14647" fd1="3417" fd2="345" filter-width="4" id="h07-071-01" lbs="-246" lbx="0" lby="1083" segmentation="ok" slant="59000" stroke-width="5859" threshold="169" text="leavers will be looking for jobs, there" ubs="-360" ubx="0" uby="1057">
      <word id="h07-071-01-00" tag="-NNS" text="leavers">
        <cmp x="396" y="1045" width="28" height="52" />
        <cmp x="426" y="1065" width="80" height="29" />
        <cmp x="520" y="1065" width="26" height="24" />
        <cmp x="551" y="1060" width="63" height="27" />
        <cmp x="617" y="1057" width="22" height="30" />
      </word>
      <word id="h07-071-01-01" tag="MD" text="will">
        <cmp x="723" y="1061" width="55" height="24" />
        <cmp x="787" y="1066" width="17" height="20" />
        <cmp x="810" y="1049" width="4" height="5" />
        <cmp x="823" y="1038" width="30" height="41" />
        <cmp x="832" y="1037" width="29" height="45" />
      </word>
      <word id="h07-071-01-02" tag="BE" text="be">
        <cmp x="931" y="1046" width="38" height="42" />
        <cmp x="988" y="1058" width="44" height="28" />
      </word>
      <word id="h07-071-01-03" tag="VBG" text="looking">
        <cmp x="1126" y="1027" width="56" height="56" />
        <cmp x="1188" y="1057" width="31" height="29" />
        <cmp x="1228" y="1056" width="24" height="25" />
        <cmp x="1262" y="1024" width="54" height="58" />
        <cmp x="1320" y="1061" width="30" height="15" />
        <cmp x="1326" y="1061" width="48" height="58" />
        <cmp x="1330" y="1036" width="6" height="13" />
      </word>
      <word id="h07-071-01-04" tag="IN" text="for">
        <cmp x="1483" y="1036" width="110" height="76" />
      </word>
      <word id="h07-071-01-05" tag="NNS" text="jobs">
        <cmp x="1664" y="1078" width="31" height="43" />
        <cmp x="1707" y="1071" width="29" height="24" />
        <cmp x="1711" y="1040" width="7" height="12" />
        <cmp x="1744" y="1039" width="38" height="56" />
        <cmp x="1789" y="1067" width="17" height="28" />
      </word>
      <word id="h07-071-01-06" tag="," text=",">
        <cmp x="1816" y="1086" width="22" height="27" />
      </word>
      <word id="h07-071-01-07" tag="EX" text="there">
        <cmp x="1898" y="1038" width="35" height="53" />
        <cmp x="1917" y="1034" width="130" height="59" />
      </word>
      <upper-contour>
        <point x="394" y="969" />
        <point x="2048" y="969" />
      </upper-contour>
      <lower-contour>
        <point x="401" y="1123" />
        <point x="2048" y="1123" />
      </lower-contour>
    </line>
    <line ass="600" asx="0" asy="1224" character-width="999" dss="600" dsx="0" dsy="1310" fd0="14961" fd1="2920" fd2="-72" filter-width="4" id="h07-071-02" lbs="632" lbx="0" lby="1285" segmentation="ok" slant="59000" stroke-width="5903" threshold="171" text="will be relatively few retirements. For the most" ubs="536" ubx="0" uby="1258">
      <word id="h07-071-02-00" tag="MD" text="will">
        <cmp x="403" y="1259" width="52" height="30" />
        <cmp x="454" y="1263" width="14" height="18" />
        <cmp x="478" y="1241" width="5" height="5" />
        <cmp x="482" y="1227" width="37" height="56" />
        <cmp x="502" y="1223" width="33" height="52" />
      </word>
      <word id="h07-071-02-01" tag="BE" text="be">
        <cmp x="582" y="1229" width="51" height="55" />
        <cmp x="639" y="1248" width="37" height="31" />
      </word>
      <word id="h07-071-02-02" tag="RB" text="relatively">
        <cmp x="724" y="1225" width="95" height="58" />
        <cmp x="800" y="1252" width="28" height="25" />
        <cmp x="844" y="1220" width="39" height="52" />
        <cmp x="897" y="1229" width="4" height="7" />
        <cmp x="899" y="1245" width="31" height="27" />
        <cmp x="929" y="1243" width="38" height="26" />
        <cmp x="974" y="1214" width="36" height="56" />
        <cmp x="984" y="1251" width="34" height="39" />
      </word>
      <word id="h07-071-02-03" tag="AP" text="few">
        <cmp x="1083" y="1216" width="122" height="84" />
      </word>
      <word id="h07-071-02-04" tag="NNS" text="retirements">
        <cmp x="1256" y="1242" width="49" height="31" />
        <cmp x="1327" y="1219" width="44" height="48" />
        <cmp x="1376" y="1233" width="113" height="30" />
        <cmp x="1386" y="1220" width="6" height="6" />
        <cmp x="1499" y="1235" width="64" height="28" />
        <cmp x="1578" y="1215" width="32" height="44" />
        <cmp x="1598" y="1238" width="20" height="27" />
      </word>
      <word id="h07-071-02-05" tag="." text=".">
        <cmp x="1641" y="1254" width="7" height="6" />
      </word>
      <word id="h07-071-02-06" sentence-start="yes" tag="IN" text="For">
        <cmp x="1723" y="1213" width="51" height="52" />
        <cmp x="1754" y="1241" width="79" height="29" />
      </word>
      <word id="h07-071-02-07" tag="ATI" text="the">
        <cmp x="1881" y="1208" width="41" height="60" />
        <cmp x="1904" y="1205" width="64" height="62" />
      </word>
      <word id="h07-071-02-08" tag="AP" text="most">
        <cmp x="2010" y="1248" width="44" height="20" />
        <cmp x="2051" y="1247" width="28" height="24" />
        <cmp x="2083" y="1244" width="14" height="24" />
        <cmp x="2114" y="1206" width="36" height="65" />
      </word>
      <upper-contour>
        <point x="401" y="1123" />
        <point x="2048" y="1123" />
      </upper-contour>
      <lower-contour>
        <point x="425" y="1300" />
        <point x="2109" y="1300" />
      </lower-contour>
    </line>
    <line ass="659" asx="0" asy="1398" character-width="999" dss="659" dsx="0" dsy="1492" fd0="14070" fd1="2925" fd2="68" filter-width="4" id="h07-071-03" lbs="659" lbx="0" lby="1463" segmentation="ok" slant="62000" stroke-width="5847" threshold="171" text="part therefore local employment can" ubs="659" ubx="0" uby="1440">
      <word id="h07-071-03-00" tag="NN" text="part">
        <cmp x="427" y="1435" width="35" height="38" />
        <cmp x="468" y="1433" width="61" height="21" />
        <cmp x="546" y="1395" width="32" height="62" />
      </word>
      <word id="h07-071-03-01" tag="RB" text="therefore">
        <cmp x="693" y="1392" width="38" height="64" />
        <cmp x="732" y="1394" width="104" height="61" />
        <cmp x="845" y="1425" width="30" height="26" />
        <cmp x="916" y="1396" width="67" height="75" />
        <cmp x="994" y="1421" width="63" height="32" />
      </word>
      <word id="h07-071-03-02" tag="JJ" text="local">
        <cmp x="1186" y="1383" width="58" height="68" />
        <cmp x="1245" y="1422" width="67" height="27" />
        <cmp x="1320" y="1390" width="38" height="62" />
      </word>
      <word id="h07-071-03-03" tag="NN" text="employment">
        <cmp x="1452" y="1420" width="107" height="33" />
        <cmp x="1545" y="1431" width="52" height="45" />
        <cmp x="1610" y="1404" width="57" height="47" />
        <cmp x="1666" y="1416" width="51" height="54" />
        <cmp x="1723" y="1416" width="54" height="22" />
        <cmp x="1795" y="1405" width="69" height="33" />
        <cmp x="1881" y="1383" width="37" height="57" />
      </word>
      <word id="h07-071-03-04" tag="MD" text="can">
        <cmp x="1989" y="1413" width="119" height="29" />
      </word>
      <upper-contour>
        <point x="425" y="1300" />
        <point x="2109" y="1300" />
      </upper-contour>
      <lower-contour>
        <point x="425" y="1477" />
        <point x="2076" y="1477" />
      </lower-contour>
    </line>
    <line ass="1476" asx="0" asy="1596" character-width="999" dss="1476" dsx="0" dsy="1701" fd0="14634" fd1="2689" fd2="84" filter-width="4" id="h07-071-04" lbs="1535" lbx="0" lby="1656" segmentation="ok" slant="59000" stroke-width="5866" threshold="167" text="be provided only by the expansion of existing" ubs="1360" ubx="0" uby="1628">
      <word id="h07-071-04-00" tag="BE" text="be">
        <cmp x="345" y="1594" width="90" height="54" />
      </word>
      <word id="h07-071-04-01" tag="VBN" text="provided">
        <cmp x="496" y="1615" width="51" height="42" />
        <cmp x="548" y="1613" width="52" height="24" />
        <cmp x="611" y="1612" width="42" height="21" />
        <cmp x="657" y="1582" width="104" height="57" />
        <cmp x="662" y="1594" width="5" height="6" />
      </word>
      <word id="h07-071-04-02" tag="RB" text="only">
        <cmp x="826" y="1613" width="23" height="19" />
        <cmp x="850" y="1612" width="32" height="18" />
        <cmp x="894" y="1576" width="32" height="48" />
        <cmp x="905" y="1608" width="35" height="38" />
      </word>
      <word id="h07-071-04-03" tag="IN" text="by">
        <cmp x="985" y="1586" width="31" height="41" />
        <cmp x="996" y="1611" width="53" height="56" />
      </word>
      <word id="h07-071-04-04" tag="ATI" text="the">
        <cmp x="1109" y="1584" width="34" height="50" />
        <cmp x="1134" y="1577" width="54" height="53" />
      </word>
      <word id="h07-071-04-05" tag="NN" text="expansion">
        <cmp x="1238" y="1602" width="40" height="27" />
        <cmp x="1289" y="1602" width="23" height="22" />
        <cmp x="1313" y="1600" width="52" height="45" />
        <cmp x="1364" y="1596" width="75" height="24" />
        <cmp x="1446" y="1591" width="19" height="26" />
        <cmp x="1466" y="1598" width="15" height="16" />
        <cmp x="1491" y="1577" width="4" height="7" />
        <cmp x="1494" y="1591" width="65" height="21" />
      </word>
      <word id="h07-071-04-06" tag="INO" text="of">
        <cmp x="1635" y="1588" width="33" height="21" />
        <cmp x="1679" y="1559" width="55" height="80" />
      </word>
      <word id="h07-071-04-07" tag="JJ" text="existing">
        <cmp x="1796" y="1586" width="36" height="29" />
        <cmp x="1850" y="1585" width="35" height="29" />
        <cmp x="1888" y="1588" width="16" height="24" />
        <cmp x="1911" y="1581" width="20" height="27" />
        <cmp x="1939" y="1548" width="35" height="59" />
        <cmp x="1974" y="1585" width="15" height="18" />
        <cmp x="2007" y="1583" width="68" height="68" />
        <cmp x="2010" y="1552" width="5" height="12" />
      </word>
      <upper-contour>
        <point x="425" y="1477" />
        <point x="2076" y="1477" />
      </upper-contour>
      <lower-contour>
        <point x="370" y="1666" />
        <point x="2076" y="1666" />
      </lower-contour>
    </line>
    <line ass="432" asx="0" asy="1745" character-width="999" dss="432" dsx="0" dsy="1859" fd0="15167" fd1="3070" fd2="33" filter-width="4" id="h07-071-05" lbs="486" lbx="0" lby="1816" segmentation="ok" slant="57000" stroke-width="5739" threshold="169" text="industry and the introduction of new factories," ubs="325" ubx="0" uby="1788">
      <word id="h07-071-05-00" tag="NN" text="industry">
        <cmp x="372" y="1795" width="12" height="24" />
        <cmp x="390" y="1798" width="33" height="23" />
        <cmp x="394" y="1763" width="5" height="8" />
        <cmp x="430" y="1772" width="80" height="47" />
        <cmp x="513" y="1793" width="18" height="25" />
        <cmp x="539" y="1758" width="41" height="59" />
        <cmp x="570" y="1794" width="32" height="18" />
        <cmp x="571" y="1789" width="64" height="64" />
      </word>
      <word id="h07-071-05-01" tag="CC" text="and">
        <cmp x="711" y="1792" width="77" height="25" />
        <cmp x="796" y="1761" width="56" height="51" />
      </word>
      <word id="h07-071-05-02" tag="ATI" text="the">
        <cmp x="927" y="1746" width="42" height="59" />
        <cmp x="946" y="1748" width="68" height="57" />
      </word>
      <word id="h07-071-05-03" tag="NN" text="introduction">
        <cmp x="1083" y="1776" width="21" height="27" />
        <cmp x="1112" y="1774" width="34" height="25" />
        <cmp x="1118" y="1748" width="5" height="8" />
        <cmp x="1154" y="1739" width="41" height="59" />
        <cmp x="1180" y="1771" width="56" height="29" />
        <cmp x="1243" y="1738" width="73" height="56" />
        <cmp x="1331" y="1771" width="19" height="21" />
        <cmp x="1369" y="1736" width="34" height="54" />
        <cmp x="1396" y="1767" width="15" height="20" />
        <cmp x="1418" y="1748" width="5" height="7" />
        <cmp x="1421" y="1764" width="72" height="24" />
      </word>
      <word id="h07-071-05-04" tag="INO" text="of">
        <cmp x="1581" y="1778" width="29" height="22" />
        <cmp x="1615" y="1744" width="50" height="90" />
      </word>
      <word id="h07-071-05-05" tag="JJ" text="new">
        <cmp x="1740" y="1781" width="41" height="25" />
        <cmp x="1788" y="1776" width="79" height="30" />
      </word>
      <word id="h07-071-05-06" tag="NNS" text="factories">
        <cmp x="1929" y="1753" width="49" height="74" />
        <cmp x="1980" y="1782" width="19" height="23" />
        <cmp x="2008" y="1744" width="43" height="64" />
        <cmp x="2032" y="1780" width="29" height="22" />
        <cmp x="2062" y="1781" width="46" height="22" />
        <cmp x="2112" y="1774" width="56" height="36" />
        <cmp x="2119" y="1758" width="6" height="10" />
      </word>
      <word id="h07-071-05-07" tag="," text=",">
        <cmp x="2159" y="1798" width="27" height="21" />
      </word>
      <upper-contour>
        <point x="370" y="1666" />
        <point x="2076" y="1666" />
      </upper-contour>
      <lower-contour>
        <point x="370" y="1852" />
        <point x="2140" y="1852" />
      </lower-contour>
    </line>
    <line ass="867" asx="0" asy="1941" character-width="999" dss="867" dsx="0" dsy="2028" fd0="14355" fd1="3086" fd2="48" filter-width="4" id="h07-071-06" lbs="909" lbx="0" lby="2007" segmentation="ok" slant="59999" stroke-width="5774" threshold="169" text="laboratories and offices, and the expected but" ubs="783" ubx="0" uby="1980">
      <word id="h07-071-06-00" tag="NNS" text="laboratories">
        <cmp x="361" y="1943" width="29" height="61" />
        <cmp x="385" y="1973" width="33" height="29" />
        <cmp x="430" y="1942" width="28" height="55" />
        <cmp x="462" y="1975" width="27" height="20" />
        <cmp x="492" y="1972" width="50" height="29" />
        <cmp x="563" y="1943" width="56" height="55" />
        <cmp x="618" y="1967" width="47" height="24" />
        <cmp x="673" y="1965" width="66" height="30" />
        <cmp x="677" y="1946" width="6" height="9" />
      </word>
      <word id="h07-071-06-01" tag="CC" text="and">
        <cmp x="809" y="1971" width="79" height="24" />
        <cmp x="894" y="1972" width="21" height="16" />
        <cmp x="907" y="1942" width="41" height="52" />
      </word>
      <word id="h07-071-06-02" tag="NNS" text="offices">
        <cmp x="1004" y="1961" width="37" height="26" />
        <cmp x="1051" y="1930" width="70" height="77" />
        <cmp x="1133" y="1940" width="4" height="7" />
        <cmp x="1135" y="1970" width="14" height="21" />
        <cmp x="1148" y="1965" width="4" height="6" />
        <cmp x="1170" y="1959" width="72" height="33" />
      </word>
      <word id="h07-071-06-03" tag="," text=",">
        <cmp x="1247" y="1984" width="20" height="26" />
      </word>
      <word id="h07-071-06-04" tag="CC" text="and">
        <cmp x="1318" y="1965" width="74" height="24" />
        <cmp x="1401" y="1935" width="52" height="55" />
      </word>
      <word id="h07-071-06-05" tag="ATI" text="the">
        <cmp x="1493" y="1930" width="86" height="64" />
      </word>
      <word id="h07-071-06-06" tag="JJ" text="expected">
        <cmp x="1630" y="1950" width="40" height="33" />
        <cmp x="1682" y="1958" width="25" height="21" />
        <cmp x="1713" y="1950" width="47" height="45" />
        <cmp x="1762" y="1944" width="29" height="30" />
        <cmp x="1793" y="1914" width="66" height="58" />
        <cmp x="1857" y="1947" width="31" height="22" />
        <cmp x="1890" y="1914" width="51" height="50" />
      </word>
      <word id="h07-071-06-07" tag="CC" text="but">
        <cmp x="1999" y="1925" width="38" height="55" />
        <cmp x="2038" y="1958" width="42" height="18" />
        <cmp x="2097" y="1925" width="42" height="56" />
      </word>
      <upper-contour>
        <point x="370" y="1852" />
        <point x="2140" y="1852" />
      </upper-contour>
      <lower-contour>
        <point x="359" y="2010" />
        <point x="2140" y="2010" />
      </lower-contour>
    </line>
    <line ass="713" asx="0" asy="2111" character-width="999" dss="713" dsx="0" dsy="2207" fd0="14334" fd1="2530" fd2="-159" filter-width="4" id="h07-071-07" lbs="740" lbx="0" lby="2173" segmentation="ok" slant="59000" stroke-width="5793" threshold="169" text="not easily stimulated development of the service" ubs="660" ubx="0" uby="2148">
      <word id="h07-071-07-00" tag="XNOT" text="not">
        <cmp x="334" y="2146" width="77" height="27" />
        <cmp x="428" y="2123" width="42" height="45" />
      </word>
      <word id="h07-071-07-01" tag="RB" text="easily">
        <cmp x="526" y="2138" width="67" height="32" />
        <cmp x="600" y="2142" width="17" height="26" />
        <cmp x="625" y="2142" width="16" height="22" />
        <cmp x="647" y="2120" width="5" height="6" />
        <cmp x="663" y="2110" width="32" height="51" />
        <cmp x="677" y="2137" width="34" height="43" />
      </word>
      <word id="h07-071-07-02" tag="JJ" text="stimulated">
        <cmp x="796" y="2139" width="26" height="23" />
        <cmp x="832" y="2104" width="39" height="58" />
        <cmp x="870" y="2141" width="77" height="20" />
        <cmp x="876" y="2117" width="4" height="4" />
        <cmp x="960" y="2102" width="44" height="55" />
        <cmp x="1019" y="2097" width="94" height="55" />
      </word>
      <word id="h07-071-07-03" tag="NN" text="development">
        <cmp x="1182" y="2114" width="78" height="51" />
        <cmp x="1270" y="2136" width="27" height="26" />
        <cmp x="1306" y="2134" width="30" height="29" />
        <cmp x="1346" y="2104" width="53" height="53" />
        <cmp x="1380" y="2129" width="61" height="50" />
        <cmp x="1449" y="2129" width="55" height="21" />
        <cmp x="1513" y="2124" width="60" height="28" />
        <cmp x="1592" y="2100" width="36" height="43" />
      </word>
      <word id="h07-071-07-04" tag="INO" text="of">
        <cmp x="1691" y="2120" width="36" height="28" />
        <cmp x="1729" y="2096" width="60" height="91" />
      </word>
      <word id="h07-071-07-05" tag="ATI" text="the">
        <cmp x="1822" y="2095" width="95" height="62" />
      </word>
      <word id="h07-071-07-06" tag="NN" text="service">
        <cmp x="1979" y="2125" width="31" height="32" />
        <cmp x="2013" y="2123" width="52" height="29" />
        <cmp x="2064" y="2123" width="32" height="30" />
        <cmp x="2097" y="2128" width="19" height="18" />
        <cmp x="2117" y="2125" width="23" height="21" />
        <cmp x="2124" y="2110" width="5" height="5" />
        <cmp x="2141" y="2122" width="37" height="29" />
      </word>
      <upper-contour>
        <point x="359" y="2010" />
        <point x="2140" y="2010" />
      </upper-contour>
      <lower-contour>
        <point x="353" y="2190" />
        <point x="2041" y="2190" />
      </lower-contour>
    </line>
    <line ass="533" asx="0" asy="2286" character-width="999" dss="533" dsx="0" dsy="2400" fd0="14824" fd1="2787" fd2="77" filter-width="4" id="h07-071-08" lbs="470" lbx="0" lby="2347" segmentation="ok" slant="59999" stroke-width="5889" threshold="166" text="industries. Schemes for training young people in" ubs="659" ubx="0" uby="2328">
      <word id="h07-071-08-00" tag="NNS" text="industries">
        <cmp x="355" y="2332" width="17" height="26" />
        <cmp x="382" y="2328" width="24" height="24" />
        <cmp x="383" y="2298" width="5" height="9" />
        <cmp x="415" y="2281" width="55" height="71" />
        <cmp x="455" y="2322" width="33" height="27" />
        <cmp x="495" y="2323" width="18" height="24" />
        <cmp x="513" y="2292" width="61" height="56" />
        <cmp x="583" y="2323" width="31" height="29" />
        <cmp x="587" y="2302" width="4" height="5" />
        <cmp x="623" y="2324" width="17" height="30" />
      </word>
      <word id="h07-071-08-01" tag="." text=".">
        <cmp x="665" y="2339" width="12" height="10" />
      </word>
      <word id="h07-071-08-02" sentence-start="yes" tag="NNS" text="Schemes">
        <cmp x="729" y="2292" width="41" height="58" />
        <cmp x="762" y="2325" width="16" height="18" />
        <cmp x="787" y="2291" width="60" height="58" />
        <cmp x="852" y="2309" width="87" height="34" />
        <cmp x="945" y="2312" width="17" height="31" />
      </word>
      <word id="h07-071-08-03" tag="IN" text="for">
        <cmp x="1013" y="2279" width="107" height="80" />
      </word>
      <word id="h07-071-08-04" tag="VBG" text="training">
        <cmp x="1188" y="2289" width="78" height="55" />
        <cmp x="1268" y="2320" width="12" height="18" />
        <cmp x="1287" y="2295" width="4" height="6" />
        <cmp x="1288" y="2320" width="41" height="22" />
        <cmp x="1334" y="2322" width="15" height="20" />
        <cmp x="1358" y="2320" width="27" height="15" />
        <cmp x="1362" y="2301" width="4" height="8" />
        <cmp x="1368" y="2317" width="53" height="73" />
      </word>
      <word id="h07-071-08-05" tag="JJ" text="young">
        <cmp x="1448" y="2314" width="48" height="54" />
        <cmp x="1502" y="2313" width="138" height="67" />
      </word>
      <word id="h07-071-08-06" tag="NNS" text="people">
        <cmp x="1686" y="2305" width="56" height="53" />
        <cmp x="1746" y="2300" width="67" height="33" />
        <cmp x="1807" y="2304" width="52" height="52" />
        <cmp x="1875" y="2282" width="57" height="48" />
      </word>
      <word id="h07-071-08-07" tag="IN" text="in">
        <cmp x="1972" y="2308" width="14" height="20" />
        <cmp x="2002" y="2281" width="6" height="7" />
        <cmp x="2003" y="2310" width="36" height="24" />
      </word>
      <upper-contour>
        <point x="353" y="2190" />
        <point x="2041" y="2190" />
      </upper-contour>
      <lower-contour>
        <point x="376" y="2390" />
        <point x="2041" y="2390" />
      </lower-contour>
    </line>
    <line ass="695" asx="0" asy="2477" character-width="999" dss="695" dsx="0" dsy="2580" fd0="15068" fd1="2983" fd2="6" filter-width="4" id="h07-071-09" lbs="751" lbx="0" lby="2538" segmentation="ok" slant="57000" stroke-width="5963" threshold="167" text="industry and commerce will be particularly important in" ubs="583" ubx="0" uby="2511">
      <word id="h07-071-09-00" tag="NN" text="industry">
        <cmp x="378" y="2505" width="19" height="34" />
        <cmp x="396" y="2512" width="23" height="20" />
        <cmp x="401" y="2478" width="6" height="8" />
        <cmp x="425" y="2476" width="68" height="56" />
        <cmp x="493" y="2502" width="21" height="30" />
        <cmp x="525" y="2473" width="45" height="57" />
        <cmp x="560" y="2500" width="47" height="60" />
        <cmp x="573" y="2500" width="16" height="22" />
      </word>
      <word id="h07-071-09-01" tag="CC" text="and">
        <cmp x="648" y="2503" width="81" height="28" />
        <cmp x="736" y="2469" width="53" height="59" />
      </word>
      <word id="h07-071-09-02" tag="NN" text="commerce">
        <cmp x="846" y="2500" width="101" height="27" />
        <cmp x="955" y="2496" width="103" height="28" />
        <cmp x="1065" y="2498" width="25" height="25" />
        <cmp x="1100" y="2489" width="44" height="32" />
      </word>
      <word id="h07-071-09-03" tag="MD" text="will">
        <cmp x="1203" y="2500" width="46" height="25" />
        <cmp x="1253" y="2504" width="17" height="20" />
        <cmp x="1276" y="2483" width="4" height="5" />
        <cmp x="1278" y="2471" width="32" height="51" />
        <cmp x="1295" y="2475" width="29" height="43" />
      </word>
      <word id="h07-071-09-04" tag="BE" text="be">
        <cmp x="1338" y="2476" width="35" height="55" />
        <cmp x="1374" y="2494" width="38" height="37" />
      </word>
      <word id="h07-071-09-05" tag="RB" text="particularly">
        <cmp x="1453" y="2494" width="48" height="44" />
        <cmp x="1498" y="2495" width="64" height="25" />
        <cmp x="1574" y="2464" width="39" height="54" />
        <cmp x="1627" y="2489" width="56" height="26" />
        <cmp x="1629" y="2468" width="5" height="6" />
        <cmp x="1694" y="2466" width="75" height="48" />
        <cmp x="1746" y="2489" width="63" height="71" />
      </word>
      <word id="h07-071-09-06" tag="JJ" text="important">
        <cmp x="1853" y="2500" width="13" height="18" />
        <cmp x="1870" y="2495" width="44" height="21" />
        <cmp x="1874" y="2475" width="4" height="9" />
        <cmp x="1897" y="2494" width="49" height="57" />
        <cmp x="1946" y="2492" width="50" height="24" />
        <cmp x="1997" y="2462" width="70" height="59" />
        <cmp x="2088" y="2453" width="38" height="68" />
      </word>
      <word id="h07-071-09-07" tag="IN" text="in">
        <cmp x="2158" y="2493" width="13" height="21" />
        <cmp x="2180" y="2497" width="34" height="29" />
        <cmp x="2181" y="2473" width="4" height="7" />
      </word>
      <upper-contour>
        <point x="376" y="2390" />
        <point x="2041" y="2390" />
      </upper-contour>
    </line>
  </handwritten-part>
</form>

