<?xml version="1.0" encoding="ISO-8859-1"?>

<!DOCTYPE form SYSTEM 'http://www.iam.unibe.ch/~fki/iamdb/form-metadata.dtd'>

<form created="2002-04-11" height="3542" id="h07-063b" last-modified="2002-07-17" skew="222" status="final" version="3.0_beta" width="2479" writer-id="390">
  <machine-printed-part>
    <machine-print-line text="More modest premises are provided on the upper floors over shops in some of the" />
    <machine-print-line text="town centres for the small type of office organisation. Government departments with" />
    <machine-print-line text="branches established or about to be established in the new towns include Her Majesty&apos;s" />
    <machine-print-line text="Stationery Office at Basildon, the Meteorological Office at Bracknell, the Admiralty" />
    <machine-print-line text="(who have a research laboratory at Harlow), the General Post Office and the Ministry" />
    <machine-print-line text="of Transport at Hemel Hempstead and the Department of Scientific and Industrial" />
    <machine-print-line text="Research at Stevenage." />
  </machine-printed-part>
  <handwritten-part>
    <line ass="-167" asx="0" asy="880" character-width="999" dss="-167" dsx="0" dsy="1025" fd0="12323" fd1="1984" fd2="-2022" filter-width="4" id="h07-063b-00" lbs="-154" lbx="0" lby="976" segmentation="ok" slant="84000" stroke-width="6685" threshold="164" text="More modest premises are provided on the upper" ubs="-192" ubx="0" uby="925">
      <word id="h07-063b-00-00" sentence-start="yes" tag="QL" text="More">
        <cmp x="347" y="904" width="126" height="86" />
      </word>
      <word id="h07-063b-00-01" tag="JJ" text="modest">
        <cmp x="533" y="926" width="53" height="61" />
        <cmp x="588" y="937" width="42" height="48" />
        <cmp x="639" y="910" width="98" height="76" />
        <cmp x="748" y="884" width="16" height="93" />
      </word>
      <word id="h07-063b-00-02" tag="NNS" text="premises">
        <cmp x="797" y="932" width="50" height="96" />
        <cmp x="855" y="931" width="76" height="55" />
        <cmp x="931" y="901" width="7" height="10" />
        <cmp x="932" y="938" width="7" height="40" />
        <cmp x="947" y="924" width="86" height="54" />
      </word>
      <word id="h07-063b-00-03" tag="BER" text="are">
        <cmp x="1092" y="927" width="46" height="50" />
        <cmp x="1142" y="929" width="48" height="45" />
      </word>
      <word id="h07-063b-00-04" tag="VBN" text="provided">
        <cmp x="1227" y="931" width="51" height="94" />
        <cmp x="1289" y="932" width="18" height="43" />
        <cmp x="1309" y="938" width="29" height="33" />
        <cmp x="1345" y="927" width="32" height="46" />
        <cmp x="1367" y="898" width="6" height="10" />
        <cmp x="1382" y="910" width="78" height="73" />
        <cmp x="1463" y="900" width="40" height="78" />
      </word>
      <word id="h07-063b-00-05" tag="IN" text="on">
        <cmp x="1544" y="942" width="41" height="33" />
        <cmp x="1568" y="955" width="4" height="4" />
        <cmp x="1590" y="938" width="30" height="33" />
      </word>
      <word id="h07-063b-00-06" tag="ATI" text="the">
        <cmp x="1647" y="886" width="35" height="86" />
        <cmp x="1683" y="900" width="56" height="71" />
        <cmp x="1734" y="961" width="8" height="6" />
      </word>
      <word id="h07-063b-00-07" tag="JJB" text="upper">
        <cmp x="1798" y="932" width="42" height="40" />
        <cmp x="1840" y="919" width="32" height="107" />
        <cmp x="1878" y="928" width="97" height="97" />
      </word>
      <lower-contour>
        <point x="347" y="1028" />
        <point x="1976" y="1028" />
      </lower-contour>
    </line>
    <line ass="459" asx="0" asy="1075" character-width="999" dss="459" dsx="0" dsy="1212" fd0="12859" fd1="2321" fd2="-1383" filter-width="4" id="h07-063b-01" lbs="441" lbx="0" lby="1168" segmentation="ok" slant="84000" stroke-width="6620" threshold="163" text="floors over shops in some of the town centres for" ubs="494" ubx="0" uby="1131">
      <word id="h07-063b-01-00" tag="NNS" text="floors">
        <cmp x="349" y="1074" width="40" height="109" />
        <cmp x="392" y="1087" width="47" height="80" />
        <cmp x="440" y="1126" width="28" height="37" />
        <cmp x="480" y="1116" width="14" height="39" />
        <cmp x="489" y="1127" width="25" height="39" />
        <cmp x="501" y="1117" width="9" height="6" />
      </word>
      <word id="h07-063b-01-01" tag="IN" text="over">
        <cmp x="575" y="1121" width="37" height="41" />
        <cmp x="619" y="1123" width="31" height="42" />
        <cmp x="650" y="1112" width="57" height="53" />
      </word>
      <word id="h07-063b-01-02" tag="NNS" text="shops">
        <cmp x="735" y="1116" width="46" height="48" />
        <cmp x="781" y="1077" width="116" height="121" />
      </word>
      <word id="h07-063b-01-03" tag="IN" text="in">
        <cmp x="948" y="1113" width="15" height="40" />
        <cmp x="954" y="1083" width="10" height="14" />
        <cmp x="969" y="1116" width="27" height="34" />
      </word>
      <word id="h07-063b-01-04" tag="DTI" text="some">
        <cmp x="1059" y="1116" width="62" height="46" />
        <cmp x="1136" y="1119" width="47" height="38" />
        <cmp x="1183" y="1122" width="26" height="31" />
      </word>
      <word id="h07-063b-01-05" tag="INO" text="of">
        <cmp x="1274" y="1123" width="40" height="33" />
        <cmp x="1310" y="1080" width="50" height="122" />
      </word>
      <word id="h07-063b-01-06" tag="ATI" text="the">
        <cmp x="1434" y="1085" width="94" height="85" />
      </word>
      <word id="h07-063b-01-07" tag="NN" text="town">
        <cmp x="1606" y="1076" width="112" height="74" />
        <cmp x="1722" y="1100" width="32" height="50" />
      </word>
      <word id="h07-063b-01-08" tag="NNS" text="centres">
        <cmp x="1812" y="1106" width="99" height="51" />
        <cmp x="1916" y="1063" width="65" height="87" />
        <cmp x="1981" y="1135" width="9" height="5" />
        <cmp x="1987" y="1104" width="27" height="53" />
      </word>
      <word id="h07-063b-01-09" tag="IN" text="for">
        <cmp x="2077" y="1073" width="66" height="103" />
        <cmp x="2147" y="1114" width="31" height="40" />
      </word>
      <upper-contour>
        <point x="347" y="1028" />
        <point x="1976" y="1028" />
      </upper-contour>
      <lower-contour>
        <point x="347" y="1203" />
        <point x="2112" y="1203" />
      </lower-contour>
    </line>
    <line ass="301" asx="0" asy="1254" character-width="999" dss="301" dsx="0" dsy="1423" fd0="12803" fd1="2263" fd2="-1875" filter-width="4" id="h07-063b-02" lbs="267" lbx="0" lby="1341" segmentation="ok" slant="85000" stroke-width="6667" threshold="164" text="the small type of office organisation. Government" ubs="368" ubx="0" uby="1305">
      <word id="h07-063b-02-00" tag="ATI" text="the">
        <cmp x="348" y="1263" width="86" height="80" />
      </word>
      <word id="h07-063b-02-01" tag="JJ" text="small">
        <cmp x="513" y="1284" width="54" height="60" />
        <cmp x="569" y="1292" width="54" height="54" />
        <cmp x="627" y="1296" width="42" height="42" />
        <cmp x="672" y="1253" width="34" height="89" />
      </word>
      <word id="h07-063b-02-02" tag="NN" text="type">
        <cmp x="779" y="1260" width="47" height="71" />
        <cmp x="834" y="1286" width="112" height="99" />
      </word>
      <word id="h07-063b-02-03" tag="INO" text="of">
        <cmp x="1005" y="1250" width="83" height="137" />
      </word>
      <word id="h07-063b-02-04" tag="NN" text="office">
        <cmp x="1140" y="1297" width="35" height="43" />
        <cmp x="1176" y="1262" width="75" height="129" />
        <cmp x="1250" y="1299" width="33" height="47" />
        <cmp x="1284" y="1296" width="41" height="43" />
      </word>
      <word id="h07-063b-02-05" tag="NN" text="organisation">
        <cmp x="1400" y="1291" width="40" height="49" />
        <cmp x="1435" y="1296" width="65" height="120" />
        <cmp x="1497" y="1305" width="29" height="35" />
        <cmp x="1532" y="1306" width="40" height="34" />
        <cmp x="1562" y="1281" width="7" height="13" />
        <cmp x="1577" y="1264" width="110" height="80" />
        <cmp x="1680" y="1258" width="6" height="9" />
        <cmp x="1687" y="1291" width="26" height="37" />
        <cmp x="1714" y="1292" width="33" height="35" />
      </word>
      <word id="h07-063b-02-06" tag="." text=".">
        <cmp x="1783" y="1306" width="7" height="6" />
      </word>
      <word id="h07-063b-02-07" sentence-start="yes" tag="NN" text="Government">
        <cmp x="1821" y="1264" width="41" height="64" />
        <cmp x="1869" y="1297" width="26" height="40" />
        <cmp x="1901" y="1297" width="17" height="23" />
        <cmp x="1922" y="1286" width="40" height="52" />
        <cmp x="1961" y="1288" width="121" height="54" />
        <cmp x="2098" y="1257" width="12" height="89" />
      </word>
      <upper-contour>
        <point x="347" y="1203" />
        <point x="2112" y="1203" />
      </upper-contour>
      <lower-contour>
        <point x="346" y="1417" />
        <point x="2030" y="1417" />
      </lower-contour>
    </line>
    <line ass="359" asx="0" asy="1442" character-width="999" dss="359" dsx="0" dsy="1571" fd0="13029" fd1="2536" fd2="-1814" filter-width="4" id="h07-063b-03" lbs="406" lbx="0" lby="1522" segmentation="ok" slant="86000" stroke-width="6469" threshold="160" text="departments with branches established or about" ubs="265" ubx="0" uby="1483">
      <word id="h07-063b-03-00" tag="NNS" text="departments">
        <cmp x="348" y="1454" width="71" height="64" />
        <cmp x="418" y="1475" width="34" height="93" />
        <cmp x="458" y="1481" width="72" height="44" />
        <cmp x="533" y="1449" width="21" height="75" />
        <cmp x="554" y="1471" width="67" height="43" />
        <cmp x="620" y="1476" width="31" height="37" />
        <cmp x="652" y="1443" width="43" height="82" />
      </word>
      <word id="h07-063b-03-01" tag="IN" text="with">
        <cmp x="770" y="1477" width="46" height="40" />
        <cmp x="819" y="1448" width="6" height="15" />
        <cmp x="819" y="1483" width="7" height="36" />
        <cmp x="846" y="1439" width="23" height="83" />
        <cmp x="874" y="1436" width="24" height="86" />
      </word>
      <word id="h07-063b-03-02" tag="NNS" text="branches">
        <cmp x="946" y="1456" width="68" height="74" />
        <cmp x="989" y="1449" width="5" height="11" />
        <cmp x="996" y="1477" width="4" height="4" />
        <cmp x="1016" y="1485" width="29" height="36" />
        <cmp x="1049" y="1487" width="25" height="32" />
        <cmp x="1079" y="1442" width="113" height="87" />
      </word>
      <word id="h07-063b-03-03" tag="VBN" text="established">
        <cmp x="1258" y="1438" width="72" height="84" />
        <cmp x="1334" y="1438" width="85" height="77" />
        <cmp x="1427" y="1440" width="25" height="65" />
        <cmp x="1449" y="1476" width="10" height="33" />
        <cmp x="1452" y="1453" width="11" height="10" />
        <cmp x="1463" y="1472" width="33" height="43" />
        <cmp x="1498" y="1436" width="116" height="82" />
      </word>
      <word id="h07-063b-03-04" tag="CC" text="or">
        <cmp x="1696" y="1473" width="34" height="34" />
        <cmp x="1736" y="1479" width="25" height="31" />
      </word>
      <word id="h07-063b-03-05" tag="RP" text="about">
        <cmp x="1817" y="1479" width="41" height="39" />
        <cmp x="1870" y="1439" width="37" height="72" />
        <cmp x="1912" y="1473" width="85" height="40" />
        <cmp x="2003" y="1454" width="26" height="57" />
        <cmp x="2022" y="1444" width="6" height="9" />
      </word>
      <upper-contour>
        <point x="346" y="1417" />
        <point x="2030" y="1417" />
      </upper-contour>
      <lower-contour>
        <point x="346" y="1567" />
        <point x="2007" y="1567" />
      </lower-contour>
    </line>
    <line ass="335" asx="0" asy="1610" character-width="999" dss="335" dsx="0" dsy="1715" fd0="12822" fd1="2455" fd2="-1302" filter-width="4" id="h07-063b-04" lbs="358" lbx="0" lby="1699" segmentation="ok" slant="82000" stroke-width="6501" threshold="155" text="to be established in the new towns include Her" ubs="289" ubx="0" uby="1653">
      <word id="h07-063b-04-00" tag="TO" text="to">
        <cmp x="347" y="1620" width="62" height="74" />
      </word>
      <word id="h07-063b-04-01" tag="BE" text="be">
        <cmp x="460" y="1623" width="62" height="72" />
      </word>
      <word id="h07-063b-04-02" tag="VBN" text="established">
        <cmp x="580" y="1639" width="65" height="51" />
        <cmp x="648" y="1609" width="28" height="86" />
        <cmp x="676" y="1621" width="64" height="78" />
        <cmp x="750" y="1615" width="25" height="76" />
        <cmp x="775" y="1628" width="126" height="82" />
      </word>
      <word id="h07-063b-04-03" tag="IN" text="in">
        <cmp x="960" y="1662" width="11" height="48" />
        <cmp x="962" y="1633" width="7" height="21" />
        <cmp x="981" y="1660" width="25" height="26" />
      </word>
      <word id="h07-063b-04-04" tag="ATI" text="the">
        <cmp x="1060" y="1612" width="91" height="87" />
      </word>
      <word id="h07-063b-04-05" tag="JJ" text="new">
        <cmp x="1203" y="1645" width="59" height="46" />
        <cmp x="1249" y="1650" width="9" height="8" />
        <cmp x="1264" y="1645" width="57" height="35" />
      </word>
      <word id="h07-063b-04-06" tag="NNS" text="towns">
        <cmp x="1363" y="1614" width="120" height="79" />
        <cmp x="1391" y="1606" width="4" height="7" />
        <cmp x="1489" y="1649" width="31" height="38" />
        <cmp x="1510" y="1649" width="25" height="52" />
      </word>
      <word id="h07-063b-04-07" tag="VB" text="include">
        <cmp x="1593" y="1642" width="16" height="55" />
        <cmp x="1594" y="1604" width="7" height="16" />
        <cmp x="1613" y="1647" width="29" height="38" />
        <cmp x="1648" y="1655" width="35" height="40" />
        <cmp x="1673" y="1660" width="5" height="5" />
        <cmp x="1686" y="1610" width="51" height="88" />
        <cmp x="1743" y="1624" width="62" height="68" />
      </word>
      <word id="h07-063b-04-08" tag="PP$" text="Her">
        <cmp x="1903" y="1608" width="31" height="78" />
        <cmp x="1935" y="1609" width="70" height="71" />
      </word>
      <upper-contour>
        <point x="346" y="1567" />
        <point x="2007" y="1567" />
      </upper-contour>
      <lower-contour>
        <point x="352" y="1710" />
        <point x="1924" y="1710" />
      </lower-contour>
    </line>
    <line ass="709" asx="0" asy="1801" character-width="999" dss="709" dsx="0" dsy="1939" fd0="13015" fd1="2436" fd2="-1571" filter-width="4" id="h07-063b-05" lbs="816" lbx="0" lby="1884" segmentation="ok" slant="82000" stroke-width="6599" threshold="160" text="Majesty&apos;s Stationery Office at Basildon, the" ubs="495" ubx="0" uby="1837">
      <word id="h07-063b-05-00" tag="NN$" text="Majesty&apos;s">
        <cmp x="354" y="1803" width="45" height="71" />
        <cmp x="365" y="1852" width="4" height="7" />
        <cmp x="399" y="1832" width="37" height="44" />
        <cmp x="443" y="1839" width="10" height="72" />
        <cmp x="445" y="1799" width="7" height="10" />
        <cmp x="467" y="1831" width="54" height="49" />
        <cmp x="522" y="1798" width="26" height="82" />
        <cmp x="548" y="1844" width="41" height="59" />
        <cmp x="602" y="1810" width="25" height="44" />
        <cmp x="622" y="1835" width="30" height="42" />
      </word>
      <word id="h07-063b-05-01" tag="NN" text="Stationery">
        <cmp x="711" y="1802" width="104" height="80" />
        <cmp x="828" y="1797" width="33" height="71" />
        <cmp x="853" y="1803" width="8" height="7" />
        <cmp x="871" y="1834" width="61" height="40" />
        <cmp x="935" y="1825" width="106" height="71" />
      </word>
      <word id="h07-063b-05-02" tag="NN" text="Office">
        <cmp x="1116" y="1794" width="106" height="131" />
        <cmp x="1220" y="1817" width="5" height="13" />
        <cmp x="1234" y="1844" width="32" height="34" />
        <cmp x="1270" y="1835" width="36" height="37" />
      </word>
      <word id="h07-063b-05-03" tag="IN" text="at">
        <cmp x="1357" y="1839" width="42" height="43" />
        <cmp x="1393" y="1807" width="31" height="72" />
      </word>
      <word id="h07-063b-05-04" tag="NP" text="Basildon">
        <cmp x="1464" y="1796" width="98" height="82" />
        <cmp x="1556" y="1833" width="48" height="43" />
        <cmp x="1600" y="1818" width="5" height="6" />
        <cmp x="1615" y="1803" width="19" height="62" />
        <cmp x="1638" y="1795" width="113" height="74" />
      </word>
      <word id="h07-063b-05-05" tag="," text=",">
        <cmp x="1784" y="1859" width="11" height="30" />
      </word>
      <word id="h07-063b-05-06" tag="ATI" text="the">
        <cmp x="1825" y="1797" width="37" height="79" />
        <cmp x="1864" y="1797" width="58" height="66" />
      </word>
      <upper-contour>
        <point x="352" y="1710" />
        <point x="1924" y="1710" />
      </upper-contour>
      <lower-contour>
        <point x="362" y="1926" />
        <point x="1924" y="1926" />
      </lower-contour>
    </line>
    <line ass="168" asx="0" asy="1948" character-width="999" dss="168" dsx="0" dsy="2118" fd0="12937" fd1="2369" fd2="-1985" filter-width="4" id="h07-063b-06" lbs="119" lbx="0" lby="2051" segmentation="ok" slant="82000" stroke-width="6571" threshold="160" text="Meteorological Office at Bracknell, the Admiralty" ubs="266" ubx="0" uby="2015">
      <word id="h07-063b-06-00" tag="JJ" text="Meteorological">
        <cmp x="364" y="1982" width="169" height="85" />
        <cmp x="466" y="1986" width="8" height="5" />
        <cmp x="540" y="2019" width="44" height="35" />
        <cmp x="592" y="1983" width="48" height="79" />
        <cmp x="625" y="2024" width="64" height="93" />
        <cmp x="682" y="1993" width="5" height="9" />
        <cmp x="696" y="2023" width="33" height="35" />
        <cmp x="722" y="2024" width="35" height="27" />
        <cmp x="765" y="1992" width="16" height="58" />
      </word>
      <word id="h07-063b-06-01" tag="NN" text="Office">
        <cmp x="834" y="1974" width="125" height="135" />
        <cmp x="960" y="1989" width="7" height="14" />
        <cmp x="964" y="2017" width="30" height="43" />
        <cmp x="993" y="2049" width="9" height="5" />
        <cmp x="994" y="2017" width="5" height="6" />
        <cmp x="1004" y="2010" width="31" height="41" />
      </word>
      <word id="h07-063b-06-02" tag="IN" text="at">
        <cmp x="1105" y="2008" width="46" height="46" />
        <cmp x="1141" y="2009" width="7" height="4" />
        <cmp x="1153" y="1969" width="25" height="86" />
      </word>
      <word id="h07-063b-06-03" tag="NP" text="Bracknell">
        <cmp x="1210" y="1974" width="92" height="86" />
        <cmp x="1309" y="2015" width="46" height="36" />
        <cmp x="1361" y="2021" width="32" height="41" />
        <cmp x="1393" y="2049" width="6" height="5" />
        <cmp x="1400" y="1979" width="138" height="81" />
        <cmp x="1415" y="1974" width="5" height="4" />
      </word>
      <word id="h07-063b-06-04" tag="," text=",">
        <cmp x="1575" y="2035" width="14" height="23" />
      </word>
      <word id="h07-063b-06-05" tag="ATI" text="the">
        <cmp x="1603" y="1961" width="115" height="87" />
      </word>
      <word id="h07-063b-06-06" tag="NP" text="Admiralty">
        <cmp x="1768" y="1973" width="80" height="86" />
        <cmp x="1841" y="2013" width="32" height="40" />
        <cmp x="1883" y="1988" width="12" height="62" />
        <cmp x="1902" y="2007" width="29" height="31" />
        <cmp x="1934" y="2010" width="36" height="28" />
        <cmp x="1978" y="1944" width="18" height="98" />
        <cmp x="1998" y="1996" width="11" height="42" />
        <cmp x="2005" y="1975" width="5" height="6" />
        <cmp x="2021" y="1957" width="39" height="82" />
        <cmp x="2056" y="1997" width="52" height="65" />
      </word>
      <upper-contour>
        <point x="362" y="1926" />
        <point x="1924" y="1926" />
      </upper-contour>
      <lower-contour>
        <point x="362" y="2116" />
        <point x="2073" y="2116" />
      </lower-contour>
    </line>
    <line ass="388" asx="0" asy="2157" character-width="999" dss="388" dsx="0" dsy="2275" fd0="12874" fd1="2713" fd2="-1271" filter-width="4" id="h07-063b-07" lbs="413" lbx="0" lby="2239" segmentation="ok" slant="83000" stroke-width="6510" threshold="159" text="(who have a research laboratory at Harlow), the" ubs="339" ubx="0" uby="2198">
      <word id="h07-063b-07-00" tag="(" text="(">
        <cmp x="362" y="2159" width="19" height="93" />
      </word>
      <word id="h07-063b-07-01" tag="WP" text="who">
        <cmp x="384" y="2207" width="56" height="38" />
        <cmp x="443" y="2173" width="44" height="67" />
      </word>
      <word id="h07-063b-07-02" tag="HV" text="have">
        <cmp x="547" y="2156" width="32" height="76" />
        <cmp x="582" y="2192" width="35" height="41" />
        <cmp x="626" y="2192" width="21" height="40" />
        <cmp x="658" y="2180" width="38" height="44" />
      </word>
      <word id="h07-063b-07-03" tag="AT" text="a">
        <cmp x="730" y="2187" width="44" height="34" />
      </word>
      <word id="h07-063b-07-04" tag="NN" text="research">
        <cmp x="836" y="2180" width="77" height="56" />
        <cmp x="914" y="2184" width="99" height="48" />
        <cmp x="1014" y="2158" width="63" height="74" />
      </word>
      <word id="h07-063b-07-05" tag="NN" text="laboratory">
        <cmp x="1133" y="2158" width="111" height="77" />
        <cmp x="1245" y="2193" width="26" height="32" />
        <cmp x="1276" y="2193" width="36" height="33" />
        <cmp x="1313" y="2163" width="40" height="73" />
        <cmp x="1360" y="2194" width="47" height="37" />
        <cmp x="1391" y="2190" width="33" height="76" />
      </word>
      <word id="h07-063b-07-06" tag="IN" text="at">
        <cmp x="1472" y="2187" width="46" height="45" />
        <cmp x="1525" y="2156" width="24" height="80" />
        <cmp x="1543" y="2149" width="6" height="6" />
      </word>
      <word id="h07-063b-07-07" tag="NP" text="Harlow">
        <cmp x="1618" y="2150" width="83" height="86" />
        <cmp x="1712" y="2194" width="14" height="26" />
        <cmp x="1736" y="2162" width="22" height="69" />
        <cmp x="1756" y="2193" width="38" height="38" />
        <cmp x="1801" y="2185" width="57" height="40" />
      </word>
      <word id="h07-063b-07-08" tag=")" text=")">
        <cmp x="1868" y="2150" width="30" height="83" />
      </word>
      <word id="h07-063b-07-09" tag="," text=",">
        <cmp x="1940" y="2213" width="12" height="42" />
      </word>
      <word id="h07-063b-07-10" tag="ATI" text="the">
        <cmp x="1957" y="2146" width="42" height="82" />
        <cmp x="2006" y="2145" width="28" height="77" />
        <cmp x="2033" y="2179" width="39" height="50" />
      </word>
      <upper-contour>
        <point x="362" y="2116" />
        <point x="2073" y="2116" />
      </upper-contour>
      <lower-contour>
        <point x="360" y="2267" />
        <point x="2073" y="2267" />
      </lower-contour>
    </line>
    <line ass="519" asx="0" asy="2332" character-width="999" dss="519" dsx="0" dsy="2473" fd0="12738" fd1="2222" fd2="-1683" filter-width="4" id="h07-063b-08" lbs="463" lbx="0" lby="2417" segmentation="ok" slant="80000" stroke-width="6645" threshold="157" text="General Post Office and the Ministry of Transport" ubs="631" ubx="0" uby="2376">
      <word id="h07-063b-08-00" tag="JJ" text="General">
        <cmp x="343" y="2330" width="50" height="88" />
        <cmp x="392" y="2365" width="119" height="53" />
        <cmp x="512" y="2378" width="46" height="36" />
        <cmp x="565" y="2334" width="17" height="79" />
      </word>
      <word id="h07-063b-08-01" tag="NN" text="Post">
        <cmp x="624" y="2343" width="70" height="66" />
        <cmp x="666" y="2367" width="62" height="45" />
        <cmp x="732" y="2338" width="29" height="90" />
      </word>
      <word id="h07-063b-08-02" tag="NN" text="Office">
        <cmp x="812" y="2351" width="44" height="58" />
        <cmp x="849" y="2335" width="78" height="132" />
        <cmp x="921" y="2376" width="47" height="42" />
        <cmp x="967" y="2376" width="38" height="34" />
      </word>
      <word id="h07-063b-08-03" tag="CC" text="and">
        <cmp x="1068" y="2348" width="106" height="60" />
      </word>
      <word id="h07-063b-08-04" tag="ATI" text="the">
        <cmp x="1247" y="2321" width="88" height="86" />
      </word>
      <word id="h07-063b-08-05" tag="NN" text="Ministry">
        <cmp x="1395" y="2331" width="143" height="80" />
        <cmp x="1494" y="2346" width="8" height="6" />
        <cmp x="1530" y="2333" width="71" height="85" />
        <cmp x="1601" y="2361" width="46" height="76" />
      </word>
      <word id="h07-063b-08-06" tag="INO" text="of">
        <cmp x="1695" y="2326" width="81" height="115" />
      </word>
      <word id="h07-063b-08-07" tag="NN" text="Transport">
        <cmp x="1809" y="2328" width="65" height="27" />
        <cmp x="1838" y="2335" width="18" height="74" />
        <cmp x="1867" y="2355" width="62" height="46" />
        <cmp x="1929" y="2359" width="64" height="44" />
        <cmp x="1936" y="2358" width="4" height="5" />
        <cmp x="1969" y="2353" width="56" height="94" />
        <cmp x="2032" y="2361" width="42" height="46" />
        <cmp x="2077" y="2363" width="26" height="36" />
        <cmp x="2113" y="2332" width="19" height="67" />
        <cmp x="2127" y="2326" width="5" height="6" />
      </word>
      <upper-contour>
        <point x="360" y="2267" />
        <point x="2073" y="2267" />
      </upper-contour>
      <lower-contour>
        <point x="343" y="2466" />
        <point x="2120" y="2466" />
      </lower-contour>
    </line>
    <line ass="516" asx="0" asy="2509" character-width="999" dss="516" dsx="0" dsy="2650" fd0="12546" fd1="2304" fd2="-1689" filter-width="4" id="h07-063b-09" lbs="494" lbx="0" lby="2597" segmentation="ok" slant="80000" stroke-width="6784" threshold="159" text="at Hemel Hempstead and the Department of" ubs="558" ubx="0" uby="2557">
      <word id="h07-063b-09-00" tag="IN" text="at">
        <cmp x="345" y="2557" width="49" height="41" />
        <cmp x="396" y="2523" width="26" height="83" />
      </word>
      <word id="h07-063b-09-01" tag="NP" text="Hemel">
        <cmp x="494" y="2509" width="78" height="93" />
        <cmp x="572" y="2549" width="37" height="47" />
        <cmp x="619" y="2517" width="70" height="74" />
      </word>
      <word id="h07-063b-09-02" tag="NP" text="Hempstead">
        <cmp x="766" y="2504" width="199" height="127" />
        <cmp x="959" y="2513" width="55" height="81" />
        <cmp x="1007" y="2553" width="51" height="44" />
        <cmp x="1057" y="2533" width="51" height="59" />
      </word>
      <word id="h07-063b-09-03" tag="CC" text="and">
        <cmp x="1187" y="2544" width="48" height="44" />
        <cmp x="1237" y="2549" width="26" height="36" />
        <cmp x="1282" y="2530" width="48" height="64" />
        <cmp x="1303" y="2560" width="6" height="10" />
      </word>
      <word id="h07-063b-09-04" tag="ATI" text="the">
        <cmp x="1407" y="2497" width="42" height="77" />
        <cmp x="1454" y="2497" width="49" height="86" />
      </word>
      <word id="h07-063b-09-05" tag="NN" text="Department">
        <cmp x="1563" y="2516" width="84" height="74" />
        <cmp x="1649" y="2542" width="50" height="86" />
        <cmp x="1700" y="2554" width="37" height="32" />
        <cmp x="1748" y="2551" width="17" height="36" />
        <cmp x="1774" y="2499" width="20" height="74" />
        <cmp x="1796" y="2533" width="86" height="51" />
        <cmp x="1888" y="2540" width="28" height="37" />
        <cmp x="1919" y="2508" width="33" height="74" />
      </word>
      <word id="h07-063b-09-06" tag="INO" text="of">
        <cmp x="2031" y="2510" width="88" height="123" />
      </word>
      <upper-contour>
        <point x="343" y="2466" />
        <point x="2120" y="2466" />
      </upper-contour>
    </line>
  </handwritten-part>
</form>

