<?xml version="1.0" encoding="ISO-8859-1"?>

<!DOCTYPE form SYSTEM 'http://www.iam.unibe.ch/~fki/iamdb/form-metadata.dtd'>

<form created="2002-04-11" height="3542" id="h07-040b" last-modified="2002-07-17" skew="254" status="final" version="3.0_beta" width="2479" writer-id="387">
  <machine-printed-part>
    <machine-print-line text="All types of trader have been encouraged, from the large departmental store to the" />
    <machine-print-line text="small shoe-mender, with banks specially sited on corners or in separate courts to avoid" />
    <machine-print-line text="breaking into the shopping frontage. As in the case of factories and industrial sites," />
    <machine-print-line text="the corporations&apos; policy has been to charge full commercial rents for their shops and" />
    <machine-print-line text="shopping sites. The cost of town centre development has been very high in some cases" />
    <machine-print-line text="with large paved areas and pleasant amenities and decorative features." />
  </machine-printed-part>
  <handwritten-part>
    <line ass="228" asx="0" asy="719" character-width="999" dss="228" dsx="0" dsy="833" fd0="14071" fd1="2912" fd2="-545" filter-width="4" id="h07-040b-00" lbs="309" lbx="0" lby="788" segmentation="ok" slant="57000" stroke-width="5719" threshold="154" text="All types of trader have been encouraged," ubs="64" ubx="0" uby="756">
      <word id="h07-040b-00-00" sentence-start="yes" tag="ABN" text="All">
        <cmp x="368" y="767" width="25" height="20" />
        <cmp x="394" y="717" width="51" height="86" />
        <cmp x="440" y="720" width="55" height="62" />
      </word>
      <word id="h07-040b-00-01" tag="NNS" text="types">
        <cmp x="547" y="720" width="44" height="73" />
        <cmp x="570" y="759" width="63" height="72" />
        <cmp x="621" y="756" width="102" height="63" />
      </word>
      <word id="h07-040b-00-02" tag="INO" text="of">
        <cmp x="789" y="739" width="80" height="70" />
        <cmp x="803" y="750" width="4" height="4" />
      </word>
      <word id="h07-040b-00-03" tag="NN" text="trader">
        <cmp x="929" y="728" width="196" height="53" />
      </word>
      <word id="h07-040b-00-04" tag="HV" text="have">
        <cmp x="1172" y="719" width="87" height="60" />
        <cmp x="1267" y="747" width="87" height="30" />
      </word>
      <word id="h07-040b-00-05" tag="BEN" text="been">
        <cmp x="1415" y="714" width="144" height="60" />
      </word>
      <word id="h07-040b-00-06" tag="VBN" text="encouraged">
        <cmp x="1628" y="746" width="93" height="36" />
        <cmp x="1742" y="747" width="32" height="28" />
        <cmp x="1766" y="755" width="97" height="28" />
        <cmp x="1873" y="748" width="167" height="51" />
      </word>
      <word id="h07-040b-00-07" tag="," text=",">
        <cmp x="2047" y="776" width="27" height="23" />
      </word>
      <lower-contour>
        <point x="370" y="830" />
        <point x="2004" y="830" />
      </lower-contour>
    </line>
    <line ass="696" asx="0" asy="903" character-width="999" dss="696" dsx="0" dsy="999" fd0="12627" fd1="2306" fd2="-1014" filter-width="4" id="h07-040b-01" lbs="627" lbx="0" lby="970" segmentation="ok" slant="51000" stroke-width="6027" threshold="150" text="from the large departmental store to #" ubs="834" ubx="0" uby="947">
      <word id="h07-040b-01-00" tag="IN" text="from">
        <cmp x="372" y="909" width="60" height="85" />
        <cmp x="421" y="938" width="132" height="31" />
      </word>
      <word id="h07-040b-01-01" tag="ATI" text="the">
        <cmp x="633" y="895" width="54" height="70" />
        <cmp x="685" y="907" width="65" height="48" />
      </word>
      <word id="h07-040b-01-02" tag="JJ" text="large">
        <cmp x="804" y="900" width="158" height="80" />
      </word>
      <word id="h07-040b-01-03" tag="JJ" text="departmental">
        <cmp x="1007" y="909" width="77" height="46" />
        <cmp x="1072" y="893" width="255" height="88" />
        <cmp x="1328" y="896" width="63" height="58" />
        <cmp x="1398" y="892" width="33" height="55" />
      </word>
      <word id="h07-040b-01-04" tag="NN" text="store">
        <cmp x="1465" y="910" width="35" height="50" />
        <cmp x="1487" y="901" width="125" height="56" />
      </word>
      <word id="h07-040b-01-05" tag="IN" text="to">
        <cmp x="1659" y="894" width="56" height="53" />
      </word>
      <word id="h07-040b-01-06" tag="&amp;GA" text="#">
        <cmp x="1779" y="896" width="223" height="65" />
      </word>
      <upper-contour>
        <point x="370" y="830" />
        <point x="2004" y="830" />
      </upper-contour>
      <lower-contour>
        <point x="370" y="993" />
        <point x="2004" y="993" />
      </lower-contour>
    </line>
    <line ass="356" asx="0" asy="1068" character-width="999" dss="356" dsx="0" dsy="1172" fd0="14947" fd1="3000" fd2="-474" filter-width="4" id="h07-040b-02" lbs="377" lbx="0" lby="1143" segmentation="ok" slant="61000" stroke-width="5804" threshold="151" text="the small shoe-mender, with banks specially" ubs="315" ubx="0" uby="1118">
      <word id="h07-040b-02-00" tag="ATI" text="the">
        <cmp x="351" y="1067" width="48" height="86" />
        <cmp x="401" y="1076" width="65" height="62" />
      </word>
      <word id="h07-040b-02-01" tag="JJ" text="small">
        <cmp x="502" y="1102" width="38" height="43" />
        <cmp x="534" y="1109" width="118" height="34" />
        <cmp x="657" y="1095" width="27" height="45" />
        <cmp x="681" y="1099" width="30" height="48" />
      </word>
      <word id="h07-040b-02-02" tag="NN" text="shoe-mender">
        <cmp x="779" y="1111" width="30" height="38" />
        <cmp x="825" y="1080" width="75" height="56" />
        <cmp x="903" y="1111" width="27" height="25" />
        <cmp x="949" y="1120" width="30" height="9" />
        <cmp x="992" y="1107" width="111" height="30" />
        <cmp x="1113" y="1085" width="75" height="48" />
        <cmp x="1183" y="1115" width="36" height="21" />
      </word>
      <word id="h07-040b-02-03" tag="," text=",">
        <cmp x="1216" y="1139" width="16" height="16" />
      </word>
      <word id="h07-040b-02-04" tag="IN" text="with">
        <cmp x="1274" y="1109" width="65" height="31" />
        <cmp x="1354" y="1117" width="11" height="13" />
        <cmp x="1370" y="1091" width="5" height="7" />
        <cmp x="1382" y="1084" width="44" height="58" />
        <cmp x="1424" y="1096" width="37" height="38" />
      </word>
      <word id="h07-040b-02-05" tag="NNS" text="banks">
        <cmp x="1519" y="1082" width="37" height="49" />
        <cmp x="1547" y="1077" width="6" height="8" />
        <cmp x="1552" y="1104" width="92" height="30" />
        <cmp x="1655" y="1080" width="39" height="51" />
        <cmp x="1694" y="1103" width="17" height="35" />
      </word>
      <word id="h07-040b-02-06" tag="RB" text="specially">
        <cmp x="1773" y="1095" width="24" height="43" />
        <cmp x="1784" y="1095" width="79" height="60" />
        <cmp x="1869" y="1103" width="28" height="31" />
        <cmp x="1899" y="1119" width="10" height="9" />
        <cmp x="1918" y="1110" width="37" height="24" />
        <cmp x="1925" y="1088" width="5" height="5" />
        <cmp x="1956" y="1092" width="78" height="68" />
      </word>
      <upper-contour>
        <point x="370" y="993" />
        <point x="2004" y="993" />
      </upper-contour>
      <lower-contour>
        <point x="360" y="1164" />
        <point x="2037" y="1164" />
      </lower-contour>
    </line>
    <line ass="614" asx="0" asy="1253" character-width="999" dss="614" dsx="0" dsy="1354" fd0="14735" fd1="2935" fd2="-340" filter-width="4" id="h07-040b-03" lbs="630" lbx="0" lby="1329" segmentation="ok" slant="58000" stroke-width="5784" threshold="151" text="sited on corners or in separate courts to avoid" ubs="583" ubx="0" uby="1298">
      <word id="h07-040b-03-00" tag="VBN" text="sited">
        <cmp x="362" y="1278" width="31" height="50" />
        <cmp x="383" y="1295" width="20" height="31" />
        <cmp x="407" y="1259" width="7" height="10" />
        <cmp x="420" y="1247" width="53" height="75" />
        <cmp x="468" y="1266" width="49" height="50" />
      </word>
      <word id="h07-040b-03-01" tag="IN" text="on">
        <cmp x="552" y="1282" width="38" height="36" />
        <cmp x="597" y="1291" width="32" height="34" />
      </word>
      <word id="h07-040b-03-02" tag="NNS" text="corners">
        <cmp x="692" y="1286" width="31" height="40" />
        <cmp x="716" y="1297" width="70" height="29" />
        <cmp x="795" y="1293" width="91" height="37" />
      </word>
      <word id="h07-040b-03-03" tag="CC" text="or">
        <cmp x="932" y="1287" width="69" height="35" />
      </word>
      <word id="h07-040b-03-04" tag="IN" text="in">
        <cmp x="1062" y="1294" width="27" height="32" />
        <cmp x="1094" y="1270" width="9" height="14" />
        <cmp x="1100" y="1299" width="37" height="32" />
      </word>
      <word id="h07-040b-03-05" tag="JJ" text="separate">
        <cmp x="1212" y="1278" width="44" height="45" />
        <cmp x="1256" y="1290" width="128" height="52" />
        <cmp x="1400" y="1263" width="53" height="51" />
      </word>
      <word id="h07-040b-03-06" tag="NNS" text="courts">
        <cmp x="1504" y="1264" width="34" height="48" />
        <cmp x="1535" y="1278" width="87" height="32" />
        <cmp x="1620" y="1279" width="45" height="34" />
        <cmp x="1654" y="1247" width="58" height="72" />
      </word>
      <word id="h07-040b-03-07" tag="TO" text="to">
        <cmp x="1756" y="1254" width="65" height="53" />
        <cmp x="1759" y="1291" width="4" height="6" />
      </word>
      <word id="h07-040b-03-08" tag="VB" text="avoid">
        <cmp x="1865" y="1279" width="36" height="35" />
        <cmp x="1915" y="1281" width="108" height="35" />
        <cmp x="2029" y="1271" width="44" height="44" />
        <cmp x="2041" y="1260" width="7" height="17" />
      </word>
      <upper-contour>
        <point x="360" y="1164" />
        <point x="2037" y="1164" />
      </upper-contour>
      <lower-contour>
        <point x="364" y="1342" />
        <point x="2065" y="1342" />
      </lower-contour>
    </line>
    <line ass="342" asx="0" asy="1427" character-width="999" dss="342" dsx="0" dsy="1543" fd0="14786" fd1="2620" fd2="-494" filter-width="4" id="h07-040b-04" lbs="528" lbx="0" lby="1507" segmentation="ok" slant="54000" stroke-width="5798" threshold="150" text="breaking into the shopping frontage. As in the" ubs="-28" ubx="0" uby="1468">
      <word id="h07-040b-04-00" tag="VBG" text="breaking">
        <cmp x="366" y="1432" width="31" height="72" />
        <cmp x="386" y="1472" width="85" height="29" />
        <cmp x="482" y="1440" width="52" height="58" />
        <cmp x="536" y="1447" width="7" height="14" />
        <cmp x="543" y="1471" width="71" height="56" />
      </word>
      <word id="h07-040b-04-01" tag="IN" text="into">
        <cmp x="659" y="1465" width="22" height="32" />
        <cmp x="676" y="1450" width="11" height="14" />
        <cmp x="688" y="1472" width="41" height="22" />
        <cmp x="734" y="1446" width="52" height="48" />
      </word>
      <word id="h07-040b-04-02" tag="ATI" text="the">
        <cmp x="828" y="1443" width="80" height="53" />
      </word>
      <word id="h07-040b-04-03" tag="NN" text="shopping">
        <cmp x="974" y="1463" width="29" height="41" />
        <cmp x="1008" y="1431" width="38" height="66" />
        <cmp x="1039" y="1468" width="29" height="25" />
        <cmp x="1054" y="1450" width="44" height="61" />
        <cmp x="1077" y="1456" width="46" height="47" />
        <cmp x="1123" y="1467" width="12" height="18" />
        <cmp x="1135" y="1463" width="4" height="5" />
        <cmp x="1143" y="1472" width="31" height="25" />
        <cmp x="1148" y="1446" width="5" height="7" />
        <cmp x="1171" y="1476" width="43" height="59" />
      </word>
      <word id="h07-040b-04-04" tag="NN" text="frontage">
        <cmp x="1272" y="1445" width="61" height="77" />
        <cmp x="1315" y="1485" width="20" height="21" />
        <cmp x="1336" y="1473" width="103" height="25" />
        <cmp x="1454" y="1435" width="63" height="60" />
        <cmp x="1516" y="1465" width="46" height="55" />
        <cmp x="1554" y="1463" width="58" height="32" />
      </word>
      <word id="h07-040b-04-05" tag="." text=".">
        <cmp x="1614" y="1489" width="13" height="9" />
      </word>
      <word id="h07-040b-04-06" sentence-start="yes" tag="CS" text="As">
        <cmp x="1679" y="1417" width="100" height="78" />
        <cmp x="1762" y="1455" width="23" height="37" />
      </word>
      <word id="h07-040b-04-07" tag="IN" text="in">
        <cmp x="1836" y="1464" width="15" height="23" />
        <cmp x="1852" y="1458" width="10" height="7" />
        <cmp x="1866" y="1446" width="5" height="9" />
        <cmp x="1869" y="1462" width="37" height="34" />
      </word>
      <word id="h07-040b-04-08" tag="ATI" text="the">
        <cmp x="1961" y="1435" width="52" height="58" />
        <cmp x="2015" y="1441" width="49" height="48" />
      </word>
      <upper-contour>
        <point x="364" y="1342" />
        <point x="2065" y="1342" />
      </upper-contour>
      <lower-contour>
        <point x="364" y="1536" />
        <point x="1964" y="1536" />
      </lower-contour>
    </line>
    <line ass="15" asx="0" asy="1613" character-width="999" dss="15" dsx="0" dsy="1709" fd0="15233" fd1="3032" fd2="-493" filter-width="3" id="h07-040b-05" lbs="111" lbx="0" lby="1678" segmentation="ok" slant="51000" stroke-width="5702" threshold="145" text="case of factories and industrial sites, the" ubs="-175" ubx="0" uby="1641">
      <word id="h07-040b-05-00" tag="NN" text="case">
        <cmp x="358" y="1628" width="33" height="50" />
        <cmp x="384" y="1640" width="51" height="37" />
        <cmp x="452" y="1634" width="69" height="41" />
      </word>
      <word id="h07-040b-05-01" tag="INO" text="of">
        <cmp x="570" y="1623" width="81" height="77" />
      </word>
      <word id="h07-040b-05-02" tag="NNS" text="factories">
        <cmp x="687" y="1614" width="74" height="76" />
        <cmp x="766" y="1663" width="3" height="3" />
        <cmp x="777" y="1648" width="25" height="28" />
        <cmp x="808" y="1613" width="111" height="59" />
        <cmp x="933" y="1649" width="24" height="20" />
        <cmp x="935" y="1628" width="5" height="10" />
        <cmp x="966" y="1644" width="23" height="43" />
      </word>
      <word id="h07-040b-05-03" tag="CC" text="and">
        <cmp x="1041" y="1634" width="90" height="33" />
        <cmp x="1133" y="1638" width="50" height="31" />
      </word>
      <word id="h07-040b-05-04" tag="JJ" text="industrial">
        <cmp x="1227" y="1641" width="25" height="29" />
        <cmp x="1251" y="1626" width="7" height="11" />
        <cmp x="1257" y="1648" width="35" height="23" />
        <cmp x="1295" y="1628" width="84" height="48" />
        <cmp x="1392" y="1650" width="23" height="39" />
        <cmp x="1407" y="1652" width="4" height="3" />
        <cmp x="1418" y="1629" width="82" height="48" />
        <cmp x="1496" y="1650" width="38" height="22" />
        <cmp x="1538" y="1636" width="27" height="37" />
      </word>
      <word id="h07-040b-05-05" tag="NNS" text="sites">
        <cmp x="1613" y="1632" width="30" height="48" />
        <cmp x="1642" y="1639" width="3" height="4" />
        <cmp x="1647" y="1650" width="23" height="29" />
        <cmp x="1676" y="1616" width="9" height="7" />
        <cmp x="1682" y="1620" width="43" height="54" />
        <cmp x="1712" y="1647" width="28" height="27" />
        <cmp x="1746" y="1655" width="18" height="33" />
      </word>
      <word id="h07-040b-05-06" tag="," text=",">
        <cmp x="1765" y="1681" width="23" height="28" />
      </word>
      <word id="h07-040b-05-07" tag="ATI" text="the">
        <cmp x="1833" y="1614" width="50" height="63" />
        <cmp x="1885" y="1620" width="30" height="49" />
        <cmp x="1918" y="1642" width="42" height="25" />
      </word>
      <upper-contour>
        <point x="364" y="1536" />
        <point x="1964" y="1536" />
      </upper-contour>
      <lower-contour>
        <point x="357" y="1711" />
        <point x="1964" y="1711" />
      </lower-contour>
    </line>
    <line ass="86" asx="0" asy="1784" character-width="999" dss="86" dsx="0" dsy="1907" fd0="14833" fd1="2545" fd2="-862" filter-width="3" id="h07-040b-06" lbs="103" lbx="0" lby="1856" segmentation="err" slant="54000" stroke-width="5707" threshold="149" text="corporations&apos; policy has been to charge full commercial" ubs="53" ubx="0" uby="1826">
      <word id="h07-040b-06-00" tag="NNS$" text="corporations&apos;">
        <cmp x="359" y="1803" width="28" height="51" />
        <cmp x="389" y="1813" width="63" height="34" />
        <cmp x="441" y="1806" width="147" height="77" />
        <cmp x="608" y="1788" width="52" height="69" />
        <cmp x="666" y="1796" width="8" height="20" />
        <cmp x="666" y="1823" width="78" height="35" />
        <cmp x="752" y="1820" width="21" height="41" />
        <cmp x="796" y="1783" width="16" height="23" />
        <cmp x="827" y="1818" width="50" height="65" />
      </word>
      <word id="h07-040b-06-01" tag="NN" text="policy">
        <cmp x="874" y="1829" width="31" height="28" />
        <cmp x="910" y="1812" width="36" height="37" />
        <cmp x="946" y="1814" width="9" height="6" />
        <cmp x="951" y="1821" width="87" height="85" />
        <cmp x="958" y="1828" width="21" height="31" />
      </word>
      <word id="h07-040b-06-02" tag="HVZ" text="has">
        <cmp x="1079" y="1802" width="88" height="63" />
      </word>
      <word id="h07-040b-06-03" tag="BEN" text="been">
        <cmp x="1219" y="1795" width="52" height="68" />
        <cmp x="1267" y="1823" width="85" height="35" />
      </word>
      <word id="h07-040b-06-04" tag="TO" text="to">
        <cmp x="1417" y="1795" width="63" height="57" />
      </word>
      <word id="h07-040b-06-05" tag="VB" text="charge">
        <cmp x="1509" y="1817" width="36" height="41" />
        <cmp x="1540" y="1803" width="35" height="52" />
        <cmp x="1564" y="1827" width="57" height="29" />
        <cmp x="1622" y="1825" width="90" height="47" />
      </word>
      <word id="h07-040b-06-06" tag="JJ" text="full">
        <cmp x="1746" y="1792" width="94" height="82" />
        <cmp x="1850" y="1783" width="35" height="52" />
        <cmp x="1882" y="1783" width="25" height="51" />
      </word>
      <word id="h07-040b-06-07" tag="JJ" text="commercial">
        <cmp x="1926" y="1818" width="30" height="33" />
        <cmp x="1946" y="1819" width="240" height="36" />
        <cmp x="2176" y="1822" width="61" height="35" />
        <cmp x="2199" y="1805" width="7" height="7" />
      </word>
      <upper-contour>
        <point x="357" y="1711" />
        <point x="1964" y="1711" />
      </upper-contour>
      <lower-contour>
        <point x="369" y="1906" />
        <point x="2141" y="1906" />
      </lower-contour>
    </line>
    <line ass="583" asx="0" asy="1965" character-width="999" dss="583" dsx="0" dsy="2078" fd0="14568" fd1="2803" fd2="-551" filter-width="4" id="h07-040b-07" lbs="567" lbx="0" lby="2043" segmentation="ok" slant="59000" stroke-width="5733" threshold="150" text="rents for their shops and shopping sites. The" ubs="614" ubx="0" uby="2012">
      <word id="h07-040b-07-00" tag="NNS" text="rents">
        <cmp x="371" y="1974" width="184" height="80" />
      </word>
      <word id="h07-040b-07-01" tag="IN" text="for">
        <cmp x="624" y="1963" width="80" height="90" />
        <cmp x="684" y="1999" width="76" height="33" />
      </word>
      <word id="h07-040b-07-02" tag="PP$" text="their">
        <cmp x="830" y="1957" width="41" height="74" />
        <cmp x="871" y="1961" width="39" height="58" />
        <cmp x="893" y="1989" width="43" height="32" />
        <cmp x="939" y="1994" width="16" height="18" />
        <cmp x="960" y="2008" width="49" height="25" />
        <cmp x="963" y="1970" width="5" height="6" />
      </word>
      <word id="h07-040b-07-03" tag="NNS" text="shops">
        <cmp x="1076" y="1996" width="26" height="41" />
        <cmp x="1112" y="1964" width="33" height="60" />
        <cmp x="1148" y="2000" width="26" height="23" />
        <cmp x="1165" y="1992" width="55" height="59" />
        <cmp x="1225" y="1995" width="20" height="38" />
      </word>
      <word id="h07-040b-07-04" tag="CC" text="and">
        <cmp x="1303" y="1996" width="96" height="32" />
        <cmp x="1401" y="1988" width="41" height="34" />
      </word>
      <word id="h07-040b-07-05" tag="NN" text="shopping">
        <cmp x="1493" y="1996" width="26" height="40" />
        <cmp x="1519" y="1983" width="78" height="48" />
        <cmp x="1578" y="1982" width="53" height="81" />
        <cmp x="1614" y="1985" width="58" height="68" />
        <cmp x="1672" y="1996" width="15" height="17" />
        <cmp x="1688" y="1991" width="4" height="7" />
        <cmp x="1693" y="1995" width="19" height="24" />
        <cmp x="1694" y="1978" width="6" height="5" />
        <cmp x="1709" y="2007" width="5" height="4" />
        <cmp x="1714" y="2002" width="42" height="52" />
      </word>
      <word id="h07-040b-07-06" tag="NNS" text="sites">
        <cmp x="1801" y="1990" width="37" height="48" />
        <cmp x="1845" y="1998" width="28" height="27" />
        <cmp x="1871" y="1966" width="73" height="69" />
        <cmp x="1880" y="1969" width="7" height="5" />
        <cmp x="1934" y="2006" width="21" height="27" />
      </word>
      <word id="h07-040b-07-07" tag="." text=".">
        <cmp x="1982" y="2022" width="8" height="18" />
      </word>
      <word id="h07-040b-07-08" sentence-start="yes" tag="ATI" text="The">
        <cmp x="2025" y="1952" width="71" height="81" />
        <cmp x="2075" y="1952" width="65" height="64" />
      </word>
      <upper-contour>
        <point x="369" y="1906" />
        <point x="2141" y="1906" />
      </upper-contour>
      <lower-contour>
        <point x="369" y="2064" />
        <point x="2141" y="2064" />
      </lower-contour>
    </line>
    <line ass="104" asx="0" asy="2142" character-width="999" dss="104" dsx="0" dsy="2256" fd0="14338" fd1="2504" fd2="-592" filter-width="3" id="h07-040b-08" lbs="129" lbx="0" lby="2214" segmentation="ok" slant="50000" stroke-width="5677" threshold="148" text="cost of town centre development has been very" ubs="56" ubx="0" uby="2186">
      <word id="h07-040b-08-00" tag="NN" text="cost">
        <cmp x="365" y="2165" width="35" height="50" />
        <cmp x="393" y="2183" width="30" height="30" />
        <cmp x="432" y="2167" width="65" height="52" />
        <cmp x="442" y="2180" width="10" height="3" />
        <cmp x="492" y="2157" width="5" height="6" />
      </word>
      <word id="h07-040b-08-01" tag="INO" text="of">
        <cmp x="550" y="2165" width="84" height="76" />
      </word>
      <word id="h07-040b-08-02" tag="NN" text="town">
        <cmp x="683" y="2155" width="184" height="65" />
        <cmp x="736" y="2154" width="3" height="5" />
      </word>
      <word id="h07-040b-08-03" tag="NN" text="centre">
        <cmp x="922" y="2173" width="101" height="37" />
        <cmp x="923" y="2164" width="35" height="16" />
        <cmp x="1030" y="2147" width="71" height="57" />
        <cmp x="1065" y="2187" width="46" height="26" />
      </word>
      <word id="h07-040b-08-04" tag="NN" text="development">
        <cmp x="1201" y="2153" width="74" height="57" />
        <cmp x="1294" y="2179" width="75" height="32" />
        <cmp x="1369" y="2140" width="60" height="62" />
        <cmp x="1408" y="2192" width="39" height="43" />
        <cmp x="1414" y="2173" width="49" height="49" />
        <cmp x="1467" y="2175" width="128" height="39" />
        <cmp x="1602" y="2167" width="55" height="49" />
      </word>
      <word id="h07-040b-08-05" tag="HVZ" text="has">
        <cmp x="1708" y="2153" width="39" height="65" />
        <cmp x="1748" y="2192" width="38" height="21" />
        <cmp x="1791" y="2184" width="24" height="39" />
      </word>
      <word id="h07-040b-08-06" tag="BEN" text="been">
        <cmp x="1867" y="2140" width="121" height="70" />
      </word>
      <word id="h07-040b-08-07" tag="QL" text="very">
        <cmp x="2032" y="2175" width="151" height="78" />
      </word>
      <upper-contour>
        <point x="369" y="2064" />
        <point x="2141" y="2064" />
      </upper-contour>
      <lower-contour>
        <point x="367" y="2257" />
        <point x="2184" y="2257" />
      </lower-contour>
    </line>
    <line ass="-213" asx="0" asy="2315" character-width="999" dss="-213" dsx="0" dsy="2427" fd0="14611" fd1="2765" fd2="-295" filter-width="3" id="h07-040b-09" lbs="-217" lbx="0" lby="2387" segmentation="ok" slant="54000" stroke-width="5646" threshold="149" text="high in some cases with large paved areas" ubs="-206" ubx="0" uby="2359">
      <word id="h07-040b-09-00" tag="JJ" text="high">
        <cmp x="369" y="2322" width="54" height="60" />
        <cmp x="423" y="2357" width="18" height="35" />
        <cmp x="436" y="2350" width="43" height="65" />
        <cmp x="443" y="2326" width="6" height="20" />
        <cmp x="490" y="2318" width="37" height="66" />
      </word>
      <word id="h07-040b-09-01" tag="IN" text="in">
        <cmp x="605" y="2366" width="14" height="10" />
        <cmp x="615" y="2336" width="9" height="20" />
        <cmp x="632" y="2368" width="29" height="20" />
      </word>
      <word id="h07-040b-09-02" tag="DTI" text="some">
        <cmp x="748" y="2343" width="29" height="55" />
        <cmp x="776" y="2368" width="112" height="24" />
        <cmp x="898" y="2358" width="32" height="39" />
      </word>
      <word id="h07-040b-09-03" tag="NNS" text="cases">
        <cmp x="1004" y="2346" width="45" height="41" />
        <cmp x="1033" y="2362" width="46" height="26" />
        <cmp x="1096" y="2354" width="51" height="38" />
        <cmp x="1149" y="2356" width="30" height="42" />
      </word>
      <word id="h07-040b-09-04" tag="IN" text="with">
        <cmp x="1238" y="2350" width="76" height="39" />
        <cmp x="1331" y="2363" width="19" height="22" />
        <cmp x="1351" y="2335" width="8" height="9" />
        <cmp x="1368" y="2329" width="42" height="56" />
        <cmp x="1411" y="2326" width="40" height="68" />
      </word>
      <word id="h07-040b-09-05" tag="JJ" text="large">
        <cmp x="1519" y="2337" width="63" height="57" />
        <cmp x="1579" y="2364" width="114" height="69" />
      </word>
      <word id="h07-040b-09-06" tag="JJ" text="paved">
        <cmp x="1729" y="2352" width="71" height="75" />
        <cmp x="1791" y="2370" width="55" height="25" />
        <cmp x="1845" y="2358" width="118" height="41" />
      </word>
      <word id="h07-040b-09-07" tag="NNS" text="areas">
        <cmp x="2015" y="2362" width="43" height="29" />
        <cmp x="2076" y="2360" width="87" height="29" />
        <cmp x="2173" y="2362" width="20" height="36" />
      </word>
      <upper-contour>
        <point x="367" y="2257" />
        <point x="2184" y="2257" />
      </upper-contour>
      <lower-contour>
        <point x="368" y="2435" />
        <point x="2194" y="2435" />
      </lower-contour>
    </line>
    <line ass="246" asx="0" asy="2505" character-width="999" dss="246" dsx="0" dsy="2603" fd0="14726" fd1="2590" fd2="-884" filter-width="3" id="h07-040b-10" lbs="344" lbx="0" lby="2576" segmentation="ok" slant="46000" stroke-width="5698" threshold="149" text="and pleasant amenities and decorative features." ubs="51" ubx="0" uby="2543">
      <word id="h07-040b-10-00" tag="CC" text="and">
        <cmp x="370" y="2522" width="140" height="51" />
      </word>
      <word id="h07-040b-10-01" tag="JJ" text="pleasant">
        <cmp x="555" y="2538" width="53" height="63" />
        <cmp x="619" y="2519" width="42" height="53" />
        <cmp x="673" y="2539" width="30" height="26" />
        <cmp x="713" y="2541" width="28" height="45" />
        <cmp x="739" y="2542" width="83" height="31" />
        <cmp x="826" y="2517" width="50" height="59" />
      </word>
      <word id="h07-040b-10-02" tag="NNS" text="amenities">
        <cmp x="933" y="2539" width="51" height="34" />
        <cmp x="996" y="2539" width="55" height="28" />
        <cmp x="1056" y="2536" width="74" height="34" />
        <cmp x="1123" y="2521" width="7" height="7" />
        <cmp x="1132" y="2544" width="8" height="4" />
        <cmp x="1133" y="2515" width="60" height="63" />
        <cmp x="1203" y="2524" width="6" height="12" />
        <cmp x="1210" y="2540" width="22" height="32" />
        <cmp x="1238" y="2537" width="27" height="42" />
      </word>
      <word id="h07-040b-10-03" tag="CC" text="and">
        <cmp x="1345" y="2532" width="94" height="30" />
        <cmp x="1454" y="2520" width="48" height="36" />
      </word>
      <word id="h07-040b-10-04" tag="JJ" text="decorative">
        <cmp x="1573" y="2499" width="83" height="60" />
        <cmp x="1659" y="2532" width="29" height="33" />
        <cmp x="1693" y="2535" width="38" height="28" />
        <cmp x="1731" y="2543" width="35" height="20" />
        <cmp x="1770" y="2544" width="30" height="18" />
        <cmp x="1808" y="2508" width="56" height="56" />
        <cmp x="1854" y="2550" width="15" height="17" />
        <cmp x="1881" y="2524" width="11" height="9" />
        <cmp x="1889" y="2541" width="66" height="24" />
      </word>
      <word id="h07-040b-10-05" tag="NNS" text="features">
        <cmp x="1993" y="2537" width="71" height="44" />
        <cmp x="1995" y="2517" width="67" height="55" />
        <cmp x="2062" y="2545" width="41" height="24" />
        <cmp x="2098" y="2513" width="72" height="46" />
        <cmp x="2166" y="2540" width="53" height="32" />
        <cmp x="2221" y="2536" width="30" height="38" />
      </word>
      <word id="h07-040b-10-06" tag="." text=".">
        <cmp x="2257" y="2561" width="10" height="8" />
      </word>
      <upper-contour>
        <point x="368" y="2435" />
        <point x="2194" y="2435" />
      </upper-contour>
    </line>
  </handwritten-part>
</form>

