<?xml version="1.0" encoding="ISO-8859-1"?>

<!DOCTYPE form SYSTEM 'http://www.iam.unibe.ch/~fki/iamdb/form-metadata.dtd'>

<form created="2002-04-11" height="3542" id="h07-040" last-modified="2002-07-17" skew="127" status="final" version="3.0_beta" width="2479" writer-id="388">
  <machine-printed-part>
    <machine-print-line text="All types of trader have been encouraged, from the large departmental store to the" />
    <machine-print-line text="small shoe-mender, with banks specially sited on corners or in separate courts to avoid" />
    <machine-print-line text="breaking into the shopping frontage. As in the case of factories and industrial sites," />
    <machine-print-line text="the corporations&apos; policy has been to charge full commercial rents for their shops and" />
    <machine-print-line text="shopping sites. The cost of town centre development has been very high in some cases" />
    <machine-print-line text="with large paved areas and pleasant amenities and decorative features." />
  </machine-printed-part>
  <handwritten-part>
    <line ass="143" asx="0" asy="695" character-width="999" dss="143" dsx="0" dsy="811" fd0="14889" fd1="3377" fd2="-602" filter-width="3" id="h07-040-00" lbs="73" lbx="0" lby="768" segmentation="ok" slant="50000" stroke-width="5285" threshold="185" text="All types of trader have been encouraged," ubs="281" ubx="0" uby="750">
      <word id="h07-040-00-00" sentence-start="yes" tag="ABN" text="All">
        <cmp x="394" y="723" width="57" height="50" />
        <cmp x="449" y="725" width="41" height="49" />
        <cmp x="464" y="719" width="52" height="54" />
      </word>
      <word id="h07-040-00-01" tag="NNS" text="types">
        <cmp x="568" y="720" width="88" height="91" />
        <cmp x="630" y="744" width="77" height="54" />
        <cmp x="709" y="741" width="43" height="35" />
        <cmp x="752" y="748" width="32" height="29" />
        <cmp x="784" y="745" width="12" height="6" />
      </word>
      <word id="h07-040-00-02" tag="INO" text="of">
        <cmp x="869" y="744" width="26" height="27" />
        <cmp x="895" y="726" width="47" height="65" />
        <cmp x="943" y="694" width="40" height="31" />
      </word>
      <word id="h07-040-00-03" tag="NN" text="trader">
        <cmp x="1013" y="716" width="73" height="56" />
        <cmp x="1084" y="743" width="40" height="29" />
        <cmp x="1133" y="712" width="84" height="63" />
        <cmp x="1192" y="746" width="86" height="28" />
      </word>
      <word id="h07-040-00-04" tag="HV" text="have">
        <cmp x="1320" y="714" width="50" height="56" />
        <cmp x="1364" y="740" width="40" height="29" />
        <cmp x="1409" y="743" width="48" height="27" />
        <cmp x="1442" y="741" width="42" height="26" />
      </word>
      <word id="h07-040-00-05" tag="BEN" text="been">
        <cmp x="1553" y="709" width="47" height="59" />
        <cmp x="1588" y="741" width="39" height="25" />
        <cmp x="1629" y="742" width="89" height="25" />
      </word>
      <word id="h07-040-00-06" tag="VBN" text="encouraged">
        <cmp x="1780" y="735" width="39" height="28" />
        <cmp x="1825" y="738" width="35" height="19" />
        <cmp x="1868" y="738" width="30" height="22" />
        <cmp x="1902" y="735" width="30" height="31" />
        <cmp x="1937" y="734" width="43" height="24" />
        <cmp x="1972" y="733" width="39" height="27" />
        <cmp x="2002" y="736" width="40" height="23" />
        <cmp x="2023" y="778" width="5" height="7" />
        <cmp x="2023" y="735" width="63" height="60" />
        <cmp x="2086" y="699" width="87" height="60" />
      </word>
      <word id="h07-040-00-07" tag="," text=",">
        <cmp x="2157" y="754" width="26" height="28" />
      </word>
      <lower-contour>
        <point x="392" y="810" />
        <point x="2078" y="810" />
      </lower-contour>
    </line>
    <line ass="913" asx="0" asy="897" character-width="999" dss="913" dsx="0" dsy="1003" fd0="14550" fd1="3163" fd2="-721" filter-width="3" id="h07-040-01" lbs="929" lbx="0" lby="970" segmentation="ok" slant="49000" stroke-width="5164" threshold="186" text="from the large departmental store to the" ubs="881" ubx="0" uby="948">
      <word id="h07-040-01-00" tag="IN" text="from">
        <cmp x="364" y="891" width="88" height="84" />
        <cmp x="439" y="937" width="81" height="27" />
      </word>
      <word id="h07-040-01-01" tag="ATI" text="the">
        <cmp x="592" y="909" width="86" height="57" />
        <cmp x="659" y="937" width="55" height="28" />
      </word>
      <word id="h07-040-01-02" tag="JJ" text="large">
        <cmp x="775" y="906" width="41" height="52" />
        <cmp x="796" y="929" width="123" height="62" />
        <cmp x="854" y="977" width="5" height="7" />
        <cmp x="924" y="930" width="37" height="26" />
      </word>
      <word id="h07-040-01-03" tag="JJ" text="departmental">
        <cmp x="1024" y="907" width="66" height="50" />
        <cmp x="1078" y="931" width="32" height="24" />
        <cmp x="1098" y="932" width="68" height="48" />
        <cmp x="1169" y="927" width="50" height="28" />
        <cmp x="1183" y="928" width="7" height="6" />
        <cmp x="1217" y="927" width="47" height="25" />
        <cmp x="1226" y="934" width="5" height="3" />
        <cmp x="1268" y="889" width="102" height="62" />
        <cmp x="1378" y="917" width="78" height="28" />
        <cmp x="1466" y="901" width="73" height="49" />
        <cmp x="1512" y="893" width="4" height="6" />
        <cmp x="1542" y="890" width="50" height="56" />
      </word>
      <word id="h07-040-01-04" tag="NN" text="store">
        <cmp x="1608" y="921" width="29" height="27" />
        <cmp x="1640" y="897" width="164" height="52" />
        <cmp x="1691" y="892" width="6" height="6" />
      </word>
      <word id="h07-040-01-05" tag="IN" text="to">
        <cmp x="1839" y="890" width="51" height="60" />
      </word>
      <word id="h07-040-01-06" tag="ATI" text="the">
        <cmp x="1948" y="888" width="48" height="49" />
        <cmp x="1981" y="882" width="56" height="60" />
        <cmp x="2029" y="910" width="49" height="27" />
      </word>
      <upper-contour>
        <point x="392" y="810" />
        <point x="2078" y="810" />
      </upper-contour>
      <lower-contour>
        <point x="374" y="991" />
        <point x="2078" y="991" />
      </lower-contour>
    </line>
    <line ass="985" asx="0" asy="1093" character-width="999" dss="985" dsx="0" dsy="1198" fd0="14933" fd1="2780" fd2="-913" filter-width="3" id="h07-040-02" lbs="1021" lbx="0" lby="1152" segmentation="err" slant="49000" stroke-width="5069" threshold="188" text="small shoe-mender, with banks specially" ubs="913" ubx="0" uby="1131">
      <word id="h07-040-02-00" tag="JJ" text="small">
        <cmp x="376" y="1109" width="37" height="38" />
        <cmp x="407" y="1121" width="66" height="22" />
        <cmp x="486" y="1113" width="48" height="30" />
        <cmp x="537" y="1090" width="46" height="52" />
        <cmp x="560" y="1087" width="48" height="54" />
      </word>
      <word id="h07-040-02-01" tag="NN" text="shoe-mender">
        <cmp x="655" y="1111" width="63" height="38" />
        <cmp x="696" y="1081" width="63" height="65" />
        <cmp x="757" y="1117" width="36" height="28" />
        <cmp x="795" y="1114" width="49" height="32" />
        <cmp x="861" y="1124" width="30" height="8" />
        <cmp x="894" y="1117" width="64" height="26" />
        <cmp x="966" y="1112" width="33" height="27" />
        <cmp x="999" y="1117" width="49" height="21" />
        <cmp x="1050" y="1082" width="76" height="55" />
        <cmp x="1101" y="1111" width="38" height="25" />
        <cmp x="1146" y="1102" width="53" height="32" />
      </word>
      <word id="h07-040-02-02" tag="," text=",">
        <cmp x="1186" y="1132" width="20" height="30" />
      </word>
      <word id="h07-040-02-03" tag="IN" text="with">
        <cmp x="1242" y="1114" width="60" height="22" />
        <cmp x="1304" y="1116" width="17" height="23" />
        <cmp x="1332" y="1092" width="5" height="9" />
        <cmp x="1339" y="1084" width="70" height="56" />
      </word>
      <word id="h07-040-02-04" tag="NNS" text="banks">
        <cmp x="1479" y="1090" width="30" height="43" />
        <cmp x="1511" y="1081" width="7" height="8" />
        <cmp x="1524" y="1106" width="84" height="29" />
        <cmp x="1612" y="1079" width="51" height="54" />
        <cmp x="1659" y="1105" width="34" height="28" />
      </word>
      <word id="h07-040-02-05" tag="RB" text="specially">
        <cmp x="1745" y="1100" width="37" height="26" />
        <cmp x="1748" y="1100" width="77" height="61" />
        <cmp x="1832" y="1102" width="32" height="24" />
        <cmp x="1868" y="1100" width="81" height="31" />
        <cmp x="1949" y="1081" width="111" height="46" />
        <cmp x="1952" y="1082" width="7" height="16" />
        <cmp x="2022" y="1075" width="64" height="51" />
        <cmp x="2041" y="1101" width="72" height="63" />
        <cmp x="2069" y="1097" width="10" height="5" />
      </word>
      <upper-contour>
        <point x="374" y="991" />
        <point x="2078" y="991" />
      </upper-contour>
      <lower-contour>
        <point x="379" y="1165" />
        <point x="2114" y="1165" />
      </lower-contour>
    </line>
    <line ass="309" asx="0" asy="1259" character-width="999" dss="309" dsx="0" dsy="1337" fd0="14594" fd1="2822" fd2="-518" filter-width="3" id="h07-040-03" lbs="327" lbx="0" lby="1320" segmentation="ok" slant="29000" stroke-width="5098" threshold="186" text="sited on corners or in separate courts" ubs="271" ubx="0" uby="1299">
      <word id="h07-040-03-00" tag="VBN" text="sited">
        <cmp x="381" y="1289" width="36" height="36" />
        <cmp x="418" y="1294" width="31" height="27" />
        <cmp x="456" y="1259" width="70" height="61" />
        <cmp x="460" y="1267" width="3" height="7" />
        <cmp x="530" y="1255" width="87" height="63" />
      </word>
      <word id="h07-040-03-01" tag="IN" text="on">
        <cmp x="655" y="1292" width="86" height="24" />
      </word>
      <word id="h07-040-03-02" tag="NNS" text="corners">
        <cmp x="811" y="1286" width="53" height="32" />
        <cmp x="863" y="1292" width="80" height="27" />
        <cmp x="865" y="1292" width="5" height="3" />
        <cmp x="940" y="1292" width="50" height="25" />
        <cmp x="993" y="1291" width="38" height="28" />
        <cmp x="1033" y="1286" width="79" height="40" />
      </word>
      <word id="h07-040-03-03" tag="CC" text="or">
        <cmp x="1174" y="1289" width="86" height="34" />
      </word>
      <word id="h07-040-03-04" tag="IN" text="in">
        <cmp x="1298" y="1296" width="25" height="19" />
        <cmp x="1317" y="1278" width="41" height="37" />
      </word>
      <word id="h07-040-03-05" tag="JJ" text="separate">
        <cmp x="1421" y="1287" width="36" height="23" />
        <cmp x="1460" y="1285" width="5" height="7" />
        <cmp x="1465" y="1287" width="33" height="24" />
        <cmp x="1492" y="1290" width="64" height="40" />
        <cmp x="1563" y="1287" width="41" height="24" />
        <cmp x="1612" y="1288" width="43" height="25" />
        <cmp x="1647" y="1288" width="54" height="27" />
        <cmp x="1706" y="1259" width="79" height="58" />
      </word>
      <word id="h07-040-03-06" tag="NNS" text="courts">
        <cmp x="1837" y="1283" width="44" height="31" />
        <cmp x="1882" y="1284" width="100" height="31" />
        <cmp x="1975" y="1284" width="57" height="26" />
        <cmp x="2039" y="1250" width="81" height="54" />
      </word>
      <upper-contour>
        <point x="379" y="1165" />
        <point x="2114" y="1165" />
      </upper-contour>
      <lower-contour>
        <point x="385" y="1330" />
        <point x="2121" y="1330" />
      </lower-contour>
    </line>
    <line ass="160" asx="0" asy="1419" character-width="999" dss="160" dsx="0" dsy="1546" fd0="14847" fd1="2479" fd2="-975" filter-width="3" id="h07-040-04" lbs="201" lbx="0" lby="1501" segmentation="ok" slant="43000" stroke-width="5205" threshold="184" text="to avoid breaking into the shopping frontage." ubs="76" ubx="0" uby="1478">
      <word id="h07-040-04-00" tag="TO" text="to">
        <cmp x="387" y="1453" width="62" height="57" />
      </word>
      <word id="h07-040-04-01" tag="VB" text="avoid">
        <cmp x="523" y="1473" width="54" height="35" />
        <cmp x="586" y="1472" width="48" height="30" />
        <cmp x="622" y="1477" width="31" height="27" />
        <cmp x="656" y="1477" width="21" height="24" />
        <cmp x="675" y="1448" width="82" height="54" />
        <cmp x="696" y="1452" width="11" height="8" />
      </word>
      <word id="h07-040-04-02" tag="VBG" text="breaking">
        <cmp x="797" y="1450" width="47" height="56" />
        <cmp x="834" y="1474" width="71" height="31" />
        <cmp x="912" y="1450" width="119" height="58" />
        <cmp x="1017" y="1444" width="4" height="5" />
        <cmp x="1039" y="1478" width="46" height="23" />
        <cmp x="1049" y="1482" width="81" height="63" />
        <cmp x="1055" y="1460" width="6" height="7" />
      </word>
      <word id="h07-040-04-03" tag="IN" text="into">
        <cmp x="1181" y="1478" width="28" height="26" />
        <cmp x="1202" y="1458" width="38" height="42" />
        <cmp x="1250" y="1441" width="66" height="63" />
        <cmp x="1293" y="1477" width="39" height="27" />
      </word>
      <word id="h07-040-04-04" tag="ATI" text="the">
        <cmp x="1385" y="1438" width="83" height="64" />
        <cmp x="1465" y="1467" width="38" height="31" />
      </word>
      <word id="h07-040-04-05" tag="NN" text="shopping">
        <cmp x="1558" y="1470" width="34" height="23" />
        <cmp x="1588" y="1430" width="70" height="68" />
        <cmp x="1591" y="1467" width="8" height="5" />
        <cmp x="1641" y="1471" width="29" height="21" />
        <cmp x="1652" y="1469" width="64" height="45" />
        <cmp x="1697" y="1467" width="69" height="49" />
        <cmp x="1768" y="1463" width="27" height="25" />
        <cmp x="1790" y="1456" width="41" height="32" />
        <cmp x="1807" y="1509" width="3" height="6" />
        <cmp x="1809" y="1460" width="75" height="64" />
      </word>
      <word id="h07-040-04-06" tag="NN" text="frontage">
        <cmp x="1912" y="1414" width="154" height="106" />
        <cmp x="2069" y="1425" width="131" height="105" />
      </word>
      <word id="h07-040-04-07" tag="." text=".">
        <cmp x="2206" y="1491" width="17" height="10" />
      </word>
      <upper-contour>
        <point x="385" y="1330" />
        <point x="2121" y="1330" />
      </upper-contour>
      <lower-contour>
        <point x="385" y="1545" />
        <point x="2223" y="1545" />
      </lower-contour>
    </line>
    <line ass="635" asx="0" asy="1618" character-width="999" dss="635" dsx="0" dsy="1713" fd0="14706" fd1="2712" fd2="-860" filter-width="3" id="h07-040-05" lbs="600" lbx="0" lby="1687" segmentation="ok" slant="45000" stroke-width="5101" threshold="180" text="As in the case of factories and industrial" ubs="705" ubx="0" uby="1668">
      <word id="h07-040-05-00" sentence-start="yes" tag="CS" text="As">
        <cmp x="383" y="1624" width="108" height="69" />
      </word>
      <word id="h07-040-05-01" tag="IN" text="in">
        <cmp x="528" y="1656" width="28" height="26" />
        <cmp x="554" y="1660" width="34" height="19" />
        <cmp x="574" y="1638" width="3" height="6" />
      </word>
      <word id="h07-040-05-02" tag="ATI" text="the">
        <cmp x="635" y="1619" width="85" height="58" />
        <cmp x="713" y="1645" width="46" height="32" />
      </word>
      <word id="h07-040-05-03" tag="NN" text="case">
        <cmp x="847" y="1645" width="62" height="35" />
        <cmp x="905" y="1647" width="57" height="37" />
        <cmp x="954" y="1647" width="49" height="32" />
        <cmp x="1003" y="1651" width="42" height="30" />
      </word>
      <word id="h07-040-05-04" tag="INO" text="of">
        <cmp x="1106" y="1610" width="105" height="90" />
      </word>
      <word id="h07-040-05-05" tag="NNS" text="factories">
        <cmp x="1224" y="1604" width="98" height="97" />
        <cmp x="1289" y="1661" width="49" height="17" />
        <cmp x="1307" y="1646" width="36" height="24" />
        <cmp x="1340" y="1652" width="57" height="27" />
        <cmp x="1408" y="1620" width="112" height="60" />
        <cmp x="1471" y="1617" width="10" height="5" />
        <cmp x="1504" y="1648" width="30" height="27" />
        <cmp x="1534" y="1640" width="50" height="34" />
        <cmp x="1555" y="1626" width="8" height="8" />
        <cmp x="1582" y="1642" width="60" height="32" />
      </word>
      <word id="h07-040-05-06" tag="CC" text="and">
        <cmp x="1693" y="1642" width="41" height="32" />
        <cmp x="1732" y="1650" width="39" height="26" />
        <cmp x="1777" y="1613" width="81" height="58" />
      </word>
      <word id="h07-040-05-07" tag="JJ" text="industrial">
        <cmp x="1884" y="1647" width="21" height="22" />
        <cmp x="1902" y="1626" width="42" height="43" />
        <cmp x="1946" y="1608" width="100" height="61" />
        <cmp x="2032" y="1637" width="43" height="31" />
        <cmp x="2077" y="1599" width="74" height="66" />
        <cmp x="2143" y="1643" width="27" height="24" />
        <cmp x="2176" y="1636" width="47" height="26" />
        <cmp x="2185" y="1622" width="8" height="8" />
        <cmp x="2224" y="1606" width="47" height="59" />
      </word>
      <upper-contour>
        <point x="385" y="1545" />
        <point x="2223" y="1545" />
      </upper-contour>
      <lower-contour>
        <point x="380" y="1705" />
        <point x="2123" y="1705" />
      </lower-contour>
    </line>
    <line ass="549" asx="0" asy="1795" character-width="999" dss="549" dsx="0" dsy="1897" fd0="14738" fd1="2881" fd2="-569" filter-width="3" id="h07-040-06" lbs="638" lbx="0" lby="1863" segmentation="ok" slant="50000" stroke-width="5043" threshold="183" text="sites, the corporations&apos; policy has been" ubs="370" ubx="0" uby="1836">
      <word id="h07-040-06-00" tag="NNS" text="sites">
        <cmp x="356" y="1831" width="46" height="42" />
        <cmp x="396" y="1833" width="32" height="34" />
        <cmp x="428" y="1817" width="13" height="14" />
        <cmp x="444" y="1790" width="78" height="76" />
        <cmp x="533" y="1828" width="44" height="34" />
      </word>
      <word id="h07-040-06-01" tag="," text=",">
        <cmp x="572" y="1848" width="27" height="34" />
      </word>
      <word id="h07-040-06-02" tag="ATI" text="the">
        <cmp x="649" y="1792" width="81" height="64" />
        <cmp x="728" y="1822" width="32" height="25" />
      </word>
      <word id="h07-040-06-03" tag="NNS$" text="corporations&apos;">
        <cmp x="828" y="1823" width="46" height="33" />
        <cmp x="867" y="1826" width="94" height="28" />
        <cmp x="931" y="1826" width="66" height="49" />
        <cmp x="999" y="1823" width="79" height="29" />
        <cmp x="1069" y="1823" width="51" height="34" />
        <cmp x="1128" y="1795" width="70" height="55" />
        <cmp x="1198" y="1822" width="88" height="28" />
        <cmp x="1219" y="1799" width="6" height="8" />
        <cmp x="1305" y="1822" width="27" height="28" />
        <cmp x="1336" y="1819" width="7" height="6" />
        <cmp x="1372" y="1790" width="16" height="22" />
      </word>
      <word id="h07-040-06-04" tag="NN" text="policy">
        <cmp x="1408" y="1817" width="66" height="59" />
        <cmp x="1474" y="1823" width="30" height="26" />
        <cmp x="1523" y="1790" width="50" height="55" />
        <cmp x="1583" y="1819" width="30" height="23" />
        <cmp x="1597" y="1801" width="4" height="10" />
        <cmp x="1618" y="1817" width="89" height="66" />
      </word>
      <word id="h07-040-06-05" tag="HVZ" text="has">
        <cmp x="1745" y="1793" width="59" height="64" />
        <cmp x="1790" y="1820" width="53" height="35" />
        <cmp x="1825" y="1821" width="57" height="38" />
      </word>
      <word id="h07-040-06-06" tag="BEN" text="been">
        <cmp x="1928" y="1792" width="53" height="61" />
        <cmp x="1971" y="1819" width="43" height="28" />
        <cmp x="2018" y="1823" width="47" height="26" />
        <cmp x="2068" y="1825" width="54" height="22" />
        <cmp x="2098" y="1849" width="3" height="3" />
      </word>
      <upper-contour>
        <point x="380" y="1705" />
        <point x="2123" y="1705" />
      </upper-contour>
      <lower-contour>
        <point x="374" y="1883" />
        <point x="2097" y="1883" />
      </lower-contour>
    </line>
    <line ass="977" asx="0" asy="1992" character-width="999" dss="977" dsx="0" dsy="2089" fd0="14681" fd1="2844" fd2="-348" filter-width="3" id="h07-040-07" lbs="1069" lbx="0" lby="2054" segmentation="ok" slant="45000" stroke-width="5213" threshold="182" text="to charge full commercial rents for" ubs="791" ubx="0" uby="2026">
      <word id="h07-040-07-00" tag="TO" text="to">
        <cmp x="376" y="2001" width="73" height="55" />
      </word>
      <word id="h07-040-07-01" tag="VB" text="charge">
        <cmp x="517" y="2023" width="39" height="21" />
        <cmp x="563" y="1985" width="55" height="60" />
        <cmp x="621" y="2012" width="42" height="30" />
        <cmp x="673" y="2015" width="42" height="24" />
        <cmp x="685" y="2011" width="64" height="68" />
        <cmp x="759" y="2009" width="35" height="27" />
      </word>
      <word id="h07-040-07-02" tag="JJ" text="full">
        <cmp x="852" y="1981" width="121" height="88" />
        <cmp x="972" y="1979" width="80" height="63" />
      </word>
      <word id="h07-040-07-03" tag="JJ" text="commercial">
        <cmp x="1104" y="2003" width="47" height="33" />
        <cmp x="1159" y="2006" width="116" height="29" />
        <cmp x="1280" y="2004" width="63" height="26" />
        <cmp x="1353" y="1999" width="93" height="30" />
        <cmp x="1436" y="2007" width="43" height="22" />
        <cmp x="1485" y="2002" width="23" height="29" />
        <cmp x="1513" y="2004" width="54" height="30" />
        <cmp x="1517" y="1982" width="18" height="21" />
        <cmp x="1579" y="1971" width="54" height="60" />
      </word>
      <word id="h07-040-07-04" tag="NNS" text="rents">
        <cmp x="1660" y="1994" width="46" height="26" />
        <cmp x="1701" y="1992" width="38" height="28" />
        <cmp x="1744" y="2001" width="41" height="18" />
        <cmp x="1805" y="1963" width="85" height="59" />
      </word>
      <word id="h07-040-07-05" tag="IN" text="for">
        <cmp x="1931" y="1960" width="102" height="88" />
        <cmp x="2002" y="1998" width="95" height="34" />
      </word>
      <upper-contour>
        <point x="374" y="1883" />
        <point x="2097" y="1883" />
      </upper-contour>
      <lower-contour>
        <point x="383" y="2079" />
        <point x="1993" y="2079" />
      </lower-contour>
    </line>
    <line ass="351" asx="0" asy="2148" character-width="999" dss="351" dsx="0" dsy="2250" fd0="15084" fd1="2975" fd2="-609" filter-width="3" id="h07-040-08" lbs="323" lbx="0" lby="2213" segmentation="ok" slant="47000" stroke-width="5082" threshold="183" text="their shops and shopping sites. The" ubs="406" ubx="0" uby="2198">
      <word id="h07-040-08-00" tag="PP$" text="their">
        <cmp x="385" y="2175" width="54" height="52" />
        <cmp x="413" y="2163" width="60" height="61" />
        <cmp x="471" y="2187" width="70" height="32" />
        <cmp x="541" y="2189" width="53" height="28" />
        <cmp x="557" y="2163" width="7" height="10" />
      </word>
      <word id="h07-040-08-01" tag="NNS" text="shops">
        <cmp x="644" y="2185" width="62" height="33" />
        <cmp x="699" y="2153" width="54" height="62" />
        <cmp x="752" y="2188" width="33" height="29" />
        <cmp x="761" y="2180" width="78" height="59" />
        <cmp x="837" y="2181" width="51" height="35" />
      </word>
      <word id="h07-040-08-02" tag="CC" text="and">
        <cmp x="942" y="2187" width="57" height="34" />
        <cmp x="994" y="2195" width="49" height="24" />
        <cmp x="1045" y="2157" width="73" height="58" />
      </word>
      <word id="h07-040-08-03" tag="NN" text="shopping">
        <cmp x="1163" y="2186" width="62" height="30" />
        <cmp x="1215" y="2149" width="58" height="65" />
        <cmp x="1278" y="2181" width="80" height="57" />
        <cmp x="1280" y="2183" width="28" height="22" />
        <cmp x="1336" y="2183" width="50" height="54" />
        <cmp x="1377" y="2176" width="35" height="30" />
        <cmp x="1420" y="2175" width="26" height="27" />
        <cmp x="1442" y="2164" width="43" height="37" />
        <cmp x="1448" y="2177" width="84" height="66" />
      </word>
      <word id="h07-040-08-04" tag="NNS" text="sites">
        <cmp x="1587" y="2171" width="44" height="28" />
        <cmp x="1623" y="2178" width="30" height="22" />
        <cmp x="1659" y="2153" width="14" height="15" />
        <cmp x="1664" y="2138" width="64" height="64" />
        <cmp x="1716" y="2169" width="4" height="4" />
        <cmp x="1732" y="2168" width="55" height="34" />
      </word>
      <word id="h07-040-08-05" tag="." text=".">
        <cmp x="1791" y="2198" width="15" height="17" />
      </word>
      <word id="h07-040-08-06" sentence-start="yes" tag="ATI" text="The">
        <cmp x="1853" y="2145" width="101" height="64" />
        <cmp x="1947" y="2174" width="46" height="33" />
      </word>
      <upper-contour>
        <point x="383" y="2079" />
        <point x="1993" y="2079" />
      </upper-contour>
      <lower-contour>
        <point x="383" y="2243" />
        <point x="1993" y="2243" />
      </lower-contour>
    </line>
    <line ass="667" asx="0" asy="2338" character-width="999" dss="667" dsx="0" dsy="2437" fd0="14590" fd1="2720" fd2="-724" filter-width="3" id="h07-040-09" lbs="775" lbx="0" lby="2411" segmentation="ok" slant="43999" stroke-width="5149" threshold="178" text="cost of town centre development has" ubs="450" ubx="0" uby="2377">
      <word id="h07-040-09-00" tag="NN" text="cost">
        <cmp x="383" y="2371" width="47" height="36" />
        <cmp x="416" y="2371" width="94" height="36" />
        <cmp x="512" y="2346" width="57" height="55" />
        <cmp x="569" y="2338" width="8" height="10" />
      </word>
      <word id="h07-040-09-01" tag="INO" text="of">
        <cmp x="639" y="2377" width="38" height="27" />
        <cmp x="670" y="2330" width="111" height="101" />
      </word>
      <word id="h07-040-09-02" tag="NN" text="town">
        <cmp x="812" y="2336" width="64" height="67" />
        <cmp x="881" y="2374" width="81" height="29" />
        <cmp x="959" y="2374" width="49" height="23" />
      </word>
      <word id="h07-040-09-03" tag="NN" text="centre">
        <cmp x="1073" y="2372" width="43" height="30" />
        <cmp x="1125" y="2368" width="90" height="32" />
        <cmp x="1231" y="2338" width="85" height="61" />
        <cmp x="1313" y="2365" width="50" height="34" />
      </word>
      <word id="h07-040-09-04" tag="NN" text="development">
        <cmp x="1430" y="2332" width="78" height="64" />
        <cmp x="1484" y="2365" width="39" height="28" />
        <cmp x="1541" y="2361" width="95" height="32" />
        <cmp x="1641" y="2325" width="54" height="66" />
        <cmp x="1670" y="2369" width="29" height="26" />
        <cmp x="1682" y="2361" width="76" height="58" />
        <cmp x="1763" y="2369" width="76" height="23" />
        <cmp x="1846" y="2365" width="89" height="26" />
        <cmp x="1941" y="2326" width="66" height="67" />
      </word>
      <word id="h07-040-09-05" tag="HVZ" text="has">
        <cmp x="2034" y="2321" width="55" height="58" />
        <cmp x="2079" y="2346" width="46" height="32" />
        <cmp x="2123" y="2352" width="40" height="33" />
      </word>
      <upper-contour>
        <point x="383" y="2243" />
        <point x="1993" y="2243" />
      </upper-contour>
      <lower-contour>
        <point x="400" y="2430" />
        <point x="2164" y="2430" />
      </lower-contour>
    </line>
    <line ass="835" asx="0" asy="2512" character-width="999" dss="835" dsx="0" dsy="2612" fd0="14664" fd1="3038" fd2="-238" filter-width="3" id="h07-040-10" lbs="919" lbx="0" lby="2584" segmentation="ok" slant="51000" stroke-width="5137" threshold="180" text="been very high in some cases with..." ubs="666" ubx="0" uby="2557">
      <word id="h07-040-10-00" tag="BEN" text="been">
        <cmp x="402" y="2518" width="51" height="73" />
        <cmp x="447" y="2554" width="33" height="30" />
        <cmp x="496" y="2554" width="40" height="26" />
        <cmp x="545" y="2551" width="44" height="27" />
      </word>
      <word id="h07-040-10-01" tag="QL" text="very">
        <cmp x="640" y="2548" width="42" height="31" />
        <cmp x="680" y="2549" width="91" height="32" />
        <cmp x="769" y="2547" width="58" height="55" />
      </word>
      <word id="h07-040-10-02" tag="JJ" text="high">
        <cmp x="893" y="2507" width="53" height="61" />
        <cmp x="942" y="2539" width="68" height="57" />
        <cmp x="948" y="2540" width="17" height="18" />
        <cmp x="987" y="2521" width="8" height="5" />
        <cmp x="1017" y="2496" width="53" height="63" />
      </word>
      <word id="h07-040-10-03" tag="IN" text="in">
        <cmp x="1138" y="2535" width="19" height="17" />
        <cmp x="1151" y="2514" width="33" height="42" />
      </word>
      <word id="h07-040-10-04" tag="DTI" text="some">
        <cmp x="1242" y="2530" width="46" height="30" />
        <cmp x="1281" y="2532" width="118" height="28" />
        <cmp x="1291" y="2529" width="6" height="3" />
        <cmp x="1408" y="2529" width="64" height="30" />
      </word>
      <word id="h07-040-10-05" tag="NNS" text="cases">
        <cmp x="1530" y="2531" width="52" height="30" />
        <cmp x="1593" y="2539" width="56" height="22" />
        <cmp x="1611" y="2526" width="36" height="16" />
        <cmp x="1638" y="2529" width="48" height="34" />
        <cmp x="1683" y="2531" width="39" height="30" />
        <cmp x="1720" y="2531" width="50" height="35" />
      </word>
      <word id="h07-040-10-06" tag="IN" text="with">
        <cmp x="1835" y="2534" width="69" height="31" />
        <cmp x="1905" y="2535" width="23" height="25" />
        <cmp x="1940" y="2503" width="7" height="17" />
        <cmp x="1947" y="2491" width="54" height="65" />
        <cmp x="1985" y="2491" width="59" height="70" />
      </word>
      <word id="h07-040-10-07" tag="..." text="...">
        <cmp x="2071" y="2553" width="30" height="13" />
        <cmp x="2102" y="2550" width="22" height="16" />
        <cmp x="2148" y="2546" width="17" height="20" />
      </word>
      <upper-contour>
        <point x="400" y="2430" />
        <point x="2164" y="2430" />
      </upper-contour>
    </line>
  </handwritten-part>
</form>

