<?xml version="1.0" encoding="ISO-8859-1"?>

<!DOCTYPE form SYSTEM 'http://www.iam.unibe.ch/~fki/iamdb/form-metadata.dtd'>

<form created="2002-01-25" height="3542" id="j01-066" last-modified="2002-07-24" skew="0" status="final" version="3.0_beta" width="2479" writer-id="398">
  <machine-printed-part>
    <machine-print-line text="The probe can be evacuated and filled with inert gas via the tube L which must of" />
    <machine-print-line text="course be electrically isolated after this has been carried out. It is not suggested that" />
    <machine-print-line text="the above proposal will be successful but rather that it is worth a trial in the event of" />
    <machine-print-line text="the inadequacy of some simpler method of monitoring the oxygen in a sodium circuit." />
    <machine-print-line text="The principal difficulty encountered by the author, in determining partial molal free" />
    <machine-print-line text="energies by solid electrolyte cells of very stable oxides such as UO2, MnO etc. was" />
    <machine-print-line text="vapour phase transfer of oxygen by carbonaceous impurities in the blanket gas." />
  </machine-printed-part>
  <handwritten-part>
    <line ass="-103" asx="0" asy="762" character-width="999" dss="-103" dsx="0" dsy="869" fd0="15444" fd1="2751" fd2="-1578" filter-width="3" id="j01-066-00" lbs="-146" lbx="0" lby="830" segmentation="ok" slant="53000" stroke-width="5119" threshold="186" text="The probe can be evacuated and filled with inert gas" ubs="-15" ubx="0" uby="794">
      <word id="j01-066-00-00" sentence-start="yes" tag="ATI" text="The">
        <cmp x="360" y="782" width="48" height="49" />
        <cmp x="382" y="780" width="67" height="56" />
      </word>
      <word id="j01-066-00-01" tag="NN" text="probe">
        <cmp x="498" y="791" width="60" height="64" />
        <cmp x="551" y="793" width="34" height="37" />
        <cmp x="571" y="793" width="34" height="37" />
        <cmp x="598" y="770" width="44" height="62" />
        <cmp x="628" y="790" width="34" height="37" />
      </word>
      <word id="j01-066-00-02" tag="MD" text="can">
        <cmp x="712" y="785" width="59" height="47" />
        <cmp x="745" y="816" width="3" height="3" />
        <cmp x="766" y="792" width="43" height="42" />
      </word>
      <word id="j01-066-00-03" tag="BE" text="be">
        <cmp x="859" y="769" width="49" height="66" />
        <cmp x="888" y="792" width="44" height="44" />
      </word>
      <word id="j01-066-00-04" tag="VBN" text="evacuated">
        <cmp x="970" y="790" width="50" height="47" />
        <cmp x="1006" y="792" width="44" height="44" />
        <cmp x="1039" y="791" width="38" height="41" />
        <cmp x="1077" y="783" width="74" height="47" />
        <cmp x="1138" y="792" width="47" height="46" />
        <cmp x="1190" y="770" width="53" height="66" />
        <cmp x="1228" y="774" width="59" height="56" />
      </word>
      <word id="j01-066-00-05" tag="CC" text="and">
        <cmp x="1309" y="792" width="48" height="46" />
        <cmp x="1344" y="796" width="49" height="37" />
        <cmp x="1385" y="765" width="73" height="68" />
      </word>
      <word id="j01-066-00-06" tag="VBN" text="filled">
        <cmp x="1451" y="768" width="78" height="96" />
        <cmp x="1518" y="772" width="54" height="65" />
        <cmp x="1539" y="784" width="6" height="4" />
        <cmp x="1540" y="819" width="5" height="8" />
        <cmp x="1545" y="773" width="38" height="45" />
        <cmp x="1553" y="796" width="32" height="42" />
        <cmp x="1572" y="774" width="61" height="59" />
      </word>
      <word id="j01-066-00-07" tag="IN" text="with">
        <cmp x="1656" y="796" width="66" height="40" />
        <cmp x="1715" y="770" width="77" height="66" />
        <cmp x="1729" y="785" width="5" height="5" />
      </word>
      <word id="j01-066-00-08" tag="JJ" text="inert">
        <cmp x="1827" y="804" width="28" height="32" />
        <cmp x="1844" y="800" width="90" height="35" />
        <cmp x="1862" y="786" width="4" height="6" />
        <cmp x="1925" y="779" width="43" height="54" />
      </word>
      <word id="j01-066-00-09" tag="NN" text="gas">
        <cmp x="1983" y="800" width="58" height="74" />
        <cmp x="2033" y="797" width="39" height="36" />
        <cmp x="2057" y="798" width="41" height="42" />
      </word>
      <lower-contour>
        <point x="361" y="874" />
        <point x="2068" y="874" />
      </lower-contour>
    </line>
    <line ass="-68" asx="0" asy="937" character-width="999" dss="-68" dsx="0" dsy="1051" fd0="15681" fd1="2469" fd2="-1563" filter-width="3" id="j01-066-01" lbs="-15" lbx="0" lby="1008" segmentation="ok" slant="47000" stroke-width="5127" threshold="187" text="via the tube L which must of course be electrically" ubs="-174" ubx="0" uby="967">
      <word id="j01-066-01-00" tag="IN" text="via">
        <cmp x="363" y="961" width="38" height="53" />
        <cmp x="388" y="968" width="27" height="39" />
        <cmp x="402" y="968" width="43" height="47" />
        <cmp x="422" y="956" width="4" height="10" />
      </word>
      <word id="j01-066-01-01" tag="ATI" text="the">
        <cmp x="486" y="950" width="88" height="62" />
      </word>
      <word id="j01-066-01-02" tag="NN" text="tube">
        <cmp x="631" y="947" width="111" height="66" />
        <cmp x="718" y="973" width="40" height="40" />
      </word>
      <word id="j01-066-01-03" tag="ZZ" text="L">
        <cmp x="802" y="953" width="53" height="68" />
      </word>
      <word id="j01-066-01-04" tag="WDT" text="which">
        <cmp x="908" y="968" width="61" height="49" />
        <cmp x="954" y="951" width="67" height="57" />
        <cmp x="1016" y="951" width="78" height="61" />
        <cmp x="1031" y="957" width="5" height="6" />
      </word>
      <word id="j01-066-01-05" tag="MD" text="must">
        <cmp x="1129" y="973" width="68" height="42" />
        <cmp x="1190" y="971" width="78" height="35" />
        <cmp x="1260" y="944" width="49" height="57" />
      </word>
      <word id="j01-066-01-06" tag="CS21" text="of">
        <cmp x="1356" y="956" width="80" height="78" />
      </word>
      <word id="j01-066-01-07" tag="CS22" text="course">
        <cmp x="1464" y="976" width="41" height="41" />
        <cmp x="1486" y="973" width="68" height="38" />
        <cmp x="1543" y="976" width="34" height="33" />
        <cmp x="1563" y="970" width="42" height="41" />
        <cmp x="1588" y="966" width="37" height="39" />
      </word>
      <word id="j01-066-01-08" tag="BE" text="be">
        <cmp x="1653" y="953" width="49" height="58" />
        <cmp x="1681" y="973" width="43" height="41" />
      </word>
      <word id="j01-066-01-09" tag="RB" text="electrically">
        <cmp x="1745" y="941" width="181" height="76" />
        <cmp x="1910" y="966" width="47" height="45" />
        <cmp x="1927" y="967" width="50" height="45" />
        <cmp x="1945" y="941" width="6" height="8" />
        <cmp x="1964" y="945" width="60" height="69" />
        <cmp x="1982" y="947" width="54" height="63" />
        <cmp x="1985" y="966" width="82" height="93" />
      </word>
      <upper-contour>
        <point x="361" y="874" />
        <point x="2068" y="874" />
      </upper-contour>
      <lower-contour>
        <point x="372" y="1059" />
        <point x="2068" y="1059" />
      </lower-contour>
    </line>
    <line ass="126" asx="0" asy="1124" character-width="999" dss="126" dsx="0" dsy="1219" fd0="16074" fd1="3018" fd2="-1211" filter-width="3" id="j01-066-02" lbs="335" lbx="0" lby="1191" segmentation="ok" slant="50000" stroke-width="5118" threshold="189" text="isolated after this has been carried out. It is not" ubs="-290" ubx="0" uby="1146">
      <word id="j01-066-02-00" tag="VBN" text="isolated">
        <cmp x="374" y="1148" width="28" height="36" />
        <cmp x="387" y="1146" width="35" height="44" />
        <cmp x="407" y="1132" width="4" height="4" />
        <cmp x="410" y="1147" width="37" height="42" />
        <cmp x="445" y="1130" width="62" height="69" />
        <cmp x="473" y="1152" width="38" height="35" />
        <cmp x="506" y="1129" width="53" height="57" />
        <cmp x="556" y="1126" width="72" height="59" />
      </word>
      <word id="j01-066-02-01" tag="CS" text="after">
        <cmp x="656" y="1145" width="43" height="50" />
        <cmp x="676" y="1123" width="107" height="96" />
        <cmp x="773" y="1148" width="39" height="35" />
      </word>
      <word id="j01-066-02-02" tag="DT" text="this">
        <cmp x="881" y="1123" width="102" height="68" />
        <cmp x="975" y="1143" width="42" height="44" />
        <cmp x="990" y="1143" width="5" height="9" />
      </word>
      <word id="j01-066-02-03" tag="HVZ" text="has">
        <cmp x="1062" y="1138" width="47" height="56" />
        <cmp x="1098" y="1150" width="71" height="43" />
      </word>
      <word id="j01-066-02-04" tag="BEN" text="been">
        <cmp x="1212" y="1124" width="134" height="70" />
      </word>
      <word id="j01-066-02-05" tag="VBN" text="carried">
        <cmp x="1408" y="1150" width="66" height="45" />
        <cmp x="1463" y="1153" width="39" height="34" />
        <cmp x="1486" y="1152" width="39" height="35" />
        <cmp x="1513" y="1156" width="25" height="30" />
        <cmp x="1538" y="1151" width="35" height="44" />
        <cmp x="1554" y="1134" width="3" height="4" />
        <cmp x="1562" y="1128" width="74" height="59" />
      </word>
      <word id="j01-066-02-06" tag="RP" text="out">
        <cmp x="1634" y="1145" width="57" height="48" />
        <cmp x="1666" y="1152" width="54" height="44" />
        <cmp x="1702" y="1123" width="56" height="65" />
      </word>
      <word id="j01-066-02-07" tag="." text=".">
        <cmp x="1741" y="1185" width="5" height="5" />
      </word>
      <word id="j01-066-02-08" sentence-start="yes" tag="PP3" text="It">
        <cmp x="1784" y="1135" width="50" height="53" />
        <cmp x="1820" y="1125" width="40" height="12" />
        <cmp x="1833" y="1130" width="53" height="65" />
      </word>
      <word id="j01-066-02-09" tag="BEZ" text="is">
        <cmp x="1899" y="1147" width="40" height="46" />
        <cmp x="1923" y="1144" width="46" height="48" />
        <cmp x="1942" y="1138" width="9" height="9" />
      </word>
      <word id="j01-066-02-10" tag="XNOT" text="not">
        <cmp x="1980" y="1151" width="52" height="38" />
        <cmp x="2019" y="1154" width="37" height="30" />
        <cmp x="2047" y="1131" width="51" height="62" />
      </word>
      <upper-contour>
        <point x="372" y="1059" />
        <point x="2068" y="1059" />
      </upper-contour>
      <lower-contour>
        <point x="372" y="1219" />
        <point x="2099" y="1219" />
      </lower-contour>
    </line>
    <line ass="-51" asx="0" asy="1285" character-width="999" dss="-51" dsx="0" dsy="1414" fd0="15903" fd1="2532" fd2="-2044" filter-width="3" id="j01-066-03" lbs="-172" lbx="0" lby="1362" segmentation="err" slant="49000" stroke-width="5363" threshold="187" text="suggested that the above proposal will be successful" ubs="190" ubx="0" uby="1332">
      <word id="j01-066-03-00" tag="VBN" text="suggested">
        <cmp x="366" y="1318" width="44" height="51" />
        <cmp x="394" y="1323" width="51" height="43" />
        <cmp x="410" y="1324" width="67" height="87" />
        <cmp x="435" y="1370" width="5" height="3" />
        <cmp x="443" y="1330" width="62" height="86" />
        <cmp x="466" y="1376" width="4" height="3" />
        <cmp x="506" y="1322" width="59" height="44" />
        <cmp x="541" y="1337" width="7" height="6" />
        <cmp x="549" y="1298" width="53" height="66" />
        <cmp x="586" y="1323" width="39" height="40" />
        <cmp x="613" y="1302" width="48" height="55" />
      </word>
      <word id="j01-066-03-01" tag="CS" text="that">
        <cmp x="723" y="1301" width="80" height="72" />
        <cmp x="788" y="1331" width="39" height="33" />
        <cmp x="829" y="1302" width="50" height="63" />
      </word>
      <word id="j01-066-03-02" tag="ATI" text="the">
        <cmp x="926" y="1299" width="105" height="69" />
      </word>
      <word id="j01-066-03-03" tag="JJB" text="above">
        <cmp x="1072" y="1319" width="49" height="46" />
        <cmp x="1109" y="1302" width="54" height="65" />
        <cmp x="1147" y="1319" width="51" height="50" />
        <cmp x="1178" y="1322" width="53" height="44" />
        <cmp x="1204" y="1315" width="53" height="52" />
      </word>
      <word id="j01-066-03-04" tag="NN" text="proposal">
        <cmp x="1271" y="1317" width="79" height="78" />
        <cmp x="1326" y="1319" width="72" height="48" />
        <cmp x="1366" y="1323" width="78" height="69" />
        <cmp x="1435" y="1323" width="46" height="46" />
        <cmp x="1465" y="1325" width="49" height="44" />
        <cmp x="1490" y="1301" width="100" height="66" />
        <cmp x="1561" y="1355" width="3" height="3" />
      </word>
      <word id="j01-066-03-05" tag="MD" text="will">
        <cmp x="1622" y="1326" width="78" height="49" />
        <cmp x="1685" y="1306" width="53" height="67" />
        <cmp x="1706" y="1304" width="48" height="63" />
        <cmp x="1709" y="1314" width="8" height="6" />
      </word>
      <word id="j01-066-03-06" tag="BE" text="be">
        <cmp x="1759" y="1306" width="59" height="64" />
        <cmp x="1795" y="1322" width="40" height="50" />
      </word>
      <word id="j01-066-03-07" tag="JJ" text="successful">
        <cmp x="1850" y="1318" width="50" height="51" />
        <cmp x="1872" y="1326" width="51" height="41" />
        <cmp x="1906" y="1323" width="77" height="47" />
        <cmp x="1965" y="1318" width="68" height="53" />
        <cmp x="2005" y="1301" width="86" height="87" />
        <cmp x="2080" y="1305" width="56" height="65" />
        <cmp x="2322" y="1289" width="8" height="7" />
      </word>
      <upper-contour>
        <point x="372" y="1219" />
        <point x="2099" y="1219" />
      </upper-contour>
      <lower-contour>
        <point x="364" y="1416" />
        <point x="2118" y="1416" />
      </lower-contour>
    </line>
    <line ass="-198" asx="0" asy="1471" character-width="999" dss="-198" dsx="0" dsy="1569" fd0="15893" fd1="2791" fd2="-1183" filter-width="3" id="j01-066-04" lbs="-273" lbx="0" lby="1536" segmentation="err" slant="50000" stroke-width="5326" threshold="187" text="but rather that it is worth a trial in the event of" ubs="-49" ubx="0" uby="1503">
      <word id="j01-066-04-00" tag="CC" text="but">
        <cmp x="360" y="1490" width="41" height="62" />
        <cmp x="396" y="1502" width="48" height="42" />
        <cmp x="434" y="1480" width="50" height="66" />
      </word>
      <word id="j01-066-04-01" tag="RB" text="rather">
        <cmp x="518" y="1503" width="52" height="47" />
        <cmp x="549" y="1502" width="50" height="46" />
        <cmp x="587" y="1476" width="155" height="67" />
      </word>
      <word id="j01-066-04-02" tag="CS" text="that">
        <cmp x="787" y="1484" width="82" height="67" />
        <cmp x="860" y="1509" width="46" height="39" />
      </word>
      <word id="j01-066-04-03" tag="PP3" text="it">
        <cmp x="903" y="1486" width="47" height="57" />
        <cmp x="936" y="1518" width="5" height="3" />
      </word>
      <word id="j01-066-04-04" tag="BEZ" text="is">
        <cmp x="1004" y="1499" width="51" height="43" />
        <cmp x="1046" y="1482" width="10" height="8" />
      </word>
      <word id="j01-066-04-05" tag="IN" text="worth">
        <cmp x="1126" y="1499" width="70" height="53" />
        <cmp x="1170" y="1497" width="46" height="50" />
        <cmp x="1195" y="1496" width="54" height="48" />
        <cmp x="1224" y="1476" width="90" height="69" />
      </word>
      <word id="j01-066-04-06" tag="AT" text="a">
        <cmp x="1336" y="1498" width="52" height="47" />
      </word>
      <word id="j01-066-04-07" tag="NN" text="trial">
        <cmp x="1425" y="1482" width="78" height="71" />
        <cmp x="1484" y="1481" width="111" height="72" />
        <cmp x="1517" y="1490" width="7" height="6" />
      </word>
      <word id="j01-066-04-08" tag="IN" text="in">
        <cmp x="1625" y="1510" width="28" height="38" />
        <cmp x="1639" y="1506" width="52" height="41" />
        <cmp x="1661" y="1491" width="5" height="6" />
      </word>
      <word id="j01-066-04-09" tag="ATI" text="the">
        <cmp x="1716" y="1480" width="99" height="73" />
      </word>
      <word id="j01-066-04-10" tag="NN" text="event">
        <cmp x="1837" y="1495" width="52" height="54" />
        <cmp x="1870" y="1501" width="54" height="48" />
        <cmp x="1893" y="1505" width="45" height="47" />
        <cmp x="1922" y="1504" width="64" height="45" />
        <cmp x="1961" y="1485" width="63" height="65" />
      </word>
      <word id="j01-066-04-11" tag="INO" text="of">
        <cmp x="2032" y="1486" width="86" height="93" />
      </word>
      <upper-contour>
        <point x="364" y="1416" />
        <point x="2118" y="1416" />
      </upper-contour>
      <lower-contour>
        <point x="364" y="1553" />
        <point x="2018" y="1553" />
      </lower-contour>
    </line>
    <line ass="-15" asx="0" asy="1661" character-width="999" dss="-15" dsx="0" dsy="1772" fd0="15641" fd1="2559" fd2="-1580" filter-width="3" id="j01-066-05" lbs="79" lbx="0" lby="1728" segmentation="ok" slant="50000" stroke-width="5345" threshold="187" text="the inadequacy of some simpler method of" ubs="-205" ubx="0" uby="1687">
      <word id="j01-066-05-00" tag="ATI" text="the">
        <cmp x="366" y="1667" width="94" height="62" />
      </word>
      <word id="j01-066-05-01" tag="NN" text="inadequacy">
        <cmp x="505" y="1689" width="34" height="42" />
        <cmp x="534" y="1684" width="51" height="41" />
        <cmp x="547" y="1668" width="5" height="4" />
        <cmp x="585" y="1686" width="41" height="40" />
        <cmp x="620" y="1662" width="71" height="62" />
        <cmp x="670" y="1680" width="70" height="94" />
        <cmp x="738" y="1681" width="47" height="42" />
        <cmp x="770" y="1680" width="51" height="45" />
        <cmp x="822" y="1679" width="85" height="89" />
      </word>
      <word id="j01-066-05-02" tag="INO" text="of">
        <cmp x="911" y="1665" width="89" height="88" />
      </word>
      <word id="j01-066-05-03" tag="DTI" text="some">
        <cmp x="1052" y="1678" width="47" height="55" />
        <cmp x="1081" y="1678" width="45" height="53" />
        <cmp x="1112" y="1682" width="106" height="43" />
      </word>
      <word id="j01-066-05-04" tag="JJR" text="simpler">
        <cmp x="1299" y="1684" width="45" height="51" />
        <cmp x="1328" y="1690" width="33" height="37" />
        <cmp x="1345" y="1685" width="78" height="40" />
        <cmp x="1368" y="1671" width="5" height="9" />
        <cmp x="1389" y="1663" width="179" height="96" />
      </word>
      <word id="j01-066-05-05" tag="NN" text="method">
        <cmp x="1609" y="1684" width="103" height="43" />
        <cmp x="1702" y="1662" width="88" height="65" />
        <cmp x="1779" y="1688" width="41" height="39" />
        <cmp x="1814" y="1664" width="76" height="60" />
      </word>
      <word id="j01-066-05-06" tag="INO" text="of">
        <cmp x="1917" y="1662" width="100" height="96" />
      </word>
      <upper-contour>
        <point x="364" y="1553" />
        <point x="2018" y="1553" />
      </upper-contour>
      <lower-contour>
        <point x="365" y="1774" />
        <point x="2018" y="1774" />
      </lower-contour>
    </line>
    <line ass="0" asx="0" asy="1835" character-width="999" dss="0" dsx="0" dsy="1954" fd0="15946" fd1="2088" fd2="-1740" filter-width="3" id="j01-066-06" lbs="110" lbx="0" lby="1900" segmentation="ok" slant="49000" stroke-width="5431" threshold="186" text="monitoring the oxygen in a sodium circuit. The" ubs="-218" ubx="0" uby="1859">
      <word id="j01-066-06-00" tag="VBG" text="monitoring">
        <cmp x="367" y="1858" width="76" height="48" />
        <cmp x="437" y="1856" width="43" height="45" />
        <cmp x="472" y="1858" width="83" height="42" />
        <cmp x="548" y="1835" width="69" height="74" />
        <cmp x="573" y="1839" width="6" height="4" />
        <cmp x="581" y="1865" width="40" height="41" />
        <cmp x="617" y="1866" width="54" height="36" />
        <cmp x="670" y="1867" width="53" height="35" />
        <cmp x="684" y="1848" width="7" height="7" />
        <cmp x="688" y="1861" width="76" height="94" />
      </word>
      <word id="j01-066-06-01" tag="ATI" text="the">
        <cmp x="837" y="1840" width="103" height="69" />
      </word>
      <word id="j01-066-06-02" tag="NN" text="oxygen">
        <cmp x="987" y="1857" width="49" height="48" />
        <cmp x="1024" y="1855" width="38" height="53" />
        <cmp x="1032" y="1862" width="70" height="81" />
        <cmp x="1062" y="1862" width="139" height="84" />
      </word>
      <word id="j01-066-06-03" tag="IN" text="in">
        <cmp x="1247" y="1867" width="107" height="42" />
        <cmp x="1327" y="1841" width="7" height="10" />
      </word>
      <word id="j01-066-06-04" tag="AT" text="a">
        <cmp x="1391" y="1866" width="48" height="44" />
      </word>
      <word id="j01-066-06-05" tag="NN" text="sodium">
        <cmp x="1500" y="1861" width="47" height="47" />
        <cmp x="1526" y="1861" width="46" height="42" />
        <cmp x="1549" y="1843" width="75" height="66" />
        <cmp x="1614" y="1864" width="49" height="39" />
        <cmp x="1628" y="1850" width="6" height="8" />
        <cmp x="1654" y="1866" width="73" height="38" />
      </word>
      <word id="j01-066-06-06" tag="NN" text="circuit">
        <cmp x="1778" y="1865" width="57" height="40" />
        <cmp x="1824" y="1864" width="41" height="39" />
        <cmp x="1846" y="1847" width="5" height="13" />
        <cmp x="1849" y="1862" width="100" height="46" />
        <cmp x="1950" y="1836" width="55" height="63" />
      </word>
      <word id="j01-066-06-07" tag="." text=".">
        <cmp x="1997" y="1898" width="5" height="6" />
      </word>
      <word id="j01-066-06-08" sentence-start="yes" tag="ATI" text="The">
        <cmp x="2044" y="1835" width="100" height="73" />
        <cmp x="2051" y="1897" width="3" height="3" />
      </word>
      <upper-contour>
        <point x="365" y="1774" />
        <point x="2018" y="1774" />
      </upper-contour>
      <lower-contour>
        <point x="365" y="1955" />
        <point x="2093" y="1955" />
      </lower-contour>
    </line>
    <line ass="357" asx="0" asy="2018" character-width="999" dss="357" dsx="0" dsy="2139" fd0="15688" fd1="1967" fd2="-2136" filter-width="3" id="j01-066-07" lbs="558" lbx="0" lby="2099" segmentation="ok" slant="53000" stroke-width="5440" threshold="186" text="principal difficulty encountered by the author, in" ubs="-46" ubx="0" uby="2046">
      <word id="j01-066-07-00" tag="JJB" text="principal">
        <cmp x="363" y="2045" width="56" height="72" />
        <cmp x="411" y="2038" width="50" height="43" />
        <cmp x="461" y="2038" width="48" height="38" />
        <cmp x="471" y="2023" width="4" height="4" />
        <cmp x="502" y="2040" width="51" height="41" />
        <cmp x="527" y="2026" width="143" height="91" />
        <cmp x="560" y="2022" width="5" height="6" />
      </word>
      <word id="j01-066-07-01" tag="NN" text="difficulty">
        <cmp x="727" y="2021" width="64" height="63" />
        <cmp x="770" y="2014" width="75" height="99" />
        <cmp x="805" y="2020" width="7" height="6" />
        <cmp x="839" y="2043" width="38" height="50" />
        <cmp x="849" y="2033" width="7" height="5" />
        <cmp x="857" y="2084" width="4" height="3" />
        <cmp x="873" y="2042" width="35" height="41" />
        <cmp x="902" y="2017" width="104" height="118" />
      </word>
      <word id="j01-066-07-02" tag="VBN" text="encountered">
        <cmp x="1077" y="2045" width="86" height="48" />
        <cmp x="1161" y="2039" width="42" height="48" />
        <cmp x="1186" y="2039" width="43" height="49" />
        <cmp x="1217" y="2043" width="46" height="43" />
        <cmp x="1254" y="2042" width="44" height="42" />
        <cmp x="1293" y="2023" width="107" height="63" />
        <cmp x="1380" y="2029" width="68" height="61" />
      </word>
      <word id="j01-066-07-03" tag="IN" text="by">
        <cmp x="1486" y="2022" width="94" height="99" />
      </word>
      <word id="j01-066-07-04" tag="ATI" text="the">
        <cmp x="1601" y="2023" width="103" height="67" />
        <cmp x="1683" y="2085" width="5" height="3" />
      </word>
      <word id="j01-066-07-05" tag="NN" text="author">
        <cmp x="1736" y="2036" width="85" height="51" />
        <cmp x="1807" y="2075" width="5" height="6" />
        <cmp x="1809" y="2017" width="72" height="71" />
        <cmp x="1866" y="2044" width="49" height="41" />
        <cmp x="1905" y="2039" width="55" height="40" />
      </word>
      <word id="j01-066-07-06" tag="," text=",">
        <cmp x="1953" y="2072" width="27" height="37" />
      </word>
      <word id="j01-066-07-07" tag="IN" text="in">
        <cmp x="2010" y="2046" width="34" height="39" />
        <cmp x="2038" y="2038" width="55" height="53" />
        <cmp x="2051" y="2029" width="7" height="8" />
      </word>
      <upper-contour>
        <point x="365" y="1955" />
        <point x="2093" y="1955" />
      </upper-contour>
      <lower-contour>
        <point x="372" y="2135" />
        <point x="2093" y="2135" />
      </lower-contour>
    </line>
    <line ass="172" asx="0" asy="2198" character-width="999" dss="172" dsx="0" dsy="2309" fd0="15388" fd1="2424" fd2="-1827" filter-width="3" id="j01-066-08" lbs="261" lbx="0" lby="2266" segmentation="ok" slant="38000" stroke-width="5350" threshold="186" text="determining partial molal free energies by solid" ubs="-3" ubx="0" uby="2226">
      <word id="j01-066-08-00" tag="VBG" text="determining">
        <cmp x="374" y="2197" width="69" height="72" />
        <cmp x="446" y="2202" width="40" height="59" />
        <cmp x="461" y="2225" width="52" height="44" />
        <cmp x="502" y="2227" width="42" height="38" />
        <cmp x="532" y="2223" width="32" height="37" />
        <cmp x="556" y="2222" width="72" height="40" />
        <cmp x="565" y="2228" width="3" height="4" />
        <cmp x="623" y="2227" width="69" height="36" />
        <cmp x="638" y="2198" width="6" height="8" />
        <cmp x="695" y="2224" width="52" height="38" />
        <cmp x="709" y="2211" width="5" height="6" />
        <cmp x="710" y="2225" width="69" height="80" />
      </word>
      <word id="j01-066-08-01" tag="JJ" text="partial">
        <cmp x="830" y="2219" width="134" height="73" />
        <cmp x="948" y="2202" width="50" height="63" />
        <cmp x="992" y="2202" width="88" height="62" />
        <cmp x="1011" y="2212" width="6" height="5" />
        <cmp x="1058" y="2251" width="4" height="3" />
      </word>
      <word id="j01-066-08-02" tag="JJ" text="molal">
        <cmp x="1117" y="2219" width="87" height="44" />
        <cmp x="1193" y="2226" width="33" height="36" />
        <cmp x="1221" y="2195" width="126" height="71" />
      </word>
      <word id="j01-066-08-03" tag="JJ" text="free">
        <cmp x="1386" y="2202" width="146" height="97" />
      </word>
      <word id="j01-066-08-04" tag="NNS" text="energies">
        <cmp x="1582" y="2218" width="231" height="87" />
        <cmp x="1792" y="2222" width="79" height="38" />
        <cmp x="1818" y="2206" width="7" height="7" />
      </word>
      <word id="j01-066-08-05" tag="IN" text="by">
        <cmp x="1902" y="2196" width="61" height="68" />
        <cmp x="1942" y="2226" width="64" height="66" />
      </word>
      <word id="j01-066-08-06" tag="JJ" text="solid">
        <cmp x="2026" y="2227" width="43" height="47" />
        <cmp x="2049" y="2228" width="45" height="40" />
        <cmp x="2078" y="2202" width="65" height="64" />
        <cmp x="2123" y="2207" width="78" height="64" />
        <cmp x="2152" y="2212" width="6" height="10" />
      </word>
      <upper-contour>
        <point x="372" y="2135" />
        <point x="2093" y="2135" />
      </upper-contour>
      <lower-contour>
        <point x="390" y="2305" />
        <point x="2145" y="2305" />
      </lower-contour>
    </line>
    <line ass="-254" asx="0" asy="2361" character-width="999" dss="-254" dsx="0" dsy="2483" fd0="15515" fd1="2679" fd2="-1791" filter-width="3" id="j01-066-09" lbs="-400" lbx="0" lby="2434" segmentation="ok" slant="54000" stroke-width="5487" threshold="184" text="electrolyte cells of very stable oxides such as UO2," ubs="36" ubx="0" uby="2401">
      <word id="j01-066-09-00" tag="NN" text="electrolyte">
        <cmp x="392" y="2379" width="88" height="69" />
        <cmp x="480" y="2399" width="33" height="40" />
        <cmp x="510" y="2376" width="57" height="69" />
        <cmp x="511" y="2417" width="4" height="3" />
        <cmp x="558" y="2402" width="37" height="38" />
        <cmp x="581" y="2382" width="83" height="98" />
        <cmp x="660" y="2381" width="50" height="65" />
      </word>
      <word id="j01-066-09-01" tag="NNS" text="cells">
        <cmp x="790" y="2374" width="141" height="71" />
      </word>
      <word id="j01-066-09-02" tag="INO" text="of">
        <cmp x="973" y="2381" width="87" height="89" />
      </word>
      <word id="j01-066-09-03" tag="QL" text="very">
        <cmp x="1084" y="2399" width="54" height="50" />
        <cmp x="1114" y="2397" width="109" height="93" />
      </word>
      <word id="j01-066-09-04" tag="JJ" text="stable">
        <cmp x="1268" y="2399" width="46" height="54" />
        <cmp x="1302" y="2367" width="161" height="80" />
      </word>
      <word id="j01-066-09-05" tag="NNS" text="oxides">
        <cmp x="1518" y="2397" width="49" height="56" />
        <cmp x="1551" y="2399" width="57" height="51" />
        <cmp x="1600" y="2381" width="95" height="63" />
        <cmp x="1621" y="2388" width="5" height="5" />
      </word>
      <word id="j01-066-09-06" tag="IN21" text="such">
        <cmp x="1743" y="2399" width="44" height="53" />
        <cmp x="1777" y="2398" width="56" height="51" />
        <cmp x="1819" y="2376" width="75" height="67" />
      </word>
      <word id="j01-066-09-07" tag="IN22" text="as">
        <cmp x="1899" y="2398" width="43" height="43" />
        <cmp x="1938" y="2396" width="39" height="47" />
      </word>
      <word id="j01-066-09-08" tag="&amp;FO" text="UO2">
        <cmp x="1997" y="2374" width="65" height="72" />
        <cmp x="2035" y="2377" width="61" height="76" />
        <cmp x="2068" y="2418" width="36" height="44" />
      </word>
      <word id="j01-066-09-09" tag="," text=",">
        <cmp x="2121" y="2442" width="23" height="32" />
      </word>
      <upper-contour>
        <point x="390" y="2305" />
        <point x="2145" y="2305" />
      </upper-contour>
      <lower-contour>
        <point x="390" y="2490" />
        <point x="2073" y="2490" />
      </lower-contour>
    </line>
    <line ass="-418" asx="0" asy="2540" character-width="999" dss="-418" dsx="0" dsy="2665" fd0="15222" fd1="2634" fd2="-1714" filter-width="3" id="j01-066-10" lbs="-506" lbx="0" lby="2615" segmentation="ok" slant="54000" stroke-width="5571" threshold="186" text="MnO etc. was vapour phase transfer of oxygen by" ubs="-244" ubx="0" uby="2573">
      <word id="j01-066-10-00" tag="&amp;FO" text="MnO">
        <cmp x="386" y="2550" width="73" height="78" />
        <cmp x="447" y="2582" width="33" height="39" />
        <cmp x="495" y="2551" width="46" height="70" />
      </word>
      <word id="j01-066-10-01" tag="RB" text="etc.">
        <cmp x="569" y="2576" width="35" height="49" />
        <cmp x="585" y="2614" width="6" height="7" />
        <cmp x="596" y="2553" width="50" height="70" />
        <cmp x="658" y="2616" width="10" height="7" />
      </word>
      <word id="j01-066-10-02" tag="BEDZ" text="was">
        <cmp x="704" y="2576" width="52" height="49" />
        <cmp x="744" y="2577" width="71" height="50" />
      </word>
      <word id="j01-066-10-03" tag="NN" text="vapour">
        <cmp x="882" y="2567" width="50" height="54" />
        <cmp x="904" y="2580" width="108" height="93" />
        <cmp x="909" y="2575" width="41" height="46" />
        <cmp x="999" y="2583" width="49" height="39" />
        <cmp x="1039" y="2585" width="41" height="34" />
      </word>
      <word id="j01-066-10-04" tag="NN" text="phase">
        <cmp x="1106" y="2575" width="68" height="80" />
        <cmp x="1162" y="2551" width="61" height="76" />
        <cmp x="1214" y="2575" width="39" height="52" />
        <cmp x="1246" y="2574" width="36" height="42" />
        <cmp x="1266" y="2566" width="40" height="57" />
      </word>
      <word id="j01-066-10-05" tag="NN" text="transfer">
        <cmp x="1339" y="2560" width="93" height="73" />
        <cmp x="1424" y="2572" width="61" height="50" />
        <cmp x="1449" y="2550" width="86" height="120" />
        <cmp x="1523" y="2577" width="41" height="44" />
      </word>
      <word id="j01-066-10-06" tag="INO" text="of">
        <cmp x="1621" y="2580" width="45" height="49" />
        <cmp x="1641" y="2553" width="72" height="100" />
      </word>
      <word id="j01-066-10-07" tag="NN" text="oxygen">
        <cmp x="1722" y="2574" width="53" height="55" />
        <cmp x="1748" y="2573" width="93" height="85" />
        <cmp x="1810" y="2574" width="127" height="98" />
      </word>
      <word id="j01-066-10-08" tag="IN" text="by">
        <cmp x="1975" y="2556" width="61" height="74" />
        <cmp x="2014" y="2584" width="58" height="84" />
      </word>
      <upper-contour>
        <point x="390" y="2490" />
        <point x="2073" y="2490" />
      </upper-contour>
      <lower-contour>
        <point x="388" y="2673" />
        <point x="1835" y="2673" />
      </lower-contour>
    </line>
    <line ass="106" asx="0" asy="2709" character-width="999" dss="106" dsx="0" dsy="2802" fd0="15354" fd1="2332" fd2="-2139" filter-width="3" id="j01-066-11" lbs="74" lbx="0" lby="2781" segmentation="err" slant="57000" stroke-width="5109" threshold="184" text="carbonaceous impurities in the blanket gas." ubs="169" ubx="0" uby="2742">
      <word id="j01-066-11-00" tag="JJ" text="carbonaceous">
        <cmp x="390" y="2733" width="51" height="53" />
        <cmp x="434" y="2735" width="41" height="46" />
        <cmp x="462" y="2713" width="35" height="72" />
        <cmp x="490" y="2738" width="42" height="51" />
        <cmp x="520" y="2743" width="38" height="39" />
        <cmp x="565" y="2738" width="39" height="48" />
        <cmp x="608" y="2738" width="51" height="44" />
        <cmp x="653" y="2738" width="40" height="46" />
        <cmp x="684" y="2738" width="41" height="41" />
        <cmp x="723" y="2744" width="34" height="39" />
        <cmp x="794" y="2741" width="21" height="39" />
        <cmp x="814" y="2737" width="66" height="38" />
        <cmp x="817" y="2727" width="5" height="8" />
        <cmp x="876" y="2735" width="51" height="62" />
        <cmp x="923" y="2736" width="89" height="42" />
        <cmp x="1012" y="2731" width="46" height="47" />
        <cmp x="1017" y="2723" width="4" height="4" />
        <cmp x="1058" y="2736" width="54" height="45" />
        <cmp x="1071" y="2722" width="6" height="6" />
      </word>
      <word id="j01-066-11-01" tag="NNS" text="impurities">
        <cmp x="1182" y="2740" width="24" height="35" />
        <cmp x="1197" y="2735" width="42" height="42" />
        <cmp x="1205" y="2727" width="5" height="7" />
        <cmp x="1265" y="2716" width="111" height="63" />
        <cmp x="1454" y="2707" width="75" height="72" />
        <cmp x="1503" y="2736" width="42" height="42" />
        <cmp x="1535" y="2739" width="36" height="43" />
        <cmp x="1573" y="2717" width="57" height="68" />
      </word>
      <word id="j01-066-11-02" tag="IN" text="in">
        <cmp x="1631" y="2719" width="43" height="57" />
      </word>
      <word id="j01-066-11-03" tag="ATI" text="the">
        <cmp x="1702" y="2773" width="22" height="27" />
      </word>
      <word id="j01-066-11-04" tag="NN" text="blanket">
        <cmp x="1715" y="2735" width="45" height="65" />
        <cmp x="1753" y="2730" width="39" height="46" />
        <cmp x="1789" y="2739" width="36" height="43" />
      </word>
      <word id="j01-066-11-05" tag="NN" text="gas">
        <cmp x="1829" y="2769" width="6" height="8" />
      </word>
      <word id="j01-066-11-06" tag="." text="." />
      <upper-contour>
        <point x="388" y="2673" />
        <point x="1835" y="2673" />
      </upper-contour>
    </line>
  </handwritten-part>
</form>

