<?xml version="1.0" encoding="ISO-8859-1"?>

<!DOCTYPE form SYSTEM 'http://www.iam.unibe.ch/~fki/iamdb/form-metadata.dtd'>

<form created="2002-01-25" height="3542" id="j04-024" last-modified="2002-07-17" skew="-30" status="final" version="3.0_beta" width="2479" writer-id="403">
  <machine-printed-part>
    <machine-print-line text="Rosenquist (4) showed that minute quantities of lead can be isolated from large vol-" />
    <machine-print-line text="umes of solution by coprecipitating the lead with a strontium sulphate. Lead and" />
    <machine-print-line text="strontium form mixed crystals so that the more insoluble lead sulphate is almost" />
    <machine-print-line text="completely recovered even if precipitation of the strontium sulphate is incomplete." />
    <machine-print-line text="Using ten milligrams of lead carrier and six hundred milligrams of strontium per" />
    <machine-print-line text="liter, more than 95 experiment." />
  </machine-printed-part>
  <handwritten-part>
    <line ass="28" asx="0" asy="746" character-width="999" dss="28" dsx="0" dsy="851" fd0="12930" fd1="2973" fd2="-1411" filter-width="3" id="j04-024-00" lbs="7" lbx="0" lby="823" segmentation="err" slant="90000" stroke-width="5362" threshold="172" text="Rosenquist (4) showed that minute quantities of" ubs="69" ubx="0" uby="786">
      <word id="j04-024-00-00" sentence-start="yes" tag="NP" text="Rosenquist">
        <cmp x="326" y="746" width="51" height="94" />
        <cmp x="387" y="788" width="24" height="36" />
        <cmp x="417" y="775" width="27" height="47" />
        <cmp x="452" y="786" width="61" height="40" />
        <cmp x="520" y="783" width="24" height="56" />
        <cmp x="551" y="780" width="30" height="37" />
        <cmp x="585" y="780" width="14" height="33" />
        <cmp x="597" y="763" width="4" height="7" />
        <cmp x="607" y="771" width="23" height="48" />
      </word>
      <word id="j04-024-00-01" tag="(" text="(">
        <cmp x="650" y="764" width="21" height="52" />
      </word>
      <word id="j04-024-00-02" tag="CD" text="4">
        <cmp x="726" y="747" width="32" height="65" />
        <cmp x="754" y="775" width="30" height="44" />
      </word>
      <word id="j04-024-00-03" tag=")" text=")">
        <cmp x="802" y="755" width="13" height="70" />
      </word>
      <word id="j04-024-00-04" tag="VBD" text="showed">
        <cmp x="867" y="784" width="32" height="38" />
        <cmp x="893" y="788" width="3" height="5" />
        <cmp x="910" y="758" width="29" height="68" />
        <cmp x="951" y="791" width="17" height="36" />
        <cmp x="978" y="786" width="45" height="36" />
        <cmp x="1030" y="760" width="71" height="64" />
      </word>
      <word id="j04-024-00-05" tag="CS" text="that">
        <cmp x="1161" y="767" width="36" height="57" />
        <cmp x="1196" y="753" width="35" height="63" />
        <cmp x="1233" y="757" width="68" height="65" />
      </word>
      <word id="j04-024-00-06" tag="JJ" text="minute">
        <cmp x="1354" y="785" width="53" height="39" />
        <cmp x="1412" y="789" width="13" height="35" />
        <cmp x="1424" y="778" width="4" height="11" />
        <cmp x="1435" y="784" width="27" height="35" />
        <cmp x="1474" y="783" width="31" height="37" />
        <cmp x="1514" y="766" width="20" height="56" />
        <cmp x="1535" y="794" width="30" height="39" />
      </word>
      <word id="j04-024-00-07" tag="NNS" text="quantities">
        <cmp x="1639" y="790" width="30" height="61" />
        <cmp x="1680" y="789" width="27" height="41" />
        <cmp x="1719" y="788" width="31" height="41" />
        <cmp x="1763" y="778" width="33" height="46" />
        <cmp x="1801" y="767" width="31" height="57" />
        <cmp x="1833" y="788" width="10" height="34" />
        <cmp x="1846" y="774" width="5" height="15" />
        <cmp x="1855" y="769" width="25" height="55" />
        <cmp x="1892" y="788" width="7" height="34" />
        <cmp x="1917" y="789" width="24" height="34" />
        <cmp x="1947" y="783" width="27" height="33" />
      </word>
      <word id="j04-024-00-08" tag="INO" text="of">
        <cmp x="2022" y="790" width="30" height="26" />
        <cmp x="2079" y="763" width="37" height="58" />
      </word>
      <lower-contour>
        <point x="324" y="851" />
        <point x="2117" y="851" />
      </lower-contour>
    </line>
    <line ass="89" asx="0" asy="913" character-width="999" dss="89" dsx="0" dsy="1048" fd0="13164" fd1="2720" fd2="-1205" filter-width="3" id="j04-024-01" lbs="154" lbx="0" lby="1002" segmentation="ok" slant="86000" stroke-width="5465" threshold="172" text="lead can be isolated from large volumes of solu-" ubs="-40" ubx="0" uby="962">
      <word id="j04-024-01-00" tag="NN" text="lead">
        <cmp x="321" y="913" width="137" height="89" />
      </word>
      <word id="j04-024-01-01" tag="MD" text="can">
        <cmp x="501" y="965" width="88" height="39" />
      </word>
      <word id="j04-024-01-02" tag="BE" text="be">
        <cmp x="681" y="943" width="35" height="54" />
        <cmp x="729" y="966" width="31" height="41" />
      </word>
      <word id="j04-024-01-03" tag="VBN" text="isolated">
        <cmp x="836" y="970" width="8" height="41" />
        <cmp x="844" y="949" width="7" height="10" />
        <cmp x="856" y="970" width="28" height="34" />
        <cmp x="872" y="970" width="5" height="3" />
        <cmp x="896" y="981" width="26" height="18" />
        <cmp x="905" y="968" width="19" height="24" />
        <cmp x="936" y="930" width="12" height="72" />
        <cmp x="955" y="928" width="110" height="77" />
        <cmp x="1062" y="924" width="43" height="77" />
      </word>
      <word id="j04-024-01-04" tag="IN" text="from">
        <cmp x="1165" y="920" width="95" height="77" />
        <cmp x="1260" y="968" width="79" height="33" />
      </word>
      <word id="j04-024-01-05" tag="JJ" text="large">
        <cmp x="1391" y="918" width="72" height="87" />
        <cmp x="1458" y="961" width="29" height="40" />
        <cmp x="1459" y="984" width="3" height="7" />
        <cmp x="1476" y="962" width="40" height="84" />
        <cmp x="1516" y="963" width="31" height="41" />
      </word>
      <word id="j04-024-01-06" tag="NNS" text="volumes">
        <cmp x="1602" y="962" width="24" height="34" />
        <cmp x="1638" y="966" width="30" height="37" />
        <cmp x="1676" y="940" width="8" height="61" />
        <cmp x="1691" y="969" width="38" height="38" />
        <cmp x="1742" y="965" width="46" height="35" />
        <cmp x="1806" y="964" width="24" height="37" />
        <cmp x="1840" y="961" width="27" height="45" />
      </word>
      <word id="j04-024-01-07" tag="INO" text="of">
        <cmp x="1918" y="961" width="30" height="33" />
        <cmp x="1927" y="968" width="5" height="4" />
        <cmp x="1961" y="921" width="43" height="67" />
      </word>
      <word id="j04-024-01-08" tag="NN-" text="solu-">
        <cmp x="2034" y="965" width="24" height="34" />
        <cmp x="2075" y="967" width="26" height="31" />
        <cmp x="2113" y="924" width="13" height="75" />
        <cmp x="2128" y="962" width="34" height="39" />
        <cmp x="2179" y="982" width="24" height="5" />
      </word>
      <upper-contour>
        <point x="324" y="851" />
        <point x="2117" y="851" />
      </upper-contour>
      <lower-contour>
        <point x="319" y="1046" />
        <point x="2095" y="1046" />
      </lower-contour>
    </line>
    <line ass="-245" asx="0" asy="1103" character-width="999" dss="-245" dsx="0" dsy="1229" fd0="13210" fd1="2993" fd2="-1008" filter-width="3" id="j04-024-02" lbs="-277" lbx="0" lby="1169" segmentation="ok" slant="90000" stroke-width="5369" threshold="173" text="tion by coprecipitating the lead with a strontium" ubs="-181" ubx="0" uby="1141">
      <word id="j04-024-02-00" tag="-NN" text="tion">
        <cmp x="320" y="1112" width="27" height="68" />
        <cmp x="354" y="1148" width="10" height="32" />
        <cmp x="359" y="1136" width="6" height="11" />
        <cmp x="377" y="1146" width="22" height="33" />
        <cmp x="409" y="1142" width="54" height="36" />
      </word>
      <word id="j04-024-02-01" tag="IN" text="by">
        <cmp x="513" y="1109" width="33" height="64" />
        <cmp x="523" y="1141" width="46" height="82" />
      </word>
      <word id="j04-024-02-02" tag="VBG" text="coprecipitating">
        <cmp x="628" y="1149" width="61" height="38" />
        <cmp x="702" y="1150" width="25" height="71" />
        <cmp x="735" y="1140" width="30" height="41" />
        <cmp x="769" y="1140" width="29" height="34" />
        <cmp x="803" y="1140" width="23" height="35" />
        <cmp x="835" y="1137" width="9" height="36" />
        <cmp x="840" y="1129" width="7" height="7" />
        <cmp x="851" y="1141" width="32" height="45" />
        <cmp x="889" y="1140" width="9" height="33" />
        <cmp x="898" y="1119" width="6" height="15" />
        <cmp x="918" y="1131" width="21" height="51" />
        <cmp x="947" y="1149" width="29" height="33" />
        <cmp x="980" y="1124" width="24" height="55" />
        <cmp x="1015" y="1148" width="10" height="28" />
        <cmp x="1019" y="1134" width="7" height="14" />
        <cmp x="1030" y="1142" width="78" height="93" />
      </word>
      <word id="j04-024-02-03" tag="ATI" text="the">
        <cmp x="1159" y="1116" width="97" height="67" />
      </word>
      <word id="j04-024-02-04" tag="NN" text="lead">
        <cmp x="1315" y="1109" width="125" height="74" />
      </word>
      <word id="j04-024-02-05" tag="IN" text="with">
        <cmp x="1494" y="1149" width="69" height="33" />
        <cmp x="1557" y="1125" width="4" height="8" />
        <cmp x="1581" y="1124" width="15" height="60" />
        <cmp x="1606" y="1124" width="33" height="59" />
      </word>
      <word id="j04-024-02-06" tag="AT" text="a">
        <cmp x="1658" y="1153" width="32" height="31" />
      </word>
      <word id="j04-024-02-07" tag="NN" text="strontium">
        <cmp x="1742" y="1141" width="33" height="41" />
        <cmp x="1797" y="1125" width="27" height="59" />
        <cmp x="1833" y="1143" width="26" height="40" />
        <cmp x="1868" y="1147" width="23" height="33" />
        <cmp x="1899" y="1140" width="25" height="37" />
        <cmp x="1942" y="1116" width="25" height="65" />
        <cmp x="1971" y="1148" width="7" height="30" />
        <cmp x="1984" y="1130" width="4" height="15" />
        <cmp x="1993" y="1148" width="33" height="36" />
        <cmp x="2034" y="1149" width="60" height="49" />
      </word>
      <upper-contour>
        <point x="319" y="1046" />
        <point x="2095" y="1046" />
      </upper-contour>
      <lower-contour>
        <point x="319" y="1235" />
        <point x="2095" y="1235" />
      </lower-contour>
    </line>
    <line ass="80" asx="0" asy="1279" character-width="999" dss="80" dsx="0" dsy="1401" fd0="13396" fd1="2859" fd2="-1199" filter-width="3" id="j04-024-03" lbs="128" lbx="0" lby="1361" segmentation="ok" slant="90000" stroke-width="5461" threshold="172" text="sulphate. Lead and strontium form mixed cry-" ubs="-16" ubx="0" uby="1321">
      <word id="j04-024-03-00" tag="NN" text="sulphate">
        <cmp x="321" y="1315" width="29" height="53" />
        <cmp x="361" y="1286" width="93" height="101" />
        <cmp x="454" y="1299" width="41" height="71" />
        <cmp x="498" y="1328" width="34" height="39" />
        <cmp x="542" y="1295" width="30" height="63" />
        <cmp x="574" y="1318" width="31" height="40" />
      </word>
      <word id="j04-024-03-01" tag="." text=".">
        <cmp x="620" y="1346" width="3" height="3" />
      </word>
      <word id="j04-024-03-02" sentence-start="yes" tag="NN" text="Lead">
        <cmp x="659" y="1292" width="95" height="69" />
        <cmp x="759" y="1284" width="26" height="76" />
        <cmp x="777" y="1279" width="3" height="4" />
      </word>
      <word id="j04-024-03-03" tag="CC" text="and">
        <cmp x="843" y="1325" width="38" height="35" />
        <cmp x="892" y="1323" width="37" height="33" />
        <cmp x="933" y="1283" width="36" height="88" />
      </word>
      <word id="j04-024-03-04" tag="NN" text="strontium">
        <cmp x="1058" y="1314" width="32" height="43" />
        <cmp x="1113" y="1288" width="29" height="57" />
        <cmp x="1155" y="1318" width="20" height="39" />
        <cmp x="1190" y="1319" width="25" height="35" />
        <cmp x="1225" y="1316" width="33" height="39" />
        <cmp x="1273" y="1295" width="26" height="59" />
        <cmp x="1301" y="1307" width="11" height="44" />
        <cmp x="1319" y="1314" width="28" height="41" />
        <cmp x="1352" y="1320" width="67" height="37" />
      </word>
      <word id="j04-024-03-05" tag="VB" text="form">
        <cmp x="1479" y="1297" width="43" height="65" />
        <cmp x="1524" y="1330" width="28" height="31" />
        <cmp x="1562" y="1318" width="23" height="36" />
        <cmp x="1585" y="1319" width="55" height="35" />
      </word>
      <word id="j04-024-03-06" tag="JJ" text="mixed">
        <cmp x="1698" y="1320" width="50" height="42" />
        <cmp x="1760" y="1315" width="18" height="42" />
        <cmp x="1786" y="1328" width="31" height="33" />
        <cmp x="1831" y="1295" width="75" height="67" />
      </word>
      <word id="j04-024-03-07" tag="NNS-" text="cry-">
        <cmp x="1964" y="1326" width="34" height="43" />
        <cmp x="2004" y="1319" width="29" height="42" />
        <cmp x="2010" y="1319" width="50" height="80" />
        <cmp x="2075" y="1333" width="24" height="5" />
      </word>
      <upper-contour>
        <point x="319" y="1235" />
        <point x="2095" y="1235" />
      </upper-contour>
      <lower-contour>
        <point x="325" y="1399" />
        <point x="2100" y="1399" />
      </lower-contour>
    </line>
    <line ass="-93" asx="0" asy="1463" character-width="999" dss="-93" dsx="0" dsy="1556" fd0="13249" fd1="2648" fd2="-1342" filter-width="3" id="j04-024-04" lbs="-123" lbx="0" lby="1535" segmentation="ok" slant="90000" stroke-width="5331" threshold="172" text="stals so that the more insoluble lead sulphate" ubs="-33" ubx="0" uby="1499">
      <word id="j04-024-04-00" tag="-NNS" text="stals">
        <cmp x="327" y="1499" width="27" height="42" />
        <cmp x="362" y="1481" width="40" height="59" />
        <cmp x="408" y="1468" width="109" height="72" />
      </word>
      <word id="j04-024-04-01" tag="CS21" text="so">
        <cmp x="563" y="1504" width="29" height="32" />
        <cmp x="606" y="1502" width="28" height="28" />
      </word>
      <word id="j04-024-04-02" tag="CS22" text="that">
        <cmp x="686" y="1478" width="37" height="60" />
        <cmp x="729" y="1482" width="86" height="54" />
        <cmp x="823" y="1480" width="27" height="56" />
      </word>
      <word id="j04-024-04-03" tag="ATI" text="the">
        <cmp x="910" y="1488" width="32" height="46" />
        <cmp x="950" y="1470" width="53" height="70" />
      </word>
      <word id="j04-024-04-04" tag="QL" text="more">
        <cmp x="1069" y="1503" width="73" height="35" />
        <cmp x="1150" y="1510" width="19" height="31" />
        <cmp x="1179" y="1496" width="25" height="40" />
        <cmp x="1209" y="1501" width="32" height="39" />
      </word>
      <word id="j04-024-04-05" tag="JJ" text="insoluble">
        <cmp x="1304" y="1503" width="10" height="36" />
        <cmp x="1316" y="1489" width="5" height="8" />
        <cmp x="1325" y="1506" width="29" height="36" />
        <cmp x="1356" y="1501" width="25" height="41" />
        <cmp x="1390" y="1506" width="19" height="31" />
        <cmp x="1414" y="1470" width="20" height="68" />
        <cmp x="1440" y="1504" width="36" height="41" />
        <cmp x="1493" y="1481" width="27" height="62" />
        <cmp x="1522" y="1468" width="16" height="74" />
        <cmp x="1543" y="1504" width="30" height="44" />
      </word>
      <word id="j04-024-04-06" tag="NN" text="lead">
        <cmp x="1636" y="1478" width="91" height="64" />
        <cmp x="1729" y="1476" width="38" height="62" />
      </word>
      <word id="j04-024-04-07" tag="NN" text="sulphate">
        <cmp x="1808" y="1504" width="34" height="35" />
        <cmp x="1848" y="1502" width="29" height="43" />
        <cmp x="1890" y="1468" width="34" height="71" />
        <cmp x="1913" y="1506" width="31" height="54" />
        <cmp x="1945" y="1480" width="33" height="60" />
        <cmp x="1984" y="1499" width="43" height="39" />
        <cmp x="2035" y="1474" width="19" height="61" />
        <cmp x="2067" y="1499" width="32" height="36" />
      </word>
      <upper-contour>
        <point x="325" y="1399" />
        <point x="2100" y="1399" />
      </upper-contour>
      <lower-contour>
        <point x="334" y="1560" />
        <point x="2100" y="1560" />
      </lower-contour>
    </line>
    <line ass="-137" asx="0" asy="1638" character-width="999" dss="-137" dsx="0" dsy="1774" fd0="13159" fd1="2814" fd2="-1359" filter-width="3" id="j04-024-05" lbs="-139" lbx="0" lby="1714" segmentation="ok" slant="90000" stroke-width="5314" threshold="173" text="is almost completely recovered even if precipitation" ubs="-134" ubx="0" uby="1680">
      <word id="j04-024-05-00" tag="BEZ" text="is">
        <cmp x="336" y="1660" width="15" height="62" />
        <cmp x="353" y="1676" width="25" height="37" />
      </word>
      <word id="j04-024-05-01" tag="RB" text="almost">
        <cmp x="448" y="1671" width="31" height="32" />
        <cmp x="489" y="1641" width="11" height="73" />
        <cmp x="510" y="1672" width="40" height="48" />
        <cmp x="557" y="1681" width="22" height="40" />
        <cmp x="586" y="1679" width="25" height="36" />
        <cmp x="624" y="1661" width="34" height="53" />
      </word>
      <word id="j04-024-05-02" tag="RB" text="completely">
        <cmp x="713" y="1686" width="64" height="37" />
        <cmp x="791" y="1686" width="45" height="32" />
        <cmp x="838" y="1680" width="31" height="59" />
        <cmp x="871" y="1656" width="14" height="58" />
        <cmp x="901" y="1652" width="161" height="126" />
      </word>
      <word id="j04-024-05-03" tag="VBN" text="recovered">
        <cmp x="1116" y="1678" width="112" height="43" />
        <cmp x="1234" y="1677" width="29" height="34" />
        <cmp x="1268" y="1678" width="26" height="40" />
        <cmp x="1298" y="1676" width="22" height="37" />
        <cmp x="1329" y="1678" width="23" height="40" />
        <cmp x="1359" y="1651" width="35" height="72" />
      </word>
      <word id="j04-024-05-04" tag="CS21" text="even">
        <cmp x="1448" y="1676" width="73" height="37" />
        <cmp x="1525" y="1688" width="26" height="41" />
        <cmp x="1550" y="1689" width="36" height="38" />
      </word>
      <word id="j04-024-05-05" tag="CS22" text="if">
        <cmp x="1625" y="1695" width="6" height="31" />
        <cmp x="1636" y="1663" width="12" height="10" />
        <cmp x="1659" y="1645" width="38" height="72" />
      </word>
      <word id="j04-024-05-06" tag="NN" text="precipitation">
        <cmp x="1750" y="1691" width="24" height="48" />
        <cmp x="1781" y="1684" width="37" height="35" />
        <cmp x="1829" y="1681" width="53" height="41" />
        <cmp x="1883" y="1685" width="10" height="33" />
        <cmp x="1893" y="1673" width="5" height="6" />
        <cmp x="1908" y="1684" width="29" height="42" />
        <cmp x="1946" y="1683" width="6" height="32" />
        <cmp x="1962" y="1657" width="5" height="15" />
        <cmp x="1979" y="1657" width="23" height="60" />
        <cmp x="2007" y="1675" width="29" height="42" />
        <cmp x="2054" y="1667" width="25" height="63" />
        <cmp x="2086" y="1690" width="6" height="31" />
        <cmp x="2099" y="1673" width="7" height="13" />
        <cmp x="2102" y="1690" width="22" height="33" />
        <cmp x="2136" y="1685" width="25" height="38" />
      </word>
      <upper-contour>
        <point x="334" y="1560" />
        <point x="2100" y="1560" />
      </upper-contour>
      <lower-contour>
        <point x="334" y="1778" />
        <point x="2129" y="1778" />
      </lower-contour>
    </line>
    <line ass="-26" asx="0" asy="1809" character-width="999" dss="-26" dsx="0" dsy="1940" fd0="13084" fd1="3083" fd2="-995" filter-width="3" id="j04-024-06" lbs="50" lbx="0" lby="1895" segmentation="ok" slant="86000" stroke-width="5213" threshold="174" text="of the strontium sulphate is incomplete. Using" ubs="-180" ubx="0" uby="1853">
      <word id="j04-024-06-00" tag="INO" text="of">
        <cmp x="324" y="1857" width="23" height="34" />
        <cmp x="361" y="1814" width="39" height="83" />
      </word>
      <word id="j04-024-06-01" tag="ATI" text="the">
        <cmp x="424" y="1856" width="27" height="43" />
        <cmp x="462" y="1822" width="58" height="79" />
      </word>
      <word id="j04-024-06-02" tag="NN" text="strontium">
        <cmp x="578" y="1855" width="37" height="41" />
        <cmp x="618" y="1835" width="35" height="59" />
        <cmp x="658" y="1858" width="34" height="43" />
        <cmp x="704" y="1859" width="18" height="35" />
        <cmp x="740" y="1850" width="23" height="35" />
        <cmp x="776" y="1831" width="27" height="70" />
        <cmp x="810" y="1860" width="7" height="33" />
        <cmp x="821" y="1842" width="4" height="15" />
        <cmp x="832" y="1856" width="35" height="41" />
        <cmp x="877" y="1859" width="54" height="40" />
      </word>
      <word id="j04-024-06-03" tag="NN" text="sulphate">
        <cmp x="1009" y="1855" width="30" height="43" />
        <cmp x="1045" y="1810" width="110" height="115" />
        <cmp x="1164" y="1828" width="6" height="7" />
        <cmp x="1164" y="1835" width="27" height="57" />
        <cmp x="1199" y="1855" width="29" height="40" />
        <cmp x="1239" y="1830" width="18" height="68" />
        <cmp x="1263" y="1858" width="30" height="38" />
      </word>
      <word id="j04-024-06-04" tag="BEZ" text="is">
        <cmp x="1328" y="1858" width="7" height="29" />
        <cmp x="1331" y="1849" width="4" height="6" />
        <cmp x="1336" y="1852" width="36" height="44" />
      </word>
      <word id="j04-024-06-05" tag="JJ" text="incomplete">
        <cmp x="1436" y="1863" width="9" height="27" />
        <cmp x="1446" y="1841" width="4" height="10" />
        <cmp x="1465" y="1858" width="27" height="33" />
        <cmp x="1502" y="1853" width="21" height="42" />
        <cmp x="1531" y="1860" width="17" height="37" />
        <cmp x="1567" y="1852" width="50" height="40" />
        <cmp x="1627" y="1831" width="36" height="77" />
        <cmp x="1675" y="1827" width="69" height="74" />
        <cmp x="1757" y="1865" width="28" height="36" />
      </word>
      <word id="j04-024-06-06" tag="." text=".">
        <cmp x="1808" y="1888" width="6" height="11" />
      </word>
      <word id="j04-024-06-07" sentence-start="yes" tag="VBG" text="Using">
        <cmp x="1887" y="1819" width="59" height="69" />
        <cmp x="1948" y="1863" width="21" height="27" />
        <cmp x="1980" y="1868" width="11" height="31" />
        <cmp x="1995" y="1855" width="5" height="5" />
        <cmp x="2008" y="1870" width="65" height="30" />
        <cmp x="2063" y="1867" width="65" height="75" />
      </word>
      <upper-contour>
        <point x="334" y="1778" />
        <point x="2129" y="1778" />
      </upper-contour>
      <lower-contour>
        <point x="329" y="1925" />
        <point x="1994" y="1925" />
      </lower-contour>
    </line>
    <line ass="-159" asx="0" asy="1995" character-width="999" dss="-159" dsx="0" dsy="2149" fd0="13351" fd1="2750" fd2="-966" filter-width="3" id="j04-024-07" lbs="-151" lbx="0" lby="2074" segmentation="ok" slant="80000" stroke-width="5398" threshold="173" text="ten milligrams of lead carrier and six" ubs="-175" ubx="0" uby="2038">
      <word id="j04-024-07-00" tag="CD" text="ten">
        <cmp x="331" y="2012" width="32" height="70" />
        <cmp x="372" y="2041" width="27" height="39" />
        <cmp x="406" y="2048" width="49" height="36" />
      </word>
      <word id="j04-024-07-01" tag="NNS" text="milligrams">
        <cmp x="547" y="2068" width="5" height="6" />
        <cmp x="550" y="2041" width="56" height="41" />
        <cmp x="622" y="2049" width="9" height="33" />
        <cmp x="631" y="2032" width="12" height="12" />
        <cmp x="660" y="2018" width="10" height="59" />
        <cmp x="678" y="2015" width="12" height="65" />
        <cmp x="703" y="2034" width="9" height="40" />
        <cmp x="711" y="2032" width="46" height="119" />
        <cmp x="712" y="2024" width="4" height="11" />
        <cmp x="768" y="2034" width="31" height="48" />
        <cmp x="797" y="2040" width="39" height="38" />
        <cmp x="843" y="2030" width="40" height="38" />
        <cmp x="892" y="2031" width="27" height="40" />
      </word>
      <word id="j04-024-07-02" tag="INO" text="of">
        <cmp x="986" y="2035" width="21" height="32" />
        <cmp x="1031" y="2038" width="5" height="3" />
        <cmp x="1034" y="2001" width="41" height="74" />
      </word>
      <word id="j04-024-07-03" tag="NN" text="lead">
        <cmp x="1143" y="2005" width="100" height="76" />
        <cmp x="1258" y="2001" width="36" height="72" />
      </word>
      <word id="j04-024-07-04" tag="NN" text="carrier">
        <cmp x="1378" y="2037" width="151" height="45" />
        <cmp x="1533" y="2046" width="9" height="31" />
        <cmp x="1537" y="2035" width="7" height="7" />
        <cmp x="1563" y="2043" width="30" height="38" />
        <cmp x="1608" y="2036" width="29" height="44" />
      </word>
      <word id="j04-024-07-05" tag="CC" text="and">
        <cmp x="1689" y="2046" width="49" height="34" />
        <cmp x="1738" y="2047" width="51" height="33" />
        <cmp x="1795" y="2001" width="29" height="79" />
      </word>
      <word id="j04-024-07-06" tag="CD" text="six">
        <cmp x="1881" y="2049" width="31" height="30" />
        <cmp x="1923" y="2044" width="10" height="33" />
        <cmp x="1944" y="2053" width="49" height="36" />
      </word>
      <upper-contour>
        <point x="329" y="1925" />
        <point x="1994" y="1925" />
      </upper-contour>
      <lower-contour>
        <point x="329" y="2152" />
        <point x="1994" y="2152" />
      </lower-contour>
    </line>
    <line ass="89" asx="0" asy="2173" character-width="999" dss="89" dsx="0" dsy="2311" fd0="13048" fd1="2882" fd2="-1181" filter-width="3" id="j04-024-08" lbs="113" lbx="0" lby="2258" segmentation="ok" slant="84000" stroke-width="5246" threshold="174" text="hundred milligrams of strontium per liter," ubs="40" ubx="0" uby="2219">
      <word id="j04-024-08-00" tag="CD" text="hundred">
        <cmp x="308" y="2174" width="104" height="92" />
        <cmp x="323" y="2194" width="7" height="6" />
        <cmp x="408" y="2220" width="39" height="39" />
        <cmp x="455" y="2178" width="30" height="80" />
        <cmp x="490" y="2201" width="32" height="50" />
        <cmp x="524" y="2213" width="25" height="45" />
        <cmp x="558" y="2188" width="30" height="73" />
      </word>
      <word id="j04-024-08-01" tag="NNS" text="milligrams">
        <cmp x="675" y="2223" width="59" height="34" />
        <cmp x="747" y="2226" width="8" height="29" />
        <cmp x="753" y="2206" width="14" height="17" />
        <cmp x="782" y="2191" width="10" height="62" />
        <cmp x="797" y="2184" width="12" height="67" />
        <cmp x="817" y="2217" width="10" height="34" />
        <cmp x="825" y="2204" width="7" height="12" />
        <cmp x="833" y="2212" width="38" height="98" />
        <cmp x="880" y="2218" width="27" height="46" />
        <cmp x="924" y="2221" width="30" height="36" />
        <cmp x="970" y="2217" width="34" height="35" />
        <cmp x="1013" y="2212" width="29" height="39" />
      </word>
      <word id="j04-024-08-02" tag="INO" text="of">
        <cmp x="1111" y="2218" width="26" height="36" />
        <cmp x="1159" y="2173" width="38" height="84" />
      </word>
      <word id="j04-024-08-03" tag="NN" text="strontium">
        <cmp x="1276" y="2217" width="30" height="37" />
        <cmp x="1327" y="2193" width="18" height="66" />
        <cmp x="1362" y="2221" width="30" height="41" />
        <cmp x="1398" y="2217" width="23" height="40" />
        <cmp x="1434" y="2216" width="27" height="35" />
        <cmp x="1478" y="2190" width="22" height="63" />
        <cmp x="1481" y="2199" width="3" height="5" />
        <cmp x="1507" y="2210" width="17" height="41" />
        <cmp x="1536" y="2219" width="31" height="39" />
        <cmp x="1575" y="2216" width="59" height="37" />
      </word>
      <word id="j04-024-08-04" tag="IN" text="per">
        <cmp x="1701" y="2218" width="33" height="49" />
        <cmp x="1751" y="2215" width="80" height="45" />
      </word>
      <word id="j04-024-08-05" tag="NN" text="liter">
        <cmp x="1921" y="2181" width="20" height="71" />
        <cmp x="1949" y="2220" width="11" height="34" />
        <cmp x="1967" y="2182" width="130" height="78" />
      </word>
      <word id="j04-024-08-06" tag="," text=",">
        <cmp x="2091" y="2250" width="26" height="25" />
      </word>
      <upper-contour>
        <point x="329" y="2152" />
        <point x="1994" y="2152" />
      </upper-contour>
      <lower-contour>
        <point x="306" y="2310" />
        <point x="1527" y="2310" />
      </lower-contour>
    </line>
    <line ass="-424" asx="0" asy="2359" character-width="999" dss="-424" dsx="0" dsy="2440" fd0="13289" fd1="2917" fd2="-499" filter-width="3" id="j04-024-09" lbs="-412" lbx="0" lby="2430" segmentation="ok" slant="90000" stroke-width="5489" threshold="171" text="more than 95 experiment." ubs="-450" ubx="0" uby="2389">
      <word id="j04-024-09-00" tag="AP" text="more">
        <cmp x="307" y="2389" width="120" height="45" />
        <cmp x="451" y="2388" width="21" height="42" />
        <cmp x="485" y="2398" width="28" height="37" />
      </word>
      <word id="j04-024-09-01" tag="IN" text="than">
        <cmp x="610" y="2375" width="27" height="56" />
        <cmp x="639" y="2367" width="39" height="65" />
        <cmp x="689" y="2393" width="38" height="45" />
        <cmp x="730" y="2403" width="47" height="36" />
      </word>
      <word id="j04-024-09-02" tag="CD" text="95">
        <cmp x="895" y="2373" width="33" height="66" />
        <cmp x="941" y="2378" width="45" height="65" />
      </word>
      <word id="j04-024-09-03" tag="NN" text="experiment">
        <cmp x="1027" y="2397" width="31" height="41" />
        <cmp x="1065" y="2397" width="33" height="36" />
        <cmp x="1103" y="2397" width="32" height="51" />
        <cmp x="1156" y="2396" width="29" height="42" />
        <cmp x="1200" y="2396" width="21" height="43" />
        <cmp x="1240" y="2388" width="8" height="47" />
        <cmp x="1254" y="2395" width="72" height="42" />
        <cmp x="1356" y="2399" width="68" height="40" />
        <cmp x="1457" y="2370" width="30" height="71" />
      </word>
      <word id="j04-024-09-04" tag="." text=".">
        <cmp x="1518" y="2431" width="8" height="13" />
      </word>
      <upper-contour>
        <point x="306" y="2310" />
        <point x="1527" y="2310" />
      </upper-contour>
    </line>
  </handwritten-part>
</form>

