<?xml version="1.0" encoding="ISO-8859-1"?>

<!DOCTYPE form SYSTEM 'http://www.iam.unibe.ch/~fki/iamdb/form-metadata.dtd'>

<form created="2002-01-25" height="3542" id="j04-070" last-modified="2002-07-17" skew="-30" status="final" version="3.0_beta" width="2479" writer-id="409">
  <machine-printed-part>
    <machine-print-line text="Polonium-210 remains on the column and does not interfere. Strontium does not" />
    <machine-print-line text="form a chloro-complex and therefore passes through in the feed solution and the first" />
    <machine-print-line text="wash. The resin is used for a single separation and then thrown away. In the first" />
    <machine-print-line text="stage of the analysis, only the fraction containing lead-210 is collected. The lead is" />
    <machine-print-line text="precipitated as the chromate, washed, slurried onto an aluminium counting tray, dried" />
    <machine-print-line text="under an infra-red lamp, weighed, and set aside for five days while the bismuth-210" />
    <machine-print-line text="grows in." />
  </machine-printed-part>
  <handwritten-part>
    <line ass="-297" asx="0" asy="771" character-width="999" dss="-297" dsx="0" dsy="862" fd0="13154" fd1="2521" fd2="-2311" filter-width="3" id="j04-070-00" lbs="-256" lbx="0" lby="854" segmentation="ok" slant="74000" stroke-width="5355" threshold="172" text="Polonium-210 remains on the column and does not" ubs="-379" ubx="0" uby="802">
      <word id="j04-070-00-00" sentence-start="yes" tag="NN" text="Polonium-210">
        <cmp x="357" y="775" width="29" height="83" />
        <cmp x="375" y="808" width="32" height="40" />
        <cmp x="410" y="775" width="40" height="83" />
        <cmp x="454" y="800" width="34" height="61" />
        <cmp x="492" y="808" width="15" height="48" />
        <cmp x="504" y="779" width="6" height="20" />
        <cmp x="507" y="805" width="76" height="61" />
        <cmp x="593" y="830" width="25" height="6" />
        <cmp x="631" y="795" width="44" height="67" />
        <cmp x="684" y="781" width="29" height="73" />
        <cmp x="707" y="795" width="35" height="57" />
      </word>
      <word id="j04-070-00-01" tag="VBZ" text="remains">
        <cmp x="788" y="798" width="34" height="60" />
        <cmp x="818" y="801" width="39" height="55" />
        <cmp x="856" y="805" width="43" height="51" />
        <cmp x="899" y="815" width="40" height="40" />
        <cmp x="941" y="810" width="13" height="43" />
        <cmp x="952" y="783" width="6" height="18" />
        <cmp x="961" y="806" width="32" height="51" />
        <cmp x="986" y="796" width="37" height="57" />
      </word>
      <word id="j04-070-00-02" tag="IN" text="on">
        <cmp x="1067" y="819" width="29" height="37" />
        <cmp x="1097" y="814" width="34" height="47" />
      </word>
      <word id="j04-070-00-03" tag="ATI" text="the">
        <cmp x="1164" y="803" width="36" height="59" />
        <cmp x="1200" y="789" width="29" height="71" />
        <cmp x="1232" y="809" width="33" height="52" />
      </word>
      <word id="j04-070-00-04" tag="NN" text="column">
        <cmp x="1316" y="799" width="36" height="63" />
        <cmp x="1348" y="816" width="29" height="35" />
        <cmp x="1386" y="793" width="15" height="67" />
        <cmp x="1401" y="814" width="33" height="48" />
        <cmp x="1438" y="813" width="43" height="54" />
        <cmp x="1481" y="810" width="38" height="53" />
      </word>
      <word id="j04-070-00-05" tag="CC" text="and">
        <cmp x="1550" y="819" width="40" height="39" />
        <cmp x="1588" y="816" width="33" height="48" />
        <cmp x="1617" y="793" width="36" height="68" />
      </word>
      <word id="j04-070-00-06" tag="DOZ" text="does">
        <cmp x="1683" y="786" width="34" height="79" />
        <cmp x="1711" y="821" width="30" height="38" />
        <cmp x="1739" y="818" width="34" height="54" />
        <cmp x="1777" y="811" width="34" height="54" />
      </word>
      <word id="j04-070-00-07" tag="XNOT" text="not">
        <cmp x="1851" y="811" width="38" height="51" />
        <cmp x="1885" y="821" width="31" height="37" />
        <cmp x="1925" y="808" width="31" height="54" />
      </word>
      <lower-contour>
        <point x="355" y="872" />
        <point x="1957" y="872" />
      </lower-contour>
    </line>
    <line ass="-404" asx="0" asy="942" character-width="999" dss="-404" dsx="0" dsy="1062" fd0="13156" fd1="2799" fd2="-2171" filter-width="3" id="j04-070-01" lbs="-251" lbx="0" lby="1033" segmentation="err" slant="79000" stroke-width="5432" threshold="171" text="interfere. Strontium does not form a chloro-complex" ubs="-710" ubx="0" uby="977">
      <word id="j04-070-01-00" tag="VB" text="interfere">
        <cmp x="350" y="977" width="10" height="54" />
        <cmp x="358" y="946" width="6" height="14" />
        <cmp x="363" y="985" width="32" height="50" />
        <cmp x="397" y="972" width="35" height="66" />
        <cmp x="428" y="987" width="36" height="52" />
        <cmp x="472" y="985" width="32" height="50" />
        <cmp x="508" y="969" width="44" height="68" />
        <cmp x="542" y="982" width="32" height="49" />
        <cmp x="575" y="970" width="35" height="60" />
        <cmp x="604" y="977" width="35" height="56" />
      </word>
      <word id="j04-070-01-01" tag="." text=".">
        <cmp x="637" y="1016" width="14" height="20" />
      </word>
      <word id="j04-070-01-02" sentence-start="yes" tag="NN" text="Strontium">
        <cmp x="659" y="965" width="43" height="75" />
        <cmp x="695" y="979" width="36" height="60" />
        <cmp x="737" y="974" width="36" height="61" />
        <cmp x="765" y="996" width="31" height="40" />
        <cmp x="800" y="989" width="35" height="54" />
        <cmp x="834" y="976" width="38" height="63" />
        <cmp x="881" y="989" width="17" height="50" />
        <cmp x="894" y="959" width="4" height="18" />
        <cmp x="899" y="986" width="32" height="51" />
        <cmp x="932" y="986" width="45" height="49" />
        <cmp x="970" y="1065" width="4" height="4" />
      </word>
      <word id="j04-070-01-03" tag="DOZ" text="does">
        <cmp x="1031" y="957" width="32" height="77" />
        <cmp x="1062" y="998" width="29" height="38" />
        <cmp x="1095" y="988" width="33" height="52" />
        <cmp x="1130" y="985" width="37" height="55" />
      </word>
      <word id="j04-070-01-04" tag="XNOT" text="not">
        <cmp x="1206" y="986" width="34" height="54" />
        <cmp x="1238" y="994" width="31" height="45" />
        <cmp x="1270" y="985" width="33" height="55" />
      </word>
      <word id="j04-070-01-05" tag="VB" text="form">
        <cmp x="1359" y="978" width="43" height="67" />
        <cmp x="1398" y="1003" width="26" height="38" />
        <cmp x="1432" y="990" width="30" height="54" />
        <cmp x="1462" y="1002" width="46" height="42" />
      </word>
      <word id="j04-070-01-06" tag="AT" text="a">
        <cmp x="1552" y="1000" width="47" height="37" />
      </word>
      <word id="j04-070-01-07" tag="NN" text="chloro-complex">
        <cmp x="1628" y="998" width="32" height="44" />
        <cmp x="1663" y="973" width="31" height="70" />
        <cmp x="1700" y="981" width="15" height="63" />
        <cmp x="1711" y="1004" width="28" height="34" />
        <cmp x="1747" y="983" width="30" height="59" />
        <cmp x="1775" y="1001" width="33" height="40" />
        <cmp x="1817" y="1013" width="29" height="8" />
        <cmp x="1850" y="992" width="53" height="45" />
        <cmp x="1903" y="1003" width="49" height="37" />
        <cmp x="1957" y="995" width="34" height="73" />
        <cmp x="1991" y="979" width="17" height="61" />
        <cmp x="2010" y="998" width="32" height="40" />
        <cmp x="2036" y="993" width="45" height="75" />
      </word>
      <upper-contour>
        <point x="355" y="872" />
        <point x="1957" y="872" />
      </upper-contour>
      <lower-contour>
        <point x="348" y="1069" />
        <point x="2082" y="1069" />
      </lower-contour>
    </line>
    <line ass="-511" asx="0" asy="1128" character-width="999" dss="-511" dsx="0" dsy="1247" fd0="13188" fd1="2710" fd2="-2091" filter-width="3" id="j04-070-02" lbs="-487" lbx="0" lby="1210" segmentation="ok" slant="78000" stroke-width="5394" threshold="172" text="and therefore passes through in the feed solution and" ubs="-559" ubx="0" uby="1160">
      <word id="j04-070-02-00" tag="CC" text="and">
        <cmp x="350" y="1167" width="41" height="44" />
        <cmp x="388" y="1162" width="32" height="52" />
        <cmp x="422" y="1142" width="29" height="72" />
      </word>
      <word id="j04-070-02-01" tag="RB" text="therefore">
        <cmp x="479" y="1154" width="40" height="62" />
        <cmp x="514" y="1146" width="29" height="79" />
        <cmp x="547" y="1171" width="33" height="51" />
        <cmp x="591" y="1161" width="33" height="56" />
        <cmp x="622" y="1172" width="31" height="42" />
        <cmp x="663" y="1157" width="44" height="60" />
        <cmp x="699" y="1175" width="27" height="38" />
        <cmp x="729" y="1162" width="32" height="54" />
        <cmp x="761" y="1165" width="31" height="52" />
      </word>
      <word id="j04-070-02-02" tag="VBZ" text="passes">
        <cmp x="845" y="1162" width="34" height="82" />
        <cmp x="880" y="1176" width="42" height="41" />
        <cmp x="890" y="1187" width="9" height="7" />
        <cmp x="924" y="1156" width="38" height="56" />
        <cmp x="952" y="1163" width="36" height="52" />
        <cmp x="993" y="1168" width="36" height="45" />
        <cmp x="1031" y="1169" width="34" height="48" />
      </word>
      <word id="j04-070-02-03" tag="RP" text="through">
        <cmp x="1102" y="1167" width="42" height="58" />
        <cmp x="1143" y="1150" width="29" height="69" />
        <cmp x="1177" y="1167" width="35" height="53" />
        <cmp x="1202" y="1182" width="31" height="37" />
        <cmp x="1233" y="1178" width="32" height="45" />
        <cmp x="1252" y="1183" width="40" height="76" />
        <cmp x="1297" y="1159" width="25" height="63" />
      </word>
      <word id="j04-070-02-04" tag="IN" text="in">
        <cmp x="1369" y="1169" width="13" height="52" />
        <cmp x="1374" y="1142" width="5" height="15" />
        <cmp x="1386" y="1174" width="34" height="57" />
      </word>
      <word id="j04-070-02-05" tag="ATI" text="the">
        <cmp x="1439" y="1166" width="37" height="58" />
        <cmp x="1476" y="1157" width="27" height="66" />
        <cmp x="1506" y="1174" width="35" height="55" />
      </word>
      <word id="j04-070-02-06" tag="NN" text="feed">
        <cmp x="1578" y="1160" width="48" height="69" />
        <cmp x="1619" y="1179" width="39" height="51" />
        <cmp x="1657" y="1182" width="33" height="47" />
        <cmp x="1694" y="1144" width="39" height="79" />
      </word>
      <word id="j04-070-02-07" tag="NN" text="solution">
        <cmp x="1761" y="1160" width="40" height="62" />
        <cmp x="1796" y="1185" width="29" height="36" />
        <cmp x="1832" y="1160" width="13" height="62" />
        <cmp x="1844" y="1183" width="39" height="47" />
        <cmp x="1881" y="1169" width="36" height="58" />
        <cmp x="1920" y="1181" width="13" height="47" />
        <cmp x="1927" y="1149" width="6" height="21" />
        <cmp x="1931" y="1192" width="31" height="35" />
        <cmp x="1969" y="1185" width="32" height="45" />
      </word>
      <word id="j04-070-02-08" tag="CC" text="and">
        <cmp x="2049" y="1182" width="37" height="42" />
        <cmp x="2085" y="1181" width="37" height="50" />
        <cmp x="2122" y="1153" width="40" height="74" />
      </word>
      <upper-contour>
        <point x="348" y="1069" />
        <point x="2082" y="1069" />
      </upper-contour>
      <lower-contour>
        <point x="348" y="1259" />
        <point x="1958" y="1259" />
      </lower-contour>
    </line>
    <line ass="-691" asx="0" asy="1302" character-width="999" dss="-691" dsx="0" dsy="1427" fd0="13043" fd1="3024" fd2="-1534" filter-width="3" id="j04-070-03" lbs="-675" lbx="0" lby="1390" segmentation="ok" slant="80000" stroke-width="5448" threshold="173" text="the first wash. The resin is used for a single" ubs="-724" ubx="0" uby="1336">
      <word id="j04-070-03-00" tag="ATI" text="the">
        <cmp x="350" y="1328" width="33" height="62" />
        <cmp x="386" y="1319" width="28" height="74" />
        <cmp x="416" y="1349" width="34" height="50" />
      </word>
      <word id="j04-070-03-01" tag="OD" text="first">
        <cmp x="499" y="1328" width="42" height="71" />
        <cmp x="545" y="1354" width="15" height="44" />
        <cmp x="558" y="1318" width="6" height="22" />
        <cmp x="564" y="1349" width="35" height="52" />
        <cmp x="596" y="1344" width="37" height="57" />
        <cmp x="627" y="1342" width="42" height="56" />
      </word>
      <word id="j04-070-03-02" tag="NN" text="wash">
        <cmp x="711" y="1346" width="42" height="51" />
        <cmp x="752" y="1357" width="45" height="43" />
        <cmp x="798" y="1345" width="36" height="53" />
        <cmp x="839" y="1326" width="28" height="70" />
      </word>
      <word id="j04-070-03-03" tag="." text=".">
        <cmp x="872" y="1383" width="10" height="14" />
      </word>
      <word id="j04-070-03-04" sentence-start="yes" tag="ATI" text="The">
        <cmp x="904" y="1318" width="53" height="78" />
        <cmp x="953" y="1326" width="26" height="75" />
        <cmp x="984" y="1351" width="36" height="53" />
      </word>
      <word id="j04-070-03-05" tag="NN" text="resin">
        <cmp x="1069" y="1342" width="34" height="60" />
        <cmp x="1092" y="1346" width="67" height="61" />
        <cmp x="1169" y="1361" width="11" height="41" />
        <cmp x="1172" y="1329" width="5" height="21" />
        <cmp x="1182" y="1362" width="32" height="43" />
      </word>
      <word id="j04-070-03-06" tag="BEZ" text="is">
        <cmp x="1260" y="1355" width="14" height="51" />
        <cmp x="1272" y="1318" width="6" height="18" />
        <cmp x="1274" y="1350" width="38" height="59" />
      </word>
      <word id="j04-070-03-07" tag="VBN" text="used">
        <cmp x="1355" y="1351" width="35" height="57" />
        <cmp x="1383" y="1342" width="40" height="63" />
        <cmp x="1421" y="1354" width="36" height="47" />
        <cmp x="1461" y="1330" width="36" height="70" />
      </word>
      <word id="j04-070-03-08" tag="IN" text="for">
        <cmp x="1537" y="1341" width="54" height="73" />
        <cmp x="1586" y="1367" width="30" height="37" />
        <cmp x="1620" y="1351" width="32" height="53" />
      </word>
      <word id="j04-070-03-09" tag="AT" text="a">
        <cmp x="1687" y="1364" width="42" height="42" />
      </word>
      <word id="j04-070-03-10" tag="JJ" text="single">
        <cmp x="1762" y="1342" width="40" height="63" />
        <cmp x="1798" y="1359" width="15" height="46" />
        <cmp x="1810" y="1328" width="7" height="22" />
        <cmp x="1820" y="1362" width="31" height="44" />
        <cmp x="1833" y="1365" width="42" height="85" />
        <cmp x="1880" y="1336" width="50" height="81" />
        <cmp x="1921" y="1356" width="36" height="47" />
      </word>
      <upper-contour>
        <point x="348" y="1259" />
        <point x="1958" y="1259" />
      </upper-contour>
      <lower-contour>
        <point x="348" y="1450" />
        <point x="1958" y="1450" />
      </lower-contour>
    </line>
    <line ass="-359" asx="0" asy="1496" character-width="999" dss="-359" dsx="0" dsy="1625" fd0="13166" fd1="2546" fd2="-2058" filter-width="3" id="j04-070-04" lbs="-365" lbx="0" lby="1572" segmentation="ok" slant="75000" stroke-width="5366" threshold="174" text="separation and then thrown away. In the first stage" ubs="-346" ubx="0" uby="1524">
      <word id="j04-070-04-00" tag="NN" text="separation">
        <cmp x="338" y="1503" width="38" height="66" />
        <cmp x="373" y="1520" width="34" height="56" />
        <cmp x="407" y="1519" width="77" height="85" />
        <cmp x="488" y="1511" width="35" height="58" />
        <cmp x="519" y="1534" width="39" height="43" />
        <cmp x="561" y="1527" width="36" height="57" />
        <cmp x="605" y="1533" width="14" height="42" />
        <cmp x="617" y="1503" width="7" height="23" />
        <cmp x="624" y="1540" width="28" height="37" />
        <cmp x="659" y="1529" width="33" height="47" />
      </word>
      <word id="j04-070-04-01" tag="CC" text="and">
        <cmp x="746" y="1530" width="37" height="47" />
        <cmp x="784" y="1535" width="32" height="46" />
        <cmp x="816" y="1503" width="38" height="72" />
      </word>
      <word id="j04-070-04-02" tag="RN" text="then">
        <cmp x="890" y="1513" width="37" height="66" />
        <cmp x="929" y="1507" width="30" height="76" />
        <cmp x="961" y="1530" width="35" height="52" />
        <cmp x="998" y="1535" width="36" height="48" />
      </word>
      <word id="j04-070-04-03" tag="VBN" text="thrown">
        <cmp x="1068" y="1518" width="37" height="64" />
        <cmp x="1106" y="1503" width="30" height="75" />
        <cmp x="1139" y="1515" width="32" height="59" />
        <cmp x="1167" y="1538" width="30" height="38" />
        <cmp x="1206" y="1527" width="46" height="49" />
        <cmp x="1249" y="1530" width="32" height="46" />
      </word>
      <word id="j04-070-04-04" tag="RP" text="away">
        <cmp x="1330" y="1542" width="43" height="40" />
        <cmp x="1377" y="1539" width="43" height="43" />
        <cmp x="1418" y="1544" width="33" height="36" />
        <cmp x="1455" y="1532" width="33" height="79" />
      </word>
      <word id="j04-070-04-05" tag="." text=".">
        <cmp x="1487" y="1559" width="10" height="16" />
      </word>
      <word id="j04-070-04-06" sentence-start="yes" tag="IN" text="In">
        <cmp x="1517" y="1511" width="16" height="67" />
        <cmp x="1535" y="1534" width="36" height="48" />
      </word>
      <word id="j04-070-04-07" tag="ATI" text="the">
        <cmp x="1599" y="1519" width="41" height="61" />
        <cmp x="1640" y="1520" width="28" height="64" />
        <cmp x="1671" y="1536" width="30" height="46" />
      </word>
      <word id="j04-070-04-08" tag="OD" text="first">
        <cmp x="1736" y="1524" width="50" height="65" />
        <cmp x="1789" y="1550" width="16" height="38" />
        <cmp x="1805" y="1519" width="8" height="21" />
        <cmp x="1810" y="1536" width="39" height="54" />
        <cmp x="1845" y="1529" width="37" height="60" />
        <cmp x="1874" y="1526" width="45" height="56" />
      </word>
      <word id="j04-070-04-09" tag="NN" text="stage">
        <cmp x="1956" y="1524" width="41" height="56" />
        <cmp x="1989" y="1526" width="45" height="55" />
        <cmp x="2029" y="1548" width="42" height="35" />
        <cmp x="2055" y="1547" width="47" height="91" />
        <cmp x="2111" y="1545" width="39" height="45" />
      </word>
      <upper-contour>
        <point x="348" y="1450" />
        <point x="1958" y="1450" />
      </upper-contour>
      <lower-contour>
        <point x="352" y="1612" />
        <point x="1986" y="1612" />
      </lower-contour>
    </line>
    <line ass="-247" asx="0" asy="1676" character-width="999" dss="-247" dsx="0" dsy="1807" fd0="13440" fd1="2803" fd2="-2039" filter-width="3" id="j04-070-05" lbs="-156" lbx="0" lby="1759" segmentation="ok" slant="75000" stroke-width="5372" threshold="172" text="of the analysis, only the fraction containing" ubs="-428" ubx="0" uby="1709">
      <word id="j04-070-05-00" tag="INO" text="of">
        <cmp x="354" y="1712" width="30" height="43" />
        <cmp x="388" y="1687" width="43" height="68" />
      </word>
      <word id="j04-070-05-01" tag="ATI" text="the">
        <cmp x="476" y="1700" width="38" height="55" />
        <cmp x="514" y="1686" width="29" height="71" />
        <cmp x="549" y="1712" width="30" height="47" />
      </word>
      <word id="j04-070-05-02" tag="NN" text="analysis">
        <cmp x="627" y="1712" width="46" height="45" />
        <cmp x="674" y="1689" width="121" height="77" />
        <cmp x="798" y="1711" width="31" height="68" />
        <cmp x="821" y="1699" width="40" height="61" />
        <cmp x="869" y="1714" width="12" height="37" />
        <cmp x="876" y="1686" width="5" height="20" />
        <cmp x="888" y="1694" width="32" height="58" />
      </word>
      <word id="j04-070-05-03" tag="," text=",">
        <cmp x="924" y="1734" width="18" height="37" />
      </word>
      <word id="j04-070-05-04" tag="RB" text="only">
        <cmp x="977" y="1712" width="33" height="41" />
        <cmp x="1012" y="1709" width="31" height="49" />
        <cmp x="1046" y="1691" width="42" height="77" />
        <cmp x="1089" y="1711" width="35" height="67" />
      </word>
      <word id="j04-070-05-05" tag="ATI" text="the">
        <cmp x="1152" y="1707" width="42" height="57" />
        <cmp x="1189" y="1693" width="27" height="73" />
        <cmp x="1221" y="1718" width="36" height="47" />
      </word>
      <word id="j04-070-05-06" tag="NN" text="fraction">
        <cmp x="1296" y="1702" width="48" height="63" />
        <cmp x="1345" y="1706" width="38" height="58" />
        <cmp x="1381" y="1724" width="37" height="42" />
        <cmp x="1428" y="1720" width="37" height="45" />
        <cmp x="1465" y="1713" width="40" height="55" />
        <cmp x="1512" y="1724" width="14" height="39" />
        <cmp x="1522" y="1699" width="6" height="22" />
        <cmp x="1530" y="1725" width="28" height="37" />
        <cmp x="1561" y="1723" width="39" height="49" />
      </word>
      <word id="j04-070-05-07" tag="VBG" text="containing">
        <cmp x="1659" y="1714" width="33" height="45" />
        <cmp x="1687" y="1723" width="30" height="31" />
        <cmp x="1719" y="1719" width="34" height="44" />
        <cmp x="1756" y="1705" width="34" height="61" />
        <cmp x="1795" y="1725" width="40" height="38" />
        <cmp x="1810" y="1738" width="3" height="3" />
        <cmp x="1844" y="1721" width="16" height="43" />
        <cmp x="1857" y="1686" width="7" height="21" />
        <cmp x="1861" y="1721" width="38" height="47" />
        <cmp x="1900" y="1726" width="15" height="40" />
        <cmp x="1912" y="1700" width="7" height="21" />
        <cmp x="1921" y="1723" width="36" height="45" />
        <cmp x="1939" y="1726" width="46" height="90" />
      </word>
      <upper-contour>
        <point x="352" y="1612" />
        <point x="1986" y="1612" />
      </upper-contour>
      <lower-contour>
        <point x="352" y="1816" />
        <point x="1986" y="1816" />
      </lower-contour>
    </line>
    <line ass="-331" asx="0" asy="1845" character-width="999" dss="-331" dsx="0" dsy="1967" fd0="13283" fd1="2482" fd2="-1980" filter-width="3" id="j04-070-06" lbs="-363" lbx="0" lby="1931" segmentation="err" slant="77000" stroke-width="5514" threshold="171" text="lead-210 is collected. The lead is precipitated as" ubs="-267" ubx="0" uby="1886">
      <word id="j04-070-06-00" tag="NN" text="lead-210">
        <cmp x="350" y="1849" width="37" height="81" />
        <cmp x="388" y="1856" width="102" height="76" />
        <cmp x="494" y="1901" width="30" height="8" />
        <cmp x="532" y="1872" width="38" height="61" />
        <cmp x="582" y="1874" width="23" height="66" />
        <cmp x="605" y="1883" width="30" height="54" />
      </word>
      <word id="j04-070-06-01" tag="BEZ" text="is">
        <cmp x="681" y="1869" width="11" height="71" />
        <cmp x="695" y="1887" width="30" height="58" />
      </word>
      <word id="j04-070-06-02" tag="VBN" text="collected">
        <cmp x="765" y="1887" width="32" height="51" />
        <cmp x="797" y="1879" width="66" height="74" />
        <cmp x="858" y="1875" width="48" height="76" />
        <cmp x="907" y="1894" width="36" height="48" />
        <cmp x="954" y="1923" width="4" height="4" />
        <cmp x="958" y="1890" width="33" height="50" />
        <cmp x="988" y="1881" width="37" height="58" />
        <cmp x="1025" y="1893" width="34" height="47" />
        <cmp x="1055" y="1870" width="40" height="74" />
      </word>
      <word id="j04-070-06-03" tag="." text=".">
        <cmp x="1093" y="1921" width="16" height="16" />
        <cmp x="1121" y="1862" width="47" height="74" />
      </word>
      <word id="j04-070-06-04" sentence-start="yes" tag="ATI" text="The">
        <cmp x="1163" y="1869" width="27" height="72" />
        <cmp x="1194" y="1897" width="29" height="41" />
      </word>
      <word id="j04-070-06-05" tag="NN" text="lead">
        <cmp x="1261" y="1865" width="70" height="84" />
        <cmp x="1327" y="1869" width="76" height="71" />
      </word>
      <word id="j04-070-06-06" tag="BEZ" text="is">
        <cmp x="1440" y="1892" width="14" height="47" />
        <cmp x="1454" y="1856" width="6" height="24" />
        <cmp x="1454" y="1887" width="38" height="60" />
      </word>
      <word id="j04-070-06-07" tag="VBN" text="precipitated">
        <cmp x="1533" y="1890" width="35" height="85" />
        <cmp x="1567" y="1886" width="35" height="54" />
        <cmp x="1596" y="1894" width="41" height="49" />
        <cmp x="1635" y="1895" width="35" height="40" />
        <cmp x="1680" y="1904" width="11" height="33" />
        <cmp x="1688" y="1871" width="8" height="22" />
        <cmp x="1700" y="1883" width="33" height="83" />
        <cmp x="1735" y="1897" width="14" height="45" />
        <cmp x="1750" y="1867" width="6" height="25" />
        <cmp x="1761" y="1883" width="40" height="58" />
        <cmp x="1802" y="1903" width="33" height="35" />
        <cmp x="1839" y="1885" width="39" height="57" />
        <cmp x="1878" y="1894" width="40" height="43" />
        <cmp x="1912" y="1864" width="36" height="79" />
      </word>
      <word id="j04-070-06-08" tag="IN" text="as">
        <cmp x="1990" y="1887" width="81" height="57" />
      </word>
      <upper-contour>
        <point x="352" y="1816" />
        <point x="1986" y="1816" />
      </upper-contour>
      <lower-contour>
        <point x="348" y="1976" />
        <point x="2045" y="1976" />
      </lower-contour>
    </line>
    <line ass="-779" asx="0" asy="2015" character-width="999" dss="-779" dsx="0" dsy="2119" fd0="13548" fd1="2773" fd2="-2307" filter-width="3" id="j04-070-07" lbs="-711" lbx="0" lby="2103" segmentation="err" slant="74000" stroke-width="5430" threshold="171" text="the chromate, washed, slurried onto an aluminium" ubs="-916" ubx="0" uby="2055">
      <word id="j04-070-07-00" tag="ATI" text="the">
        <cmp x="343" y="2040" width="36" height="59" />
        <cmp x="382" y="2034" width="26" height="67" />
        <cmp x="415" y="2056" width="30" height="47" />
      </word>
      <word id="j04-070-07-01" tag="NN" text="chromate">
        <cmp x="491" y="2059" width="34" height="47" />
        <cmp x="533" y="2041" width="24" height="83" />
        <cmp x="567" y="2056" width="32" height="56" />
        <cmp x="594" y="2068" width="27" height="37" />
        <cmp x="626" y="2064" width="47" height="48" />
        <cmp x="677" y="2071" width="36" height="46" />
        <cmp x="711" y="2058" width="37" height="61" />
        <cmp x="748" y="2068" width="35" height="44" />
      </word>
      <word id="j04-070-07-02" tag="," text=",">
        <cmp x="794" y="2087" width="23" height="43" />
      </word>
      <word id="j04-070-07-03" tag="VBN" text="washed">
        <cmp x="848" y="2059" width="51" height="50" />
        <cmp x="896" y="2071" width="39" height="42" />
        <cmp x="937" y="2056" width="30" height="58" />
        <cmp x="967" y="2043" width="27" height="73" />
        <cmp x="1003" y="2069" width="31" height="45" />
        <cmp x="1040" y="2036" width="32" height="75" />
      </word>
      <word id="j04-070-07-04" tag="," text=",">
        <cmp x="1075" y="2094" width="16" height="36" />
      </word>
      <word id="j04-070-07-05" tag="VBN" text="slurried">
        <cmp x="1103" y="2051" width="35" height="67" />
        <cmp x="1140" y="2049" width="45" height="79" />
        <cmp x="1189" y="2072" width="28" height="50" />
        <cmp x="1221" y="2064" width="32" height="60" />
        <cmp x="1258" y="2062" width="32" height="58" />
        <cmp x="1298" y="2077" width="15" height="41" />
        <cmp x="1306" y="2043" width="8" height="21" />
        <cmp x="1312" y="2072" width="34" height="52" />
        <cmp x="1349" y="2045" width="38" height="70" />
      </word>
      <word id="j04-070-07-06" tag="IN" text="onto">
        <cmp x="1398" y="2069" width="35" height="54" />
        <cmp x="1415" y="2035" width="22" height="24" />
        <cmp x="1432" y="2076" width="32" height="44" />
        <cmp x="1469" y="2065" width="38" height="52" />
        <cmp x="1508" y="2078" width="31" height="39" />
      </word>
      <word id="j04-070-07-07" tag="AT" text="an">
        <cmp x="1575" y="2080" width="41" height="38" />
        <cmp x="1617" y="2078" width="37" height="50" />
      </word>
      <word id="j04-070-07-08" tag="NN" text="aluminium">
        <cmp x="1703" y="2082" width="40" height="43" />
        <cmp x="1744" y="2050" width="77" height="92" />
        <cmp x="1818" y="2085" width="48" height="41" />
        <cmp x="1871" y="2087" width="15" height="40" />
        <cmp x="1884" y="2056" width="8" height="21" />
        <cmp x="1892" y="2086" width="35" height="44" />
        <cmp x="1929" y="2090" width="16" height="39" />
        <cmp x="1944" y="2057" width="10" height="26" />
        <cmp x="1946" y="2076" width="42" height="53" />
        <cmp x="1988" y="2079" width="56" height="43" />
      </word>
      <upper-contour>
        <point x="348" y="1976" />
        <point x="2045" y="1976" />
      </upper-contour>
      <lower-contour>
        <point x="341" y="2142" />
        <point x="1992" y="2142" />
      </lower-contour>
    </line>
    <line ass="-842" asx="0" asy="2196" character-width="999" dss="-842" dsx="0" dsy="2331" fd0="13096" fd1="2557" fd2="-1734" filter-width="3" id="j04-070-08" lbs="-771" lbx="0" lby="2282" segmentation="ok" slant="77000" stroke-width="5452" threshold="171" text="counting tray, dried under an infra-red lamp," ubs="-983" ubx="0" uby="2235">
      <word id="j04-070-08-00" tag="NN" text="counting">
        <cmp x="341" y="2222" width="31" height="56" />
        <cmp x="377" y="2240" width="51" height="50" />
        <cmp x="438" y="2239" width="31" height="51" />
        <cmp x="473" y="2226" width="36" height="71" />
        <cmp x="517" y="2245" width="13" height="43" />
        <cmp x="526" y="2211" width="5" height="21" />
        <cmp x="534" y="2249" width="29" height="43" />
        <cmp x="550" y="2253" width="40" height="87" />
      </word>
      <word id="j04-070-08-01" tag="NN" text="tray">
        <cmp x="639" y="2233" width="36" height="57" />
        <cmp x="676" y="2230" width="33" height="62" />
        <cmp x="704" y="2257" width="33" height="35" />
        <cmp x="741" y="2248" width="31" height="76" />
      </word>
      <word id="j04-070-08-02" tag="," text=",">
        <cmp x="788" y="2266" width="13" height="38" />
      </word>
      <word id="j04-070-08-03" tag="VBN" text="dried">
        <cmp x="856" y="2211" width="33" height="83" />
        <cmp x="890" y="2238" width="35" height="55" />
        <cmp x="932" y="2250" width="12" height="42" />
        <cmp x="938" y="2211" width="7" height="24" />
        <cmp x="948" y="2246" width="35" height="52" />
        <cmp x="986" y="2223" width="43" height="82" />
      </word>
      <word id="j04-070-08-04" tag="IN" text="under">
        <cmp x="1073" y="2247" width="30" height="53" />
        <cmp x="1103" y="2219" width="65" height="86" />
        <cmp x="1164" y="2247" width="33" height="53" />
        <cmp x="1200" y="2242" width="31" height="51" />
      </word>
      <word id="j04-070-08-05" tag="AT" text="an">
        <cmp x="1295" y="2255" width="36" height="43" />
        <cmp x="1336" y="2255" width="31" height="45" />
      </word>
      <word id="j04-070-08-06" tag="JJ" text="infra-red">
        <cmp x="1407" y="2250" width="13" height="45" />
        <cmp x="1415" y="2221" width="5" height="16" />
        <cmp x="1420" y="2254" width="34" height="45" />
        <cmp x="1460" y="2241" width="36" height="63" />
        <cmp x="1501" y="2244" width="36" height="61" />
        <cmp x="1532" y="2269" width="33" height="40" />
        <cmp x="1580" y="2287" width="28" height="8" />
        <cmp x="1618" y="2257" width="35" height="58" />
        <cmp x="1654" y="2255" width="36" height="53" />
        <cmp x="1692" y="2228" width="38" height="70" />
      </word>
      <word id="j04-070-08-07" tag="NN" text="lamp">
        <cmp x="1777" y="2225" width="48" height="86" />
        <cmp x="1817" y="2259" width="37" height="42" />
        <cmp x="1863" y="2263" width="52" height="40" />
        <cmp x="1922" y="2249" width="44" height="76" />
      </word>
      <word id="j04-070-08-08" tag="," text=",">
        <cmp x="1977" y="2278" width="14" height="34" />
      </word>
      <upper-contour>
        <point x="341" y="2142" />
        <point x="1992" y="2142" />
      </upper-contour>
      <lower-contour>
        <point x="347" y="2340" />
        <point x="1992" y="2340" />
      </lower-contour>
    </line>
    <line ass="-416" asx="0" asy="2379" character-width="999" dss="-416" dsx="0" dsy="2511" fd0="13231" fd1="2863" fd2="-1768" filter-width="3" id="j04-070-09" lbs="-356" lbx="0" lby="2472" segmentation="ok" slant="74000" stroke-width="5397" threshold="172" text="weighed, and set aside for five days while the" ubs="-537" ubx="0" uby="2416">
      <word id="j04-070-09-00" tag="VBN" text="weighed">
        <cmp x="349" y="2413" width="42" height="55" />
        <cmp x="395" y="2414" width="32" height="50" />
        <cmp x="444" y="2423" width="15" height="42" />
        <cmp x="447" y="2427" width="41" height="88" />
        <cmp x="454" y="2384" width="8" height="25" />
        <cmp x="493" y="2402" width="22" height="71" />
        <cmp x="523" y="2428" width="30" height="45" />
        <cmp x="559" y="2395" width="36" height="78" />
      </word>
      <word id="j04-070-09-01" tag="," text=",">
        <cmp x="604" y="2453" width="14" height="30" />
      </word>
      <word id="j04-070-09-02" tag="CC" text="and">
        <cmp x="649" y="2425" width="42" height="43" />
        <cmp x="688" y="2425" width="32" height="46" />
        <cmp x="721" y="2395" width="35" height="77" />
      </word>
      <word id="j04-070-09-03" tag="VBN" text="set">
        <cmp x="799" y="2408" width="37" height="68" />
        <cmp x="834" y="2422" width="34" height="53" />
        <cmp x="872" y="2422" width="31" height="57" />
      </word>
      <word id="j04-070-09-04" tag="RP" text="aside">
        <cmp x="943" y="2422" width="70" height="59" />
        <cmp x="1014" y="2436" width="15" height="41" />
        <cmp x="1024" y="2407" width="5" height="24" />
        <cmp x="1034" y="2403" width="35" height="68" />
        <cmp x="1066" y="2428" width="32" height="51" />
      </word>
      <word id="j04-070-09-05" tag="IN" text="for">
        <cmp x="1146" y="2414" width="49" height="68" />
        <cmp x="1188" y="2441" width="31" height="34" />
        <cmp x="1223" y="2423" width="31" height="61" />
      </word>
      <word id="j04-070-09-06" tag="CD" text="five">
        <cmp x="1288" y="2417" width="46" height="66" />
        <cmp x="1337" y="2441" width="18" height="41" />
        <cmp x="1351" y="2405" width="10" height="25" />
        <cmp x="1366" y="2429" width="37" height="54" />
        <cmp x="1394" y="2430" width="39" height="56" />
      </word>
      <word id="j04-070-09-07" tag="NNS" text="days">
        <cmp x="1472" y="2466" width="6" height="3" />
        <cmp x="1477" y="2400" width="43" height="83" />
        <cmp x="1518" y="2437" width="32" height="45" />
        <cmp x="1561" y="2425" width="36" height="81" />
        <cmp x="1587" y="2423" width="41" height="58" />
      </word>
      <word id="j04-070-09-08" tag="CS" text="while">
        <cmp x="1675" y="2431" width="47" height="47" />
        <cmp x="1719" y="2401" width="27" height="80" />
        <cmp x="1756" y="2436" width="11" height="37" />
        <cmp x="1768" y="2400" width="76" height="91" />
        <cmp x="1769" y="2392" width="8" height="29" />
      </word>
      <word id="j04-070-09-09" tag="ATI" text="the">
        <cmp x="1917" y="2419" width="39" height="61" />
        <cmp x="1954" y="2414" width="32" height="69" />
        <cmp x="1994" y="2433" width="36" height="46" />
      </word>
      <upper-contour>
        <point x="347" y="2340" />
        <point x="1992" y="2340" />
      </upper-contour>
      <lower-contour>
        <point x="347" y="2515" />
        <point x="1098" y="2515" />
      </lower-contour>
    </line>
    <line ass="143" asx="0" asy="2568" character-width="999" dss="143" dsx="0" dsy="2708" fd0="12954" fd1="2583" fd2="-2021" filter-width="3" id="j04-070-10" lbs="412" lbx="0" lby="2658" segmentation="ok" slant="78000" stroke-width="5345" threshold="172" text="bismuth-210 grows in." ubs="-394" ubx="0" uby="2597">
      <word id="j04-070-10-00" tag="NN" text="bismuth-210">
        <cmp x="339" y="2569" width="31" height="90" />
        <cmp x="378" y="2603" width="8" height="46" />
        <cmp x="390" y="2569" width="7" height="27" />
        <cmp x="391" y="2586" width="41" height="66" />
        <cmp x="434" y="2601" width="45" height="57" />
        <cmp x="488" y="2606" width="31" height="52" />
        <cmp x="526" y="2590" width="33" height="66" />
        <cmp x="562" y="2578" width="23" height="79" />
        <cmp x="612" y="2616" width="25" height="8" />
        <cmp x="645" y="2591" width="35" height="57" />
        <cmp x="693" y="2582" width="24" height="70" />
        <cmp x="711" y="2595" width="36" height="58" />
      </word>
      <word id="j04-070-10-01" tag="VBZ" text="grows">
        <cmp x="798" y="2606" width="38" height="101" />
        <cmp x="845" y="2590" width="38" height="65" />
        <cmp x="876" y="2611" width="30" height="37" />
        <cmp x="907" y="2610" width="42" height="45" />
        <cmp x="948" y="2596" width="38" height="59" />
      </word>
      <word id="j04-070-10-02" tag="RP" text="in">
        <cmp x="1025" y="2612" width="9" height="39" />
        <cmp x="1030" y="2572" width="7" height="26" />
        <cmp x="1044" y="2602" width="38" height="47" />
      </word>
      <word id="j04-070-10-03" tag="." text=".">
        <cmp x="1086" y="2633" width="11" height="15" />
      </word>
      <upper-contour>
        <point x="347" y="2515" />
        <point x="1098" y="2515" />
      </upper-contour>
    </line>
  </handwritten-part>
</form>

