<?xml version="1.0" encoding="ISO-8859-1"?>

<!DOCTYPE form SYSTEM 'http://www.iam.unibe.ch/~fki/iamdb/form-metadata.dtd'>

<form created="2002-01-25" height="3542" id="j06-014" last-modified="2002-07-17" skew="127" status="final" version="3.0_beta" width="2479" writer-id="384">
  <machine-printed-part>
    <machine-print-line text="Such reversed migrations are known for Acartia clausi, A. longiremis, Nyctiphanes" />
    <machine-print-line text="couchii, Evadne sp., Oithona nana, Daphnia lumholzi, Stages 4, 5, and adult of Calanus" />
    <machine-print-line text="finmarchicus, Diaptomus banforanus, and Cyclops bicuspidatus. An echo-producing" />
    <machine-print-line text="layer, which the authors think probably consists of euphausiids, has also been described" />
    <machine-print-line text="as, in part, regularly moving in a reverse manner. Most of these records are well" />
    <machine-print-line text="substantiated and involve whole populations rather than aberrant individuals." />
  </machine-printed-part>
  <handwritten-part>
    <line ass="-345" asx="0" asy="676" character-width="999" dss="-345" dsx="0" dsy="837" fd0="12897" fd1="2496" fd2="-1407" filter-width="3" id="j06-014-00" lbs="-413" lbx="0" lby="772" segmentation="ok" slant="86000" stroke-width="5441" threshold="189" text="Such reversed migrations are known for" ubs="-211" ubx="0" uby="737">
      <word id="j06-014-00-00" sentence-start="yes" tag="ABL" text="Such">
        <cmp x="334" y="679" width="114" height="100" />
        <cmp x="451" y="702" width="68" height="76" />
      </word>
      <word id="j06-014-00-01" tag="JJ" text="reversed">
        <cmp x="589" y="736" width="22" height="53" />
        <cmp x="614" y="732" width="36" height="49" />
        <cmp x="649" y="736" width="34" height="45" />
        <cmp x="690" y="739" width="29" height="43" />
        <cmp x="728" y="744" width="23" height="39" />
        <cmp x="742" y="741" width="42" height="46" />
        <cmp x="781" y="698" width="118" height="89" />
      </word>
      <word id="j06-014-00-02" tag="NNS" text="migrations">
        <cmp x="964" y="738" width="61" height="43" />
        <cmp x="1035" y="743" width="9" height="37" />
        <cmp x="1048" y="724" width="5" height="6" />
        <cmp x="1054" y="739" width="39" height="106" />
        <cmp x="1101" y="738" width="76" height="45" />
        <cmp x="1181" y="690" width="37" height="98" />
        <cmp x="1221" y="729" width="5" height="4" />
        <cmp x="1235" y="740" width="39" height="48" />
        <cmp x="1275" y="743" width="67" height="43" />
      </word>
      <word id="j06-014-00-03" tag="BER" text="are">
        <cmp x="1407" y="731" width="63" height="46" />
        <cmp x="1483" y="726" width="62" height="50" />
      </word>
      <word id="j06-014-00-04" tag="VBN" text="known">
        <cmp x="1606" y="694" width="29" height="84" />
        <cmp x="1642" y="738" width="39" height="46" />
        <cmp x="1688" y="748" width="44" height="36" />
        <cmp x="1734" y="735" width="53" height="51" />
        <cmp x="1795" y="754" width="40" height="35" />
      </word>
      <word id="j06-014-00-05" tag="IN" text="for">
        <cmp x="1850" y="701" width="63" height="104" />
        <cmp x="1921" y="744" width="27" height="39" />
      </word>
      <lower-contour>
        <point x="354" y="845" />
        <point x="1949" y="845" />
      </lower-contour>
    </line>
    <line ass="-506" asx="0" asy="848" character-width="999" dss="-506" dsx="0" dsy="1002" fd0="12783" fd1="2412" fd2="-1731" filter-width="3" id="j06-014-01" lbs="-533" lbx="0" lby="939" segmentation="ok" slant="89000" stroke-width="5413" threshold="188" text="Acartia clausi, A. longiremis, Nyctiphanes" ubs="-453" ubx="0" uby="904">
      <word id="j06-014-01-00" tag="&amp;FW" text="Acartia">
        <cmp x="356" y="855" width="41" height="93" />
        <cmp x="407" y="898" width="104" height="56" />
        <cmp x="528" y="904" width="32" height="42" />
        <cmp x="565" y="855" width="49" height="94" />
        <cmp x="606" y="900" width="6" height="7" />
        <cmp x="629" y="910" width="68" height="48" />
      </word>
      <word id="j06-014-01-01" tag="&amp;FW" text="clausi">
        <cmp x="741" y="907" width="35" height="45" />
        <cmp x="756" y="925" width="4" height="4" />
        <cmp x="785" y="855" width="186" height="104" />
        <cmp x="982" y="918" width="13" height="50" />
        <cmp x="996" y="900" width="6" height="4" />
      </word>
      <word id="j06-014-01-02" tag="," text=",">
        <cmp x="1033" y="926" width="16" height="62" />
      </word>
      <word id="j06-014-01-03" tag="&amp;FW" text="A.">
        <cmp x="1125" y="864" width="41" height="82" />
        <cmp x="1179" y="939" width="7" height="6" />
      </word>
      <word id="j06-014-01-04" tag="&amp;FW" text="longiremis">
        <cmp x="1239" y="873" width="39" height="88" />
        <cmp x="1276" y="920" width="35" height="37" />
        <cmp x="1318" y="917" width="34" height="40" />
        <cmp x="1353" y="916" width="47" height="98" />
        <cmp x="1412" y="920" width="9" height="42" />
        <cmp x="1419" y="902" width="6" height="6" />
        <cmp x="1437" y="914" width="59" height="48" />
        <cmp x="1494" y="919" width="65" height="38" />
        <cmp x="1577" y="906" width="50" height="50" />
        <cmp x="1578" y="897" width="12" height="9" />
        <cmp x="1623" y="905" width="5" height="5" />
      </word>
      <word id="j06-014-01-05" tag="," text=",">
        <cmp x="1633" y="938" width="19" height="47" />
      </word>
      <word id="j06-014-01-06" tag="&amp;FW" text="Nyctiphanes">
        <cmp x="1686" y="868" width="59" height="93" />
        <cmp x="1740" y="878" width="6" height="25" />
        <cmp x="1748" y="913" width="38" height="101" />
        <cmp x="1790" y="916" width="39" height="41" />
        <cmp x="1830" y="866" width="61" height="102" />
        <cmp x="1890" y="905" width="5" height="7" />
        <cmp x="1904" y="927" width="42" height="82" />
        <cmp x="1954" y="881" width="36" height="80" />
        <cmp x="1996" y="924" width="51" height="38" />
        <cmp x="2050" y="924" width="36" height="43" />
        <cmp x="2089" y="919" width="70" height="50" />
      </word>
      <upper-contour>
        <point x="354" y="845" />
        <point x="1949" y="845" />
      </upper-contour>
      <lower-contour>
        <point x="360" y="1015" />
        <point x="2160" y="1015" />
      </lower-contour>
    </line>
    <line ass="-524" asx="0" asy="1031" character-width="999" dss="-524" dsx="0" dsy="1187" fd0="13076" fd1="3192" fd2="-895" filter-width="3" id="j06-014-02" lbs="-553" lbx="0" lby="1127" segmentation="ok" slant="83000" stroke-width="5180" threshold="189" text="couchii, Evadne sp., Oithona nana, Daphnia" ubs="-466" ubx="0" uby="1089">
      <word id="j06-014-02-00" tag="&amp;FW" text="couchii">
        <cmp x="362" y="1090" width="35" height="47" />
        <cmp x="397" y="1094" width="48" height="48" />
        <cmp x="456" y="1089" width="45" height="50" />
        <cmp x="504" y="1097" width="38" height="42" />
        <cmp x="550" y="1067" width="42" height="66" />
        <cmp x="615" y="1093" width="10" height="33" />
        <cmp x="619" y="1077" width="4" height="5" />
        <cmp x="640" y="1086" width="9" height="48" />
        <cmp x="649" y="1072" width="5" height="7" />
      </word>
      <word id="j06-014-02-01" tag="," text=",">
        <cmp x="684" y="1120" width="8" height="45" />
      </word>
      <word id="j06-014-02-02" tag="&amp;FW" text="Evadne">
        <cmp x="740" y="1050" width="59" height="94" />
        <cmp x="805" y="1089" width="34" height="55" />
        <cmp x="854" y="1097" width="52" height="46" />
        <cmp x="910" y="1050" width="52" height="91" />
        <cmp x="916" y="1105" width="22" height="11" />
        <cmp x="968" y="1097" width="42" height="45" />
        <cmp x="1023" y="1096" width="37" height="48" />
      </word>
      <word id="j06-014-02-03" tag="&amp;FW" text="sp.">
        <cmp x="1102" y="1089" width="75" height="110" />
        <cmp x="1196" y="1130" width="6" height="5" />
      </word>
      <word id="j06-014-02-04" tag="," text=",">
        <cmp x="1233" y="1118" width="12" height="44" />
        <cmp x="1241" y="1114" width="3" height="3" />
      </word>
      <word id="j06-014-02-05" tag="&amp;FW" text="Oithona">
        <cmp x="1292" y="1058" width="64" height="77" />
        <cmp x="1361" y="1096" width="9" height="39" />
        <cmp x="1370" y="1078" width="5" height="7" />
        <cmp x="1383" y="1050" width="46" height="87" />
        <cmp x="1430" y="1051" width="39" height="83" />
        <cmp x="1479" y="1094" width="36" height="42" />
        <cmp x="1517" y="1091" width="37" height="52" />
        <cmp x="1566" y="1102" width="56" height="43" />
      </word>
      <word id="j06-014-02-06" tag="&amp;FW" text="nana">
        <cmp x="1677" y="1089" width="42" height="56" />
        <cmp x="1723" y="1105" width="51" height="43" />
        <cmp x="1776" y="1103" width="41" height="45" />
        <cmp x="1824" y="1107" width="52" height="41" />
      </word>
      <word id="j06-014-02-07" tag="," text=",">
        <cmp x="1897" y="1120" width="17" height="52" />
      </word>
      <word id="j06-014-02-08" tag="&amp;FW" text="Daphnia">
        <cmp x="1943" y="1050" width="37" height="94" />
        <cmp x="1982" y="1059" width="122" height="120" />
        <cmp x="2107" y="1099" width="40" height="45" />
        <cmp x="2152" y="1113" width="8" height="28" />
        <cmp x="2173" y="1080" width="4" height="7" />
        <cmp x="2175" y="1105" width="53" height="60" />
      </word>
      <upper-contour>
        <point x="360" y="1015" />
        <point x="2160" y="1015" />
      </upper-contour>
      <lower-contour>
        <point x="360" y="1199" />
        <point x="2026" y="1199" />
      </lower-contour>
    </line>
    <line ass="-106" asx="0" asy="1221" character-width="999" dss="-106" dsx="0" dsy="1376" fd0="12887" fd1="2970" fd2="-675" filter-width="3" id="j06-014-03" lbs="-148" lbx="0" lby="1315" segmentation="ok" slant="85000" stroke-width="5361" threshold="188" text="lumholzi, Stages 4, 5, and adult of" ubs="-23" ubx="0" uby="1278">
      <word id="j06-014-03-00" tag="&amp;FW" text="lumholzi">
        <cmp x="362" y="1224" width="91" height="89" />
        <cmp x="465" y="1266" width="72" height="45" />
        <cmp x="550" y="1241" width="43" height="82" />
        <cmp x="607" y="1282" width="53" height="36" />
        <cmp x="664" y="1224" width="43" height="91" />
        <cmp x="711" y="1271" width="6" height="9" />
        <cmp x="717" y="1269" width="31" height="55" />
        <cmp x="761" y="1284" width="9" height="38" />
        <cmp x="770" y="1265" width="7" height="8" />
      </word>
      <word id="j06-014-03-01" tag="," text=",">
        <cmp x="817" y="1301" width="10" height="48" />
      </word>
      <word id="j06-014-03-02" tag="NNS" text="Stages">
        <cmp x="858" y="1252" width="46" height="75" />
        <cmp x="903" y="1232" width="37" height="75" />
        <cmp x="916" y="1295" width="37" height="28" />
        <cmp x="960" y="1280" width="47" height="44" />
        <cmp x="1006" y="1282" width="84" height="97" />
        <cmp x="1093" y="1285" width="35" height="47" />
      </word>
      <word id="j06-014-03-03" tag="CD" text="4">
        <cmp x="1171" y="1256" width="32" height="80" />
      </word>
      <word id="j06-014-03-04" tag="," text=",">
        <cmp x="1227" y="1313" width="7" height="35" />
      </word>
      <word id="j06-014-03-05" tag="CD" text="5">
        <cmp x="1246" y="1262" width="60" height="61" />
      </word>
      <word id="j06-014-03-06" tag="," text=",">
        <cmp x="1316" y="1310" width="13" height="42" />
      </word>
      <word id="j06-014-03-07" tag="CC" text="and">
        <cmp x="1375" y="1269" width="61" height="49" />
        <cmp x="1446" y="1278" width="37" height="47" />
        <cmp x="1492" y="1233" width="69" height="87" />
      </word>
      <word id="j06-014-03-08" tag="NN" text="adult">
        <cmp x="1631" y="1268" width="52" height="51" />
        <cmp x="1686" y="1227" width="192" height="94" />
      </word>
      <word id="j06-014-03-09" tag="INO" text="of">
        <cmp x="1934" y="1272" width="40" height="44" />
        <cmp x="1975" y="1229" width="51" height="97" />
      </word>
      <upper-contour>
        <point x="360" y="1199" />
        <point x="2026" y="1199" />
      </upper-contour>
      <lower-contour>
        <point x="368" y="1379" />
        <point x="2026" y="1379" />
      </lower-contour>
    </line>
    <line ass="-575" asx="0" asy="1376" character-width="999" dss="-575" dsx="0" dsy="1523" fd0="12805" fd1="2427" fd2="-1825" filter-width="3" id="j06-014-04" lbs="-628" lbx="0" lby="1486" segmentation="ok" slant="90000" stroke-width="5371" threshold="187" text="Calanus finmarchicus, Diaptomus banforanus," ubs="-469" ubx="0" uby="1447">
      <word id="j06-014-04-00" tag="&amp;FW" text="Calanus">
        <cmp x="370" y="1393" width="203" height="103" />
        <cmp x="563" y="1448" width="32" height="45" />
        <cmp x="602" y="1447" width="39" height="52" />
        <cmp x="646" y="1454" width="84" height="49" />
      </word>
      <word id="j06-014-04-01" tag="&amp;FW" text="finmarchicus">
        <cmp x="810" y="1385" width="51" height="133" />
        <cmp x="859" y="1429" width="7" height="8" />
        <cmp x="883" y="1456" width="38" height="46" />
        <cmp x="935" y="1451" width="62" height="53" />
        <cmp x="1010" y="1454" width="47" height="44" />
        <cmp x="1067" y="1455" width="26" height="42" />
        <cmp x="1095" y="1419" width="77" height="84" />
        <cmp x="1188" y="1463" width="8" height="39" />
        <cmp x="1197" y="1436" width="6" height="6" />
        <cmp x="1209" y="1459" width="114" height="48" />
      </word>
      <word id="j06-014-04-02" tag="," text=",">
        <cmp x="1356" y="1480" width="8" height="44" />
      </word>
      <word id="j06-014-04-03" tag="&amp;FW" text="Diaptomus">
        <cmp x="1405" y="1402" width="50" height="86" />
        <cmp x="1466" y="1449" width="7" height="40" />
        <cmp x="1468" y="1429" width="6" height="8" />
        <cmp x="1482" y="1452" width="56" height="47" />
        <cmp x="1543" y="1461" width="36" height="78" />
        <cmp x="1572" y="1412" width="69" height="87" />
        <cmp x="1649" y="1454" width="64" height="44" />
        <cmp x="1719" y="1444" width="81" height="61" />
      </word>
      <word id="j06-014-04-04" tag="&amp;FW" text="banforanus">
        <cmp x="1845" y="1405" width="38" height="87" />
        <cmp x="1885" y="1453" width="77" height="48" />
        <cmp x="1975" y="1411" width="68" height="121" />
        <cmp x="2054" y="1466" width="27" height="38" />
        <cmp x="2081" y="1464" width="48" height="43" />
        <cmp x="2129" y="1461" width="37" height="46" />
        <cmp x="2179" y="1456" width="72" height="55" />
      </word>
      <word id="j06-014-04-05" tag="," text=",">
        <cmp x="2250" y="1508" width="13" height="29" />
      </word>
      <upper-contour>
        <point x="368" y="1379" />
        <point x="2026" y="1379" />
      </upper-contour>
      <lower-contour>
        <point x="372" y="1539" />
        <point x="2264" y="1539" />
      </lower-contour>
    </line>
    <line ass="-86" asx="0" asy="1580" character-width="999" dss="-86" dsx="0" dsy="1747" fd0="12904" fd1="2419" fd2="-1366" filter-width="3" id="j06-014-05" lbs="210" lbx="0" lby="1684" segmentation="ok" slant="89000" stroke-width="5329" threshold="186" text="and Cyclops bicuspidatus. An echo-producing" ubs="-679" ubx="0" uby="1618">
      <word id="j06-014-05-00" tag="CC" text="and">
        <cmp x="374" y="1615" width="68" height="53" />
        <cmp x="445" y="1581" width="93" height="84" />
      </word>
      <word id="j06-014-05-01" tag="&amp;FW" text="Cyclops">
        <cmp x="609" y="1591" width="45" height="76" />
        <cmp x="670" y="1625" width="36" height="101" />
        <cmp x="721" y="1632" width="33" height="46" />
        <cmp x="758" y="1592" width="94" height="88" />
        <cmp x="862" y="1643" width="36" height="81" />
        <cmp x="901" y="1632" width="36" height="52" />
      </word>
      <word id="j06-014-05-02" tag="&amp;FW" text="bicuspidatus">
        <cmp x="1007" y="1600" width="46" height="71" />
        <cmp x="1012" y="1591" width="4" height="8" />
        <cmp x="1067" y="1638" width="7" height="39" />
        <cmp x="1071" y="1620" width="5" height="8" />
        <cmp x="1085" y="1631" width="93" height="57" />
        <cmp x="1173" y="1635" width="88" height="89" />
        <cmp x="1277" y="1635" width="9" height="40" />
        <cmp x="1282" y="1616" width="7" height="10" />
        <cmp x="1301" y="1585" width="107" height="95" />
        <cmp x="1417" y="1588" width="116" height="96" />
      </word>
      <word id="j06-014-05-03" tag="." text=".">
        <cmp x="1539" y="1679" width="11" height="9" />
      </word>
      <word id="j06-014-05-04" sentence-start="yes" tag="AT" text="An">
        <cmp x="1594" y="1584" width="44" height="97" />
        <cmp x="1642" y="1630" width="42" height="45" />
      </word>
      <word id="j06-014-05-05" tag="JJ" text="echo-producing">
        <cmp x="1735" y="1600" width="98" height="85" />
        <cmp x="1839" y="1642" width="35" height="47" />
        <cmp x="1889" y="1652" width="26" height="7" />
        <cmp x="1932" y="1646" width="47" height="91" />
        <cmp x="1988" y="1644" width="27" height="37" />
        <cmp x="2016" y="1641" width="40" height="39" />
        <cmp x="2058" y="1591" width="145" height="91" />
        <cmp x="2196" y="1628" width="6" height="5" />
        <cmp x="2213" y="1641" width="33" height="43" />
        <cmp x="2252" y="1645" width="38" height="106" />
      </word>
      <upper-contour>
        <point x="372" y="1539" />
        <point x="2264" y="1539" />
      </upper-contour>
      <lower-contour>
        <point x="372" y="1753" />
        <point x="2285" y="1753" />
      </lower-contour>
    </line>
    <line ass="-239" asx="0" asy="1754" character-width="999" dss="-239" dsx="0" dsy="1909" fd0="12892" fd1="2676" fd2="-1355" filter-width="3" id="j06-014-06" lbs="-179" lbx="0" lby="1855" segmentation="ok" slant="90000" stroke-width="5334" threshold="187" text="layer, which the authors think probably consists" ubs="-359" ubx="0" uby="1806">
      <word id="j06-014-06-00" tag="NN" text="layer">
        <cmp x="358" y="1761" width="79" height="93" />
        <cmp x="440" y="1794" width="69" height="95" />
        <cmp x="514" y="1813" width="28" height="43" />
      </word>
      <word id="j06-014-06-01" tag="," text=",">
        <cmp x="564" y="1834" width="7" height="47" />
      </word>
      <word id="j06-014-06-02" tag="WDT" text="which">
        <cmp x="609" y="1800" width="57" height="53" />
        <cmp x="674" y="1773" width="40" height="82" />
        <cmp x="721" y="1812" width="9" height="43" />
        <cmp x="724" y="1802" width="5" height="5" />
        <cmp x="735" y="1817" width="30" height="40" />
        <cmp x="767" y="1783" width="45" height="72" />
      </word>
      <word id="j06-014-06-03" tag="ATI" text="the">
        <cmp x="863" y="1782" width="38" height="78" />
        <cmp x="911" y="1772" width="35" height="78" />
        <cmp x="957" y="1812" width="31" height="37" />
      </word>
      <word id="j06-014-06-04" tag="NNS" text="authors">
        <cmp x="1026" y="1810" width="114" height="48" />
        <cmp x="1145" y="1764" width="39" height="92" />
        <cmp x="1183" y="1771" width="45" height="91" />
        <cmp x="1230" y="1820" width="39" height="36" />
        <cmp x="1273" y="1818" width="30" height="35" />
        <cmp x="1303" y="1813" width="33" height="45" />
      </word>
      <word id="j06-014-06-05" tag="VB" text="think">
        <cmp x="1405" y="1771" width="45" height="80" />
        <cmp x="1449" y="1761" width="40" height="93" />
        <cmp x="1510" y="1820" width="9" height="33" />
        <cmp x="1518" y="1801" width="5" height="5" />
        <cmp x="1533" y="1816" width="34" height="43" />
        <cmp x="1584" y="1776" width="38" height="80" />
      </word>
      <word id="j06-014-06-06" tag="RB" text="probably">
        <cmp x="1662" y="1816" width="40" height="87" />
        <cmp x="1709" y="1819" width="74" height="46" />
        <cmp x="1783" y="1780" width="40" height="87" />
        <cmp x="1832" y="1823" width="46" height="43" />
        <cmp x="1874" y="1778" width="47" height="78" />
        <cmp x="1926" y="1769" width="72" height="150" />
        <cmp x="1975" y="1883" width="5" height="3" />
      </word>
      <word id="j06-014-06-07" tag="VBZ" text="consists">
        <cmp x="2049" y="1823" width="64" height="43" />
        <cmp x="2117" y="1817" width="31" height="43" />
        <cmp x="2144" y="1823" width="31" height="41" />
        <cmp x="2185" y="1816" width="11" height="45" />
        <cmp x="2192" y="1803" width="4" height="4" />
        <cmp x="2197" y="1821" width="35" height="51" />
        <cmp x="2220" y="1791" width="65" height="76" />
      </word>
      <upper-contour>
        <point x="372" y="1753" />
        <point x="2285" y="1753" />
      </upper-contour>
      <lower-contour>
        <point x="356" y="1920" />
        <point x="2148" y="1920" />
      </lower-contour>
    </line>
    <line ass="214" asx="0" asy="1945" character-width="999" dss="214" dsx="0" dsy="2072" fd0="13147" fd1="2566" fd2="-1328" filter-width="3" id="j06-014-07" lbs="291" lbx="0" lby="2046" segmentation="ok" slant="90000" stroke-width="5401" threshold="189" text="of euphausiids, has also been described" ubs="60" ubx="0" uby="1998">
      <word id="j06-014-07-00" tag="INO" text="of">
        <cmp x="347" y="1988" width="40" height="44" />
        <cmp x="399" y="1944" width="36" height="108" />
      </word>
      <word id="j06-014-07-01" tag="NNS" text="euphausiids">
        <cmp x="496" y="1980" width="92" height="57" />
        <cmp x="589" y="1987" width="36" height="83" />
        <cmp x="629" y="1955" width="45" height="73" />
        <cmp x="682" y="1995" width="111" height="47" />
        <cmp x="796" y="1994" width="29" height="47" />
        <cmp x="846" y="1999" width="7" height="37" />
        <cmp x="849" y="1973" width="4" height="7" />
        <cmp x="849" y="1995" width="4" height="3" />
        <cmp x="870" y="1990" width="7" height="46" />
        <cmp x="881" y="1971" width="4" height="8" />
        <cmp x="899" y="1952" width="35" height="93" />
        <cmp x="942" y="1996" width="37" height="60" />
      </word>
      <word id="j06-014-07-02" tag="," text=",">
        <cmp x="1011" y="2019" width="7" height="45" />
      </word>
      <word id="j06-014-07-03" tag="HVZ" text="has">
        <cmp x="1066" y="1965" width="44" height="69" />
        <cmp x="1118" y="1991" width="53" height="44" />
        <cmp x="1172" y="1991" width="33" height="50" />
      </word>
      <word id="j06-014-07-04" tag="RB" text="also">
        <cmp x="1271" y="1965" width="121" height="81" />
        <cmp x="1392" y="2000" width="46" height="45" />
      </word>
      <word id="j06-014-07-05" tag="BEN" text="been">
        <cmp x="1479" y="1955" width="54" height="86" />
        <cmp x="1537" y="1990" width="79" height="49" />
        <cmp x="1622" y="2007" width="40" height="43" />
      </word>
      <word id="j06-014-07-06" tag="VBN" text="described">
        <cmp x="1728" y="1940" width="102" height="96" />
        <cmp x="1827" y="1975" width="37" height="59" />
        <cmp x="1879" y="1986" width="34" height="45" />
        <cmp x="1926" y="1996" width="40" height="42" />
        <cmp x="1973" y="2008" width="8" height="37" />
        <cmp x="1986" y="1983" width="7" height="4" />
        <cmp x="1999" y="1963" width="148" height="82" />
      </word>
      <upper-contour>
        <point x="356" y="1920" />
        <point x="2148" y="1920" />
      </upper-contour>
      <lower-contour>
        <point x="348" y="2069" />
        <point x="2148" y="2069" />
      </lower-contour>
    </line>
    <line ass="151" asx="0" asy="2125" character-width="999" dss="151" dsx="0" dsy="2294" fd0="12997" fd1="2993" fd2="-503" filter-width="3" id="j06-014-08" lbs="185" lbx="0" lby="2214" segmentation="ok" slant="90000" stroke-width="5360" threshold="189" text="as, in part, regularly moving in a reverse" ubs="84" ubx="0" uby="2174">
      <word id="j06-014-08-00" tag="CS" text="as">
        <cmp x="350" y="2159" width="55" height="46" />
        <cmp x="399" y="2162" width="38" height="58" />
      </word>
      <word id="j06-014-08-01" tag="," text=",">
        <cmp x="476" y="2192" width="8" height="38" />
      </word>
      <word id="j06-014-08-02" tag="IN" text="in">
        <cmp x="530" y="2168" width="9" height="45" />
        <cmp x="534" y="2150" width="5" height="6" />
        <cmp x="556" y="2165" width="34" height="45" />
      </word>
      <word id="j06-014-08-03" tag="NN" text="part">
        <cmp x="632" y="2171" width="32" height="88" />
        <cmp x="671" y="2171" width="51" height="42" />
        <cmp x="723" y="2172" width="33" height="43" />
        <cmp x="761" y="2124" width="43" height="93" />
      </word>
      <word id="j06-014-08-04" tag="," text=",">
        <cmp x="843" y="2192" width="6" height="40" />
      </word>
      <word id="j06-014-08-05" tag="RB" text="regularly">
        <cmp x="926" y="2158" width="39" height="56" />
        <cmp x="973" y="2163" width="40" height="42" />
        <cmp x="1019" y="2170" width="92" height="122" />
        <cmp x="1121" y="2124" width="104" height="91" />
        <cmp x="1233" y="2176" width="28" height="36" />
        <cmp x="1269" y="2131" width="59" height="145" />
      </word>
      <word id="j06-014-08-06" tag="VBG" text="moving">
        <cmp x="1412" y="2167" width="80" height="46" />
        <cmp x="1496" y="2169" width="44" height="47" />
        <cmp x="1554" y="2168" width="38" height="47" />
        <cmp x="1601" y="2176" width="7" height="44" />
        <cmp x="1613" y="2156" width="4" height="3" />
        <cmp x="1628" y="2171" width="33" height="42" />
        <cmp x="1672" y="2178" width="36" height="112" />
      </word>
      <word id="j06-014-08-07" tag="IN" text="in">
        <cmp x="1767" y="2174" width="8" height="36" />
        <cmp x="1773" y="2146" width="4" height="6" />
        <cmp x="1783" y="2172" width="34" height="41" />
      </word>
      <word id="j06-014-08-08" tag="AT" text="a">
        <cmp x="1855" y="2170" width="58" height="52" />
      </word>
      <word id="j06-014-08-09" tag="JJ" text="reverse">
        <cmp x="1953" y="2164" width="52" height="52" />
        <cmp x="2010" y="2166" width="37" height="46" />
        <cmp x="2054" y="2170" width="21" height="36" />
        <cmp x="2077" y="2169" width="24" height="43" />
        <cmp x="2086" y="2165" width="73" height="59" />
      </word>
      <upper-contour>
        <point x="348" y="2069" />
        <point x="2148" y="2069" />
      </upper-contour>
      <lower-contour>
        <point x="351" y="2288" />
        <point x="1035" y="2292" />
        <point x="2002" y="2292" />
      </lower-contour>
    </line>
    <line ass="-417" asx="0" asy="2285" character-width="999" dss="-417" dsx="0" dsy="2399" fd0="12500" fd1="2730" fd2="-1081" filter-width="3" id="j06-014-09" lbs="-469" lbx="0" lby="2384" segmentation="ok" slant="90000" stroke-width="5418" threshold="186" text="manner. Most of these records are well" ubs="-312" ubx="0" uby="2345">
      <word id="j06-014-09-00" tag="NN" text="manner">
        <cmp x="353" y="2333" width="62" height="57" />
        <cmp x="420" y="2345" width="56" height="43" />
        <cmp x="486" y="2344" width="38" height="45" />
        <cmp x="533" y="2351" width="36" height="45" />
        <cmp x="579" y="2350" width="52" height="44" />
      </word>
      <word id="j06-014-09-01" tag="." text=".">
        <cmp x="668" y="2377" width="6" height="6" />
      </word>
      <word id="j06-014-09-02" sentence-start="yes" tag="AP" text="Most">
        <cmp x="749" y="2302" width="7" height="86" />
        <cmp x="760" y="2292" width="48" height="96" />
        <cmp x="814" y="2343" width="39" height="43" />
        <cmp x="849" y="2344" width="39" height="43" />
        <cmp x="879" y="2303" width="45" height="87" />
      </word>
      <word id="j06-014-09-03" tag="INO" text="of">
        <cmp x="970" y="2345" width="37" height="46" />
        <cmp x="1012" y="2303" width="38" height="104" />
      </word>
      <word id="j06-014-09-04" tag="DTS" text="these">
        <cmp x="1098" y="2308" width="36" height="89" />
        <cmp x="1141" y="2307" width="37" height="94" />
        <cmp x="1178" y="2358" width="62" height="45" />
        <cmp x="1242" y="2366" width="29" height="39" />
      </word>
      <word id="j06-014-09-05" tag="NNS" text="records">
        <cmp x="1345" y="2340" width="31" height="44" />
        <cmp x="1378" y="2344" width="30" height="42" />
        <cmp x="1409" y="2352" width="57" height="51" />
        <cmp x="1469" y="2363" width="39" height="44" />
        <cmp x="1511" y="2359" width="32" height="42" />
        <cmp x="1539" y="2361" width="41" height="39" />
        <cmp x="1579" y="2319" width="13" height="69" />
        <cmp x="1591" y="2350" width="34" height="54" />
      </word>
      <word id="j06-014-09-06" tag="BER" text="are">
        <cmp x="1686" y="2353" width="127" height="46" />
      </word>
      <word id="j06-014-09-07" tag="RB" text="well">
        <cmp x="1855" y="2345" width="48" height="52" />
        <cmp x="1909" y="2315" width="92" height="84" />
      </word>
      <upper-contour>
        <point x="351" y="2288" />
        <point x="1035" y="2292" />
        <point x="2002" y="2292" />
      </upper-contour>
      <lower-contour>
        <point x="351" y="2407" />
        <point x="2002" y="2407" />
      </lower-contour>
    </line>
    <line ass="-11" asx="0" asy="2474" character-width="999" dss="-11" dsx="0" dsy="2621" fd0="12914" fd1="2371" fd2="-1848" filter-width="3" id="j06-014-10" lbs="-20" lbx="0" lby="2569" segmentation="ok" slant="90000" stroke-width="5359" threshold="186" text="substantiated and involve whole populations" ubs="8" ubx="0" uby="2528">
      <word id="j06-014-10-00" tag="VBN" text="substantiated">
        <cmp x="350" y="2501" width="87" height="62" />
        <cmp x="442" y="2486" width="41" height="78" />
        <cmp x="490" y="2518" width="35" height="49" />
        <cmp x="523" y="2476" width="43" height="99" />
        <cmp x="563" y="2526" width="65" height="42" />
        <cmp x="633" y="2529" width="46" height="47" />
        <cmp x="687" y="2489" width="69" height="86" />
        <cmp x="743" y="2512" width="9" height="10" />
        <cmp x="764" y="2533" width="54" height="46" />
        <cmp x="810" y="2490" width="144" height="88" />
      </word>
      <word id="j06-014-10-01" tag="CC" text="and">
        <cmp x="1011" y="2531" width="60" height="51" />
        <cmp x="1074" y="2527" width="45" height="51" />
        <cmp x="1125" y="2489" width="46" height="88" />
      </word>
      <word id="j06-014-10-02" tag="VB" text="involve">
        <cmp x="1214" y="2489" width="8" height="11" />
        <cmp x="1214" y="2518" width="9" height="56" />
        <cmp x="1233" y="2518" width="48" height="62" />
        <cmp x="1295" y="2527" width="37" height="41" />
        <cmp x="1334" y="2529" width="35" height="45" />
        <cmp x="1369" y="2485" width="42" height="86" />
        <cmp x="1418" y="2528" width="38" height="46" />
        <cmp x="1459" y="2528" width="44" height="47" />
      </word>
      <word id="j06-014-10-03" tag="JJ" text="whole">
        <cmp x="1562" y="2523" width="43" height="50" />
        <cmp x="1614" y="2493" width="35" height="81" />
        <cmp x="1659" y="2529" width="40" height="49" />
        <cmp x="1707" y="2476" width="77" height="94" />
      </word>
      <word id="j06-014-10-04" tag="NNS" text="populations">
        <cmp x="1811" y="2524" width="43" height="91" />
        <cmp x="1860" y="2497" width="198" height="126" />
        <cmp x="2028" y="2476" width="70" height="96" />
        <cmp x="2105" y="2526" width="7" height="6" />
        <cmp x="2115" y="2525" width="36" height="47" />
        <cmp x="2151" y="2536" width="37" height="34" />
        <cmp x="2190" y="2527" width="28" height="49" />
      </word>
      <upper-contour>
        <point x="351" y="2407" />
        <point x="2002" y="2407" />
      </upper-contour>
      <lower-contour>
        <point x="373" y="2624" />
        <point x="1962" y="2624" />
      </lower-contour>
    </line>
    <line ass="-304" asx="0" asy="2683" character-width="999" dss="-304" dsx="0" dsy="2778" fd0="12904" fd1="2797" fd2="-1489" filter-width="3" id="j06-014-11" lbs="-277" lbx="0" lby="2769" segmentation="ok" slant="90000" stroke-width="5319" threshold="185" text="rather than aberrant individuals." ubs="-358" ubx="0" uby="2727">
      <word id="j06-014-11-00" tag="RB" text="rather">
        <cmp x="375" y="2726" width="29" height="50" />
        <cmp x="404" y="2728" width="52" height="45" />
        <cmp x="450" y="2693" width="40" height="71" />
        <cmp x="487" y="2691" width="47" height="76" />
        <cmp x="539" y="2733" width="71" height="39" />
      </word>
      <word id="j06-014-11-01" tag="IN" text="than">
        <cmp x="661" y="2695" width="55" height="85" />
        <cmp x="723" y="2692" width="41" height="88" />
        <cmp x="770" y="2741" width="47" height="39" />
        <cmp x="823" y="2736" width="36" height="45" />
      </word>
      <word id="j06-014-11-02" tag="JJ" text="aberrant">
        <cmp x="919" y="2731" width="59" height="47" />
        <cmp x="983" y="2691" width="38" height="83" />
        <cmp x="1037" y="2726" width="41" height="45" />
        <cmp x="1093" y="2733" width="24" height="50" />
        <cmp x="1130" y="2734" width="28" height="44" />
        <cmp x="1161" y="2733" width="48" height="47" />
        <cmp x="1220" y="2737" width="39" height="48" />
        <cmp x="1271" y="2698" width="47" height="82" />
      </word>
      <word id="j06-014-11-03" tag="NNS" text="individuals">
        <cmp x="1399" y="2730" width="10" height="43" />
        <cmp x="1406" y="2707" width="4" height="5" />
        <cmp x="1424" y="2729" width="38" height="48" />
        <cmp x="1475" y="2691" width="86" height="95" />
        <cmp x="1545" y="2722" width="9" height="5" />
        <cmp x="1575" y="2732" width="31" height="47" />
        <cmp x="1618" y="2740" width="9" height="45" />
        <cmp x="1633" y="2718" width="7" height="14" />
        <cmp x="1648" y="2697" width="117" height="83" />
        <cmp x="1655" y="2742" width="12" height="11" />
        <cmp x="1770" y="2696" width="128" height="85" />
      </word>
      <word id="j06-014-11-04" tag="." text=".">
        <cmp x="1950" y="2764" width="11" height="8" />
      </word>
      <upper-contour>
        <point x="373" y="2624" />
        <point x="1962" y="2624" />
      </upper-contour>
    </line>
  </handwritten-part>
</form>

