<?xml version="1.0" encoding="ISO-8859-1"?>

<!DOCTYPE form SYSTEM 'http://www.iam.unibe.ch/~fki/iamdb/form-metadata.dtd'>

<form created="2002-01-25" height="3542" id="j06-008" last-modified="2002-07-17" skew="191" status="final" version="3.0_beta" width="2479" writer-id="384">
  <machine-printed-part>
    <machine-print-line text="Such permanent occurrence at the surface could of course be considered the extreme" />
    <machine-print-line text="of a variable day depth. The effect of day depths upon the surfacing of various animals" />
    <machine-print-line text="has been reviewed elsewhere. c. Anomalies. In spite of the variability of migrational" />
    <machine-print-line text="behavior, some kinds of anomalies may be recognized. Vertical movement occurs in" />
    <machine-print-line text="some forms apparently in the reverse manner to that commonly met." />
  </machine-printed-part>
  <handwritten-part>
    <line ass="-51" asx="0" asy="684" character-width="999" dss="-51" dsx="0" dsy="828" fd0="13065" fd1="2473" fd2="-1442" filter-width="3" id="j06-008-00" lbs="-55" lbx="0" lby="777" segmentation="ok" slant="90000" stroke-width="5312" threshold="190" text="Such permanent occurrence at the surface" ubs="-42" ubx="0" uby="738">
      <word id="j06-008-00-00" sentence-start="yes" tag="ABL" text="Such">
        <cmp x="338" y="688" width="113" height="86" />
        <cmp x="381" y="692" width="9" height="19" />
        <cmp x="453" y="741" width="33" height="41" />
        <cmp x="486" y="707" width="42" height="69" />
      </word>
      <word id="j06-008-00-01" tag="JJ" text="permanent">
        <cmp x="575" y="735" width="38" height="93" />
        <cmp x="622" y="735" width="38" height="45" />
        <cmp x="668" y="738" width="22" height="47" />
        <cmp x="696" y="737" width="79" height="46" />
        <cmp x="785" y="734" width="53" height="43" />
        <cmp x="846" y="735" width="39" height="45" />
        <cmp x="893" y="736" width="34" height="41" />
        <cmp x="932" y="743" width="45" height="34" />
        <cmp x="984" y="693" width="39" height="85" />
      </word>
      <word id="j06-008-00-02" tag="NN" text="occurrence">
        <cmp x="1069" y="739" width="48" height="47" />
        <cmp x="1122" y="739" width="37" height="42" />
        <cmp x="1164" y="741" width="33" height="45" />
        <cmp x="1211" y="735" width="47" height="45" />
        <cmp x="1268" y="741" width="29" height="48" />
        <cmp x="1308" y="741" width="33" height="45" />
        <cmp x="1344" y="732" width="69" height="48" />
        <cmp x="1374" y="738" width="3" height="4" />
        <cmp x="1418" y="739" width="39" height="40" />
        <cmp x="1462" y="737" width="48" height="43" />
      </word>
      <word id="j06-008-00-03" tag="IN" text="at">
        <cmp x="1556" y="695" width="93" height="86" />
      </word>
      <word id="j06-008-00-04" tag="ATI" text="the">
        <cmp x="1691" y="690" width="34" height="92" />
        <cmp x="1739" y="687" width="34" height="83" />
        <cmp x="1788" y="729" width="40" height="40" />
      </word>
      <word id="j06-008-00-05" tag="NN" text="surface">
        <cmp x="1865" y="722" width="38" height="53" />
        <cmp x="1904" y="739" width="41" height="39" />
        <cmp x="1952" y="743" width="31" height="34" />
        <cmp x="1993" y="691" width="67" height="106" />
        <cmp x="2067" y="738" width="91" height="46" />
      </word>
      <lower-contour>
        <point x="342" y="827" />
        <point x="2158" y="827" />
      </lower-contour>
    </line>
    <line ass="-204" asx="0" asy="859" character-width="999" dss="-204" dsx="0" dsy="970" fd0="12725" fd1="2290" fd2="-1416" filter-width="3" id="j06-008-01" lbs="-199" lbx="0" lby="954" segmentation="ok" slant="90000" stroke-width="5469" threshold="189" text="could of course be considered the extreme" ubs="-214" ubx="0" uby="914">
      <word id="j06-008-01-00" tag="MD" text="could">
        <cmp x="344" y="896" width="81" height="53" />
        <cmp x="431" y="873" width="127" height="86" />
        <cmp x="554" y="876" width="14" height="81" />
      </word>
      <word id="j06-008-01-01" tag="CS21" text="of">
        <cmp x="633" y="913" width="37" height="44" />
        <cmp x="676" y="863" width="37" height="110" />
      </word>
      <word id="j06-008-01-02" tag="CS22" text="course">
        <cmp x="768" y="905" width="34" height="53" />
        <cmp x="805" y="921" width="86" height="44" />
        <cmp x="904" y="917" width="33" height="39" />
        <cmp x="928" y="913" width="35" height="52" />
        <cmp x="967" y="921" width="47" height="42" />
      </word>
      <word id="j06-008-01-03" tag="BE" text="be">
        <cmp x="1066" y="878" width="89" height="83" />
      </word>
      <word id="j06-008-01-04" tag="VBN" text="considered">
        <cmp x="1204" y="910" width="73" height="51" />
        <cmp x="1280" y="918" width="39" height="39" />
        <cmp x="1328" y="913" width="38" height="48" />
        <cmp x="1376" y="903" width="7" height="6" />
        <cmp x="1381" y="915" width="7" height="44" />
        <cmp x="1405" y="864" width="81" height="102" />
        <cmp x="1495" y="925" width="26" height="42" />
        <cmp x="1530" y="867" width="127" height="101" />
      </word>
      <word id="j06-008-01-05" tag="ATI" text="the">
        <cmp x="1707" y="885" width="46" height="73" />
        <cmp x="1757" y="884" width="34" height="67" />
        <cmp x="1800" y="917" width="36" height="38" />
      </word>
      <word id="j06-008-01-06" tag="NN" text="extreme">
        <cmp x="1891" y="909" width="71" height="51" />
        <cmp x="1962" y="884" width="46" height="80" />
        <cmp x="2013" y="915" width="57" height="45" />
        <cmp x="2076" y="923" width="64" height="37" />
        <cmp x="2150" y="922" width="39" height="47" />
      </word>
      <upper-contour>
        <point x="342" y="827" />
        <point x="2158" y="827" />
      </upper-contour>
      <lower-contour>
        <point x="350" y="972" />
        <point x="2106" y="972" />
      </lower-contour>
    </line>
    <line ass="-348" asx="0" asy="1027" character-width="999" dss="-348" dsx="0" dsy="1187" fd0="12473" fd1="3004" fd2="-605" filter-width="3" id="j06-008-02" lbs="-382" lbx="0" lby="1128" segmentation="ok" slant="90000" stroke-width="5237" threshold="190" text="of a variable day depth. The effect of" ubs="-280" ubx="0" uby="1090">
      <word id="j06-008-02-00" tag="INO" text="of">
        <cmp x="352" y="1078" width="40" height="52" />
        <cmp x="403" y="1040" width="35" height="112" />
      </word>
      <word id="j06-008-02-01" tag="AT" text="a">
        <cmp x="487" y="1088" width="51" height="44" />
      </word>
      <word id="j06-008-02-02" tag="JJ" text="variable">
        <cmp x="590" y="1088" width="33" height="47" />
        <cmp x="622" y="1088" width="61" height="44" />
        <cmp x="695" y="1094" width="33" height="43" />
        <cmp x="734" y="1108" width="10" height="31" />
        <cmp x="738" y="1086" width="4" height="5" />
        <cmp x="755" y="1095" width="57" height="42" />
        <cmp x="812" y="1061" width="53" height="76" />
        <cmp x="873" y="1056" width="86" height="79" />
      </word>
      <word id="j06-008-02-03" tag="NN" text="day">
        <cmp x="1017" y="1040" width="107" height="95" />
        <cmp x="1129" y="1094" width="48" height="100" />
      </word>
      <word id="j06-008-02-04" tag="NN" text="depth">
        <cmp x="1232" y="1056" width="99" height="80" />
        <cmp x="1340" y="1051" width="65" height="131" />
        <cmp x="1418" y="1060" width="37" height="84" />
      </word>
      <word id="j06-008-02-05" tag="." text=".">
        <cmp x="1480" y="1133" width="6" height="7" />
      </word>
      <word id="j06-008-02-06" sentence-start="yes" tag="ATI" text="The">
        <cmp x="1539" y="1040" width="127" height="90" />
        <cmp x="1671" y="1096" width="38" height="39" />
      </word>
      <word id="j06-008-02-07" tag="NN" text="effect">
        <cmp x="1744" y="1091" width="44" height="41" />
        <cmp x="1786" y="1045" width="46" height="112" />
        <cmp x="1840" y="1044" width="99" height="114" />
        <cmp x="1937" y="1061" width="41" height="75" />
      </word>
      <word id="j06-008-02-08" tag="INO" text="of">
        <cmp x="2015" y="1099" width="45" height="43" />
        <cmp x="2064" y="1040" width="41" height="114" />
      </word>
      <upper-contour>
        <point x="350" y="972" />
        <point x="2106" y="972" />
      </upper-contour>
      <lower-contour>
        <point x="363" y="1194" />
        <point x="2106" y="1194" />
      </lower-contour>
    </line>
    <line ass="-208" asx="0" asy="1215" character-width="999" dss="-208" dsx="0" dsy="1373" fd0="12862" fd1="2508" fd2="-984" filter-width="3" id="j06-008-03" lbs="-225" lbx="0" lby="1314" segmentation="ok" slant="90000" stroke-width="5290" threshold="191" text="day depths upon the surfacing of various" ubs="-174" ubx="0" uby="1275">
      <word id="j06-008-03-00" tag="NN" text="day">
        <cmp x="365" y="1217" width="124" height="95" />
        <cmp x="491" y="1270" width="46" height="88" />
      </word>
      <word id="j06-008-03-01" tag="NNS" text="depths">
        <cmp x="601" y="1232" width="84" height="89" />
        <cmp x="690" y="1280" width="34" height="83" />
        <cmp x="721" y="1239" width="44" height="77" />
        <cmp x="763" y="1239" width="40" height="73" />
        <cmp x="812" y="1269" width="30" height="48" />
      </word>
      <word id="j06-008-03-02" tag="IN" text="upon">
        <cmp x="923" y="1271" width="56" height="51" />
        <cmp x="974" y="1282" width="52" height="89" />
        <cmp x="1035" y="1277" width="33" height="41" />
        <cmp x="1070" y="1279" width="45" height="41" />
      </word>
      <word id="j06-008-03-03" tag="ATI" text="the">
        <cmp x="1160" y="1247" width="55" height="80" />
        <cmp x="1217" y="1236" width="31" height="79" />
        <cmp x="1252" y="1277" width="48" height="38" />
      </word>
      <word id="j06-008-03-04" tag="NN" text="surfacing">
        <cmp x="1344" y="1264" width="82" height="59" />
        <cmp x="1431" y="1282" width="30" height="37" />
        <cmp x="1487" y="1227" width="80" height="116" />
        <cmp x="1573" y="1277" width="55" height="48" />
        <cmp x="1625" y="1261" width="4" height="7" />
        <cmp x="1640" y="1288" width="33" height="31" />
        <cmp x="1680" y="1286" width="38" height="94" />
      </word>
      <word id="j06-008-03-05" tag="INO" text="of">
        <cmp x="1794" y="1280" width="48" height="43" />
        <cmp x="1845" y="1238" width="34" height="95" />
      </word>
      <word id="j06-008-03-06" tag="JJ" text="various">
        <cmp x="1915" y="1276" width="43" height="42" />
        <cmp x="1964" y="1275" width="49" height="45" />
        <cmp x="2026" y="1274" width="49" height="40" />
        <cmp x="2077" y="1258" width="6" height="7" />
        <cmp x="2094" y="1270" width="111" height="52" />
      </word>
      <upper-contour>
        <point x="363" y="1194" />
        <point x="2106" y="1194" />
      </upper-contour>
      <lower-contour>
        <point x="372" y="1381" />
        <point x="2206" y="1381" />
      </lower-contour>
    </line>
    <line ass="-128" asx="0" asy="1394" character-width="999" dss="-128" dsx="0" dsy="1508" fd0="13221" fd1="2486" fd2="-1171" filter-width="3" id="j06-008-04" lbs="-82" lbx="0" lby="1494" segmentation="ok" slant="90000" stroke-width="5332" threshold="192" text="animals has been reviewed elsewhere. c." ubs="-221" ubx="0" uby="1453">
      <word id="j06-008-04-00" tag="NNS" text="animals">
        <cmp x="374" y="1447" width="60" height="48" />
        <cmp x="438" y="1450" width="47" height="46" />
        <cmp x="486" y="1448" width="7" height="4" />
        <cmp x="496" y="1459" width="11" height="41" />
        <cmp x="520" y="1448" width="75" height="47" />
        <cmp x="601" y="1396" width="105" height="99" />
        <cmp x="697" y="1444" width="32" height="51" />
      </word>
      <word id="j06-008-04-01" tag="HVZ" text="has">
        <cmp x="824" y="1424" width="48" height="71" />
        <cmp x="879" y="1455" width="86" height="46" />
      </word>
      <word id="j06-008-04-02" tag="BEN" text="been">
        <cmp x="1022" y="1408" width="128" height="84" />
        <cmp x="1156" y="1457" width="45" height="50" />
        <cmp x="1167" y="1452" width="4" height="3" />
      </word>
      <word id="j06-008-04-03" tag="VBN" text="reviewed">
        <cmp x="1299" y="1452" width="80" height="61" />
        <cmp x="1391" y="1446" width="38" height="55" />
        <cmp x="1449" y="1437" width="4" height="5" />
        <cmp x="1449" y="1452" width="7" height="45" />
        <cmp x="1467" y="1459" width="33" height="44" />
        <cmp x="1500" y="1459" width="56" height="43" />
        <cmp x="1568" y="1424" width="82" height="77" />
      </word>
      <word id="j06-008-04-04" tag="RB" text="elsewhere">
        <cmp x="1742" y="1456" width="46" height="49" />
        <cmp x="1788" y="1412" width="85" height="91" />
        <cmp x="1873" y="1457" width="43" height="42" />
        <cmp x="1925" y="1441" width="58" height="57" />
        <cmp x="1987" y="1422" width="37" height="73" />
        <cmp x="2032" y="1455" width="34" height="39" />
        <cmp x="2067" y="1456" width="73" height="38" />
      </word>
      <word id="j06-008-04-05" tag="." text=".">
        <cmp x="2174" y="1485" width="6" height="6" />
      </word>
      <word id="j06-008-04-06" sentence-start="yes" tag="ZZ" text="c">
        <cmp x="2202" y="1458" width="48" height="38" />
      </word>
      <word id="j06-008-04-07" tag="." text=".">
        <cmp x="2262" y="1494" width="5" height="6" />
      </word>
      <upper-contour>
        <point x="372" y="1381" />
        <point x="2206" y="1381" />
      </upper-contour>
      <lower-contour>
        <point x="372" y="1513" />
        <point x="2127" y="1513" />
      </lower-contour>
    </line>
    <line ass="96" asx="0" asy="1570" character-width="999" dss="96" dsx="0" dsy="1727" fd0="12927" fd1="2539" fd2="-1239" filter-width="3" id="j06-008-05" lbs="44" lbx="0" lby="1668" segmentation="err" slant="81000" stroke-width="5254" threshold="191" text="Anomalies. In spite of the variability" ubs="199" ubx="0" uby="1641">
      <word id="j06-008-05-00" tag="NNS" text="Anomalies">
        <cmp x="371" y="1571" width="43" height="94" />
        <cmp x="420" y="1631" width="45" height="46" />
        <cmp x="478" y="1634" width="46" height="51" />
        <cmp x="547" y="1633" width="65" height="48" />
        <cmp x="622" y="1581" width="115" height="97" />
        <cmp x="716" y="1620" width="6" height="5" />
        <cmp x="737" y="1630" width="74" height="50" />
      </word>
      <word id="j06-008-05-01" tag="." text=".">
        <cmp x="846" y="1664" width="8" height="6" />
      </word>
      <word id="j06-008-05-02" sentence-start="yes" tag="IN31" text="In">
        <cmp x="926" y="1579" width="45" height="94" />
        <cmp x="982" y="1630" width="22" height="33" />
        <cmp x="1003" y="1645" width="15" height="28" />
      </word>
      <word id="j06-008-05-03" tag="IN32" text="spite">
        <cmp x="1053" y="1630" width="53" height="43" />
        <cmp x="1108" y="1638" width="41" height="82" />
        <cmp x="1152" y="1585" width="12" height="46" />
        <cmp x="1167" y="1636" width="10" height="43" />
        <cmp x="1175" y="1623" width="4" height="4" />
        <cmp x="1206" y="1579" width="61" height="105" />
      </word>
      <word id="j06-008-05-04" tag="IN33" text="of">
        <cmp x="1311" y="1579" width="92" height="116" />
      </word>
      <word id="j06-008-05-05" tag="ATI" text="the">
        <cmp x="1476" y="1582" width="49" height="96" />
        <cmp x="1499" y="1627" width="29" height="5" />
        <cmp x="1536" y="1574" width="40" height="96" />
        <cmp x="1587" y="1628" width="36" height="42" />
      </word>
      <word id="j06-008-05-06" tag="NN" text="variability">
        <cmp x="1655" y="1635" width="38" height="40" />
        <cmp x="1699" y="1633" width="62" height="39" />
        <cmp x="1762" y="1631" width="38" height="40" />
        <cmp x="1803" y="1644" width="12" height="38" />
        <cmp x="1814" y="1619" width="4" height="5" />
        <cmp x="1827" y="1638" width="64" height="45" />
        <cmp x="1900" y="1596" width="39" height="84" />
        <cmp x="1953" y="1641" width="8" height="39" />
        <cmp x="1963" y="1623" width="4" height="5" />
        <cmp x="1972" y="1584" width="75" height="92" />
        <cmp x="2050" y="1616" width="6" height="6" />
        <cmp x="2055" y="1586" width="72" height="139" />
      </word>
      <upper-contour>
        <point x="372" y="1513" />
        <point x="2127" y="1513" />
      </upper-contour>
      <lower-contour>
        <point x="373" y="1727" />
        <point x="2121" y="1727" />
      </lower-contour>
    </line>
    <line ass="-171" asx="0" asy="1752" character-width="999" dss="-171" dsx="0" dsy="1928" fd0="12936" fd1="2660" fd2="-1224" filter-width="3" id="j06-008-06" lbs="-162" lbx="0" lby="1851" segmentation="ok" slant="87000" stroke-width="5247" threshold="190" text="of migrational behavior, some kinds" ubs="-187" ubx="0" uby="1808">
      <word id="j06-008-06-00" tag="INO" text="of">
        <cmp x="375" y="1818" width="42" height="47" />
        <cmp x="420" y="1770" width="37" height="106" />
      </word>
      <word id="j06-008-06-01" tag="JJ" text="migrational">
        <cmp x="556" y="1804" width="61" height="41" />
        <cmp x="637" y="1800" width="7" height="5" />
        <cmp x="638" y="1814" width="7" height="39" />
        <cmp x="660" y="1812" width="38" height="119" />
        <cmp x="705" y="1814" width="78" height="46" />
        <cmp x="790" y="1758" width="50" height="96" />
        <cmp x="832" y="1797" width="6" height="7" />
        <cmp x="849" y="1810" width="46" height="45" />
        <cmp x="900" y="1805" width="39" height="48" />
        <cmp x="955" y="1769" width="105" height="84" />
      </word>
      <word id="j06-008-06-02" tag="NN" text="behavior">
        <cmp x="1139" y="1759" width="118" height="95" />
        <cmp x="1269" y="1815" width="39" height="39" />
        <cmp x="1298" y="1814" width="41" height="46" />
        <cmp x="1337" y="1818" width="35" height="37" />
        <cmp x="1389" y="1812" width="8" height="43" />
        <cmp x="1392" y="1800" width="7" height="5" />
        <cmp x="1416" y="1811" width="84" height="49" />
        <cmp x="1513" y="1813" width="20" height="43" />
      </word>
      <word id="j06-008-06-03" tag="," text=",">
        <cmp x="1590" y="1836" width="11" height="53" />
      </word>
      <word id="j06-008-06-04" tag="DTI" text="some">
        <cmp x="1635" y="1810" width="44" height="51" />
        <cmp x="1692" y="1818" width="44" height="42" />
        <cmp x="1745" y="1810" width="73" height="47" />
        <cmp x="1826" y="1817" width="43" height="39" />
      </word>
      <word id="j06-008-06-05" tag="NNS" text="kinds">
        <cmp x="1918" y="1758" width="33" height="87" />
        <cmp x="1969" y="1809" width="13" height="43" />
        <cmp x="1988" y="1804" width="43" height="53" />
        <cmp x="2041" y="1768" width="79" height="96" />
      </word>
      <upper-contour>
        <point x="373" y="1727" />
        <point x="2121" y="1727" />
      </upper-contour>
      <lower-contour>
        <point x="381" y="1930" />
        <point x="834" y="1890" />
        <point x="1907" y="1890" />
      </lower-contour>
    </line>
    <line ass="-234" asx="0" asy="1925" character-width="999" dss="-234" dsx="0" dsy="2082" fd0="13110" fd1="2626" fd2="-1476" filter-width="3" id="j06-008-07" lbs="-155" lbx="0" lby="2027" segmentation="err" slant="90000" stroke-width="5171" threshold="192" text="of anomalies may be recognized." ubs="-392" ubx="0" uby="1988">
      <word id="j06-008-07-00" tag="INO" text="of">
        <cmp x="383" y="1988" width="42" height="48" />
        <cmp x="435" y="1943" width="35" height="108" />
      </word>
      <word id="j06-008-07-01" tag="NNS" text="anomalies">
        <cmp x="517" y="1985" width="56" height="44" />
        <cmp x="576" y="1992" width="39" height="49" />
        <cmp x="630" y="1983" width="45" height="48" />
        <cmp x="688" y="1988" width="65" height="40" />
        <cmp x="769" y="1929" width="117" height="105" />
        <cmp x="869" y="1970" width="5" height="5" />
        <cmp x="894" y="1989" width="29" height="31" />
        <cmp x="916" y="1996" width="44" height="37" />
      </word>
      <word id="j06-008-07-02" tag="MD" text="may">
        <cmp x="1032" y="1998" width="83" height="39" />
        <cmp x="1130" y="1990" width="54" height="42" />
        <cmp x="1174" y="1989" width="52" height="99" />
      </word>
      <word id="j06-008-07-03" tag="BE" text="be">
        <cmp x="1298" y="1953" width="46" height="80" />
        <cmp x="1350" y="1996" width="32" height="35" />
      </word>
      <word id="j06-008-07-04" tag="VBN" text="recognized">
        <cmp x="1454" y="1990" width="33" height="49" />
        <cmp x="1483" y="1994" width="38" height="43" />
        <cmp x="1529" y="1995" width="26" height="42" />
        <cmp x="1562" y="1999" width="53" height="43" />
        <cmp x="1634" y="1995" width="42" height="89" />
        <cmp x="1692" y="1995" width="39" height="46" />
        <cmp x="1742" y="1987" width="7" height="5" />
        <cmp x="1744" y="1998" width="7" height="42" />
        <cmp x="1767" y="1989" width="34" height="54" />
      </word>
      <word id="j06-008-07-05" tag="." text=".">
        <cmp x="1800" y="1955" width="107" height="90" />
      </word>
      <upper-contour>
        <point x="381" y="1930" />
        <point x="834" y="1890" />
        <point x="1907" y="1890" />
      </upper-contour>
      <lower-contour>
        <point x="403" y="2088" />
        <point x="1907" y="2088" />
      </lower-contour>
    </line>
    <line ass="-519" asx="0" asy="2103" character-width="999" dss="-519" dsx="0" dsy="2224" fd0="13106" fd1="2649" fd2="-1476" filter-width="3" id="j06-008-08" lbs="-522" lbx="0" lby="2203" segmentation="ok" slant="89000" stroke-width="5308" threshold="190" text="Vertical movement occurs in some forms" ubs="-512" ubx="0" uby="2166">
      <word id="j06-008-08-00" sentence-start="yes" tag="JJ" text="Vertical">
        <cmp x="405" y="2109" width="38" height="101" />
        <cmp x="450" y="2153" width="36" height="49" />
        <cmp x="487" y="2170" width="27" height="29" />
        <cmp x="543" y="2109" width="34" height="102" />
        <cmp x="577" y="2156" width="5" height="5" />
        <cmp x="589" y="2171" width="33" height="43" />
        <cmp x="626" y="2135" width="103" height="74" />
      </word>
      <word id="j06-008-08-01" tag="NN" text="movement">
        <cmp x="789" y="2168" width="68" height="43" />
        <cmp x="872" y="2174" width="37" height="47" />
        <cmp x="921" y="2172" width="38" height="45" />
        <cmp x="958" y="2170" width="34" height="45" />
        <cmp x="997" y="2172" width="64" height="46" />
        <cmp x="1067" y="2177" width="27" height="37" />
        <cmp x="1100" y="2181" width="38" height="32" />
        <cmp x="1151" y="2129" width="36" height="88" />
      </word>
      <word id="j06-008-08-02" tag="VBZ" text="occurs">
        <cmp x="1267" y="2170" width="54" height="48" />
        <cmp x="1300" y="2183" width="4" height="4" />
        <cmp x="1337" y="2173" width="70" height="44" />
        <cmp x="1409" y="2181" width="51" height="39" />
        <cmp x="1463" y="2210" width="3" height="3" />
        <cmp x="1469" y="2179" width="58" height="44" />
      </word>
      <word id="j06-008-08-03" tag="IN" text="in">
        <cmp x="1604" y="2168" width="13" height="44" />
        <cmp x="1614" y="2144" width="5" height="7" />
        <cmp x="1626" y="2168" width="32" height="58" />
      </word>
      <word id="j06-008-08-04" tag="DTI" text="some">
        <cmp x="1733" y="2171" width="39" height="51" />
        <cmp x="1775" y="2173" width="41" height="46" />
        <cmp x="1823" y="2170" width="65" height="41" />
        <cmp x="1890" y="2182" width="44" height="36" />
      </word>
      <word id="j06-008-08-05" tag="NNS" text="forms">
        <cmp x="1983" y="2126" width="70" height="117" />
        <cmp x="2054" y="2178" width="30" height="43" />
        <cmp x="2086" y="2177" width="87" height="45" />
      </word>
      <upper-contour>
        <point x="403" y="2088" />
        <point x="1907" y="2088" />
      </upper-contour>
      <lower-contour>
        <point x="403" y="2245" />
        <point x="2168" y="2245" />
      </lower-contour>
    </line>
    <line ass="-157" asx="0" asy="2299" character-width="999" dss="-157" dsx="0" dsy="2443" fd0="13166" fd1="2380" fd2="-1230" filter-width="3" id="j06-008-09" lbs="-33" lbx="0" lby="2392" segmentation="err" slant="90000" stroke-width="5378" threshold="189" text="apparently in the reverse manner to" ubs="-407" ubx="0" uby="2344">
      <word id="j06-008-09-00" tag="RB" text="apparently">
        <cmp x="395" y="2334" width="66" height="54" />
        <cmp x="417" y="2345" width="4" height="4" />
        <cmp x="454" y="2352" width="42" height="93" />
        <cmp x="497" y="2351" width="37" height="93" />
        <cmp x="540" y="2347" width="56" height="48" />
        <cmp x="599" y="2354" width="33" height="36" />
        <cmp x="629" y="2350" width="61" height="49" />
        <cmp x="704" y="2359" width="37" height="35" />
        <cmp x="745" y="2356" width="44" height="37" />
        <cmp x="779" y="2313" width="39" height="74" />
        <cmp x="821" y="2302" width="80" height="140" />
      </word>
      <word id="j06-008-09-01" tag="IN" text="in">
        <cmp x="978" y="2343" width="12" height="55" />
        <cmp x="999" y="2350" width="38" height="41" />
      </word>
      <word id="j06-008-09-02" tag="ATI" text="the">
        <cmp x="1084" y="2312" width="46" height="82" />
        <cmp x="1134" y="2313" width="36" height="84" />
        <cmp x="1181" y="2355" width="40" height="51" />
      </word>
      <word id="j06-008-09-03" tag="JJ" text="reverse">
        <cmp x="1297" y="2339" width="34" height="55" />
        <cmp x="1333" y="2341" width="39" height="48" />
        <cmp x="1389" y="2347" width="39" height="46" />
        <cmp x="1425" y="2350" width="30" height="43" />
        <cmp x="1467" y="2354" width="38" height="41" />
        <cmp x="1489" y="2348" width="40" height="49" />
        <cmp x="1535" y="2353" width="50" height="43" />
      </word>
      <word id="j06-008-09-04" tag="NN" text="manner">
        <cmp x="1641" y="2356" width="80" height="48" />
        <cmp x="1729" y="2352" width="130" height="50" />
        <cmp x="1874" y="2355" width="38" height="47" />
        <cmp x="1922" y="2355" width="38" height="42" />
        <cmp x="1962" y="2359" width="52" height="40" />
      </word>
      <word id="j06-008-09-05" tag="IN" text="to">
        <cmp x="2061" y="2311" width="107" height="88" />
      </word>
      <upper-contour>
        <point x="403" y="2245" />
        <point x="2168" y="2245" />
      </upper-contour>
      <lower-contour>
        <point x="420" y="2444" />
        <point x="1423" y="2444" />
      </lower-contour>
    </line>
    <line ass="218" asx="0" asy="2476" character-width="999" dss="218" dsx="0" dsy="2661" fd0="13095" fd1="2370" fd2="-1469" filter-width="3" id="j06-008-10" lbs="209" lbx="0" lby="2568" segmentation="ok" slant="82000" stroke-width="5289" threshold="190" text="that commonly met." ubs="237" ubx="0" uby="2530">
      <word id="j06-008-10-00" tag="DT" text="that">
        <cmp x="422" y="2488" width="46" height="77" />
        <cmp x="473" y="2486" width="46" height="86" />
        <cmp x="525" y="2527" width="53" height="39" />
        <cmp x="576" y="2479" width="43" height="86" />
      </word>
      <word id="j06-008-10-01" tag="RB" text="commonly">
        <cmp x="682" y="2522" width="32" height="40" />
        <cmp x="718" y="2529" width="49" height="40" />
        <cmp x="775" y="2517" width="71" height="62" />
        <cmp x="854" y="2533" width="65" height="42" />
        <cmp x="935" y="2529" width="40" height="42" />
        <cmp x="988" y="2526" width="39" height="55" />
        <cmp x="1045" y="2477" width="78" height="181" />
        <cmp x="1077" y="2610" width="18" height="25" />
      </word>
      <word id="j06-008-10-02" tag="VBN" text="met">
        <cmp x="1205" y="2510" width="80" height="51" />
        <cmp x="1291" y="2471" width="101" height="100" />
      </word>
      <word id="j06-008-10-03" tag="." text=".">
        <cmp x="1414" y="2547" width="8" height="15" />
      </word>
      <upper-contour>
        <point x="420" y="2444" />
        <point x="1423" y="2444" />
      </upper-contour>
    </line>
  </handwritten-part>
</form>

