<?xml version="1.0" encoding="ISO-8859-1"?>

<!DOCTYPE form SYSTEM 'http://www.iam.unibe.ch/~fki/iamdb/form-metadata.dtd'>

<form created="2002-04-11" height="3542" id="j07-012" last-modified="2002-07-17" skew="318" status="final" version="3.0_beta" width="2479" writer-id="393">
  <machine-printed-part>
    <machine-print-line text="Furthermore, developments in the detail form of the fins made possible a reduction" />
    <machine-print-line text="in the total surface area required as compared with the use of smooth continuous" />
    <machine-print-line text="passages for the same thermal duty and pressure losses. The properties of compact" />
    <machine-print-line text="form, low weight, and design flexibility thus developed found ready application on a" />
    <machine-print-line text="much larger scale with the introduction of tonnage scale air separation plants." />
  </machine-printed-part>
  <handwritten-part>
    <line ass="650" asx="0" asy="754" character-width="999" dss="650" dsx="0" dsy="838" fd0="11699" fd1="3071" fd2="-377" filter-width="4" id="j07-012-00" lbs="671" lbx="0" lby="815" segmentation="err" slant="85000" stroke-width="6596" threshold="134" text="Furthermore, developments in the detail form of" ubs="607" ubx="0" uby="786">
      <word id="j07-012-00-00" sentence-start="yes" tag="RB" text="Furthermore">
        <cmp x="353" y="767" width="35" height="10" />
        <cmp x="353" y="777" width="32" height="36" />
        <cmp x="386" y="792" width="41" height="20" />
        <cmp x="429" y="786" width="22" height="23" />
        <cmp x="462" y="754" width="52" height="55" />
        <cmp x="519" y="783" width="17" height="26" />
        <cmp x="547" y="784" width="20" height="24" />
        <cmp x="587" y="781" width="59" height="26" />
        <cmp x="651" y="783" width="27" height="24" />
        <cmp x="683" y="779" width="24" height="25" />
        <cmp x="716" y="777" width="27" height="33" />
      </word>
      <word id="j07-012-00-01" tag="," text=",">
        <cmp x="776" y="797" width="9" height="25" />
      </word>
      <word id="j07-012-00-02" tag="NNS" text="developments">
        <cmp x="847" y="754" width="38" height="49" />
        <cmp x="894" y="773" width="117" height="53" />
        <cmp x="1011" y="773" width="26" height="28" />
        <cmp x="1041" y="757" width="21" height="48" />
        <cmp x="1062" y="774" width="26" height="31" />
        <cmp x="1096" y="771" width="35" height="54" />
        <cmp x="1143" y="768" width="42" height="32" />
        <cmp x="1189" y="777" width="28" height="26" />
        <cmp x="1219" y="778" width="39" height="26" />
        <cmp x="1254" y="756" width="25" height="48" />
        <cmp x="1282" y="774" width="23" height="30" />
      </word>
      <word id="j07-012-00-03" tag="IN" text="in">
        <cmp x="1368" y="774" width="8" height="24" />
        <cmp x="1371" y="753" width="6" height="10" />
        <cmp x="1385" y="779" width="42" height="21" />
      </word>
      <word id="j07-012-00-04" tag="ATI" text="the">
        <cmp x="1459" y="754" width="26" height="44" />
        <cmp x="1486" y="749" width="28" height="49" />
        <cmp x="1517" y="772" width="33" height="27" />
      </word>
      <word id="j07-012-00-05" tag="NN" text="detail">
        <cmp x="1593" y="737" width="36" height="54" />
        <cmp x="1630" y="764" width="31" height="28" />
        <cmp x="1659" y="745" width="23" height="49" />
        <cmp x="1688" y="765" width="58" height="25" />
        <cmp x="1738" y="744" width="7" height="8" />
        <cmp x="1756" y="748" width="22" height="40" />
      </word>
      <word id="j07-012-00-06" tag="NN" text="form">
        <cmp x="1832" y="751" width="26" height="59" />
        <cmp x="1859" y="766" width="31" height="28" />
        <cmp x="1898" y="765" width="22" height="25" />
        <cmp x="1927" y="763" width="47" height="25" />
      </word>
      <word id="j07-012-00-07" tag="INO" text="of">
        <cmp x="2021" y="747" width="58" height="56" />
      </word>
      <lower-contour>
        <point x="351" y="826" />
        <point x="1973" y="826" />
      </lower-contour>
    </line>
    <line ass="858" asx="0" asy="941" character-width="999" dss="858" dsx="0" dsy="1021" fd0="13003" fd1="3094" fd2="-272" filter-width="4" id="j07-012-01" lbs="886" lbx="0" lby="999" segmentation="ok" slant="90000" stroke-width="6387" threshold="136" text="the fins made possible a reduction in the total" ubs="802" ubx="0" uby="968">
      <word id="j07-012-01-00" tag="ATI" text="the">
        <cmp x="344" y="943" width="26" height="50" />
        <cmp x="372" y="937" width="24" height="52" />
        <cmp x="401" y="962" width="29" height="30" />
      </word>
      <word id="j07-012-01-01" tag="NNS" text="fins">
        <cmp x="489" y="941" width="43" height="64" />
        <cmp x="518" y="946" width="8" height="10" />
        <cmp x="543" y="964" width="25" height="27" />
        <cmp x="571" y="961" width="24" height="34" />
      </word>
      <word id="j07-012-01-02" tag="VBD" text="made">
        <cmp x="654" y="957" width="39" height="29" />
        <cmp x="703" y="960" width="40" height="27" />
        <cmp x="743" y="940" width="32" height="47" />
        <cmp x="780" y="958" width="29" height="28" />
      </word>
      <word id="j07-012-01-03" tag="JJ" text="possible">
        <cmp x="871" y="961" width="29" height="47" />
        <cmp x="908" y="961" width="27" height="24" />
        <cmp x="942" y="956" width="28" height="28" />
        <cmp x="975" y="955" width="27" height="30" />
        <cmp x="1014" y="944" width="7" height="7" />
        <cmp x="1015" y="961" width="7" height="24" />
        <cmp x="1038" y="938" width="25" height="48" />
        <cmp x="1065" y="934" width="48" height="56" />
      </word>
      <word id="j07-012-01-04" tag="AT" text="a">
        <cmp x="1163" y="960" width="49" height="24" />
      </word>
      <word id="j07-012-01-05" tag="NN" text="reduction">
        <cmp x="1276" y="950" width="38" height="33" />
        <cmp x="1320" y="932" width="80" height="47" />
        <cmp x="1409" y="953" width="33" height="28" />
        <cmp x="1448" y="930" width="29" height="49" />
        <cmp x="1470" y="935" width="6" height="9" />
        <cmp x="1479" y="953" width="30" height="27" />
        <cmp x="1516" y="953" width="39" height="28" />
      </word>
      <word id="j07-012-01-06" tag="IN" text="in">
        <cmp x="1600" y="936" width="8" height="8" />
        <cmp x="1601" y="949" width="9" height="24" />
        <cmp x="1621" y="950" width="40" height="24" />
      </word>
      <word id="j07-012-01-07" tag="ATI" text="the">
        <cmp x="1690" y="933" width="30" height="38" />
        <cmp x="1722" y="928" width="27" height="43" />
        <cmp x="1753" y="947" width="26" height="25" />
      </word>
      <word id="j07-012-01-08" tag="JJ" text="total">
        <cmp x="1820" y="922" width="27" height="48" />
        <cmp x="1852" y="946" width="23" height="22" />
        <cmp x="1878" y="920" width="23" height="47" />
        <cmp x="1901" y="946" width="39" height="27" />
        <cmp x="1942" y="927" width="30" height="47" />
      </word>
      <upper-contour>
        <point x="351" y="826" />
        <point x="1973" y="826" />
      </upper-contour>
      <lower-contour>
        <point x="360" y="1007" />
        <point x="1973" y="1007" />
      </lower-contour>
    </line>
    <line ass="681" asx="0" asy="1121" character-width="999" dss="681" dsx="0" dsy="1197" fd0="13324" fd1="3385" fd2="-164" filter-width="4" id="j07-012-02" lbs="663" lbx="0" lby="1174" segmentation="ok" slant="90000" stroke-width="6314" threshold="136" text="surface area required as compared with the use of" ubs="716" ubx="0" uby="1147">
      <word id="j07-012-02-00" tag="NN" text="surface">
        <cmp x="362" y="1140" width="19" height="34" />
        <cmp x="393" y="1147" width="39" height="23" />
        <cmp x="438" y="1142" width="25" height="26" />
        <cmp x="474" y="1121" width="24" height="66" />
        <cmp x="502" y="1138" width="102" height="32" />
      </word>
      <word id="j07-012-02-01" tag="NN" text="area">
        <cmp x="672" y="1141" width="42" height="22" />
        <cmp x="715" y="1140" width="45" height="26" />
        <cmp x="766" y="1143" width="41" height="26" />
      </word>
      <word id="j07-012-02-02" tag="VBD" text="required">
        <cmp x="866" y="1129" width="46" height="31" />
        <cmp x="918" y="1137" width="28" height="44" />
        <cmp x="959" y="1137" width="44" height="26" />
        <cmp x="1006" y="1122" width="5" height="7" />
        <cmp x="1009" y="1139" width="10" height="24" />
        <cmp x="1030" y="1134" width="37" height="26" />
        <cmp x="1074" y="1111" width="29" height="54" />
      </word>
      <word id="j07-012-02-03" tag="CS" text="as">
        <cmp x="1164" y="1130" width="38" height="28" />
        <cmp x="1204" y="1130" width="25" height="32" />
      </word>
      <word id="j07-012-02-04" tag="VBN" text="compared">
        <cmp x="1290" y="1129" width="30" height="28" />
        <cmp x="1324" y="1132" width="30" height="24" />
        <cmp x="1370" y="1134" width="62" height="26" />
        <cmp x="1431" y="1127" width="35" height="53" />
        <cmp x="1472" y="1129" width="36" height="29" />
        <cmp x="1518" y="1132" width="17" height="22" />
        <cmp x="1536" y="1126" width="27" height="27" />
        <cmp x="1566" y="1104" width="35" height="50" />
      </word>
      <word id="j07-012-02-05" tag="IN" text="with">
        <cmp x="1666" y="1125" width="43" height="27" />
        <cmp x="1715" y="1106" width="8" height="8" />
        <cmp x="1716" y="1128" width="6" height="21" />
        <cmp x="1729" y="1108" width="28" height="42" />
        <cmp x="1761" y="1108" width="23" height="46" />
      </word>
      <word id="j07-012-02-06" tag="ATI" text="the">
        <cmp x="1828" y="1102" width="25" height="48" />
        <cmp x="1855" y="1102" width="26" height="48" />
        <cmp x="1887" y="1127" width="27" height="25" />
      </word>
      <word id="j07-012-02-07" tag="NN" text="use">
        <cmp x="1955" y="1121" width="65" height="32" />
        <cmp x="2025" y="1117" width="26" height="32" />
      </word>
      <word id="j07-012-02-08" tag="INO" text="of">
        <cmp x="2102" y="1119" width="32" height="27" />
        <cmp x="2141" y="1106" width="34" height="58" />
      </word>
      <upper-contour>
        <point x="360" y="1007" />
        <point x="1973" y="1007" />
      </upper-contour>
      <lower-contour>
        <point x="377" y="1186" />
        <point x="2164" y="1186" />
      </lower-contour>
    </line>
    <line ass="611" asx="0" asy="1289" character-width="999" dss="611" dsx="0" dsy="1379" fd0="13485" fd1="3178" fd2="-515" filter-width="4" id="j07-012-03" lbs="608" lbx="0" lby="1351" segmentation="ok" slant="90000" stroke-width="6508" threshold="136" text="smooth continuous passages for the same thermal" ubs="617" ubx="0" uby="1324">
      <word id="j07-012-03-00" tag="JJ" text="smooth">
        <cmp x="379" y="1312" width="28" height="40" />
        <cmp x="417" y="1315" width="51" height="32" />
        <cmp x="479" y="1321" width="59" height="28" />
        <cmp x="542" y="1295" width="63" height="52" />
      </word>
      <word id="j07-012-03-01" tag="JJ" text="continuous">
        <cmp x="712" y="1314" width="56" height="30" />
        <cmp x="776" y="1317" width="37" height="24" />
        <cmp x="822" y="1290" width="32" height="50" />
        <cmp x="848" y="1294" width="5" height="10" />
        <cmp x="872" y="1317" width="31" height="24" />
        <cmp x="906" y="1314" width="49" height="27" />
        <cmp x="961" y="1309" width="67" height="32" />
      </word>
      <word id="j07-012-03-02" tag="NNS" text="passages">
        <cmp x="1088" y="1313" width="31" height="47" />
        <cmp x="1126" y="1315" width="36" height="22" />
        <cmp x="1168" y="1306" width="27" height="37" />
        <cmp x="1205" y="1308" width="30" height="32" />
        <cmp x="1231" y="1313" width="42" height="23" />
        <cmp x="1278" y="1314" width="31" height="52" />
        <cmp x="1320" y="1313" width="25" height="27" />
        <cmp x="1354" y="1309" width="27" height="31" />
      </word>
      <word id="j07-012-03-03" tag="IN" text="for">
        <cmp x="1443" y="1297" width="55" height="62" />
        <cmp x="1508" y="1307" width="23" height="27" />
      </word>
      <word id="j07-012-03-04" tag="ATI" text="the">
        <cmp x="1559" y="1290" width="28" height="45" />
        <cmp x="1586" y="1287" width="24" height="44" />
        <cmp x="1619" y="1307" width="22" height="28" />
      </word>
      <word id="j07-012-03-05" tag="AP" text="same">
        <cmp x="1696" y="1299" width="29" height="33" />
        <cmp x="1734" y="1304" width="34" height="29" />
        <cmp x="1776" y="1308" width="41" height="25" />
        <cmp x="1828" y="1306" width="30" height="29" />
      </word>
      <word id="j07-012-03-06" tag="JJ" text="thermal">
        <cmp x="1923" y="1283" width="31" height="41" />
        <cmp x="1952" y="1270" width="25" height="57" />
        <cmp x="1983" y="1303" width="18" height="26" />
        <cmp x="2011" y="1305" width="22" height="24" />
        <cmp x="2039" y="1305" width="43" height="28" />
        <cmp x="2094" y="1308" width="39" height="23" />
        <cmp x="2133" y="1285" width="29" height="49" />
      </word>
      <upper-contour>
        <point x="377" y="1186" />
        <point x="2164" y="1186" />
      </upper-contour>
      <lower-contour>
        <point x="377" y="1366" />
        <point x="2045" y="1366" />
      </lower-contour>
    </line>
    <line ass="827" asx="0" asy="1479" character-width="999" dss="827" dsx="0" dsy="1569" fd0="13285" fd1="3373" fd2="-40" filter-width="4" id="j07-012-04" lbs="844" lbx="0" lby="1536" segmentation="ok" slant="77000" stroke-width="6544" threshold="133" text="duty and pressure losses. The properties of" ubs="793" ubx="0" uby="1505">
      <word id="j07-012-04-00" tag="NN" text="duty">
        <cmp x="370" y="1478" width="88" height="50" />
        <cmp x="464" y="1477" width="58" height="84" />
      </word>
      <word id="j07-012-04-01" tag="CC" text="and">
        <cmp x="595" y="1498" width="85" height="28" />
        <cmp x="691" y="1476" width="48" height="48" />
      </word>
      <word id="j07-012-04-02" tag="NN" text="pressure">
        <cmp x="809" y="1498" width="33" height="44" />
        <cmp x="853" y="1493" width="31" height="29" />
        <cmp x="895" y="1492" width="29" height="30" />
        <cmp x="931" y="1491" width="27" height="32" />
        <cmp x="972" y="1491" width="42" height="26" />
        <cmp x="1019" y="1491" width="29" height="25" />
        <cmp x="1045" y="1490" width="31" height="37" />
      </word>
      <word id="j07-012-04-03" tag="NNS" text="losses">
        <cmp x="1134" y="1472" width="36" height="46" />
        <cmp x="1170" y="1493" width="28" height="23" />
        <cmp x="1208" y="1487" width="30" height="32" />
        <cmp x="1247" y="1489" width="30" height="31" />
        <cmp x="1281" y="1491" width="30" height="28" />
        <cmp x="1318" y="1486" width="27" height="32" />
      </word>
      <word id="j07-012-04-04" tag="." text=".">
        <cmp x="1383" y="1514" width="7" height="6" />
      </word>
      <word id="j07-012-04-05" sentence-start="yes" tag="ATI" text="The">
        <cmp x="1432" y="1477" width="41" height="38" />
        <cmp x="1473" y="1467" width="30" height="47" />
        <cmp x="1507" y="1488" width="30" height="27" />
      </word>
      <word id="j07-012-04-06" tag="NNS" text="properties">
        <cmp x="1593" y="1487" width="40" height="46" />
        <cmp x="1642" y="1482" width="21" height="30" />
        <cmp x="1661" y="1483" width="33" height="26" />
        <cmp x="1693" y="1482" width="36" height="49" />
        <cmp x="1732" y="1479" width="24" height="27" />
        <cmp x="1767" y="1478" width="20" height="27" />
        <cmp x="1805" y="1454" width="36" height="46" />
        <cmp x="1839" y="1458" width="6" height="9" />
        <cmp x="1847" y="1482" width="26" height="30" />
        <cmp x="1877" y="1479" width="30" height="31" />
      </word>
      <word id="j07-012-04-07" tag="INO" text="of">
        <cmp x="1967" y="1485" width="30" height="25" />
        <cmp x="2004" y="1468" width="39" height="62" />
      </word>
      <upper-contour>
        <point x="377" y="1366" />
        <point x="2045" y="1366" />
      </upper-contour>
      <lower-contour>
        <point x="368" y="1560" />
        <point x="2045" y="1560" />
      </lower-contour>
    </line>
    <line ass="716" asx="0" asy="1660" character-width="999" dss="716" dsx="0" dsy="1749" fd0="13414" fd1="3315" fd2="-472" filter-width="4" id="j07-012-05" lbs="559" lbx="0" lby="1715" segmentation="ok" slant="89000" stroke-width="6340" threshold="131" text="compact form, low weight, and design flexibility" ubs="1028" ubx="0" uby="1691">
      <word id="j07-012-05-00" tag="JJ" text="compact">
        <cmp x="358" y="1674" width="32" height="33" />
        <cmp x="391" y="1679" width="32" height="26" />
        <cmp x="439" y="1676" width="68" height="26" />
        <cmp x="509" y="1672" width="31" height="52" />
        <cmp x="548" y="1678" width="44" height="27" />
        <cmp x="592" y="1679" width="37" height="24" />
        <cmp x="631" y="1657" width="28" height="53" />
      </word>
      <word id="j07-012-05-01" tag="NN" text="form">
        <cmp x="724" y="1660" width="26" height="71" />
        <cmp x="752" y="1679" width="27" height="28" />
        <cmp x="795" y="1677" width="21" height="26" />
        <cmp x="827" y="1675" width="45" height="30" />
      </word>
      <word id="j07-012-05-02" tag="," text=",">
        <cmp x="902" y="1690" width="10" height="23" />
      </word>
      <word id="j07-012-05-03" tag="JJ" text="low">
        <cmp x="962" y="1654" width="25" height="49" />
        <cmp x="987" y="1679" width="24" height="28" />
        <cmp x="1031" y="1676" width="46" height="31" />
      </word>
      <word id="j07-012-05-04" tag="NN" text="weight">
        <cmp x="1123" y="1665" width="50" height="39" />
        <cmp x="1179" y="1673" width="40" height="28" />
        <cmp x="1212" y="1657" width="7" height="10" />
        <cmp x="1224" y="1670" width="34" height="64" />
        <cmp x="1264" y="1653" width="28" height="47" />
        <cmp x="1303" y="1650" width="27" height="46" />
      </word>
      <word id="j07-012-05-05" tag="," text=",">
        <cmp x="1355" y="1681" width="8" height="26" />
      </word>
      <word id="j07-012-05-06" tag="CC" text="and">
        <cmp x="1425" y="1663" width="81" height="30" />
        <cmp x="1512" y="1642" width="41" height="53" />
      </word>
      <word id="j07-012-05-07" tag="NN" text="design">
        <cmp x="1610" y="1646" width="38" height="47" />
        <cmp x="1656" y="1668" width="26" height="32" />
        <cmp x="1691" y="1661" width="29" height="37" />
        <cmp x="1734" y="1668" width="9" height="25" />
        <cmp x="1735" y="1648" width="7" height="8" />
        <cmp x="1751" y="1665" width="31" height="56" />
        <cmp x="1790" y="1660" width="32" height="32" />
      </word>
      <word id="j07-012-05-08" tag="NN" text="flexibility">
        <cmp x="1881" y="1642" width="36" height="69" />
        <cmp x="1915" y="1647" width="28" height="39" />
        <cmp x="1945" y="1665" width="28" height="28" />
        <cmp x="1976" y="1658" width="42" height="32" />
        <cmp x="2015" y="1662" width="12" height="25" />
        <cmp x="2026" y="1641" width="7" height="7" />
        <cmp x="2038" y="1642" width="32" height="45" />
        <cmp x="2071" y="1658" width="14" height="29" />
        <cmp x="2081" y="1636" width="6" height="9" />
        <cmp x="2098" y="1643" width="23" height="42" />
        <cmp x="2122" y="1664" width="12" height="24" />
        <cmp x="2131" y="1645" width="6" height="7" />
        <cmp x="2142" y="1636" width="28" height="51" />
        <cmp x="2154" y="1655" width="48" height="62" />
      </word>
      <upper-contour>
        <point x="368" y="1560" />
        <point x="2045" y="1560" />
      </upper-contour>
      <lower-contour>
        <point x="358" y="1734" />
        <point x="2026" y="1734" />
      </lower-contour>
    </line>
    <line ass="629" asx="0" asy="1829" character-width="999" dss="629" dsx="0" dsy="1940" fd0="12669" fd1="2921" fd2="-615" filter-width="4" id="j07-012-06" lbs="596" lbx="0" lby="1893" segmentation="ok" slant="84000" stroke-width="6471" threshold="134" text="thus developed found ready application on a" ubs="694" ubx="0" uby="1863">
      <word id="j07-012-06-00" tag="RB" text="thus">
        <cmp x="360" y="1832" width="26" height="54" />
        <cmp x="387" y="1828" width="23" height="61" />
        <cmp x="421" y="1854" width="28" height="29" />
        <cmp x="453" y="1851" width="24" height="38" />
      </word>
      <word id="j07-012-06-01" tag="VBD" text="developed">
        <cmp x="543" y="1862" width="20" height="22" />
        <cmp x="565" y="1827" width="8" height="59" />
        <cmp x="581" y="1861" width="26" height="27" />
        <cmp x="617" y="1854" width="30" height="31" />
        <cmp x="649" y="1856" width="24" height="28" />
        <cmp x="681" y="1832" width="28" height="54" />
        <cmp x="712" y="1856" width="29" height="28" />
        <cmp x="751" y="1855" width="30" height="50" />
        <cmp x="785" y="1851" width="33" height="29" />
        <cmp x="817" y="1823" width="35" height="60" />
      </word>
      <word id="j07-012-06-02" tag="VBD" text="found">
        <cmp x="921" y="1830" width="27" height="71" />
        <cmp x="960" y="1856" width="30" height="30" />
        <cmp x="1003" y="1854" width="36" height="30" />
        <cmp x="1048" y="1854" width="29" height="25" />
        <cmp x="1091" y="1819" width="31" height="58" />
      </word>
      <word id="j07-012-06-03" tag="JJ" text="ready">
        <cmp x="1176" y="1840" width="37" height="37" />
        <cmp x="1213" y="1851" width="45" height="25" />
        <cmp x="1258" y="1827" width="89" height="99" />
      </word>
      <word id="j07-012-06-04" tag="NN" text="application">
        <cmp x="1419" y="1843" width="113" height="59" />
        <cmp x="1550" y="1826" width="31" height="44" />
        <cmp x="1587" y="1847" width="8" height="25" />
        <cmp x="1594" y="1823" width="7" height="14" />
        <cmp x="1617" y="1845" width="32" height="29" />
        <cmp x="1651" y="1843" width="40" height="32" />
        <cmp x="1700" y="1821" width="34" height="52" />
        <cmp x="1733" y="1828" width="5" height="9" />
        <cmp x="1747" y="1845" width="26" height="30" />
        <cmp x="1784" y="1841" width="28" height="32" />
      </word>
      <word id="j07-012-06-05" tag="IN" text="on">
        <cmp x="1862" y="1849" width="31" height="27" />
        <cmp x="1900" y="1845" width="39" height="28" />
      </word>
      <word id="j07-012-06-06" tag="AT" text="a">
        <cmp x="1977" y="1850" width="48" height="24" />
      </word>
      <upper-contour>
        <point x="358" y="1734" />
        <point x="2026" y="1734" />
      </upper-contour>
      <lower-contour>
        <point x="383" y="1927" />
        <point x="2026" y="1927" />
      </lower-contour>
    </line>
    <line ass="733" asx="0" asy="2012" character-width="999" dss="733" dsx="0" dsy="2102" fd0="13317" fd1="3292" fd2="-381" filter-width="4" id="j07-012-07" lbs="771" lbx="0" lby="2071" segmentation="ok" slant="90000" stroke-width="6332" threshold="134" text="much larger scale with the introduction of tonnage" ubs="658" ubx="0" uby="2040">
      <word id="j07-012-07-00" tag="RB" text="much">
        <cmp x="385" y="2036" width="43" height="33" />
        <cmp x="437" y="2033" width="32" height="29" />
        <cmp x="482" y="2034" width="21" height="28" />
        <cmp x="504" y="2007" width="26" height="55" />
      </word>
      <word id="j07-012-07-01" tag="JJR" text="larger">
        <cmp x="599" y="2009" width="26" height="53" />
        <cmp x="630" y="2033" width="37" height="27" />
        <cmp x="671" y="2031" width="20" height="30" />
        <cmp x="697" y="2027" width="48" height="57" />
        <cmp x="762" y="2027" width="21" height="34" />
      </word>
      <word id="j07-012-07-02" tag="NN" text="scale">
        <cmp x="849" y="2031" width="28" height="27" />
        <cmp x="888" y="2034" width="32" height="26" />
        <cmp x="927" y="2039" width="41" height="23" />
        <cmp x="977" y="2010" width="61" height="53" />
      </word>
      <word id="j07-012-07-03" tag="IN" text="with">
        <cmp x="1103" y="2027" width="40" height="27" />
        <cmp x="1146" y="2013" width="7" height="9" />
        <cmp x="1152" y="2030" width="10" height="22" />
        <cmp x="1167" y="2008" width="57" height="48" />
      </word>
      <word id="j07-012-07-04" tag="ATI" text="the">
        <cmp x="1281" y="2010" width="28" height="42" />
        <cmp x="1313" y="2005" width="26" height="47" />
        <cmp x="1346" y="2026" width="30" height="22" />
      </word>
      <word id="j07-012-07-05" tag="NN" text="introduction">
        <cmp x="1426" y="2002" width="7" height="8" />
        <cmp x="1434" y="2021" width="9" height="26" />
        <cmp x="1448" y="2021" width="29" height="23" />
        <cmp x="1490" y="2001" width="45" height="48" />
        <cmp x="1535" y="2020" width="25" height="29" />
        <cmp x="1566" y="2000" width="34" height="54" />
        <cmp x="1613" y="2026" width="42" height="26" />
        <cmp x="1664" y="2024" width="27" height="25" />
        <cmp x="1700" y="2003" width="34" height="47" />
        <cmp x="1723" y="2000" width="10" height="9" />
        <cmp x="1743" y="2019" width="28" height="27" />
        <cmp x="1774" y="2020" width="45" height="25" />
      </word>
      <word id="j07-012-07-06" tag="INO" text="of">
        <cmp x="1869" y="2022" width="31" height="25" />
        <cmp x="1899" y="2005" width="32" height="70" />
      </word>
      <word id="j07-012-07-07" tag="NN" text="tonnage">
        <cmp x="1991" y="1995" width="29" height="50" />
        <cmp x="2019" y="2017" width="26" height="27" />
        <cmp x="2054" y="2016" width="29" height="29" />
        <cmp x="2090" y="2017" width="24" height="30" />
        <cmp x="2120" y="2019" width="33" height="26" />
        <cmp x="2156" y="2017" width="31" height="57" />
        <cmp x="2195" y="2017" width="30" height="27" />
      </word>
      <upper-contour>
        <point x="383" y="1927" />
        <point x="2026" y="1927" />
      </upper-contour>
      <lower-contour>
        <point x="396" y="2083" />
        <point x="1459" y="2083" />
      </lower-contour>
    </line>
    <line ass="427" asx="0" asy="2188" character-width="999" dss="427" dsx="0" dsy="2274" fd0="13823" fd1="3507" fd2="6" filter-width="4" id="j07-012-08" lbs="504" lbx="0" lby="2244" segmentation="ok" slant="82000" stroke-width="6229" threshold="133" text="scale air separation plants." ubs="273" ubx="0" uby="2215">
      <word id="j07-012-08-00" tag="NN" text="scale">
        <cmp x="398" y="2206" width="24" height="36" />
        <cmp x="431" y="2210" width="35" height="31" />
        <cmp x="468" y="2216" width="39" height="26" />
        <cmp x="510" y="2192" width="28" height="47" />
        <cmp x="545" y="2212" width="34" height="28" />
      </word>
      <word id="j07-012-08-01" tag="NN" text="air">
        <cmp x="634" y="2218" width="41" height="25" />
        <cmp x="670" y="2195" width="7" height="10" />
        <cmp x="677" y="2220" width="12" height="22" />
        <cmp x="695" y="2215" width="27" height="27" />
      </word>
      <word id="j07-012-08-02" tag="NN" text="separation">
        <cmp x="785" y="2213" width="29" height="31" />
        <cmp x="821" y="2215" width="30" height="23" />
        <cmp x="854" y="2213" width="32" height="56" />
        <cmp x="898" y="2212" width="40" height="24" />
        <cmp x="946" y="2213" width="24" height="26" />
        <cmp x="972" y="2215" width="44" height="21" />
        <cmp x="1029" y="2183" width="31" height="51" />
        <cmp x="1058" y="2192" width="8" height="10" />
        <cmp x="1071" y="2210" width="32" height="27" />
        <cmp x="1111" y="2209" width="40" height="25" />
      </word>
      <word id="j07-012-08-03" tag="NNS" text="plants">
        <cmp x="1207" y="2208" width="31" height="51" />
        <cmp x="1249" y="2186" width="23" height="46" />
        <cmp x="1276" y="2213" width="41" height="22" />
        <cmp x="1325" y="2208" width="27" height="27" />
        <cmp x="1361" y="2181" width="22" height="56" />
        <cmp x="1395" y="2203" width="24" height="35" />
      </word>
      <word id="j07-012-08-04" tag="." text=".">
        <cmp x="1450" y="2221" width="7" height="9" />
      </word>
      <upper-contour>
        <point x="396" y="2083" />
        <point x="1459" y="2083" />
      </upper-contour>
    </line>
  </handwritten-part>
</form>

