<?xml version="1.0" encoding="ISO-8859-1"?>

<!DOCTYPE form SYSTEM 'http://www.iam.unibe.ch/~fki/iamdb/form-metadata.dtd'>

<form created="2002-04-11" height="3542" id="j07-000" last-modified="2002-07-17" skew="286" status="final" version="3.0_beta" width="2479" writer-id="393">
  <machine-printed-part>
    <machine-print-line text="This resulted in units of much lighter weight than could be obtained with tubular" />
    <machine-print-line text="constructions. The growth of the aircraft industry brought even greater emphasis to" />
    <machine-print-line text="the need for lightweight compact heat exchangers. During the 1930&apos;s, the secondary" />
    <machine-print-line text="surface plate-and-corrugation construction became established for aero-engine radia-" />
    <machine-print-line text="tors, using dip-soldered copper. The air and engine-coolant passages were separated" />
    <machine-print-line text="by flat plates." />
  </machine-printed-part>
  <handwritten-part>
    <line ass="41" asx="0" asy="731" character-width="999" dss="41" dsx="0" dsy="819" fd0="13482" fd1="3250" fd2="-631" filter-width="4" id="j07-000-00" lbs="55" lbx="0" lby="795" segmentation="ok" slant="75000" stroke-width="6114" threshold="136" text="This resulted in units of much lighter weight than could be" ubs="13" ubx="0" uby="763">
      <word id="j07-000-00-00" sentence-start="yes" tag="DT" text="This">
        <cmp x="348" y="750" width="57" height="46" />
        <cmp x="400" y="744" width="25" height="55" />
        <cmp x="433" y="770" width="9" height="24" />
        <cmp x="444" y="748" width="5" height="7" />
        <cmp x="449" y="758" width="29" height="34" />
      </word>
      <word id="j07-000-00-01" tag="VBD" text="resulted">
        <cmp x="526" y="760" width="45" height="33" />
        <cmp x="570" y="759" width="23" height="36" />
        <cmp x="607" y="760" width="44" height="35" />
        <cmp x="654" y="744" width="23" height="46" />
        <cmp x="680" y="742" width="52" height="49" />
        <cmp x="736" y="732" width="36" height="59" />
      </word>
      <word id="j07-000-00-02" tag="IN" text="in">
        <cmp x="792" y="775" width="11" height="20" />
        <cmp x="799" y="752" width="6" height="8" />
        <cmp x="814" y="769" width="23" height="30" />
      </word>
      <word id="j07-000-00-03" tag="NNS" text="units">
        <cmp x="887" y="768" width="31" height="27" />
        <cmp x="920" y="773" width="26" height="22" />
        <cmp x="956" y="776" width="9" height="22" />
        <cmp x="966" y="753" width="5" height="8" />
        <cmp x="972" y="755" width="49" height="45" />
      </word>
      <word id="j07-000-00-04" tag="INO" text="of">
        <cmp x="1063" y="757" width="56" height="57" />
      </word>
      <word id="j07-000-00-05" tag="RB" text="much">
        <cmp x="1138" y="767" width="46" height="29" />
        <cmp x="1192" y="769" width="25" height="29" />
        <cmp x="1222" y="770" width="25" height="25" />
        <cmp x="1246" y="733" width="27" height="62" />
      </word>
      <word id="j07-000-00-06" tag="JJR" text="lighter">
        <cmp x="1305" y="743" width="35" height="49" />
        <cmp x="1337" y="771" width="11" height="20" />
        <cmp x="1349" y="753" width="7" height="8" />
        <cmp x="1351" y="767" width="26" height="52" />
        <cmp x="1382" y="743" width="26" height="47" />
        <cmp x="1413" y="740" width="42" height="52" />
        <cmp x="1463" y="760" width="24" height="23" />
      </word>
      <word id="j07-000-00-07" tag="NN" text="weight">
        <cmp x="1513" y="757" width="36" height="33" />
        <cmp x="1557" y="760" width="28" height="27" />
        <cmp x="1588" y="760" width="6" height="26" />
        <cmp x="1591" y="743" width="7" height="7" />
        <cmp x="1604" y="759" width="27" height="54" />
        <cmp x="1640" y="739" width="26" height="49" />
        <cmp x="1677" y="743" width="23" height="45" />
      </word>
      <word id="j07-000-00-08" tag="CS" text="than">
        <cmp x="1724" y="745" width="27" height="41" />
        <cmp x="1749" y="745" width="22" height="44" />
        <cmp x="1781" y="766" width="36" height="24" />
        <cmp x="1825" y="761" width="27" height="31" />
      </word>
      <word id="j07-000-00-09" tag="MD" text="could">
        <cmp x="1883" y="761" width="53" height="33" />
        <cmp x="1939" y="767" width="37" height="28" />
        <cmp x="1981" y="750" width="23" height="44" />
        <cmp x="2005" y="734" width="39" height="59" />
      </word>
      <word id="j07-000-00-10" tag="BE" text="be">
        <cmp x="2079" y="742" width="67" height="51" />
      </word>
      <lower-contour>
        <point x="346" y="819" />
        <point x="2039" y="819" />
      </lower-contour>
    </line>
    <line ass="226" asx="0" asy="931" character-width="999" dss="226" dsx="0" dsy="1008" fd0="13611" fd1="3483" fd2="-478" filter-width="4" id="j07-000-01" lbs="264" lbx="0" lby="986" segmentation="ok" slant="75000" stroke-width="6170" threshold="136" text="obtained with tubular constructions. The growth of the" ubs="149" ubx="0" uby="955">
      <word id="j07-000-01-00" tag="VBN" text="obtained">
        <cmp x="340" y="953" width="31" height="31" />
        <cmp x="377" y="931" width="23" height="49" />
        <cmp x="404" y="932" width="28" height="50" />
        <cmp x="436" y="957" width="40" height="23" />
        <cmp x="484" y="939" width="5" height="7" />
        <cmp x="484" y="955" width="8" height="24" />
        <cmp x="499" y="954" width="29" height="29" />
        <cmp x="537" y="959" width="25" height="24" />
        <cmp x="573" y="932" width="36" height="50" />
      </word>
      <word id="j07-000-01-01" tag="IN" text="with">
        <cmp x="662" y="959" width="40" height="29" />
        <cmp x="706" y="963" width="12" height="24" />
        <cmp x="714" y="940" width="5" height="8" />
        <cmp x="728" y="942" width="23" height="47" />
        <cmp x="754" y="937" width="23" height="53" />
      </word>
      <word id="j07-000-01-02" tag="JJ" text="tubular">
        <cmp x="813" y="944" width="25" height="39" />
        <cmp x="845" y="957" width="33" height="29" />
        <cmp x="884" y="940" width="23" height="46" />
        <cmp x="916" y="960" width="38" height="25" />
        <cmp x="958" y="942" width="13" height="40" />
        <cmp x="972" y="961" width="34" height="23" />
        <cmp x="1013" y="957" width="28" height="26" />
      </word>
      <word id="j07-000-01-03" tag="NNS" text="constructions">
        <cmp x="1082" y="945" width="27" height="33" />
        <cmp x="1114" y="953" width="22" height="25" />
        <cmp x="1140" y="947" width="29" height="35" />
        <cmp x="1177" y="949" width="22" height="32" />
        <cmp x="1204" y="934" width="80" height="48" />
        <cmp x="1290" y="948" width="25" height="26" />
        <cmp x="1324" y="927" width="31" height="49" />
        <cmp x="1357" y="930" width="6" height="7" />
        <cmp x="1369" y="955" width="24" height="23" />
        <cmp x="1398" y="954" width="28" height="23" />
        <cmp x="1428" y="951" width="26" height="32" />
      </word>
      <word id="j07-000-01-04" tag="." text=".">
        <cmp x="1464" y="970" width="6" height="6" />
      </word>
      <word id="j07-000-01-05" sentence-start="yes" tag="ATI" text="The">
        <cmp x="1505" y="934" width="55" height="43" />
        <cmp x="1569" y="954" width="22" height="25" />
      </word>
      <word id="j07-000-01-06" tag="NN" text="growth">
        <cmp x="1627" y="954" width="62" height="49" />
        <cmp x="1696" y="951" width="25" height="24" />
        <cmp x="1726" y="950" width="44" height="29" />
        <cmp x="1774" y="935" width="22" height="42" />
        <cmp x="1796" y="931" width="25" height="52" />
      </word>
      <word id="j07-000-01-07" tag="INO" text="of">
        <cmp x="1863" y="955" width="23" height="21" />
        <cmp x="1889" y="936" width="31" height="59" />
      </word>
      <word id="j07-000-01-08" tag="ATI" text="the">
        <cmp x="1950" y="938" width="29" height="43" />
        <cmp x="1980" y="926" width="23" height="52" />
        <cmp x="2010" y="951" width="28" height="29" />
      </word>
      <upper-contour>
        <point x="346" y="819" />
        <point x="2039" y="819" />
      </upper-contour>
      <lower-contour>
        <point x="338" y="1005" />
        <point x="2039" y="1005" />
      </lower-contour>
    </line>
    <line ass="-73" asx="0" asy="1108" character-width="999" dss="-73" dsx="0" dsy="1197" fd0="12853" fd1="2932" fd2="-672" filter-width="4" id="j07-000-02" lbs="-39" lbx="0" lby="1164" segmentation="ok" slant="80000" stroke-width="6386" threshold="135" text="aircraft industry brought even greater emphasis to the need" ubs="-142" ubx="0" uby="1132">
      <word id="j07-000-02-00" tag="NN" text="aircraft">
        <cmp x="340" y="1135" width="44" height="29" />
        <cmp x="385" y="1135" width="8" height="27" />
        <cmp x="387" y="1121" width="7" height="7" />
        <cmp x="406" y="1135" width="21" height="27" />
        <cmp x="446" y="1132" width="27" height="30" />
        <cmp x="481" y="1133" width="54" height="29" />
        <cmp x="538" y="1118" width="26" height="68" />
        <cmp x="566" y="1121" width="22" height="48" />
      </word>
      <word id="j07-000-02-01" tag="NN" text="industry">
        <cmp x="642" y="1142" width="11" height="20" />
        <cmp x="644" y="1119" width="8" height="9" />
        <cmp x="666" y="1136" width="27" height="30" />
        <cmp x="697" y="1116" width="26" height="50" />
        <cmp x="733" y="1140" width="29" height="28" />
        <cmp x="771" y="1115" width="66" height="52" />
        <cmp x="840" y="1132" width="49" height="66" />
      </word>
      <word id="j07-000-02-02" tag="VBD" text="brought">
        <cmp x="948" y="1113" width="25" height="46" />
        <cmp x="979" y="1138" width="47" height="25" />
        <cmp x="1033" y="1131" width="32" height="29" />
        <cmp x="1067" y="1136" width="26" height="48" />
        <cmp x="1105" y="1112" width="24" height="49" />
        <cmp x="1137" y="1113" width="24" height="48" />
      </word>
      <word id="j07-000-02-03" tag="RB" text="even">
        <cmp x="1193" y="1132" width="26" height="28" />
        <cmp x="1228" y="1135" width="25" height="27" />
        <cmp x="1256" y="1130" width="20" height="32" />
        <cmp x="1283" y="1136" width="28" height="25" />
      </word>
      <word id="j07-000-02-04" tag="JJR" text="greater">
        <cmp x="1351" y="1135" width="85" height="51" />
        <cmp x="1443" y="1134" width="35" height="28" />
        <cmp x="1480" y="1121" width="45" height="45" />
        <cmp x="1531" y="1140" width="30" height="24" />
      </word>
      <word id="j07-000-02-05" tag="NN" text="emphasis">
        <cmp x="1594" y="1139" width="26" height="26" />
        <cmp x="1623" y="1139" width="55" height="25" />
        <cmp x="1679" y="1138" width="36" height="45" />
        <cmp x="1719" y="1121" width="25" height="46" />
        <cmp x="1750" y="1141" width="25" height="26" />
        <cmp x="1778" y="1140" width="25" height="26" />
        <cmp x="1807" y="1142" width="14" height="22" />
        <cmp x="1819" y="1127" width="6" height="9" />
        <cmp x="1820" y="1139" width="31" height="30" />
      </word>
      <word id="j07-000-02-06" tag="IN" text="to">
        <cmp x="1887" y="1117" width="49" height="44" />
      </word>
      <word id="j07-000-02-07" tag="ATI" text="the">
        <cmp x="1959" y="1118" width="28" height="38" />
        <cmp x="1985" y="1112" width="23" height="51" />
        <cmp x="2013" y="1134" width="24" height="27" />
      </word>
      <word id="j07-000-02-08" tag="NN" text="need">
        <cmp x="2068" y="1129" width="26" height="33" />
        <cmp x="2101" y="1138" width="24" height="24" />
        <cmp x="2127" y="1140" width="27" height="23" />
        <cmp x="2164" y="1115" width="42" height="53" />
      </word>
      <upper-contour>
        <point x="338" y="1005" />
        <point x="2039" y="1005" />
      </upper-contour>
      <lower-contour>
        <point x="354" y="1198" />
        <point x="2207" y="1198" />
      </lower-contour>
    </line>
    <line ass="712" asx="0" asy="1296" character-width="999" dss="712" dsx="0" dsy="1394" fd0="13259" fd1="3101" fd2="-748" filter-width="4" id="j07-000-03" lbs="782" lbx="0" lby="1357" segmentation="ok" slant="80000" stroke-width="6231" threshold="136" text="for lightweight compact heat exchangers. During the 1930&apos;s," ubs="573" ubx="0" uby="1323">
      <word id="j07-000-03-00" tag="IN" text="for">
        <cmp x="356" y="1303" width="25" height="59" />
        <cmp x="381" y="1319" width="27" height="24" />
        <cmp x="416" y="1316" width="27" height="25" />
      </word>
      <word id="j07-000-03-01" tag="JJ" text="lightweight">
        <cmp x="501" y="1291" width="47" height="51" />
        <cmp x="544" y="1301" width="10" height="9" />
        <cmp x="556" y="1317" width="27" height="55" />
        <cmp x="595" y="1298" width="23" height="51" />
        <cmp x="627" y="1298" width="24" height="44" />
        <cmp x="660" y="1314" width="34" height="30" />
        <cmp x="701" y="1312" width="37" height="31" />
        <cmp x="735" y="1302" width="7" height="14" />
        <cmp x="747" y="1312" width="27" height="54" />
        <cmp x="779" y="1295" width="25" height="49" />
        <cmp x="810" y="1296" width="26" height="47" />
      </word>
      <word id="j07-000-03-02" tag="JJ" text="compact">
        <cmp x="894" y="1311" width="53" height="30" />
        <cmp x="957" y="1308" width="87" height="52" />
        <cmp x="1054" y="1311" width="33" height="26" />
        <cmp x="1089" y="1309" width="32" height="26" />
        <cmp x="1125" y="1291" width="24" height="47" />
      </word>
      <word id="j07-000-03-03" tag="NN" text="heat">
        <cmp x="1184" y="1290" width="23" height="46" />
        <cmp x="1214" y="1313" width="27" height="28" />
        <cmp x="1246" y="1318" width="39" height="21" />
        <cmp x="1283" y="1289" width="27" height="53" />
      </word>
      <word id="j07-000-03-04" tag="NNS" text="exchangers">
        <cmp x="1353" y="1312" width="61" height="29" />
        <cmp x="1431" y="1282" width="55" height="57" />
        <cmp x="1488" y="1311" width="38" height="25" />
        <cmp x="1528" y="1313" width="36" height="25" />
        <cmp x="1569" y="1307" width="50" height="58" />
        <cmp x="1625" y="1308" width="19" height="21" />
        <cmp x="1644" y="1306" width="28" height="28" />
      </word>
      <word id="j07-000-03-05" tag="." text=".">
        <cmp x="1702" y="1330" width="6" height="8" />
      </word>
      <word id="j07-000-03-06" sentence-start="yes" tag="IN" text="During">
        <cmp x="1756" y="1300" width="28" height="40" />
        <cmp x="1787" y="1314" width="39" height="24" />
        <cmp x="1833" y="1314" width="29" height="25" />
        <cmp x="1858" y="1301" width="5" height="6" />
        <cmp x="1875" y="1311" width="29" height="28" />
        <cmp x="1906" y="1314" width="28" height="57" />
      </word>
      <word id="j07-000-03-07" tag="ATI" text="the">
        <cmp x="1977" y="1281" width="25" height="44" />
        <cmp x="1999" y="1279" width="22" height="49" />
        <cmp x="2023" y="1306" width="26" height="28" />
      </word>
      <word id="j07-000-03-08" tag="CDS" text="1930&apos;s">
        <cmp x="2085" y="1288" width="30" height="34" />
        <cmp x="2121" y="1291" width="23" height="41" />
        <cmp x="2153" y="1286" width="50" height="44" />
        <cmp x="2220" y="1287" width="8" height="20" />
        <cmp x="2224" y="1305" width="31" height="32" />
      </word>
      <word id="j07-000-03-09" tag="," text=",">
        <cmp x="2261" y="1326" width="14" height="27" />
      </word>
      <upper-contour>
        <point x="354" y="1198" />
        <point x="2207" y="1198" />
      </upper-contour>
      <lower-contour>
        <point x="354" y="1374" />
        <point x="2231" y="1374" />
      </lower-contour>
    </line>
    <line ass="554" asx="0" asy="1476" character-width="999" dss="554" dsx="0" dsy="1562" fd0="13360" fd1="3241" fd2="-570" filter-width="4" id="j07-000-04" lbs="593" lbx="0" lby="1533" segmentation="ok" slant="79000" stroke-width="6491" threshold="130" text="the secondary surface plate-and-corrugation construction" ubs="475" ubx="0" uby="1505">
      <word id="j07-000-04-00" tag="ATI" text="the">
        <cmp x="356" y="1480" width="45" height="49" />
        <cmp x="406" y="1505" width="24" height="23" />
      </word>
      <word id="j07-000-04-01" tag="JJ" text="secondary">
        <cmp x="484" y="1493" width="20" height="32" />
        <cmp x="506" y="1498" width="31" height="27" />
        <cmp x="537" y="1496" width="56" height="30" />
        <cmp x="604" y="1496" width="37" height="25" />
        <cmp x="643" y="1469" width="30" height="50" />
        <cmp x="675" y="1494" width="36" height="25" />
        <cmp x="719" y="1494" width="14" height="23" />
        <cmp x="731" y="1490" width="50" height="53" />
      </word>
      <word id="j07-000-04-02" tag="NN" text="surface">
        <cmp x="841" y="1493" width="24" height="30" />
        <cmp x="872" y="1498" width="35" height="31" />
        <cmp x="918" y="1503" width="19" height="22" />
        <cmp x="939" y="1481" width="35" height="64" />
        <cmp x="967" y="1501" width="33" height="23" />
        <cmp x="1010" y="1496" width="58" height="34" />
      </word>
      <word id="j07-000-04-03" tag="JJB" text="plate-and-corrugation">
        <cmp x="1120" y="1500" width="37" height="51" />
        <cmp x="1162" y="1480" width="24" height="44" />
        <cmp x="1185" y="1497" width="33" height="26" />
        <cmp x="1221" y="1477" width="51" height="46" />
        <cmp x="1294" y="1502" width="19" height="7" />
        <cmp x="1331" y="1495" width="62" height="23" />
        <cmp x="1398" y="1472" width="35" height="47" />
        <cmp x="1447" y="1501" width="22" height="6" />
        <cmp x="1497" y="1487" width="25" height="24" />
        <cmp x="1523" y="1495" width="24" height="24" />
        <cmp x="1554" y="1496" width="27" height="21" />
        <cmp x="1583" y="1494" width="27" height="24" />
        <cmp x="1615" y="1491" width="38" height="27" />
        <cmp x="1652" y="1491" width="32" height="55" />
        <cmp x="1690" y="1494" width="39" height="22" />
        <cmp x="1736" y="1477" width="31" height="40" />
        <cmp x="1767" y="1478" width="7" height="9" />
        <cmp x="1779" y="1491" width="27" height="25" />
        <cmp x="1813" y="1490" width="36" height="26" />
      </word>
      <word id="j07-000-04-04" tag="NN" text="construction">
        <cmp x="1900" y="1489" width="26" height="26" />
        <cmp x="1928" y="1492" width="27" height="22" />
        <cmp x="1958" y="1489" width="28" height="22" />
        <cmp x="1996" y="1467" width="94" height="45" />
        <cmp x="2093" y="1489" width="24" height="23" />
        <cmp x="2127" y="1465" width="30" height="46" />
        <cmp x="2155" y="1471" width="6" height="11" />
        <cmp x="2164" y="1485" width="26" height="27" />
        <cmp x="2191" y="1485" width="39" height="29" />
      </word>
      <upper-contour>
        <point x="354" y="1374" />
        <point x="2231" y="1374" />
      </upper-contour>
      <lower-contour>
        <point x="354" y="1551" />
        <point x="2057" y="1551" />
      </lower-contour>
    </line>
    <line ass="617" asx="0" asy="1656" character-width="999" dss="617" dsx="0" dsy="1753" fd0="13209" fd1="3281" fd2="-532" filter-width="4" id="j07-000-05" lbs="555" lbx="0" lby="1712" segmentation="ok" slant="86000" stroke-width="6375" threshold="128" text="became established for aero-engine radiators, using" ubs="742" ubx="0" uby="1690">
      <word id="j07-000-05-00" tag="VBD" text="became">
        <cmp x="354" y="1654" width="49" height="57" />
        <cmp x="419" y="1683" width="107" height="28" />
        <cmp x="534" y="1683" width="32" height="23" />
      </word>
      <word id="j07-000-05-01" tag="VBN" text="established">
        <cmp x="637" y="1686" width="26" height="20" />
        <cmp x="668" y="1678" width="29" height="30" />
        <cmp x="706" y="1662" width="57" height="45" />
        <cmp x="767" y="1656" width="24" height="50" />
        <cmp x="797" y="1662" width="29" height="41" />
        <cmp x="829" y="1684" width="9" height="20" />
        <cmp x="830" y="1662" width="7" height="10" />
        <cmp x="855" y="1676" width="24" height="28" />
        <cmp x="884" y="1649" width="26" height="53" />
        <cmp x="915" y="1678" width="23" height="24" />
        <cmp x="947" y="1645" width="39" height="53" />
      </word>
      <word id="j07-000-05-02" tag="IN" text="for">
        <cmp x="1020" y="1656" width="36" height="62" />
        <cmp x="1044" y="1679" width="27" height="23" />
        <cmp x="1072" y="1678" width="31" height="25" />
      </word>
      <word id="j07-000-05-03" tag="JJB" text="aero-engine">
        <cmp x="1134" y="1680" width="48" height="22" />
        <cmp x="1180" y="1677" width="28" height="23" />
        <cmp x="1217" y="1673" width="18" height="24" />
        <cmp x="1240" y="1673" width="28" height="28" />
        <cmp x="1280" y="1681" width="24" height="6" />
        <cmp x="1328" y="1676" width="60" height="24" />
        <cmp x="1389" y="1674" width="54" height="50" />
        <cmp x="1440" y="1654" width="6" height="8" />
        <cmp x="1453" y="1674" width="37" height="24" />
        <cmp x="1493" y="1674" width="27" height="26" />
      </word>
      <word id="j07-000-05-04" tag="NNS" text="radiators">
        <cmp x="1578" y="1670" width="22" height="26" />
        <cmp x="1599" y="1670" width="42" height="22" />
        <cmp x="1648" y="1644" width="43" height="52" />
        <cmp x="1694" y="1668" width="9" height="25" />
        <cmp x="1704" y="1651" width="6" height="6" />
        <cmp x="1712" y="1664" width="36" height="29" />
        <cmp x="1755" y="1643" width="17" height="52" />
        <cmp x="1773" y="1665" width="25" height="27" />
        <cmp x="1803" y="1669" width="20" height="22" />
        <cmp x="1828" y="1663" width="25" height="33" />
      </word>
      <word id="j07-000-05-05" tag="," text=",">
        <cmp x="1875" y="1679" width="11" height="25" />
      </word>
      <word id="j07-000-05-06" tag="VBG" text="using">
        <cmp x="1917" y="1667" width="30" height="25" />
        <cmp x="1951" y="1665" width="22" height="29" />
        <cmp x="1980" y="1668" width="14" height="27" />
        <cmp x="1987" y="1650" width="7" height="7" />
        <cmp x="2001" y="1663" width="22" height="30" />
        <cmp x="2025" y="1673" width="30" height="58" />
      </word>
      <upper-contour>
        <point x="354" y="1551" />
        <point x="2057" y="1551" />
      </upper-contour>
      <lower-contour>
        <point x="371" y="1736" />
        <point x="2057" y="1736" />
      </lower-contour>
    </line>
    <line ass="29" asx="0" asy="1826" character-width="999" dss="29" dsx="0" dsy="1915" fd0="13310" fd1="3069" fd2="-517" filter-width="4" id="j07-000-06" lbs="60" lbx="0" lby="1888" segmentation="ok" slant="90000" stroke-width="6342" threshold="133" text="dip-soldered copper. The air and engine-coolant passages" ubs="-33" ubx="0" uby="1859">
      <word id="j07-000-06-00" tag="JJ" text="dip-soldered">
        <cmp x="373" y="1839" width="55" height="51" />
        <cmp x="415" y="1847" width="7" height="13" />
        <cmp x="440" y="1862" width="29" height="46" />
        <cmp x="492" y="1871" width="20" height="7" />
        <cmp x="539" y="1862" width="20" height="29" />
        <cmp x="563" y="1865" width="28" height="25" />
        <cmp x="595" y="1844" width="21" height="43" />
        <cmp x="615" y="1839" width="30" height="48" />
        <cmp x="647" y="1860" width="25" height="26" />
        <cmp x="681" y="1861" width="45" height="27" />
        <cmp x="729" y="1827" width="29" height="61" />
      </word>
      <word id="j07-000-06-01" tag="NN" text="copper">
        <cmp x="801" y="1859" width="30" height="30" />
        <cmp x="836" y="1863" width="25" height="23" />
        <cmp x="864" y="1863" width="28" height="49" />
        <cmp x="896" y="1857" width="26" height="51" />
        <cmp x="926" y="1858" width="22" height="23" />
        <cmp x="953" y="1859" width="27" height="27" />
      </word>
      <word id="j07-000-06-02" tag="." text=".">
        <cmp x="998" y="1879" width="8" height="6" />
      </word>
      <word id="j07-000-06-03" sentence-start="yes" tag="ATI" text="The">
        <cmp x="1062" y="1844" width="37" height="35" />
        <cmp x="1105" y="1840" width="49" height="44" />
      </word>
      <word id="j07-000-06-04" tag="NN" text="air">
        <cmp x="1198" y="1858" width="65" height="28" />
        <cmp x="1251" y="1846" width="7" height="8" />
        <cmp x="1275" y="1855" width="30" height="29" />
      </word>
      <word id="j07-000-06-05" tag="CC" text="and">
        <cmp x="1343" y="1860" width="74" height="22" />
        <cmp x="1422" y="1834" width="29" height="52" />
      </word>
      <word id="j07-000-06-06" tag="JJB" text="engine-coolant">
        <cmp x="1505" y="1853" width="28" height="28" />
        <cmp x="1537" y="1855" width="29" height="25" />
        <cmp x="1574" y="1851" width="45" height="49" />
        <cmp x="1615" y="1832" width="7" height="13" />
        <cmp x="1633" y="1855" width="29" height="24" />
        <cmp x="1663" y="1854" width="27" height="28" />
        <cmp x="1699" y="1865" width="16" height="7" />
        <cmp x="1738" y="1856" width="61" height="28" />
        <cmp x="1800" y="1859" width="33" height="28" />
        <cmp x="1841" y="1841" width="29" height="43" />
        <cmp x="1865" y="1860" width="32" height="24" />
        <cmp x="1901" y="1863" width="36" height="24" />
        <cmp x="1942" y="1843" width="32" height="42" />
      </word>
      <word id="j07-000-06-07" tag="NNS" text="passages">
        <cmp x="2018" y="1864" width="44" height="50" />
        <cmp x="2065" y="1865" width="28" height="25" />
        <cmp x="2101" y="1861" width="30" height="29" />
        <cmp x="2134" y="1861" width="30" height="28" />
        <cmp x="2163" y="1864" width="39" height="23" />
        <cmp x="2202" y="1863" width="30" height="41" />
        <cmp x="2235" y="1863" width="27" height="23" />
        <cmp x="2273" y="1858" width="32" height="32" />
      </word>
      <upper-contour>
        <point x="371" y="1736" />
        <point x="2057" y="1736" />
      </upper-contour>
      <lower-contour>
        <point x="391" y="1912" />
        <point x="1425" y="1912" />
      </lower-contour>
    </line>
    <line ass="435" asx="0" asy="2019" character-width="999" dss="435" dsx="0" dsy="2093" fd0="12951" fd1="3157" fd2="-169" filter-width="4" id="j07-000-07" lbs="407" lbx="0" lby="2068" segmentation="ok" slant="72000" stroke-width="6592" threshold="132" text="were separated by flat plates." ubs="491" ubx="0" uby="2039">
      <word id="j07-000-07-00" tag="BED" text="were">
        <cmp x="393" y="2031" width="64" height="39" />
        <cmp x="465" y="2040" width="18" height="24" />
        <cmp x="486" y="2032" width="23" height="27" />
      </word>
      <word id="j07-000-07-01" tag="VBN" text="separated">
        <cmp x="570" y="2031" width="26" height="36" />
        <cmp x="597" y="2041" width="27" height="24" />
        <cmp x="629" y="2035" width="38" height="55" />
        <cmp x="675" y="2041" width="40" height="24" />
        <cmp x="722" y="2039" width="21" height="27" />
        <cmp x="752" y="2040" width="31" height="28" />
        <cmp x="789" y="2020" width="25" height="48" />
        <cmp x="816" y="2041" width="23" height="25" />
        <cmp x="843" y="2015" width="33" height="57" />
      </word>
      <word id="j07-000-07-02" tag="IN" text="by">
        <cmp x="940" y="2013" width="25" height="48" />
        <cmp x="972" y="2033" width="36" height="54" />
      </word>
      <word id="j07-000-07-03" tag="JJ" text="flat">
        <cmp x="1052" y="2016" width="51" height="65" />
        <cmp x="1103" y="2033" width="41" height="26" />
        <cmp x="1144" y="2015" width="29" height="45" />
      </word>
      <word id="j07-000-07-04" tag="NNS" text="plates">
        <cmp x="1214" y="2027" width="36" height="53" />
        <cmp x="1255" y="2012" width="33" height="45" />
        <cmp x="1278" y="2034" width="43" height="23" />
        <cmp x="1324" y="2015" width="24" height="41" />
        <cmp x="1342" y="2034" width="26" height="24" />
        <cmp x="1376" y="2030" width="22" height="30" />
      </word>
      <word id="j07-000-07-05" tag="." text=".">
        <cmp x="1418" y="2056" width="7" height="7" />
      </word>
      <upper-contour>
        <point x="391" y="1912" />
        <point x="1425" y="1912" />
      </upper-contour>
    </line>
  </handwritten-part>
</form>

