<?xml version="1.0" encoding="ISO-8859-1"?>

<!DOCTYPE form SYSTEM 'http://www.iam.unibe.ch/~fki/iamdb/form-metadata.dtd'>

<form created="2002-04-11" height="3542" id="j07-009" last-modified="2002-07-17" skew="254" status="final" version="3.0_beta" width="2479" writer-id="393">
  <machine-printed-part>
    <machine-print-line text="This development coincided with the introduction of pressurized aircraft cabins and" />
    <machine-print-line text="the demand for air-to-air cabin coolers. Although in this case the heat transfer co-" />
    <machine-print-line text="efficients on the two sides of the heat exchanger were of comparable magnitude, the" />
    <machine-print-line text="use of secondary surface was still attractive, since the greater part of the surface area" />
    <machine-print-line text="could be made up of fins only 0.006 in. (0.15 mm.) thick." />
  </machine-printed-part>
  <handwritten-part>
    <line ass="210" asx="0" asy="745" character-width="999" dss="210" dsx="0" dsy="823" fd0="13102" fd1="3461" fd2="-486" filter-width="4" id="j07-009-00" lbs="176" lbx="0" lby="800" segmentation="ok" slant="85000" stroke-width="6232" threshold="135" text="This development coincided with the introduction of" ubs="278" ubx="0" uby="773">
      <word id="j07-009-00-00" sentence-start="yes" tag="DT" text="This">
        <cmp x="343" y="759" width="46" height="43" />
        <cmp x="393" y="752" width="26" height="51" />
        <cmp x="425" y="760" width="7" height="6" />
        <cmp x="427" y="778" width="7" height="24" />
        <cmp x="442" y="767" width="23" height="39" />
      </word>
      <word id="j07-009-00-01" tag="NN" text="development">
        <cmp x="510" y="745" width="35" height="53" />
        <cmp x="554" y="773" width="23" height="25" />
        <cmp x="588" y="774" width="24" height="27" />
        <cmp x="618" y="775" width="31" height="26" />
        <cmp x="659" y="745" width="20" height="56" />
        <cmp x="682" y="776" width="26" height="24" />
        <cmp x="717" y="772" width="25" height="49" />
        <cmp x="753" y="766" width="40" height="32" />
        <cmp x="798" y="771" width="23" height="26" />
        <cmp x="825" y="771" width="38" height="29" />
        <cmp x="863" y="748" width="33" height="47" />
      </word>
      <word id="j07-009-00-02" tag="VBD" text="coincided">
        <cmp x="963" y="768" width="26" height="28" />
        <cmp x="994" y="768" width="27" height="26" />
        <cmp x="1028" y="769" width="12" height="28" />
        <cmp x="1036" y="753" width="6" height="9" />
        <cmp x="1055" y="772" width="30" height="25" />
        <cmp x="1092" y="769" width="37" height="32" />
        <cmp x="1126" y="751" width="6" height="7" />
        <cmp x="1141" y="745" width="31" height="53" />
        <cmp x="1174" y="748" width="57" height="52" />
      </word>
      <word id="j07-009-00-03" tag="IN" text="with">
        <cmp x="1282" y="769" width="37" height="30" />
        <cmp x="1327" y="775" width="8" height="21" />
        <cmp x="1330" y="750" width="5" height="9" />
        <cmp x="1340" y="758" width="22" height="38" />
        <cmp x="1365" y="753" width="25" height="46" />
      </word>
      <word id="j07-009-00-04" tag="ATI" text="the">
        <cmp x="1422" y="758" width="25" height="36" />
        <cmp x="1447" y="746" width="25" height="51" />
        <cmp x="1479" y="769" width="21" height="24" />
      </word>
      <word id="j07-009-00-05" tag="NN" text="introduction">
        <cmp x="1540" y="771" width="7" height="18" />
        <cmp x="1542" y="750" width="6" height="9" />
        <cmp x="1560" y="767" width="29" height="25" />
        <cmp x="1585" y="741" width="50" height="51" />
        <cmp x="1634" y="747" width="55" height="47" />
        <cmp x="1694" y="771" width="34" height="24" />
        <cmp x="1729" y="769" width="27" height="23" />
        <cmp x="1757" y="749" width="29" height="44" />
        <cmp x="1781" y="748" width="7" height="8" />
        <cmp x="1791" y="768" width="25" height="25" />
        <cmp x="1823" y="768" width="32" height="26" />
      </word>
      <word id="j07-009-00-06" tag="INO" text="of">
        <cmp x="1904" y="767" width="26" height="25" />
        <cmp x="1927" y="753" width="33" height="64" />
      </word>
      <lower-contour>
        <point x="356" y="820" />
        <point x="1962" y="820" />
      </lower-contour>
    </line>
    <line ass="395" asx="0" asy="931" character-width="999" dss="395" dsx="0" dsy="1003" fd0="13674" fd1="3463" fd2="-173" filter-width="4" id="j07-009-01" lbs="435" lbx="0" lby="988" segmentation="ok" slant="75000" stroke-width="6407" threshold="134" text="pressurized aircraft cabins and the demand for air-to-air" ubs="315" ubx="0" uby="961">
      <word id="j07-009-01-00" tag="JJ" text="pressurized">
        <cmp x="358" y="950" width="26" height="51" />
        <cmp x="391" y="951" width="29" height="28" />
        <cmp x="437" y="946" width="20" height="35" />
        <cmp x="459" y="952" width="24" height="34" />
        <cmp x="493" y="958" width="37" height="25" />
        <cmp x="534" y="955" width="23" height="26" />
        <cmp x="559" y="955" width="8" height="23" />
        <cmp x="566" y="938" width="6" height="6" />
        <cmp x="579" y="954" width="28" height="28" />
        <cmp x="614" y="959" width="25" height="23" />
        <cmp x="641" y="927" width="35" height="54" />
      </word>
      <word id="j07-009-01-01" tag="NN" text="aircraft">
        <cmp x="723" y="957" width="39" height="22" />
        <cmp x="766" y="957" width="10" height="22" />
        <cmp x="768" y="937" width="9" height="7" />
        <cmp x="784" y="956" width="21" height="22" />
        <cmp x="807" y="955" width="27" height="25" />
        <cmp x="841" y="953" width="25" height="27" />
        <cmp x="865" y="941" width="67" height="55" />
        <cmp x="933" y="936" width="25" height="43" />
      </word>
      <word id="j07-009-01-02" tag="NNS" text="cabins">
        <cmp x="993" y="948" width="67" height="33" />
        <cmp x="1062" y="931" width="30" height="49" />
        <cmp x="1101" y="958" width="8" height="22" />
        <cmp x="1102" y="938" width="7" height="9" />
        <cmp x="1118" y="955" width="25" height="26" />
        <cmp x="1147" y="950" width="27" height="36" />
      </word>
      <word id="j07-009-01-03" tag="CC" text="and">
        <cmp x="1213" y="955" width="63" height="24" />
        <cmp x="1284" y="928" width="30" height="51" />
      </word>
      <word id="j07-009-01-04" tag="ATI" text="the">
        <cmp x="1348" y="934" width="31" height="37" />
        <cmp x="1376" y="928" width="26" height="49" />
        <cmp x="1406" y="955" width="23" height="24" />
      </word>
      <word id="j07-009-01-05" tag="NN" text="demand">
        <cmp x="1464" y="927" width="40" height="50" />
        <cmp x="1506" y="952" width="22" height="22" />
        <cmp x="1535" y="950" width="38" height="30" />
        <cmp x="1589" y="953" width="42" height="24" />
        <cmp x="1633" y="948" width="32" height="25" />
        <cmp x="1669" y="925" width="30" height="48" />
      </word>
      <word id="j07-009-01-06" tag="IN" text="for">
        <cmp x="1745" y="936" width="49" height="54" />
        <cmp x="1802" y="943" width="25" height="28" />
      </word>
      <word id="j07-009-01-07" tag="JJB" text="air-to-air">
        <cmp x="1876" y="949" width="41" height="27" />
        <cmp x="1917" y="949" width="9" height="18" />
        <cmp x="1919" y="930" width="7" height="7" />
        <cmp x="1936" y="948" width="20" height="21" />
        <cmp x="1964" y="956" width="24" height="7" />
        <cmp x="2001" y="931" width="23" height="40" />
        <cmp x="2025" y="949" width="28" height="24" />
        <cmp x="2069" y="958" width="21" height="6" />
        <cmp x="2100" y="950" width="34" height="25" />
        <cmp x="2137" y="953" width="11" height="22" />
        <cmp x="2140" y="933" width="6" height="9" />
        <cmp x="2158" y="946" width="27" height="30" />
      </word>
      <upper-contour>
        <point x="356" y="820" />
        <point x="1962" y="820" />
      </upper-contour>
      <lower-contour>
        <point x="368" y="995" />
        <point x="2168" y="995" />
      </lower-contour>
    </line>
    <line ass="302" asx="0" asy="1111" character-width="999" dss="302" dsx="0" dsy="1190" fd0="13321" fd1="3271" fd2="-98" filter-width="4" id="j07-009-02" lbs="289" lbx="0" lby="1162" segmentation="ok" slant="84000" stroke-width="6212" threshold="135" text="cabin coolers. Although in this case the heat transfer" ubs="330" ubx="0" uby="1137">
      <word id="j07-009-02-00" tag="NN" text="cabin">
        <cmp x="370" y="1136" width="28" height="24" />
        <cmp x="397" y="1139" width="42" height="20" />
        <cmp x="436" y="1115" width="29" height="46" />
        <cmp x="466" y="1114" width="9" height="8" />
        <cmp x="472" y="1138" width="12" height="19" />
        <cmp x="492" y="1135" width="35" height="19" />
      </word>
      <word id="j07-009-02-01" tag="NNS" text="coolers">
        <cmp x="576" y="1129" width="35" height="29" />
        <cmp x="613" y="1134" width="28" height="23" />
        <cmp x="644" y="1129" width="25" height="25" />
        <cmp x="678" y="1114" width="45" height="46" />
        <cmp x="734" y="1133" width="18" height="23" />
        <cmp x="757" y="1126" width="26" height="35" />
      </word>
      <word id="j07-009-02-02" tag="." text=".">
        <cmp x="817" y="1154" width="7" height="6" />
      </word>
      <word id="j07-009-02-03" sentence-start="yes" tag="CS" text="Although">
        <cmp x="857" y="1123" width="30" height="36" />
        <cmp x="897" y="1117" width="22" height="46" />
        <cmp x="926" y="1117" width="28" height="42" />
        <cmp x="953" y="1114" width="25" height="52" />
        <cmp x="988" y="1133" width="60" height="24" />
        <cmp x="1052" y="1132" width="31" height="53" />
        <cmp x="1096" y="1106" width="27" height="48" />
      </word>
      <word id="j07-009-02-04" tag="IN" text="in">
        <cmp x="1174" y="1122" width="5" height="7" />
        <cmp x="1176" y="1134" width="7" height="21" />
        <cmp x="1199" y="1131" width="35" height="25" />
      </word>
      <word id="j07-009-02-05" tag="DT" text="this">
        <cmp x="1265" y="1116" width="32" height="40" />
        <cmp x="1300" y="1110" width="25" height="48" />
        <cmp x="1333" y="1137" width="6" height="18" />
        <cmp x="1337" y="1118" width="5" height="9" />
        <cmp x="1352" y="1129" width="29" height="30" />
      </word>
      <word id="j07-009-02-06" tag="NN" text="case">
        <cmp x="1425" y="1130" width="27" height="26" />
        <cmp x="1457" y="1131" width="37" height="21" />
        <cmp x="1506" y="1121" width="23" height="33" />
        <cmp x="1536" y="1130" width="29" height="24" />
      </word>
      <word id="j07-009-02-07" tag="ATI" text="the">
        <cmp x="1622" y="1113" width="25" height="44" />
        <cmp x="1647" y="1106" width="27" height="44" />
        <cmp x="1681" y="1127" width="24" height="29" />
      </word>
      <word id="j07-009-02-08" tag="NN" text="heat">
        <cmp x="1738" y="1106" width="30" height="46" />
        <cmp x="1778" y="1124" width="61" height="27" />
        <cmp x="1841" y="1108" width="25" height="41" />
      </word>
      <word id="j07-009-02-09" tag="NN" text="transfer">
        <cmp x="1910" y="1107" width="54" height="47" />
        <cmp x="1968" y="1129" width="30" height="23" />
        <cmp x="2005" y="1128" width="21" height="23" />
        <cmp x="2036" y="1123" width="28" height="30" />
        <cmp x="2071" y="1109" width="28" height="50" />
        <cmp x="2099" y="1127" width="26" height="23" />
        <cmp x="2137" y="1122" width="30" height="28" />
      </word>
      <upper-contour>
        <point x="368" y="995" />
        <point x="2168" y="995" />
      </upper-contour>
      <lower-contour>
        <point x="371" y="1185" />
        <point x="2100" y="1185" />
      </lower-contour>
    </line>
    <line ass="543" asx="0" asy="1291" character-width="999" dss="543" dsx="0" dsy="1378" fd0="13094" fd1="3093" fd2="-192" filter-width="4" id="j07-009-03" lbs="545" lbx="0" lby="1349" segmentation="ok" slant="84000" stroke-width="6333" threshold="136" text="coefficients on the two sides of the heat exchanger" ubs="541" ubx="0" uby="1322">
      <word id="j07-009-03-00" tag="NNS" text="coefficients">
        <cmp x="373" y="1319" width="29" height="31" />
        <cmp x="404" y="1324" width="32" height="24" />
        <cmp x="446" y="1321" width="27" height="25" />
        <cmp x="483" y="1301" width="56" height="56" />
        <cmp x="547" y="1319" width="7" height="17" />
        <cmp x="549" y="1296" width="8" height="8" />
        <cmp x="575" y="1310" width="40" height="28" />
        <cmp x="602" y="1291" width="9" height="6" />
        <cmp x="625" y="1314" width="22" height="26" />
        <cmp x="654" y="1317" width="35" height="23" />
        <cmp x="687" y="1293" width="28" height="47" />
        <cmp x="708" y="1314" width="35" height="28" />
      </word>
      <word id="j07-009-03-01" tag="IN" text="on">
        <cmp x="785" y="1317" width="32" height="26" />
        <cmp x="825" y="1313" width="38" height="27" />
      </word>
      <word id="j07-009-03-02" tag="ATI" text="the">
        <cmp x="912" y="1297" width="29" height="39" />
        <cmp x="945" y="1291" width="27" height="44" />
        <cmp x="976" y="1313" width="26" height="28" />
      </word>
      <word id="j07-009-03-03" tag="CD" text="two">
        <cmp x="1049" y="1287" width="31" height="51" />
        <cmp x="1082" y="1309" width="37" height="25" />
        <cmp x="1121" y="1307" width="29" height="28" />
      </word>
      <word id="j07-009-03-04" tag="NNS" text="sides">
        <cmp x="1201" y="1307" width="21" height="27" />
        <cmp x="1233" y="1290" width="9" height="6" />
        <cmp x="1239" y="1310" width="10" height="21" />
        <cmp x="1263" y="1286" width="34" height="48" />
        <cmp x="1296" y="1312" width="23" height="23" />
        <cmp x="1324" y="1307" width="28" height="34" />
      </word>
      <word id="j07-009-03-05" tag="INO" text="of">
        <cmp x="1395" y="1311" width="22" height="24" />
        <cmp x="1421" y="1294" width="32" height="61" />
      </word>
      <word id="j07-009-03-06" tag="ATI" text="the">
        <cmp x="1482" y="1293" width="25" height="43" />
        <cmp x="1511" y="1290" width="27" height="45" />
        <cmp x="1541" y="1311" width="26" height="25" />
      </word>
      <word id="j07-009-03-07" tag="NN" text="heat">
        <cmp x="1615" y="1288" width="29" height="45" />
        <cmp x="1650" y="1306" width="23" height="25" />
        <cmp x="1671" y="1308" width="42" height="22" />
        <cmp x="1715" y="1282" width="22" height="49" />
      </word>
      <word id="j07-009-03-08" tag="NN" text="exchanger">
        <cmp x="1792" y="1303" width="75" height="33" />
        <cmp x="1870" y="1275" width="50" height="56" />
        <cmp x="1928" y="1311" width="32" height="24" />
        <cmp x="1968" y="1310" width="29" height="23" />
        <cmp x="2003" y="1306" width="53" height="54" />
        <cmp x="2070" y="1303" width="28" height="29" />
      </word>
      <upper-contour>
        <point x="371" y="1185" />
        <point x="2100" y="1185" />
      </upper-contour>
      <lower-contour>
        <point x="382" y="1356" />
        <point x="1974" y="1356" />
      </lower-contour>
    </line>
    <line ass="401" asx="0" asy="1471" character-width="999" dss="401" dsx="0" dsy="1561" fd0="13041" fd1="3021" fd2="9" filter-width="4" id="j07-009-04" lbs="349" lbx="0" lby="1522" segmentation="ok" slant="90000" stroke-width="6509" threshold="133" text="were of comparable magnitude, the use of" ubs="505" ubx="0" uby="1499">
      <word id="j07-009-04-00" tag="BED" text="were">
        <cmp x="384" y="1491" width="39" height="29" />
        <cmp x="430" y="1490" width="30" height="31" />
        <cmp x="465" y="1493" width="20" height="22" />
        <cmp x="488" y="1491" width="37" height="31" />
      </word>
      <word id="j07-009-04-01" tag="INO" text="of">
        <cmp x="576" y="1496" width="33" height="24" />
        <cmp x="614" y="1476" width="28" height="60" />
      </word>
      <word id="j07-009-04-02" tag="JJ" text="comparable">
        <cmp x="707" y="1494" width="31" height="27" />
        <cmp x="740" y="1495" width="31" height="23" />
        <cmp x="777" y="1497" width="73" height="21" />
        <cmp x="853" y="1492" width="32" height="51" />
        <cmp x="890" y="1494" width="44" height="23" />
        <cmp x="939" y="1489" width="27" height="25" />
        <cmp x="973" y="1488" width="43" height="26" />
        <cmp x="1020" y="1465" width="27" height="47" />
        <cmp x="1050" y="1465" width="25" height="47" />
        <cmp x="1077" y="1482" width="29" height="32" />
      </word>
      <word id="j07-009-04-03" tag="NN" text="magnitude">
        <cmp x="1185" y="1492" width="48" height="26" />
        <cmp x="1244" y="1489" width="36" height="26" />
        <cmp x="1288" y="1487" width="73" height="66" />
        <cmp x="1365" y="1493" width="8" height="25" />
        <cmp x="1369" y="1475" width="6" height="9" />
        <cmp x="1388" y="1468" width="55" height="44" />
        <cmp x="1454" y="1464" width="33" height="46" />
        <cmp x="1485" y="1485" width="24" height="26" />
      </word>
      <word id="j07-009-04-04" tag="," text=",">
        <cmp x="1549" y="1500" width="8" height="20" />
      </word>
      <word id="j07-009-04-05" tag="ATI" text="the">
        <cmp x="1584" y="1470" width="59" height="47" />
        <cmp x="1659" y="1488" width="31" height="31" />
      </word>
      <word id="j07-009-04-06" tag="NN" text="use">
        <cmp x="1751" y="1487" width="42" height="26" />
        <cmp x="1797" y="1476" width="25" height="35" />
        <cmp x="1829" y="1483" width="31" height="24" />
      </word>
      <word id="j07-009-04-07" tag="INO" text="of">
        <cmp x="1913" y="1470" width="59" height="62" />
      </word>
      <upper-contour>
        <point x="382" y="1356" />
        <point x="1974" y="1356" />
      </upper-contour>
      <lower-contour>
        <point x="382" y="1553" />
        <point x="1974" y="1553" />
      </lower-contour>
    </line>
    <line ass="274" asx="0" asy="1647" character-width="999" dss="274" dsx="0" dsy="1735" fd0="13440" fd1="3608" fd2="-47" filter-width="4" id="j07-009-05" lbs="251" lbx="0" lby="1700" segmentation="ok" slant="79000" stroke-width="6364" threshold="129" text="secondary surface was still attractive, since the" ubs="319" ubx="0" uby="1673">
      <word id="j07-009-05-00" tag="JJ" text="secondary">
        <cmp x="367" y="1662" width="27" height="37" />
        <cmp x="399" y="1671" width="31" height="29" />
        <cmp x="448" y="1668" width="29" height="34" />
        <cmp x="481" y="1674" width="29" height="20" />
        <cmp x="519" y="1670" width="37" height="27" />
        <cmp x="562" y="1646" width="36" height="50" />
        <cmp x="605" y="1670" width="39" height="26" />
        <cmp x="648" y="1675" width="21" height="22" />
        <cmp x="676" y="1671" width="35" height="60" />
      </word>
      <word id="j07-009-05-01" tag="NN" text="surface">
        <cmp x="780" y="1668" width="22" height="32" />
        <cmp x="818" y="1672" width="36" height="27" />
        <cmp x="866" y="1670" width="18" height="23" />
        <cmp x="898" y="1655" width="31" height="68" />
        <cmp x="926" y="1674" width="38" height="24" />
        <cmp x="975" y="1670" width="34" height="28" />
        <cmp x="1010" y="1671" width="31" height="27" />
      </word>
      <word id="j07-009-05-02" tag="BEDZ" text="was">
        <cmp x="1100" y="1668" width="44" height="30" />
        <cmp x="1148" y="1665" width="60" height="32" />
      </word>
      <word id="j07-009-05-03" tag="RB" text="still">
        <cmp x="1248" y="1663" width="30" height="31" />
        <cmp x="1280" y="1643" width="33" height="46" />
        <cmp x="1311" y="1641" width="6" height="8" />
        <cmp x="1331" y="1651" width="47" height="44" />
      </word>
      <word id="j07-009-05-04" tag="JJ" text="attractive">
        <cmp x="1435" y="1667" width="40" height="25" />
        <cmp x="1476" y="1647" width="37" height="47" />
        <cmp x="1527" y="1668" width="28" height="27" />
        <cmp x="1557" y="1666" width="36" height="25" />
        <cmp x="1600" y="1666" width="33" height="25" />
        <cmp x="1638" y="1645" width="69" height="51" />
        <cmp x="1668" y="1653" width="8" height="8" />
        <cmp x="1709" y="1665" width="26" height="31" />
      </word>
      <word id="j07-009-05-05" tag="," text=",">
        <cmp x="1780" y="1677" width="13" height="20" />
      </word>
      <word id="j07-009-05-06" tag="CS" text="since">
        <cmp x="1829" y="1660" width="29" height="31" />
        <cmp x="1866" y="1667" width="9" height="21" />
        <cmp x="1875" y="1647" width="5" height="9" />
        <cmp x="1888" y="1661" width="29" height="27" />
        <cmp x="1929" y="1663" width="46" height="33" />
      </word>
      <word id="j07-009-05-07" tag="ATI" text="the">
        <cmp x="2023" y="1646" width="27" height="43" />
        <cmp x="2051" y="1639" width="25" height="50" />
        <cmp x="2084" y="1665" width="26" height="30" />
      </word>
      <upper-contour>
        <point x="382" y="1553" />
        <point x="1974" y="1553" />
      </upper-contour>
      <lower-contour>
        <point x="365" y="1730" />
        <point x="2111" y="1730" />
      </lower-contour>
    </line>
    <line ass="331" asx="0" asy="1825" character-width="999" dss="331" dsx="0" dsy="1910" fd0="12580" fd1="2976" fd2="66" filter-width="4" id="j07-009-06" lbs="314" lbx="0" lby="1881" segmentation="ok" slant="85000" stroke-width="6530" threshold="132" text="greater part of the surface area could be made up" ubs="366" ubx="0" uby="1856">
      <word id="j07-009-06-00" tag="JJR" text="greater">
        <cmp x="358" y="1848" width="90" height="59" />
        <cmp x="456" y="1850" width="38" height="26" />
        <cmp x="495" y="1823" width="39" height="50" />
        <cmp x="537" y="1854" width="25" height="21" />
      </word>
      <word id="j07-009-06-01" tag="NN" text="part">
        <cmp x="604" y="1852" width="33" height="43" />
        <cmp x="646" y="1855" width="35" height="24" />
        <cmp x="692" y="1852" width="15" height="27" />
        <cmp x="712" y="1833" width="29" height="46" />
      </word>
      <word id="j07-009-06-02" tag="INO" text="of">
        <cmp x="803" y="1849" width="31" height="31" />
        <cmp x="835" y="1837" width="26" height="65" />
      </word>
      <word id="j07-009-06-03" tag="ATI" text="the">
        <cmp x="898" y="1837" width="27" height="39" />
        <cmp x="929" y="1832" width="26" height="46" />
        <cmp x="961" y="1850" width="31" height="23" />
      </word>
      <word id="j07-009-06-04" tag="NN" text="surface">
        <cmp x="1054" y="1844" width="29" height="37" />
        <cmp x="1093" y="1847" width="40" height="27" />
        <cmp x="1143" y="1849" width="27" height="23" />
        <cmp x="1186" y="1826" width="34" height="60" />
        <cmp x="1216" y="1851" width="37" height="23" />
        <cmp x="1262" y="1845" width="32" height="30" />
        <cmp x="1295" y="1847" width="28" height="25" />
      </word>
      <word id="j07-009-06-05" tag="NN" text="area">
        <cmp x="1382" y="1846" width="37" height="25" />
        <cmp x="1428" y="1848" width="27" height="22" />
        <cmp x="1455" y="1842" width="29" height="29" />
        <cmp x="1491" y="1844" width="45" height="27" />
      </word>
      <word id="j07-009-06-06" tag="MD" text="could">
        <cmp x="1599" y="1842" width="26" height="24" />
        <cmp x="1629" y="1849" width="25" height="23" />
        <cmp x="1659" y="1846" width="48" height="28" />
        <cmp x="1706" y="1828" width="16" height="45" />
        <cmp x="1726" y="1826" width="39" height="48" />
      </word>
      <word id="j07-009-06-07" tag="BE" text="be">
        <cmp x="1800" y="1826" width="30" height="43" />
        <cmp x="1833" y="1845" width="37" height="24" />
      </word>
      <word id="j07-009-06-08" tag="VBN" text="made">
        <cmp x="1923" y="1840" width="51" height="30" />
        <cmp x="1981" y="1843" width="37" height="28" />
        <cmp x="2022" y="1823" width="33" height="44" />
        <cmp x="2059" y="1846" width="23" height="27" />
      </word>
      <word id="j07-009-06-09" tag="RP" text="up">
        <cmp x="2121" y="1850" width="39" height="24" />
        <cmp x="2154" y="1844" width="33" height="50" />
      </word>
      <upper-contour>
        <point x="365" y="1730" />
        <point x="2111" y="1730" />
      </upper-contour>
      <lower-contour>
        <point x="363" y="1906" />
        <point x="1895" y="1906" />
      </lower-contour>
    </line>
    <line ass="296" asx="0" asy="2007" character-width="999" dss="296" dsx="0" dsy="2093" fd0="13547" fd1="3549" fd2="588" filter-width="4" id="j07-009-07" lbs="380" lbx="0" lby="2065" segmentation="ok" slant="90000" stroke-width="6439" threshold="134" text="of fins only 0.006 in. (0.15 mm.) thick." ubs="128" ubx="0" uby="2037">
      <word id="j07-009-07-00" tag="INO" text="of">
        <cmp x="365" y="2017" width="57" height="67" />
      </word>
      <word id="j07-009-07-01" tag="NNS" text="fins">
        <cmp x="478" y="2021" width="42" height="61" />
        <cmp x="506" y="2014" width="7" height="9" />
        <cmp x="532" y="2033" width="33" height="29" />
        <cmp x="574" y="2030" width="26" height="31" />
      </word>
      <word id="j07-009-07-02" tag="RB" text="only">
        <cmp x="667" y="2034" width="25" height="23" />
        <cmp x="699" y="2035" width="35" height="22" />
        <cmp x="746" y="2009" width="74" height="81" />
      </word>
      <word id="j07-009-07-03" tag="CD" text="0.006">
        <cmp x="920" y="2019" width="35" height="37" />
        <cmp x="971" y="2047" width="7" height="7" />
        <cmp x="991" y="2024" width="38" height="34" />
        <cmp x="1033" y="2025" width="32" height="34" />
        <cmp x="1076" y="2020" width="36" height="45" />
      </word>
      <word id="j07-009-07-04" tag="NNU" text="in.">
        <cmp x="1151" y="2015" width="8" height="11" />
        <cmp x="1154" y="2033" width="20" height="26" />
        <cmp x="1179" y="2029" width="30" height="30" />
        <cmp x="1234" y="2050" width="7" height="8" />
      </word>
      <word id="j07-009-07-05" tag="(" text="(">
        <cmp x="1283" y="2017" width="17" height="47" />
      </word>
      <word id="j07-009-07-06" tag="CD" text="0.15">
        <cmp x="1330" y="2026" width="32" height="32" />
        <cmp x="1379" y="2051" width="6" height="8" />
        <cmp x="1406" y="2026" width="27" height="29" />
        <cmp x="1436" y="2027" width="51" height="37" />
      </word>
      <word id="j07-009-07-07" tag="NNU" text="mm.">
        <cmp x="1514" y="2032" width="42" height="26" />
        <cmp x="1562" y="2031" width="45" height="26" />
        <cmp x="1631" y="2047" width="7" height="7" />
      </word>
      <word id="j07-009-07-08" tag=")" text=")">
        <cmp x="1657" y="2001" width="17" height="55" />
      </word>
      <word id="j07-009-07-09" tag="JJ" text="thick">
        <cmp x="1712" y="2006" width="32" height="41" />
        <cmp x="1743" y="2000" width="27" height="53" />
        <cmp x="1781" y="2031" width="11" height="23" />
        <cmp x="1787" y="2012" width="6" height="8" />
        <cmp x="1805" y="2032" width="20" height="22" />
        <cmp x="1825" y="1998" width="36" height="62" />
      </word>
      <word id="j07-009-07-10" tag="." text=".">
        <cmp x="1886" y="2050" width="8" height="7" />
      </word>
      <upper-contour>
        <point x="363" y="1906" />
        <point x="1895" y="1906" />
      </upper-contour>
    </line>
  </handwritten-part>
</form>

