<?xml version="1.0" encoding="ISO-8859-1"?>

<!DOCTYPE form SYSTEM 'http://www.iam.unibe.ch/~fki/iamdb/form-metadata.dtd'>

<form created="2002-01-24" height="3542" id="k01-051" last-modified="2002-07-17" skew="-95" status="final" version="3.0_beta" width="2479" writer-id="417">
  <machine-printed-part>
    <machine-print-line text="Though that was not quite the phrase, for even if he could succeed Sir Charles he" />
    <machine-print-line text="would, as an executive, be eternally differentiated from the Governors. Fairbanks" />
    <machine-print-line text="managed the Governors beautifully, he knew more than they, he was cleverer than" />
    <machine-print-line text="most, discreetly used their Christian names - but remained their servant. They had no" />
    <machine-print-line text="office hours, however elastic; their lives were spent in committee making decisions for" />
    <machine-print-line text="others to execute on the basis of data laboriously gathered for them; they moved from" />
    <machine-print-line text="board-room to board-room, encountering a succession of new pencils, clean towels," />
    <machine-print-line text="institutional crystal and silver, protein-rich lunches, immaculate agendas, able slaves." />
  </machine-printed-part>
  <handwritten-part>
    <line ass="-208" asx="0" asy="950" character-width="999" dss="-208" dsx="0" dsy="1050" fd0="14647" fd1="3022" fd2="561" filter-width="3" id="k01-051-00" lbs="-189" lbx="0" lby="1010" segmentation="ok" slant="66999" stroke-width="5024" threshold="175" text="Though that was not quite the phrase, for even" ubs="-245" ubx="0" uby="989">
      <word id="k01-051-00-00" sentence-start="yes" tag="CS" text="Though">
        <cmp x="404" y="953" width="43" height="10" />
        <cmp x="412" y="966" width="15" height="34" />
        <cmp x="437" y="960" width="31" height="51" />
        <cmp x="479" y="990" width="52" height="20" />
        <cmp x="532" y="993" width="26" height="57" />
        <cmp x="568" y="966" width="37" height="46" />
      </word>
      <word id="k01-051-00-01" tag="DT" text="that">
        <cmp x="697" y="960" width="52" height="58" />
        <cmp x="759" y="996" width="28" height="20" />
        <cmp x="802" y="967" width="18" height="42" />
      </word>
      <word id="k01-051-00-02" tag="BEDZ" text="was">
        <cmp x="895" y="993" width="35" height="26" />
        <cmp x="938" y="996" width="51" height="20" />
      </word>
      <word id="k01-051-00-03" tag="XNOT" text="not">
        <cmp x="1069" y="992" width="26" height="21" />
        <cmp x="1105" y="995" width="18" height="19" />
        <cmp x="1134" y="964" width="22" height="51" />
      </word>
      <word id="k01-051-00-04" tag="ABL" text="quite">
        <cmp x="1235" y="996" width="23" height="59" />
        <cmp x="1265" y="997" width="46" height="21" />
        <cmp x="1311" y="976" width="4" height="6" />
        <cmp x="1323" y="968" width="42" height="49" />
      </word>
      <word id="k01-051-00-05" tag="ATI" text="the">
        <cmp x="1428" y="967" width="85" height="51" />
      </word>
      <word id="k01-051-00-06" tag="NN" text="phrase">
        <cmp x="1561" y="995" width="47" height="61" />
        <cmp x="1618" y="967" width="52" height="46" />
        <cmp x="1678" y="994" width="50" height="20" />
        <cmp x="1742" y="990" width="23" height="26" />
      </word>
      <word id="k01-051-00-07" tag="," text=",">
        <cmp x="1812" y="1012" width="6" height="9" />
      </word>
      <word id="k01-051-00-08" tag="CS" text="for">
        <cmp x="1870" y="969" width="74" height="67" />
      </word>
      <word id="k01-051-00-09" tag="CS21" text="even">
        <cmp x="2010" y="989" width="53" height="23" />
        <cmp x="2071" y="993" width="57" height="22" />
      </word>
      <lower-contour>
        <point x="405" y="1056" />
        <point x="2070" y="1056" />
      </lower-contour>
    </line>
    <line ass="-192" asx="0" asy="1135" character-width="999" dss="-192" dsx="0" dsy="1216" fd0="14452" fd1="3041" fd2="509" filter-width="3" id="k01-051-01" lbs="-211" lbx="0" lby="1190" segmentation="ok" slant="64000" stroke-width="5023" threshold="177" text="if he could succeed Sir Charles he would, as" ubs="-156" ubx="0" uby="1169">
      <word id="k01-051-01-00" tag="CS22" text="if">
        <cmp x="407" y="1170" width="10" height="22" />
        <cmp x="423" y="1138" width="30" height="80" />
        <cmp x="426" y="1138" width="5" height="7" />
      </word>
      <word id="k01-051-01-01" tag="PP3A" text="he">
        <cmp x="524" y="1138" width="58" height="58" />
      </word>
      <word id="k01-051-01-02" tag="MD" text="could">
        <cmp x="661" y="1168" width="86" height="26" />
        <cmp x="758" y="1151" width="22" height="41" />
        <cmp x="780" y="1150" width="44" height="45" />
      </word>
      <word id="k01-051-01-03" tag="VB" text="succeed">
        <cmp x="907" y="1174" width="24" height="22" />
        <cmp x="943" y="1178" width="33" height="17" />
        <cmp x="987" y="1174" width="18" height="22" />
        <cmp x="1008" y="1172" width="72" height="24" />
        <cmp x="1091" y="1148" width="45" height="46" />
      </word>
      <word id="k01-051-01-04" tag="NPT" text="Sir">
        <cmp x="1235" y="1146" width="31" height="51" />
        <cmp x="1277" y="1159" width="4" height="8" />
        <cmp x="1278" y="1175" width="17" height="18" />
      </word>
      <word id="k01-051-01-05" tag="NP" text="Charles">
        <cmp x="1366" y="1146" width="56" height="52" />
        <cmp x="1430" y="1175" width="47" height="20" />
        <cmp x="1489" y="1154" width="66" height="42" />
      </word>
      <word id="k01-051-01-06" tag="PP3A" text="he">
        <cmp x="1632" y="1148" width="58" height="50" />
      </word>
      <word id="k01-051-01-07" tag="MD" text="would">
        <cmp x="1766" y="1174" width="34" height="22" />
        <cmp x="1811" y="1178" width="47" height="19" />
        <cmp x="1870" y="1158" width="23" height="39" />
        <cmp x="1890" y="1156" width="44" height="40" />
      </word>
      <word id="k01-051-01-08" tag="," text=",">
        <cmp x="1965" y="1192" width="8" height="18" />
      </word>
      <word id="k01-051-01-09" tag="IN" text="as">
        <cmp x="2015" y="1173" width="54" height="23" />
      </word>
      <upper-contour>
        <point x="405" y="1056" />
        <point x="2070" y="1056" />
      </upper-contour>
      <lower-contour>
        <point x="405" y="1219" />
        <point x="2070" y="1219" />
      </lower-contour>
    </line>
    <line ass="-88" asx="0" asy="1313" character-width="999" dss="-88" dsx="0" dsy="1415" fd0="14465" fd1="2672" fd2="-201" filter-width="3" id="k01-051-02" lbs="-68" lbx="0" lby="1371" segmentation="ok" slant="66000" stroke-width="4998" threshold="179" text="an executive, be eternally differentiated from" ubs="-129" ubx="0" uby="1347">
      <word id="k01-051-02-00" tag="AT" text="an">
        <cmp x="404" y="1348" width="68" height="24" />
      </word>
      <word id="k01-051-02-01" tag="NN" text="executive">
        <cmp x="546" y="1346" width="58" height="27" />
        <cmp x="618" y="1347" width="20" height="25" />
        <cmp x="653" y="1349" width="61" height="25" />
        <cmp x="734" y="1316" width="22" height="56" />
        <cmp x="764" y="1336" width="5" height="9" />
        <cmp x="775" y="1346" width="53" height="26" />
      </word>
      <word id="k01-051-02-02" tag="," text=",">
        <cmp x="875" y="1381" width="7" height="11" />
      </word>
      <word id="k01-051-02-03" tag="BE" text="be">
        <cmp x="957" y="1323" width="53" height="52" />
      </word>
      <word id="k01-051-02-04" tag="RB" text="eternally">
        <cmp x="1094" y="1347" width="23" height="26" />
        <cmp x="1130" y="1319" width="56" height="50" />
        <cmp x="1202" y="1356" width="27" height="15" />
        <cmp x="1245" y="1352" width="23" height="20" />
        <cmp x="1285" y="1325" width="60" height="51" />
        <cmp x="1344" y="1357" width="30" height="61" />
      </word>
      <word id="k01-051-02-05" tag="VBN" text="differentiated">
        <cmp x="1461" y="1325" width="47" height="48" />
        <cmp x="1513" y="1319" width="49" height="82" />
        <cmp x="1521" y="1323" width="6" height="11" />
        <cmp x="1565" y="1345" width="44" height="24" />
        <cmp x="1622" y="1348" width="55" height="23" />
        <cmp x="1691" y="1321" width="22" height="54" />
        <cmp x="1718" y="1341" width="6" height="8" />
        <cmp x="1735" y="1354" width="27" height="20" />
        <cmp x="1773" y="1320" width="36" height="54" />
        <cmp x="1825" y="1327" width="46" height="47" />
      </word>
      <word id="k01-051-02-06" tag="IN" text="from">
        <cmp x="1954" y="1326" width="40" height="56" />
        <cmp x="2001" y="1352" width="82" height="21" />
      </word>
      <upper-contour>
        <point x="405" y="1219" />
        <point x="2070" y="1219" />
      </upper-contour>
      <lower-contour>
        <point x="402" y="1418" />
        <point x="2084" y="1418" />
      </lower-contour>
    </line>
    <line ass="-207" asx="0" asy="1490" character-width="999" dss="-207" dsx="0" dsy="1598" fd0="14358" fd1="2564" fd2="-76" filter-width="3" id="k01-051-03" lbs="-340" lbx="0" lby="1544" segmentation="ok" slant="87999" stroke-width="4978" threshold="175" text="the Governors. Fairbanks managed the Governors" ubs="56" ubx="0" uby="1531">
      <word id="k01-051-03-00" tag="ATI" text="the">
        <cmp x="400" y="1498" width="78" height="55" />
      </word>
      <word id="k01-051-03-01" tag="NPTS" text="Governors">
        <cmp x="574" y="1502" width="42" height="99" />
        <cmp x="615" y="1531" width="20" height="22" />
        <cmp x="649" y="1530" width="64" height="19" />
        <cmp x="723" y="1534" width="29" height="16" />
        <cmp x="768" y="1530" width="47" height="20" />
        <cmp x="824" y="1531" width="28" height="23" />
      </word>
      <word id="k01-051-03-02" tag="." text=".">
        <cmp x="867" y="1547" width="6" height="5" />
      </word>
      <word id="k01-051-03-03" sentence-start="yes" tag="NP" text="Fairbanks">
        <cmp x="968" y="1495" width="57" height="7" />
        <cmp x="968" y="1508" width="36" height="45" />
        <cmp x="1010" y="1526" width="38" height="22" />
        <cmp x="1060" y="1509" width="6" height="7" />
        <cmp x="1063" y="1531" width="17" height="19" />
        <cmp x="1100" y="1499" width="35" height="54" />
        <cmp x="1140" y="1530" width="72" height="22" />
        <cmp x="1225" y="1505" width="31" height="47" />
        <cmp x="1242" y="1531" width="41" height="21" />
      </word>
      <word id="k01-051-03-04" tag="VBD" text="managed">
        <cmp x="1394" y="1529" width="45" height="23" />
        <cmp x="1450" y="1534" width="68" height="18" />
        <cmp x="1532" y="1530" width="31" height="18" />
        <cmp x="1565" y="1528" width="58" height="73" />
        <cmp x="1571" y="1591" width="3" height="3" />
        <cmp x="1638" y="1508" width="44" height="44" />
      </word>
      <word id="k01-051-03-05" tag="ATI" text="the">
        <cmp x="1766" y="1504" width="83" height="56" />
      </word>
      <word id="k01-051-03-06" tag="NPTS" text="Governors">
        <cmp x="1930" y="1497" width="59" height="96" />
        <cmp x="1978" y="1530" width="51" height="21" />
        <cmp x="2038" y="1525" width="39" height="24" />
        <cmp x="2091" y="1534" width="26" height="15" />
        <cmp x="2128" y="1531" width="42" height="21" />
        <cmp x="2174" y="1530" width="24" height="24" />
      </word>
      <upper-contour>
        <point x="402" y="1418" />
        <point x="2084" y="1418" />
      </upper-contour>
      <lower-contour>
        <point x="398" y="1602" />
        <point x="2115" y="1602" />
      </lower-contour>
    </line>
    <line ass="-146" asx="0" asy="1668" character-width="999" dss="-146" dsx="0" dsy="1772" fd0="14788" fd1="2631" fd2="480" filter-width="3" id="k01-051-04" lbs="-163" lbx="0" lby="1730" segmentation="ok" slant="64000" stroke-width="4892" threshold="180" text="beautifully, he knew more than they, he was" ubs="-112" ubx="0" uby="1707">
      <word id="k01-051-04-00" tag="RB" text="beautifully">
        <cmp x="398" y="1677" width="39" height="55" />
        <cmp x="449" y="1707" width="67" height="25" />
        <cmp x="540" y="1676" width="21" height="55" />
        <cmp x="571" y="1695" width="6" height="7" />
        <cmp x="572" y="1675" width="57" height="82" />
        <cmp x="645" y="1681" width="80" height="94" />
      </word>
      <word id="k01-051-04-01" tag="," text=",">
        <cmp x="761" y="1732" width="7" height="11" />
      </word>
      <word id="k01-051-04-02" tag="PP3A" text="he">
        <cmp x="846" y="1679" width="60" height="58" />
      </word>
      <word id="k01-051-04-03" tag="VBD" text="knew">
        <cmp x="996" y="1683" width="31" height="51" />
        <cmp x="1042" y="1715" width="27" height="17" />
        <cmp x="1084" y="1706" width="65" height="27" />
      </word>
      <word id="k01-051-04-04" tag="AP" text="more">
        <cmp x="1225" y="1711" width="45" height="21" />
        <cmp x="1284" y="1712" width="39" height="20" />
        <cmp x="1335" y="1706" width="24" height="27" />
      </word>
      <word id="k01-051-04-05" tag="IN" text="than">
        <cmp x="1440" y="1677" width="50" height="56" />
        <cmp x="1501" y="1708" width="75" height="26" />
      </word>
      <word id="k01-051-04-06" tag="PP3AS" text="they">
        <cmp x="1660" y="1673" width="58" height="58" />
        <cmp x="1723" y="1709" width="22" height="25" />
        <cmp x="1745" y="1713" width="35" height="60" />
      </word>
      <word id="k01-051-04-07" tag="," text=",">
        <cmp x="1815" y="1734" width="7" height="15" />
      </word>
      <word id="k01-051-04-08" tag="PP3A" text="he">
        <cmp x="1886" y="1682" width="59" height="53" />
      </word>
      <word id="k01-051-04-09" tag="BEDZ" text="was">
        <cmp x="2013" y="1708" width="39" height="29" />
        <cmp x="2064" y="1713" width="50" height="26" />
      </word>
      <upper-contour>
        <point x="398" y="1602" />
        <point x="2115" y="1602" />
      </upper-contour>
      <lower-contour>
        <point x="396" y="1775" />
        <point x="2115" y="1775" />
      </lower-contour>
    </line>
    <line ass="13" asx="0" asy="1855" character-width="999" dss="13" dsx="0" dsy="1951" fd0="14439" fd1="3083" fd2="291" filter-width="3" id="k01-051-05" lbs="29" lbx="0" lby="1911" segmentation="ok" slant="64000" stroke-width="4956" threshold="179" text="cleverer than most, discreetly used their Christian" ubs="-18" ubx="0" uby="1889">
      <word id="k01-051-05-00" tag="JJR" text="cleverer">
        <cmp x="389" y="1888" width="7" height="12" />
        <cmp x="389" y="1859" width="63" height="52" />
        <cmp x="461" y="1889" width="23" height="21" />
        <cmp x="493" y="1887" width="37" height="23" />
        <cmp x="540" y="1887" width="42" height="25" />
      </word>
      <word id="k01-051-05-01" tag="IN" text="than">
        <cmp x="667" y="1856" width="50" height="56" />
        <cmp x="730" y="1886" width="77" height="26" />
      </word>
      <word id="k01-051-05-02" tag="AP" text="most">
        <cmp x="877" y="1893" width="50" height="19" />
        <cmp x="938" y="1890" width="35" height="22" />
        <cmp x="995" y="1856" width="25" height="50" />
      </word>
      <word id="k01-051-05-03" tag="," text=",">
        <cmp x="1048" y="1905" width="8" height="18" />
      </word>
      <word id="k01-051-05-04" tag="RB" text="discreetly">
        <cmp x="1132" y="1865" width="45" height="52" />
        <cmp x="1183" y="1897" width="24" height="17" />
        <cmp x="1188" y="1869" width="6" height="9" />
        <cmp x="1230" y="1887" width="95" height="27" />
        <cmp x="1332" y="1861" width="78" height="91" />
      </word>
      <word id="k01-051-05-05" tag="VBD" text="used">
        <cmp x="1492" y="1890" width="57" height="21" />
        <cmp x="1561" y="1887" width="17" height="26" />
        <cmp x="1586" y="1867" width="47" height="48" />
      </word>
      <word id="k01-051-05-06" tag="PP$" text="their">
        <cmp x="1700" y="1860" width="89" height="51" />
        <cmp x="1794" y="1866" width="6" height="9" />
        <cmp x="1810" y="1889" width="14" height="18" />
      </word>
      <word id="k01-051-05-07" tag="JNP" text="Christian">
        <cmp x="1915" y="1857" width="64" height="56" />
        <cmp x="1980" y="1892" width="31" height="19" />
        <cmp x="2020" y="1868" width="5" height="8" />
        <cmp x="2027" y="1896" width="20" height="17" />
        <cmp x="2064" y="1860" width="25" height="51" />
        <cmp x="2096" y="1881" width="6" height="9" />
        <cmp x="2110" y="1890" width="30" height="21" />
        <cmp x="2148" y="1896" width="40" height="19" />
      </word>
      <upper-contour>
        <point x="396" y="1775" />
        <point x="2115" y="1775" />
      </upper-contour>
      <lower-contour>
        <point x="389" y="1952" />
        <point x="2189" y="1952" />
      </lower-contour>
    </line>
    <line ass="-25" asx="0" asy="2034" character-width="999" dss="-25" dsx="0" dsy="2143" fd0="14563" fd1="3002" fd2="705" filter-width="3" id="k01-051-06" lbs="-39" lbx="0" lby="2088" segmentation="ok" slant="63000" stroke-width="5001" threshold="177" text="names - but remained their servant. They had" ubs="2" ubx="0" uby="2069">
      <word id="k01-051-06-00" tag="NNS" text="names">
        <cmp x="391" y="2067" width="25" height="24" />
        <cmp x="428" y="2069" width="88" height="24" />
        <cmp x="531" y="2067" width="51" height="27" />
      </word>
      <word id="k01-051-06-01" tag="*-" text="-">
        <cmp x="651" y="2067" width="25" height="8" />
      </word>
      <word id="k01-051-06-02" tag="CC" text="but">
        <cmp x="760" y="2036" width="61" height="53" />
        <cmp x="841" y="2036" width="23" height="54" />
      </word>
      <word id="k01-051-06-03" tag="VBD" text="remained">
        <cmp x="940" y="2069" width="34" height="20" />
        <cmp x="991" y="2069" width="47" height="20" />
        <cmp x="1058" y="2068" width="30" height="21" />
        <cmp x="1098" y="2046" width="7" height="8" />
        <cmp x="1102" y="2076" width="29" height="15" />
        <cmp x="1147" y="2069" width="15" height="24" />
        <cmp x="1177" y="2041" width="52" height="50" />
      </word>
      <word id="k01-051-06-04" tag="PP$" text="their">
        <cmp x="1314" y="2036" width="54" height="52" />
        <cmp x="1384" y="2063" width="23" height="28" />
        <cmp x="1422" y="2046" width="5" height="6" />
        <cmp x="1427" y="2068" width="20" height="17" />
      </word>
      <word id="k01-051-06-05" tag="NN" text="servant">
        <cmp x="1525" y="2070" width="26" height="22" />
        <cmp x="1555" y="2067" width="50" height="25" />
        <cmp x="1618" y="2069" width="25" height="18" />
        <cmp x="1656" y="2069" width="68" height="20" />
        <cmp x="1741" y="2041" width="24" height="52" />
      </word>
      <word id="k01-051-06-06" tag="." text=".">
        <cmp x="1786" y="2087" width="6" height="5" />
      </word>
      <word id="k01-051-06-07" sentence-start="yes" tag="PP3AS" text="They">
        <cmp x="1867" y="2036" width="47" height="9" />
        <cmp x="1878" y="2045" width="17" height="34" />
        <cmp x="1905" y="2042" width="95" height="103" />
      </word>
      <word id="k01-051-06-08" tag="HVD" text="had">
        <cmp x="2077" y="2037" width="39" height="56" />
        <cmp x="2124" y="2073" width="24" height="19" />
        <cmp x="2162" y="2046" width="41" height="49" />
      </word>
      <upper-contour>
        <point x="389" y="1952" />
        <point x="2189" y="1952" />
      </upper-contour>
      <lower-contour>
        <point x="390" y="2144" />
        <point x="2202" y="2144" />
      </lower-contour>
    </line>
    <line ass="141" asx="0" asy="2209" character-width="999" dss="141" dsx="0" dsy="2299" fd0="14766" fd1="2906" fd2="426" filter-width="3" id="k01-051-07" lbs="165" lbx="0" lby="2274" segmentation="ok" slant="66000" stroke-width="4921" threshold="176" text="no office hours, however elastic; their lives were" ubs="92" ubx="0" uby="2250">
      <word id="k01-051-07-00" tag="ATI" text="no">
        <cmp x="392" y="2251" width="14" height="15" />
        <cmp x="421" y="2244" width="17" height="23" />
      </word>
      <word id="k01-051-07-01" tag="NN" text="office">
        <cmp x="527" y="2244" width="20" height="26" />
        <cmp x="554" y="2209" width="31" height="78" />
        <cmp x="562" y="2211" width="34" height="73" />
        <cmp x="599" y="2233" width="5" height="9" />
        <cmp x="612" y="2243" width="49" height="28" />
      </word>
      <word id="k01-051-07-02" tag="NNS" text="hours">
        <cmp x="767" y="2210" width="32" height="62" />
        <cmp x="812" y="2247" width="63" height="23" />
        <cmp x="887" y="2247" width="26" height="26" />
      </word>
      <word id="k01-051-07-03" tag="," text=",">
        <cmp x="959" y="2269" width="11" height="18" />
      </word>
      <word id="k01-051-07-04" tag="WRB" text="however">
        <cmp x="1051" y="2215" width="36" height="55" />
        <cmp x="1093" y="2246" width="18" height="21" />
        <cmp x="1126" y="2250" width="33" height="19" />
        <cmp x="1175" y="2244" width="54" height="24" />
        <cmp x="1241" y="2243" width="48" height="25" />
      </word>
      <word id="k01-051-07-05" tag="JJ" text="elastic">
        <cmp x="1357" y="2225" width="56" height="48" />
        <cmp x="1414" y="2253" width="54" height="21" />
        <cmp x="1490" y="2211" width="25" height="55" />
        <cmp x="1522" y="2241" width="5" height="6" />
        <cmp x="1531" y="2250" width="19" height="23" />
      </word>
      <word id="k01-051-07-06" tag=";" text=";">
        <cmp x="1588" y="2289" width="6" height="7" />
        <cmp x="1593" y="2273" width="12" height="15" />
        <cmp x="1598" y="2249" width="6" height="8" />
      </word>
      <word id="k01-051-07-07" tag="PP$" text="their">
        <cmp x="1692" y="2210" width="79" height="62" />
        <cmp x="1789" y="2252" width="20" height="17" />
        <cmp x="1790" y="2225" width="5" height="10" />
      </word>
      <word id="k01-051-07-08" tag="NNS" text="lives">
        <cmp x="1886" y="2218" width="37" height="48" />
        <cmp x="1932" y="2224" width="7" height="9" />
        <cmp x="1933" y="2248" width="24" height="16" />
        <cmp x="1968" y="2243" width="47" height="27" />
      </word>
      <word id="k01-051-07-09" tag="BED" text="were">
        <cmp x="2088" y="2247" width="32" height="21" />
        <cmp x="2129" y="2247" width="72" height="24" />
      </word>
      <upper-contour>
        <point x="390" y="2144" />
        <point x="2202" y="2144" />
      </upper-contour>
      <lower-contour>
        <point x="390" y="2297" />
        <point x="2156" y="2297" />
      </lower-contour>
    </line>
    <line ass="-296" asx="0" asy="2381" character-width="999" dss="-296" dsx="0" dsy="2495" fd0="14689" fd1="3214" fd2="584" filter-width="3" id="k01-051-08" lbs="-378" lbx="0" lby="2437" segmentation="ok" slant="71000" stroke-width="5007" threshold="173" text="spent in committee making decisions for others" ubs="-132" ubx="0" uby="2424">
      <word id="k01-051-08-00" tag="VBN" text="spent">
        <cmp x="387" y="2426" width="21" height="24" />
        <cmp x="411" y="2424" width="99" height="64" />
        <cmp x="535" y="2387" width="19" height="56" />
      </word>
      <word id="k01-051-08-01" tag="IN" text="in">
        <cmp x="637" y="2428" width="7" height="17" />
        <cmp x="649" y="2409" width="5" height="9" />
        <cmp x="651" y="2436" width="28" height="16" />
      </word>
      <word id="k01-051-08-02" tag="NN" text="committee">
        <cmp x="770" y="2422" width="14" height="25" />
        <cmp x="794" y="2426" width="19" height="22" />
        <cmp x="832" y="2429" width="51" height="16" />
        <cmp x="895" y="2432" width="58" height="14" />
        <cmp x="960" y="2406" width="5" height="7" />
        <cmp x="980" y="2396" width="19" height="48" />
        <cmp x="987" y="2389" width="73" height="62" />
      </word>
      <word id="k01-051-08-03" tag="VBG" text="making">
        <cmp x="1150" y="2427" width="51" height="20" />
        <cmp x="1211" y="2428" width="28" height="20" />
        <cmp x="1258" y="2392" width="36" height="55" />
        <cmp x="1309" y="2434" width="25" height="12" />
        <cmp x="1310" y="2407" width="5" height="7" />
        <cmp x="1341" y="2432" width="28" height="70" />
      </word>
      <word id="k01-051-08-04" tag="NNS" text="decisions">
        <cmp x="1465" y="2397" width="47" height="51" />
        <cmp x="1514" y="2424" width="20" height="24" />
        <cmp x="1519" y="2401" width="6" height="10" />
        <cmp x="1550" y="2426" width="25" height="22" />
        <cmp x="1588" y="2430" width="30" height="20" />
        <cmp x="1589" y="2399" width="5" height="9" />
        <cmp x="1630" y="2439" width="6" height="7" />
        <cmp x="1645" y="2407" width="5" height="8" />
        <cmp x="1658" y="2429" width="84" height="24" />
      </word>
      <word id="k01-051-08-05" tag="IN" text="for">
        <cmp x="1836" y="2455" width="3" height="8" />
        <cmp x="1839" y="2396" width="74" height="55" />
      </word>
      <word id="k01-051-08-06" tag="APS" text="others">
        <cmp x="1994" y="2426" width="18" height="23" />
        <cmp x="2015" y="2391" width="52" height="63" />
        <cmp x="2077" y="2428" width="43" height="22" />
        <cmp x="2131" y="2431" width="24" height="23" />
      </word>
      <upper-contour>
        <point x="390" y="2297" />
        <point x="2156" y="2297" />
      </upper-contour>
      <lower-contour>
        <point x="403" y="2503" />
        <point x="2121" y="2503" />
      </lower-contour>
    </line>
    <line ass="-210" asx="0" asy="2564" character-width="999" dss="-210" dsx="0" dsy="2661" fd0="14641" fd1="2614" fd2="493" filter-width="3" id="k01-051-09" lbs="-242" lbx="0" lby="2619" segmentation="ok" slant="66999" stroke-width="5070" threshold="175" text="to execute on the basis of data laboriously" ubs="-144" ubx="0" uby="2602">
      <word id="k01-051-09-00" tag="TO" text="to">
        <cmp x="405" y="2576" width="34" height="47" />
        <cmp x="407" y="2594" width="3" height="3" />
      </word>
      <word id="k01-051-09-01" tag="VB" text="execute">
        <cmp x="539" y="2599" width="60" height="26" />
        <cmp x="608" y="2599" width="22" height="23" />
        <cmp x="645" y="2599" width="70" height="24" />
        <cmp x="734" y="2570" width="46" height="56" />
      </word>
      <word id="k01-051-09-02" tag="IN" text="on">
        <cmp x="869" y="2603" width="65" height="23" />
      </word>
      <word id="k01-051-09-03" tag="ATI" text="the">
        <cmp x="1028" y="2573" width="81" height="59" />
      </word>
      <word id="k01-051-09-04" tag="NN" text="basis">
        <cmp x="1209" y="2577" width="29" height="50" />
        <cmp x="1239" y="2607" width="54" height="25" />
        <cmp x="1305" y="2613" width="5" height="6" />
        <cmp x="1310" y="2591" width="5" height="8" />
        <cmp x="1316" y="2609" width="32" height="19" />
      </word>
      <word id="k01-051-09-05" tag="INO" text="of">
        <cmp x="1438" y="2605" width="17" height="23" />
        <cmp x="1454" y="2581" width="33" height="75" />
      </word>
      <word id="k01-051-09-06" tag="NNS" text="data">
        <cmp x="1561" y="2577" width="46" height="52" />
        <cmp x="1605" y="2606" width="26" height="18" />
        <cmp x="1648" y="2579" width="44" height="49" />
      </word>
      <word id="k01-051-09-07" tag="RB" text="laboriously">
        <cmp x="1785" y="2570" width="57" height="55" />
        <cmp x="1860" y="2576" width="27" height="48" />
        <cmp x="1890" y="2606" width="49" height="20" />
        <cmp x="1946" y="2587" width="6" height="8" />
        <cmp x="1960" y="2606" width="84" height="21" />
        <cmp x="2068" y="2578" width="52" height="92" />
      </word>
      <upper-contour>
        <point x="403" y="2503" />
        <point x="2121" y="2503" />
      </upper-contour>
    </line>
  </handwritten-part>
</form>

