<?xml version="1.0" encoding="ISO-8859-1"?>

<!DOCTYPE form SYSTEM 'http://www.iam.unibe.ch/~fki/iamdb/form-metadata.dtd'>

<form created="2002-01-24" height="3542" id="k02-102" last-modified="2002-07-17" skew="-63" status="final" version="3.0_beta" width="2479" writer-id="428">
  <machine-printed-part>
    <machine-print-line text="There was still an ease in our conversation, but its scope was restricted. I felt that I" />
    <machine-print-line text="could hardly make the usual enquiries and comments about Nigel&apos;s various mistresses" />
    <machine-print-line text="as I was accustomed to whenever I saw him, much as I wondered which of his girls" />
    <machine-print-line text="was in favour at the moment. And I suppose he felt the same. We had only a few" />
    <machine-print-line text="drinks, then decided to bathe and dress for a rather early dinner." />
  </machine-printed-part>
  <handwritten-part>
    <line ass="-279" asx="0" asy="722" character-width="999" dss="-279" dsx="0" dsy="812" fd0="14108" fd1="3366" fd2="-544" filter-width="3" id="k02-102-00" lbs="-326" lbx="0" lby="778" segmentation="ok" slant="100000" stroke-width="5283" threshold="189" text="There was still an ease in our conversation, but its" ubs="-185" ubx="0" uby="749">
      <word id="k02-102-00-00" sentence-start="yes" tag="EX" text="There">
        <cmp x="345" y="725" width="46" height="7" />
        <cmp x="368" y="731" width="11" height="53" />
        <cmp x="396" y="733" width="36" height="49" />
        <cmp x="444" y="753" width="28" height="33" />
        <cmp x="470" y="756" width="25" height="23" />
        <cmp x="500" y="758" width="28" height="26" />
      </word>
      <word id="k02-102-00-01" tag="BEDZ" text="was">
        <cmp x="598" y="748" width="39" height="34" />
        <cmp x="647" y="752" width="28" height="28" />
        <cmp x="679" y="751" width="17" height="35" />
      </word>
      <word id="k02-102-00-02" tag="RB" text="still">
        <cmp x="762" y="745" width="20" height="37" />
        <cmp x="785" y="732" width="22" height="50" />
        <cmp x="806" y="732" width="5" height="7" />
        <cmp x="809" y="752" width="11" height="36" />
        <cmp x="823" y="731" width="12" height="50" />
        <cmp x="833" y="732" width="12" height="54" />
      </word>
      <word id="k02-102-00-03" tag="AT" text="an">
        <cmp x="926" y="752" width="32" height="32" />
        <cmp x="956" y="754" width="36" height="31" />
      </word>
      <word id="k02-102-00-04" tag="NN" text="ease">
        <cmp x="1037" y="751" width="83" height="38" />
        <cmp x="1123" y="751" width="37" height="32" />
      </word>
      <word id="k02-102-00-05" tag="IN" text="in">
        <cmp x="1194" y="749" width="9" height="30" />
        <cmp x="1196" y="730" width="6" height="6" />
        <cmp x="1210" y="753" width="31" height="27" />
      </word>
      <word id="k02-102-00-06" tag="PP$" text="our">
        <cmp x="1287" y="751" width="28" height="32" />
        <cmp x="1316" y="752" width="34" height="32" />
        <cmp x="1350" y="756" width="26" height="29" />
      </word>
      <word id="k02-102-00-07" tag="NN" text="conversation">
        <cmp x="1449" y="749" width="29" height="36" />
        <cmp x="1479" y="755" width="29" height="31" />
        <cmp x="1509" y="753" width="35" height="33" />
        <cmp x="1552" y="752" width="28" height="34" />
        <cmp x="1588" y="751" width="25" height="35" />
        <cmp x="1614" y="760" width="21" height="22" />
        <cmp x="1637" y="754" width="19" height="33" />
        <cmp x="1661" y="756" width="28" height="26" />
        <cmp x="1688" y="739" width="22" height="47" />
        <cmp x="1711" y="740" width="4" height="6" />
        <cmp x="1714" y="757" width="9" height="26" />
        <cmp x="1734" y="759" width="18" height="33" />
        <cmp x="1756" y="759" width="29" height="26" />
      </word>
      <word id="k02-102-00-08" tag="," text=",">
        <cmp x="1797" y="782" width="22" height="39" />
      </word>
      <word id="k02-102-00-09" tag="CC" text="but">
        <cmp x="1844" y="740" width="34" height="50" />
        <cmp x="1885" y="762" width="27" height="24" />
        <cmp x="1913" y="742" width="19" height="48" />
      </word>
      <word id="k02-102-00-10" tag="PP$" text="its">
        <cmp x="1977" y="739" width="4" height="6" />
        <cmp x="1978" y="742" width="35" height="51" />
        <cmp x="2009" y="751" width="21" height="38" />
      </word>
      <lower-contour>
        <point x="362" y="821" />
        <point x="2031" y="821" />
      </lower-contour>
    </line>
    <line ass="-324" asx="0" asy="902" character-width="999" dss="-324" dsx="0" dsy="996" fd0="13874" fd1="3213" fd2="-436" filter-width="3" id="k02-102-01" lbs="-331" lbx="0" lby="954" segmentation="ok" slant="104000" stroke-width="5346" threshold="189" text="scope was restricted. I felt that I could hardly make the" ubs="-309" ubx="0" uby="924">
      <word id="k02-102-01-00" tag="NN" text="scope">
        <cmp x="364" y="920" width="24" height="34" />
        <cmp x="391" y="925" width="36" height="32" />
        <cmp x="425" y="926" width="23" height="29" />
        <cmp x="452" y="926" width="24" height="63" />
        <cmp x="480" y="929" width="35" height="30" />
      </word>
      <word id="k02-102-01-01" tag="BEDZ" text="was">
        <cmp x="541" y="923" width="40" height="33" />
        <cmp x="588" y="927" width="32" height="32" />
        <cmp x="622" y="927" width="14" height="30" />
      </word>
      <word id="k02-102-01-02" tag="JJ" text="restricted">
        <cmp x="685" y="930" width="28" height="31" />
        <cmp x="714" y="935" width="20" height="28" />
        <cmp x="738" y="930" width="20" height="32" />
        <cmp x="761" y="914" width="52" height="45" />
        <cmp x="815" y="932" width="11" height="30" />
        <cmp x="833" y="929" width="30" height="32" />
        <cmp x="865" y="915" width="19" height="43" />
        <cmp x="890" y="918" width="57" height="44" />
      </word>
      <word id="k02-102-01-03" tag="." text=".">
        <cmp x="959" y="957" width="5" height="6" />
      </word>
      <word id="k02-102-01-04" sentence-start="yes" tag="PP1A" text="I">
        <cmp x="1003" y="916" width="13" height="48" />
      </word>
      <word id="k02-102-01-05" tag="VBD" text="felt">
        <cmp x="1048" y="914" width="26" height="61" />
        <cmp x="1080" y="917" width="36" height="44" />
        <cmp x="1116" y="921" width="22" height="43" />
      </word>
      <word id="k02-102-01-06" tag="CS" text="that">
        <cmp x="1178" y="916" width="22" height="47" />
        <cmp x="1199" y="918" width="37" height="43" />
        <cmp x="1238" y="936" width="24" height="25" />
        <cmp x="1258" y="919" width="16" height="41" />
      </word>
      <word id="k02-102-01-07" tag="PP1A" text="I">
        <cmp x="1319" y="914" width="9" height="50" />
      </word>
      <word id="k02-102-01-08" tag="MD" text="could">
        <cmp x="1386" y="930" width="25" height="35" />
        <cmp x="1419" y="934" width="24" height="29" />
        <cmp x="1444" y="934" width="32" height="26" />
        <cmp x="1481" y="919" width="13" height="41" />
        <cmp x="1506" y="919" width="28" height="43" />
      </word>
      <word id="k02-102-01-09" tag="RB" text="hardly">
        <cmp x="1585" y="916" width="39" height="47" />
        <cmp x="1627" y="933" width="29" height="30" />
        <cmp x="1655" y="939" width="27" height="21" />
        <cmp x="1682" y="921" width="32" height="45" />
        <cmp x="1713" y="922" width="13" height="44" />
        <cmp x="1728" y="936" width="28" height="71" />
      </word>
      <word id="k02-102-01-10" tag="VB" text="make">
        <cmp x="1795" y="936" width="46" height="29" />
        <cmp x="1846" y="939" width="28" height="25" />
        <cmp x="1871" y="922" width="58" height="46" />
      </word>
      <word id="k02-102-01-11" tag="ATI" text="the">
        <cmp x="1952" y="915" width="22" height="49" />
        <cmp x="1974" y="914" width="33" height="53" />
        <cmp x="2011" y="934" width="29" height="35" />
      </word>
      <upper-contour>
        <point x="362" y="821" />
        <point x="2031" y="821" />
      </upper-contour>
      <lower-contour>
        <point x="362" y="1007" />
        <point x="2041" y="1007" />
      </lower-contour>
    </line>
    <line ass="-176" asx="0" asy="1086" character-width="999" dss="-176" dsx="0" dsy="1178" fd0="14070" fd1="3187" fd2="-996" filter-width="3" id="k02-102-02" lbs="-82" lbx="0" lby="1138" segmentation="ok" slant="106000" stroke-width="5417" threshold="189" text="usual enquiries and comments about Nigel&apos;s various mistresses" ubs="-365" ubx="0" uby="1105">
      <word id="k02-102-02-00" tag="JJ" text="usual">
        <cmp x="360" y="1099" width="35" height="40" />
        <cmp x="404" y="1104" width="20" height="37" />
        <cmp x="428" y="1108" width="33" height="30" />
        <cmp x="462" y="1109" width="27" height="26" />
        <cmp x="488" y="1092" width="16" height="55" />
      </word>
      <word id="k02-102-02-01" tag="NNS" text="enquiries">
        <cmp x="550" y="1108" width="25" height="29" />
        <cmp x="574" y="1114" width="40" height="30" />
        <cmp x="620" y="1114" width="40" height="66" />
        <cmp x="646" y="1110" width="38" height="31" />
        <cmp x="682" y="1092" width="5" height="4" />
        <cmp x="686" y="1109" width="12" height="30" />
        <cmp x="704" y="1110" width="28" height="24" />
        <cmp x="734" y="1092" width="4" height="5" />
        <cmp x="740" y="1111" width="13" height="31" />
        <cmp x="759" y="1108" width="23" height="34" />
        <cmp x="783" y="1108" width="17" height="35" />
      </word>
      <word id="k02-102-02-02" tag="CC" text="and">
        <cmp x="847" y="1109" width="28" height="27" />
        <cmp x="874" y="1098" width="64" height="45" />
      </word>
      <word id="k02-102-02-03" tag="NNS" text="comments">
        <cmp x="977" y="1112" width="23" height="33" />
        <cmp x="1006" y="1117" width="22" height="25" />
        <cmp x="1037" y="1115" width="53" height="28" />
        <cmp x="1091" y="1117" width="50" height="27" />
        <cmp x="1147" y="1117" width="18" height="29" />
        <cmp x="1167" y="1121" width="29" height="20" />
        <cmp x="1199" y="1103" width="14" height="40" />
        <cmp x="1217" y="1110" width="19" height="31" />
      </word>
      <word id="k02-102-02-04" tag="IN" text="about">
        <cmp x="1291" y="1114" width="28" height="23" />
        <cmp x="1319" y="1095" width="27" height="40" />
        <cmp x="1352" y="1112" width="53" height="26" />
        <cmp x="1404" y="1100" width="17" height="42" />
      </word>
      <word id="k02-102-02-05" tag="NP$" text="Nigel&apos;s">
        <cmp x="1472" y="1092" width="36" height="49" />
        <cmp x="1509" y="1092" width="4" height="8" />
        <cmp x="1510" y="1110" width="13" height="28" />
        <cmp x="1528" y="1109" width="41" height="72" />
        <cmp x="1553" y="1097" width="36" height="46" />
        <cmp x="1601" y="1093" width="7" height="25" />
        <cmp x="1623" y="1116" width="22" height="33" />
      </word>
      <word id="k02-102-02-06" tag="JJ" text="various">
        <cmp x="1694" y="1116" width="27" height="32" />
        <cmp x="1728" y="1120" width="29" height="28" />
        <cmp x="1761" y="1118" width="40" height="28" />
        <cmp x="1791" y="1099" width="4" height="4" />
        <cmp x="1814" y="1119" width="19" height="28" />
        <cmp x="1834" y="1121" width="31" height="25" />
        <cmp x="1867" y="1111" width="17" height="38" />
      </word>
      <word id="k02-102-02-07" tag="NNS" text="mistresses">
        <cmp x="1922" y="1112" width="43" height="31" />
        <cmp x="1963" y="1096" width="5" height="9" />
        <cmp x="1965" y="1117" width="10" height="31" />
        <cmp x="1981" y="1098" width="60" height="50" />
        <cmp x="2047" y="1118" width="57" height="37" />
        <cmp x="2108" y="1117" width="37" height="34" />
      </word>
      <upper-contour>
        <point x="362" y="1007" />
        <point x="2041" y="1007" />
      </upper-contour>
      <lower-contour>
        <point x="358" y="1181" />
        <point x="2071" y="1181" />
      </lower-contour>
    </line>
    <line ass="-376" asx="0" asy="1255" character-width="999" dss="-376" dsx="0" dsy="1339" fd0="14347" fd1="3306" fd2="-153" filter-width="3" id="k02-102-03" lbs="-347" lbx="0" lby="1312" segmentation="err" slant="105000" stroke-width="5495" threshold="189" text="as I was accustomed to whenever I saw him, much as I" ubs="-434" ubx="0" uby="1281">
      <word id="k02-102-03-00" tag="CS" text="as">
        <cmp x="359" y="1282" width="35" height="32" />
        <cmp x="396" y="1281" width="16" height="33" />
      </word>
      <word id="k02-102-03-01" tag="PP1A" text="I">
        <cmp x="456" y="1262" width="13" height="49" />
      </word>
      <word id="k02-102-03-02" tag="BEDZ" text="was">
        <cmp x="510" y="1283" width="43" height="36" />
        <cmp x="558" y="1286" width="51" height="34" />
      </word>
      <word id="k02-102-03-03" tag="VBN" text="accustomed">
        <cmp x="659" y="1285" width="35" height="31" />
        <cmp x="698" y="1287" width="32" height="29" />
        <cmp x="730" y="1286" width="29" height="36" />
        <cmp x="764" y="1288" width="35" height="29" />
        <cmp x="801" y="1282" width="18" height="34" />
        <cmp x="817" y="1269" width="25" height="49" />
        <cmp x="852" y="1289" width="30" height="30" />
        <cmp x="883" y="1290" width="54" height="28" />
        <cmp x="941" y="1294" width="22" height="24" />
        <cmp x="965" y="1273" width="32" height="50" />
      </word>
      <word id="k02-102-03-04" tag="TO" text="to">
        <cmp x="1035" y="1273" width="34" height="52" />
        <cmp x="1069" y="1290" width="25" height="32" />
      </word>
      <word id="k02-102-03-05" tag="WRB" text="whenever">
        <cmp x="1137" y="1283" width="42" height="35" />
        <cmp x="1176" y="1273" width="37" height="41" />
        <cmp x="1216" y="1290" width="22" height="31" />
        <cmp x="1241" y="1296" width="34" height="28" />
        <cmp x="1277" y="1292" width="34" height="31" />
        <cmp x="1308" y="1292" width="26" height="32" />
        <cmp x="1341" y="1293" width="22" height="29" />
        <cmp x="1369" y="1296" width="28" height="23" />
      </word>
      <word id="k02-102-03-06" tag="PP1A" text="I">
        <cmp x="1441" y="1265" width="12" height="58" />
      </word>
      <word id="k02-102-03-07" tag="VBD" text="saw">
        <cmp x="1491" y="1280" width="23" height="39" />
        <cmp x="1521" y="1288" width="27" height="29" />
        <cmp x="1551" y="1292" width="37" height="29" />
      </word>
      <word id="k02-102-03-08" tag="PP3O" text="him">
        <cmp x="1629" y="1272" width="37" height="45" />
        <cmp x="1665" y="1273" width="5" height="7" />
        <cmp x="1665" y="1289" width="12" height="30" />
        <cmp x="1683" y="1294" width="49" height="30" />
        <cmp x="1736" y="1311" width="18" height="40" />
      </word>
      <word id="k02-102-03-09" tag="," text=",">
        <cmp x="1781" y="1290" width="52" height="36" />
      </word>
      <word id="k02-102-03-10" tag="RB" text="much">
        <cmp x="1835" y="1299" width="31" height="26" />
        <cmp x="1868" y="1280" width="53" height="49" />
      </word>
      <word id="k02-102-03-11" tag="CS" text="as">
        <cmp x="1959" y="1294" width="35" height="31" />
        <cmp x="1996" y="1289" width="19" height="37" />
      </word>
      <word id="k02-102-03-12" tag="PP1A" text="I">
        <cmp x="2060" y="1272" width="10" height="53" />
      </word>
      <upper-contour>
        <point x="358" y="1181" />
        <point x="2071" y="1181" />
      </upper-contour>
      <lower-contour>
        <point x="357" y="1351" />
        <point x="2071" y="1351" />
      </lower-contour>
    </line>
    <line ass="-415" asx="0" asy="1438" character-width="999" dss="-415" dsx="0" dsy="1533" fd0="14550" fd1="3416" fd2="-343" filter-width="3" id="k02-102-04" lbs="-445" lbx="0" lby="1489" segmentation="ok" slant="107000" stroke-width="5371" threshold="182" text="wondered which of his girls was in favour at the moment." ubs="-355" ubx="0" uby="1461">
      <word id="k02-102-04-00" tag="VBD" text="wondered">
        <cmp x="358" y="1457" width="47" height="38" />
        <cmp x="410" y="1462" width="22" height="27" />
        <cmp x="431" y="1464" width="40" height="30" />
        <cmp x="480" y="1450" width="37" height="47" />
        <cmp x="523" y="1468" width="26" height="27" />
        <cmp x="549" y="1470" width="24" height="21" />
        <cmp x="579" y="1472" width="26" height="26" />
        <cmp x="606" y="1453" width="38" height="45" />
      </word>
      <word id="k02-102-04-01" tag="WDT" text="which">
        <cmp x="701" y="1469" width="45" height="29" />
        <cmp x="746" y="1452" width="40" height="48" />
        <cmp x="784" y="1450" width="5" height="5" />
        <cmp x="786" y="1467" width="12" height="33" />
        <cmp x="809" y="1454" width="55" height="43" />
      </word>
      <word id="k02-102-04-02" tag="INO" text="of">
        <cmp x="917" y="1451" width="61" height="74" />
      </word>
      <word id="k02-102-04-03" tag="PP$" text="his">
        <cmp x="1005" y="1454" width="40" height="45" />
        <cmp x="1040" y="1451" width="4" height="8" />
        <cmp x="1046" y="1471" width="13" height="25" />
        <cmp x="1062" y="1469" width="15" height="26" />
      </word>
      <word id="k02-102-04-04" tag="NNS" text="girls">
        <cmp x="1121" y="1471" width="46" height="71" />
        <cmp x="1145" y="1450" width="5" height="8" />
        <cmp x="1149" y="1468" width="12" height="27" />
        <cmp x="1165" y="1468" width="30" height="24" />
        <cmp x="1194" y="1454" width="14" height="49" />
        <cmp x="1212" y="1464" width="17" height="34" />
      </word>
      <word id="k02-102-04-05" tag="BEDZ" text="was">
        <cmp x="1279" y="1467" width="43" height="36" />
        <cmp x="1330" y="1471" width="27" height="23" />
        <cmp x="1358" y="1466" width="17" height="32" />
      </word>
      <word id="k02-102-04-06" tag="IN" text="in">
        <cmp x="1417" y="1450" width="5" height="4" />
        <cmp x="1418" y="1468" width="10" height="31" />
        <cmp x="1432" y="1474" width="31" height="22" />
      </word>
      <word id="k02-102-04-07" tag="NN" text="favour">
        <cmp x="1494" y="1451" width="28" height="73" />
        <cmp x="1529" y="1469" width="32" height="26" />
        <cmp x="1559" y="1468" width="27" height="27" />
        <cmp x="1597" y="1472" width="27" height="34" />
        <cmp x="1629" y="1476" width="34" height="26" />
        <cmp x="1664" y="1474" width="26" height="23" />
      </word>
      <word id="k02-102-04-08" tag="IN" text="at">
        <cmp x="1747" y="1474" width="30" height="29" />
        <cmp x="1777" y="1457" width="18" height="48" />
      </word>
      <word id="k02-102-04-09" tag="ATI" text="the">
        <cmp x="1819" y="1458" width="19" height="47" />
        <cmp x="1837" y="1456" width="33" height="41" />
        <cmp x="1876" y="1471" width="24" height="30" />
      </word>
      <word id="k02-102-04-10" tag="NN" text="moment">
        <cmp x="1933" y="1467" width="53" height="36" />
        <cmp x="1988" y="1472" width="28" height="31" />
        <cmp x="2016" y="1474" width="47" height="29" />
        <cmp x="2049" y="1534" width="4" height="3" />
        <cmp x="2069" y="1477" width="22" height="28" />
        <cmp x="2093" y="1478" width="30" height="24" />
        <cmp x="2124" y="1460" width="15" height="47" />
      </word>
      <word id="k02-102-04-11" tag="." text=".">
        <cmp x="2152" y="1501" width="6" height="5" />
      </word>
      <upper-contour>
        <point x="357" y="1351" />
        <point x="2071" y="1351" />
      </upper-contour>
      <lower-contour>
        <point x="368" y="1542" />
        <point x="2149" y="1542" />
      </lower-contour>
    </line>
    <line ass="-58" asx="0" asy="1617" character-width="999" dss="-58" dsx="0" dsy="1722" fd0="13873" fd1="3061" fd2="-378" filter-width="3" id="k02-102-05" lbs="1" lbx="0" lby="1677" segmentation="ok" slant="107000" stroke-width="5517" threshold="182" text="And I suppose he felt the same. We had only a few drinks," ubs="-178" ubx="0" uby="1638">
      <word id="k02-102-05-00" sentence-start="yes" tag="CC" text="And">
        <cmp x="370" y="1619" width="34" height="56" />
        <cmp x="400" y="1645" width="39" height="24" />
        <cmp x="441" y="1629" width="30" height="47" />
      </word>
      <word id="k02-102-05-01" tag="PP1A" text="I">
        <cmp x="527" y="1623" width="14" height="51" />
      </word>
      <word id="k02-102-05-02" tag="VB" text="suppose">
        <cmp x="597" y="1638" width="22" height="39" />
        <cmp x="625" y="1647" width="34" height="29" />
        <cmp x="662" y="1651" width="33" height="56" />
        <cmp x="695" y="1647" width="32" height="55" />
        <cmp x="732" y="1641" width="46" height="36" />
        <cmp x="778" y="1644" width="33" height="33" />
      </word>
      <word id="k02-102-05-03" tag="PP3A" text="he">
        <cmp x="836" y="1623" width="37" height="51" />
        <cmp x="878" y="1643" width="27" height="32" />
      </word>
      <word id="k02-102-05-04" tag="VBD" text="felt">
        <cmp x="937" y="1621" width="51" height="90" />
        <cmp x="979" y="1627" width="18" height="40" />
        <cmp x="995" y="1628" width="21" height="41" />
      </word>
      <word id="k02-102-05-05" tag="ATI" text="the">
        <cmp x="1056" y="1625" width="61" height="52" />
        <cmp x="1118" y="1647" width="25" height="27" />
      </word>
      <word id="k02-102-05-06" tag="AP" text="same">
        <cmp x="1153" y="1642" width="22" height="34" />
        <cmp x="1186" y="1646" width="32" height="30" />
        <cmp x="1217" y="1648" width="50" height="27" />
        <cmp x="1271" y="1649" width="28" height="29" />
      </word>
      <word id="k02-102-05-07" tag="." text=".">
        <cmp x="1306" y="1677" width="6" height="5" />
      </word>
      <word id="k02-102-05-08" sentence-start="yes" tag="PP1AS" text="We">
        <cmp x="1336" y="1622" width="47" height="56" />
        <cmp x="1386" y="1642" width="32" height="39" />
      </word>
      <word id="k02-102-05-09" tag="HVD" text="had">
        <cmp x="1450" y="1627" width="38" height="48" />
        <cmp x="1492" y="1647" width="28" height="28" />
        <cmp x="1519" y="1630" width="32" height="47" />
      </word>
      <word id="k02-102-05-10" tag="RB" text="only">
        <cmp x="1593" y="1648" width="29" height="31" />
        <cmp x="1619" y="1650" width="32" height="26" />
        <cmp x="1648" y="1631" width="13" height="49" />
        <cmp x="1666" y="1652" width="33" height="72" />
      </word>
      <word id="k02-102-05-11" tag="AP21" text="a">
        <cmp x="1743" y="1648" width="32" height="32" />
      </word>
      <word id="k02-102-05-12" tag="AP22" text="few">
        <cmp x="1806" y="1628" width="25" height="73" />
        <cmp x="1836" y="1648" width="19" height="32" />
        <cmp x="1860" y="1648" width="41" height="30" />
      </word>
      <word id="k02-102-05-13" tag="NNS" text="drinks">
        <cmp x="1951" y="1628" width="36" height="52" />
        <cmp x="1986" y="1644" width="24" height="21" />
        <cmp x="2009" y="1629" width="5" height="6" />
        <cmp x="2010" y="1649" width="8" height="25" />
        <cmp x="2023" y="1647" width="31" height="27" />
        <cmp x="2057" y="1630" width="39" height="47" />
        <cmp x="2098" y="1639" width="22" height="41" />
      </word>
      <word id="k02-102-05-14" tag="," text=",">
        <cmp x="2126" y="1672" width="22" height="46" />
      </word>
      <upper-contour>
        <point x="368" y="1542" />
        <point x="2149" y="1542" />
      </upper-contour>
      <lower-contour>
        <point x="373" y="1725" />
        <point x="2025" y="1725" />
      </lower-contour>
    </line>
    <line ass="-199" asx="0" asy="1795" character-width="999" dss="-199" dsx="0" dsy="1891" fd0="14127" fd1="3030" fd2="-560" filter-width="3" id="k02-102-06" lbs="-180" lbx="0" lby="1849" segmentation="ok" slant="108999" stroke-width="5494" threshold="182" text="then decided to bathe and dress for a rather early" ubs="-236" ubx="0" uby="1820">
      <word id="k02-102-06-00" tag="RN" text="then">
        <cmp x="375" y="1799" width="53" height="51" />
        <cmp x="432" y="1824" width="18" height="31" />
        <cmp x="453" y="1823" width="4" height="6" />
        <cmp x="454" y="1830" width="33" height="24" />
      </word>
      <word id="k02-102-06-01" tag="VBD" text="decided">
        <cmp x="534" y="1804" width="32" height="50" />
        <cmp x="565" y="1820" width="31" height="33" />
        <cmp x="603" y="1821" width="40" height="34" />
        <cmp x="624" y="1799" width="5" height="7" />
        <cmp x="653" y="1802" width="35" height="53" />
        <cmp x="688" y="1821" width="18" height="31" />
        <cmp x="717" y="1802" width="28" height="50" />
      </word>
      <word id="k02-102-06-02" tag="TO" text="to">
        <cmp x="794" y="1808" width="28" height="44" />
        <cmp x="825" y="1823" width="30" height="29" />
      </word>
      <word id="k02-102-06-03" tag="VB" text="bathe">
        <cmp x="905" y="1811" width="29" height="42" />
        <cmp x="906" y="1806" width="3" height="3" />
        <cmp x="943" y="1825" width="25" height="26" />
        <cmp x="965" y="1806" width="58" height="47" />
        <cmp x="1027" y="1826" width="27" height="29" />
      </word>
      <word id="k02-102-06-04" tag="CC" text="and">
        <cmp x="1101" y="1822" width="37" height="33" />
        <cmp x="1138" y="1826" width="41" height="25" />
        <cmp x="1180" y="1806" width="31" height="46" />
      </word>
      <word id="k02-102-06-05" tag="VB" text="dress">
        <cmp x="1261" y="1806" width="39" height="52" />
        <cmp x="1300" y="1824" width="23" height="28" />
        <cmp x="1330" y="1825" width="19" height="26" />
        <cmp x="1352" y="1822" width="37" height="35" />
        <cmp x="1354" y="1826" width="11" height="7" />
      </word>
      <word id="k02-102-06-06" tag="IN" text="for">
        <cmp x="1433" y="1802" width="36" height="79" />
        <cmp x="1470" y="1822" width="24" height="30" />
        <cmp x="1494" y="1825" width="26" height="22" />
      </word>
      <word id="k02-102-06-07" tag="AT" text="a">
        <cmp x="1578" y="1824" width="34" height="33" />
      </word>
      <word id="k02-102-06-08" tag="RB" text="rather">
        <cmp x="1645" y="1823" width="32" height="33" />
        <cmp x="1682" y="1829" width="31" height="25" />
        <cmp x="1709" y="1815" width="20" height="38" />
        <cmp x="1730" y="1813" width="34" height="41" />
        <cmp x="1771" y="1829" width="23" height="28" />
        <cmp x="1797" y="1836" width="22" height="18" />
      </word>
      <word id="k02-102-06-09" tag="JJ" text="early">
        <cmp x="1880" y="1834" width="22" height="30" />
        <cmp x="1906" y="1826" width="44" height="33" />
        <cmp x="1949" y="1831" width="25" height="25" />
        <cmp x="1974" y="1815" width="15" height="48" />
        <cmp x="1990" y="1830" width="34" height="68" />
      </word>
      <upper-contour>
        <point x="373" y="1725" />
        <point x="2025" y="1725" />
      </upper-contour>
      <lower-contour>
        <point x="374" y="1856" />
        <point x="568" y="1856" />
      </lower-contour>
    </line>
    <line ass="-1952" asx="0" asy="1969" character-width="999" dss="-1952" dsx="0" dsy="2019" fd0="14970" fd1="3916" fd2="-845" filter-width="3" id="k02-102-07" lbs="-98" lbx="0" lby="2031" segmentation="ok" slant="112000" stroke-width="5539" threshold="182" text="dinner." ubs="-5659" ubx="0" uby="1963">
      <word id="k02-102-07-00" tag="NN" text="dinner">
        <cmp x="376" y="1983" width="34" height="48" />
        <cmp x="406" y="1983" width="5" height="7" />
        <cmp x="413" y="2005" width="14" height="29" />
        <cmp x="430" y="2006" width="36" height="26" />
        <cmp x="469" y="2006" width="34" height="27" />
        <cmp x="506" y="2004" width="45" height="31" />
      </word>
      <word id="k02-102-07-01" tag="." text=".">
        <cmp x="562" y="2026" width="6" height="5" />
      </word>
      <upper-contour>
        <point x="374" y="1856" />
        <point x="568" y="1856" />
      </upper-contour>
    </line>
  </handwritten-part>
</form>

