<?xml version="1.0" encoding="ISO-8859-1"?>

<!DOCTYPE form SYSTEM 'http://www.iam.unibe.ch/~fki/iamdb/form-metadata.dtd'>

<form created="2002-01-24" height="3542" id="k03-164" last-modified="2002-07-17" skew="30" status="final" version="3.0_beta" width="2479" writer-id="436">
  <machine-printed-part>
    <machine-print-line text="&apos;I think it&apos;s gone beyond that, Prime Minister. They feel pretty strongly about" />
    <machine-print-line text="Africa. They are greatly disturbed by the new and rather ugly image of the Party" />
    <machine-print-line text="which our African policy is creating. On the whole, the country is still in favour" />
    <machine-print-line text="of moderation and common sense. Melville has in a curious way made us look old-" />
    <machine-print-line text="fashioned - extravagant - nineteenth centuryish - almost cranky.&apos;" />
  </machine-printed-part>
  <handwritten-part>
    <line ass="160" asx="0" asy="746" character-width="999" dss="160" dsx="0" dsy="842" fd0="15439" fd1="3726" fd2="-164" filter-width="3" id="k03-164-00" lbs="219" lbx="0" lby="818" segmentation="err" slant="117000" stroke-width="4968" threshold="197" text="&apos;I think it&apos;s gone beyond that, Prime Minister." ubs="42" ubx="0" uby="787">
      <word id="k03-164-00-00" sentence-start="yes" tag="*&apos;" text="&apos;">
        <cmp x="314" y="747" width="11" height="25" />
      </word>
      <word id="k03-164-00-01" tag="PP1A" text="I">
        <cmp x="348" y="768" width="22" height="47" />
      </word>
      <word id="k03-164-00-02" tag="VB" text="think">
        <cmp x="396" y="775" width="26" height="41" />
        <cmp x="421" y="773" width="54" height="41" />
        <cmp x="472" y="774" width="7" height="10" />
        <cmp x="475" y="793" width="19" height="23" />
        <cmp x="497" y="791" width="49" height="27" />
        <cmp x="540" y="777" width="46" height="44" />
      </word>
      <word id="k03-164-00-03" tag="PP3" text="it">
        <cmp x="637" y="775" width="6" height="5" />
        <cmp x="641" y="795" width="9" height="21" />
        <cmp x="656" y="776" width="24" height="37" />
      </word>
      <word id="k03-164-00-04" tag="HVZ" text="&apos;s">
        <cmp x="692" y="769" width="12" height="27" />
        <cmp x="723" y="786" width="28" height="26" />
      </word>
      <word id="k03-164-00-05" tag="VBN" text="gone">
        <cmp x="792" y="783" width="38" height="49" />
        <cmp x="835" y="788" width="28" height="28" />
        <cmp x="861" y="786" width="53" height="29" />
        <cmp x="913" y="788" width="36" height="31" />
      </word>
      <word id="k03-164-00-06" tag="IN" text="beyond">
        <cmp x="984" y="769" width="52" height="44" />
        <cmp x="1043" y="787" width="34" height="29" />
        <cmp x="1068" y="788" width="39" height="52" />
        <cmp x="1118" y="793" width="32" height="28" />
        <cmp x="1154" y="789" width="56" height="30" />
        <cmp x="1209" y="774" width="35" height="48" />
      </word>
      <word id="k03-164-00-07" tag="DT" text="that">
        <cmp x="1287" y="773" width="32" height="41" />
        <cmp x="1313" y="775" width="66" height="36" />
        <cmp x="1376" y="785" width="41" height="28" />
        <cmp x="1413" y="781" width="25" height="29" />
      </word>
      <word id="k03-164-00-08" tag="," text=",">
        <cmp x="1470" y="806" width="6" height="29" />
      </word>
      <word id="k03-164-00-09" tag="NPT" text="Prime">
        <cmp x="1503" y="766" width="60" height="44" />
        <cmp x="1567" y="784" width="59" height="29" />
        <cmp x="1604" y="780" width="8" height="5" />
        <cmp x="1627" y="791" width="78" height="26" />
        <cmp x="1706" y="789" width="39" height="30" />
      </word>
      <word id="k03-164-00-10" tag="NPT" text="Minister">
        <cmp x="1788" y="770" width="80" height="45" />
        <cmp x="1853" y="776" width="6" height="5" />
        <cmp x="1870" y="785" width="51" height="31" />
        <cmp x="1917" y="794" width="21" height="22" />
        <cmp x="1925" y="783" width="6" height="8" />
        <cmp x="1937" y="784" width="35" height="32" />
        <cmp x="1977" y="778" width="28" height="36" />
      </word>
      <word id="k03-164-00-11" tag="." text=".">
        <cmp x="2014" y="783" width="49" height="34" />
      </word>
      <lower-contour>
        <point x="312" y="840" />
        <point x="2064" y="840" />
      </lower-contour>
    </line>
    <line ass="61" asx="0" asy="943" character-width="999" dss="61" dsx="0" dsy="1034" fd0="15269" fd1="3234" fd2="-826" filter-width="3" id="k03-164-01" lbs="28" lbx="0" lby="996" segmentation="ok" slant="119000" stroke-width="5015" threshold="197" text="They feel pretty strongly about Africa. They are greatly" ubs="129" ubx="0" uby="969">
      <word id="k03-164-01-00" sentence-start="yes" tag="PP3AS" text="They">
        <cmp x="312" y="944" width="44" height="12" />
        <cmp x="337" y="952" width="22" height="38" />
        <cmp x="364" y="949" width="90" height="48" />
        <cmp x="439" y="961" width="40" height="65" />
      </word>
      <word id="k03-164-01-01" tag="VB" text="feel">
        <cmp x="522" y="945" width="42" height="56" />
        <cmp x="560" y="963" width="77" height="36" />
        <cmp x="630" y="955" width="25" height="44" />
      </word>
      <word id="k03-164-01-02" tag="RB" text="pretty">
        <cmp x="691" y="961" width="29" height="59" />
        <cmp x="724" y="966" width="25" height="31" />
        <cmp x="755" y="967" width="38" height="31" />
        <cmp x="783" y="956" width="44" height="44" />
        <cmp x="820" y="964" width="35" height="71" />
      </word>
      <word id="k03-164-01-03" tag="RB" text="strongly">
        <cmp x="888" y="971" width="11" height="8" />
        <cmp x="901" y="968" width="24" height="25" />
        <cmp x="925" y="955" width="23" height="37" />
        <cmp x="953" y="968" width="17" height="29" />
        <cmp x="975" y="967" width="33" height="28" />
        <cmp x="1008" y="966" width="57" height="30" />
        <cmp x="1065" y="967" width="40" height="56" />
        <cmp x="1098" y="953" width="28" height="38" />
        <cmp x="1124" y="963" width="34" height="60" />
      </word>
      <word id="k03-164-01-04" tag="IN" text="about">
        <cmp x="1202" y="966" width="41" height="29" />
        <cmp x="1232" y="960" width="46" height="34" />
        <cmp x="1283" y="966" width="26" height="29" />
        <cmp x="1316" y="965" width="54" height="30" />
        <cmp x="1364" y="958" width="30" height="38" />
      </word>
      <word id="k03-164-01-05" tag="NP" text="Africa">
        <cmp x="1444" y="948" width="44" height="46" />
        <cmp x="1480" y="948" width="41" height="52" />
        <cmp x="1505" y="964" width="55" height="32" />
        <cmp x="1549" y="958" width="5" height="5" />
        <cmp x="1567" y="964" width="79" height="31" />
      </word>
      <word id="k03-164-01-06" tag="." text=".">
        <cmp x="1675" y="986" width="5" height="3" />
      </word>
      <word id="k03-164-01-07" sentence-start="yes" tag="PP3AS" text="They">
        <cmp x="1702" y="944" width="54" height="15" />
        <cmp x="1725" y="955" width="33" height="40" />
        <cmp x="1762" y="957" width="59" height="36" />
        <cmp x="1817" y="966" width="32" height="29" />
        <cmp x="1850" y="961" width="42" height="54" />
      </word>
      <word id="k03-164-01-08" tag="BER" text="are">
        <cmp x="1928" y="968" width="61" height="30" />
        <cmp x="1999" y="964" width="39" height="33" />
      </word>
      <word id="k03-164-01-09" tag="RB" text="greatly">
        <cmp x="2086" y="959" width="42" height="51" />
        <cmp x="2125" y="963" width="24" height="35" />
        <cmp x="2163" y="962" width="36" height="31" />
        <cmp x="2197" y="963" width="43" height="29" />
        <cmp x="2237" y="956" width="29" height="33" />
        <cmp x="2261" y="951" width="33" height="36" />
        <cmp x="2298" y="959" width="42" height="65" />
      </word>
      <upper-contour>
        <point x="312" y="840" />
        <point x="2064" y="840" />
      </upper-contour>
      <lower-contour>
        <point x="331" y="1034" />
        <point x="2231" y="1034" />
      </lower-contour>
    </line>
    <line ass="27" asx="0" asy="1117" character-width="999" dss="27" dsx="0" dsy="1202" fd0="14796" fd1="3014" fd2="-1021" filter-width="3" id="k03-164-02" lbs="-1" lbx="0" lby="1169" segmentation="err" slant="116000" stroke-width="4995" threshold="197" text="disturbed by the new and rather ugly image of" ubs="85" ubx="0" uby="1142">
      <word id="k03-164-02-00" tag="VBN" text="disturbed">
        <cmp x="333" y="1126" width="41" height="54" />
        <cmp x="374" y="1146" width="15" height="29" />
        <cmp x="379" y="1135" width="7" height="8" />
        <cmp x="397" y="1138" width="58" height="39" />
        <cmp x="457" y="1143" width="54" height="36" />
        <cmp x="505" y="1147" width="20" height="29" />
        <cmp x="520" y="1149" width="3" height="9" />
        <cmp x="524" y="1130" width="54" height="44" />
        <cmp x="585" y="1120" width="75" height="54" />
      </word>
      <word id="k03-164-02-01" tag="IN" text="by">
        <cmp x="697" y="1128" width="50" height="43" />
        <cmp x="740" y="1137" width="40" height="65" />
      </word>
      <word id="k03-164-02-02" tag="ATI" text="the">
        <cmp x="822" y="1125" width="29" height="21" />
        <cmp x="851" y="1132" width="20" height="16" />
        <cmp x="857" y="1140" width="21" height="21" />
        <cmp x="876" y="1135" width="5" height="6" />
        <cmp x="922" y="1126" width="33" height="46" />
        <cmp x="948" y="1120" width="103" height="52" />
      </word>
      <word id="k03-164-02-03" tag="JJ" text="new">
        <cmp x="1103" y="1138" width="50" height="34" />
        <cmp x="1149" y="1139" width="35" height="32" />
        <cmp x="1175" y="1137" width="65" height="37" />
      </word>
      <word id="k03-164-02-04" tag="CC" text="and">
        <cmp x="1272" y="1142" width="96" height="33" />
        <cmp x="1366" y="1122" width="41" height="52" />
      </word>
      <word id="k03-164-02-05" tag="RB" text="rather">
        <cmp x="1449" y="1139" width="23" height="38" />
        <cmp x="1477" y="1138" width="45" height="37" />
        <cmp x="1513" y="1134" width="32" height="37" />
        <cmp x="1540" y="1134" width="70" height="40" />
        <cmp x="1603" y="1142" width="53" height="36" />
      </word>
      <word id="k03-164-02-06" tag="JJ" text="ugly">
        <cmp x="1703" y="1147" width="49" height="33" />
        <cmp x="1748" y="1141" width="43" height="59" />
        <cmp x="1777" y="1124" width="30" height="48" />
        <cmp x="1804" y="1140" width="39" height="60" />
      </word>
      <word id="k03-164-02-07" tag="NN" text="image">
        <cmp x="1893" y="1131" width="6" height="4" />
        <cmp x="1899" y="1141" width="14" height="31" />
        <cmp x="1912" y="1137" width="71" height="32" />
        <cmp x="1983" y="1158" width="13" height="14" />
        <cmp x="1990" y="1141" width="47" height="31" />
        <cmp x="2034" y="1135" width="40" height="55" />
        <cmp x="2074" y="1131" width="27" height="32" />
        <cmp x="2106" y="1153" width="8" height="9" />
      </word>
      <word id="k03-164-02-08" tag="INO" text="of">
        <cmp x="2153" y="1117" width="77" height="46" />
      </word>
      <upper-contour>
        <point x="331" y="1034" />
        <point x="2231" y="1034" />
      </upper-contour>
      <lower-contour>
        <point x="344" y="1202" />
        <point x="2174" y="1202" />
      </lower-contour>
    </line>
    <line ass="115" asx="0" asy="1290" character-width="999" dss="115" dsx="0" dsy="1395" fd0="14876" fd1="3354" fd2="-916" filter-width="3" id="k03-164-03" lbs="104" lbx="0" lby="1350" segmentation="err" slant="117000" stroke-width="5086" threshold="197" text="the Party which our African policy is creating." ubs="135" ubx="0" uby="1320">
      <word id="k03-164-03-00" tag="ATI" text="the">
        <cmp x="346" y="1304" width="34" height="46" />
        <cmp x="369" y="1302" width="74" height="48" />
        <cmp x="438" y="1321" width="37" height="28" />
      </word>
      <word id="k03-164-03-01" tag="NN" text="Party">
        <cmp x="517" y="1290" width="46" height="52" />
        <cmp x="569" y="1311" width="45" height="36" />
        <cmp x="607" y="1300" width="60" height="50" />
        <cmp x="670" y="1311" width="43" height="84" />
      </word>
      <word id="k03-164-03-02" tag="WDT" text="which">
        <cmp x="768" y="1322" width="64" height="34" />
        <cmp x="825" y="1310" width="62" height="41" />
        <cmp x="887" y="1323" width="18" height="27" />
        <cmp x="894" y="1311" width="10" height="7" />
        <cmp x="914" y="1305" width="88" height="48" />
      </word>
      <word id="k03-164-03-03" tag="PP$" text="our">
        <cmp x="1032" y="1316" width="32" height="34" />
        <cmp x="1076" y="1316" width="52" height="37" />
        <cmp x="1128" y="1320" width="19" height="35" />
      </word>
      <word id="k03-164-03-04" tag="JNP" text="African">
        <cmp x="1205" y="1301" width="53" height="52" />
        <cmp x="1249" y="1303" width="83" height="60" />
        <cmp x="1318" y="1313" width="7" height="3" />
        <cmp x="1339" y="1321" width="37" height="32" />
        <cmp x="1369" y="1315" width="107" height="36" />
      </word>
      <word id="k03-164-03-05" tag="NN" text="policy">
        <cmp x="1522" y="1310" width="32" height="61" />
        <cmp x="1561" y="1317" width="29" height="33" />
        <cmp x="1588" y="1310" width="29" height="44" />
        <cmp x="1617" y="1325" width="22" height="27" />
        <cmp x="1623" y="1314" width="9" height="7" />
        <cmp x="1644" y="1318" width="43" height="33" />
        <cmp x="1669" y="1317" width="48" height="71" />
      </word>
      <word id="k03-164-03-06" tag="BEZ" text="is">
        <cmp x="1778" y="1310" width="8" height="8" />
        <cmp x="1778" y="1324" width="15" height="24" />
        <cmp x="1796" y="1314" width="34" height="32" />
      </word>
      <word id="k03-164-03-07" tag="VBG" text="creating">
        <cmp x="1878" y="1309" width="38" height="34" />
        <cmp x="1910" y="1308" width="27" height="34" />
        <cmp x="1943" y="1313" width="83" height="35" />
        <cmp x="2021" y="1309" width="32" height="34" />
        <cmp x="2049" y="1317" width="18" height="26" />
        <cmp x="2053" y="1309" width="78" height="36" />
      </word>
      <word id="k03-164-03-08" tag="." text=".">
        <cmp x="2128" y="1311" width="45" height="63" />
      </word>
      <upper-contour>
        <point x="344" y="1202" />
        <point x="2174" y="1202" />
      </upper-contour>
      <lower-contour>
        <point x="347" y="1395" />
        <point x="2095" y="1395" />
      </lower-contour>
    </line>
    <line ass="273" asx="0" asy="1485" character-width="999" dss="273" dsx="0" dsy="1557" fd0="14998" fd1="3491" fd2="-412" filter-width="3" id="k03-164-04" lbs="271" lbx="0" lby="1536" segmentation="ok" slant="119000" stroke-width="4940" threshold="195" text="On the whole, the country is still in favour" ubs="279" ubx="0" uby="1507">
      <word id="k03-164-04-00" sentence-start="yes" tag="IN" text="On">
        <cmp x="349" y="1488" width="36" height="49" />
        <cmp x="389" y="1500" width="69" height="38" />
      </word>
      <word id="k03-164-04-01" tag="ATI" text="the">
        <cmp x="490" y="1487" width="69" height="52" />
        <cmp x="558" y="1504" width="35" height="31" />
        <cmp x="590" y="1507" width="41" height="30" />
      </word>
      <word id="k03-164-04-02" tag="NN" text="whole">
        <cmp x="683" y="1503" width="58" height="33" />
        <cmp x="735" y="1487" width="70" height="44" />
        <cmp x="798" y="1498" width="39" height="32" />
        <cmp x="827" y="1487" width="35" height="44" />
        <cmp x="860" y="1501" width="40" height="34" />
      </word>
      <word id="k03-164-04-03" tag="," text=",">
        <cmp x="938" y="1516" width="6" height="37" />
      </word>
      <word id="k03-164-04-04" tag="ATI" text="the">
        <cmp x="982" y="1489" width="40" height="40" />
        <cmp x="1016" y="1487" width="63" height="44" />
        <cmp x="1078" y="1501" width="35" height="33" />
      </word>
      <word id="k03-164-04-05" tag="NN" text="country">
        <cmp x="1162" y="1506" width="23" height="32" />
        <cmp x="1189" y="1506" width="37" height="29" />
        <cmp x="1227" y="1499" width="107" height="37" />
        <cmp x="1330" y="1496" width="36" height="37" />
        <cmp x="1363" y="1501" width="26" height="34" />
        <cmp x="1389" y="1496" width="49" height="55" />
      </word>
      <word id="k03-164-04-06" tag="BEZ" text="is">
        <cmp x="1486" y="1506" width="17" height="29" />
        <cmp x="1495" y="1504" width="3" height="4" />
        <cmp x="1504" y="1505" width="33" height="26" />
      </word>
      <word id="k03-164-04-07" tag="RB" text="still">
        <cmp x="1585" y="1499" width="36" height="28" />
        <cmp x="1622" y="1489" width="25" height="36" />
        <cmp x="1653" y="1495" width="19" height="35" />
        <cmp x="1662" y="1486" width="5" height="4" />
        <cmp x="1673" y="1480" width="23" height="50" />
        <cmp x="1692" y="1489" width="21" height="42" />
      </word>
      <word id="k03-164-04-08" tag="IN" text="in">
        <cmp x="1754" y="1499" width="70" height="30" />
        <cmp x="1787" y="1479" width="7" height="5" />
      </word>
      <word id="k03-164-04-09" tag="NN" text="favour">
        <cmp x="1872" y="1478" width="42" height="59" />
        <cmp x="1911" y="1496" width="42" height="32" />
        <cmp x="1955" y="1495" width="32" height="32" />
        <cmp x="1995" y="1495" width="26" height="31" />
        <cmp x="2025" y="1490" width="70" height="37" />
      </word>
      <upper-contour>
        <point x="347" y="1395" />
        <point x="2095" y="1395" />
      </upper-contour>
      <lower-contour>
        <point x="353" y="1552" />
        <point x="2095" y="1552" />
      </lower-contour>
    </line>
    <line ass="200" asx="0" asy="1659" character-width="999" dss="200" dsx="0" dsy="1717" fd0="14978" fd1="3323" fd2="-973" filter-width="3" id="k03-164-05" lbs="214" lbx="0" lby="1709" segmentation="ok" slant="114000" stroke-width="4985" threshold="196" text="of moderation and common sense. Melville has" ubs="171" ubx="0" uby="1679">
      <word id="k03-164-05-00" tag="INO" text="of">
        <cmp x="355" y="1661" width="81" height="51" />
      </word>
      <word id="k03-164-05-01" tag="NN" text="moderation">
        <cmp x="466" y="1676" width="82" height="30" />
        <cmp x="551" y="1678" width="32" height="31" />
        <cmp x="592" y="1658" width="49" height="54" />
        <cmp x="638" y="1673" width="54" height="39" />
        <cmp x="698" y="1673" width="43" height="37" />
        <cmp x="739" y="1671" width="32" height="38" />
        <cmp x="769" y="1680" width="18" height="29" />
        <cmp x="777" y="1668" width="11" height="8" />
        <cmp x="794" y="1675" width="39" height="33" />
        <cmp x="833" y="1674" width="53" height="32" />
        <cmp x="888" y="1700" width="5" height="5" />
      </word>
      <word id="k03-164-05-02" tag="CC" text="and">
        <cmp x="954" y="1676" width="89" height="34" />
        <cmp x="1041" y="1695" width="12" height="14" />
        <cmp x="1051" y="1658" width="37" height="50" />
      </word>
      <word id="k03-164-05-03" tag="JJ" text="common">
        <cmp x="1141" y="1675" width="39" height="36" />
        <cmp x="1167" y="1675" width="39" height="33" />
        <cmp x="1209" y="1672" width="50" height="34" />
        <cmp x="1257" y="1673" width="24" height="24" />
        <cmp x="1280" y="1697" width="5" height="9" />
        <cmp x="1294" y="1671" width="56" height="35" />
        <cmp x="1350" y="1693" width="7" height="11" />
        <cmp x="1359" y="1674" width="29" height="30" />
        <cmp x="1392" y="1668" width="57" height="35" />
      </word>
      <word id="k03-164-05-04" tag="NN" text="sense">
        <cmp x="1478" y="1673" width="33" height="29" />
        <cmp x="1523" y="1669" width="70" height="34" />
        <cmp x="1594" y="1690" width="7" height="8" />
        <cmp x="1605" y="1667" width="29" height="31" />
        <cmp x="1647" y="1669" width="41" height="36" />
      </word>
      <word id="k03-164-05-05" tag="." text=".">
        <cmp x="1708" y="1687" width="5" height="3" />
      </word>
      <word id="k03-164-05-06" sentence-start="yes" tag="NP" text="Melville">
        <cmp x="1788" y="1662" width="109" height="44" />
        <cmp x="1888" y="1661" width="23" height="42" />
        <cmp x="1910" y="1674" width="33" height="32" />
        <cmp x="1955" y="1679" width="15" height="24" />
        <cmp x="1967" y="1660" width="23" height="45" />
        <cmp x="1987" y="1664" width="27" height="37" />
        <cmp x="2004" y="1671" width="38" height="29" />
      </word>
      <word id="k03-164-05-07" tag="HVZ" text="has">
        <cmp x="2103" y="1658" width="68" height="52" />
        <cmp x="2166" y="1673" width="45" height="31" />
        <cmp x="2206" y="1671" width="35" height="34" />
      </word>
      <upper-contour>
        <point x="353" y="1552" />
        <point x="2095" y="1552" />
      </upper-contour>
      <lower-contour>
        <point x="353" y="1712" />
        <point x="2172" y="1712" />
      </lower-contour>
    </line>
    <line ass="155" asx="0" asy="1828" character-width="999" dss="155" dsx="0" dsy="1936" fd0="14487" fd1="3285" fd2="-811" filter-width="3" id="k03-164-06" lbs="151" lbx="0" lby="1889" segmentation="err" slant="116000" stroke-width="5072" threshold="197" text="in a curious way made us look old-fashioned" ubs="163" ubx="0" uby="1856">
      <word id="k03-164-06-00" tag="IN" text="in">
        <cmp x="351" y="1857" width="79" height="36" />
        <cmp x="372" y="1835" width="6" height="6" />
      </word>
      <word id="k03-164-06-01" tag="AT" text="a">
        <cmp x="468" y="1851" width="48" height="38" />
      </word>
      <word id="k03-164-06-02" tag="JJ" text="curious">
        <cmp x="569" y="1848" width="41" height="40" />
        <cmp x="601" y="1850" width="55" height="37" />
        <cmp x="654" y="1855" width="22" height="32" />
        <cmp x="687" y="1856" width="21" height="28" />
        <cmp x="691" y="1842" width="9" height="6" />
        <cmp x="719" y="1850" width="37" height="37" />
        <cmp x="761" y="1846" width="58" height="40" />
        <cmp x="811" y="1854" width="31" height="31" />
      </word>
      <word id="k03-164-06-03" tag="NN" text="way">
        <cmp x="899" y="1858" width="65" height="37" />
        <cmp x="963" y="1854" width="50" height="34" />
        <cmp x="1006" y="1855" width="36" height="80" />
      </word>
      <word id="k03-164-06-04" tag="VBN" text="made">
        <cmp x="1092" y="1851" width="84" height="35" />
        <cmp x="1175" y="1851" width="50" height="34" />
        <cmp x="1224" y="1832" width="47" height="60" />
        <cmp x="1261" y="1854" width="41" height="31" />
      </word>
      <word id="k03-164-06-05" tag="PP1OS" text="us">
        <cmp x="1355" y="1854" width="52" height="34" />
        <cmp x="1400" y="1854" width="30" height="35" />
      </word>
      <word id="k03-164-06-06" tag="VB" text="look">
        <cmp x="1478" y="1841" width="31" height="46" />
        <cmp x="1509" y="1852" width="37" height="32" />
        <cmp x="1553" y="1853" width="35" height="29" />
        <cmp x="1588" y="1840" width="50" height="44" />
      </word>
      <word id="k03-164-06-07" tag="JJ" text="old-fashioned">
        <cmp x="1690" y="1847" width="39" height="38" />
        <cmp x="1730" y="1834" width="25" height="56" />
        <cmp x="1760" y="1825" width="44" height="60" />
        <cmp x="1807" y="1835" width="40" height="55" />
        <cmp x="1845" y="1850" width="44" height="36" />
        <cmp x="1887" y="1849" width="26" height="39" />
        <cmp x="1916" y="1839" width="63" height="50" />
        <cmp x="1975" y="1857" width="22" height="29" />
        <cmp x="1984" y="1848" width="9" height="7" />
        <cmp x="2002" y="1854" width="35" height="34" />
        <cmp x="2039" y="1845" width="56" height="36" />
        <cmp x="2098" y="1823" width="74" height="59" />
      </word>
      <upper-contour>
        <point x="353" y="1712" />
        <point x="2172" y="1712" />
      </upper-contour>
      <lower-contour>
        <point x="349" y="1935" />
        <point x="1968" y="1935" />
      </lower-contour>
    </line>
    <line ass="51" asx="0" asy="2018" character-width="999" dss="51" dsx="0" dsy="2103" fd0="15092" fd1="2916" fd2="-1057" filter-width="3" id="k03-164-07" lbs="1" lbx="0" lby="2065" segmentation="ok" slant="116000" stroke-width="5064" threshold="196" text="- extravagant - nineteenth centuryish -" ubs="150" ubx="0" uby="2037">
      <word id="k03-164-07-00" tag="*-" text="-">
        <cmp x="335" y="2037" width="28" height="9" />
      </word>
      <word id="k03-164-07-01" tag="JJ" text="extravagant">
        <cmp x="389" y="2032" width="38" height="35" />
        <cmp x="434" y="2033" width="37" height="35" />
        <cmp x="469" y="2025" width="44" height="44" />
        <cmp x="526" y="2037" width="45" height="34" />
        <cmp x="577" y="2037" width="36" height="33" />
        <cmp x="626" y="2040" width="49" height="31" />
        <cmp x="672" y="2036" width="50" height="63" />
        <cmp x="715" y="2033" width="107" height="36" />
        <cmp x="829" y="2026" width="29" height="38" />
      </word>
      <word id="k03-164-07-02" tag="*-" text="-">
        <cmp x="878" y="2037" width="28" height="10" />
      </word>
      <word id="k03-164-07-03" tag="OD" text="nineteenth">
        <cmp x="963" y="2032" width="52" height="35" />
        <cmp x="1018" y="2038" width="21" height="30" />
        <cmp x="1025" y="2029" width="8" height="7" />
        <cmp x="1046" y="2032" width="71" height="35" />
        <cmp x="1109" y="2034" width="46" height="33" />
        <cmp x="1153" y="2022" width="35" height="45" />
        <cmp x="1190" y="2027" width="75" height="45" />
        <cmp x="1254" y="2030" width="91" height="37" />
        <cmp x="1335" y="2028" width="38" height="36" />
        <cmp x="1362" y="2026" width="70" height="46" />
      </word>
      <word id="k03-164-07-04" tag="JJ" text="centuryish">
        <cmp x="1492" y="2032" width="44" height="38" />
        <cmp x="1523" y="2031" width="54" height="35" />
        <cmp x="1579" y="2031" width="32" height="34" />
        <cmp x="1611" y="2027" width="33" height="38" />
        <cmp x="1642" y="2028" width="60" height="37" />
        <cmp x="1700" y="2028" width="20" height="38" />
        <cmp x="1725" y="2027" width="42" height="75" />
        <cmp x="1782" y="2038" width="20" height="27" />
        <cmp x="1797" y="2028" width="4" height="7" />
        <cmp x="1813" y="2034" width="29" height="30" />
        <cmp x="1848" y="2017" width="62" height="46" />
      </word>
      <word id="k03-164-07-05" tag="*-" text="-">
        <cmp x="1941" y="2036" width="26" height="4" />
      </word>
      <upper-contour>
        <point x="349" y="1935" />
        <point x="1968" y="1935" />
      </upper-contour>
      <lower-contour>
        <point x="366" y="2099" />
        <point x="1031" y="2099" />
      </lower-contour>
    </line>
    <line ass="450" asx="0" asy="2194" character-width="999" dss="450" dsx="0" dsy="2288" fd0="14450" fd1="2946" fd2="-681" filter-width="3" id="k03-164-08" lbs="312" lbx="0" lby="2249" segmentation="ok" slant="114999" stroke-width="5198" threshold="191" text="almost cranky.&apos;" ubs="725" ubx="0" uby="2221">
      <word id="k03-164-08-00" tag="RB" text="almost">
        <cmp x="368" y="2212" width="40" height="36" />
        <cmp x="410" y="2202" width="22" height="48" />
        <cmp x="435" y="2217" width="87" height="31" />
        <cmp x="525" y="2218" width="31" height="30" />
        <cmp x="562" y="2213" width="33" height="32" />
        <cmp x="599" y="2205" width="28" height="38" />
      </word>
      <word id="k03-164-08-01" tag="JJ" text="cranky">
        <cmp x="701" y="2203" width="41" height="42" />
        <cmp x="736" y="2207" width="32" height="40" />
        <cmp x="778" y="2209" width="100" height="37" />
        <cmp x="874" y="2204" width="55" height="41" />
        <cmp x="917" y="2212" width="41" height="69" />
      </word>
      <word id="k03-164-08-02" tag="." text=".">
        <cmp x="991" y="2241" width="6" height="4" />
      </word>
      <word id="k03-164-08-03" tag="**&apos;" text="&apos;">
        <cmp x="1006" y="2188" width="24" height="18" />
      </word>
      <upper-contour>
        <point x="366" y="2099" />
        <point x="1031" y="2099" />
      </upper-contour>
    </line>
  </handwritten-part>
</form>

