<?xml version="1.0" encoding="ISO-8859-1"?>

<!DOCTYPE form SYSTEM 'http://www.iam.unibe.ch/~fki/iamdb/form-metadata.dtd'>

<form created="2002-01-25" height="3542" id="k04-110" last-modified="2002-07-17" skew="30" status="final" version="3.0_beta" width="2479" writer-id="450">
  <machine-printed-part>
    <machine-print-line text="Except for their escort, Vittoria and Lucia might have been the only living creatures" />
    <machine-print-line text="on an empty planet. After the initial shock, Vittoria felt calm. She knew exactly" />
    <machine-print-line text="what she wanted, and was prepared to take it without scruple, if she could. What she" />
    <machine-print-line text="had forgotten in her self-absorption in her own schemes was that other people were" />
    <machine-print-line text="equally absorbed in their schemes, which were likely to run counter to her own." />
  </machine-printed-part>
  <handwritten-part>
    <line ass="-512" asx="0" asy="687" character-width="999" dss="-512" dsx="0" dsy="808" fd0="13388" fd1="2845" fd2="-459" filter-width="4" id="k04-110-00" lbs="-432" lbx="0" lby="777" segmentation="err" slant="105000" stroke-width="6118" threshold="180" text="Except for their escort, Vittoria and" ubs="-673" ubx="0" uby="740">
      <word id="k04-110-00-00" sentence-start="yes" tag="IN21" text="Except">
        <cmp x="381" y="692" width="48" height="88" />
        <cmp x="424" y="695" width="9" height="8" />
        <cmp x="432" y="740" width="47" height="36" />
        <cmp x="494" y="741" width="31" height="34" />
        <cmp x="527" y="739" width="35" height="35" />
        <cmp x="564" y="746" width="33" height="69" />
        <cmp x="610" y="725" width="41" height="61" />
      </word>
      <word id="k04-110-00-01" tag="IN22" text="for">
        <cmp x="724" y="702" width="47" height="78" />
        <cmp x="782" y="761" width="32" height="29" />
        <cmp x="832" y="739" width="36" height="50" />
      </word>
      <word id="k04-110-00-02" tag="PP$" text="their">
        <cmp x="968" y="730" width="35" height="58" />
        <cmp x="1009" y="724" width="51" height="58" />
        <cmp x="1048" y="751" width="50" height="33" />
        <cmp x="1094" y="720" width="14" height="20" />
        <cmp x="1102" y="756" width="11" height="27" />
        <cmp x="1129" y="743" width="38" height="45" />
      </word>
      <word id="k04-110-00-03" tag="NN" text="escort">
        <cmp x="1254" y="743" width="50" height="41" />
        <cmp x="1317" y="744" width="35" height="45" />
        <cmp x="1357" y="748" width="26" height="44" />
        <cmp x="1379" y="760" width="33" height="30" />
        <cmp x="1423" y="750" width="37" height="34" />
      </word>
      <word id="k04-110-00-04" tag="," text=",">
        <cmp x="1477" y="754" width="31" height="38" />
        <cmp x="1516" y="779" width="19" height="32" />
      </word>
      <word id="k04-110-00-05" tag="NP" text="Vittoria">
        <cmp x="1545" y="730" width="60" height="60" />
        <cmp x="1622" y="741" width="14" height="13" />
        <cmp x="1626" y="772" width="15" height="23" />
        <cmp x="1658" y="753" width="39" height="34" />
        <cmp x="1698" y="752" width="33" height="38" />
        <cmp x="1732" y="765" width="29" height="21" />
        <cmp x="1779" y="754" width="32" height="43" />
        <cmp x="1809" y="735" width="15" height="16" />
        <cmp x="1816" y="771" width="12" height="19" />
        <cmp x="1843" y="765" width="59" height="25" />
      </word>
      <word id="k04-110-00-06" tag="CC" text="and">
        <cmp x="1960" y="762" width="109" height="27" />
        <cmp x="2069" y="716" width="27" height="75" />
      </word>
      <lower-contour>
        <point x="379" y="815" />
        <point x="2096" y="815" />
      </lower-contour>
    </line>
    <line ass="-111" asx="0" asy="877" character-width="999" dss="-111" dsx="0" dsy="1016" fd0="14131" fd1="3259" fd2="-36" filter-width="4" id="k04-110-01" lbs="-153" lbx="0" lby="959" segmentation="ok" slant="102000" stroke-width="6085" threshold="179" text="Lucia might have been the only living" ubs="-27" ubx="0" uby="934">
      <word id="k04-110-01-00" tag="NP" text="Lucia">
        <cmp x="361" y="879" width="30" height="77" />
        <cmp x="396" y="942" width="55" height="21" />
        <cmp x="455" y="923" width="39" height="42" />
        <cmp x="501" y="898" width="13" height="22" />
        <cmp x="506" y="936" width="13" height="23" />
        <cmp x="520" y="939" width="49" height="25" />
      </word>
      <word id="k04-110-01-01" tag="MD" text="might">
        <cmp x="656" y="939" width="84" height="28" />
        <cmp x="739" y="914" width="13" height="18" />
        <cmp x="749" y="945" width="16" height="18" />
        <cmp x="775" y="936" width="38" height="82" />
        <cmp x="804" y="901" width="52" height="63" />
        <cmp x="865" y="933" width="28" height="34" />
      </word>
      <word id="k04-110-01-02" tag="HV" text="have">
        <cmp x="960" y="896" width="58" height="65" />
        <cmp x="1015" y="934" width="48" height="25" />
        <cmp x="1053" y="926" width="35" height="34" />
        <cmp x="1094" y="930" width="37" height="31" />
      </word>
      <word id="k04-110-01-03" tag="BEN" text="been">
        <cmp x="1219" y="904" width="36" height="56" />
        <cmp x="1258" y="930" width="40" height="28" />
        <cmp x="1300" y="927" width="43" height="39" />
        <cmp x="1348" y="933" width="48" height="28" />
      </word>
      <word id="k04-110-01-04" tag="ATI" text="the">
        <cmp x="1489" y="915" width="44" height="50" />
        <cmp x="1528" y="915" width="58" height="48" />
        <cmp x="1585" y="933" width="36" height="38" />
      </word>
      <word id="k04-110-01-05" tag="AP" text="only">
        <cmp x="1703" y="942" width="41" height="31" />
        <cmp x="1752" y="887" width="64" height="83" />
        <cmp x="1826" y="930" width="39" height="63" />
      </word>
      <word id="k04-110-01-06" tag="JJ" text="living">
        <cmp x="1904" y="881" width="34" height="86" />
        <cmp x="1937" y="934" width="18" height="26" />
        <cmp x="1954" y="928" width="35" height="32" />
        <cmp x="1984" y="898" width="24" height="24" />
        <cmp x="1999" y="941" width="15" height="22" />
        <cmp x="2017" y="936" width="63" height="26" />
        <cmp x="2075" y="939" width="39" height="78" />
      </word>
      <upper-contour>
        <point x="379" y="815" />
        <point x="2096" y="815" />
      </upper-contour>
      <lower-contour>
        <point x="359" y="1018" />
        <point x="2115" y="1018" />
      </lower-contour>
    </line>
    <line ass="44" asx="0" asy="1063" character-width="999" dss="44" dsx="0" dsy="1197" fd0="13147" fd1="2895" fd2="-389" filter-width="4" id="k04-110-02" lbs="16" lbx="0" lby="1143" segmentation="ok" slant="90000" stroke-width="6175" threshold="180" text="creatures on an empty planet. After the" ubs="101" ubx="0" uby="1116">
      <word id="k04-110-02-00" tag="NNS" text="creatures">
        <cmp x="357" y="1081" width="47" height="58" />
        <cmp x="423" y="1094" width="31" height="55" />
        <cmp x="458" y="1107" width="95" height="41" />
        <cmp x="559" y="1101" width="37" height="42" />
        <cmp x="599" y="1115" width="52" height="21" />
        <cmp x="657" y="1099" width="31" height="41" />
        <cmp x="693" y="1111" width="39" height="28" />
        <cmp x="741" y="1105" width="31" height="43" />
      </word>
      <word id="k04-110-02-01" tag="IN" text="on">
        <cmp x="869" y="1118" width="34" height="22" />
        <cmp x="915" y="1119" width="62" height="24" />
      </word>
      <word id="k04-110-02-02" tag="AT" text="an">
        <cmp x="1044" y="1122" width="51" height="31" />
        <cmp x="1087" y="1120" width="53" height="27" />
      </word>
      <word id="k04-110-02-03" tag="JJ" text="empty">
        <cmp x="1244" y="1104" width="123" height="47" />
        <cmp x="1366" y="1116" width="27" height="70" />
        <cmp x="1394" y="1082" width="29" height="63" />
        <cmp x="1423" y="1121" width="38" height="75" />
      </word>
      <word id="k04-110-02-04" tag="NN" text="planet">
        <cmp x="1544" y="1112" width="25" height="72" />
        <cmp x="1562" y="1063" width="27" height="87" />
        <cmp x="1586" y="1119" width="55" height="27" />
        <cmp x="1632" y="1113" width="97" height="33" />
        <cmp x="1723" y="1099" width="31" height="44" />
      </word>
      <word id="k04-110-02-05" tag="." text=".">
        <cmp x="1778" y="1133" width="5" height="6" />
      </word>
      <word id="k04-110-02-06" sentence-start="yes" tag="IN" text="After">
        <cmp x="1820" y="1064" width="38" height="84" />
        <cmp x="1863" y="1078" width="94" height="67" />
        <cmp x="1971" y="1098" width="41" height="38" />
      </word>
      <word id="k04-110-02-07" tag="ATI" text="the">
        <cmp x="2075" y="1094" width="57" height="56" />
        <cmp x="2121" y="1091" width="77" height="61" />
      </word>
      <upper-contour>
        <point x="359" y="1018" />
        <point x="2115" y="1018" />
      </upper-contour>
      <lower-contour>
        <point x="368" y="1196" />
        <point x="2101" y="1196" />
      </lower-contour>
    </line>
    <line ass="-233" asx="0" asy="1230" character-width="999" dss="-233" dsx="0" dsy="1331" fd0="13813" fd1="2870" fd2="-581" filter-width="4" id="k04-110-03" lbs="-210" lbx="0" lby="1319" segmentation="ok" slant="100000" stroke-width="6162" threshold="179" text="initial shock, Vittoria felt calm. She" ubs="-281" ubx="0" uby="1290">
      <word id="k04-110-03-00" tag="JJ" text="initial">
        <cmp x="370" y="1246" width="17" height="23" />
        <cmp x="371" y="1279" width="19" height="36" />
        <cmp x="416" y="1286" width="53" height="29" />
        <cmp x="468" y="1264" width="14" height="14" />
        <cmp x="476" y="1297" width="14" height="21" />
        <cmp x="514" y="1275" width="39" height="47" />
        <cmp x="555" y="1261" width="20" height="22" />
        <cmp x="562" y="1297" width="19" height="25" />
        <cmp x="595" y="1259" width="61" height="63" />
      </word>
      <word id="k04-110-03-01" tag="NN" text="shock">
        <cmp x="740" y="1274" width="48" height="57" />
        <cmp x="782" y="1243" width="65" height="81" />
        <cmp x="846" y="1302" width="33" height="24" />
        <cmp x="897" y="1268" width="28" height="51" />
        <cmp x="928" y="1268" width="48" height="55" />
      </word>
      <word id="k04-110-03-02" tag="," text=",">
        <cmp x="1018" y="1303" width="17" height="33" />
      </word>
      <word id="k04-110-03-03" tag="NP" text="Vittoria">
        <cmp x="1051" y="1247" width="58" height="74" />
        <cmp x="1128" y="1302" width="17" height="23" />
        <cmp x="1134" y="1281" width="12" height="11" />
        <cmp x="1168" y="1290" width="45" height="40" />
        <cmp x="1206" y="1280" width="65" height="49" />
        <cmp x="1283" y="1289" width="37" height="35" />
        <cmp x="1329" y="1267" width="24" height="23" />
        <cmp x="1333" y="1304" width="18" height="23" />
        <cmp x="1359" y="1296" width="60" height="30" />
      </word>
      <word id="k04-110-03-04" tag="VBD" text="felt">
        <cmp x="1518" y="1249" width="49" height="77" />
        <cmp x="1565" y="1289" width="42" height="36" />
        <cmp x="1612" y="1254" width="13" height="76" />
        <cmp x="1635" y="1269" width="34" height="67" />
      </word>
      <word id="k04-110-03-05" tag="JJ" text="calm">
        <cmp x="1763" y="1254" width="97" height="79" />
        <cmp x="1859" y="1294" width="80" height="35" />
      </word>
      <word id="k04-110-03-06" tag="." text=".">
        <cmp x="1943" y="1302" width="22" height="14" />
        <cmp x="1953" y="1300" width="5" height="5" />
      </word>
      <word id="k04-110-03-07" sentence-start="yes" tag="PP3A" text="She">
        <cmp x="1983" y="1257" width="40" height="68" />
        <cmp x="2025" y="1240" width="45" height="85" />
        <cmp x="2067" y="1297" width="33" height="30" />
      </word>
      <upper-contour>
        <point x="368" y="1196" />
        <point x="2101" y="1196" />
      </upper-contour>
      <lower-contour>
        <point x="393" y="1336" />
        <point x="2081" y="1336" />
      </lower-contour>
    </line>
    <line ass="15" asx="0" asy="1425" character-width="999" dss="15" dsx="0" dsy="1529" fd0="13154" fd1="2353" fd2="-1007" filter-width="4" id="k04-110-04" lbs="161" lbx="0" lby="1507" segmentation="ok" slant="102000" stroke-width="6605" threshold="177" text="knew exactly what she wanted, and" ubs="-276" ubx="0" uby="1464">
      <word id="k04-110-04-00" tag="VBD" text="knew">
        <cmp x="395" y="1429" width="95" height="77" />
        <cmp x="488" y="1466" width="39" height="37" />
        <cmp x="527" y="1464" width="64" height="41" />
      </word>
      <word id="k04-110-04-01" tag="RB" text="exactly">
        <cmp x="719" y="1458" width="51" height="45" />
        <cmp x="774" y="1454" width="51" height="60" />
        <cmp x="823" y="1429" width="97" height="88" />
        <cmp x="939" y="1471" width="38" height="53" />
      </word>
      <word id="k04-110-04-02" tag="WDT" text="what">
        <cmp x="1082" y="1425" width="114" height="85" />
        <cmp x="1187" y="1479" width="53" height="29" />
        <cmp x="1244" y="1460" width="42" height="46" />
      </word>
      <word id="k04-110-04-03" tag="PP3A" text="she">
        <cmp x="1367" y="1445" width="39" height="63" />
        <cmp x="1412" y="1426" width="52" height="69" />
        <cmp x="1465" y="1470" width="34" height="38" />
      </word>
      <word id="k04-110-04-04" tag="VBD" text="wanted">
        <cmp x="1580" y="1460" width="87" height="32" />
        <cmp x="1668" y="1465" width="64" height="35" />
        <cmp x="1702" y="1451" width="64" height="54" />
        <cmp x="1766" y="1461" width="42" height="41" />
        <cmp x="1811" y="1440" width="35" height="69" />
      </word>
      <word id="k04-110-04-05" tag="," text=",">
        <cmp x="1886" y="1493" width="26" height="36" />
      </word>
      <word id="k04-110-04-06" tag="CC" text="and">
        <cmp x="1936" y="1477" width="62" height="33" />
        <cmp x="1985" y="1470" width="53" height="37" />
        <cmp x="2033" y="1448" width="47" height="63" />
      </word>
      <upper-contour>
        <point x="393" y="1336" />
        <point x="2081" y="1336" />
      </upper-contour>
      <lower-contour>
        <point x="393" y="1529" />
        <point x="2081" y="1529" />
      </lower-contour>
    </line>
    <line ass="-291" asx="0" asy="1606" character-width="999" dss="-291" dsx="0" dsy="1732" fd0="13264" fd1="2635" fd2="-509" filter-width="4" id="k04-110-05" lbs="-380" lbx="0" lby="1677" segmentation="ok" slant="90000" stroke-width="6314" threshold="179" text="was prepared to take it without scruple," ubs="-112" ubx="0" uby="1649">
      <word id="k04-110-05-00" tag="BEDZ" text="was">
        <cmp x="371" y="1645" width="68" height="40" />
        <cmp x="446" y="1653" width="44" height="34" />
        <cmp x="501" y="1647" width="40" height="49" />
      </word>
      <word id="k04-110-05-01" tag="VBN" text="prepared">
        <cmp x="656" y="1657" width="45" height="66" />
        <cmp x="709" y="1630" width="36" height="61" />
        <cmp x="743" y="1650" width="53" height="37" />
        <cmp x="794" y="1645" width="69" height="76" />
        <cmp x="875" y="1623" width="101" height="69" />
      </word>
      <word id="k04-110-05-02" tag="TO" text="to">
        <cmp x="1071" y="1642" width="46" height="48" />
        <cmp x="1124" y="1656" width="38" height="27" />
      </word>
      <word id="k04-110-05-03" tag="VB" text="take">
        <cmp x="1216" y="1648" width="43" height="36" />
        <cmp x="1261" y="1651" width="51" height="30" />
        <cmp x="1299" y="1635" width="94" height="53" />
      </word>
      <word id="k04-110-05-04" tag="PP3" text="it">
        <cmp x="1514" y="1623" width="15" height="18" />
        <cmp x="1517" y="1647" width="24" height="38" />
        <cmp x="1555" y="1642" width="47" height="40" />
      </word>
      <word id="k04-110-05-05" tag="IN" text="without">
        <cmp x="1635" y="1650" width="75" height="36" />
        <cmp x="1706" y="1626" width="20" height="18" />
        <cmp x="1724" y="1662" width="12" height="27" />
        <cmp x="1755" y="1619" width="85" height="70" />
        <cmp x="1832" y="1658" width="97" height="27" />
        <cmp x="1923" y="1646" width="38" height="41" />
      </word>
      <word id="k04-110-05-06" tag="NN" text="scruple">
        <cmp x="2021" y="1634" width="28" height="51" />
        <cmp x="2055" y="1637" width="30" height="48" />
        <cmp x="2095" y="1633" width="100" height="111" />
        <cmp x="2195" y="1619" width="14" height="77" />
        <cmp x="2219" y="1658" width="40" height="47" />
      </word>
      <word id="k04-110-05-07" tag="," text=",">
        <cmp x="2272" y="1701" width="9" height="20" />
      </word>
      <upper-contour>
        <point x="393" y="1529" />
        <point x="2081" y="1529" />
      </upper-contour>
      <lower-contour>
        <point x="369" y="1724" />
        <point x="2089" y="1724" />
      </lower-contour>
    </line>
    <line ass="-494" asx="0" asy="1744" character-width="999" dss="-494" dsx="0" dsy="1902" fd0="13557" fd1="3071" fd2="-155" filter-width="4" id="k04-110-06" lbs="-388" lbx="0" lby="1854" segmentation="ok" slant="111000" stroke-width="6244" threshold="179" text="if she could. What she had forgotten" ubs="-705" ubx="0" uby="1814">
      <word id="k04-110-06-00" tag="CS" text="if">
        <cmp x="364" y="1749" width="11" height="6" />
        <cmp x="366" y="1781" width="36" height="71" />
        <cmp x="407" y="1780" width="36" height="68" />
      </word>
      <word id="k04-110-06-01" tag="PP3A" text="she">
        <cmp x="474" y="1809" width="35" height="51" />
        <cmp x="508" y="1782" width="55" height="75" />
        <cmp x="560" y="1830" width="38" height="38" />
      </word>
      <word id="k04-110-06-02" tag="MD" text="could">
        <cmp x="659" y="1814" width="73" height="59" />
        <cmp x="738" y="1841" width="68" height="22" />
        <cmp x="797" y="1796" width="33" height="69" />
        <cmp x="844" y="1784" width="44" height="80" />
      </word>
      <word id="k04-110-06-03" tag="." text=".">
        <cmp x="927" y="1855" width="17" height="16" />
      </word>
      <word id="k04-110-06-04" sentence-start="yes" tag="WDT" text="What">
        <cmp x="955" y="1797" width="76" height="64" />
        <cmp x="1012" y="1771" width="73" height="88" />
        <cmp x="1081" y="1826" width="62" height="32" />
        <cmp x="1167" y="1815" width="45" height="54" />
      </word>
      <word id="k04-110-06-05" tag="PP3A" text="she">
        <cmp x="1260" y="1818" width="21" height="47" />
        <cmp x="1289" y="1777" width="52" height="88" />
        <cmp x="1345" y="1831" width="30" height="32" />
      </word>
      <word id="k04-110-06-06" tag="HVD" text="had">
        <cmp x="1476" y="1790" width="106" height="72" />
        <cmp x="1586" y="1794" width="38" height="70" />
      </word>
      <word id="k04-110-06-07" tag="VBN" text="forgotten">
        <cmp x="1693" y="1789" width="48" height="79" />
        <cmp x="1718" y="1853" width="4" height="4" />
        <cmp x="1743" y="1836" width="33" height="25" />
        <cmp x="1792" y="1826" width="34" height="46" />
        <cmp x="1813" y="1838" width="93" height="81" />
        <cmp x="1912" y="1829" width="42" height="44" />
        <cmp x="1957" y="1826" width="30" height="50" />
        <cmp x="1985" y="1837" width="40" height="35" />
        <cmp x="2027" y="1840" width="61" height="37" />
      </word>
      <upper-contour>
        <point x="369" y="1724" />
        <point x="2089" y="1724" />
      </upper-contour>
      <lower-contour>
        <point x="362" y="1919" />
        <point x="2089" y="1919" />
      </lower-contour>
    </line>
    <line ass="-696" asx="0" asy="1952" character-width="999" dss="-696" dsx="0" dsy="2064" fd0="13786" fd1="3202" fd2="-343" filter-width="4" id="k04-110-07" lbs="-716" lbx="0" lby="2027" segmentation="ok" slant="101000" stroke-width="6219" threshold="180" text="in her self-absorption in her own schemes" ubs="-656" ubx="0" uby="2001">
      <word id="k04-110-07-00" tag="IN" text="in">
        <cmp x="355" y="1967" width="21" height="16" />
        <cmp x="371" y="2005" width="16" height="31" />
        <cmp x="395" y="2007" width="57" height="26" />
      </word>
      <word id="k04-110-07-01" tag="PP$" text="her">
        <cmp x="502" y="1974" width="64" height="66" />
        <cmp x="570" y="2003" width="44" height="33" />
        <cmp x="626" y="1998" width="29" height="41" />
      </word>
      <word id="k04-110-07-02" tag="NN" text="self-absorption">
        <cmp x="736" y="1991" width="35" height="50" />
        <cmp x="789" y="1996" width="43" height="42" />
        <cmp x="837" y="1969" width="15" height="64" />
        <cmp x="862" y="1968" width="37" height="65" />
        <cmp x="913" y="2012" width="28" height="10" />
        <cmp x="964" y="2001" width="51" height="34" />
        <cmp x="1032" y="1984" width="34" height="62" />
        <cmp x="1069" y="1991" width="40" height="53" />
        <cmp x="1112" y="2014" width="38" height="28" />
        <cmp x="1155" y="1997" width="28" height="46" />
        <cmp x="1185" y="1999" width="28" height="80" />
        <cmp x="1221" y="1987" width="33" height="54" />
        <cmp x="1257" y="1968" width="19" height="28" />
        <cmp x="1261" y="2010" width="14" height="27" />
        <cmp x="1284" y="2017" width="48" height="30" />
        <cmp x="1334" y="2017" width="59" height="37" />
      </word>
      <word id="k04-110-07-03" tag="IN" text="in">
        <cmp x="1479" y="1988" width="20" height="19" />
        <cmp x="1484" y="2029" width="29" height="25" />
        <cmp x="1522" y="2026" width="56" height="23" />
      </word>
      <word id="k04-110-07-04" tag="PP$" text="her">
        <cmp x="1604" y="1979" width="99" height="75" />
        <cmp x="1709" y="1997" width="45" height="55" />
      </word>
      <word id="k04-110-07-05" tag="AP" text="own">
        <cmp x="1793" y="2013" width="37" height="26" />
        <cmp x="1844" y="2014" width="70" height="28" />
        <cmp x="1925" y="2017" width="51" height="39" />
      </word>
      <word id="k04-110-07-06" tag="NNS" text="schemes">
        <cmp x="2016" y="2003" width="63" height="50" />
        <cmp x="2057" y="1978" width="40" height="79" />
        <cmp x="2104" y="2015" width="92" height="39" />
        <cmp x="2196" y="2027" width="34" height="33" />
        <cmp x="2238" y="2020" width="32" height="44" />
      </word>
      <upper-contour>
        <point x="362" y="1919" />
        <point x="2089" y="1919" />
      </upper-contour>
      <lower-contour>
        <point x="353" y="2079" />
        <point x="2271" y="2079" />
      </lower-contour>
    </line>
    <line ass="-516" asx="0" asy="2122" character-width="999" dss="-516" dsx="0" dsy="2261" fd0="12972" fd1="2602" fd2="-933" filter-width="4" id="k04-110-08" lbs="-504" lbx="0" lby="2211" segmentation="ok" slant="90000" stroke-width="6261" threshold="180" text="was that other people were equally absorbed" ubs="-542" ubx="0" uby="2177">
      <word id="k04-110-08-00" tag="BEDZ" text="was">
        <cmp x="346" y="2169" width="68" height="44" />
        <cmp x="420" y="2180" width="84" height="35" />
        <cmp x="501" y="2178" width="38" height="47" />
      </word>
      <word id="k04-110-08-01" tag="CS" text="that">
        <cmp x="645" y="2146" width="81" height="84" />
        <cmp x="718" y="2189" width="63" height="32" />
        <cmp x="779" y="2167" width="41" height="53" />
      </word>
      <word id="k04-110-08-02" tag="AP" text="other">
        <cmp x="896" y="2186" width="40" height="34" />
        <cmp x="941" y="2162" width="40" height="59" />
        <cmp x="986" y="2146" width="47" height="77" />
        <cmp x="1025" y="2185" width="40" height="37" />
        <cmp x="1069" y="2180" width="36" height="46" />
      </word>
      <word id="k04-110-08-03" tag="NNS" text="people">
        <cmp x="1188" y="2199" width="38" height="71" />
        <cmp x="1231" y="2181" width="79" height="46" />
        <cmp x="1317" y="2183" width="27" height="79" />
        <cmp x="1351" y="2136" width="21" height="81" />
        <cmp x="1370" y="2183" width="35" height="37" />
      </word>
      <word id="k04-110-08-04" tag="BED" text="were">
        <cmp x="1451" y="2183" width="72" height="29" />
        <cmp x="1529" y="2180" width="37" height="35" />
        <cmp x="1578" y="2180" width="39" height="36" />
        <cmp x="1615" y="2186" width="45" height="36" />
      </word>
      <word id="k04-110-08-05" tag="RB" text="equally">
        <cmp x="1751" y="2183" width="79" height="96" />
        <cmp x="1847" y="2204" width="49" height="25" />
        <cmp x="1897" y="2200" width="51" height="30" />
        <cmp x="1941" y="2159" width="18" height="76" />
        <cmp x="1956" y="2161" width="27" height="65" />
        <cmp x="1989" y="2200" width="38" height="61" />
      </word>
      <word id="k04-110-08-06" tag="VBN" text="absorbed">
        <cmp x="2090" y="2198" width="46" height="31" />
        <cmp x="2149" y="2173" width="28" height="66" />
        <cmp x="2178" y="2201" width="19" height="38" />
        <cmp x="2204" y="2211" width="29" height="21" />
        <cmp x="2236" y="2178" width="104" height="69" />
      </word>
      <upper-contour>
        <point x="353" y="2079" />
        <point x="2271" y="2079" />
      </upper-contour>
      <lower-contour>
        <point x="344" y="2279" />
        <point x="2149" y="2279" />
      </lower-contour>
    </line>
    <line ass="-659" asx="0" asy="2303" character-width="999" dss="-659" dsx="0" dsy="2421" fd0="13667" fd1="2879" fd2="-655" filter-width="4" id="k04-110-09" lbs="-660" lbx="0" lby="2386" segmentation="ok" slant="90000" stroke-width="6202" threshold="178" text="in their schemes, which were likely to" ubs="-657" ubx="0" uby="2354">
      <word id="k04-110-09-00" tag="IN" text="in">
        <cmp x="339" y="2308" width="23" height="31" />
        <cmp x="351" y="2351" width="17" height="35" />
        <cmp x="375" y="2357" width="58" height="24" />
      </word>
      <word id="k04-110-09-01" tag="PP$" text="their">
        <cmp x="493" y="2342" width="38" height="49" />
        <cmp x="546" y="2330" width="89" height="78" />
        <cmp x="638" y="2357" width="38" height="43" />
      </word>
      <word id="k04-110-09-02" tag="NNS" text="schemes">
        <cmp x="771" y="2351" width="23" height="47" />
        <cmp x="817" y="2350" width="33" height="49" />
        <cmp x="854" y="2324" width="45" height="71" />
        <cmp x="901" y="2364" width="35" height="37" />
        <cmp x="943" y="2361" width="73" height="29" />
        <cmp x="1019" y="2360" width="32" height="38" />
        <cmp x="1061" y="2349" width="34" height="48" />
      </word>
      <word id="k04-110-09-03" tag="," text=",">
        <cmp x="1119" y="2371" width="17" height="35" />
      </word>
      <word id="k04-110-09-04" tag="WDT" text="which">
        <cmp x="1163" y="2353" width="72" height="38" />
        <cmp x="1232" y="2334" width="64" height="75" />
        <cmp x="1276" y="2346" width="15" height="16" />
        <cmp x="1299" y="2384" width="16" height="19" />
        <cmp x="1328" y="2372" width="35" height="34" />
        <cmp x="1345" y="2339" width="56" height="65" />
      </word>
      <word id="k04-110-09-05" tag="BED" text="were">
        <cmp x="1470" y="2377" width="127" height="33" />
        <cmp x="1604" y="2364" width="34" height="47" />
        <cmp x="1646" y="2374" width="45" height="35" />
      </word>
      <word id="k04-110-09-06" tag="JJ" text="likely">
        <cmp x="1777" y="2326" width="14" height="85" />
        <cmp x="1799" y="2351" width="10" height="17" />
        <cmp x="1801" y="2380" width="7" height="24" />
        <cmp x="1832" y="2363" width="72" height="44" />
        <cmp x="1899" y="2337" width="28" height="82" />
        <cmp x="1934" y="2377" width="10" height="67" />
        <cmp x="1947" y="2381" width="15" height="21" />
      </word>
      <word id="k04-110-09-07" tag="TO" text="to">
        <cmp x="2053" y="2351" width="42" height="52" />
        <cmp x="2105" y="2375" width="43" height="30" />
      </word>
      <upper-contour>
        <point x="344" y="2279" />
        <point x="2149" y="2279" />
      </upper-contour>
      <lower-contour>
        <point x="393" y="2411" />
        <point x="1784" y="2411" />
      </lower-contour>
    </line>
    <line ass="-771" asx="0" asy="2499" character-width="999" dss="-771" dsx="0" dsy="2575" fd0="13377" fd1="3175" fd2="390" filter-width="4" id="k04-110-10" lbs="-733" lbx="0" lby="2567" segmentation="err" slant="91000" stroke-width="6292" threshold="179" text="run counter to her own." ubs="-848" ubx="0" uby="2535">
      <word id="k04-110-10-00" tag="VB" text="run">
        <cmp x="395" y="2505" width="70" height="65" />
        <cmp x="474" y="2534" width="50" height="37" />
      </word>
      <word id="k04-110-10-01" tag="RB" text="counter">
        <cmp x="655" y="2519" width="74" height="60" />
        <cmp x="736" y="2553" width="49" height="25" />
        <cmp x="796" y="2540" width="51" height="39" />
        <cmp x="887" y="2538" width="40" height="49" />
        <cmp x="942" y="2546" width="36" height="38" />
        <cmp x="1010" y="2526" width="41" height="57" />
      </word>
      <word id="k04-110-10-02" tag="IN" text="to">
        <cmp x="1190" y="2546" width="39" height="34" />
        <cmp x="1229" y="2556" width="34" height="21" />
      </word>
      <word id="k04-110-10-03" tag="PP$" text="her">
        <cmp x="1380" y="2527" width="64" height="61" />
        <cmp x="1442" y="2557" width="37" height="32" />
        <cmp x="1493" y="2555" width="40" height="38" />
      </word>
      <word id="k04-110-10-04" tag="AP" text="own">
        <cmp x="1602" y="2558" width="38" height="34" />
        <cmp x="1644" y="2556" width="73" height="34" />
      </word>
      <word id="k04-110-10-05" tag="." text=".">
        <cmp x="1732" y="2554" width="51" height="41" />
      </word>
      <upper-contour>
        <point x="393" y="2411" />
        <point x="1784" y="2411" />
      </upper-contour>
    </line>
  </handwritten-part>
</form>

