<?xml version="1.0" encoding="ISO-8859-1"?>

<!DOCTYPE form SYSTEM 'http://www.iam.unibe.ch/~fki/iamdb/form-metadata.dtd'>

<form created="2002-01-25" height="3542" id="k04-163" last-modified="2002-07-17" skew="30" status="final" version="3.0_beta" width="2479" writer-id="453">
  <machine-printed-part>
    <machine-print-line text="&apos;She is absolutely safe,&apos; he replied; but he turned, nevertheless, to the man who" />
    <machine-print-line text="had peered into the coach, whom he had addressed as Luigi, and gave him sharp" />
    <machine-print-line text="instructions on the matter. Vittoria stood looking about her, breathing the scent of" />
    <machine-print-line text="thyme. The land at her feet sloped away into a tiny valley beyond which, on the crest" />
    <machine-print-line text="of a wooded hill-side, the ruins of a small temple were etched against the clear blue" />
    <machine-print-line text="of the sky." />
  </machine-printed-part>
  <handwritten-part>
    <line ass="495" asx="0" asy="861" character-width="999" dss="495" dsx="0" dsy="987" fd0="13265" fd1="2995" fd2="-894" filter-width="3" id="k04-163-00" lbs="432" lbx="0" lby="947" segmentation="err" slant="89000" stroke-width="5443" threshold="179" text="&apos;She is absolutely safe,&apos; he replied; but he turned," ubs="621" ubx="0" uby="918">
      <word id="k04-163-00-00" sentence-start="yes" tag="*&apos;" text="&apos;">
        <cmp x="367" y="870" width="26" height="72" />
      </word>
      <word id="k04-163-00-01" tag="PP3A" text="She">
        <cmp x="409" y="868" width="73" height="69" />
        <cmp x="410" y="858" width="6" height="9" />
      </word>
      <word id="k04-163-00-02" tag="BEZ" text="is">
        <cmp x="549" y="908" width="8" height="37" />
        <cmp x="561" y="902" width="32" height="48" />
      </word>
      <word id="k04-163-00-03" tag="RB" text="absolutely">
        <cmp x="647" y="909" width="48" height="39" />
        <cmp x="710" y="872" width="29" height="73" />
        <cmp x="745" y="902" width="64" height="46" />
        <cmp x="802" y="860" width="25" height="86" />
        <cmp x="837" y="904" width="30" height="42" />
        <cmp x="872" y="892" width="30" height="51" />
        <cmp x="907" y="857" width="56" height="88" />
        <cmp x="963" y="896" width="30" height="71" />
      </word>
      <word id="k04-163-00-04" tag="JJ" text="safe">
        <cmp x="1050" y="935" width="22" height="13" />
        <cmp x="1055" y="897" width="18" height="16" />
        <cmp x="1058" y="913" width="20" height="25" />
        <cmp x="1080" y="915" width="12" height="14" />
        <cmp x="1081" y="907" width="54" height="37" />
        <cmp x="1142" y="853" width="31" height="87" />
        <cmp x="1175" y="898" width="28" height="45" />
      </word>
      <word id="k04-163-00-05" tag="," text=",">
        <cmp x="1208" y="942" width="12" height="15" />
        <cmp x="1220" y="930" width="7" height="12" />
      </word>
      <word id="k04-163-00-06" tag="**&apos;" text="&apos;">
        <cmp x="1272" y="863" width="6" height="7" />
      </word>
      <word id="k04-163-00-07" tag="PP3A" text="he">
        <cmp x="1272" y="870" width="72" height="73" />
      </word>
      <word id="k04-163-00-08" tag="VBD" text="replied">
        <cmp x="1398" y="900" width="33" height="48" />
        <cmp x="1429" y="905" width="35" height="48" />
        <cmp x="1474" y="897" width="34" height="76" />
        <cmp x="1513" y="871" width="23" height="72" />
        <cmp x="1545" y="908" width="9" height="36" />
        <cmp x="1564" y="861" width="62" height="80" />
        <cmp x="1569" y="903" width="16" height="8" />
        <cmp x="1628" y="962" width="7" height="10" />
        <cmp x="1637" y="925" width="18" height="40" />
        <cmp x="1640" y="883" width="6" height="14" />
      </word>
      <word id="k04-163-00-09" tag=";" text=";">
        <cmp x="1696" y="881" width="26" height="63" />
      </word>
      <word id="k04-163-00-10" tag="CC" text="but">
        <cmp x="1727" y="902" width="28" height="37" />
        <cmp x="1729" y="906" width="8" height="10" />
        <cmp x="1772" y="885" width="30" height="47" />
      </word>
      <word id="k04-163-00-11" tag="PP3A" text="he">
        <cmp x="1834" y="868" width="75" height="64" />
      </word>
      <word id="k04-163-00-12" tag="VBD" text="turned">
        <cmp x="1939" y="878" width="34" height="52" />
        <cmp x="1974" y="881" width="31" height="45" />
        <cmp x="1977" y="899" width="4" height="3" />
        <cmp x="2009" y="881" width="34" height="44" />
        <cmp x="2042" y="844" width="112" height="85" />
      </word>
      <word id="k04-163-00-13" tag="," text=",">
        <cmp x="2161" y="929" width="20" height="40" />
      </word>
      <lower-contour>
        <point x="365" y="973" />
        <point x="2182" y="973" />
      </lower-contour>
    </line>
    <line ass="194" asx="0" asy="1041" character-width="999" dss="194" dsx="0" dsy="1160" fd0="12898" fd1="2856" fd2="-1317" filter-width="3" id="k04-163-01" lbs="231" lbx="0" lby="1127" segmentation="ok" slant="90000" stroke-width="5324" threshold="179" text="nevertheless, to the man who had peered into the" ubs="120" ubx="0" uby="1086">
      <word id="k04-163-01-00" tag="RB" text="nevertheless">
        <cmp x="348" y="1079" width="14" height="13" />
        <cmp x="363" y="1081" width="35" height="48" />
        <cmp x="417" y="1080" width="60" height="46" />
        <cmp x="475" y="1080" width="14" height="36" />
        <cmp x="492" y="1086" width="28" height="43" />
        <cmp x="518" y="1077" width="32" height="51" />
        <cmp x="559" y="1085" width="23" height="46" />
        <cmp x="576" y="1076" width="4" height="7" />
        <cmp x="583" y="1053" width="75" height="81" />
        <cmp x="657" y="1049" width="23" height="80" />
        <cmp x="686" y="1085" width="28" height="49" />
        <cmp x="713" y="1083" width="29" height="47" />
        <cmp x="747" y="1082" width="26" height="47" />
      </word>
      <word id="k04-163-01-01" tag="," text=",">
        <cmp x="778" y="1119" width="18" height="38" />
      </word>
      <word id="k04-163-01-02" tag="IN" text="to">
        <cmp x="836" y="1074" width="31" height="55" />
        <cmp x="867" y="1107" width="27" height="20" />
        <cmp x="876" y="1091" width="36" height="31" />
      </word>
      <word id="k04-163-01-03" tag="ATI" text="the">
        <cmp x="955" y="1070" width="48" height="51" />
        <cmp x="1007" y="1058" width="4" height="3" />
        <cmp x="1007" y="1062" width="76" height="66" />
      </word>
      <word id="k04-163-01-04" tag="NN" text="man">
        <cmp x="1132" y="1081" width="52" height="41" />
        <cmp x="1189" y="1085" width="39" height="38" />
        <cmp x="1223" y="1079" width="38" height="39" />
      </word>
      <word id="k04-163-01-05" tag="WP" text="who">
        <cmp x="1318" y="1068" width="52" height="52" />
        <cmp x="1382" y="1038" width="33" height="81" />
        <cmp x="1422" y="1077" width="38" height="43" />
      </word>
      <word id="k04-163-01-06" tag="HVD" text="had">
        <cmp x="1519" y="1038" width="40" height="85" />
        <cmp x="1569" y="1097" width="11" height="14" />
        <cmp x="1571" y="1092" width="68" height="39" />
        <cmp x="1629" y="1090" width="5" height="9" />
        <cmp x="1631" y="1100" width="13" height="21" />
        <cmp x="1636" y="1086" width="6" height="6" />
      </word>
      <word id="k04-163-01-07" tag="VBN" text="peered">
        <cmp x="1686" y="1082" width="33" height="73" />
        <cmp x="1733" y="1083" width="40" height="48" />
        <cmp x="1779" y="1082" width="39" height="49" />
        <cmp x="1828" y="1077" width="36" height="50" />
        <cmp x="1867" y="1038" width="66" height="85" />
      </word>
      <word id="k04-163-01-08" tag="IN" text="into">
        <cmp x="2026" y="1084" width="8" height="35" />
        <cmp x="2045" y="1058" width="81" height="63" />
        <cmp x="2130" y="1079" width="32" height="33" />
      </word>
      <word id="k04-163-01-09" tag="ATI" text="the">
        <cmp x="2216" y="1047" width="133" height="74" />
      </word>
      <upper-contour>
        <point x="365" y="973" />
        <point x="2182" y="973" />
      </upper-contour>
      <lower-contour>
        <point x="346" y="1157" />
        <point x="2350" y="1157" />
      </lower-contour>
    </line>
    <line ass="247" asx="0" asy="1218" character-width="999" dss="247" dsx="0" dsy="1346" fd0="12825" fd1="2345" fd2="-1522" filter-width="3" id="k04-163-02" lbs="272" lbx="0" lby="1306" segmentation="ok" slant="90000" stroke-width="5334" threshold="179" text="coach, whom he had addressed as Luigi, and gave him sharp" ubs="197" ubx="0" uby="1271">
      <word id="k04-163-02-00" tag="NN" text="coach">
        <cmp x="346" y="1256" width="34" height="50" />
        <cmp x="384" y="1268" width="34" height="33" />
        <cmp x="424" y="1268" width="52" height="41" />
        <cmp x="477" y="1243" width="57" height="65" />
        <cmp x="494" y="1261" width="8" height="7" />
        <cmp x="529" y="1284" width="8" height="31" />
      </word>
      <word id="k04-163-02-01" tag="," text=",">
        <cmp x="570" y="1310" width="16" height="28" />
      </word>
      <word id="k04-163-02-02" tag="WPO" text="whom">
        <cmp x="603" y="1267" width="14" height="43" />
        <cmp x="615" y="1257" width="33" height="47" />
        <cmp x="660" y="1232" width="29" height="74" />
        <cmp x="693" y="1270" width="26" height="39" />
        <cmp x="727" y="1269" width="40" height="42" />
      </word>
      <word id="k04-163-02-03" tag="PP3A" text="he">
        <cmp x="802" y="1237" width="72" height="74" />
      </word>
      <word id="k04-163-02-04" tag="HVD" text="had">
        <cmp x="913" y="1227" width="27" height="85" />
        <cmp x="950" y="1231" width="60" height="82" />
      </word>
      <word id="k04-163-02-05" tag="VBN" text="addressed">
        <cmp x="1080" y="1214" width="75" height="91" />
        <cmp x="1163" y="1223" width="25" height="82" />
        <cmp x="1196" y="1255" width="34" height="46" />
        <cmp x="1228" y="1256" width="46" height="49" />
        <cmp x="1258" y="1259" width="20" height="21" />
        <cmp x="1270" y="1292" width="29" height="16" />
        <cmp x="1277" y="1258" width="20" height="21" />
        <cmp x="1284" y="1277" width="16" height="15" />
        <cmp x="1306" y="1223" width="60" height="78" />
        <cmp x="1380" y="1287" width="3" height="5" />
      </word>
      <word id="k04-163-02-06" tag="IN" text="as">
        <cmp x="1411" y="1257" width="38" height="40" />
        <cmp x="1450" y="1294" width="9" height="4" />
        <cmp x="1459" y="1286" width="22" height="16" />
        <cmp x="1464" y="1255" width="12" height="22" />
        <cmp x="1471" y="1275" width="11" height="11" />
        <cmp x="1477" y="1255" width="7" height="4" />
      </word>
      <word id="k04-163-02-07" tag="NP" text="Luigi">
        <cmp x="1507" y="1224" width="21" height="74" />
        <cmp x="1536" y="1254" width="33" height="44" />
        <cmp x="1568" y="1264" width="12" height="33" />
        <cmp x="1590" y="1264" width="42" height="66" />
        <cmp x="1639" y="1262" width="8" height="29" />
      </word>
      <word id="k04-163-02-08" tag="," text=",">
        <cmp x="1654" y="1284" width="19" height="31" />
      </word>
      <word id="k04-163-02-09" tag="CC" text="and">
        <cmp x="1695" y="1263" width="48" height="31" />
        <cmp x="1736" y="1264" width="15" height="9" />
        <cmp x="1747" y="1220" width="63" height="77" />
      </word>
      <word id="k04-163-02-10" tag="VBD" text="gave">
        <cmp x="1843" y="1256" width="116" height="84" />
        <cmp x="1954" y="1257" width="27" height="41" />
      </word>
      <word id="k04-163-02-11" tag="PP3O" text="him">
        <cmp x="2020" y="1220" width="55" height="79" />
        <cmp x="2092" y="1260" width="54" height="41" />
      </word>
      <word id="k04-163-02-12" tag="JJ" text="sharp">
        <cmp x="2189" y="1264" width="34" height="29" />
        <cmp x="2198" y="1246" width="19" height="20" />
        <cmp x="2228" y="1218" width="11" height="88" />
        <cmp x="2236" y="1264" width="30" height="42" />
        <cmp x="2267" y="1258" width="75" height="45" />
        <cmp x="2341" y="1258" width="41" height="67" />
      </word>
      <upper-contour>
        <point x="346" y="1157" />
        <point x="2350" y="1157" />
      </upper-contour>
      <lower-contour>
        <point x="347" y="1340" />
        <point x="2383" y="1340" />
      </lower-contour>
    </line>
    <line ass="571" asx="0" asy="1414" character-width="999" dss="571" dsx="0" dsy="1520" fd0="13276" fd1="2889" fd2="-1171" filter-width="3" id="k04-163-03" lbs="593" lbx="0" lby="1494" segmentation="ok" slant="87999" stroke-width="5435" threshold="178" text="instructions on the matter. Vittoria stood looking about her," ubs="527" ubx="0" uby="1457">
      <word id="k04-163-03-00" tag="NNS" text="instructions">
        <cmp x="349" y="1456" width="6" height="47" />
        <cmp x="374" y="1458" width="38" height="39" />
        <cmp x="418" y="1448" width="28" height="48" />
        <cmp x="457" y="1446" width="55" height="41" />
        <cmp x="505" y="1440" width="4" height="8" />
        <cmp x="519" y="1443" width="39" height="41" />
        <cmp x="538" y="1441" width="3" height="4" />
        <cmp x="554" y="1429" width="26" height="54" />
        <cmp x="566" y="1424" width="5" height="4" />
        <cmp x="592" y="1439" width="10" height="41" />
        <cmp x="611" y="1448" width="29" height="37" />
        <cmp x="642" y="1451" width="28" height="36" />
        <cmp x="678" y="1447" width="24" height="47" />
      </word>
      <word id="k04-163-03-01" tag="IN" text="on">
        <cmp x="749" y="1451" width="37" height="31" />
        <cmp x="800" y="1446" width="37" height="42" />
      </word>
      <word id="k04-163-03-02" tag="ATI" text="the">
        <cmp x="891" y="1424" width="99" height="71" />
      </word>
      <word id="k04-163-03-03" tag="NN" text="matter">
        <cmp x="1041" y="1441" width="56" height="51" />
        <cmp x="1108" y="1431" width="172" height="57" />
      </word>
      <word id="k04-163-03-04" tag="." text=".">
        <cmp x="1289" y="1473" width="11" height="15" />
      </word>
      <word id="k04-163-03-05" sentence-start="yes" tag="NP" text="Vittoria">
        <cmp x="1323" y="1403" width="38" height="81" />
        <cmp x="1367" y="1446" width="8" height="36" />
        <cmp x="1410" y="1444" width="33" height="41" />
        <cmp x="1454" y="1434" width="27" height="49" />
        <cmp x="1482" y="1451" width="31" height="33" />
        <cmp x="1524" y="1445" width="33" height="43" />
        <cmp x="1558" y="1452" width="11" height="35" />
        <cmp x="1566" y="1426" width="3" height="3" />
        <cmp x="1582" y="1449" width="42" height="35" />
        <cmp x="1587" y="1457" width="4" height="4" />
      </word>
      <word id="k04-163-03-06" tag="VBD" text="stood">
        <cmp x="1663" y="1434" width="33" height="42" />
        <cmp x="1702" y="1426" width="21" height="46" />
        <cmp x="1726" y="1457" width="8" height="10" />
        <cmp x="1739" y="1439" width="33" height="33" />
        <cmp x="1771" y="1442" width="36" height="35" />
        <cmp x="1816" y="1405" width="32" height="70" />
      </word>
      <word id="k04-163-03-07" tag="VBG" text="looking">
        <cmp x="1895" y="1468" width="8" height="5" />
        <cmp x="1903" y="1400" width="15" height="68" />
        <cmp x="1925" y="1447" width="14" height="28" />
        <cmp x="1938" y="1439" width="22" height="32" />
        <cmp x="1960" y="1447" width="12" height="27" />
        <cmp x="1961" y="1438" width="31" height="32" />
        <cmp x="1992" y="1403" width="32" height="72" />
        <cmp x="2010" y="1434" width="32" height="36" />
        <cmp x="2052" y="1435" width="35" height="36" />
        <cmp x="2104" y="1433" width="47" height="67" />
      </word>
      <word id="k04-163-03-08" tag="IN" text="about">
        <cmp x="2180" y="1429" width="38" height="42" />
        <cmp x="2219" y="1393" width="29" height="77" />
        <cmp x="2238" y="1430" width="22" height="38" />
        <cmp x="2260" y="1436" width="30" height="37" />
        <cmp x="2292" y="1436" width="12" height="32" />
        <cmp x="2304" y="1417" width="22" height="48" />
        <cmp x="2331" y="1441" width="7" height="5" />
        <cmp x="2339" y="1415" width="18" height="52" />
      </word>
      <word id="k04-163-03-09" tag="PP3O" text="her">
        <cmp x="2395" y="1399" width="49" height="79" />
        <cmp x="2445" y="1438" width="33" height="47" />
      </word>
      <word id="k04-163-03-10" tag="," text=",">
        <cmp x="2471" y="1476" width="7" height="11" />
      </word>
      <upper-contour>
        <point x="347" y="1340" />
        <point x="2383" y="1340" />
      </upper-contour>
      <lower-contour>
        <point x="367" y="1501" />
        <point x="2428" y="1501" />
      </lower-contour>
    </line>
    <line ass="574" asx="0" asy="1595" character-width="999" dss="574" dsx="0" dsy="1713" fd0="12772" fd1="2540" fd2="-1184" filter-width="3" id="k04-163-04" lbs="604" lbx="0" lby="1679" segmentation="ok" slant="87000" stroke-width="5681" threshold="177" text="breathing the scent of thyme. The land at her feet sloped" ubs="514" ubx="0" uby="1634">
      <word id="k04-163-04-00" tag="VBG" text="breathing">
        <cmp x="369" y="1594" width="29" height="75" />
        <cmp x="413" y="1630" width="7" height="5" />
        <cmp x="413" y="1634" width="32" height="42" />
        <cmp x="445" y="1594" width="154" height="77" />
        <cmp x="613" y="1633" width="32" height="35" />
        <cmp x="649" y="1632" width="32" height="74" />
        <cmp x="649" y="1696" width="5" height="9" />
      </word>
      <word id="k04-163-04-01" tag="ATI" text="the">
        <cmp x="727" y="1596" width="98" height="75" />
        <cmp x="756" y="1618" width="5" height="6" />
      </word>
      <word id="k04-163-04-02" tag="NN" text="scent">
        <cmp x="874" y="1623" width="28" height="42" />
        <cmp x="901" y="1624" width="5" height="4" />
        <cmp x="910" y="1631" width="73" height="44" />
        <cmp x="927" y="1630" width="13" height="8" />
        <cmp x="974" y="1626" width="72" height="46" />
      </word>
      <word id="k04-163-04-03" tag="INO" text="of">
        <cmp x="1074" y="1635" width="32" height="37" />
        <cmp x="1114" y="1597" width="39" height="73" />
      </word>
      <word id="k04-163-04-04" tag="NN" text="thyme">
        <cmp x="1201" y="1588" width="115" height="113" />
        <cmp x="1287" y="1687" width="14" height="14" />
        <cmp x="1329" y="1628" width="78" height="42" />
      </word>
      <word id="k04-163-04-05" tag="." text=".">
        <cmp x="1424" y="1656" width="9" height="9" />
      </word>
      <word id="k04-163-04-06" sentence-start="yes" tag="ATI" text="The">
        <cmp x="1466" y="1594" width="4" height="3" />
        <cmp x="1472" y="1588" width="43" height="76" />
        <cmp x="1526" y="1591" width="74" height="72" />
      </word>
      <word id="k04-163-04-07" tag="NN" text="land">
        <cmp x="1625" y="1590" width="29" height="72" />
        <cmp x="1660" y="1626" width="44" height="37" />
        <cmp x="1703" y="1578" width="68" height="85" />
      </word>
      <word id="k04-163-04-08" tag="IN" text="at">
        <cmp x="1818" y="1602" width="81" height="48" />
      </word>
      <word id="k04-163-04-09" tag="PP$" text="her">
        <cmp x="1928" y="1592" width="90" height="66" />
        <cmp x="1930" y="1587" width="5" height="4" />
      </word>
      <word id="k04-163-04-10" tag="NNS" text="feet">
        <cmp x="2055" y="1578" width="37" height="80" />
        <cmp x="2097" y="1592" width="98" height="59" />
      </word>
      <word id="k04-163-04-11" tag="VBD" text="sloped">
        <cmp x="2218" y="1610" width="33" height="40" />
        <cmp x="2255" y="1578" width="17" height="91" />
        <cmp x="2280" y="1622" width="36" height="36" />
        <cmp x="2318" y="1614" width="37" height="70" />
        <cmp x="2364" y="1592" width="63" height="73" />
      </word>
      <upper-contour>
        <point x="367" y="1501" />
        <point x="2428" y="1501" />
      </upper-contour>
      <lower-contour>
        <point x="384" y="1707" />
        <point x="2335" y="1707" />
      </lower-contour>
    </line>
    <line ass="619" asx="0" asy="1760" character-width="999" dss="619" dsx="0" dsy="1891" fd0="13041" fd1="2741" fd2="-1115" filter-width="3" id="k04-163-05" lbs="632" lbx="0" lby="1858" segmentation="ok" slant="86000" stroke-width="5393" threshold="180" text="away into a tiny valley beyond which, on the crest" ubs="593" ubx="0" uby="1815">
      <word id="k04-163-05-00" tag="RP" text="away">
        <cmp x="386" y="1799" width="87" height="43" />
        <cmp x="463" y="1803" width="4" height="4" />
        <cmp x="478" y="1802" width="71" height="75" />
      </word>
      <word id="k04-163-05-01" tag="IN" text="into">
        <cmp x="635" y="1811" width="7" height="46" />
        <cmp x="659" y="1803" width="66" height="50" />
        <cmp x="734" y="1815" width="28" height="38" />
      </word>
      <word id="k04-163-05-02" tag="AT" text="a">
        <cmp x="833" y="1812" width="57" height="40" />
      </word>
      <word id="k04-163-05-03" tag="JJ" text="tiny">
        <cmp x="914" y="1800" width="42" height="50" />
        <cmp x="958" y="1784" width="12" height="12" />
        <cmp x="965" y="1814" width="6" height="31" />
        <cmp x="997" y="1810" width="28" height="35" />
        <cmp x="1030" y="1805" width="29" height="61" />
      </word>
      <word id="k04-163-05-04" tag="NN" text="valley">
        <cmp x="1134" y="1806" width="22" height="42" />
        <cmp x="1167" y="1781" width="59" height="69" />
        <cmp x="1227" y="1776" width="24" height="66" />
        <cmp x="1261" y="1797" width="62" height="70" />
      </word>
      <word id="k04-163-05-05" tag="IN" text="beyond">
        <cmp x="1390" y="1746" width="25" height="96" />
        <cmp x="1427" y="1795" width="74" height="82" />
        <cmp x="1504" y="1806" width="33" height="41" />
        <cmp x="1539" y="1764" width="76" height="82" />
      </word>
      <word id="k04-163-05-06" tag="WDT" text="which">
        <cmp x="1661" y="1794" width="50" height="36" />
        <cmp x="1708" y="1783" width="5" height="36" />
        <cmp x="1727" y="1759" width="52" height="79" />
        <cmp x="1790" y="1793" width="36" height="47" />
        <cmp x="1825" y="1765" width="26" height="70" />
      </word>
      <word id="k04-163-05-07" tag="," text=",">
        <cmp x="1859" y="1825" width="14" height="31" />
      </word>
      <word id="k04-163-05-08" tag="IN" text="on">
        <cmp x="1905" y="1793" width="33" height="41" />
        <cmp x="1954" y="1799" width="15" height="29" />
        <cmp x="1966" y="1793" width="24" height="41" />
      </word>
      <word id="k04-163-05-09" tag="ATI" text="the">
        <cmp x="2029" y="1778" width="36" height="56" />
        <cmp x="2061" y="1764" width="65" height="70" />
      </word>
      <word id="k04-163-05-10" tag="NN" text="crest">
        <cmp x="2161" y="1783" width="65" height="56" />
        <cmp x="2223" y="1805" width="3" height="3" />
        <cmp x="2227" y="1798" width="10" height="6" />
        <cmp x="2240" y="1785" width="39" height="52" />
        <cmp x="2274" y="1789" width="35" height="52" />
        <cmp x="2307" y="1787" width="27" height="51" />
      </word>
      <upper-contour>
        <point x="384" y="1707" />
        <point x="2335" y="1707" />
      </upper-contour>
      <lower-contour>
        <point x="384" y="1877" />
        <point x="2323" y="1877" />
      </lower-contour>
    </line>
    <line ass="440" asx="0" asy="1938" character-width="999" dss="440" dsx="0" dsy="2064" fd0="13074" fd1="2723" fd2="-759" filter-width="3" id="k04-163-06" lbs="404" lbx="0" lby="2027" segmentation="ok" slant="82000" stroke-width="5333" threshold="184" text="of a wooded hill-side, the ruins of a small temple" ubs="511" ubx="0" uby="1998">
      <word id="k04-163-06-00" tag="INO" text="of">
        <cmp x="370" y="1981" width="37" height="48" />
        <cmp x="429" y="1953" width="33" height="76" />
        <cmp x="437" y="2023" width="3" height="6" />
      </word>
      <word id="k04-163-06-01" tag="AT" text="a">
        <cmp x="516" y="1998" width="14" height="26" />
        <cmp x="523" y="1990" width="61" height="39" />
      </word>
      <word id="k04-163-06-02" tag="JJ" text="wooded">
        <cmp x="644" y="1986" width="51" height="42" />
        <cmp x="704" y="1988" width="36" height="35" />
        <cmp x="741" y="1988" width="28" height="37" />
        <cmp x="790" y="1940" width="27" height="83" />
        <cmp x="823" y="1976" width="26" height="34" />
        <cmp x="828" y="1935" width="66" height="86" />
      </word>
      <word id="k04-163-06-03" tag="NN" text="hill-side">
        <cmp x="968" y="1932" width="22" height="93" />
        <cmp x="988" y="1973" width="33" height="57" />
        <cmp x="1033" y="1944" width="19" height="78" />
        <cmp x="1054" y="1952" width="28" height="70" />
        <cmp x="1093" y="1997" width="27" height="7" />
        <cmp x="1127" y="1989" width="22" height="36" />
        <cmp x="1129" y="1967" width="21" height="23" />
        <cmp x="1159" y="1983" width="11" height="46" />
        <cmp x="1166" y="1978" width="3" height="3" />
        <cmp x="1186" y="1949" width="31" height="70" />
        <cmp x="1199" y="1936" width="5" height="11" />
        <cmp x="1227" y="1971" width="27" height="51" />
      </word>
      <word id="k04-163-06-04" tag="," text=",">
        <cmp x="1273" y="2030" width="12" height="25" />
      </word>
      <word id="k04-163-06-05" tag="ATI" text="the">
        <cmp x="1315" y="2000" width="4" height="6" />
        <cmp x="1320" y="1960" width="91" height="65" />
      </word>
      <word id="k04-163-06-06" tag="NNS" text="ruins">
        <cmp x="1460" y="1981" width="5" height="9" />
        <cmp x="1461" y="1991" width="5" height="35" />
        <cmp x="1466" y="1982" width="28" height="43" />
        <cmp x="1487" y="1998" width="5" height="19" />
        <cmp x="1491" y="1984" width="23" height="36" />
        <cmp x="1528" y="1981" width="10" height="35" />
        <cmp x="1544" y="1994" width="6" height="9" />
        <cmp x="1550" y="1989" width="32" height="31" />
        <cmp x="1577" y="2004" width="8" height="15" />
        <cmp x="1602" y="1990" width="27" height="36" />
        <cmp x="1604" y="1974" width="17" height="17" />
      </word>
      <word id="k04-163-06-07" tag="INO" text="of">
        <cmp x="1674" y="1984" width="31" height="35" />
        <cmp x="1726" y="1932" width="41" height="86" />
      </word>
      <word id="k04-163-06-08" tag="AT" text="a">
        <cmp x="1803" y="1975" width="49" height="31" />
      </word>
      <word id="k04-163-06-09" tag="JJ" text="small">
        <cmp x="1868" y="1983" width="28" height="30" />
        <cmp x="1874" y="1965" width="19" height="19" />
        <cmp x="1918" y="1970" width="22" height="45" />
        <cmp x="1935" y="1980" width="26" height="30" />
        <cmp x="1971" y="1947" width="56" height="67" />
        <cmp x="2024" y="1949" width="31" height="60" />
      </word>
      <word id="k04-163-06-10" tag="NN" text="temple">
        <cmp x="2084" y="1961" width="127" height="51" />
        <cmp x="2198" y="1985" width="10" height="31" />
        <cmp x="2216" y="1977" width="30" height="60" />
        <cmp x="2247" y="1947" width="33" height="67" />
        <cmp x="2289" y="1969" width="33" height="47" />
      </word>
      <upper-contour>
        <point x="384" y="1877" />
        <point x="2323" y="1877" />
      </upper-contour>
      <lower-contour>
        <point x="388" y="2055" />
        <point x="2323" y="2055" />
      </lower-contour>
    </line>
    <line ass="305" asx="0" asy="2114" character-width="999" dss="305" dsx="0" dsy="2234" fd0="13059" fd1="2194" fd2="-1216" filter-width="3" id="k04-163-07" lbs="221" lbx="0" lby="2204" segmentation="ok" slant="85000" stroke-width="5385" threshold="177" text="were etched against the clear blue of the sky." ubs="474" ubx="0" uby="2168">
      <word id="k04-163-07-00" tag="BED" text="were">
        <cmp x="390" y="2168" width="44" height="43" />
        <cmp x="432" y="2172" width="6" height="28" />
        <cmp x="453" y="2166" width="42" height="41" />
        <cmp x="494" y="2159" width="25" height="46" />
        <cmp x="531" y="2167" width="44" height="32" />
        <cmp x="544" y="2153" width="18" height="19" />
      </word>
      <word id="k04-163-07-01" tag="VBN" text="etched">
        <cmp x="651" y="2153" width="51" height="55" />
        <cmp x="692" y="2146" width="36" height="57" />
        <cmp x="730" y="2162" width="47" height="40" />
        <cmp x="775" y="2109" width="102" height="87" />
      </word>
      <word id="k04-163-07-02" tag="IN" text="against">
        <cmp x="952" y="2153" width="143" height="77" />
        <cmp x="1107" y="2171" width="10" height="12" />
        <cmp x="1115" y="2172" width="29" height="41" />
        <cmp x="1154" y="2166" width="20" height="46" />
        <cmp x="1179" y="2188" width="4" height="3" />
        <cmp x="1183" y="2157" width="26" height="50" />
      </word>
      <word id="k04-163-07-03" tag="ATI" text="the">
        <cmp x="1241" y="2156" width="38" height="54" />
        <cmp x="1277" y="2122" width="48" height="85" />
        <cmp x="1322" y="2161" width="30" height="40" />
      </word>
      <word id="k04-163-07-04" tag="JJ" text="clear">
        <cmp x="1426" y="2145" width="29" height="45" />
        <cmp x="1456" y="2122" width="33" height="79" />
        <cmp x="1506" y="2145" width="82" height="58" />
        <cmp x="1586" y="2154" width="38" height="42" />
      </word>
      <word id="k04-163-07-05" tag="NN" text="blue">
        <cmp x="1689" y="2109" width="32" height="78" />
        <cmp x="1728" y="2115" width="23" height="81" />
        <cmp x="1768" y="2148" width="31" height="44" />
        <cmp x="1793" y="2145" width="4" height="10" />
        <cmp x="1815" y="2140" width="29" height="47" />
      </word>
      <word id="k04-163-07-06" tag="INO" text="of">
        <cmp x="1891" y="2150" width="45" height="34" />
        <cmp x="1904" y="2149" width="6" height="5" />
        <cmp x="1912" y="2147" width="22" height="20" />
        <cmp x="1940" y="2110" width="38" height="76" />
      </word>
      <word id="k04-163-07-07" tag="ATI" text="the">
        <cmp x="2001" y="2107" width="101" height="85" />
      </word>
      <word id="k04-163-07-08" tag="NN" text="sky">
        <cmp x="2150" y="2135" width="43" height="50" />
        <cmp x="2208" y="2104" width="44" height="96" />
        <cmp x="2240" y="2143" width="53" height="79" />
      </word>
      <word id="k04-163-07-09" tag="." text=".">
        <cmp x="2315" y="2198" width="14" height="8" />
      </word>
      <upper-contour>
        <point x="388" y="2055" />
        <point x="2323" y="2055" />
      </upper-contour>
    </line>
  </handwritten-part>
</form>

