<?xml version="1.0" encoding="ISO-8859-1"?>

<!DOCTYPE form SYSTEM 'http://www.iam.unibe.ch/~fki/iamdb/form-metadata.dtd'>

<form created="2002-01-25" height="3542" id="k04-136" last-modified="2002-07-17" skew="-63" status="final" version="3.0_beta" width="2479" writer-id="451">
  <machine-printed-part>
    <machine-print-line text="Lucia was regarding him as a rabbit looks at a stoat. Thrusting his head farther into" />
    <machine-print-line text="the coach, he said sombrely: &apos;Have you ever heard of a punishment called the cord?&apos;" />
    <machine-print-line text="She blanched and shrank away. Was there not a street near Sant&apos; Angelo called the" />
    <machine-print-line text="Lane of the Corda where criminals were hoisted by their wrists forty, fifty, sixty feet" />
    <machine-print-line text="into the air, and dropped again and again, until their arms were wrenched from their" />
    <machine-print-line text="sockets. &apos;You have heard of it?" />
  </machine-printed-part>
  <handwritten-part>
    <line ass="-22" asx="0" asy="733" character-width="999" dss="-22" dsx="0" dsy="932" fd0="13937" fd1="3323" fd2="-517" filter-width="4" id="k04-136-00" lbs="-26" lbx="0" lby="822" segmentation="ok" slant="71000" stroke-width="5854" threshold="175" text="Lucia was regarding him as a rabbit looks at a stoat." ubs="-14" ubx="0" uby="784">
      <word id="k04-136-00-00" sentence-start="yes" tag="NP" text="Lucia">
        <cmp x="360" y="752" width="44" height="75" />
        <cmp x="423" y="785" width="32" height="42" />
        <cmp x="430" y="789" width="4" height="4" />
        <cmp x="457" y="780" width="38" height="44" />
        <cmp x="509" y="797" width="9" height="28" />
        <cmp x="522" y="765" width="4" height="6" />
        <cmp x="526" y="790" width="29" height="39" />
      </word>
      <word id="k04-136-00-01" tag="BEDZ" text="was">
        <cmp x="598" y="779" width="57" height="48" />
        <cmp x="650" y="786" width="29" height="39" />
        <cmp x="683" y="788" width="29" height="37" />
      </word>
      <word id="k04-136-00-02" tag="VBG" text="regarding">
        <cmp x="751" y="787" width="38" height="39" />
        <cmp x="784" y="782" width="55" height="152" />
        <cmp x="848" y="779" width="78" height="47" />
        <cmp x="916" y="752" width="41" height="74" />
        <cmp x="954" y="799" width="10" height="25" />
        <cmp x="974" y="771" width="4" height="6" />
        <cmp x="980" y="786" width="33" height="43" />
        <cmp x="1005" y="789" width="37" height="127" />
      </word>
      <word id="k04-136-00-03" tag="PP3O" text="him">
        <cmp x="1082" y="734" width="53" height="89" />
        <cmp x="1137" y="782" width="53" height="45" />
      </word>
      <word id="k04-136-00-04" tag="IN" text="as">
        <cmp x="1211" y="784" width="33" height="42" />
        <cmp x="1247" y="789" width="33" height="37" />
      </word>
      <word id="k04-136-00-05" tag="AT" text="a">
        <cmp x="1316" y="787" width="35" height="36" />
      </word>
      <word id="k04-136-00-06" tag="NN" text="rabbit">
        <cmp x="1391" y="781" width="41" height="44" />
        <cmp x="1422" y="790" width="35" height="40" />
        <cmp x="1471" y="755" width="29" height="74" />
        <cmp x="1511" y="752" width="29" height="74" />
        <cmp x="1546" y="802" width="10" height="19" />
        <cmp x="1563" y="772" width="4" height="6" />
        <cmp x="1574" y="783" width="30" height="43" />
      </word>
      <word id="k04-136-00-07" tag="VBZ" text="looks">
        <cmp x="1629" y="752" width="92" height="74" />
        <cmp x="1725" y="747" width="46" height="77" />
        <cmp x="1760" y="787" width="33" height="34" />
      </word>
      <word id="k04-136-00-08" tag="IN" text="at">
        <cmp x="1814" y="776" width="72" height="48" />
      </word>
      <word id="k04-136-00-09" tag="AT" text="a">
        <cmp x="1904" y="788" width="33" height="40" />
      </word>
      <word id="k04-136-00-10" tag="NN" text="stoat">
        <cmp x="1967" y="781" width="38" height="43" />
        <cmp x="2010" y="781" width="93" height="47" />
        <cmp x="2112" y="784" width="22" height="39" />
      </word>
      <word id="k04-136-00-11" tag="." text=".">
        <cmp x="2131" y="822" width="7" height="8" />
      </word>
      <lower-contour>
        <point x="358" y="829" />
        <point x="784" y="934" />
        <point x="892" y="829" />
        <point x="1005" y="917" />
        <point x="1483" y="829" />
        <point x="2024" y="829" />
      </lower-contour>
    </line>
    <line ass="-39" asx="0" asy="901" character-width="999" dss="-39" dsx="0" dsy="1084" fd0="13946" fd1="3062" fd2="-1170" filter-width="4" id="k04-136-01" lbs="8" lbx="0" lby="997" segmentation="ok" slant="68000" stroke-width="5974" threshold="176" text="Thrusting his head farther into the coach, he said" ubs="-134" ubx="0" uby="958">
      <word id="k04-136-01-00" sentence-start="yes" tag="VBG" text="Thrusting">
        <cmp x="349" y="902" width="75" height="33" />
        <cmp x="366" y="924" width="23" height="78" />
        <cmp x="399" y="922" width="82" height="86" />
        <cmp x="471" y="960" width="36" height="46" />
        <cmp x="511" y="958" width="38" height="47" />
        <cmp x="556" y="964" width="24" height="43" />
        <cmp x="584" y="972" width="12" height="32" />
        <cmp x="596" y="954" width="4" height="6" />
        <cmp x="606" y="967" width="62" height="119" />
      </word>
      <word id="k04-136-01-01" tag="PP$" text="his">
        <cmp x="721" y="913" width="59" height="90" />
        <cmp x="783" y="960" width="33" height="37" />
      </word>
      <word id="k04-136-01-02" tag="NN" text="head">
        <cmp x="863" y="912" width="151" height="91" />
      </word>
      <word id="k04-136-01-03" tag="RBR" text="farther">
        <cmp x="1036" y="921" width="71" height="76" />
        <cmp x="1069" y="961" width="64" height="42" />
        <cmp x="1133" y="922" width="104" height="86" />
      </word>
      <word id="k04-136-01-04" tag="IN" text="into">
        <cmp x="1261" y="970" width="14" height="34" />
        <cmp x="1282" y="949" width="4" height="5" />
        <cmp x="1288" y="964" width="37" height="42" />
        <cmp x="1329" y="963" width="48" height="47" />
      </word>
      <word id="k04-136-01-05" tag="ATI" text="the">
        <cmp x="1420" y="952" width="27" height="49" />
        <cmp x="1455" y="906" width="64" height="98" />
      </word>
      <word id="k04-136-01-06" tag="NN" text="coach">
        <cmp x="1552" y="955" width="34" height="49" />
        <cmp x="1583" y="968" width="31" height="37" />
        <cmp x="1621" y="965" width="41" height="39" />
        <cmp x="1664" y="908" width="75" height="94" />
      </word>
      <word id="k04-136-01-07" tag="," text=",">
        <cmp x="1754" y="997" width="10" height="20" />
      </word>
      <word id="k04-136-01-08" tag="PP3A" text="he">
        <cmp x="1794" y="916" width="65" height="89" />
      </word>
      <word id="k04-136-01-09" tag="VBD" text="said">
        <cmp x="1890" y="961" width="37" height="45" />
        <cmp x="1928" y="967" width="52" height="38" />
        <cmp x="1981" y="944" width="5" height="5" />
        <cmp x="1982" y="932" width="41" height="73" />
      </word>
      <upper-contour>
        <point x="358" y="829" />
        <point x="784" y="934" />
        <point x="892" y="829" />
        <point x="1005" y="917" />
        <point x="1483" y="829" />
        <point x="2024" y="829" />
      </upper-contour>
      <lower-contour>
        <point x="350" y="1086" />
        <point x="1313" y="1017" />
        <point x="2024" y="1017" />
      </lower-contour>
    </line>
    <line ass="152" asx="0" asy="1082" character-width="999" dss="152" dsx="0" dsy="1294" fd0="14352" fd1="3179" fd2="-675" filter-width="4" id="k04-136-02" lbs="175" lbx="0" lby="1182" segmentation="ok" slant="59000" stroke-width="6027" threshold="175" text="sombrely: &apos;Have you ever heard of a punishment called" ubs="106" ubx="0" uby="1143">
      <word id="k04-136-02-00" tag="RB" text="sombrely">
        <cmp x="352" y="1123" width="43" height="55" />
        <cmp x="396" y="1145" width="26" height="35" />
        <cmp x="435" y="1146" width="56" height="39" />
        <cmp x="495" y="1116" width="24" height="70" />
        <cmp x="524" y="1149" width="36" height="35" />
        <cmp x="555" y="1146" width="34" height="42" />
        <cmp x="590" y="1116" width="85" height="163" />
      </word>
      <word id="k04-136-02-01" tag=":" text=":">
        <cmp x="698" y="1153" width="11" height="17" />
        <cmp x="704" y="1124" width="13" height="16" />
      </word>
      <word id="k04-136-02-02" sentence-start="yes" tag="*&apos;" text="&apos;">
        <cmp x="759" y="1111" width="6" height="19" />
      </word>
      <word id="k04-136-02-03" tag="HV" text="Have">
        <cmp x="737" y="1107" width="63" height="82" />
        <cmp x="790" y="1100" width="34" height="87" />
        <cmp x="816" y="1135" width="76" height="47" />
        <cmp x="882" y="1136" width="37" height="43" />
      </word>
      <word id="k04-136-02-04" tag="PP2" text="you">
        <cmp x="919" y="1125" width="90" height="168" />
        <cmp x="1002" y="1139" width="76" height="47" />
      </word>
      <word id="k04-136-02-05" tag="RB" text="ever">
        <cmp x="1114" y="1124" width="79" height="59" />
        <cmp x="1186" y="1131" width="64" height="50" />
      </word>
      <word id="k04-136-02-06" tag="VBN" text="heard">
        <cmp x="1269" y="1079" width="144" height="104" />
        <cmp x="1397" y="1099" width="54" height="83" />
      </word>
      <word id="k04-136-02-07" tag="INO" text="of">
        <cmp x="1468" y="1145" width="28" height="37" />
        <cmp x="1497" y="1107" width="62" height="74" />
        <cmp x="1512" y="1154" width="17" height="5" />
      </word>
      <word id="k04-136-02-08" tag="AT" text="a">
        <cmp x="1558" y="1144" width="35" height="42" />
      </word>
      <word id="k04-136-02-09" tag="NN" text="punishment">
        <cmp x="1621" y="1187" width="13" height="25" />
        <cmp x="1625" y="1142" width="59" height="43" />
        <cmp x="1687" y="1139" width="38" height="42" />
        <cmp x="1722" y="1149" width="9" height="25" />
        <cmp x="1734" y="1127" width="5" height="5" />
        <cmp x="1738" y="1140" width="34" height="42" />
        <cmp x="1779" y="1093" width="39" height="80" />
        <cmp x="1821" y="1138" width="56" height="42" />
        <cmp x="1877" y="1137" width="59" height="46" />
        <cmp x="1937" y="1136" width="24" height="42" />
      </word>
      <word id="k04-136-02-10" tag="VBN" text="called">
        <cmp x="1982" y="1104" width="131" height="81" />
        <cmp x="2094" y="1105" width="65" height="79" />
      </word>
      <upper-contour>
        <point x="350" y="1086" />
        <point x="1313" y="1017" />
        <point x="2024" y="1017" />
      </upper-contour>
      <lower-contour>
        <point x="358" y="1188" />
        <point x="590" y="1279" />
        <point x="805" y="1183" />
        <point x="919" y="1293" />
        <point x="961" y="1216" />
        <point x="2136" y="1216" />
      </lower-contour>
    </line>
    <line ass="-41" asx="0" asy="1254" character-width="999" dss="-41" dsx="0" dsy="1477" fd0="13612" fd1="3013" fd2="-711" filter-width="4" id="k04-136-03" lbs="39" lbx="0" lby="1361" segmentation="err" slant="68999" stroke-width="6039" threshold="174" text="the cord?&apos; She blanched and shrank away. Was there not" ubs="-203" ubx="0" uby="1310">
      <word id="k04-136-03-00" tag="ATI" text="the">
        <cmp x="360" y="1311" width="26" height="44" />
        <cmp x="392" y="1255" width="72" height="111" />
      </word>
      <word id="k04-136-03-01" tag="NN" text="cord">
        <cmp x="509" y="1305" width="34" height="57" />
        <cmp x="545" y="1322" width="29" height="39" />
        <cmp x="578" y="1284" width="76" height="78" />
      </word>
      <word id="k04-136-03-02" tag="?" text="?">
        <cmp x="676" y="1349" width="6" height="7" />
        <cmp x="684" y="1283" width="25" height="53" />
      </word>
      <word id="k04-136-03-03" tag="**&apos;" text="&apos;">
        <cmp x="725" y="1302" width="45" height="59" />
      </word>
      <word id="k04-136-03-04" sentence-start="yes" tag="PP3A" text="She">
        <cmp x="780" y="1275" width="72" height="97" />
      </word>
      <word id="k04-136-03-05" tag="VBD" text="blanched">
        <cmp x="885" y="1287" width="26" height="78" />
        <cmp x="932" y="1285" width="97" height="79" />
        <cmp x="1029" y="1313" width="30" height="44" />
        <cmp x="1064" y="1256" width="92" height="100" />
      </word>
      <word id="k04-136-03-06" tag="CC" text="and">
        <cmp x="1176" y="1316" width="68" height="42" />
        <cmp x="1247" y="1282" width="41" height="80" />
      </word>
      <word id="k04-136-03-07" tag="VBD" text="shrank">
        <cmp x="1308" y="1313" width="40" height="53" />
        <cmp x="1361" y="1262" width="101" height="100" />
        <cmp x="1464" y="1320" width="38" height="40" />
        <cmp x="1503" y="1288" width="50" height="73" />
      </word>
      <word id="k04-136-03-08" tag="RP" text="away">
        <cmp x="1560" y="1307" width="140" height="173" />
      </word>
      <word id="k04-136-03-09" tag="." text=".">
        <cmp x="1703" y="1347" width="6" height="9" />
      </word>
      <word id="k04-136-03-10" sentence-start="yes" tag="BEDZ" text="Was">
        <cmp x="1741" y="1294" width="113" height="70" />
      </word>
      <word id="k04-136-03-11" tag="EX" text="there">
        <cmp x="1886" y="1317" width="25" height="42" />
        <cmp x="1915" y="1275" width="101" height="86" />
      </word>
      <word id="k04-136-03-12" tag="XNOT" text="not">
        <cmp x="2043" y="1316" width="92" height="46" />
      </word>
      <upper-contour>
        <point x="358" y="1188" />
        <point x="590" y="1279" />
        <point x="805" y="1183" />
        <point x="919" y="1293" />
        <point x="961" y="1216" />
        <point x="2136" y="1216" />
      </upper-contour>
      <lower-contour>
        <point x="358" y="1372" />
        <point x="1639" y="1480" />
        <point x="1789" y="1364" />
        <point x="2090" y="1364" />
      </lower-contour>
    </line>
    <line ass="-100" asx="0" asy="1445" character-width="999" dss="-100" dsx="0" dsy="1641" fd0="13945" fd1="2801" fd2="-1088" filter-width="4" id="k04-136-04" lbs="-153" lbx="0" lby="1534" segmentation="err" slant="64000" stroke-width="6050" threshold="175" text="a street near Sant&apos; Angelo called the Lane of the Corda" ubs="3" ubx="0" uby="1501">
      <word id="k04-136-04-00" tag="AT" text="a">
        <cmp x="351" y="1499" width="33" height="43" />
      </word>
      <word id="k04-136-04-01" tag="NN" text="street">
        <cmp x="423" y="1492" width="67" height="48" />
        <cmp x="495" y="1501" width="46" height="45" />
        <cmp x="524" y="1495" width="85" height="53" />
      </word>
      <word id="k04-136-04-02" tag="IN" text="near">
        <cmp x="647" y="1505" width="39" height="42" />
        <cmp x="693" y="1493" width="103" height="54" />
      </word>
      <word id="k04-136-04-03" tag="NP" text="Sant&apos;">
        <cmp x="813" y="1485" width="51" height="54" />
        <cmp x="866" y="1498" width="97" height="43" />
        <cmp x="973" y="1482" width="13" height="21" />
        <cmp x="979" y="1463" width="68" height="154" />
      </word>
      <word id="k04-136-04-04" tag="NP" text="Angelo">
        <cmp x="1040" y="1501" width="35" height="44" />
        <cmp x="1046" y="1503" width="59" height="141" />
        <cmp x="1112" y="1448" width="93" height="92" />
      </word>
      <word id="k04-136-04-05" tag="VBN" text="called">
        <cmp x="1224" y="1495" width="33" height="46" />
        <cmp x="1263" y="1476" width="108" height="71" />
        <cmp x="1363" y="1471" width="64" height="75" />
      </word>
      <word id="k04-136-04-06" tag="ATI" text="the">
        <cmp x="1442" y="1499" width="31" height="42" />
        <cmp x="1472" y="1455" width="67" height="89" />
      </word>
      <word id="k04-136-04-07" tag="NPL" text="Lane">
        <cmp x="1565" y="1458" width="44" height="91" />
        <cmp x="1622" y="1498" width="88" height="46" />
      </word>
      <word id="k04-136-04-08" tag="INO" text="of">
        <cmp x="1738" y="1506" width="27" height="36" />
        <cmp x="1764" y="1474" width="58" height="66" />
      </word>
      <word id="k04-136-04-09" tag="ATI" text="the">
        <cmp x="1824" y="1503" width="27" height="38" />
        <cmp x="1847" y="1464" width="66" height="76" />
      </word>
      <word id="k04-136-04-10" tag="NP" text="Corda">
        <cmp x="1937" y="1482" width="65" height="61" />
        <cmp x="2003" y="1471" width="62" height="76" />
        <cmp x="2057" y="1508" width="32" height="40" />
      </word>
      <upper-contour>
        <point x="358" y="1372" />
        <point x="1639" y="1480" />
        <point x="1789" y="1364" />
        <point x="2090" y="1364" />
      </upper-contour>
      <lower-contour>
        <point x="354" y="1617" />
        <point x="1046" y="1644" />
        <point x="1143" y="1549" />
        <point x="2090" y="1549" />
      </lower-contour>
    </line>
    <line ass="-372" asx="0" asy="1612" character-width="999" dss="-372" dsx="0" dsy="1820" fd0="13923" fd1="3481" fd2="-972" filter-width="4" id="k04-136-05" lbs="-342" lbx="0" lby="1709" segmentation="err" slant="70000" stroke-width="6017" threshold="173" text="where criminals were hoisted by their wrists forty, fifty," ubs="-431" ubx="0" uby="1672">
      <word id="k04-136-05-00" tag="WRB" text="where">
        <cmp x="356" y="1675" width="67" height="50" />
        <cmp x="421" y="1620" width="106" height="103" />
        <cmp x="506" y="1675" width="38" height="45" />
      </word>
      <word id="k04-136-05-01" tag="NNS" text="criminals">
        <cmp x="568" y="1663" width="39" height="58" />
        <cmp x="611" y="1679" width="41" height="41" />
        <cmp x="646" y="1686" width="12" height="31" />
        <cmp x="651" y="1667" width="5" height="5" />
        <cmp x="667" y="1677" width="62" height="46" />
        <cmp x="730" y="1694" width="10" height="26" />
        <cmp x="756" y="1641" width="131" height="80" />
        <cmp x="869" y="1686" width="29" height="31" />
      </word>
      <word id="k04-136-05-02" tag="BED" text="were">
        <cmp x="940" y="1673" width="56" height="48" />
        <cmp x="997" y="1666" width="69" height="53" />
        <cmp x="1051" y="1670" width="32" height="46" />
      </word>
      <word id="k04-136-05-03" tag="VBN" text="hoisted">
        <cmp x="1118" y="1620" width="66" height="103" />
        <cmp x="1190" y="1682" width="17" height="39" />
        <cmp x="1202" y="1657" width="4" height="5" />
        <cmp x="1215" y="1680" width="34" height="40" />
        <cmp x="1257" y="1672" width="22" height="44" />
        <cmp x="1280" y="1639" width="77" height="82" />
      </word>
      <word id="k04-136-05-04" tag="IN" text="by">
        <cmp x="1375" y="1649" width="26" height="79" />
        <cmp x="1400" y="1683" width="41" height="146" />
      </word>
      <word id="k04-136-05-05" tag="PP$" text="their">
        <cmp x="1468" y="1675" width="28" height="47" />
        <cmp x="1506" y="1623" width="71" height="96" />
        <cmp x="1573" y="1677" width="34" height="41" />
        <cmp x="1582" y="1652" width="5" height="6" />
      </word>
      <word id="k04-136-05-06" tag="NNS" text="wrists">
        <cmp x="1638" y="1679" width="53" height="49" />
        <cmp x="1690" y="1681" width="38" height="44" />
        <cmp x="1725" y="1691" width="11" height="29" />
        <cmp x="1736" y="1662" width="6" height="6" />
        <cmp x="1740" y="1685" width="30" height="35" />
        <cmp x="1756" y="1685" width="6" height="6" />
        <cmp x="1771" y="1679" width="27" height="42" />
        <cmp x="1797" y="1683" width="34" height="39" />
      </word>
      <word id="k04-136-05-07" tag="CD" text="forty">
        <cmp x="1858" y="1657" width="50" height="69" />
        <cmp x="1893" y="1688" width="27" height="32" />
        <cmp x="1924" y="1678" width="36" height="42" />
        <cmp x="1956" y="1671" width="55" height="163" />
        <cmp x="1959" y="1677" width="17" height="38" />
      </word>
      <word id="k04-136-05-08" tag="," text=",">
        <cmp x="2011" y="1712" width="14" height="26" />
      </word>
      <word id="k04-136-05-09" tag="CD" text="fifty">
        <cmp x="2045" y="1652" width="49" height="73" />
        <cmp x="2077" y="1693" width="9" height="24" />
        <cmp x="2082" y="1676" width="5" height="6" />
        <cmp x="2090" y="1651" width="45" height="70" />
        <cmp x="2136" y="1680" width="29" height="59" />
      </word>
      <word id="k04-136-05-10" tag="," text=",">
        <cmp x="2169" y="1715" width="7" height="15" />
      </word>
      <upper-contour>
        <point x="354" y="1617" />
        <point x="1046" y="1644" />
        <point x="1143" y="1549" />
        <point x="2090" y="1549" />
      </upper-contour>
      <lower-contour>
        <point x="354" y="1728" />
        <point x="1400" y="1829" />
        <point x="1448" y="1728" />
        <point x="1956" y="1835" />
        <point x="2107" y="1738" />
        <point x="2149" y="1738" />
      </lower-contour>
    </line>
    <line ass="-352" asx="0" asy="1728" character-width="999" dss="-352" dsx="0" dsy="2013" fd0="13381" fd1="3121" fd2="-758" filter-width="4" id="k04-136-06" lbs="-511" lbx="0" lby="1883" segmentation="err" slant="70000" stroke-width="5939" threshold="174" text="sixty feet into the air, and dropped again and again, until" ubs="-35" ubx="0" uby="1858">
      <word id="k04-136-06-00" tag="CD" text="sixty">
        <cmp x="343" y="1838" width="42" height="57" />
        <cmp x="396" y="1876" width="7" height="20" />
        <cmp x="408" y="1837" width="5" height="6" />
        <cmp x="419" y="1847" width="51" height="58" />
        <cmp x="475" y="1858" width="31" height="40" />
        <cmp x="476" y="1855" width="64" height="161" />
      </word>
      <word id="k04-136-06-01" tag="NNS" text="feet">
        <cmp x="583" y="1831" width="50" height="65" />
        <cmp x="615" y="1856" width="74" height="45" />
      </word>
      <word id="k04-136-06-02" tag="IN" text="into">
        <cmp x="736" y="1871" width="11" height="30" />
        <cmp x="745" y="1841" width="4" height="4" />
        <cmp x="757" y="1862" width="34" height="40" />
        <cmp x="791" y="1860" width="47" height="40" />
      </word>
      <word id="k04-136-06-03" tag="ATI" text="the">
        <cmp x="865" y="1859" width="27" height="37" />
        <cmp x="895" y="1808" width="62" height="91" />
      </word>
      <word id="k04-136-06-04" tag="NN" text="air">
        <cmp x="983" y="1858" width="58" height="40" />
        <cmp x="1042" y="1840" width="4" height="5" />
        <cmp x="1042" y="1857" width="34" height="41" />
      </word>
      <word id="k04-136-06-05" tag="," text=",">
        <cmp x="1059" y="1897" width="13" height="19" />
      </word>
      <word id="k04-136-06-06" tag="CC" text="and">
        <cmp x="1106" y="1830" width="106" height="73" />
      </word>
      <word id="k04-136-06-07" tag="VBN" text="dropped">
        <cmp x="1237" y="1825" width="37" height="78" />
        <cmp x="1272" y="1856" width="50" height="42" />
        <cmp x="1325" y="1858" width="26" height="58" />
        <cmp x="1359" y="1859" width="25" height="63" />
        <cmp x="1387" y="1817" width="68" height="84" />
      </word>
      <word id="k04-136-06-08" tag="RB" text="again">
        <cmp x="1470" y="1860" width="36" height="40" />
        <cmp x="1506" y="1862" width="35" height="61" />
        <cmp x="1548" y="1866" width="43" height="41" />
        <cmp x="1588" y="1844" width="4" height="5" />
        <cmp x="1595" y="1862" width="31" height="40" />
      </word>
      <word id="k04-136-06-09" tag="CC" text="and">
        <cmp x="1657" y="1829" width="99" height="76" />
      </word>
      <word id="k04-136-06-10" tag="RB" text="again">
        <cmp x="1777" y="1861" width="29" height="41" />
        <cmp x="1793" y="1864" width="43" height="153" />
        <cmp x="1850" y="1859" width="44" height="43" />
        <cmp x="1891" y="1838" width="4" height="4" />
        <cmp x="1895" y="1860" width="32" height="40" />
      </word>
      <word id="k04-136-06-11" tag="," text=",">
        <cmp x="1929" y="1890" width="13" height="26" />
      </word>
      <word id="k04-136-06-12" tag="CS" text="until">
        <cmp x="1969" y="1847" width="85" height="53" />
        <cmp x="2057" y="1867" width="10" height="25" />
        <cmp x="2068" y="1838" width="5" height="6" />
        <cmp x="2073" y="1741" width="75" height="154" />
      </word>
      <upper-contour>
        <point x="354" y="1728" />
        <point x="1400" y="1829" />
        <point x="1448" y="1728" />
        <point x="1956" y="1835" />
        <point x="2107" y="1738" />
        <point x="2149" y="1738" />
      </upper-contour>
      <lower-contour>
        <point x="354" y="1906" />
        <point x="476" y="2017" />
        <point x="1156" y="1923" />
        <point x="1510" y="1922" />
        <point x="1793" y="2017" />
        <point x="1899" y="1916" />
        <point x="2149" y="1916" />
      </lower-contour>
    </line>
    <line ass="65" asx="0" asy="1926" character-width="999" dss="65" dsx="0" dsy="2093" fd0="14145" fd1="3093" fd2="-1533" filter-width="4" id="k04-136-07" lbs="154" lbx="0" lby="2080" segmentation="err" slant="68000" stroke-width="6084" threshold="174" text="their arms were wrenched from their sockets. &apos;You have" ubs="-111" ubx="0" uby="2034">
      <word id="k04-136-07-00" tag="PP$" text="their">
        <cmp x="356" y="2029" width="23" height="47" />
        <cmp x="388" y="1973" width="76" height="107" />
        <cmp x="460" y="2032" width="40" height="43" />
      </word>
      <word id="k04-136-07-01" tag="NNS" text="arms">
        <cmp x="530" y="2036" width="79" height="45" />
        <cmp x="598" y="2039" width="53" height="44" />
        <cmp x="647" y="2042" width="31" height="43" />
      </word>
      <word id="k04-136-07-02" tag="BED" text="were">
        <cmp x="728" y="2035" width="61" height="51" />
        <cmp x="786" y="2032" width="69" height="48" />
        <cmp x="843" y="2035" width="34" height="43" />
      </word>
      <word id="k04-136-07-03" tag="VBN" text="wrenched">
        <cmp x="937" y="2030" width="64" height="52" />
        <cmp x="989" y="2036" width="45" height="44" />
        <cmp x="1021" y="2033" width="34" height="46" />
        <cmp x="1061" y="2037" width="42" height="44" />
        <cmp x="1098" y="2035" width="30" height="44" />
        <cmp x="1131" y="1984" width="101" height="101" />
      </word>
      <word id="k04-136-07-04" tag="IN" text="from">
        <cmp x="1260" y="2012" width="57" height="69" />
        <cmp x="1297" y="2041" width="52" height="43" />
        <cmp x="1350" y="2039" width="57" height="43" />
      </word>
      <word id="k04-136-07-05" tag="PP$" text="their">
        <cmp x="1439" y="2040" width="27" height="43" />
        <cmp x="1477" y="1925" width="82" height="154" />
        <cmp x="1554" y="2028" width="41" height="45" />
        <cmp x="1558" y="2006" width="5" height="8" />
      </word>
      <word id="k04-136-07-06" tag="NNS" text="sockets">
        <cmp x="1623" y="2034" width="40" height="45" />
        <cmp x="1668" y="2047" width="26" height="36" />
        <cmp x="1701" y="2039" width="29" height="41" />
        <cmp x="1740" y="2004" width="39" height="77" />
        <cmp x="1775" y="2035" width="51" height="45" />
        <cmp x="1828" y="2036" width="36" height="44" />
      </word>
      <word id="k04-136-07-07" tag="." text=".">
        <cmp x="1864" y="2076" width="6" height="7" />
      </word>
      <word id="k04-136-07-08" tag="*&apos;" text="&apos;">
        <cmp x="1897" y="2006" width="8" height="29" />
      </word>
      <word id="k04-136-07-09" tag="PP2" text="You">
        <cmp x="1916" y="1993" width="53" height="99" />
        <cmp x="1941" y="2044" width="56" height="44" />
      </word>
      <word id="k04-136-07-10" tag="HV" text="have">
        <cmp x="2015" y="1996" width="105" height="86" />
        <cmp x="2108" y="2036" width="40" height="45" />
      </word>
      <upper-contour>
        <point x="354" y="1906" />
        <point x="476" y="2017" />
        <point x="1156" y="1923" />
        <point x="1510" y="1922" />
        <point x="1793" y="2017" />
        <point x="1899" y="1916" />
        <point x="2149" y="1916" />
      </upper-contour>
      <lower-contour>
        <point x="354" y="2086" />
        <point x="787" y="2086" />
      </lower-contour>
    </line>
    <line ass="-826" asx="0" asy="2154" character-width="999" dss="-826" dsx="0" dsy="2253" fd0="13763" fd1="3206" fd2="-230" filter-width="4" id="k04-136-08" lbs="-439" lbx="0" lby="2252" segmentation="ok" slant="73000" stroke-width="6076" threshold="171" text="heard of it?" ubs="-1601" ubx="0" uby="2205">
      <word id="k04-136-08-00" tag="VBN" text="heard">
        <cmp x="349" y="2160" width="147" height="98" />
        <cmp x="470" y="2181" width="45" height="79" />
      </word>
      <word id="k04-136-08-01" tag="INO" text="of">
        <cmp x="529" y="2222" width="25" height="37" />
        <cmp x="566" y="2187" width="61" height="70" />
        <cmp x="581" y="2227" width="19" height="8" />
      </word>
      <word id="k04-136-08-02" tag="PP3" text="it">
        <cmp x="653" y="2228" width="14" height="30" />
        <cmp x="676" y="2193" width="4" height="6" />
        <cmp x="678" y="2213" width="23" height="46" />
      </word>
      <word id="k04-136-08-03" tag="?" text="?">
        <cmp x="752" y="2177" width="34" height="56" />
        <cmp x="755" y="2245" width="10" height="10" />
      </word>
      <upper-contour>
        <point x="354" y="2086" />
        <point x="787" y="2086" />
      </upper-contour>
    </line>
  </handwritten-part>
</form>

