<?xml version="1.0" encoding="ISO-8859-1"?>

<!DOCTYPE form SYSTEM 'http://www.iam.unibe.ch/~fki/iamdb/form-metadata.dtd'>

<form created="2002-01-24" height="3542" id="k04-079" last-modified="2002-07-17" skew="63" status="final" version="3.0_beta" width="2479" writer-id="446">
  <machine-printed-part>
    <machine-print-line text="Prudence, ambition and reason had held instinct in check, and they must dictate her" />
    <machine-print-line text="course. There could be no compromise. For a brief interval she allowed herself the" />
    <machine-print-line text="luxury of dreams. She began to imagine life at Bracciano, the balls and fe*?5tes, the" />
    <machine-print-line text="conversation of poets and dilettanti. She visualized the pageantry of the tournament," />
    <machine-print-line text="and herself on the ducal dais beside Orsini, placing a chaplet of roses on the brows of" />
    <machine-print-line text="some young conqueror in the lists." />
  </machine-printed-part>
  <handwritten-part>
    <line ass="203" asx="0" asy="782" character-width="999" dss="203" dsx="0" dsy="898" fd0="12895" fd1="2633" fd2="-1263" filter-width="4" id="k04-079-00" lbs="258" lbx="0" lby="889" segmentation="ok" slant="90000" stroke-width="6215" threshold="181" text="Prudence, ambition and reason had" ubs="93" ubx="0" uby="845">
      <word id="k04-079-00-00" sentence-start="yes" tag="NN" text="Prudence">
        <cmp x="371" y="782" width="47" height="103" />
        <cmp x="421" y="827" width="98" height="60" />
        <cmp x="532" y="787" width="36" height="106" />
        <cmp x="582" y="837" width="91" height="59" />
        <cmp x="694" y="833" width="36" height="50" />
        <cmp x="739" y="822" width="43" height="63" />
      </word>
      <word id="k04-079-00-01" tag="," text=",">
        <cmp x="792" y="869" width="9" height="23" />
      </word>
      <word id="k04-079-00-02" tag="NN" text="ambition">
        <cmp x="821" y="828" width="65" height="61" />
        <cmp x="901" y="841" width="59" height="43" />
        <cmp x="977" y="799" width="38" height="82" />
        <cmp x="1033" y="817" width="13" height="17" />
        <cmp x="1036" y="846" width="7" height="36" />
        <cmp x="1063" y="792" width="42" height="91" />
        <cmp x="1118" y="812" width="15" height="16" />
        <cmp x="1127" y="842" width="9" height="41" />
        <cmp x="1159" y="835" width="39" height="46" />
        <cmp x="1200" y="840" width="65" height="45" />
      </word>
      <word id="k04-079-00-03" tag="CC" text="and">
        <cmp x="1353" y="844" width="58" height="41" />
        <cmp x="1415" y="851" width="60" height="37" />
        <cmp x="1490" y="790" width="41" height="97" />
      </word>
      <word id="k04-079-00-04" tag="NN" text="reason">
        <cmp x="1629" y="834" width="42" height="42" />
        <cmp x="1671" y="836" width="38" height="46" />
        <cmp x="1728" y="841" width="46" height="35" />
        <cmp x="1774" y="833" width="35" height="47" />
        <cmp x="1818" y="845" width="98" height="48" />
      </word>
      <word id="k04-079-00-05" tag="HVD" text="had">
        <cmp x="1994" y="808" width="46" height="73" />
        <cmp x="2002" y="802" width="4" height="5" />
        <cmp x="2049" y="793" width="85" height="89" />
      </word>
      <lower-contour>
        <point x="380" y="896" />
        <point x="2135" y="896" />
      </lower-contour>
    </line>
    <line ass="203" asx="0" asy="942" character-width="999" dss="203" dsx="0" dsy="1117" fd0="13021" fd1="2711" fd2="-1459" filter-width="4" id="k04-079-01" lbs="188" lbx="0" lby="1060" segmentation="ok" slant="77000" stroke-width="6223" threshold="181" text="held instinct in check, and they must" ubs="234" ubx="0" uby="1020">
      <word id="k04-079-01-00" tag="VBN" text="held">
        <cmp x="382" y="942" width="35" height="120" />
        <cmp x="434" y="1009" width="34" height="55" />
        <cmp x="476" y="981" width="43" height="82" />
        <cmp x="517" y="972" width="33" height="90" />
      </word>
      <word id="k04-079-01-01" tag="NN" text="instinct">
        <cmp x="656" y="992" width="17" height="15" />
        <cmp x="656" y="1018" width="11" height="47" />
        <cmp x="688" y="1017" width="54" height="47" />
        <cmp x="748" y="1007" width="42" height="52" />
        <cmp x="792" y="965" width="38" height="91" />
        <cmp x="839" y="1018" width="10" height="36" />
        <cmp x="843" y="982" width="11" height="9" />
        <cmp x="862" y="1015" width="54" height="42" />
        <cmp x="931" y="1009" width="36" height="48" />
        <cmp x="961" y="959" width="36" height="89" />
      </word>
      <word id="k04-079-01-02" tag="IN" text="in">
        <cmp x="1105" y="1027" width="11" height="35" />
        <cmp x="1112" y="996" width="10" height="9" />
        <cmp x="1136" y="1018" width="54" height="45" />
      </word>
      <word id="k04-079-01-03" tag="NN" text="check">
        <cmp x="1271" y="962" width="78" height="90" />
        <cmp x="1353" y="1002" width="36" height="47" />
        <cmp x="1391" y="1008" width="37" height="39" />
        <cmp x="1436" y="960" width="55" height="92" />
      </word>
      <word id="k04-079-01-04" tag="," text=",">
        <cmp x="1493" y="1047" width="13" height="22" />
      </word>
      <word id="k04-079-01-05" tag="CC" text="and">
        <cmp x="1545" y="1017" width="53" height="39" />
        <cmp x="1598" y="1011" width="75" height="63" />
        <cmp x="1682" y="956" width="54" height="99" />
      </word>
      <word id="k04-079-01-06" tag="PP3AS" text="they">
        <cmp x="1809" y="975" width="85" height="80" />
        <cmp x="1902" y="1016" width="34" height="46" />
        <cmp x="1946" y="1012" width="61" height="100" />
      </word>
      <word id="k04-079-01-07" tag="MD" text="must">
        <cmp x="2056" y="1006" width="70" height="56" />
        <cmp x="2131" y="1010" width="52" height="49" />
        <cmp x="2184" y="1008" width="31" height="44" />
        <cmp x="2221" y="980" width="38" height="70" />
      </word>
      <upper-contour>
        <point x="380" y="896" />
        <point x="2135" y="896" />
      </upper-contour>
      <lower-contour>
        <point x="380" y="1112" />
        <point x="2260" y="1112" />
      </lower-contour>
    </line>
    <line ass="-139" asx="0" asy="1123" character-width="999" dss="-139" dsx="0" dsy="1244" fd0="13019" fd1="2420" fd2="-1224" filter-width="4" id="k04-079-02" lbs="-88" lbx="0" lby="1234" segmentation="err" slant="74000" stroke-width="6247" threshold="180" text="dictate her course. There could be no" ubs="-242" ubx="0" uby="1191">
      <word id="k04-079-02-00" tag="VB" text="dictate">
        <cmp x="370" y="1129" width="46" height="105" />
        <cmp x="427" y="1200" width="11" height="32" />
        <cmp x="434" y="1169" width="11" height="14" />
        <cmp x="460" y="1194" width="34" height="38" />
        <cmp x="496" y="1142" width="42" height="92" />
        <cmp x="541" y="1150" width="79" height="88" />
        <cmp x="630" y="1180" width="32" height="52" />
      </word>
      <word id="k04-079-02-01" tag="PP$" text="her">
        <cmp x="753" y="1139" width="42" height="104" />
        <cmp x="814" y="1192" width="34" height="50" />
        <cmp x="866" y="1195" width="5" height="4" />
        <cmp x="866" y="1200" width="37" height="39" />
      </word>
      <word id="k04-079-02-02" tag="NN" text="course">
        <cmp x="1019" y="1197" width="35" height="45" />
        <cmp x="1055" y="1196" width="41" height="46" />
        <cmp x="1105" y="1194" width="114" height="50" />
      </word>
      <word id="k04-079-02-03" tag="." text=".">
        <cmp x="1207" y="1185" width="49" height="55" />
      </word>
      <word id="k04-079-02-04" sentence-start="yes" tag="EX" text="There">
        <cmp x="1266" y="1188" width="46" height="53" />
        <cmp x="1311" y="1222" width="6" height="6" />
        <cmp x="1320" y="1127" width="104" height="96" />
        <cmp x="1425" y="1139" width="40" height="95" />
        <cmp x="1469" y="1192" width="38" height="49" />
        <cmp x="1520" y="1196" width="41" height="36" />
        <cmp x="1562" y="1189" width="50" height="47" />
      </word>
      <word id="k04-079-02-05" tag="MD" text="could">
        <cmp x="1698" y="1191" width="33" height="55" />
        <cmp x="1738" y="1201" width="39" height="38" />
        <cmp x="1782" y="1197" width="49" height="45" />
        <cmp x="1850" y="1152" width="96" height="87" />
      </word>
      <word id="k04-079-02-06" tag="BE" text="be">
        <cmp x="2020" y="1157" width="46" height="91" />
        <cmp x="2075" y="1198" width="40" height="52" />
      </word>
      <word id="k04-079-02-07" tag="ATI" text="no">
        <cmp x="2164" y="1197" width="64" height="47" />
        <cmp x="2238" y="1190" width="39" height="48" />
      </word>
      <upper-contour>
        <point x="380" y="1112" />
        <point x="2260" y="1112" />
      </upper-contour>
      <lower-contour>
        <point x="370" y="1250" />
        <point x="2180" y="1250" />
      </lower-contour>
    </line>
    <line ass="624" asx="0" asy="1316" character-width="999" dss="624" dsx="0" dsy="1461" fd0="13303" fd1="2891" fd2="-965" filter-width="4" id="k04-079-03" lbs="776" lbx="0" lby="1430" segmentation="ok" slant="78000" stroke-width="6211" threshold="182" text="compromise. For a brief interval" ubs="322" ubx="0" uby="1377">
      <word id="k04-079-03-00" tag="NN" text="compromise">
        <cmp x="372" y="1351" width="32" height="71" />
        <cmp x="408" y="1370" width="38" height="56" />
        <cmp x="456" y="1376" width="65" height="49" />
        <cmp x="539" y="1370" width="59" height="88" />
        <cmp x="612" y="1374" width="78" height="53" />
        <cmp x="708" y="1369" width="69" height="55" />
        <cmp x="784" y="1381" width="13" height="36" />
        <cmp x="786" y="1346" width="13" height="15" />
        <cmp x="808" y="1354" width="44" height="64" />
        <cmp x="862" y="1364" width="40" height="59" />
      </word>
      <word id="k04-079-03-01" tag="." text=".">
        <cmp x="911" y="1405" width="11" height="12" />
      </word>
      <word id="k04-079-03-02" sentence-start="yes" tag="IN" text="For">
        <cmp x="951" y="1306" width="79" height="104" />
        <cmp x="1032" y="1366" width="33" height="48" />
        <cmp x="1083" y="1364" width="50" height="42" />
      </word>
      <word id="k04-079-03-03" tag="AT" text="a">
        <cmp x="1185" y="1372" width="66" height="39" />
      </word>
      <word id="k04-079-03-04" tag="JJ" text="brief">
        <cmp x="1386" y="1321" width="47" height="99" />
        <cmp x="1443" y="1366" width="46" height="53" />
        <cmp x="1495" y="1380" width="13" height="35" />
        <cmp x="1505" y="1354" width="9" height="12" />
        <cmp x="1525" y="1364" width="33" height="52" />
        <cmp x="1590" y="1315" width="48" height="98" />
      </word>
      <word id="k04-079-03-05" tag="NN" text="interval">
        <cmp x="1782" y="1356" width="22" height="42" />
        <cmp x="1796" y="1336" width="11" height="11" />
        <cmp x="1809" y="1364" width="59" height="41" />
        <cmp x="1869" y="1326" width="46" height="83" />
        <cmp x="1916" y="1357" width="45" height="49" />
        <cmp x="1973" y="1370" width="40" height="41" />
        <cmp x="2028" y="1367" width="42" height="46" />
        <cmp x="2076" y="1378" width="52" height="35" />
        <cmp x="2130" y="1352" width="49" height="64" />
      </word>
      <upper-contour>
        <point x="370" y="1250" />
        <point x="2180" y="1250" />
      </upper-contour>
      <lower-contour>
        <point x="370" y="1458" />
        <point x="2180" y="1458" />
      </lower-contour>
    </line>
    <line ass="181" asx="0" asy="1485" character-width="999" dss="181" dsx="0" dsy="1643" fd0="13082" fd1="2398" fd2="-2061" filter-width="4" id="k04-079-04" lbs="174" lbx="0" lby="1600" segmentation="ok" slant="77000" stroke-width="6262" threshold="180" text="she allowed herself the luxury of" ubs="196" ubx="0" uby="1550">
      <word id="k04-079-04-00" tag="PP3A" text="she">
        <cmp x="349" y="1540" width="39" height="54" />
        <cmp x="399" y="1489" width="35" height="110" />
        <cmp x="444" y="1549" width="37" height="59" />
      </word>
      <word id="k04-079-04-01" tag="VBD" text="allowed">
        <cmp x="621" y="1556" width="57" height="35" />
        <cmp x="693" y="1518" width="45" height="80" />
        <cmp x="733" y="1526" width="47" height="77" />
        <cmp x="776" y="1551" width="37" height="55" />
        <cmp x="822" y="1537" width="60" height="58" />
        <cmp x="886" y="1494" width="87" height="107" />
      </word>
      <word id="k04-079-04-02" tag="PPL" text="herself">
        <cmp x="1072" y="1487" width="45" height="106" />
        <cmp x="1125" y="1548" width="41" height="53" />
        <cmp x="1175" y="1547" width="40" height="48" />
        <cmp x="1226" y="1541" width="36" height="49" />
        <cmp x="1269" y="1547" width="37" height="49" />
        <cmp x="1327" y="1520" width="43" height="78" />
        <cmp x="1382" y="1511" width="41" height="86" />
      </word>
      <word id="k04-079-04-03" tag="ATI" text="the">
        <cmp x="1490" y="1494" width="86" height="109" />
        <cmp x="1582" y="1553" width="33" height="40" />
      </word>
      <word id="k04-079-04-04" tag="NN" text="luxury">
        <cmp x="1723" y="1508" width="56" height="99" />
        <cmp x="1774" y="1546" width="59" height="56" />
        <cmp x="1853" y="1539" width="47" height="54" />
        <cmp x="1907" y="1541" width="45" height="50" />
        <cmp x="1961" y="1539" width="38" height="47" />
        <cmp x="1972" y="1547" width="76" height="91" />
      </word>
      <word id="k04-079-04-05" tag="INO" text="of">
        <cmp x="2095" y="1543" width="41" height="45" />
        <cmp x="2141" y="1506" width="48" height="80" />
      </word>
      <upper-contour>
        <point x="370" y="1458" />
        <point x="2180" y="1458" />
      </upper-contour>
      <lower-contour>
        <point x="353" y="1638" />
        <point x="2178" y="1638" />
      </lower-contour>
    </line>
    <line ass="640" asx="0" asy="1666" character-width="999" dss="640" dsx="0" dsy="1857" fd0="13134" fd1="2456" fd2="-1603" filter-width="4" id="k04-079-05" lbs="629" lbx="0" lby="1782" segmentation="ok" slant="78000" stroke-width="6393" threshold="179" text="dreams. She began to imagine life at" ubs="663" ubx="0" uby="1742">
      <word id="k04-079-05-00" tag="NNS" text="dreams">
        <cmp x="355" y="1670" width="39" height="110" />
        <cmp x="406" y="1721" width="41" height="67" />
        <cmp x="454" y="1720" width="34" height="61" />
        <cmp x="494" y="1736" width="50" height="41" />
        <cmp x="553" y="1735" width="61" height="53" />
        <cmp x="617" y="1727" width="37" height="53" />
      </word>
      <word id="k04-079-05-01" tag="." text=".">
        <cmp x="684" y="1771" width="10" height="11" />
      </word>
      <word id="k04-079-05-02" sentence-start="yes" tag="PP3A" text="She">
        <cmp x="719" y="1662" width="72" height="107" />
        <cmp x="786" y="1658" width="40" height="116" />
        <cmp x="838" y="1723" width="37" height="53" />
      </word>
      <word id="k04-079-05-03" tag="VBD" text="began">
        <cmp x="945" y="1678" width="55" height="104" />
        <cmp x="1012" y="1722" width="38" height="59" />
        <cmp x="1028" y="1722" width="68" height="125" />
        <cmp x="1107" y="1731" width="101" height="58" />
      </word>
      <word id="k04-079-05-04" tag="TO" text="to">
        <cmp x="1299" y="1656" width="49" height="113" />
        <cmp x="1346" y="1716" width="40" height="52" />
      </word>
      <word id="k04-079-05-05" tag="VB" text="imagine">
        <cmp x="1444" y="1724" width="21" height="45" />
        <cmp x="1468" y="1690" width="6" height="7" />
        <cmp x="1472" y="1698" width="4" height="7" />
        <cmp x="1477" y="1724" width="115" height="50" />
        <cmp x="1560" y="1725" width="93" height="110" />
        <cmp x="1661" y="1742" width="10" height="30" />
        <cmp x="1679" y="1703" width="6" height="17" />
        <cmp x="1699" y="1728" width="50" height="50" />
        <cmp x="1755" y="1724" width="44" height="59" />
      </word>
      <word id="k04-079-05-06" tag="NN" text="life">
        <cmp x="1883" y="1698" width="48" height="76" />
        <cmp x="1935" y="1700" width="6" height="14" />
        <cmp x="1935" y="1689" width="46" height="78" />
        <cmp x="1990" y="1718" width="39" height="56" />
      </word>
      <word id="k04-079-05-07" tag="IN" text="at">
        <cmp x="2083" y="1670" width="94" height="88" />
      </word>
      <upper-contour>
        <point x="353" y="1638" />
        <point x="2178" y="1638" />
      </upper-contour>
      <lower-contour>
        <point x="356" y="1847" />
        <point x="2178" y="1847" />
      </lower-contour>
    </line>
    <line ass="-251" asx="0" asy="1852" character-width="999" dss="-251" dsx="0" dsy="1991" fd0="13029" fd1="2392" fd2="-1546" filter-width="4" id="k04-079-06" lbs="-327" lbx="0" lby="1958" segmentation="err" slant="78000" stroke-width="6441" threshold="179" text="Bracciano, the balls and fe*?5tes, the" ubs="-99" ubx="0" uby="1919">
      <word id="k04-079-06-00" tag="NP" text="Bracciano">
        <cmp x="358" y="1854" width="70" height="117" />
        <cmp x="443" y="1913" width="84" height="49" />
        <cmp x="542" y="1915" width="41" height="48" />
        <cmp x="580" y="1915" width="36" height="47" />
        <cmp x="626" y="1921" width="8" height="41" />
        <cmp x="627" y="1893" width="9" height="12" />
        <cmp x="646" y="1925" width="49" height="33" />
        <cmp x="694" y="1924" width="65" height="59" />
      </word>
      <word id="k04-079-06-01" tag="," text=",">
        <cmp x="774" y="1924" width="42" height="48" />
        <cmp x="805" y="1974" width="13" height="21" />
      </word>
      <word id="k04-079-06-02" tag="ATI" text="the">
        <cmp x="872" y="1889" width="104" height="93" />
        <cmp x="983" y="1923" width="35" height="58" />
      </word>
      <word id="k04-079-06-03" tag="NNS" text="balls">
        <cmp x="1122" y="1862" width="91" height="104" />
        <cmp x="1219" y="1877" width="47" height="85" />
        <cmp x="1257" y="1891" width="81" height="79" />
      </word>
      <word id="k04-079-06-04" tag="CC" text="and">
        <cmp x="1429" y="1919" width="64" height="47" />
        <cmp x="1498" y="1924" width="60" height="39" />
        <cmp x="1565" y="1879" width="52" height="86" />
      </word>
      <word id="k04-079-06-05" tag="NNS" text="fe*?5tes">
        <cmp x="1710" y="1892" width="46" height="73" />
        <cmp x="1755" y="1925" width="37" height="45" />
        <cmp x="1815" y="1897" width="36" height="33" />
        <cmp x="1861" y="1861" width="47" height="75" />
        <cmp x="1864" y="1954" width="13" height="14" />
        <cmp x="1936" y="1907" width="35" height="50" />
        <cmp x="1985" y="1877" width="45" height="88" />
        <cmp x="2033" y="1913" width="72" height="55" />
      </word>
      <word id="k04-079-06-06" tag="," text=",">
        <cmp x="2123" y="1963" width="12" height="24" />
      </word>
      <word id="k04-079-06-07" tag="ATI" text="the">
        <cmp x="2155" y="1887" width="86" height="99" />
        <cmp x="2249" y="1934" width="35" height="53" />
      </word>
      <upper-contour>
        <point x="356" y="1847" />
        <point x="2178" y="1847" />
      </upper-contour>
      <lower-contour>
        <point x="356" y="1995" />
        <point x="2285" y="1995" />
      </lower-contour>
    </line>
    <line ass="-173" asx="0" asy="2035" character-width="999" dss="-173" dsx="0" dsy="2155" fd0="13445" fd1="2508" fd2="-1935" filter-width="4" id="k04-079-07" lbs="-200" lbx="0" lby="2129" segmentation="ok" slant="71000" stroke-width="6275" threshold="177" text="conversation of poets and dilettanti. She" ubs="-118" ubx="0" uby="2095">
      <word id="k04-079-07-00" tag="NN" text="conversation">
        <cmp x="358" y="2070" width="32" height="65" />
        <cmp x="396" y="2086" width="45" height="54" />
        <cmp x="445" y="2095" width="52" height="44" />
        <cmp x="506" y="2082" width="42" height="60" />
        <cmp x="557" y="2082" width="43" height="61" />
        <cmp x="620" y="2088" width="44" height="48" />
        <cmp x="656" y="2086" width="54" height="55" />
        <cmp x="708" y="2053" width="88" height="91" />
        <cmp x="800" y="2089" width="16" height="40" />
        <cmp x="808" y="2070" width="13" height="14" />
        <cmp x="819" y="2091" width="38" height="46" />
        <cmp x="863" y="2093" width="50" height="53" />
      </word>
      <word id="k04-079-07-01" tag="INO" text="of">
        <cmp x="1031" y="2084" width="42" height="58" />
        <cmp x="1078" y="2043" width="57" height="93" />
      </word>
      <word id="k04-079-07-02" tag="NNS" text="poets">
        <cmp x="1208" y="2090" width="55" height="70" />
        <cmp x="1263" y="2064" width="114" height="78" />
        <cmp x="1364" y="2089" width="40" height="48" />
        <cmp x="1371" y="2058" width="5" height="4" />
      </word>
      <word id="k04-079-07-03" tag="CC" text="and">
        <cmp x="1467" y="2092" width="62" height="44" />
        <cmp x="1533" y="2100" width="58" height="42" />
        <cmp x="1597" y="2054" width="45" height="86" />
      </word>
      <word id="k04-079-07-04" tag="NNS" text="dilettanti">
        <cmp x="1711" y="2043" width="61" height="95" />
        <cmp x="1763" y="2099" width="21" height="38" />
        <cmp x="1779" y="2071" width="5" height="10" />
        <cmp x="1802" y="2062" width="55" height="84" />
        <cmp x="1845" y="2066" width="110" height="76" />
        <cmp x="1949" y="2106" width="49" height="31" />
        <cmp x="2013" y="2099" width="67" height="57" />
        <cmp x="2105" y="2076" width="48" height="71" />
        <cmp x="2160" y="2106" width="17" height="39" />
        <cmp x="2181" y="2076" width="7" height="8" />
      </word>
      <word id="k04-079-07-05" tag="." text=".">
        <cmp x="2195" y="2111" width="16" height="21" />
      </word>
      <word id="k04-079-07-06" sentence-start="yes" tag="PP3A" text="She">
        <cmp x="2224" y="2057" width="61" height="78" />
        <cmp x="2272" y="2043" width="44" height="99" />
        <cmp x="2313" y="2100" width="44" height="45" />
      </word>
      <upper-contour>
        <point x="356" y="1995" />
        <point x="2285" y="1995" />
      </upper-contour>
      <lower-contour>
        <point x="379" y="2160" />
        <point x="2358" y="2160" />
      </lower-contour>
    </line>
    <line ass="-378" asx="0" asy="2216" character-width="999" dss="-378" dsx="0" dsy="2374" fd0="12944" fd1="2320" fd2="-1630" filter-width="4" id="k04-079-08" lbs="-382" lbx="0" lby="2306" segmentation="err" slant="78000" stroke-width="6306" threshold="179" text="visualized the pageantry of the tourna-" ubs="-369" ubx="0" uby="2267">
      <word id="k04-079-08-00" tag="VBD" text="visualized">
        <cmp x="381" y="2252" width="40" height="59" />
        <cmp x="430" y="2270" width="8" height="44" />
        <cmp x="432" y="2238" width="13" height="17" />
        <cmp x="465" y="2248" width="49" height="66" />
        <cmp x="521" y="2258" width="56" height="58" />
        <cmp x="586" y="2273" width="51" height="35" />
        <cmp x="646" y="2238" width="65" height="78" />
        <cmp x="709" y="2252" width="8" height="12" />
        <cmp x="725" y="2268" width="38" height="55" />
        <cmp x="774" y="2274" width="40" height="47" />
        <cmp x="813" y="2233" width="39" height="85" />
      </word>
      <word id="k04-079-08-01" tag="ATI" text="the">
        <cmp x="941" y="2223" width="100" height="101" />
        <cmp x="1054" y="2270" width="32" height="49" />
      </word>
      <word id="k04-079-08-02" tag="NN" text="pageantry">
        <cmp x="1164" y="2279" width="103" height="83" />
        <cmp x="1234" y="2285" width="76" height="99" />
        <cmp x="1323" y="2263" width="89" height="58" />
        <cmp x="1426" y="2279" width="56" height="48" />
        <cmp x="1485" y="2247" width="49" height="66" />
        <cmp x="1548" y="2270" width="43" height="47" />
        <cmp x="1572" y="2279" width="53" height="97" />
      </word>
      <word id="k04-079-08-03" tag="INO" text="of">
        <cmp x="1706" y="2280" width="38" height="42" />
        <cmp x="1767" y="2236" width="48" height="80" />
      </word>
      <word id="k04-079-08-04" tag="ATI" text="the">
        <cmp x="1864" y="2234" width="95" height="86" />
        <cmp x="1960" y="2277" width="40" height="53" />
      </word>
      <word id="k04-079-08-05" tag="NN-" text="tourna-">
        <cmp x="2077" y="2231" width="52" height="91" />
        <cmp x="2121" y="2270" width="81" height="48" />
        <cmp x="2213" y="2263" width="175" height="61" />
      </word>
      <upper-contour>
        <point x="379" y="2160" />
        <point x="2358" y="2160" />
      </upper-contour>
      <lower-contour>
        <point x="379" y="2369" />
        <point x="1239" y="2384" />
        <point x="2389" y="2384" />
      </lower-contour>
    </line>
    <line ass="149" asx="0" asy="2373" character-width="999" dss="149" dsx="0" dsy="2518" fd0="12715" fd1="2279" fd2="-1517" filter-width="4" id="k04-079-09" lbs="201" lbx="0" lby="2498" segmentation="ok" slant="79000" stroke-width="6199" threshold="180" text="ment, and herself on the ducal dais beside" ubs="44" ubx="0" uby="2447">
      <word id="k04-079-09-00" tag="-NN" text="ment">
        <cmp x="380" y="2438" width="72" height="56" />
        <cmp x="471" y="2444" width="42" height="57" />
        <cmp x="514" y="2460" width="62" height="58" />
        <cmp x="583" y="2416" width="42" height="97" />
      </word>
      <word id="k04-079-09-01" tag="," text=",">
        <cmp x="635" y="2480" width="12" height="29" />
      </word>
      <word id="k04-079-09-02" tag="CC" text="and">
        <cmp x="680" y="2439" width="124" height="50" />
        <cmp x="810" y="2372" width="46" height="114" />
      </word>
      <word id="k04-079-09-03" tag="PPL" text="herself">
        <cmp x="913" y="2400" width="42" height="89" />
        <cmp x="966" y="2437" width="34" height="52" />
        <cmp x="1003" y="2442" width="36" height="52" />
        <cmp x="1040" y="2441" width="36" height="54" />
        <cmp x="1080" y="2443" width="37" height="57" />
        <cmp x="1121" y="2409" width="86" height="91" />
      </word>
      <word id="k04-079-09-04" tag="IN" text="on">
        <cmp x="1295" y="2451" width="43" height="52" />
        <cmp x="1349" y="2456" width="55" height="52" />
      </word>
      <word id="k04-079-09-05" tag="ATI" text="the">
        <cmp x="1434" y="2393" width="89" height="102" />
        <cmp x="1533" y="2436" width="31" height="51" />
      </word>
      <word id="k04-079-09-06" tag="JJ" text="ducal">
        <cmp x="1655" y="2391" width="49" height="99" />
        <cmp x="1698" y="2443" width="54" height="62" />
        <cmp x="1764" y="2440" width="31" height="51" />
        <cmp x="1792" y="2410" width="92" height="86" />
      </word>
      <word id="k04-079-09-07" tag="NN" text="dais">
        <cmp x="1949" y="2390" width="55" height="98" />
        <cmp x="2003" y="2443" width="64" height="52" />
        <cmp x="2064" y="2423" width="10" height="13" />
        <cmp x="2071" y="2435" width="37" height="52" />
      </word>
      <word id="k04-079-09-08" tag="IN" text="beside">
        <cmp x="2175" y="2402" width="39" height="97" />
        <cmp x="2217" y="2444" width="34" height="51" />
        <cmp x="2253" y="2445" width="30" height="43" />
        <cmp x="2293" y="2454" width="9" height="32" />
        <cmp x="2296" y="2424" width="6" height="9" />
        <cmp x="2318" y="2410" width="47" height="90" />
        <cmp x="2364" y="2449" width="42" height="53" />
      </word>
      <upper-contour>
        <point x="379" y="2369" />
        <point x="1239" y="2384" />
        <point x="2389" y="2384" />
      </upper-contour>
      <lower-contour>
        <point x="378" y="2518" />
        <point x="2407" y="2518" />
      </lower-contour>
    </line>
    <line ass="-155" asx="0" asy="2572" character-width="999" dss="-155" dsx="0" dsy="2741" fd0="12988" fd1="2231" fd2="-1678" filter-width="4" id="k04-079-10" lbs="-98" lbx="0" lby="2675" segmentation="ok" slant="78000" stroke-width="6303" threshold="181" text="Orsini, placing a chaplet of roses on the brows" ubs="-269" ubx="0" uby="2625">
      <word id="k04-079-10-00" tag="NP" text="Orsini">
        <cmp x="348" y="2578" width="60" height="95" />
        <cmp x="422" y="2613" width="37" height="50" />
        <cmp x="463" y="2613" width="38" height="55" />
        <cmp x="503" y="2599" width="12" height="17" />
        <cmp x="513" y="2628" width="7" height="41" />
        <cmp x="528" y="2629" width="55" height="53" />
        <cmp x="603" y="2638" width="15" height="43" />
        <cmp x="604" y="2604" width="12" height="13" />
      </word>
      <word id="k04-079-10-01" tag="," text=",">
        <cmp x="647" y="2676" width="7" height="27" />
      </word>
      <word id="k04-079-10-02" tag="VBG" text="placing">
        <cmp x="675" y="2626" width="44" height="80" />
        <cmp x="729" y="2581" width="48" height="89" />
        <cmp x="766" y="2622" width="48" height="39" />
        <cmp x="816" y="2618" width="47" height="55" />
        <cmp x="860" y="2598" width="9" height="18" />
        <cmp x="872" y="2623" width="56" height="50" />
        <cmp x="896" y="2621" width="68" height="124" />
      </word>
      <word id="k04-079-10-03" tag="AT" text="a">
        <cmp x="1006" y="2644" width="65" height="41" />
      </word>
      <word id="k04-079-10-04" tag="NN" text="chaplet">
        <cmp x="1157" y="2576" width="77" height="107" />
        <cmp x="1236" y="2601" width="126" height="113" />
        <cmp x="1352" y="2593" width="70" height="93" />
      </word>
      <word id="k04-079-10-05" tag="INO" text="of">
        <cmp x="1454" y="2632" width="38" height="52" />
        <cmp x="1502" y="2583" width="48" height="105" />
      </word>
      <word id="k04-079-10-06" tag="NNS" text="roses">
        <cmp x="1609" y="2632" width="119" height="60" />
        <cmp x="1736" y="2625" width="42" height="54" />
        <cmp x="1781" y="2628" width="31" height="44" />
      </word>
      <word id="k04-079-10-07" tag="IN" text="on">
        <cmp x="1856" y="2634" width="40" height="48" />
        <cmp x="1902" y="2636" width="65" height="55" />
      </word>
      <word id="k04-079-10-08" tag="ATI" text="the">
        <cmp x="1993" y="2582" width="105" height="100" />
        <cmp x="2105" y="2626" width="38" height="61" />
      </word>
      <word id="k04-079-10-09" tag="NNS" text="brows">
        <cmp x="2192" y="2577" width="51" height="97" />
        <cmp x="2251" y="2628" width="38" height="44" />
        <cmp x="2294" y="2633" width="34" height="38" />
        <cmp x="2334" y="2628" width="61" height="49" />
        <cmp x="2392" y="2621" width="43" height="57" />
      </word>
      <upper-contour>
        <point x="378" y="2518" />
        <point x="2407" y="2518" />
      </upper-contour>
    </line>
  </handwritten-part>
</form>

