<?xml version="1.0" encoding="ISO-8859-1"?>

<!DOCTYPE form SYSTEM 'http://www.iam.unibe.ch/~fki/iamdb/form-metadata.dtd'>

<form created="2002-01-24" height="3542" id="k04-057" last-modified="2002-07-17" skew="0" status="final" version="3.0_beta" width="2479" writer-id="444">
  <machine-printed-part>
    <machine-print-line text="Vittoria, accompanied by her maid, Lucia, was on her way to the Accoramboni villa," />
    <machine-print-line text="ostensibly to pay a daughterly call on her father, actually to coax money from that" />
    <machine-print-line text="indulgent parent to settle her mounting debts. Lucia was thinking how beautiful" />
    <machine-print-line text="her mistress looked, and how cunningly the olive-green dress with its underskirt of" />
    <machine-print-line text="rose-brocade fitted her perfect figure. Vittoria&apos;s thoughts were more complex." />
  </machine-printed-part>
  <handwritten-part>
    <line ass="383" asx="0" asy="938" character-width="999" dss="383" dsx="0" dsy="1044" fd0="13752" fd1="3244" fd2="-574" filter-width="3" id="k04-057-00" lbs="480" lbx="0" lby="1017" segmentation="ok" slant="85000" stroke-width="4659" threshold="189" text="Vittoria, accompanied by her maid, Lucia, was on her" ubs="191" ubx="0" uby="983">
      <word id="k04-057-00-00" sentence-start="yes" tag="NP" text="Vittoria">
        <cmp x="372" y="953" width="25" height="70" />
        <cmp x="400" y="988" width="6" height="23" />
        <cmp x="416" y="955" width="33" height="54" />
        <cmp x="459" y="942" width="28" height="57" />
        <cmp x="484" y="978" width="35" height="36" />
        <cmp x="522" y="972" width="30" height="41" />
        <cmp x="555" y="984" width="7" height="25" />
        <cmp x="564" y="962" width="4" height="6" />
        <cmp x="573" y="974" width="30" height="34" />
      </word>
      <word id="k04-057-00-01" tag="," text=",">
        <cmp x="613" y="1012" width="11" height="20" />
      </word>
      <word id="k04-057-00-02" tag="VBN" text="accompanied">
        <cmp x="660" y="978" width="28" height="30" />
        <cmp x="700" y="981" width="26" height="27" />
        <cmp x="734" y="978" width="21" height="29" />
        <cmp x="769" y="980" width="83" height="31" />
        <cmp x="865" y="979" width="20" height="47" />
        <cmp x="889" y="985" width="27" height="30" />
        <cmp x="927" y="983" width="27" height="34" />
        <cmp x="968" y="988" width="6" height="25" />
        <cmp x="971" y="970" width="4" height="7" />
        <cmp x="990" y="935" width="66" height="80" />
      </word>
      <word id="k04-057-00-03" tag="IN" text="by">
        <cmp x="1122" y="932" width="32" height="78" />
        <cmp x="1162" y="974" width="31" height="63" />
      </word>
      <word id="k04-057-00-04" tag="PP$" text="her">
        <cmp x="1248" y="941" width="26" height="61" />
        <cmp x="1281" y="971" width="22" height="30" />
        <cmp x="1306" y="975" width="9" height="27" />
        <cmp x="1316" y="972" width="24" height="15" />
      </word>
      <word id="k04-057-00-05" tag="NN" text="maid">
        <cmp x="1391" y="973" width="52" height="30" />
        <cmp x="1450" y="974" width="55" height="34" />
        <cmp x="1504" y="956" width="11" height="12" />
        <cmp x="1521" y="952" width="37" height="59" />
      </word>
      <word id="k04-057-00-06" tag="," text=",">
        <cmp x="1579" y="996" width="18" height="25" />
      </word>
      <word id="k04-057-00-07" tag="NP" text="Lucia">
        <cmp x="1618" y="935" width="34" height="64" />
        <cmp x="1666" y="970" width="36" height="27" />
        <cmp x="1723" y="969" width="31" height="27" />
        <cmp x="1759" y="975" width="7" height="23" />
        <cmp x="1771" y="950" width="7" height="12" />
        <cmp x="1780" y="974" width="24" height="27" />
      </word>
      <word id="k04-057-00-08" tag="," text=",">
        <cmp x="1808" y="998" width="16" height="29" />
      </word>
      <word id="k04-057-00-09" tag="BEDZ" text="was">
        <cmp x="1834" y="971" width="77" height="36" />
        <cmp x="1915" y="972" width="22" height="27" />
      </word>
      <word id="k04-057-00-10" tag="IN" text="on">
        <cmp x="1962" y="979" width="32" height="23" />
        <cmp x="2004" y="978" width="31" height="21" />
      </word>
      <word id="k04-057-00-11" tag="PP$" text="her">
        <cmp x="2091" y="946" width="26" height="56" />
        <cmp x="2127" y="976" width="56" height="34" />
        <cmp x="2184" y="983" width="4" height="4" />
        <cmp x="2186" y="981" width="14" height="8" />
      </word>
      <lower-contour>
        <point x="371" y="1037" />
        <point x="2177" y="1037" />
      </lower-contour>
    </line>
    <line ass="630" asx="0" asy="1143" character-width="999" dss="630" dsx="0" dsy="1234" fd0="14285" fd1="3193" fd2="-609" filter-width="3" id="k04-057-01" lbs="597" lbx="0" lby="1203" segmentation="err" slant="87999" stroke-width="4758" threshold="187" text="way to the Accoramboni villa, ostensibly to pay" ubs="697" ubx="0" uby="1178">
      <word id="k04-057-01-00" tag="NN" text="way">
        <cmp x="373" y="1150" width="33" height="37" />
        <cmp x="413" y="1157" width="31" height="34" />
        <cmp x="450" y="1164" width="29" height="58" />
      </word>
      <word id="k04-057-01-01" tag="IN" text="to">
        <cmp x="562" y="1140" width="31" height="59" />
        <cmp x="600" y="1171" width="29" height="31" />
      </word>
      <word id="k04-057-01-02" tag="ATI" text="the">
        <cmp x="715" y="1148" width="34" height="53" />
        <cmp x="752" y="1150" width="24" height="43" />
        <cmp x="789" y="1168" width="24" height="28" />
      </word>
      <word id="k04-057-01-03" tag="NP" text="Accoramboni">
        <cmp x="886" y="1148" width="35" height="47" />
        <cmp x="935" y="1174" width="31" height="29" />
        <cmp x="980" y="1171" width="34" height="32" />
        <cmp x="1021" y="1180" width="27" height="21" />
        <cmp x="1079" y="1180" width="13" height="22" />
        <cmp x="1094" y="1171" width="9" height="8" />
        <cmp x="1110" y="1169" width="33" height="25" />
        <cmp x="1168" y="1166" width="57" height="25" />
        <cmp x="1239" y="1137" width="36" height="46" />
        <cmp x="1279" y="1156" width="31" height="23" />
        <cmp x="1322" y="1158" width="29" height="21" />
        <cmp x="1362" y="1161" width="20" height="21" />
        <cmp x="1376" y="1135" width="5" height="8" />
      </word>
      <word id="k04-057-01-04" tag="NN" text="villa">
        <cmp x="1471" y="1175" width="13" height="15" />
        <cmp x="1497" y="1169" width="5" height="25" />
        <cmp x="1508" y="1148" width="5" height="6" />
        <cmp x="1521" y="1131" width="53" height="57" />
        <cmp x="1568" y="1159" width="5" height="7" />
        <cmp x="1574" y="1143" width="3" height="4" />
        <cmp x="1581" y="1161" width="35" height="29" />
        <cmp x="1613" y="1188" width="20" height="24" />
      </word>
      <word id="k04-057-01-05" tag="," text=",">
        <cmp x="1660" y="1160" width="28" height="29" />
      </word>
      <word id="k04-057-01-06" tag="RB" text="ostensibly">
        <cmp x="1697" y="1157" width="27" height="34" />
        <cmp x="1727" y="1125" width="28" height="56" />
        <cmp x="1762" y="1146" width="58" height="35" />
        <cmp x="1826" y="1149" width="24" height="28" />
        <cmp x="1833" y="1143" width="18" height="6" />
        <cmp x="1856" y="1155" width="6" height="25" />
        <cmp x="1864" y="1127" width="4" height="8" />
        <cmp x="1870" y="1132" width="26" height="47" />
        <cmp x="1908" y="1128" width="16" height="49" />
        <cmp x="1927" y="1153" width="30" height="46" />
      </word>
      <word id="k04-057-01-07" tag="TO" text="to">
        <cmp x="1981" y="1130" width="28" height="54" />
        <cmp x="2011" y="1161" width="23" height="24" />
      </word>
      <word id="k04-057-01-08" tag="VB" text="pay">
        <cmp x="2077" y="1151" width="36" height="50" />
        <cmp x="2111" y="1159" width="3" height="6" />
        <cmp x="2115" y="1151" width="27" height="30" />
        <cmp x="2145" y="1149" width="31" height="62" />
      </word>
      <upper-contour>
        <point x="371" y="1037" />
        <point x="2177" y="1037" />
      </upper-contour>
      <lower-contour>
        <point x="371" y="1222" />
        <point x="2177" y="1222" />
      </lower-contour>
    </line>
    <line ass="-299" asx="0" asy="1293" character-width="999" dss="-299" dsx="0" dsy="1405" fd0="13982" fd1="2861" fd2="-588" filter-width="3" id="k04-057-02" lbs="-283" lbx="0" lby="1357" segmentation="err" slant="90000" stroke-width="4871" threshold="185" text="a daughterly call on her father, actually to coax" ubs="-332" ubx="0" uby="1326">
      <word id="k04-057-02-00" tag="AT" text="a">
        <cmp x="370" y="1323" width="38" height="35" />
      </word>
      <word id="k04-057-02-01" tag="JJ" text="daughterly">
        <cmp x="467" y="1302" width="32" height="64" />
        <cmp x="507" y="1336" width="27" height="32" />
        <cmp x="545" y="1335" width="28" height="32" />
        <cmp x="568" y="1333" width="32" height="75" />
        <cmp x="611" y="1320" width="34" height="43" />
        <cmp x="655" y="1306" width="27" height="55" />
        <cmp x="695" y="1328" width="25" height="29" />
        <cmp x="728" y="1329" width="22" height="30" />
        <cmp x="750" y="1304" width="33" height="61" />
        <cmp x="786" y="1331" width="29" height="59" />
      </word>
      <word id="k04-057-02-02" tag="NN" text="call">
        <cmp x="880" y="1328" width="23" height="31" />
        <cmp x="910" y="1335" width="28" height="24" />
        <cmp x="959" y="1304" width="55" height="56" />
      </word>
      <word id="k04-057-02-03" tag="IN" text="on">
        <cmp x="1091" y="1331" width="33" height="30" />
        <cmp x="1125" y="1335" width="33" height="25" />
      </word>
      <word id="k04-057-02-04" tag="PP$" text="her">
        <cmp x="1249" y="1309" width="30" height="49" />
        <cmp x="1289" y="1331" width="62" height="30" />
      </word>
      <word id="k04-057-02-05" tag="NN" text="father">
        <cmp x="1396" y="1331" width="31" height="32" />
        <cmp x="1403" y="1305" width="6" height="23" />
        <cmp x="1438" y="1340" width="32" height="21" />
        <cmp x="1473" y="1304" width="28" height="58" />
        <cmp x="1515" y="1313" width="10" height="47" />
        <cmp x="1525" y="1337" width="17" height="25" />
        <cmp x="1552" y="1332" width="57" height="30" />
        <cmp x="1608" y="1367" width="18" height="27" />
      </word>
      <word id="k04-057-02-06" tag="," text=",">
        <cmp x="1662" y="1339" width="32" height="30" />
      </word>
      <word id="k04-057-02-07" tag="RB" text="actually">
        <cmp x="1701" y="1337" width="26" height="30" />
        <cmp x="1741" y="1303" width="34" height="61" />
        <cmp x="1775" y="1338" width="34" height="33" />
        <cmp x="1817" y="1338" width="28" height="24" />
        <cmp x="1854" y="1303" width="57" height="59" />
        <cmp x="1922" y="1336" width="30" height="59" />
      </word>
      <word id="k04-057-02-08" tag="TO" text="to">
        <cmp x="1988" y="1307" width="34" height="55" />
        <cmp x="2018" y="1338" width="25" height="30" />
      </word>
      <word id="k04-057-02-09" tag="VB" text="coax">
        <cmp x="2093" y="1337" width="22" height="32" />
        <cmp x="2121" y="1343" width="25" height="26" />
        <cmp x="2149" y="1337" width="28" height="27" />
        <cmp x="2182" y="1339" width="38" height="38" />
      </word>
      <upper-contour>
        <point x="371" y="1222" />
        <point x="2177" y="1222" />
      </upper-contour>
      <lower-contour>
        <point x="368" y="1408" />
        <point x="2221" y="1408" />
      </lower-contour>
    </line>
    <line ass="594" asx="0" asy="1489" character-width="999" dss="594" dsx="0" dsy="1595" fd0="13735" fd1="2901" fd2="-945" filter-width="3" id="k04-057-03" lbs="679" lbx="0" lby="1561" segmentation="err" slant="87000" stroke-width="4788" threshold="186" text="money from that indulgent parent to settle her mounting" ubs="423" ubx="0" uby="1528">
      <word id="k04-057-03-00" tag="NN" text="money">
        <cmp x="369" y="1524" width="11" height="34" />
        <cmp x="380" y="1525" width="40" height="34" />
        <cmp x="434" y="1526" width="27" height="31" />
        <cmp x="474" y="1526" width="29" height="29" />
        <cmp x="508" y="1520" width="56" height="38" />
        <cmp x="550" y="1511" width="24" height="62" />
      </word>
      <word id="k04-057-03-01" tag="IN" text="from">
        <cmp x="643" y="1484" width="31" height="55" />
        <cmp x="682" y="1514" width="17" height="35" />
        <cmp x="705" y="1518" width="24" height="32" />
        <cmp x="732" y="1518" width="41" height="32" />
      </word>
      <word id="k04-057-03-02" tag="DT" text="that">
        <cmp x="822" y="1486" width="37" height="55" />
        <cmp x="860" y="1493" width="17" height="52" />
        <cmp x="882" y="1518" width="7" height="29" />
        <cmp x="889" y="1489" width="72" height="61" />
      </word>
      <word id="k04-057-03-03" tag="JJ" text="indulgent">
        <cmp x="1050" y="1525" width="7" height="30" />
        <cmp x="1052" y="1506" width="7" height="10" />
        <cmp x="1068" y="1531" width="25" height="28" />
        <cmp x="1102" y="1491" width="26" height="68" />
        <cmp x="1134" y="1531" width="21" height="29" />
        <cmp x="1166" y="1487" width="38" height="70" />
        <cmp x="1205" y="1524" width="25" height="59" />
        <cmp x="1243" y="1525" width="62" height="32" />
        <cmp x="1309" y="1484" width="33" height="64" />
      </word>
      <word id="k04-057-03-04" tag="NN" text="parent">
        <cmp x="1420" y="1510" width="28" height="59" />
        <cmp x="1453" y="1526" width="29" height="27" />
        <cmp x="1492" y="1531" width="9" height="24" />
        <cmp x="1503" y="1526" width="13" height="6" />
        <cmp x="1516" y="1522" width="28" height="29" />
        <cmp x="1544" y="1526" width="13" height="18" />
        <cmp x="1558" y="1531" width="6" height="6" />
        <cmp x="1564" y="1515" width="11" height="28" />
        <cmp x="1582" y="1484" width="37" height="58" />
      </word>
      <word id="k04-057-03-05" tag="TO" text="to">
        <cmp x="1661" y="1491" width="30" height="47" />
        <cmp x="1691" y="1515" width="22" height="23" />
      </word>
      <word id="k04-057-03-06" tag="VB" text="settle">
        <cmp x="1754" y="1511" width="22" height="29" />
        <cmp x="1782" y="1513" width="24" height="27" />
        <cmp x="1807" y="1488" width="21" height="54" />
        <cmp x="1836" y="1488" width="50" height="54" />
        <cmp x="1881" y="1511" width="24" height="29" />
        <cmp x="1910" y="1532" width="5" height="4" />
      </word>
      <word id="k04-057-03-07" tag="PP$" text="her">
        <cmp x="1960" y="1488" width="16" height="43" />
        <cmp x="1974" y="1501" width="18" height="32" />
        <cmp x="1990" y="1502" width="44" height="32" />
        <cmp x="2033" y="1505" width="21" height="9" />
      </word>
      <word id="k04-057-03-08" tag="JJ" text="mounting">
        <cmp x="2090" y="1509" width="40" height="26" />
        <cmp x="2131" y="1512" width="8" height="18" />
        <cmp x="2143" y="1512" width="23" height="23" />
        <cmp x="2173" y="1515" width="21" height="16" />
        <cmp x="2199" y="1520" width="18" height="17" />
        <cmp x="2217" y="1517" width="8" height="26" />
        <cmp x="2228" y="1484" width="28" height="52" />
        <cmp x="2256" y="1514" width="6" height="15" />
        <cmp x="2267" y="1491" width="4" height="5" />
        <cmp x="2280" y="1504" width="56" height="49" />
      </word>
      <upper-contour>
        <point x="368" y="1408" />
        <point x="2221" y="1408" />
      </upper-contour>
      <lower-contour>
        <point x="372" y="1583" />
        <point x="2197" y="1583" />
      </lower-contour>
    </line>
    <line ass="-80" asx="0" asy="1641" character-width="999" dss="-80" dsx="0" dsy="1749" fd0="13712" fd1="2957" fd2="-598" filter-width="3" id="k04-057-04" lbs="-7" lbx="0" lby="1720" segmentation="ok" slant="90000" stroke-width="4759" threshold="183" text="debts. Lucia was thinking how beautiful her mistress" ubs="-226" ubx="0" uby="1690">
      <word id="k04-057-04-00" tag="NNS" text="debts">
        <cmp x="374" y="1685" width="28" height="35" />
        <cmp x="401" y="1649" width="8" height="67" />
        <cmp x="412" y="1686" width="30" height="36" />
        <cmp x="443" y="1642" width="74" height="79" />
        <cmp x="511" y="1684" width="23" height="33" />
      </word>
      <word id="k04-057-04-01" tag="." text=".">
        <cmp x="554" y="1717" width="6" height="6" />
      </word>
      <word id="k04-057-04-02" sentence-start="yes" tag="NP" text="Lucia">
        <cmp x="571" y="1665" width="28" height="58" />
        <cmp x="610" y="1695" width="28" height="28" />
        <cmp x="655" y="1693" width="26" height="35" />
        <cmp x="691" y="1705" width="9" height="20" />
        <cmp x="704" y="1683" width="4" height="6" />
        <cmp x="718" y="1695" width="37" height="31" />
      </word>
      <word id="k04-057-04-03" tag="BEDZ" text="was">
        <cmp x="811" y="1691" width="45" height="38" />
        <cmp x="858" y="1688" width="58" height="39" />
      </word>
      <word id="k04-057-04-04" tag="VBG" text="thinking">
        <cmp x="1003" y="1671" width="40" height="49" />
        <cmp x="1049" y="1674" width="20" height="45" />
        <cmp x="1071" y="1696" width="8" height="23" />
        <cmp x="1090" y="1698" width="8" height="20" />
        <cmp x="1098" y="1685" width="5" height="8" />
        <cmp x="1113" y="1694" width="20" height="25" />
        <cmp x="1159" y="1668" width="30" height="56" />
        <cmp x="1192" y="1701" width="5" height="22" />
        <cmp x="1197" y="1687" width="3" height="7" />
        <cmp x="1211" y="1697" width="51" height="55" />
      </word>
      <word id="k04-057-04-05" tag="WRB" text="how">
        <cmp x="1325" y="1664" width="27" height="57" />
        <cmp x="1356" y="1695" width="25" height="22" />
        <cmp x="1382" y="1694" width="43" height="27" />
      </word>
      <word id="k04-057-04-06" tag="JJ" text="beautiful">
        <cmp x="1478" y="1674" width="27" height="48" />
        <cmp x="1511" y="1692" width="23" height="24" />
        <cmp x="1540" y="1693" width="27" height="24" />
        <cmp x="1571" y="1699" width="30" height="19" />
        <cmp x="1601" y="1671" width="27" height="56" />
        <cmp x="1639" y="1710" width="5" height="13" />
        <cmp x="1641" y="1680" width="4" height="7" />
        <cmp x="1668" y="1680" width="26" height="54" />
        <cmp x="1708" y="1700" width="24" height="20" />
        <cmp x="1743" y="1679" width="34" height="47" />
      </word>
      <word id="k04-057-04-07" tag="PP$" text="her">
        <cmp x="1845" y="1673" width="11" height="50" />
        <cmp x="1856" y="1693" width="16" height="25" />
        <cmp x="1875" y="1693" width="36" height="24" />
        <cmp x="1913" y="1693" width="19" height="5" />
      </word>
      <word id="k04-057-04-08" tag="NN" text="mistress">
        <cmp x="1976" y="1699" width="43" height="25" />
        <cmp x="2017" y="1705" width="8" height="24" />
        <cmp x="2021" y="1689" width="4" height="7" />
        <cmp x="2042" y="1698" width="21" height="34" />
        <cmp x="2069" y="1676" width="18" height="53" />
        <cmp x="2095" y="1704" width="25" height="28" />
        <cmp x="2118" y="1699" width="50" height="29" />
        <cmp x="2150" y="1698" width="3" height="7" />
        <cmp x="2175" y="1696" width="21" height="30" />
      </word>
      <upper-contour>
        <point x="372" y="1583" />
        <point x="2197" y="1583" />
      </upper-contour>
      <lower-contour>
        <point x="388" y="1753" />
        <point x="2197" y="1753" />
      </lower-contour>
    </line>
    <line ass="1" asx="0" asy="1834" character-width="999" dss="1" dsx="0" dsy="1939" fd0="13825" fd1="3001" fd2="-547" filter-width="3" id="k04-057-05" lbs="0" lbx="0" lby="1903" segmentation="err" slant="86000" stroke-width="4826" threshold="184" text="looked, and how cunningly the olive-green dress" ubs="3" ubx="0" uby="1876">
      <word id="k04-057-05-00" tag="VBD" text="looked">
        <cmp x="390" y="1838" width="19" height="61" />
        <cmp x="426" y="1869" width="34" height="30" />
        <cmp x="466" y="1876" width="32" height="29" />
        <cmp x="519" y="1835" width="36" height="74" />
        <cmp x="566" y="1870" width="30" height="38" />
        <cmp x="598" y="1840" width="28" height="63" />
      </word>
      <word id="k04-057-05-01" tag="," text=",">
        <cmp x="673" y="1901" width="12" height="35" />
      </word>
      <word id="k04-057-05-02" tag="CC" text="and">
        <cmp x="706" y="1878" width="33" height="37" />
        <cmp x="750" y="1882" width="28" height="22" />
        <cmp x="787" y="1845" width="35" height="71" />
      </word>
      <word id="k04-057-05-03" tag="WRB" text="how">
        <cmp x="900" y="1843" width="29" height="58" />
        <cmp x="934" y="1872" width="23" height="24" />
        <cmp x="965" y="1867" width="40" height="27" />
      </word>
      <word id="k04-057-05-04" tag="RB" text="cunningly">
        <cmp x="1110" y="1877" width="19" height="28" />
        <cmp x="1139" y="1878" width="28" height="29" />
        <cmp x="1180" y="1881" width="32" height="27" />
        <cmp x="1217" y="1885" width="31" height="25" />
        <cmp x="1264" y="1887" width="6" height="22" />
        <cmp x="1273" y="1862" width="7" height="13" />
        <cmp x="1298" y="1887" width="61" height="53" />
        <cmp x="1374" y="1859" width="35" height="58" />
        <cmp x="1409" y="1890" width="28" height="47" />
      </word>
      <word id="k04-057-05-05" tag="ATI" text="the">
        <cmp x="1499" y="1839" width="34" height="58" />
        <cmp x="1525" y="1843" width="18" height="55" />
        <cmp x="1543" y="1867" width="3" height="4" />
        <cmp x="1546" y="1869" width="6" height="20" />
        <cmp x="1556" y="1867" width="22" height="29" />
      </word>
      <word id="k04-057-05-06" tag="JJ" text="olive-green">
        <cmp x="1637" y="1881" width="27" height="27" />
        <cmp x="1668" y="1852" width="41" height="48" />
        <cmp x="1714" y="1851" width="7" height="9" />
        <cmp x="1722" y="1876" width="20" height="21" />
        <cmp x="1753" y="1872" width="27" height="29" />
        <cmp x="1805" y="1888" width="20" height="5" />
        <cmp x="1824" y="1877" width="36" height="56" />
        <cmp x="1870" y="1877" width="26" height="31" />
        <cmp x="1894" y="1873" width="35" height="29" />
        <cmp x="1938" y="1879" width="59" height="31" />
      </word>
      <word id="k04-057-05-07" tag="NN" text="dress">
        <cmp x="2054" y="1839" width="36" height="75" />
        <cmp x="2091" y="1871" width="31" height="38" />
        <cmp x="2117" y="1875" width="29" height="26" />
        <cmp x="2156" y="1866" width="27" height="33" />
        <cmp x="2195" y="1873" width="12" height="30" />
      </word>
      <upper-contour>
        <point x="388" y="1753" />
        <point x="2197" y="1753" />
      </upper-contour>
      <lower-contour>
        <point x="388" y="1941" />
        <point x="2208" y="1941" />
      </lower-contour>
    </line>
    <line ass="19" asx="0" asy="2015" character-width="999" dss="19" dsx="0" dsy="2098" fd0="13418" fd1="3114" fd2="-541" filter-width="3" id="k04-057-06" lbs="17" lbx="0" lby="2083" segmentation="ok" slant="89000" stroke-width="4635" threshold="187" text="with its underskirt of rose-brocade fitted her" ubs="25" ubx="0" uby="2055">
      <word id="k04-057-06-00" tag="IN" text="with">
        <cmp x="389" y="2048" width="34" height="36" />
        <cmp x="434" y="2056" width="10" height="24" />
        <cmp x="439" y="2029" width="3" height="5" />
        <cmp x="462" y="2025" width="36" height="53" />
        <cmp x="512" y="2031" width="23" height="47" />
      </word>
      <word id="k04-057-06-01" tag="PP$" text="its">
        <cmp x="632" y="2057" width="20" height="28" />
        <cmp x="642" y="2036" width="4" height="8" />
        <cmp x="661" y="2024" width="25" height="62" />
        <cmp x="691" y="2054" width="21" height="27" />
      </word>
      <word id="k04-057-06-02" tag="NN" text="underskirt">
        <cmp x="823" y="2051" width="28" height="34" />
        <cmp x="855" y="2058" width="28" height="28" />
        <cmp x="890" y="2022" width="30" height="63" />
        <cmp x="931" y="2055" width="54" height="32" />
        <cmp x="991" y="2053" width="28" height="31" />
        <cmp x="1029" y="2016" width="31" height="64" />
        <cmp x="1062" y="2023" width="6" height="16" />
        <cmp x="1063" y="2051" width="6" height="17" />
        <cmp x="1089" y="2037" width="16" height="41" />
        <cmp x="1117" y="2016" width="29" height="61" />
      </word>
      <word id="k04-057-06-03" tag="INO" text="of">
        <cmp x="1231" y="2059" width="27" height="32" />
        <cmp x="1261" y="2042" width="33" height="47" />
      </word>
      <word id="k04-057-06-04" tag="NN" text="rose-brocade">
        <cmp x="1363" y="2062" width="25" height="36" />
        <cmp x="1386" y="2062" width="26" height="33" />
        <cmp x="1417" y="2057" width="24" height="29" />
        <cmp x="1443" y="2062" width="23" height="23" />
        <cmp x="1481" y="2073" width="28" height="5" />
        <cmp x="1535" y="2025" width="34" height="61" />
        <cmp x="1588" y="2057" width="31" height="28" />
        <cmp x="1621" y="2057" width="29" height="26" />
        <cmp x="1655" y="2050" width="30" height="27" />
        <cmp x="1688" y="2061" width="27" height="21" />
        <cmp x="1725" y="2055" width="29" height="25" />
        <cmp x="1755" y="2017" width="8" height="64" />
        <cmp x="1772" y="2050" width="32" height="31" />
      </word>
      <word id="k04-057-06-05" tag="VBD" text="fitted">
        <cmp x="1890" y="2035" width="25" height="59" />
        <cmp x="1924" y="2062" width="5" height="17" />
        <cmp x="1930" y="2041" width="7" height="10" />
        <cmp x="1939" y="2027" width="32" height="51" />
        <cmp x="1974" y="2026" width="22" height="51" />
        <cmp x="1996" y="2051" width="45" height="27" />
        <cmp x="2049" y="2019" width="7" height="59" />
      </word>
      <word id="k04-057-06-06" tag="PP$" text="her">
        <cmp x="2125" y="2025" width="13" height="57" />
        <cmp x="2138" y="2056" width="12" height="29" />
        <cmp x="2159" y="2055" width="42" height="27" />
        <cmp x="2201" y="2055" width="26" height="6" />
      </word>
      <upper-contour>
        <point x="388" y="1941" />
        <point x="2208" y="1941" />
      </upper-contour>
      <lower-contour>
        <point x="387" y="2098" />
        <point x="2068" y="2098" />
      </lower-contour>
    </line>
    <line ass="46" asx="0" asy="2190" character-width="999" dss="46" dsx="0" dsy="2312" fd0="13764" fd1="3201" fd2="-397" filter-width="3" id="k04-057-07" lbs="8" lbx="0" lby="2261" segmentation="err" slant="83000" stroke-width="4750" threshold="187" text="perfect figure. Vittoria&apos;s thoughts were more complex." ubs="121" ubx="0" uby="2239">
      <word id="k04-057-07-00" tag="JJ" text="perfect">
        <cmp x="376" y="2232" width="26" height="71" />
        <cmp x="411" y="2236" width="54" height="33" />
        <cmp x="469" y="2231" width="14" height="6" />
        <cmp x="477" y="2206" width="40" height="64" />
        <cmp x="517" y="2236" width="28" height="29" />
        <cmp x="551" y="2242" width="25" height="22" />
        <cmp x="594" y="2199" width="36" height="69" />
      </word>
      <word id="k04-057-07-01" tag="NN" text="figure">
        <cmp x="723" y="2202" width="34" height="62" />
        <cmp x="757" y="2243" width="7" height="25" />
        <cmp x="761" y="2239" width="35" height="73" />
        <cmp x="768" y="2222" width="8" height="5" />
        <cmp x="802" y="2243" width="23" height="27" />
        <cmp x="841" y="2242" width="9" height="26" />
        <cmp x="851" y="2235" width="12" height="7" />
        <cmp x="871" y="2239" width="19" height="26" />
      </word>
      <word id="k04-057-07-02" tag="." text=".">
        <cmp x="907" y="2259" width="5" height="5" />
      </word>
      <word id="k04-057-07-03" sentence-start="yes" tag="NP$" text="Vittoria&apos;s">
        <cmp x="927" y="2216" width="30" height="55" />
        <cmp x="953" y="2248" width="7" height="20" />
        <cmp x="964" y="2217" width="4" height="7" />
        <cmp x="981" y="2220" width="25" height="51" />
        <cmp x="1012" y="2210" width="22" height="56" />
        <cmp x="1038" y="2238" width="28" height="26" />
        <cmp x="1073" y="2233" width="27" height="30" />
        <cmp x="1108" y="2243" width="8" height="20" />
        <cmp x="1113" y="2220" width="9" height="15" />
        <cmp x="1141" y="2234" width="25" height="34" />
        <cmp x="1169" y="2191" width="12" height="26" />
        <cmp x="1202" y="2237" width="17" height="32" />
      </word>
      <word id="k04-057-07-04" tag="NNS" text="thoughts">
        <cmp x="1321" y="2231" width="36" height="35" />
        <cmp x="1361" y="2232" width="65" height="31" />
        <cmp x="1429" y="2232" width="31" height="28" />
      </word>
      <word id="k04-057-07-05" tag="BED" text="were">
        <cmp x="1539" y="2236" width="53" height="23" />
        <cmp x="1602" y="2238" width="26" height="19" />
      </word>
      <word id="k04-057-07-06" tag="QL" text="more">
        <cmp x="1643" y="2226" width="25" height="34" />
        <cmp x="1675" y="2234" width="38" height="29" />
      </word>
      <word id="k04-057-07-07" tag="JJ" text="complex">
        <cmp x="1796" y="2230" width="19" height="26" />
        <cmp x="1817" y="2235" width="30" height="23" />
        <cmp x="1850" y="2235" width="48" height="21" />
        <cmp x="1911" y="2231" width="33" height="44" />
        <cmp x="1945" y="2195" width="49" height="57" />
        <cmp x="1983" y="2229" width="30" height="29" />
        <cmp x="2012" y="2230" width="43" height="41" />
      </word>
      <word id="k04-057-07-08" tag="." text=".">
        <cmp x="2060" y="2262" width="8" height="5" />
      </word>
      <upper-contour>
        <point x="387" y="2098" />
        <point x="2068" y="2098" />
      </upper-contour>
    </line>
  </handwritten-part>
</form>

