<?xml version="1.0" encoding="ISO-8859-1"?>

<!DOCTYPE form SYSTEM 'http://www.iam.unibe.ch/~fki/iamdb/form-metadata.dtd'>

<form created="2002-04-11" height="3542" id="k07-059a" last-modified="2002-07-17" skew="190" status="final" version="3.0_beta" width="2479" writer-id="454">
  <machine-printed-part>
    <machine-print-line text="He forgot time and place. He, the master, was gently led along erotic paths which he" />
    <machine-print-line text="knew existed, but had never trodden. He learned how to use his hands, how to adore" />
    <machine-print-line text="that body without haste, how to caress every inch with his mouth as well, to creep" />
    <machine-print-line text="down along her smooth muscles till he lost himself in a rapture of kisses in places he&apos;d" />
    <machine-print-line text="dreamed of, where life began to ooze and quickened his heart beat to a thunder." />
  </machine-printed-part>
  <handwritten-part>
    <line ass="265" asx="0" asy="686" character-width="999" dss="265" dsx="0" dsy="791" fd0="13544" fd1="2594" fd2="-917" filter-width="3" id="k07-059a-00" lbs="276" lbx="0" lby="754" segmentation="ok" slant="76000" stroke-width="5627" threshold="179" text="He forgot time and place. He, the master, was gently" ubs="242" ubx="0" uby="722">
      <word id="k07-059a-00-00" sentence-start="yes" tag="PP3A" text="He">
        <cmp x="383" y="692" width="29" height="57" />
        <cmp x="416" y="717" width="26" height="33" />
      </word>
      <word id="k07-059a-00-01" tag="VBD" text="forgot">
        <cmp x="498" y="685" width="26" height="90" />
        <cmp x="526" y="711" width="31" height="36" />
        <cmp x="558" y="715" width="23" height="34" />
        <cmp x="581" y="713" width="37" height="63" />
        <cmp x="627" y="715" width="28" height="31" />
        <cmp x="665" y="705" width="29" height="47" />
      </word>
      <word id="k07-059a-00-02" tag="NN" text="time">
        <cmp x="754" y="696" width="39" height="55" />
        <cmp x="787" y="688" width="6" height="21" />
        <cmp x="797" y="720" width="30" height="27" />
        <cmp x="835" y="714" width="21" height="33" />
      </word>
      <word id="k07-059a-00-03" tag="CC" text="and">
        <cmp x="914" y="706" width="100" height="43" />
      </word>
      <word id="k07-059a-00-04" tag="NN" text="place">
        <cmp x="1058" y="720" width="26" height="52" />
        <cmp x="1094" y="698" width="56" height="49" />
        <cmp x="1154" y="719" width="22" height="28" />
        <cmp x="1179" y="717" width="26" height="29" />
      </word>
      <word id="k07-059a-00-05" tag="." text=".">
        <cmp x="1213" y="739" width="7" height="11" />
      </word>
      <word id="k07-059a-00-06" sentence-start="yes" tag="PP3A" text="He">
        <cmp x="1278" y="691" width="30" height="57" />
        <cmp x="1311" y="714" width="23" height="30" />
      </word>
      <word id="k07-059a-00-07" tag="," text=",">
        <cmp x="1338" y="727" width="13" height="42" />
      </word>
      <word id="k07-059a-00-08" tag="ATI" text="the">
        <cmp x="1387" y="693" width="63" height="55" />
      </word>
      <word id="k07-059a-00-09" tag="NN" text="master">
        <cmp x="1506" y="716" width="38" height="29" />
        <cmp x="1546" y="713" width="29" height="35" />
        <cmp x="1577" y="721" width="22" height="30" />
        <cmp x="1608" y="691" width="77" height="58" />
      </word>
      <word id="k07-059a-00-10" tag="," text=",">
        <cmp x="1692" y="740" width="11" height="35" />
      </word>
      <word id="k07-059a-00-11" tag="BEDZ" text="was">
        <cmp x="1739" y="716" width="41" height="34" />
        <cmp x="1779" y="714" width="29" height="35" />
        <cmp x="1807" y="720" width="27" height="34" />
      </word>
      <word id="k07-059a-00-12" tag="RB" text="gently">
        <cmp x="1879" y="708" width="27" height="69" />
        <cmp x="1913" y="715" width="22" height="32" />
        <cmp x="1948" y="713" width="22" height="37" />
        <cmp x="1976" y="693" width="24" height="48" />
        <cmp x="1997" y="705" width="22" height="40" />
        <cmp x="2010" y="723" width="42" height="59" />
        <cmp x="2023" y="721" width="13" height="26" />
      </word>
      <lower-contour>
        <point x="401" y="784" />
        <point x="2053" y="784" />
      </lower-contour>
    </line>
    <line ass="-196" asx="0" asy="865" character-width="999" dss="-196" dsx="0" dsy="959" fd0="13959" fd1="2927" fd2="-618" filter-width="3" id="k07-059a-01" lbs="-143" lbx="0" lby="925" segmentation="ok" slant="74000" stroke-width="5515" threshold="179" text="led along erotic paths which he knew existed, but" ubs="-300" ubx="0" uby="886">
      <word id="k07-059a-01-00" tag="VBN" text="led">
        <cmp x="403" y="872" width="27" height="51" />
        <cmp x="437" y="878" width="58" height="50" />
      </word>
      <word id="k07-059a-01-01" tag="IN" text="along">
        <cmp x="585" y="885" width="28" height="40" />
        <cmp x="622" y="872" width="25" height="55" />
        <cmp x="653" y="887" width="28" height="32" />
        <cmp x="689" y="897" width="28" height="24" />
        <cmp x="708" y="892" width="36" height="70" />
      </word>
      <word id="k07-059a-01-02" tag="JJ" text="erotic">
        <cmp x="795" y="886" width="34" height="35" />
        <cmp x="832" y="894" width="24" height="28" />
        <cmp x="861" y="893" width="31" height="30" />
        <cmp x="901" y="875" width="35" height="52" />
        <cmp x="931" y="871" width="7" height="14" />
        <cmp x="945" y="897" width="28" height="29" />
      </word>
      <word id="k07-059a-01-03" tag="NNS" text="paths">
        <cmp x="1005" y="898" width="31" height="52" />
        <cmp x="1043" y="894" width="27" height="34" />
        <cmp x="1075" y="880" width="20" height="44" />
        <cmp x="1095" y="874" width="26" height="50" />
        <cmp x="1123" y="894" width="29" height="32" />
      </word>
      <word id="k07-059a-01-04" tag="WDT" text="which">
        <cmp x="1238" y="893" width="42" height="33" />
        <cmp x="1293" y="878" width="22" height="47" />
        <cmp x="1306" y="872" width="3" height="4" />
        <cmp x="1324" y="899" width="12" height="29" />
        <cmp x="1335" y="871" width="7" height="15" />
        <cmp x="1344" y="878" width="53" height="57" />
        <cmp x="1387" y="872" width="4" height="4" />
      </word>
      <word id="k07-059a-01-05" tag="PP3A" text="he">
        <cmp x="1448" y="876" width="49" height="61" />
      </word>
      <word id="k07-059a-01-06" tag="VBD" text="knew">
        <cmp x="1574" y="876" width="29" height="53" />
        <cmp x="1609" y="892" width="22" height="35" />
        <cmp x="1638" y="897" width="23" height="33" />
        <cmp x="1661" y="899" width="44" height="30" />
      </word>
      <word id="k07-059a-01-07" tag="VBD" text="existed">
        <cmp x="1762" y="892" width="28" height="35" />
        <cmp x="1804" y="894" width="26" height="33" />
        <cmp x="1841" y="898" width="9" height="30" />
        <cmp x="1850" y="872" width="6" height="13" />
        <cmp x="1861" y="895" width="24" height="34" />
        <cmp x="1887" y="874" width="22" height="56" />
        <cmp x="1919" y="883" width="62" height="48" />
      </word>
      <word id="k07-059a-01-08" tag="," text=",">
        <cmp x="1990" y="921" width="13" height="31" />
      </word>
      <word id="k07-059a-01-09" tag="CC" text="but">
        <cmp x="2039" y="878" width="24" height="57" />
        <cmp x="2071" y="904" width="25" height="28" />
        <cmp x="2104" y="881" width="20" height="47" />
      </word>
      <upper-contour>
        <point x="401" y="784" />
        <point x="2053" y="784" />
      </upper-contour>
      <lower-contour>
        <point x="401" y="962" />
        <point x="2069" y="962" />
      </lower-contour>
    </line>
    <line ass="-138" asx="0" asy="1041" character-width="999" dss="-138" dsx="0" dsy="1110" fd0="13784" fd1="3435" fd2="-333" filter-width="3" id="k07-059a-02" lbs="-100" lbx="0" lby="1105" segmentation="ok" slant="78000" stroke-width="5504" threshold="180" text="had never trodden. He learned how to use his" ubs="-214" ubx="0" uby="1073">
      <word id="k07-059a-02-00" tag="HVD" text="had">
        <cmp x="402" y="1043" width="25" height="65" />
        <cmp x="432" y="1074" width="28" height="34" />
        <cmp x="461" y="1058" width="40" height="52" />
      </word>
      <word id="k07-059a-02-01" tag="RB" text="never">
        <cmp x="608" y="1073" width="26" height="32" />
        <cmp x="640" y="1072" width="27" height="32" />
        <cmp x="670" y="1076" width="29" height="32" />
        <cmp x="704" y="1074" width="50" height="36" />
      </word>
      <word id="k07-059a-02-02" tag="VBN" text="trodden">
        <cmp x="815" y="1051" width="84" height="59" />
        <cmp x="904" y="1061" width="39" height="48" />
        <cmp x="942" y="1064" width="34" height="46" />
        <cmp x="994" y="1076" width="59" height="31" />
      </word>
      <word id="k07-059a-02-03" tag="." text=".">
        <cmp x="1077" y="1092" width="9" height="10" />
      </word>
      <word id="k07-059a-02-04" sentence-start="yes" tag="PP3A" text="He">
        <cmp x="1139" y="1056" width="33" height="47" />
        <cmp x="1175" y="1073" width="25" height="31" />
      </word>
      <word id="k07-059a-02-05" tag="VBD" text="learned">
        <cmp x="1252" y="1054" width="22" height="48" />
        <cmp x="1287" y="1074" width="56" height="34" />
        <cmp x="1346" y="1080" width="23" height="30" />
        <cmp x="1367" y="1082" width="27" height="31" />
        <cmp x="1413" y="1078" width="25" height="28" />
        <cmp x="1435" y="1063" width="44" height="46" />
      </word>
      <word id="k07-059a-02-06" tag="WRB" text="how">
        <cmp x="1550" y="1055" width="27" height="55" />
        <cmp x="1582" y="1080" width="30" height="30" />
        <cmp x="1614" y="1077" width="41" height="33" />
      </word>
      <word id="k07-059a-02-07" tag="TO" text="to">
        <cmp x="1716" y="1055" width="59" height="61" />
      </word>
      <word id="k07-059a-02-08" tag="VB" text="use">
        <cmp x="1831" y="1081" width="62" height="33" />
        <cmp x="1899" y="1081" width="30" height="29" />
      </word>
      <word id="k07-059a-02-09" tag="PP$" text="his">
        <cmp x="1978" y="1053" width="25" height="56" />
        <cmp x="2014" y="1082" width="11" height="25" />
        <cmp x="2020" y="1054" width="5" height="14" />
        <cmp x="2036" y="1078" width="29" height="33" />
        <cmp x="2065" y="1082" width="3" height="3" />
      </word>
      <upper-contour>
        <point x="401" y="962" />
        <point x="2069" y="962" />
      </upper-contour>
      <lower-contour>
        <point x="400" y="1117" />
        <point x="2069" y="1117" />
      </lower-contour>
    </line>
    <line ass="-305" asx="0" asy="1221" character-width="999" dss="-305" dsx="0" dsy="1310" fd0="13862" fd1="2992" fd2="-628" filter-width="3" id="k07-059a-03" lbs="-328" lbx="0" lby="1280" segmentation="ok" slant="73000" stroke-width="5484" threshold="181" text="hands, how to adore that body without haste, how" ubs="-259" ubx="0" uby="1249">
      <word id="k07-059a-03-00" tag="NNS" text="hands">
        <cmp x="385" y="1231" width="22" height="54" />
        <cmp x="408" y="1251" width="67" height="35" />
        <cmp x="481" y="1238" width="38" height="47" />
        <cmp x="518" y="1251" width="26" height="35" />
      </word>
      <word id="k07-059a-03-01" tag="," text=",">
        <cmp x="560" y="1272" width="13" height="41" />
      </word>
      <word id="k07-059a-03-02" tag="WRB" text="how">
        <cmp x="618" y="1234" width="25" height="52" />
        <cmp x="653" y="1253" width="30" height="33" />
        <cmp x="686" y="1255" width="36" height="32" />
      </word>
      <word id="k07-059a-03-03" tag="TO" text="to">
        <cmp x="771" y="1227" width="27" height="54" />
        <cmp x="795" y="1254" width="33" height="27" />
      </word>
      <word id="k07-059a-03-04" tag="VB" text="adore">
        <cmp x="901" y="1247" width="31" height="40" />
        <cmp x="944" y="1234" width="35" height="51" />
        <cmp x="960" y="1262" width="6" height="9" />
        <cmp x="982" y="1254" width="28" height="35" />
        <cmp x="1020" y="1256" width="22" height="31" />
        <cmp x="1044" y="1258" width="26" height="27" />
      </word>
      <word id="k07-059a-03-05" tag="DT" text="that">
        <cmp x="1132" y="1231" width="27" height="57" />
        <cmp x="1165" y="1231" width="24" height="52" />
        <cmp x="1195" y="1251" width="27" height="33" />
        <cmp x="1231" y="1234" width="22" height="50" />
      </word>
      <word id="k07-059a-03-06" tag="NN" text="body">
        <cmp x="1324" y="1231" width="29" height="55" />
        <cmp x="1360" y="1257" width="31" height="32" />
        <cmp x="1399" y="1233" width="42" height="55" />
        <cmp x="1434" y="1259" width="42" height="59" />
      </word>
      <word id="k07-059a-03-07" tag="IN" text="without">
        <cmp x="1544" y="1259" width="42" height="31" />
        <cmp x="1595" y="1266" width="9" height="24" />
        <cmp x="1605" y="1230" width="7" height="15" />
        <cmp x="1619" y="1239" width="27" height="49" />
        <cmp x="1651" y="1232" width="26" height="57" />
        <cmp x="1684" y="1259" width="27" height="31" />
        <cmp x="1718" y="1261" width="25" height="33" />
        <cmp x="1760" y="1237" width="26" height="58" />
      </word>
      <word id="k07-059a-03-08" tag="NN" text="haste">
        <cmp x="1834" y="1237" width="55" height="56" />
        <cmp x="1890" y="1261" width="28" height="33" />
        <cmp x="1925" y="1234" width="21" height="56" />
        <cmp x="1950" y="1261" width="27" height="34" />
      </word>
      <word id="k07-059a-03-09" tag="," text=",">
        <cmp x="1998" y="1282" width="15" height="37" />
      </word>
      <word id="k07-059a-03-10" tag="WRB" text="how">
        <cmp x="2059" y="1234" width="26" height="56" />
        <cmp x="2092" y="1260" width="29" height="33" />
        <cmp x="2121" y="1260" width="47" height="32" />
      </word>
      <upper-contour>
        <point x="400" y="1117" />
        <point x="2069" y="1117" />
      </upper-contour>
      <lower-contour>
        <point x="391" y="1321" />
        <point x="2143" y="1321" />
      </lower-contour>
    </line>
    <line ass="-563" asx="0" asy="1386" character-width="999" dss="-563" dsx="0" dsy="1476" fd0="14224" fd1="3184" fd2="-501" filter-width="3" id="k07-059a-04" lbs="-611" lbx="0" lby="1450" segmentation="ok" slant="71000" stroke-width="5372" threshold="179" text="to caress every inch with his mouth as well, to" ubs="-467" ubx="0" uby="1423">
      <word id="k07-059a-04-00" tag="TO" text="to">
        <cmp x="393" y="1404" width="53" height="56" />
      </word>
      <word id="k07-059a-04-01" tag="VB" text="caress">
        <cmp x="540" y="1421" width="68" height="40" />
        <cmp x="568" y="1424" width="4" height="4" />
        <cmp x="613" y="1428" width="28" height="32" />
        <cmp x="645" y="1426" width="86" height="36" />
      </word>
      <word id="k07-059a-04-02" tag="AT" text="every">
        <cmp x="797" y="1430" width="34" height="30" />
        <cmp x="839" y="1429" width="27" height="40" />
        <cmp x="877" y="1428" width="23" height="30" />
        <cmp x="907" y="1431" width="35" height="28" />
        <cmp x="933" y="1432" width="26" height="55" />
      </word>
      <word id="k07-059a-04-03" tag="NN" text="inch">
        <cmp x="1026" y="1430" width="11" height="30" />
        <cmp x="1043" y="1398" width="8" height="7" />
        <cmp x="1043" y="1429" width="25" height="32" />
        <cmp x="1079" y="1429" width="22" height="32" />
        <cmp x="1108" y="1413" width="25" height="49" />
      </word>
      <word id="k07-059a-04-04" tag="IN" text="with">
        <cmp x="1194" y="1429" width="47" height="35" />
        <cmp x="1250" y="1438" width="8" height="25" />
        <cmp x="1254" y="1433" width="4" height="4" />
        <cmp x="1262" y="1400" width="6" height="19" />
        <cmp x="1270" y="1409" width="53" height="54" />
      </word>
      <word id="k07-059a-04-05" tag="PP$" text="his">
        <cmp x="1415" y="1414" width="26" height="49" />
        <cmp x="1449" y="1436" width="12" height="27" />
        <cmp x="1458" y="1406" width="6" height="16" />
        <cmp x="1469" y="1430" width="27" height="38" />
      </word>
      <word id="k07-059a-04-06" tag="NN" text="mouth">
        <cmp x="1559" y="1430" width="41" height="35" />
        <cmp x="1606" y="1438" width="32" height="30" />
        <cmp x="1644" y="1440" width="33" height="28" />
        <cmp x="1684" y="1422" width="55" height="49" />
        <cmp x="1725" y="1422" width="4" height="3" />
      </word>
      <word id="k07-059a-04-07" tag="RB21" text="as">
        <cmp x="1798" y="1436" width="31" height="35" />
        <cmp x="1832" y="1441" width="30" height="29" />
      </word>
      <word id="k07-059a-04-08" tag="RB22" text="well">
        <cmp x="1901" y="1442" width="48" height="30" />
        <cmp x="1957" y="1445" width="19" height="26" />
        <cmp x="1987" y="1437" width="14" height="34" />
        <cmp x="2002" y="1435" width="18" height="37" />
      </word>
      <word id="k07-059a-04-09" tag="," text=",">
        <cmp x="2036" y="1462" width="13" height="31" />
      </word>
      <word id="k07-059a-04-10" tag="TO" text="to">
        <cmp x="2081" y="1425" width="29" height="44" />
        <cmp x="2103" y="1441" width="39" height="37" />
      </word>
      <upper-contour>
        <point x="391" y="1321" />
        <point x="2143" y="1321" />
      </upper-contour>
      <lower-contour>
        <point x="395" y="1496" />
        <point x="2143" y="1496" />
      </lower-contour>
    </line>
    <line ass="207" asx="0" asy="1590" character-width="999" dss="207" dsx="0" dsy="1682" fd0="13693" fd1="2784" fd2="-868" filter-width="3" id="k07-059a-05" lbs="189" lbx="0" lby="1647" segmentation="ok" slant="74000" stroke-width="5482" threshold="175" text="creep down along her smooth muscles till he lost" ubs="242" ubx="0" uby="1617">
      <word id="k07-059a-05-00" tag="VB" text="creep">
        <cmp x="397" y="1617" width="25" height="34" />
        <cmp x="427" y="1618" width="29" height="28" />
        <cmp x="459" y="1619" width="30" height="27" />
        <cmp x="491" y="1618" width="30" height="28" />
        <cmp x="523" y="1620" width="33" height="47" />
      </word>
      <word id="k07-059a-05-01" tag="RP" text="down">
        <cmp x="611" y="1600" width="43" height="44" />
        <cmp x="654" y="1611" width="25" height="33" />
        <cmp x="684" y="1618" width="41" height="29" />
        <cmp x="731" y="1621" width="27" height="30" />
        <cmp x="737" y="1617" width="4" height="4" />
      </word>
      <word id="k07-059a-05-02" tag="IN" text="along">
        <cmp x="823" y="1607" width="34" height="39" />
        <cmp x="864" y="1590" width="23" height="54" />
        <cmp x="888" y="1612" width="30" height="33" />
        <cmp x="917" y="1619" width="27" height="26" />
        <cmp x="942" y="1615" width="33" height="64" />
      </word>
      <word id="k07-059a-05-03" tag="PP$" text="her">
        <cmp x="1032" y="1589" width="50" height="55" />
        <cmp x="1090" y="1612" width="29" height="31" />
      </word>
      <word id="k07-059a-05-04" tag="JJ" text="smooth">
        <cmp x="1195" y="1609" width="26" height="36" />
        <cmp x="1228" y="1616" width="45" height="27" />
        <cmp x="1286" y="1613" width="34" height="28" />
        <cmp x="1321" y="1614" width="30" height="29" />
        <cmp x="1364" y="1589" width="51" height="55" />
      </word>
      <word id="k07-059a-05-05" tag="NNS" text="muscles">
        <cmp x="1493" y="1610" width="46" height="32" />
        <cmp x="1549" y="1609" width="58" height="34" />
        <cmp x="1611" y="1611" width="29" height="30" />
        <cmp x="1650" y="1597" width="24" height="42" />
        <cmp x="1661" y="1592" width="4" height="4" />
        <cmp x="1680" y="1608" width="25" height="26" />
        <cmp x="1700" y="1610" width="26" height="38" />
      </word>
      <word id="k07-059a-05-06" tag="CS" text="till">
        <cmp x="1799" y="1585" width="37" height="58" />
        <cmp x="1835" y="1590" width="5" height="20" />
        <cmp x="1847" y="1588" width="17" height="53" />
        <cmp x="1863" y="1596" width="15" height="45" />
      </word>
      <word id="k07-059a-05-07" tag="PP3A" text="he">
        <cmp x="1960" y="1589" width="45" height="58" />
      </word>
      <word id="k07-059a-05-08" tag="VBD" text="lost">
        <cmp x="2062" y="1591" width="56" height="53" />
        <cmp x="2121" y="1587" width="58" height="56" />
      </word>
      <upper-contour>
        <point x="395" y="1496" />
        <point x="2143" y="1496" />
      </upper-contour>
      <lower-contour>
        <point x="395" y="1679" />
        <point x="1966" y="1679" />
      </lower-contour>
    </line>
    <line ass="-171" asx="0" asy="1755" character-width="999" dss="-171" dsx="0" dsy="1845" fd0="14098" fd1="3151" fd2="-541" filter-width="3" id="k07-059a-06" lbs="-140" lbx="0" lby="1825" segmentation="ok" slant="75000" stroke-width="5394" threshold="177" text="himself in a rapture of kisses in places he&apos;d" ubs="-235" ubx="0" uby="1792">
      <word id="k07-059a-06-00" tag="PPL" text="himself">
        <cmp x="396" y="1761" width="22" height="63" />
        <cmp x="428" y="1790" width="12" height="33" />
        <cmp x="437" y="1759" width="4" height="20" />
        <cmp x="445" y="1792" width="38" height="31" />
        <cmp x="497" y="1790" width="27" height="38" />
        <cmp x="525" y="1794" width="21" height="32" />
        <cmp x="556" y="1759" width="58" height="81" />
        <cmp x="606" y="1792" width="3" height="4" />
      </word>
      <word id="k07-059a-06-01" tag="IN" text="in">
        <cmp x="681" y="1792" width="9" height="33" />
        <cmp x="696" y="1759" width="6" height="16" />
        <cmp x="696" y="1798" width="26" height="26" />
      </word>
      <word id="k07-059a-06-02" tag="AT" text="a">
        <cmp x="809" y="1785" width="30" height="42" />
      </word>
      <word id="k07-059a-06-03" tag="NN" text="rapture">
        <cmp x="902" y="1792" width="31" height="31" />
        <cmp x="929" y="1796" width="30" height="30" />
        <cmp x="964" y="1794" width="31" height="52" />
        <cmp x="1011" y="1769" width="26" height="49" />
        <cmp x="1043" y="1788" width="29" height="37" />
        <cmp x="1081" y="1792" width="19" height="32" />
        <cmp x="1101" y="1793" width="24" height="34" />
      </word>
      <word id="k07-059a-06-04" tag="INO" text="of">
        <cmp x="1194" y="1793" width="30" height="34" />
        <cmp x="1224" y="1772" width="28" height="77" />
      </word>
      <word id="k07-059a-06-05" tag="NNS" text="kisses">
        <cmp x="1302" y="1772" width="31" height="55" />
        <cmp x="1340" y="1797" width="11" height="30" />
        <cmp x="1351" y="1768" width="8" height="20" />
        <cmp x="1360" y="1797" width="47" height="31" />
        <cmp x="1411" y="1795" width="22" height="32" />
        <cmp x="1427" y="1794" width="30" height="31" />
      </word>
      <word id="k07-059a-06-06" tag="IN" text="in">
        <cmp x="1506" y="1802" width="10" height="24" />
        <cmp x="1525" y="1763" width="8" height="17" />
        <cmp x="1525" y="1801" width="27" height="30" />
      </word>
      <word id="k07-059a-06-07" tag="NNS" text="places">
        <cmp x="1599" y="1795" width="37" height="54" />
        <cmp x="1648" y="1777" width="52" height="51" />
        <cmp x="1706" y="1798" width="28" height="27" />
        <cmp x="1735" y="1797" width="50" height="33" />
      </word>
      <word id="k07-059a-06-08" tag="PP3A" text="he">
        <cmp x="1851" y="1777" width="25" height="54" />
        <cmp x="1881" y="1800" width="22" height="29" />
      </word>
      <word id="k07-059a-06-09" tag="HVD" text="&apos;d">
        <cmp x="1916" y="1777" width="11" height="26" />
        <cmp x="1927" y="1801" width="21" height="27" />
        <cmp x="1949" y="1789" width="16" height="44" />
      </word>
      <upper-contour>
        <point x="395" y="1679" />
        <point x="1966" y="1679" />
      </upper-contour>
      <lower-contour>
        <point x="394" y="1850" />
        <point x="1966" y="1850" />
      </lower-contour>
    </line>
    <line ass="-247" asx="0" asy="1942" character-width="999" dss="-247" dsx="0" dsy="2030" fd0="13805" fd1="2697" fd2="-761" filter-width="3" id="k07-059a-07" lbs="-200" lbx="0" lby="2008" segmentation="ok" slant="73000" stroke-width="5528" threshold="177" text="dreamed of, where life began to ooze and quickened" ubs="-342" ubx="0" uby="1972">
      <word id="k07-059a-07-00" tag="VBN" text="dreamed">
        <cmp x="383" y="1969" width="31" height="44" />
        <cmp x="412" y="1962" width="3" height="4" />
        <cmp x="423" y="1977" width="22" height="34" />
        <cmp x="448" y="1974" width="26" height="31" />
        <cmp x="482" y="1973" width="31" height="41" />
        <cmp x="525" y="1981" width="37" height="25" />
        <cmp x="571" y="1977" width="21" height="28" />
        <cmp x="593" y="1979" width="22" height="29" />
        <cmp x="616" y="1967" width="15" height="40" />
        <cmp x="629" y="1961" width="4" height="4" />
      </word>
      <word id="k07-059a-07-01" tag="INO" text="of">
        <cmp x="694" y="1972" width="30" height="32" />
        <cmp x="719" y="1951" width="28" height="81" />
      </word>
      <word id="k07-059a-07-02" tag="," text=",">
        <cmp x="757" y="1992" width="10" height="29" />
      </word>
      <word id="k07-059a-07-03" tag="WRB" text="where">
        <cmp x="819" y="1974" width="40" height="31" />
        <cmp x="868" y="1952" width="23" height="54" />
        <cmp x="893" y="1974" width="74" height="38" />
      </word>
      <word id="k07-059a-07-04" tag="NN" text="life">
        <cmp x="1032" y="1957" width="27" height="51" />
        <cmp x="1064" y="1982" width="10" height="25" />
        <cmp x="1074" y="1953" width="5" height="14" />
        <cmp x="1078" y="1951" width="51" height="80" />
      </word>
      <word id="k07-059a-07-05" tag="VBD" text="began">
        <cmp x="1204" y="1951" width="27" height="54" />
        <cmp x="1237" y="1970" width="22" height="31" />
        <cmp x="1267" y="1966" width="29" height="67" />
        <cmp x="1310" y="1973" width="30" height="34" />
        <cmp x="1346" y="1982" width="30" height="31" />
      </word>
      <word id="k07-059a-07-06" tag="TO" text="to">
        <cmp x="1442" y="1951" width="49" height="62" />
      </word>
      <word id="k07-059a-07-07" tag="VB" text="ooze">
        <cmp x="1557" y="1976" width="34" height="33" />
        <cmp x="1594" y="1982" width="30" height="30" />
        <cmp x="1635" y="1981" width="20" height="33" />
        <cmp x="1668" y="1978" width="33" height="31" />
      </word>
      <word id="k07-059a-07-08" tag="CC" text="and">
        <cmp x="1754" y="1974" width="38" height="40" />
        <cmp x="1798" y="1985" width="24" height="27" />
        <cmp x="1823" y="1973" width="35" height="43" />
      </word>
      <word id="k07-059a-07-09" tag="VBD" text="quickened">
        <cmp x="1905" y="1974" width="26" height="65" />
        <cmp x="1942" y="1984" width="48" height="34" />
        <cmp x="2000" y="1951" width="7" height="19" />
        <cmp x="2001" y="1972" width="53" height="46" />
        <cmp x="2072" y="1984" width="29" height="33" />
        <cmp x="2107" y="1986" width="30" height="31" />
        <cmp x="2148" y="1982" width="28" height="29" />
        <cmp x="2172" y="1970" width="39" height="49" />
      </word>
      <upper-contour>
        <point x="394" y="1850" />
        <point x="1966" y="1850" />
      </upper-contour>
      <lower-contour>
        <point x="385" y="2033" />
        <point x="1465" y="2033" />
      </lower-contour>
    </line>
    <line ass="-256" asx="0" asy="2118" character-width="999" dss="-256" dsx="0" dsy="2183" fd0="13633" fd1="3033" fd2="-421" filter-width="3" id="k07-059a-08" lbs="-222" lbx="0" lby="2178" segmentation="ok" slant="75000" stroke-width="5549" threshold="175" text="his heart beat to a thunder." ubs="-324" ubx="0" uby="2143">
      <word id="k07-059a-08-00" tag="PP$" text="his">
        <cmp x="387" y="2124" width="23" height="57" />
        <cmp x="416" y="2155" width="9" height="28" />
        <cmp x="424" y="2128" width="5" height="23" />
        <cmp x="429" y="2150" width="25" height="35" />
      </word>
      <word id="k07-059a-08-01" tag="NN" text="heart">
        <cmp x="551" y="2123" width="23" height="61" />
        <cmp x="579" y="2146" width="24" height="35" />
        <cmp x="605" y="2147" width="29" height="36" />
        <cmp x="640" y="2152" width="24" height="27" />
        <cmp x="670" y="2126" width="29" height="52" />
      </word>
      <word id="k07-059a-08-02" tag="NN" text="beat">
        <cmp x="772" y="2125" width="27" height="56" />
        <cmp x="806" y="2147" width="53" height="36" />
        <cmp x="865" y="2131" width="27" height="48" />
      </word>
      <word id="k07-059a-08-03" tag="IN" text="to">
        <cmp x="977" y="2132" width="30" height="52" />
        <cmp x="1003" y="2150" width="31" height="37" />
      </word>
      <word id="k07-059a-08-04" tag="AT" text="a">
        <cmp x="1101" y="2147" width="27" height="41" />
      </word>
      <word id="k07-059a-08-05" tag="NN" text="thunder">
        <cmp x="1226" y="2125" width="27" height="52" />
        <cmp x="1251" y="2126" width="25" height="56" />
        <cmp x="1288" y="2156" width="27" height="28" />
        <cmp x="1326" y="2159" width="26" height="29" />
        <cmp x="1358" y="2141" width="39" height="44" />
        <cmp x="1399" y="2154" width="59" height="33" />
      </word>
      <word id="k07-059a-08-06" tag="." text=".">
        <cmp x="1456" y="2173" width="8" height="12" />
      </word>
      <upper-contour>
        <point x="385" y="2033" />
        <point x="1465" y="2033" />
      </upper-contour>
    </line>
  </handwritten-part>
</form>

