<?xml version="1.0" encoding="ISO-8859-1"?>

<!DOCTYPE form SYSTEM 'http://www.iam.unibe.ch/~fki/iamdb/form-metadata.dtd'>

<form created="2002-01-25" height="3542" id="k07-185" last-modified="2002-07-17" skew="63" status="final" version="3.0_beta" width="2479" writer-id="456">
  <machine-printed-part>
    <machine-print-line text="He often used to try to imagine her reactions if he had once treated her as he did" />
    <machine-print-line text="Charlie, but his imagination failed. The efficient little Mary would probably have" />
    <machine-print-line text="called it a shocking waste of time and told him to get down to business!" />
    <machine-print-line text="Charlie, who was perfectly at home at all sorts of artistic circles, had amongst others" />
    <machine-print-line text="wangled him a membership ticket for a small club for artists only." />
  </machine-printed-part>
  <handwritten-part>
    <line ass="-95" asx="0" asy="669" character-width="999" dss="-95" dsx="0" dsy="780" fd0="14007" fd1="2537" fd2="-1048" filter-width="4" id="k07-185-00" lbs="-62" lbx="0" lby="738" segmentation="ok" slant="66999" stroke-width="6331" threshold="180" text="He often used to try to imagine" ubs="-161" ubx="0" uby="696">
      <word id="k07-185-00-00" sentence-start="yes" tag="PP3A" text="He">
        <cmp x="376" y="678" width="42" height="67" />
        <cmp x="388" y="685" width="4" height="4" />
        <cmp x="422" y="702" width="31" height="39" />
      </word>
      <word id="k07-185-00-01" tag="RB" text="often">
        <cmp x="557" y="696" width="42" height="47" />
        <cmp x="600" y="676" width="51" height="96" />
        <cmp x="657" y="677" width="117" height="66" />
      </word>
      <word id="k07-185-00-02" tag="VBD" text="used">
        <cmp x="904" y="700" width="107" height="44" />
        <cmp x="1017" y="697" width="36" height="45" />
        <cmp x="1054" y="683" width="64" height="60" />
      </word>
      <word id="k07-185-00-03" tag="TO" text="to">
        <cmp x="1214" y="686" width="30" height="57" />
        <cmp x="1244" y="695" width="42" height="42" />
      </word>
      <word id="k07-185-00-04" tag="VB" text="try">
        <cmp x="1357" y="677" width="36" height="63" />
        <cmp x="1391" y="691" width="34" height="34" />
        <cmp x="1419" y="687" width="68" height="89" />
      </word>
      <word id="k07-185-00-05" tag="TO" text="to">
        <cmp x="1585" y="681" width="31" height="62" />
        <cmp x="1610" y="697" width="46" height="43" />
      </word>
      <word id="k07-185-00-06" tag="VB" text="imagine">
        <cmp x="1741" y="704" width="43" height="44" />
        <cmp x="1786" y="693" width="5" height="4" />
        <cmp x="1789" y="711" width="74" height="33" />
        <cmp x="1880" y="701" width="43" height="41" />
        <cmp x="1936" y="699" width="43" height="85" />
        <cmp x="1993" y="702" width="18" height="37" />
        <cmp x="2019" y="690" width="110" height="54" />
      </word>
      <lower-contour>
        <point x="374" y="784" />
        <point x="2130" y="784" />
      </lower-contour>
    </line>
    <line ass="-237" asx="0" asy="829" character-width="999" dss="-237" dsx="0" dsy="940" fd0="13967" fd1="2396" fd2="-1147" filter-width="4" id="k07-185-01" lbs="-236" lbx="0" lby="897" segmentation="ok" slant="68000" stroke-width="6347" threshold="176" text="her reactions if he had once treated" ubs="-239" ubx="0" uby="852">
      <word id="k07-185-01-00" tag="PP$" text="her">
        <cmp x="353" y="836" width="150" height="71" />
      </word>
      <word id="k07-185-01-01" tag="NNS" text="reactions">
        <cmp x="605" y="846" width="69" height="55" />
        <cmp x="672" y="853" width="44" height="42" />
        <cmp x="727" y="852" width="38" height="50" />
        <cmp x="766" y="836" width="57" height="60" />
        <cmp x="828" y="836" width="10" height="4" />
        <cmp x="829" y="851" width="45" height="43" />
        <cmp x="871" y="849" width="98" height="47" />
      </word>
      <word id="k07-185-01-02" tag="CS" text="if">
        <cmp x="1066" y="857" width="47" height="50" />
        <cmp x="1121" y="846" width="4" height="4" />
        <cmp x="1135" y="842" width="46" height="103" />
      </word>
      <word id="k07-185-01-03" tag="PP3A" text="he">
        <cmp x="1267" y="847" width="101" height="68" />
      </word>
      <word id="k07-185-01-04" tag="HVD" text="had">
        <cmp x="1467" y="852" width="70" height="62" />
        <cmp x="1543" y="861" width="42" height="48" />
        <cmp x="1590" y="846" width="67" height="64" />
      </word>
      <word id="k07-185-01-05" tag="RB" text="once">
        <cmp x="1749" y="860" width="41" height="44" />
        <cmp x="1788" y="861" width="52" height="42" />
        <cmp x="1851" y="856" width="71" height="46" />
      </word>
      <word id="k07-185-01-06" tag="VBN" text="treated">
        <cmp x="2009" y="845" width="34" height="61" />
        <cmp x="2039" y="864" width="33" height="42" />
        <cmp x="2072" y="856" width="41" height="50" />
        <cmp x="2104" y="860" width="47" height="46" />
        <cmp x="2163" y="849" width="61" height="57" />
        <cmp x="2229" y="838" width="57" height="67" />
      </word>
      <upper-contour>
        <point x="374" y="784" />
        <point x="2130" y="784" />
      </upper-contour>
      <lower-contour>
        <point x="351" y="945" />
        <point x="2080" y="945" />
      </lower-contour>
    </line>
    <line ass="461" asx="0" asy="1027" character-width="999" dss="461" dsx="0" dsy="1130" fd0="13754" fd1="2621" fd2="-848" filter-width="4" id="k07-185-02" lbs="464" lbx="0" lby="1098" segmentation="ok" slant="66999" stroke-width="6185" threshold="180" text="her as he did Charlie, but his" ubs="455" ubx="0" uby="1054">
      <word id="k07-185-02-00" tag="PP3O" text="her">
        <cmp x="345" y="1024" width="143" height="81" />
      </word>
      <word id="k07-185-02-01" tag="CS" text="as">
        <cmp x="580" y="1049" width="80" height="54" />
      </word>
      <word id="k07-185-02-02" tag="PP3A" text="he">
        <cmp x="761" y="1032" width="105" height="67" />
      </word>
      <word id="k07-185-02-03" tag="DOD" text="did">
        <cmp x="980" y="1032" width="62" height="62" />
        <cmp x="1039" y="1048" width="22" height="39" />
        <cmp x="1062" y="1031" width="6" height="5" />
        <cmp x="1065" y="1026" width="72" height="67" />
      </word>
      <word id="k07-185-02-04" tag="NP" text="Charlie">
        <cmp x="1269" y="1022" width="87" height="64" />
        <cmp x="1366" y="1040" width="44" height="45" />
        <cmp x="1420" y="1043" width="26" height="35" />
        <cmp x="1440" y="1020" width="73" height="63" />
        <cmp x="1519" y="1019" width="10" height="8" />
        <cmp x="1534" y="1030" width="36" height="50" />
      </word>
      <word id="k07-185-02-05" tag="," text=",">
        <cmp x="1576" y="1052" width="38" height="66" />
      </word>
      <word id="k07-185-02-06" tag="CC" text="but">
        <cmp x="1701" y="1027" width="110" height="62" />
        <cmp x="1820" y="1027" width="29" height="63" />
      </word>
      <word id="k07-185-02-07" tag="PP$" text="his">
        <cmp x="1926" y="1020" width="153" height="71" />
        <cmp x="2050" y="1018" width="7" height="7" />
      </word>
      <upper-contour>
        <point x="351" y="945" />
        <point x="2080" y="945" />
      </upper-contour>
      <lower-contour>
        <point x="354" y="1118" />
        <point x="2075" y="1118" />
      </lower-contour>
    </line>
    <line ass="371" asx="0" asy="1206" character-width="999" dss="371" dsx="0" dsy="1328" fd0="13861" fd1="2458" fd2="-1208" filter-width="4" id="k07-185-03" lbs="543" lbx="0" lby="1275" segmentation="ok" slant="65000" stroke-width="6261" threshold="180" text="imagination failed. The efficient" ubs="28" ubx="0" uby="1225">
      <word id="k07-185-03-00" tag="NN" text="imagination">
        <cmp x="356" y="1224" width="37" height="49" />
        <cmp x="400" y="1232" width="67" height="37" />
        <cmp x="480" y="1226" width="46" height="45" />
        <cmp x="534" y="1222" width="65" height="104" />
        <cmp x="598" y="1229" width="15" height="35" />
        <cmp x="616" y="1206" width="9" height="9" />
        <cmp x="629" y="1221" width="94" height="47" />
        <cmp x="749" y="1207" width="26" height="59" />
        <cmp x="786" y="1223" width="22" height="44" />
        <cmp x="806" y="1207" width="6" height="7" />
        <cmp x="821" y="1227" width="36" height="40" />
        <cmp x="860" y="1225" width="59" height="45" />
      </word>
      <word id="k07-185-03-01" tag="VBD" text="failed">
        <cmp x="1030" y="1199" width="71" height="109" />
        <cmp x="1090" y="1226" width="46" height="37" />
        <cmp x="1151" y="1226" width="19" height="38" />
        <cmp x="1183" y="1217" width="93" height="49" />
        <cmp x="1277" y="1202" width="63" height="67" />
      </word>
      <word id="k07-185-03-02" tag="." text=".">
        <cmp x="1363" y="1254" width="9" height="6" />
      </word>
      <word id="k07-185-03-03" sentence-start="yes" tag="ATI" text="The">
        <cmp x="1477" y="1214" width="39" height="53" />
        <cmp x="1508" y="1209" width="79" height="55" />
      </word>
      <word id="k07-185-03-04" tag="JJ" text="efficient">
        <cmp x="1686" y="1221" width="42" height="44" />
        <cmp x="1740" y="1205" width="84" height="101" />
        <cmp x="1819" y="1235" width="18" height="37" />
        <cmp x="1841" y="1218" width="8" height="8" />
        <cmp x="1867" y="1229" width="31" height="39" />
        <cmp x="1899" y="1228" width="18" height="36" />
        <cmp x="1912" y="1222" width="4" height="4" />
        <cmp x="1923" y="1211" width="7" height="6" />
        <cmp x="1927" y="1219" width="99" height="47" />
        <cmp x="2045" y="1197" width="28" height="69" />
      </word>
      <upper-contour>
        <point x="354" y="1118" />
        <point x="2075" y="1118" />
      </upper-contour>
      <lower-contour>
        <point x="354" y="1327" />
        <point x="2075" y="1327" />
      </lower-contour>
    </line>
    <line ass="674" asx="0" asy="1390" character-width="999" dss="674" dsx="0" dsy="1518" fd0="13668" fd1="2164" fd2="-1579" filter-width="4" id="k07-185-04" lbs="631" lbx="0" lby="1458" segmentation="ok" slant="68999" stroke-width="6377" threshold="176" text="little Mary would probably have" ubs="759" ubx="0" uby="1419">
      <word id="k07-185-04-00" tag="JJ" text="little">
        <cmp x="336" y="1393" width="61" height="69" />
        <cmp x="393" y="1420" width="19" height="38" />
        <cmp x="409" y="1395" width="8" height="7" />
        <cmp x="425" y="1397" width="47" height="64" />
        <cmp x="474" y="1394" width="86" height="64" />
      </word>
      <word id="k07-185-04-01" tag="NP" text="Mary">
        <cmp x="667" y="1396" width="104" height="57" />
        <cmp x="774" y="1401" width="98" height="45" />
        <cmp x="872" y="1400" width="56" height="84" />
      </word>
      <word id="k07-185-04-02" tag="MD" text="would">
        <cmp x="1044" y="1405" width="59" height="43" />
        <cmp x="1107" y="1405" width="40" height="45" />
        <cmp x="1153" y="1392" width="92" height="54" />
        <cmp x="1246" y="1375" width="60" height="70" />
      </word>
      <word id="k07-185-04-03" tag="RB" text="probably">
        <cmp x="1395" y="1401" width="61" height="70" />
        <cmp x="1467" y="1398" width="30" height="40" />
        <cmp x="1495" y="1371" width="93" height="65" />
        <cmp x="1594" y="1371" width="92" height="61" />
        <cmp x="1696" y="1371" width="112" height="128" />
      </word>
      <word id="k07-185-04-04" tag="HV" text="have">
        <cmp x="1909" y="1381" width="75" height="69" />
        <cmp x="1992" y="1399" width="47" height="43" />
        <cmp x="2055" y="1387" width="86" height="51" />
      </word>
      <upper-contour>
        <point x="354" y="1327" />
        <point x="2075" y="1327" />
      </upper-contour>
      <lower-contour>
        <point x="334" y="1499" />
        <point x="2142" y="1499" />
      </lower-contour>
    </line>
    <line ass="218" asx="0" asy="1535" character-width="999" dss="218" dsx="0" dsy="1680" fd0="13813" fd1="2611" fd2="-707" filter-width="4" id="k07-185-05" lbs="158" lbx="0" lby="1627" segmentation="ok" slant="63000" stroke-width="6477" threshold="176" text="called it a shocking waste of time" ubs="337" ubx="0" uby="1587">
      <word id="k07-185-05-00" tag="VBN" text="called">
        <cmp x="334" y="1587" width="33" height="50" />
        <cmp x="367" y="1568" width="126" height="68" />
        <cmp x="491" y="1560" width="96" height="70" />
      </word>
      <word id="k07-185-05-01" tag="PP3" text="it">
        <cmp x="685" y="1578" width="37" height="39" />
        <cmp x="722" y="1566" width="6" height="9" />
        <cmp x="741" y="1567" width="28" height="58" />
      </word>
      <word id="k07-185-05-02" tag="AT" text="a">
        <cmp x="871" y="1580" width="45" height="49" />
      </word>
      <word id="k07-185-05-03" tag="JJ" text="shocking">
        <cmp x="1033" y="1562" width="65" height="73" />
        <cmp x="1084" y="1562" width="72" height="72" />
        <cmp x="1162" y="1585" width="34" height="40" />
        <cmp x="1208" y="1560" width="188" height="66" />
        <cmp x="1328" y="1531" width="11" height="12" />
        <cmp x="1376" y="1575" width="83" height="101" />
      </word>
      <word id="k07-185-05-04" tag="NN" text="waste">
        <cmp x="1593" y="1581" width="62" height="45" />
        <cmp x="1656" y="1578" width="86" height="48" />
        <cmp x="1749" y="1564" width="76" height="70" />
      </word>
      <word id="k07-185-05-05" tag="INO" text="of">
        <cmp x="1938" y="1577" width="46" height="47" />
        <cmp x="1993" y="1566" width="49" height="89" />
      </word>
      <word id="k07-185-05-06" tag="NN" text="time">
        <cmp x="2115" y="1564" width="28" height="58" />
        <cmp x="2149" y="1574" width="21" height="46" />
        <cmp x="2166" y="1567" width="125" height="50" />
        <cmp x="2173" y="1556" width="4" height="7" />
      </word>
      <upper-contour>
        <point x="334" y="1499" />
        <point x="2142" y="1499" />
      </upper-contour>
      <lower-contour>
        <point x="346" y="1676" />
        <point x="2029" y="1676" />
      </lower-contour>
    </line>
    <line ass="621" asx="0" asy="1745" character-width="999" dss="621" dsx="0" dsy="1888" fd0="13971" fd1="2642" fd2="-709" filter-width="4" id="k07-185-06" lbs="626" lbx="0" lby="1816" segmentation="err" slant="65000" stroke-width="6371" threshold="173" text="and told him to get down to" ubs="611" ubx="0" uby="1777">
      <word id="k07-185-06-00" tag="CC" text="and">
        <cmp x="348" y="1773" width="102" height="48" />
        <cmp x="461" y="1761" width="59" height="58" />
        <cmp x="494" y="1779" width="5" height="7" />
      </word>
      <word id="k07-185-06-01" tag="VBN" text="told">
        <cmp x="647" y="1750" width="32" height="58" />
        <cmp x="681" y="1763" width="38" height="42" />
        <cmp x="728" y="1743" width="53" height="55" />
        <cmp x="779" y="1736" width="63" height="63" />
      </word>
      <word id="k07-185-06-02" tag="PP3O" text="him">
        <cmp x="964" y="1747" width="189" height="69" />
      </word>
      <word id="k07-185-06-03" tag="TO" text="to">
        <cmp x="1260" y="1751" width="29" height="56" />
        <cmp x="1300" y="1765" width="41" height="41" />
      </word>
      <word id="k07-185-06-04" tag="VB" text="get">
        <cmp x="1445" y="1759" width="93" height="115" />
        <cmp x="1547" y="1749" width="30" height="55" />
        <cmp x="1573" y="1742" width="4" height="5" />
      </word>
      <word id="k07-185-06-05" tag="RP" text="down">
        <cmp x="1658" y="1741" width="63" height="64" />
        <cmp x="1715" y="1762" width="35" height="38" />
        <cmp x="1761" y="1755" width="56" height="42" />
        <cmp x="1820" y="1755" width="21" height="38" />
        <cmp x="1840" y="1755" width="35" height="39" />
      </word>
      <word id="k07-185-06-06" tag="IN" text="to">
        <cmp x="1939" y="1735" width="89" height="60" />
      </word>
      <upper-contour>
        <point x="346" y="1676" />
        <point x="2029" y="1676" />
      </upper-contour>
      <lower-contour>
        <point x="346" y="1875" />
        <point x="2029" y="1875" />
      </lower-contour>
    </line>
    <line ass="633" asx="0" asy="1917" character-width="999" dss="633" dsx="0" dsy="2032" fd0="13818" fd1="2353" fd2="-911" filter-width="4" id="k07-185-07" lbs="561" lbx="0" lby="1990" segmentation="err" slant="64000" stroke-width="6426" threshold="176" text="business! Charlie, who was perfectly" ubs="777" ubx="0" uby="1955">
      <word id="k07-185-07-00" tag="NN" text="business">
        <cmp x="340" y="1926" width="146" height="72" />
        <cmp x="496" y="1955" width="19" height="36" />
        <cmp x="508" y="1929" width="7" height="8" />
        <cmp x="526" y="1947" width="118" height="46" />
        <cmp x="648" y="1939" width="50" height="45" />
      </word>
      <word id="k07-185-07-01" tag="!" text="!">
        <cmp x="733" y="1972" width="8" height="6" />
        <cmp x="744" y="1914" width="18" height="35" />
      </word>
      <word id="k07-185-07-02" sentence-start="yes" tag="NP" text="Charlie">
        <cmp x="922" y="1918" width="93" height="64" />
        <cmp x="1015" y="1932" width="53" height="49" />
        <cmp x="1051" y="1941" width="4" height="4" />
        <cmp x="1072" y="1928" width="34" height="41" />
        <cmp x="1114" y="1915" width="115" height="61" />
        <cmp x="1198" y="1904" width="5" height="5" />
      </word>
      <word id="k07-185-07-03" tag="," text=",">
        <cmp x="1353" y="1938" width="62" height="47" />
      </word>
      <word id="k07-185-07-04" tag="WP" text="who">
        <cmp x="1429" y="1924" width="49" height="55" />
        <cmp x="1484" y="1936" width="37" height="41" />
      </word>
      <word id="k07-185-07-05" tag="BEDZ" text="was">
        <cmp x="1597" y="1936" width="62" height="46" />
        <cmp x="1677" y="1933" width="91" height="44" />
      </word>
      <word id="k07-185-07-06" tag="RB" text="perfectly">
        <cmp x="1835" y="1938" width="64" height="64" />
        <cmp x="1910" y="1931" width="66" height="43" />
        <cmp x="1985" y="1908" width="58" height="104" />
        <cmp x="2045" y="1916" width="48" height="46" />
        <cmp x="2108" y="1917" width="30" height="36" />
        <cmp x="2151" y="1898" width="27" height="59" />
        <cmp x="2189" y="1898" width="26" height="56" />
        <cmp x="2212" y="1915" width="56" height="94" />
      </word>
      <upper-contour>
        <point x="346" y="1875" />
        <point x="2029" y="1875" />
      </upper-contour>
      <lower-contour>
        <point x="349" y="2012" />
        <point x="2151" y="2012" />
      </lower-contour>
    </line>
    <line ass="253" asx="0" asy="2102" character-width="999" dss="253" dsx="0" dsy="2194" fd0="14336" fd1="3042" fd2="-402" filter-width="4" id="k07-185-08" lbs="251" lbx="0" lby="2165" segmentation="ok" slant="66000" stroke-width="6265" threshold="173" text="at home at all sorts of artistic" ubs="258" ubx="0" uby="2124">
      <word id="k07-185-08-00" tag="IN" text="at">
        <cmp x="351" y="2121" width="46" height="47" />
        <cmp x="407" y="2110" width="26" height="51" />
      </word>
      <word id="k07-185-08-01" tag="NR" text="home">
        <cmp x="526" y="2099" width="64" height="68" />
        <cmp x="595" y="2124" width="39" height="45" />
        <cmp x="633" y="2115" width="113" height="53" />
      </word>
      <word id="k07-185-08-02" tag="IN" text="at">
        <cmp x="869" y="2116" width="49" height="47" />
        <cmp x="902" y="2127" width="4" height="4" />
        <cmp x="942" y="2101" width="31" height="58" />
      </word>
      <word id="k07-185-08-03" tag="ABN" text="all">
        <cmp x="1075" y="2097" width="144" height="63" />
      </word>
      <word id="k07-185-08-04" tag="NNS" text="sorts">
        <cmp x="1358" y="2113" width="57" height="54" />
        <cmp x="1418" y="2119" width="38" height="39" />
        <cmp x="1457" y="2120" width="30" height="37" />
        <cmp x="1498" y="2097" width="65" height="66" />
      </word>
      <word id="k07-185-08-05" tag="INO" text="of">
        <cmp x="1674" y="2123" width="39" height="38" />
        <cmp x="1732" y="2097" width="45" height="90" />
      </word>
      <word id="k07-185-08-06" tag="JJ" text="artistic">
        <cmp x="1828" y="2121" width="44" height="42" />
        <cmp x="1883" y="2130" width="23" height="30" />
        <cmp x="1916" y="2111" width="31" height="53" />
        <cmp x="1943" y="2105" width="7" height="6" />
        <cmp x="1962" y="2124" width="13" height="33" />
        <cmp x="1977" y="2105" width="7" height="8" />
        <cmp x="1991" y="2111" width="44" height="45" />
        <cmp x="2042" y="2098" width="38" height="60" />
        <cmp x="2074" y="2116" width="25" height="39" />
        <cmp x="2097" y="2097" width="5" height="8" />
        <cmp x="2112" y="2106" width="38" height="45" />
      </word>
      <upper-contour>
        <point x="349" y="2012" />
        <point x="2151" y="2012" />
      </upper-contour>
      <lower-contour>
        <point x="349" y="2188" />
        <point x="2151" y="2188" />
      </lower-contour>
    </line>
    <line ass="183" asx="0" asy="2279" character-width="999" dss="183" dsx="0" dsy="2398" fd0="13861" fd1="2617" fd2="-1120" filter-width="4" id="k07-185-09" lbs="168" lbx="0" lby="2344" segmentation="ok" slant="63000" stroke-width="6366" threshold="173" text="circles, had amongst others wangled" ubs="212" ubx="0" uby="2306">
      <word id="k07-185-09-00" tag="NNS" text="circles">
        <cmp x="347" y="2298" width="33" height="46" />
        <cmp x="377" y="2309" width="18" height="36" />
        <cmp x="398" y="2309" width="27" height="33" />
        <cmp x="433" y="2296" width="34" height="46" />
        <cmp x="492" y="2278" width="111" height="64" />
      </word>
      <word id="k07-185-09-01" tag="," text=",">
        <cmp x="646" y="2317" width="30" height="50" />
      </word>
      <word id="k07-185-09-02" tag="HVD" text="had">
        <cmp x="773" y="2282" width="63" height="65" />
        <cmp x="842" y="2302" width="38" height="40" />
        <cmp x="886" y="2278" width="58" height="64" />
      </word>
      <word id="k07-185-09-03" tag="IN" text="amongst">
        <cmp x="1055" y="2298" width="126" height="47" />
        <cmp x="1194" y="2302" width="34" height="36" />
        <cmp x="1229" y="2303" width="45" height="44" />
        <cmp x="1283" y="2303" width="82" height="92" />
        <cmp x="1368" y="2288" width="30" height="58" />
      </word>
      <word id="k07-185-09-04" tag="APS" text="others">
        <cmp x="1508" y="2303" width="49" height="41" />
        <cmp x="1564" y="2292" width="24" height="54" />
        <cmp x="1595" y="2281" width="127" height="58" />
        <cmp x="1721" y="2296" width="38" height="41" />
      </word>
      <word id="k07-185-09-05" tag="VBN" text="wangled">
        <cmp x="1840" y="2299" width="54" height="40" />
        <cmp x="1900" y="2299" width="108" height="44" />
        <cmp x="2022" y="2289" width="126" height="98" />
        <cmp x="2159" y="2278" width="58" height="61" />
      </word>
      <upper-contour>
        <point x="349" y="2188" />
        <point x="2151" y="2188" />
      </upper-contour>
      <lower-contour>
        <point x="345" y="2395" />
        <point x="2065" y="2395" />
      </lower-contour>
    </line>
    <line ass="271" asx="0" asy="2444" character-width="999" dss="271" dsx="0" dsy="2560" fd0="13649" fd1="2756" fd2="-628" filter-width="4" id="k07-185-10" lbs="162" lbx="0" lby="2516" segmentation="ok" slant="68000" stroke-width="6353" threshold="176" text="him a membership ticket for a" ubs="488" ubx="0" uby="2484">
      <word id="k07-185-10-00" tag="PP3O" text="him">
        <cmp x="333" y="2458" width="77" height="75" />
        <cmp x="414" y="2482" width="12" height="38" />
        <cmp x="426" y="2464" width="8" height="7" />
        <cmp x="434" y="2483" width="68" height="35" />
      </word>
      <word id="k07-185-10-01" tag="AT" text="a">
        <cmp x="583" y="2472" width="47" height="47" />
      </word>
      <word id="k07-185-10-02" tag="NN" text="membership">
        <cmp x="758" y="2473" width="105" height="44" />
        <cmp x="870" y="2470" width="40" height="39" />
        <cmp x="922" y="2472" width="73" height="38" />
        <cmp x="1026" y="2440" width="125" height="65" />
        <cmp x="1152" y="2463" width="50" height="45" />
        <cmp x="1202" y="2446" width="134" height="110" />
        <cmp x="1297" y="2440" width="7" height="4" />
      </word>
      <word id="k07-185-10-03" tag="NN" text="ticket">
        <cmp x="1452" y="2469" width="38" height="48" />
        <cmp x="1474" y="2462" width="6" height="6" />
        <cmp x="1490" y="2469" width="18" height="43" />
        <cmp x="1507" y="2460" width="4" height="5" />
        <cmp x="1522" y="2458" width="109" height="64" />
        <cmp x="1633" y="2459" width="38" height="53" />
      </word>
      <word id="k07-185-10-04" tag="IN" text="for">
        <cmp x="1780" y="2444" width="75" height="94" />
        <cmp x="1854" y="2470" width="39" height="35" />
        <cmp x="1899" y="2468" width="30" height="38" />
      </word>
      <word id="k07-185-10-05" tag="AT" text="a">
        <cmp x="2013" y="2471" width="51" height="44" />
      </word>
      <upper-contour>
        <point x="345" y="2395" />
        <point x="2065" y="2395" />
      </upper-contour>
      <lower-contour>
        <point x="340" y="2556" />
        <point x="1890" y="2556" />
      </lower-contour>
    </line>
    <line ass="57" asx="0" asy="2616" character-width="999" dss="57" dsx="0" dsy="2738" fd0="14268" fd1="2793" fd2="-241" filter-width="4" id="k07-185-11" lbs="90" lbx="0" lby="2680" segmentation="err" slant="66000" stroke-width="6281" threshold="173" text="small club for artists only." ubs="-10" ubx="0" uby="2640">
      <word id="k07-185-11-00" tag="JJ" text="small">
        <cmp x="342" y="2646" width="47" height="45" />
        <cmp x="394" y="2648" width="65" height="37" />
        <cmp x="471" y="2620" width="134" height="62" />
      </word>
      <word id="k07-185-11-01" tag="NN" text="club">
        <cmp x="631" y="2734" width="9" height="5" />
        <cmp x="715" y="2624" width="35" height="49" />
        <cmp x="760" y="2616" width="167" height="64" />
        <cmp x="888" y="2729" width="10" height="10" />
      </word>
      <word id="k07-185-11-02" tag="IN" text="for">
        <cmp x="1053" y="2621" width="67" height="90" />
        <cmp x="1060" y="2715" width="7" height="7" />
        <cmp x="1126" y="2642" width="38" height="34" />
        <cmp x="1168" y="2643" width="27" height="31" />
      </word>
      <word id="k07-185-11-03" tag="NNS" text="artists">
        <cmp x="1300" y="2638" width="44" height="41" />
        <cmp x="1360" y="2641" width="25" height="36" />
        <cmp x="1405" y="2631" width="21" height="51" />
        <cmp x="1421" y="2626" width="5" height="5" />
        <cmp x="1436" y="2644" width="22" height="36" />
        <cmp x="1462" y="2638" width="48" height="40" />
        <cmp x="1515" y="2624" width="26" height="48" />
        <cmp x="1552" y="2634" width="29" height="43" />
      </word>
      <word id="k07-185-11-04" tag="RB" text="only">
        <cmp x="1672" y="2644" width="49" height="41" />
      </word>
      <word id="k07-185-11-05" tag="." text=".">
        <cmp x="1716" y="2627" width="173" height="111" />
      </word>
      <upper-contour>
        <point x="340" y="2556" />
        <point x="1890" y="2556" />
      </upper-contour>
    </line>
  </handwritten-part>
</form>

