<?xml version="1.0" encoding="ISO-8859-1"?>

<!DOCTYPE form SYSTEM 'http://www.iam.unibe.ch/~fki/iamdb/form-metadata.dtd'>

<form created="2002-01-25" height="3542" id="l01-119" last-modified="2002-07-17" skew="30" status="final" version="3.0_beta" width="2479" writer-id="466">
  <machine-printed-part>
    <machine-print-line text="One day Fred met Nick at the front door as they were both about to enter the house." />
    <machine-print-line text="Fred grasped his brother&apos;s elbow. &amp;quot;Nick, I can&apos;t stomach this much longer.&amp;quot; &amp;quot;Nor" />
    <machine-print-line text="me. What&apos;s the answer? Mum&apos;s picking up, but she&apos;ll never be her old self again.&amp;quot;" />
    <machine-print-line text="&amp;quot;That First Flower&apos;s driving me nuts,&amp;quot; Fred said. &amp;quot;I&apos;m going to put a stop to it.&amp;quot;" />
    <machine-print-line text="&amp;quot;What with - arsenic?&amp;quot;" />
  </machine-printed-part>
  <handwritten-part>
    <line ass="35" asx="0" asy="724" character-width="999" dss="35" dsx="0" dsy="836" fd0="13532" fd1="3412" fd2="-1058" filter-width="4" id="l01-119-00" lbs="19" lbx="0" lby="783" segmentation="ok" slant="75000" stroke-width="6191" threshold="174" text="One day Fred met Nick at the front door as they were both" ubs="67" ubx="0" uby="747">
      <word id="l01-119-00-00" sentence-start="yes" tag="CD1" text="One">
        <cmp x="413" y="725" width="35" height="58" />
        <cmp x="445" y="748" width="26" height="35" />
        <cmp x="469" y="746" width="22" height="39" />
      </word>
      <word id="l01-119-00-01" tag="NN" text="day">
        <cmp x="540" y="729" width="76" height="108" />
      </word>
      <word id="l01-119-00-02" tag="NP" text="Fred">
        <cmp x="649" y="739" width="25" height="45" />
        <cmp x="661" y="725" width="25" height="11" />
        <cmp x="674" y="744" width="20" height="37" />
        <cmp x="686" y="747" width="26" height="37" />
        <cmp x="707" y="734" width="41" height="48" />
      </word>
      <word id="l01-119-00-03" tag="VBD" text="met">
        <cmp x="779" y="752" width="66" height="40" />
        <cmp x="846" y="736" width="18" height="45" />
      </word>
      <word id="l01-119-00-04" tag="NP" text="Nick">
        <cmp x="901" y="738" width="41" height="45" />
        <cmp x="939" y="751" width="12" height="29" />
        <cmp x="949" y="740" width="7" height="7" />
        <cmp x="958" y="736" width="53" height="53" />
      </word>
      <word id="l01-119-00-05" tag="IN" text="at">
        <cmp x="1047" y="749" width="29" height="35" />
        <cmp x="1077" y="732" width="19" height="50" />
      </word>
      <word id="l01-119-00-06" tag="ATI" text="the">
        <cmp x="1121" y="736" width="18" height="48" />
        <cmp x="1139" y="737" width="25" height="46" />
        <cmp x="1163" y="749" width="19" height="35" />
      </word>
      <word id="l01-119-00-07" tag="JJB" text="front">
        <cmp x="1217" y="728" width="29" height="81" />
        <cmp x="1238" y="748" width="21" height="32" />
        <cmp x="1260" y="749" width="25" height="37" />
        <cmp x="1286" y="746" width="26" height="37" />
        <cmp x="1316" y="729" width="18" height="50" />
      </word>
      <word id="l01-119-00-08" tag="NN" text="door">
        <cmp x="1376" y="732" width="34" height="51" />
        <cmp x="1401" y="747" width="48" height="36" />
        <cmp x="1449" y="747" width="23" height="30" />
      </word>
      <word id="l01-119-00-09" tag="CS" text="as">
        <cmp x="1499" y="747" width="30" height="40" />
        <cmp x="1527" y="745" width="34" height="42" />
      </word>
      <word id="l01-119-00-10" tag="PP3AS" text="they">
        <cmp x="1580" y="729" width="20" height="53" />
        <cmp x="1596" y="734" width="29" height="46" />
        <cmp x="1620" y="749" width="55" height="77" />
        <cmp x="1623" y="748" width="20" height="31" />
      </word>
      <word id="l01-119-00-11" tag="BED" text="were">
        <cmp x="1725" y="748" width="55" height="37" />
        <cmp x="1781" y="743" width="39" height="37" />
      </word>
      <word id="l01-119-00-12" tag="ABX" text="both">
        <cmp x="1869" y="727" width="72" height="59" />
        <cmp x="1941" y="732" width="31" height="50" />
      </word>
      <lower-contour>
        <point x="411" y="837" />
        <point x="1851" y="837" />
      </lower-contour>
    </line>
    <line ass="114" asx="0" asy="909" character-width="999" dss="114" dsx="0" dsy="1009" fd0="13606" fd1="3454" fd2="-1500" filter-width="4" id="l01-119-01" lbs="110" lbx="0" lby="963" segmentation="err" slant="73000" stroke-width="6214" threshold="176" text="about to enter the house. Fred grasped his brother&apos;s elbow." ubs="123" ubx="0" uby="927">
      <word id="l01-119-01-00" tag="RP" text="about">
        <cmp x="381" y="915" width="94" height="54" />
        <cmp x="477" y="911" width="18" height="49" />
      </word>
      <word id="l01-119-01-01" tag="TO" text="to">
        <cmp x="540" y="915" width="20" height="52" />
        <cmp x="557" y="926" width="27" height="36" />
      </word>
      <word id="l01-119-01-02" tag="VB" text="enter">
        <cmp x="605" y="928" width="24" height="38" />
        <cmp x="626" y="928" width="28" height="35" />
        <cmp x="659" y="911" width="15" height="47" />
        <cmp x="667" y="924" width="26" height="40" />
        <cmp x="695" y="926" width="23" height="30" />
      </word>
      <word id="l01-119-01-03" tag="ATI" text="the">
        <cmp x="760" y="909" width="20" height="51" />
        <cmp x="777" y="910" width="41" height="52" />
      </word>
      <word id="l01-119-01-04" tag="NN" text="house">
        <cmp x="852" y="909" width="25" height="49" />
        <cmp x="880" y="919" width="27" height="37" />
        <cmp x="908" y="923" width="25" height="33" />
        <cmp x="931" y="921" width="45" height="42" />
      </word>
      <word id="l01-119-01-05" tag="." text=".">
        <cmp x="984" y="947" width="5" height="7" />
      </word>
      <word id="l01-119-01-06" sentence-start="yes" tag="NP" text="Fred">
        <cmp x="1037" y="909" width="37" height="55" />
        <cmp x="1058" y="927" width="18" height="33" />
        <cmp x="1071" y="925" width="27" height="37" />
        <cmp x="1093" y="916" width="37" height="46" />
      </word>
      <word id="l01-119-01-07" tag="VBD" text="grasped">
        <cmp x="1146" y="926" width="40" height="81" />
        <cmp x="1183" y="930" width="18" height="31" />
        <cmp x="1200" y="926" width="59" height="40" />
        <cmp x="1248" y="929" width="33" height="68" />
        <cmp x="1281" y="927" width="27" height="39" />
        <cmp x="1304" y="913" width="44" height="51" />
      </word>
      <word id="l01-119-01-08" tag="PP$" text="his">
        <cmp x="1386" y="913" width="28" height="51" />
        <cmp x="1410" y="930" width="14" height="31" />
        <cmp x="1423" y="928" width="33" height="39" />
        <cmp x="1426" y="913" width="7" height="8" />
      </word>
      <word id="l01-119-01-09" tag="NN$" text="brother&apos;s">
        <cmp x="1483" y="916" width="68" height="50" />
        <cmp x="1553" y="915" width="17" height="47" />
        <cmp x="1567" y="919" width="27" height="41" />
        <cmp x="1594" y="924" width="27" height="36" />
        <cmp x="1618" y="928" width="19" height="27" />
        <cmp x="1639" y="925" width="39" height="36" />
        <cmp x="1644" y="909" width="7" height="14" />
      </word>
      <word id="l01-119-01-10" tag="NN" text="elbow">
        <cmp x="1715" y="925" width="25" height="36" />
        <cmp x="1739" y="913" width="15" height="43" />
        <cmp x="1750" y="914" width="29" height="46" />
        <cmp x="1776" y="924" width="28" height="34" />
        <cmp x="1806" y="925" width="38" height="35" />
      </word>
      <word id="l01-119-01-11" tag="." text=".">
        <cmp x="1843" y="951" width="7" height="8" />
      </word>
      <upper-contour>
        <point x="411" y="837" />
        <point x="1851" y="837" />
      </upper-contour>
      <lower-contour>
        <point x="379" y="1008" />
        <point x="1851" y="1008" />
      </lower-contour>
    </line>
    <line ass="111" asx="0" asy="1075" character-width="999" dss="111" dsx="0" dsy="1196" fd0="13744" fd1="3854" fd2="-1048" filter-width="4" id="l01-119-02" lbs="171" lbx="0" lby="1142" segmentation="err" slant="71000" stroke-width="6199" threshold="179" text="&amp;quot;Nick, I can&apos;t stomach this much longer.&amp;quot; &amp;quot;Nor me. What&apos;s the" ubs="-7" ubx="0" uby="1106">
      <word id="l01-119-02-00" sentence-start="yes" tag="*&apos;" text="&quot;">
        <cmp x="376" y="1077" width="15" height="27" />
      </word>
      <word id="l01-119-02-01" tag="NP" text="Nick">
        <cmp x="394" y="1089" width="36" height="50" />
        <cmp x="425" y="1105" width="12" height="33" />
        <cmp x="437" y="1095" width="5" height="8" />
        <cmp x="438" y="1091" width="50" height="54" />
      </word>
      <word id="l01-119-02-02" tag="," text=",">
        <cmp x="505" y="1134" width="11" height="27" />
      </word>
      <word id="l01-119-02-03" tag="PP1A" text="I">
        <cmp x="558" y="1091" width="20" height="49" />
      </word>
      <word id="l01-119-02-04" tag="MDX" text="can&apos;t">
        <cmp x="592" y="1106" width="49" height="40" />
        <cmp x="637" y="1108" width="26" height="34" />
        <cmp x="676" y="1091" width="9" height="15" />
        <cmp x="678" y="1086" width="23" height="59" />
      </word>
      <word id="l01-119-02-05" tag="VB" text="stomach">
        <cmp x="753" y="1093" width="47" height="52" />
        <cmp x="798" y="1103" width="30" height="37" />
        <cmp x="828" y="1104" width="37" height="42" />
        <cmp x="871" y="1095" width="79" height="51" />
      </word>
      <word id="l01-119-02-06" tag="DT" text="this">
        <cmp x="1000" y="1095" width="21" height="53" />
        <cmp x="1016" y="1096" width="28" height="49" />
        <cmp x="1044" y="1114" width="13" height="27" />
        <cmp x="1057" y="1102" width="6" height="7" />
        <cmp x="1058" y="1109" width="30" height="37" />
      </word>
      <word id="l01-119-02-07" tag="RB" text="much">
        <cmp x="1112" y="1108" width="39" height="34" />
        <cmp x="1151" y="1114" width="25" height="31" />
        <cmp x="1175" y="1102" width="59" height="45" />
      </word>
      <word id="l01-119-02-08" tag="RBR" text="longer">
        <cmp x="1276" y="1092" width="19" height="54" />
        <cmp x="1287" y="1111" width="28" height="31" />
        <cmp x="1317" y="1109" width="28" height="33" />
        <cmp x="1325" y="1109" width="47" height="85" />
        <cmp x="1372" y="1104" width="28" height="35" />
        <cmp x="1399" y="1105" width="20" height="27" />
      </word>
      <word id="l01-119-02-09" tag="." text=".">
        <cmp x="1416" y="1129" width="6" height="9" />
      </word>
      <word id="l01-119-02-10" tag="**&apos;" text="&quot;">
        <cmp x="1455" y="1074" width="13" height="19" />
      </word>
      <word id="l01-119-02-11" sentence-start="yes" tag="*&apos;" text="&quot;">
        <cmp x="1519" y="1077" width="15" height="20" />
      </word>
      <word id="l01-119-02-12" tag="CC" text="Nor">
        <cmp x="1530" y="1092" width="39" height="47" />
        <cmp x="1564" y="1103" width="44" height="37" />
      </word>
      <word id="l01-119-02-13" tag="PP1O" text="me">
        <cmp x="1622" y="1104" width="36" height="35" />
        <cmp x="1657" y="1101" width="27" height="35" />
      </word>
      <word id="l01-119-02-14" tag="." text=".">
        <cmp x="1704" y="1126" width="7" height="7" />
      </word>
      <word id="l01-119-02-15" sentence-start="yes" tag="WDT" text="What">
        <cmp x="1741" y="1087" width="43" height="53" />
        <cmp x="1778" y="1091" width="68" height="53" />
        <cmp x="1850" y="1103" width="30" height="37" />
      </word>
      <word id="l01-119-02-16" tag="BEZ" text="&apos;s">
        <cmp x="1851" y="1088" width="10" height="22" />
        <cmp x="1919" y="1094" width="19" height="48" />
      </word>
      <word id="l01-119-02-17" tag="ATI" text="the">
        <cmp x="1937" y="1094" width="55" height="51" />
      </word>
      <upper-contour>
        <point x="379" y="1008" />
        <point x="1851" y="1008" />
      </upper-contour>
      <lower-contour>
        <point x="377" y="1194" />
        <point x="1993" y="1194" />
      </lower-contour>
    </line>
    <line ass="93" asx="0" asy="1241" character-width="999" dss="93" dsx="0" dsy="1360" fd0="13883" fd1="3723" fd2="-940" filter-width="4" id="l01-119-03" lbs="16" lbx="0" lby="1321" segmentation="ok" slant="71000" stroke-width="6082" threshold="182" text="answer? Mum&apos;s picking up, but she&apos;ll never be her old self" ubs="248" ubx="0" uby="1288">
      <word id="l01-119-03-00" tag="NN" text="answer">
        <cmp x="379" y="1277" width="23" height="48" />
        <cmp x="401" y="1282" width="25" height="38" />
        <cmp x="425" y="1279" width="36" height="48" />
        <cmp x="460" y="1281" width="36" height="41" />
        <cmp x="494" y="1280" width="49" height="41" />
      </word>
      <word id="l01-119-03-01" tag="?" text="?">
        <cmp x="575" y="1306" width="7" height="8" />
        <cmp x="581" y="1242" width="27" height="52" />
      </word>
      <word id="l01-119-03-02" sentence-start="yes" tag="NPT" text="Mum">
        <cmp x="664" y="1270" width="40" height="49" />
        <cmp x="700" y="1288" width="28" height="31" />
        <cmp x="729" y="1287" width="38" height="36" />
      </word>
      <word id="l01-119-03-03" tag="BEZ" text="&apos;s">
        <cmp x="788" y="1267" width="10" height="23" />
        <cmp x="789" y="1287" width="34" height="37" />
      </word>
      <word id="l01-119-03-04" tag="VBG" text="picking">
        <cmp x="852" y="1288" width="35" height="63" />
        <cmp x="884" y="1295" width="15" height="26" />
        <cmp x="901" y="1277" width="6" height="7" />
        <cmp x="901" y="1273" width="55" height="50" />
        <cmp x="957" y="1287" width="11" height="27" />
        <cmp x="966" y="1271" width="6" height="7" />
        <cmp x="972" y="1284" width="60" height="76" />
      </word>
      <word id="l01-119-03-05" tag="RP" text="up">
        <cmp x="1068" y="1288" width="32" height="37" />
        <cmp x="1090" y="1286" width="44" height="65" />
      </word>
      <word id="l01-119-03-06" tag="," text=",">
        <cmp x="1140" y="1315" width="14" height="27" />
      </word>
      <word id="l01-119-03-07" tag="CC" text="but">
        <cmp x="1204" y="1264" width="29" height="54" />
        <cmp x="1230" y="1283" width="27" height="34" />
        <cmp x="1258" y="1268" width="22" height="49" />
      </word>
      <word id="l01-119-03-08" tag="PP3A" text="she">
        <cmp x="1311" y="1288" width="33" height="39" />
        <cmp x="1343" y="1274" width="28" height="48" />
        <cmp x="1374" y="1288" width="21" height="33" />
      </word>
      <word id="l01-119-03-09" tag="MD" text="&apos;ll">
        <cmp x="1409" y="1269" width="7" height="15" />
        <cmp x="1414" y="1275" width="30" height="50" />
      </word>
      <word id="l01-119-03-10" tag="RB" text="never">
        <cmp x="1481" y="1285" width="52" height="44" />
        <cmp x="1534" y="1284" width="26" height="38" />
        <cmp x="1552" y="1282" width="31" height="37" />
        <cmp x="1582" y="1286" width="23" height="30" />
      </word>
      <word id="l01-119-03-11" tag="BE" text="be">
        <cmp x="1635" y="1267" width="30" height="61" />
        <cmp x="1666" y="1279" width="22" height="44" />
      </word>
      <word id="l01-119-03-12" tag="PP$" text="her">
        <cmp x="1718" y="1268" width="51" height="50" />
        <cmp x="1767" y="1279" width="31" height="36" />
      </word>
      <word id="l01-119-03-13" tag="JJ" text="old">
        <cmp x="1841" y="1277" width="29" height="39" />
        <cmp x="1870" y="1264" width="16" height="50" />
        <cmp x="1884" y="1263" width="40" height="51" />
      </word>
      <word id="l01-119-03-14" tag="NN" text="self">
        <cmp x="1954" y="1276" width="30" height="44" />
        <cmp x="1980" y="1277" width="23" height="38" />
        <cmp x="2001" y="1269" width="18" height="46" />
        <cmp x="2011" y="1260" width="29" height="72" />
      </word>
      <upper-contour>
        <point x="377" y="1194" />
        <point x="1993" y="1194" />
      </upper-contour>
      <lower-contour>
        <point x="377" y="1327" />
        <point x="538" y="1327" />
      </lower-contour>
    </line>
    <line ass="28656" asx="0" asy="1659" character-width="999" dss="28656" dsx="0" dsy="1776" fd0="14042" fd1="3525" fd2="-926" filter-width="4" id="l01-119-04" lbs="29578" lbx="0" lby="1754" segmentation="ok" slant="75000" stroke-width="6029" threshold="173" text="again.&amp;quot;" ubs="26813" ubx="0" uby="1692">
      <word id="l01-119-04-00" tag="RB" text="again">
        <cmp x="371" y="1457" width="29" height="42" />
        <cmp x="387" y="1459" width="39" height="78" />
        <cmp x="426" y="1458" width="28" height="45" />
        <cmp x="453" y="1466" width="11" height="30" />
        <cmp x="461" y="1466" width="30" height="36" />
        <cmp x="464" y="1454" width="5" height="7" />
      </word>
      <word id="l01-119-04-01" tag="." text=".">
        <cmp x="515" y="1487" width="7" height="8" />
      </word>
      <word id="l01-119-04-02" tag="**&apos;" text="&quot;">
        <cmp x="523" y="1429" width="14" height="26" />
      </word>
      <upper-contour>
        <point x="377" y="1327" />
        <point x="538" y="1327" />
      </upper-contour>
      <lower-contour>
        <point x="369" y="1538" />
        <point x="538" y="1538" />
      </lower-contour>
    </line>
    <line ass="-266" asx="0" asy="1607" character-width="999" dss="-266" dsx="0" dsy="1720" fd0="13711" fd1="3128" fd2="-1190" filter-width="4" id="l01-119-05" lbs="-392" lbx="0" lby="1667" segmentation="err" slant="73000" stroke-width="5989" threshold="178" text="&amp;quot;That First Flower&apos;s driving me nuts,&amp;quot; Fred said. &amp;quot;I&apos;m going to put" ubs="-15" ubx="0" uby="1641">
      <word id="l01-119-05-00" sentence-start="yes" tag="*&apos;" text="&quot;">
        <cmp x="365" y="1619" width="9" height="22" />
      </word>
      <word id="l01-119-05-01" tag="DT" text="That">
        <cmp x="384" y="1632" width="30" height="55" />
        <cmp x="407" y="1630" width="27" height="56" />
        <cmp x="430" y="1643" width="31" height="42" />
        <cmp x="462" y="1629" width="19" height="51" />
      </word>
      <word id="l01-119-05-02" tag="OD" text="First">
        <cmp x="529" y="1639" width="28" height="41" />
        <cmp x="532" y="1627" width="38" height="10" />
        <cmp x="561" y="1653" width="11" height="28" />
        <cmp x="571" y="1639" width="6" height="8" />
        <cmp x="573" y="1645" width="21" height="35" />
        <cmp x="590" y="1644" width="30" height="40" />
        <cmp x="620" y="1636" width="15" height="47" />
      </word>
      <word id="l01-119-05-03" tag="NN" text="Flower">
        <cmp x="675" y="1630" width="41" height="54" />
        <cmp x="707" y="1631" width="23" height="48" />
        <cmp x="719" y="1645" width="27" height="31" />
        <cmp x="748" y="1641" width="62" height="41" />
        <cmp x="811" y="1643" width="18" height="30" />
        <cmp x="822" y="1643" width="29" height="39" />
        <cmp x="833" y="1618" width="6" height="16" />
      </word>
      <word id="l01-119-05-04" tag="BEZ" text="&apos;s">
        <cmp x="911" y="1638" width="33" height="49" />
        <cmp x="939" y="1646" width="24" height="34" />
        <cmp x="962" y="1637" width="5" height="6" />
      </word>
      <word id="l01-119-05-05" tag="VBG" text="driving">
        <cmp x="971" y="1645" width="18" height="39" />
        <cmp x="988" y="1648" width="11" height="30" />
        <cmp x="1001" y="1632" width="6" height="9" />
        <cmp x="1004" y="1650" width="29" height="33" />
        <cmp x="1012" y="1646" width="48" height="79" />
      </word>
      <word id="l01-119-05-06" tag="PP1O" text="me">
        <cmp x="1102" y="1649" width="39" height="41" />
        <cmp x="1142" y="1650" width="27" height="37" />
      </word>
      <word id="l01-119-05-07" tag="JJ" text="nuts">
        <cmp x="1209" y="1649" width="27" height="35" />
        <cmp x="1235" y="1626" width="46" height="58" />
        <cmp x="1278" y="1643" width="30" height="40" />
      </word>
      <word id="l01-119-05-08" tag="," text=",">
        <cmp x="1303" y="1678" width="12" height="22" />
      </word>
      <word id="l01-119-05-09" tag="**&apos;" text="&quot;">
        <cmp x="1326" y="1615" width="15" height="21" />
      </word>
      <word id="l01-119-05-10" tag="NP" text="Fred">
        <cmp x="1388" y="1637" width="29" height="42" />
        <cmp x="1396" y="1627" width="30" height="11" />
        <cmp x="1414" y="1637" width="25" height="36" />
        <cmp x="1424" y="1627" width="64" height="52" />
      </word>
      <word id="l01-119-05-11" tag="VBD" text="said">
        <cmp x="1508" y="1637" width="39" height="44" />
        <cmp x="1537" y="1639" width="30" height="45" />
        <cmp x="1564" y="1646" width="12" height="27" />
        <cmp x="1574" y="1632" width="6" height="7" />
        <cmp x="1574" y="1628" width="41" height="52" />
      </word>
      <word id="l01-119-05-12" tag="." text=".">
        <cmp x="1615" y="1669" width="6" height="7" />
      </word>
      <word id="l01-119-05-13" sentence-start="yes" tag="*&apos;" text="&quot;">
        <cmp x="1684" y="1620" width="16" height="23" />
      </word>
      <word id="l01-119-05-14" tag="PP1A" text="I">
        <cmp x="1705" y="1623" width="21" height="54" />
      </word>
      <word id="l01-119-05-15" tag="BEM" text="&apos;m">
        <cmp x="1736" y="1618" width="8" height="20" />
        <cmp x="1733" y="1644" width="40" height="38" />
      </word>
      <word id="l01-119-05-16" tag="VBG" text="going">
        <cmp x="1779" y="1644" width="43" height="84" />
        <cmp x="1822" y="1644" width="28" height="35" />
        <cmp x="1848" y="1646" width="12" height="29" />
        <cmp x="1859" y="1630" width="6" height="6" />
        <cmp x="1863" y="1642" width="53" height="73" />
      </word>
      <word id="l01-119-05-17" tag="TO" text="to">
        <cmp x="1945" y="1627" width="45" height="49" />
      </word>
      <word id="l01-119-05-18" tag="VB" text="put">
        <cmp x="2007" y="1644" width="34" height="68" />
        <cmp x="2041" y="1647" width="26" height="33" />
        <cmp x="2070" y="1627" width="23" height="53" />
      </word>
      <upper-contour>
        <point x="369" y="1538" />
        <point x="538" y="1538" />
      </upper-contour>
      <lower-contour>
        <point x="365" y="1687" />
        <point x="708" y="1687" />
      </lower-contour>
    </line>
    <line ass="2156" asx="0" asy="1821" character-width="999" dss="2156" dsx="0" dsy="1904" fd0="13426" fd1="3794" fd2="-91" filter-width="4" id="l01-119-06" lbs="2041" lbx="0" lby="1880" segmentation="ok" slant="79000" stroke-width="6238" threshold="180" text="a stop to it.&amp;quot;" ubs="2387" ubx="0" uby="1838">
      <word id="l01-119-06-00" tag="AT" text="a">
        <cmp x="367" y="1817" width="23" height="48" />
      </word>
      <word id="l01-119-06-01" tag="NN" text="stop">
        <cmp x="427" y="1805" width="47" height="65" />
        <cmp x="476" y="1824" width="58" height="64" />
      </word>
      <word id="l01-119-06-02" tag="IN" text="to">
        <cmp x="571" y="1808" width="45" height="52" />
      </word>
      <word id="l01-119-06-03" tag="PP3" text="it">
        <cmp x="637" y="1825" width="15" height="33" />
        <cmp x="651" y="1806" width="6" height="6" />
        <cmp x="651" y="1802" width="19" height="59" />
      </word>
      <word id="l01-119-06-04" tag="." text=".">
        <cmp x="668" y="1847" width="6" height="7" />
      </word>
      <word id="l01-119-06-05" tag="**&apos;" text="&quot;">
        <cmp x="693" y="1802" width="14" height="16" />
      </word>
      <upper-contour>
        <point x="365" y="1687" />
        <point x="708" y="1687" />
      </upper-contour>
      <lower-contour>
        <point x="372" y="1888" />
        <point x="708" y="1888" />
      </lower-contour>
    </line>
    <line ass="584" asx="0" asy="1958" character-width="999" dss="584" dsx="0" dsy="2051" fd0="13466" fd1="4104" fd2="-754" filter-width="4" id="l01-119-07" lbs="1229" lbx="0" lby="2051" segmentation="ok" slant="78000" stroke-width="6151" threshold="178" text="&amp;quot;What with - arsenic?&amp;quot;" ubs="-705" ubx="0" uby="1994">
      <word id="l01-119-07-00" sentence-start="yes" tag="*&apos;" text="&quot;">
        <cmp x="374" y="1989" width="10" height="23" />
      </word>
      <word id="l01-119-07-01" tag="WDT" text="What">
        <cmp x="404" y="1977" width="39" height="62" />
        <cmp x="441" y="1988" width="27" height="56" />
        <cmp x="468" y="1985" width="46" height="55" />
      </word>
      <word id="l01-119-07-02" tag="IN" text="with">
        <cmp x="569" y="2008" width="39" height="38" />
        <cmp x="612" y="1984" width="26" height="56" />
        <cmp x="616" y="1994" width="6" height="7" />
        <cmp x="638" y="1991" width="25" height="54" />
      </word>
      <word id="l01-119-07-03" tag="*-" text="-">
        <cmp x="671" y="2010" width="12" height="9" />
      </word>
      <word id="l01-119-07-04" tag="NN" text="arsenic">
        <cmp x="714" y="2004" width="29" height="38" />
        <cmp x="744" y="2007" width="12" height="27" />
        <cmp x="757" y="2003" width="26" height="36" />
        <cmp x="785" y="2001" width="27" height="39" />
        <cmp x="810" y="2004" width="29" height="31" />
        <cmp x="840" y="2006" width="10" height="28" />
        <cmp x="850" y="1992" width="5" height="7" />
        <cmp x="858" y="1998" width="32" height="41" />
      </word>
      <word id="l01-119-07-05" tag="?" text="?">
        <cmp x="917" y="2016" width="6" height="7" />
        <cmp x="925" y="1955" width="25" height="47" />
      </word>
      <word id="l01-119-07-06" tag="**&apos;" text="&quot;">
        <cmp x="965" y="1950" width="12" height="20" />
      </word>
      <upper-contour>
        <point x="372" y="1888" />
        <point x="708" y="1888" />
      </upper-contour>
    </line>
  </handwritten-part>
</form>

