<?xml version="1.0" encoding="ISO-8859-1"?>

<!DOCTYPE form SYSTEM 'http://www.iam.unibe.ch/~fki/iamdb/form-metadata.dtd'>

<form created="2002-01-25" height="3542" id="l04-124" last-modified="2002-07-17" skew="95" status="final" version="3.0_beta" width="2479" writer-id="489">
  <machine-printed-part>
    <machine-print-line text="Hugh nodded. His face wore the melancholy expression that was habitual to him but" />
    <machine-print-line text="his eyes showed his inner excitement. &apos;I know, but from the moment he walked out" />
    <machine-print-line text="of here we haven&apos;t a shred of evidence to prove what happened. Obviously he met" />
    <machine-print-line text="someone, either by chance or by arrangement. Whichever way it was, that person" />
    <machine-print-line text="had a gun and he managed to persuade Father to drive along that quiet stretch of" />
    <machine-print-line text="road....&apos;" />
  </machine-printed-part>
  <handwritten-part>
    <line ass="145" asx="0" asy="752" character-width="999" dss="145" dsx="0" dsy="876" fd0="14418" fd1="3200" fd2="-1319" filter-width="3" id="l04-124-00" lbs="223" lbx="0" lby="841" segmentation="ok" slant="108999" stroke-width="5563" threshold="175" text="Hugh nodded. His face wore the melancholy expression" ubs="-10" ubx="0" uby="803">
      <word id="l04-124-00-00" sentence-start="yes" tag="NP" text="Hugh">
        <cmp x="361" y="753" width="43" height="77" />
        <cmp x="390" y="761" width="28" height="71" />
        <cmp x="424" y="800" width="43" height="35" />
        <cmp x="465" y="851" width="14" height="18" />
        <cmp x="469" y="800" width="38" height="75" />
        <cmp x="492" y="776" width="59" height="64" />
      </word>
      <word id="l04-124-00-01" tag="VBD" text="nodded">
        <cmp x="586" y="801" width="43" height="36" />
        <cmp x="626" y="814" width="28" height="24" />
        <cmp x="634" y="807" width="27" height="24" />
        <cmp x="666" y="775" width="38" height="61" />
        <cmp x="703" y="768" width="33" height="68" />
        <cmp x="744" y="797" width="29" height="42" />
        <cmp x="777" y="769" width="33" height="69" />
      </word>
      <word id="l04-124-00-02" tag="." text=".">
        <cmp x="824" y="826" width="7" height="5" />
      </word>
      <word id="l04-124-00-03" sentence-start="yes" tag="PP$" text="His">
        <cmp x="843" y="763" width="24" height="76" />
        <cmp x="867" y="766" width="23" height="68" />
        <cmp x="899" y="787" width="7" height="7" />
        <cmp x="903" y="806" width="11" height="23" />
        <cmp x="917" y="797" width="25" height="38" />
      </word>
      <word id="l04-124-00-04" tag="NN" text="face">
        <cmp x="974" y="769" width="27" height="66" />
        <cmp x="1011" y="796" width="33" height="40" />
        <cmp x="1051" y="798" width="15" height="41" />
        <cmp x="1076" y="798" width="32" height="43" />
      </word>
      <word id="l04-124-00-05" tag="VBD" text="wore">
        <cmp x="1143" y="807" width="24" height="31" />
        <cmp x="1166" y="815" width="23" height="23" />
        <cmp x="1183" y="808" width="12" height="22" />
        <cmp x="1201" y="806" width="29" height="32" />
        <cmp x="1233" y="802" width="56" height="37" />
      </word>
      <word id="l04-124-00-06" tag="ATI" text="the">
        <cmp x="1310" y="819" width="10" height="9" />
        <cmp x="1319" y="794" width="3" height="3" />
        <cmp x="1321" y="799" width="35" height="42" />
        <cmp x="1351" y="794" width="44" height="46" />
        <cmp x="1395" y="808" width="30" height="34" />
        <cmp x="1401" y="805" width="15" height="19" />
      </word>
      <word id="l04-124-00-07" tag="JJ" text="melancholy">
        <cmp x="1448" y="811" width="101" height="36" />
        <cmp x="1544" y="784" width="26" height="67" />
        <cmp x="1568" y="809" width="36" height="35" />
        <cmp x="1604" y="838" width="9" height="8" />
        <cmp x="1609" y="813" width="43" height="28" />
        <cmp x="1656" y="805" width="23" height="38" />
        <cmp x="1675" y="791" width="3" height="4" />
        <cmp x="1679" y="798" width="47" height="41" />
        <cmp x="1724" y="801" width="35" height="32" />
        <cmp x="1762" y="766" width="31" height="76" />
        <cmp x="1784" y="784" width="29" height="60" />
      </word>
      <word id="l04-124-00-08" tag="NN" text="expression">
        <cmp x="1872" y="799" width="35" height="34" />
        <cmp x="1900" y="803" width="4" height="4" />
        <cmp x="1905" y="794" width="53" height="53" />
        <cmp x="1966" y="790" width="92" height="46" />
        <cmp x="2037" y="788" width="8" height="5" />
        <cmp x="2062" y="804" width="14" height="28" />
        <cmp x="2073" y="798" width="75" height="38" />
      </word>
      <lower-contour>
        <point x="359" y="874" />
        <point x="2051" y="874" />
      </lower-contour>
    </line>
    <line ass="166" asx="0" asy="957" character-width="999" dss="166" dsx="0" dsy="1040" fd0="14431" fd1="3091" fd2="-776" filter-width="3" id="l04-124-01" lbs="220" lbx="0" lby="1025" segmentation="ok" slant="112000" stroke-width="5576" threshold="173" text="that was habitual to him but his eyes showed" ubs="59" ubx="0" uby="988">
      <word id="l04-124-01-00" tag="WP" text="that">
        <cmp x="356" y="972" width="38" height="56" />
        <cmp x="382" y="964" width="57" height="60" />
        <cmp x="437" y="985" width="33" height="37" />
        <cmp x="477" y="971" width="31" height="52" />
      </word>
      <word id="l04-124-01-01" tag="BEDZ" text="was">
        <cmp x="544" y="994" width="30" height="34" />
        <cmp x="571" y="1000" width="23" height="26" />
        <cmp x="585" y="987" width="45" height="39" />
        <cmp x="594" y="1018" width="3" height="4" />
        <cmp x="631" y="1021" width="5" height="4" />
        <cmp x="637" y="986" width="27" height="41" />
      </word>
      <word id="l04-124-01-02" tag="JJ" text="habitual">
        <cmp x="713" y="966" width="55" height="61" />
        <cmp x="761" y="986" width="36" height="36" />
        <cmp x="782" y="963" width="48" height="62" />
        <cmp x="829" y="968" width="7" height="12" />
        <cmp x="833" y="997" width="13" height="22" />
        <cmp x="852" y="981" width="38" height="43" />
        <cmp x="897" y="984" width="39" height="31" />
        <cmp x="934" y="980" width="37" height="39" />
        <cmp x="968" y="955" width="21" height="64" />
      </word>
      <word id="l04-124-01-03" tag="IN" text="to">
        <cmp x="1043" y="973" width="75" height="48" />
      </word>
      <word id="l04-124-01-04" tag="PP3O" text="him">
        <cmp x="1154" y="970" width="48" height="45" />
        <cmp x="1199" y="965" width="7" height="12" />
        <cmp x="1203" y="989" width="13" height="23" />
        <cmp x="1226" y="992" width="66" height="32" />
      </word>
      <word id="l04-124-01-05" tag="CC" text="but">
        <cmp x="1315" y="956" width="82" height="69" />
        <cmp x="1405" y="969" width="24" height="58" />
      </word>
      <word id="l04-124-01-06" tag="PP$" text="his">
        <cmp x="1482" y="967" width="56" height="53" />
        <cmp x="1537" y="970" width="10" height="18" />
        <cmp x="1541" y="992" width="13" height="27" />
        <cmp x="1556" y="978" width="28" height="40" />
      </word>
      <word id="l04-124-01-07" tag="NNS" text="eyes">
        <cmp x="1646" y="974" width="34" height="39" />
        <cmp x="1679" y="970" width="38" height="66" />
        <cmp x="1725" y="979" width="48" height="39" />
      </word>
      <word id="l04-124-01-08" tag="VBD" text="showed">
        <cmp x="1822" y="981" width="45" height="47" />
        <cmp x="1851" y="971" width="53" height="47" />
        <cmp x="1897" y="985" width="35" height="35" />
        <cmp x="1931" y="992" width="35" height="30" />
        <cmp x="1957" y="999" width="28" height="21" />
        <cmp x="1974" y="988" width="42" height="33" />
        <cmp x="2013" y="955" width="37" height="59" />
      </word>
      <upper-contour>
        <point x="359" y="874" />
        <point x="2051" y="874" />
      </upper-contour>
      <lower-contour>
        <point x="354" y="1036" />
        <point x="2051" y="1036" />
      </lower-contour>
    </line>
    <line ass="-83" asx="0" asy="1125" character-width="999" dss="-83" dsx="0" dsy="1209" fd0="14842" fd1="3417" fd2="-70" filter-width="3" id="l04-124-02" lbs="-96" lbx="0" lby="1195" segmentation="ok" slant="114999" stroke-width="5601" threshold="175" text="his inner excitement. &apos;I know, but from the" ubs="-58" ubx="0" uby="1165">
      <word id="l04-124-02-00" tag="PP$" text="his">
        <cmp x="341" y="1131" width="71" height="66" />
        <cmp x="413" y="1166" width="16" height="27" />
        <cmp x="414" y="1150" width="8" height="9" />
        <cmp x="420" y="1161" width="4" height="3" />
        <cmp x="439" y="1160" width="31" height="37" />
      </word>
      <word id="l04-124-02-01" tag="JJB" text="inner">
        <cmp x="542" y="1163" width="7" height="7" />
        <cmp x="542" y="1173" width="20" height="36" />
        <cmp x="570" y="1173" width="46" height="28" />
        <cmp x="608" y="1173" width="45" height="25" />
        <cmp x="660" y="1167" width="39" height="36" />
        <cmp x="692" y="1167" width="37" height="37" />
      </word>
      <word id="l04-124-02-02" tag="NN" text="excitement">
        <cmp x="815" y="1160" width="32" height="32" />
        <cmp x="839" y="1162" width="5" height="3" />
        <cmp x="845" y="1163" width="46" height="29" />
        <cmp x="893" y="1156" width="29" height="33" />
        <cmp x="925" y="1166" width="13" height="18" />
        <cmp x="928" y="1149" width="6" height="6" />
        <cmp x="956" y="1145" width="78" height="47" />
        <cmp x="1021" y="1167" width="70" height="26" />
        <cmp x="1095" y="1165" width="28" height="37" />
        <cmp x="1128" y="1170" width="46" height="33" />
        <cmp x="1174" y="1157" width="27" height="46" />
      </word>
      <word id="l04-124-02-03" tag="." text=".">
        <cmp x="1228" y="1191" width="5" height="5" />
      </word>
      <word id="l04-124-02-04" sentence-start="yes" tag="*&apos;" text="&apos;">
        <cmp x="1242" y="1137" width="11" height="24" />
      </word>
      <word id="l04-124-02-05" tag="PP1A" text="I">
        <cmp x="1275" y="1128" width="35" height="69" />
      </word>
      <word id="l04-124-02-06" tag="VB" text="know">
        <cmp x="1355" y="1128" width="40" height="70" />
        <cmp x="1400" y="1172" width="48" height="26" />
        <cmp x="1445" y="1176" width="28" height="25" />
        <cmp x="1452" y="1169" width="27" height="28" />
        <cmp x="1478" y="1169" width="61" height="33" />
      </word>
      <word id="l04-124-02-07" tag="," text=",">
        <cmp x="1554" y="1195" width="8" height="17" />
      </word>
      <word id="l04-124-02-08" tag="CC" text="but">
        <cmp x="1592" y="1150" width="90" height="55" />
        <cmp x="1683" y="1152" width="29" height="47" />
      </word>
      <word id="l04-124-02-09" tag="IN" text="from">
        <cmp x="1748" y="1130" width="30" height="62" />
        <cmp x="1800" y="1160" width="25" height="33" />
        <cmp x="1833" y="1160" width="35" height="33" />
        <cmp x="1870" y="1168" width="67" height="33" />
      </word>
      <word id="l04-124-02-10" tag="ATI" text="the">
        <cmp x="1965" y="1157" width="49" height="42" />
        <cmp x="2010" y="1152" width="48" height="49" />
        <cmp x="2060" y="1167" width="38" height="37" />
      </word>
      <upper-contour>
        <point x="354" y="1036" />
        <point x="2051" y="1036" />
      </upper-contour>
      <lower-contour>
        <point x="349" y="1212" />
        <point x="2016" y="1212" />
      </lower-contour>
    </line>
    <line ass="115" asx="0" asy="1307" character-width="999" dss="115" dsx="0" dsy="1385" fd0="14447" fd1="2913" fd2="-650" filter-width="3" id="l04-124-03" lbs="108" lbx="0" lby="1377" segmentation="ok" slant="114999" stroke-width="5671" threshold="174" text="moment he walked out of here we haven&apos;t a" ubs="129" ubx="0" uby="1345">
      <word id="l04-124-03-00" tag="NN" text="moment">
        <cmp x="351" y="1344" width="102" height="39" />
        <cmp x="457" y="1347" width="65" height="32" />
        <cmp x="523" y="1342" width="37" height="34" />
        <cmp x="555" y="1350" width="50" height="31" />
        <cmp x="604" y="1335" width="29" height="44" />
      </word>
      <word id="l04-124-03-01" tag="PP3A" text="he">
        <cmp x="674" y="1317" width="61" height="63" />
        <cmp x="735" y="1346" width="39" height="36" />
      </word>
      <word id="l04-124-03-02" tag="VBD" text="walked">
        <cmp x="812" y="1335" width="103" height="43" />
        <cmp x="903" y="1307" width="32" height="63" />
        <cmp x="936" y="1307" width="37" height="64" />
        <cmp x="978" y="1337" width="32" height="36" />
        <cmp x="1007" y="1309" width="35" height="60" />
      </word>
      <word id="l04-124-03-03" tag="RP" text="out">
        <cmp x="1102" y="1338" width="39" height="35" />
        <cmp x="1139" y="1337" width="32" height="34" />
        <cmp x="1164" y="1334" width="24" height="38" />
        <cmp x="1183" y="1320" width="33" height="55" />
      </word>
      <word id="l04-124-03-04" tag="INO" text="of">
        <cmp x="1246" y="1337" width="37" height="37" />
        <cmp x="1283" y="1314" width="29" height="58" />
      </word>
      <word id="l04-124-03-05" tag="RN" text="here">
        <cmp x="1358" y="1320" width="83" height="65" />
        <cmp x="1439" y="1341" width="65" height="36" />
      </word>
      <word id="l04-124-03-06" tag="PP1AS" text="we">
        <cmp x="1530" y="1339" width="3" height="4" />
        <cmp x="1530" y="1340" width="59" height="37" />
        <cmp x="1593" y="1339" width="42" height="38" />
      </word>
      <word id="l04-124-03-07" tag="HVX" text="haven&apos;t">
        <cmp x="1664" y="1317" width="56" height="54" />
        <cmp x="1670" y="1347" width="3" height="8" />
        <cmp x="1715" y="1341" width="66" height="31" />
        <cmp x="1780" y="1339" width="43" height="35" />
        <cmp x="1823" y="1345" width="45" height="26" />
        <cmp x="1851" y="1313" width="7" height="12" />
        <cmp x="1881" y="1333" width="27" height="48" />
      </word>
      <word id="l04-124-03-08" tag="AT" text="a">
        <cmp x="1967" y="1342" width="48" height="40" />
      </word>
      <upper-contour>
        <point x="349" y="1212" />
        <point x="2016" y="1212" />
      </upper-contour>
      <lower-contour>
        <point x="349" y="1385" />
        <point x="2016" y="1385" />
      </lower-contour>
    </line>
    <line ass="-221" asx="0" asy="1481" character-width="999" dss="-221" dsx="0" dsy="1571" fd0="14122" fd1="3021" fd2="-963" filter-width="3" id="l04-124-04" lbs="-122" lbx="0" lby="1552" segmentation="ok" slant="117000" stroke-width="5596" threshold="169" text="shred of evidence to prove what happened." ubs="-420" ubx="0" uby="1512">
      <word id="l04-124-04-00" tag="NN" text="shred">
        <cmp x="344" y="1497" width="40" height="57" />
        <cmp x="379" y="1490" width="59" height="58" />
        <cmp x="436" y="1510" width="68" height="44" />
        <cmp x="502" y="1489" width="33" height="61" />
      </word>
      <word id="l04-124-04-01" tag="INO" text="of">
        <cmp x="612" y="1522" width="34" height="40" />
        <cmp x="652" y="1496" width="26" height="61" />
      </word>
      <word id="l04-124-04-02" tag="NN" text="evidence">
        <cmp x="753" y="1515" width="32" height="35" />
        <cmp x="782" y="1510" width="37" height="41" />
        <cmp x="820" y="1503" width="14" height="11" />
        <cmp x="829" y="1526" width="15" height="22" />
        <cmp x="853" y="1491" width="41" height="63" />
        <cmp x="900" y="1518" width="41" height="37" />
        <cmp x="942" y="1517" width="79" height="41" />
        <cmp x="1015" y="1522" width="43" height="39" />
      </word>
      <word id="l04-124-04-03" tag="TO" text="to">
        <cmp x="1121" y="1517" width="87" height="49" />
      </word>
      <word id="l04-124-04-04" tag="VB" text="prove">
        <cmp x="1236" y="1514" width="36" height="60" />
        <cmp x="1279" y="1521" width="26" height="33" />
        <cmp x="1310" y="1517" width="68" height="39" />
        <cmp x="1380" y="1521" width="41" height="38" />
      </word>
      <word id="l04-124-04-05" tag="WDT" text="what">
        <cmp x="1498" y="1529" width="66" height="35" />
        <cmp x="1561" y="1508" width="51" height="53" />
        <cmp x="1611" y="1519" width="39" height="39" />
        <cmp x="1652" y="1507" width="30" height="48" />
      </word>
      <word id="l04-124-04-06" tag="VBD" text="happened">
        <cmp x="1730" y="1506" width="54" height="48" />
        <cmp x="1777" y="1519" width="42" height="39" />
        <cmp x="1827" y="1511" width="31" height="68" />
        <cmp x="1858" y="1514" width="32" height="65" />
        <cmp x="1900" y="1517" width="33" height="39" />
        <cmp x="1935" y="1521" width="41" height="36" />
        <cmp x="1977" y="1489" width="69" height="65" />
      </word>
      <word id="l04-124-04-07" tag="." text=".">
        <cmp x="2061" y="1537" width="6" height="5" />
      </word>
      <upper-contour>
        <point x="349" y="1385" />
        <point x="2016" y="1385" />
      </upper-contour>
      <lower-contour>
        <point x="342" y="1581" />
        <point x="2067" y="1581" />
      </lower-contour>
    </line>
    <line ass="65" asx="0" asy="1669" character-width="999" dss="65" dsx="0" dsy="1753" fd0="14495" fd1="3168" fd2="-1018" filter-width="3" id="l04-124-05" lbs="43" lbx="0" lby="1737" segmentation="ok" slant="112000" stroke-width="5420" threshold="170" text="Obviously he met someone, either by chance or" ubs="111" ubx="0" uby="1703">
      <word id="l04-124-05-00" sentence-start="yes" tag="RB" text="Obviously">
        <cmp x="340" y="1685" width="51" height="45" />
        <cmp x="348" y="1669" width="45" height="51" />
        <cmp x="403" y="1677" width="44" height="61" />
        <cmp x="449" y="1703" width="34" height="38" />
        <cmp x="481" y="1694" width="9" height="9" />
        <cmp x="487" y="1716" width="18" height="21" />
        <cmp x="518" y="1704" width="34" height="39" />
        <cmp x="547" y="1704" width="33" height="31" />
        <cmp x="573" y="1705" width="19" height="30" />
        <cmp x="601" y="1696" width="35" height="42" />
        <cmp x="628" y="1671" width="30" height="71" />
        <cmp x="654" y="1716" width="7" height="5" />
        <cmp x="662" y="1686" width="28" height="64" />
      </word>
      <word id="l04-124-05-01" tag="PP3A" text="he">
        <cmp x="734" y="1687" width="69" height="63" />
        <cmp x="799" y="1708" width="42" height="40" />
      </word>
      <word id="l04-124-05-02" tag="VBD" text="met">
        <cmp x="876" y="1701" width="83" height="34" />
        <cmp x="961" y="1700" width="26" height="35" />
        <cmp x="996" y="1714" width="7" height="4" />
        <cmp x="999" y="1695" width="23" height="37" />
        <cmp x="1020" y="1713" width="7" height="3" />
      </word>
      <word id="l04-124-05-03" tag="PN" text="someone">
        <cmp x="1078" y="1720" width="12" height="12" />
        <cmp x="1080" y="1684" width="35" height="55" />
        <cmp x="1117" y="1702" width="41" height="40" />
        <cmp x="1158" y="1700" width="59" height="36" />
        <cmp x="1220" y="1703" width="21" height="34" />
        <cmp x="1246" y="1736" width="7" height="3" />
        <cmp x="1248" y="1702" width="39" height="34" />
        <cmp x="1283" y="1702" width="44" height="32" />
        <cmp x="1335" y="1696" width="25" height="36" />
      </word>
      <word id="l04-124-05-04" tag="," text=",">
        <cmp x="1380" y="1737" width="5" height="15" />
      </word>
      <word id="l04-124-05-05" tag="DTX" text="either">
        <cmp x="1440" y="1693" width="37" height="39" />
        <cmp x="1478" y="1699" width="21" height="32" />
        <cmp x="1487" y="1686" width="5" height="12" />
        <cmp x="1501" y="1692" width="42" height="43" />
        <cmp x="1536" y="1689" width="49" height="49" />
        <cmp x="1588" y="1701" width="28" height="38" />
        <cmp x="1616" y="1701" width="36" height="43" />
      </word>
      <word id="l04-124-05-06" tag="IN" text="by">
        <cmp x="1701" y="1680" width="52" height="54" />
        <cmp x="1743" y="1677" width="34" height="57" />
      </word>
      <word id="l04-124-05-07" tag="NN" text="chance">
        <cmp x="1841" y="1692" width="40" height="44" />
        <cmp x="1867" y="1687" width="53" height="50" />
        <cmp x="1916" y="1695" width="45" height="44" />
        <cmp x="1959" y="1705" width="47" height="34" />
        <cmp x="2006" y="1685" width="20" height="52" />
        <cmp x="2033" y="1699" width="42" height="43" />
      </word>
      <word id="l04-124-05-08" tag="CC" text="or">
        <cmp x="2121" y="1696" width="37" height="39" />
        <cmp x="2166" y="1699" width="14" height="39" />
        <cmp x="2185" y="1706" width="12" height="8" />
      </word>
      <upper-contour>
        <point x="342" y="1581" />
        <point x="2067" y="1581" />
      </upper-contour>
      <lower-contour>
        <point x="340" y="1752" />
        <point x="2173" y="1752" />
      </lower-contour>
    </line>
    <line ass="67" asx="0" asy="1856" character-width="999" dss="67" dsx="0" dsy="1952" fd0="14149" fd1="3259" fd2="-954" filter-width="4" id="l04-124-06" lbs="11" lbx="0" lby="1914" segmentation="ok" slant="117000" stroke-width="5779" threshold="170" text="by arrangement. Whichever way it was, that" ubs="179" ubx="0" uby="1885">
      <word id="l04-124-06-00" tag="IN" text="by">
        <cmp x="342" y="1856" width="94" height="72" />
      </word>
      <word id="l04-124-06-01" tag="NN" text="arrangement">
        <cmp x="555" y="1885" width="48" height="38" />
        <cmp x="596" y="1871" width="58" height="50" />
        <cmp x="659" y="1881" width="47" height="32" />
        <cmp x="704" y="1879" width="49" height="33" />
        <cmp x="739" y="1867" width="47" height="85" />
        <cmp x="784" y="1878" width="30" height="38" />
        <cmp x="817" y="1882" width="54" height="31" />
        <cmp x="868" y="1876" width="37" height="36" />
        <cmp x="901" y="1885" width="39" height="24" />
        <cmp x="940" y="1896" width="6" height="5" />
        <cmp x="941" y="1860" width="30" height="52" />
      </word>
      <word id="l04-124-06-02" tag="." text=".">
        <cmp x="997" y="1902" width="7" height="7" />
      </word>
      <word id="l04-124-06-03" sentence-start="yes" tag="WDT" text="Whichever">
        <cmp x="1031" y="1878" width="44" height="40" />
        <cmp x="1066" y="1886" width="30" height="27" />
        <cmp x="1078" y="1879" width="26" height="26" />
        <cmp x="1089" y="1860" width="67" height="56" />
        <cmp x="1149" y="1863" width="10" height="14" />
        <cmp x="1155" y="1886" width="18" height="24" />
        <cmp x="1182" y="1871" width="33" height="43" />
        <cmp x="1199" y="1856" width="73" height="59" />
        <cmp x="1215" y="1902" width="4" height="6" />
        <cmp x="1274" y="1880" width="28" height="37" />
        <cmp x="1303" y="1881" width="28" height="28" />
        <cmp x="1325" y="1873" width="13" height="27" />
        <cmp x="1339" y="1870" width="43" height="41" />
        <cmp x="1376" y="1877" width="42" height="36" />
      </word>
      <word id="l04-124-06-04" tag="NN" text="way">
        <cmp x="1460" y="1878" width="78" height="38" />
        <cmp x="1524" y="1874" width="17" height="27" />
        <cmp x="1539" y="1868" width="49" height="46" />
        <cmp x="1585" y="1858" width="43" height="76" />
      </word>
      <word id="l04-124-06-05" tag="PP3" text="it">
        <cmp x="1687" y="1865" width="25" height="47" />
        <cmp x="1720" y="1865" width="30" height="48" />
      </word>
      <word id="l04-124-06-06" tag="BEDZ" text="was">
        <cmp x="1811" y="1879" width="34" height="30" />
        <cmp x="1839" y="1883" width="29" height="25" />
        <cmp x="1856" y="1874" width="15" height="28" />
        <cmp x="1879" y="1871" width="40" height="37" />
        <cmp x="1925" y="1872" width="25" height="43" />
      </word>
      <word id="l04-124-06-07" tag="," text=",">
        <cmp x="1992" y="1908" width="5" height="20" />
      </word>
      <word id="l04-124-06-08" tag="DT" text="that">
        <cmp x="2014" y="1862" width="38" height="58" />
        <cmp x="2052" y="1859" width="51" height="63" />
        <cmp x="2100" y="1877" width="41" height="45" />
        <cmp x="2144" y="1863" width="25" height="56" />
      </word>
      <upper-contour>
        <point x="340" y="1752" />
        <point x="2173" y="1752" />
      </upper-contour>
      <lower-contour>
        <point x="340" y="1952" />
        <point x="2173" y="1952" />
      </lower-contour>
    </line>
    <line ass="-205" asx="0" asy="2022" character-width="999" dss="-205" dsx="0" dsy="2145" fd0="13763" fd1="2649" fd2="-1054" filter-width="4" id="l04-124-07" lbs="-186" lbx="0" lby="2090" segmentation="ok" slant="114000" stroke-width="5728" threshold="172" text="person had a gun and he managed to persuade" ubs="-245" ubx="0" uby="2056">
      <word id="l04-124-07-00" tag="NN" text="person">
        <cmp x="324" y="2052" width="31" height="66" />
        <cmp x="364" y="2051" width="37" height="40" />
        <cmp x="402" y="2053" width="34" height="42" />
        <cmp x="440" y="2043" width="27" height="49" />
        <cmp x="473" y="2054" width="40" height="38" />
        <cmp x="515" y="2058" width="50" height="30" />
      </word>
      <word id="l04-124-07-01" tag="HVD" text="had">
        <cmp x="625" y="2031" width="68" height="63" />
        <cmp x="691" y="2056" width="34" height="36" />
        <cmp x="727" y="2037" width="35" height="57" />
      </word>
      <word id="l04-124-07-02" tag="AT" text="a">
        <cmp x="839" y="2052" width="46" height="39" />
      </word>
      <word id="l04-124-07-03" tag="NN" text="gun">
        <cmp x="954" y="2055" width="97" height="79" />
        <cmp x="1039" y="2058" width="51" height="32" />
      </word>
      <word id="l04-124-07-04" tag="CC" text="and">
        <cmp x="1132" y="2047" width="47" height="41" />
        <cmp x="1175" y="2068" width="24" height="25" />
        <cmp x="1194" y="2045" width="61" height="55" />
      </word>
      <word id="l04-124-07-05" tag="PP3A" text="he">
        <cmp x="1301" y="2039" width="59" height="63" />
        <cmp x="1359" y="2057" width="40" height="41" />
      </word>
      <word id="l04-124-07-06" tag="VBD" text="managed">
        <cmp x="1452" y="2066" width="77" height="31" />
        <cmp x="1521" y="2057" width="50" height="41" />
        <cmp x="1560" y="2066" width="42" height="30" />
        <cmp x="1596" y="2056" width="50" height="41" />
        <cmp x="1610" y="2056" width="72" height="96" />
        <cmp x="1675" y="2030" width="80" height="67" />
        <cmp x="1719" y="2068" width="26" height="26" />
      </word>
      <word id="l04-124-07-07" tag="TO" text="to">
        <cmp x="1809" y="2077" width="9" height="9" />
        <cmp x="1825" y="2052" width="83" height="50" />
        <cmp x="1873" y="2058" width="38" height="30" />
      </word>
      <word id="l04-124-07-08" tag="VB" text="persuade">
        <cmp x="1956" y="2051" width="30" height="64" />
        <cmp x="1994" y="2059" width="30" height="41" />
        <cmp x="2022" y="2057" width="31" height="40" />
        <cmp x="2050" y="2054" width="28" height="45" />
        <cmp x="2080" y="2063" width="40" height="33" />
        <cmp x="2125" y="2060" width="47" height="36" />
        <cmp x="2169" y="2030" width="42" height="67" />
        <cmp x="2215" y="2063" width="43" height="40" />
      </word>
      <upper-contour>
        <point x="340" y="1952" />
        <point x="2173" y="1952" />
      </upper-contour>
      <lower-contour>
        <point x="353" y="2152" />
        <point x="2122" y="2152" />
      </lower-contour>
    </line>
    <line ass="-107" asx="0" asy="2210" character-width="999" dss="-107" dsx="0" dsy="2341" fd0="14094" fd1="3280" fd2="-617" filter-width="3" id="l04-124-08" lbs="-85" lbx="0" lby="2274" segmentation="ok" slant="112000" stroke-width="5616" threshold="173" text="Father to drive along that quiet stretch of" ubs="-151" ubx="0" uby="2236">
      <word id="l04-124-08-00" tag="NPT" text="Father">
        <cmp x="355" y="2212" width="32" height="66" />
        <cmp x="404" y="2242" width="39" height="37" />
        <cmp x="450" y="2229" width="32" height="49" />
        <cmp x="477" y="2229" width="46" height="46" />
        <cmp x="520" y="2241" width="24" height="36" />
        <cmp x="552" y="2242" width="36" height="35" />
      </word>
      <word id="l04-124-08-01" tag="TO" text="to">
        <cmp x="671" y="2229" width="101" height="51" />
      </word>
      <word id="l04-124-08-02" tag="VB" text="drive">
        <cmp x="828" y="2214" width="41" height="60" />
        <cmp x="869" y="2230" width="28" height="44" />
        <cmp x="897" y="2225" width="7" height="8" />
        <cmp x="906" y="2245" width="12" height="22" />
        <cmp x="922" y="2237" width="31" height="36" />
        <cmp x="963" y="2237" width="40" height="42" />
      </word>
      <word id="l04-124-08-03" tag="IN" text="along">
        <cmp x="1062" y="2237" width="40" height="40" />
        <cmp x="1101" y="2214" width="32" height="67" />
        <cmp x="1128" y="2244" width="36" height="36" />
        <cmp x="1163" y="2242" width="46" height="31" />
        <cmp x="1194" y="2234" width="53" height="111" />
      </word>
      <word id="l04-124-08-04" tag="DT" text="that">
        <cmp x="1297" y="2223" width="47" height="56" />
        <cmp x="1343" y="2226" width="84" height="59" />
        <cmp x="1426" y="2235" width="28" height="50" />
      </word>
      <word id="l04-124-08-05" tag="JJ" text="quiet">
        <cmp x="1528" y="2234" width="71" height="68" />
        <cmp x="1595" y="2241" width="17" height="32" />
        <cmp x="1613" y="2241" width="14" height="27" />
        <cmp x="1617" y="2217" width="8" height="12" />
        <cmp x="1641" y="2223" width="32" height="54" />
      </word>
      <word id="l04-124-08-06" tag="NN" text="stretch">
        <cmp x="1726" y="2237" width="41" height="44" />
        <cmp x="1761" y="2256" width="7" height="5" />
        <cmp x="1766" y="2230" width="32" height="51" />
        <cmp x="1794" y="2234" width="81" height="48" />
        <cmp x="1866" y="2258" width="3" height="4" />
        <cmp x="1877" y="2228" width="42" height="51" />
        <cmp x="1923" y="2232" width="30" height="45" />
        <cmp x="1949" y="2231" width="39" height="53" />
      </word>
      <word id="l04-124-08-07" tag="INO" text="of">
        <cmp x="2026" y="2236" width="43" height="39" />
        <cmp x="2083" y="2216" width="38" height="59" />
      </word>
      <upper-contour>
        <point x="353" y="2152" />
        <point x="2122" y="2152" />
      </upper-contour>
      <lower-contour>
        <point x="364" y="2278" />
        <point x="699" y="2278" />
      </lower-contour>
    </line>
    <line ass="2139" asx="0" asy="2397" character-width="999" dss="2139" dsx="0" dsy="2475" fd0="15224" fd1="3968" fd2="1049" filter-width="3" id="l04-124-09" lbs="3461" lbx="0" lby="2482" segmentation="ok" slant="116000" stroke-width="5601" threshold="172" text="road....&apos;" ubs="-503" ubx="0" uby="2429">
      <word id="l04-124-09-00" tag="NN" text="road">
        <cmp x="366" y="2408" width="32" height="52" />
        <cmp x="407" y="2414" width="37" height="44" />
        <cmp x="452" y="2418" width="47" height="42" />
        <cmp x="495" y="2396" width="33" height="60" />
      </word>
      <word id="l04-124-09-01" tag="..." text="...">
        <cmp x="561" y="2437" width="15" height="10" />
        <cmp x="598" y="2437" width="11" height="9" />
        <cmp x="626" y="2435" width="12" height="9" />
      </word>
      <word id="l04-124-09-02" tag="." text=".">
        <cmp x="657" y="2435" width="12" height="10" />
      </word>
      <word id="l04-124-09-03" tag="**&apos;" text="&apos;">
        <cmp x="679" y="2373" width="19" height="24" />
      </word>
      <upper-contour>
        <point x="364" y="2278" />
        <point x="699" y="2278" />
      </upper-contour>
    </line>
  </handwritten-part>
</form>

