<?xml version="1.0" encoding="ISO-8859-1"?>

<!DOCTYPE form SYSTEM 'http://www.iam.unibe.ch/~fki/iamdb/form-metadata.dtd'>

<form created="2002-01-25" height="3542" id="l04-093" last-modified="2002-07-17" skew="30" status="final" version="3.0_beta" width="2479" writer-id="486">
  <machine-printed-part>
    <machine-print-line text="He lifted out the heavy bundles of notes and knelt on the floor to count them. Of" />
    <machine-print-line text="course, he remembered being in a great hurry to get that fifty pounds for Kitty!" />
    <machine-print-line text="Obviously he had been careless in replacing the panel, but the possibility of anyone" />
    <machine-print-line text="having discovered his hiding-place gave him something of a shock. As he replaced the" />
    <machine-print-line text="bundles of notes, he withdrew the tin box from its hiding-place and locked it inside" />
    <machine-print-line text="the cupboard." />
  </machine-printed-part>
  <handwritten-part>
    <line ass="534" asx="0" asy="774" character-width="999" dss="534" dsx="0" dsy="877" fd0="13448" fd1="3030" fd2="-498" filter-width="3" id="l04-093-00" lbs="551" lbx="0" lby="841" segmentation="ok" slant="104000" stroke-width="4965" threshold="176" text="He lifted out the heavy bundles of notes and knelt on the floor" ubs="499" ubx="0" uby="815">
      <word id="l04-093-00-00" sentence-start="yes" tag="PP3A" text="He">
        <cmp x="353" y="772" width="45" height="62" />
        <cmp x="403" y="806" width="36" height="33" />
      </word>
      <word id="l04-093-00-01" tag="VBD" text="lifted">
        <cmp x="513" y="785" width="16" height="51" />
        <cmp x="534" y="797" width="6" height="6" />
        <cmp x="541" y="816" width="8" height="14" />
        <cmp x="558" y="790" width="28" height="41" />
        <cmp x="590" y="782" width="22" height="48" />
        <cmp x="617" y="803" width="30" height="33" />
        <cmp x="624" y="810" width="13" height="9" />
        <cmp x="654" y="772" width="26" height="65" />
      </word>
      <word id="l04-093-00-02" tag="RP" text="out">
        <cmp x="739" y="816" width="23" height="22" />
        <cmp x="766" y="817" width="35" height="21" />
        <cmp x="796" y="786" width="22" height="50" />
      </word>
      <word id="l04-093-00-03" tag="ATI" text="the">
        <cmp x="877" y="796" width="20" height="34" />
        <cmp x="886" y="792" width="4" height="3" />
        <cmp x="901" y="785" width="32" height="44" />
        <cmp x="940" y="804" width="33" height="32" />
        <cmp x="969" y="823" width="3" height="3" />
      </word>
      <word id="l04-093-00-04" tag="JJ" text="heavy">
        <cmp x="1009" y="788" width="31" height="46" />
        <cmp x="1048" y="807" width="23" height="28" />
        <cmp x="1074" y="813" width="31" height="24" />
        <cmp x="1103" y="807" width="18" height="27" />
        <cmp x="1128" y="812" width="34" height="55" />
      </word>
      <word id="l04-093-00-05" tag="NNS" text="bundles">
        <cmp x="1202" y="791" width="27" height="43" />
        <cmp x="1235" y="813" width="25" height="22" />
        <cmp x="1269" y="812" width="27" height="17" />
        <cmp x="1305" y="779" width="28" height="56" />
        <cmp x="1336" y="784" width="16" height="44" />
        <cmp x="1358" y="805" width="54" height="32" />
      </word>
      <word id="l04-093-00-06" tag="INO" text="of">
        <cmp x="1447" y="790" width="43" height="43" />
      </word>
      <word id="l04-093-00-07" tag="NNS" text="notes">
        <cmp x="1515" y="812" width="27" height="18" />
        <cmp x="1547" y="787" width="41" height="44" />
        <cmp x="1589" y="804" width="57" height="26" />
      </word>
      <word id="l04-093-00-08" tag="CC" text="and">
        <cmp x="1683" y="810" width="29" height="21" />
        <cmp x="1711" y="811" width="20" height="17" />
        <cmp x="1735" y="779" width="23" height="49" />
      </word>
      <word id="l04-093-00-09" tag="VBD" text="knelt">
        <cmp x="1786" y="785" width="35" height="37" />
        <cmp x="1821" y="808" width="24" height="23" />
        <cmp x="1847" y="803" width="26" height="27" />
        <cmp x="1874" y="789" width="4" height="5" />
        <cmp x="1876" y="795" width="6" height="25" />
        <cmp x="1889" y="780" width="15" height="43" />
      </word>
      <word id="l04-093-00-10" tag="IN" text="on">
        <cmp x="1939" y="801" width="48" height="22" />
      </word>
      <word id="l04-093-00-11" tag="ATI" text="the">
        <cmp x="2013" y="785" width="22" height="30" />
        <cmp x="2039" y="782" width="26" height="37" />
        <cmp x="2068" y="795" width="31" height="28" />
      </word>
      <word id="l04-093-00-12" tag="NN" text="floor">
        <cmp x="2132" y="774" width="34" height="16" />
        <cmp x="2133" y="792" width="19" height="23" />
        <cmp x="2174" y="778" width="8" height="32" />
        <cmp x="2192" y="796" width="20" height="19" />
        <cmp x="2213" y="798" width="23" height="18" />
        <cmp x="2243" y="794" width="22" height="24" />
      </word>
      <lower-contour>
        <point x="368" y="867" />
        <point x="2212" y="867" />
      </lower-contour>
    </line>
    <line ass="584" asx="0" asy="969" character-width="999" dss="584" dsx="0" dsy="1059" fd0="13411" fd1="3703" fd2="-437" filter-width="3" id="l04-093-01" lbs="612" lbx="0" lby="1025" segmentation="err" slant="102000" stroke-width="4847" threshold="180" text="to count them. Of course, he remembered being in a great hurry to get" ubs="530" ubx="0" uby="1001">
      <word id="l04-093-01-00" tag="TO" text="to">
        <cmp x="370" y="971" width="19" height="39" />
        <cmp x="392" y="995" width="27" height="22" />
      </word>
      <word id="l04-093-01-01" tag="VB" text="count">
        <cmp x="461" y="991" width="28" height="31" />
        <cmp x="490" y="996" width="46" height="25" />
        <cmp x="544" y="984" width="45" height="41" />
      </word>
      <word id="l04-093-01-02" tag="PP3OS" text="them">
        <cmp x="627" y="977" width="18" height="40" />
        <cmp x="648" y="975" width="35" height="45" />
        <cmp x="682" y="994" width="24" height="26" />
        <cmp x="706" y="997" width="41" height="23" />
      </word>
      <word id="l04-093-01-03" tag="." text=".">
        <cmp x="758" y="1013" width="5" height="5" />
      </word>
      <word id="l04-093-01-04" sentence-start="yes" tag="RB21" text="Of">
        <cmp x="783" y="981" width="33" height="32" />
        <cmp x="811" y="972" width="22" height="40" />
      </word>
      <word id="l04-093-01-05" tag="RB22" text="course">
        <cmp x="878" y="992" width="18" height="20" />
        <cmp x="897" y="990" width="24" height="26" />
        <cmp x="926" y="995" width="22" height="19" />
        <cmp x="955" y="989" width="38" height="25" />
        <cmp x="998" y="988" width="30" height="27" />
        <cmp x="1024" y="1024" width="7" height="12" />
      </word>
      <word id="l04-093-01-06" tag="," text=",">
        <cmp x="1054" y="974" width="32" height="45" />
      </word>
      <word id="l04-093-01-07" tag="PP3A" text="he">
        <cmp x="1087" y="992" width="28" height="25" />
      </word>
      <word id="l04-093-01-08" tag="VBD" text="remembered">
        <cmp x="1144" y="990" width="12" height="23" />
        <cmp x="1165" y="992" width="26" height="24" />
        <cmp x="1189" y="996" width="35" height="20" />
        <cmp x="1225" y="991" width="26" height="26" />
        <cmp x="1247" y="995" width="39" height="23" />
        <cmp x="1286" y="971" width="28" height="42" />
        <cmp x="1317" y="986" width="24" height="27" />
        <cmp x="1347" y="984" width="17" height="22" />
        <cmp x="1362" y="957" width="47" height="56" />
      </word>
      <word id="l04-093-01-09" tag="BEG" text="being">
        <cmp x="1449" y="971" width="37" height="39" />
        <cmp x="1492" y="987" width="27" height="24" />
        <cmp x="1520" y="977" width="8" height="7" />
        <cmp x="1523" y="995" width="7" height="14" />
        <cmp x="1535" y="992" width="25" height="21" />
        <cmp x="1568" y="988" width="28" height="55" />
      </word>
      <word id="l04-093-01-10" tag="IN" text="in">
        <cmp x="1622" y="985" width="6" height="6" />
        <cmp x="1625" y="994" width="10" height="19" />
        <cmp x="1638" y="992" width="30" height="18" />
      </word>
      <word id="l04-093-01-11" tag="AT" text="a">
        <cmp x="1696" y="989" width="31" height="23" />
      </word>
      <word id="l04-093-01-12" tag="JJ" text="great">
        <cmp x="1752" y="989" width="33" height="50" />
        <cmp x="1784" y="988" width="77" height="24" />
        <cmp x="1859" y="963" width="21" height="43" />
      </word>
      <word id="l04-093-01-13" tag="NN" text="hurry">
        <cmp x="1899" y="958" width="24" height="46" />
        <cmp x="1929" y="986" width="23" height="19" />
        <cmp x="1959" y="982" width="14" height="22" />
        <cmp x="1975" y="981" width="16" height="20" />
        <cmp x="1994" y="980" width="23" height="54" />
      </word>
      <word id="l04-093-01-14" tag="TO" text="to">
        <cmp x="2054" y="957" width="21" height="38" />
        <cmp x="2076" y="977" width="22" height="20" />
      </word>
      <word id="l04-093-01-15" tag="VB" text="get">
        <cmp x="2130" y="980" width="36" height="50" />
        <cmp x="2161" y="983" width="31" height="24" />
        <cmp x="2186" y="963" width="25" height="40" />
      </word>
      <upper-contour>
        <point x="368" y="867" />
        <point x="2212" y="867" />
      </upper-contour>
      <lower-contour>
        <point x="368" y="1043" />
        <point x="2174" y="1043" />
      </lower-contour>
    </line>
    <line ass="444" asx="0" asy="1132" character-width="999" dss="444" dsx="0" dsy="1242" fd0="13461" fd1="3228" fd2="-491" filter-width="3" id="l04-093-02" lbs="422" lbx="0" lby="1199" segmentation="ok" slant="102000" stroke-width="4922" threshold="176" text="that fifty pounds for Kitty! Obviously he had been careless in" ubs="489" ubx="0" uby="1177">
      <word id="l04-093-02-00" tag="DT" text="that">
        <cmp x="360" y="1154" width="27" height="43" />
        <cmp x="383" y="1154" width="27" height="35" />
        <cmp x="415" y="1172" width="31" height="27" />
        <cmp x="440" y="1150" width="16" height="48" />
      </word>
      <word id="l04-093-02-01" tag="CD" text="fifty">
        <cmp x="489" y="1158" width="26" height="37" />
        <cmp x="520" y="1165" width="4" height="5" />
        <cmp x="524" y="1182" width="5" height="7" />
        <cmp x="539" y="1158" width="23" height="39" />
        <cmp x="570" y="1149" width="3" height="3" />
        <cmp x="570" y="1153" width="18" height="42" />
        <cmp x="590" y="1173" width="28" height="59" />
      </word>
      <word id="l04-093-02-02" tag="NNS" text="pounds">
        <cmp x="665" y="1177" width="21" height="36" />
        <cmp x="692" y="1176" width="18" height="23" />
        <cmp x="714" y="1181" width="43" height="22" />
        <cmp x="767" y="1187" width="22" height="15" />
        <cmp x="791" y="1146" width="24" height="60" />
        <cmp x="817" y="1173" width="32" height="28" />
      </word>
      <word id="l04-093-02-03" tag="IN" text="for">
        <cmp x="877" y="1153" width="26" height="39" />
        <cmp x="903" y="1170" width="35" height="26" />
      </word>
      <word id="l04-093-02-04" tag="NP" text="Kitty">
        <cmp x="980" y="1145" width="32" height="39" />
        <cmp x="1018" y="1151" width="4" height="6" />
        <cmp x="1018" y="1168" width="5" height="12" />
        <cmp x="1035" y="1135" width="22" height="40" />
        <cmp x="1060" y="1124" width="16" height="47" />
        <cmp x="1079" y="1155" width="25" height="58" />
      </word>
      <word id="l04-093-02-05" tag="!" text="!">
        <cmp x="1118" y="1126" width="9" height="27" />
        <cmp x="1129" y="1181" width="5" height="4" />
      </word>
      <word id="l04-093-02-06" sentence-start="yes" tag="RB" text="Obviously">
        <cmp x="1194" y="1149" width="33" height="39" />
        <cmp x="1233" y="1143" width="9" height="39" />
        <cmp x="1243" y="1160" width="20" height="26" />
        <cmp x="1269" y="1161" width="17" height="26" />
        <cmp x="1295" y="1175" width="4" height="12" />
        <cmp x="1307" y="1172" width="17" height="21" />
        <cmp x="1328" y="1175" width="25" height="17" />
        <cmp x="1360" y="1169" width="20" height="24" />
        <cmp x="1390" y="1142" width="7" height="54" />
        <cmp x="1403" y="1170" width="22" height="62" />
      </word>
      <word id="l04-093-02-07" tag="PP3A" text="he">
        <cmp x="1461" y="1144" width="31" height="46" />
        <cmp x="1497" y="1166" width="36" height="26" />
      </word>
      <word id="l04-093-02-08" tag="HVD" text="had">
        <cmp x="1561" y="1146" width="33" height="43" />
        <cmp x="1599" y="1166" width="31" height="25" />
        <cmp x="1629" y="1142" width="25" height="49" />
      </word>
      <word id="l04-093-02-09" tag="BEN" text="been">
        <cmp x="1700" y="1142" width="61" height="45" />
        <cmp x="1759" y="1160" width="26" height="24" />
        <cmp x="1771" y="1160" width="4" height="4" />
        <cmp x="1784" y="1162" width="29" height="26" />
      </word>
      <word id="l04-093-02-10" tag="JJ" text="careless">
        <cmp x="1870" y="1157" width="27" height="27" />
        <cmp x="1893" y="1158" width="31" height="25" />
        <cmp x="1934" y="1159" width="14" height="19" />
        <cmp x="1954" y="1158" width="26" height="24" />
        <cmp x="1985" y="1123" width="10" height="57" />
        <cmp x="2003" y="1157" width="25" height="28" />
        <cmp x="2029" y="1159" width="23" height="25" />
        <cmp x="2058" y="1157" width="23" height="30" />
      </word>
      <word id="l04-093-02-11" tag="IN" text="in">
        <cmp x="2122" y="1167" width="8" height="16" />
        <cmp x="2135" y="1166" width="38" height="24" />
      </word>
      <upper-contour>
        <point x="368" y="1043" />
        <point x="2174" y="1043" />
      </upper-contour>
      <lower-contour>
        <point x="360" y="1232" />
        <point x="2058" y="1232" />
      </lower-contour>
    </line>
    <line ass="732" asx="0" asy="1324" character-width="999" dss="732" dsx="0" dsy="1430" fd0="13769" fd1="3322" fd2="-494" filter-width="3" id="l04-093-03" lbs="687" lbx="0" lby="1386" segmentation="ok" slant="103000" stroke-width="5038" threshold="174" text="replacing the panel, but the possibility of anyone having" ubs="822" ubx="0" uby="1365">
      <word id="l04-093-03-00" tag="VBG" text="replacing">
        <cmp x="362" y="1354" width="13" height="24" />
        <cmp x="386" y="1356" width="31" height="32" />
        <cmp x="419" y="1357" width="25" height="39" />
        <cmp x="445" y="1339" width="12" height="40" />
        <cmp x="465" y="1364" width="27" height="26" />
        <cmp x="502" y="1364" width="23" height="21" />
        <cmp x="521" y="1349" width="4" height="5" />
        <cmp x="526" y="1364" width="7" height="16" />
        <cmp x="536" y="1363" width="24" height="19" />
        <cmp x="563" y="1360" width="29" height="56" />
      </word>
      <word id="l04-093-03-01" tag="ATI" text="the">
        <cmp x="643" y="1332" width="23" height="48" />
        <cmp x="664" y="1335" width="30" height="44" />
        <cmp x="702" y="1350" width="28" height="30" />
      </word>
      <word id="l04-093-03-02" tag="NN" text="panel">
        <cmp x="792" y="1353" width="24" height="37" />
        <cmp x="821" y="1356" width="30" height="21" />
        <cmp x="852" y="1353" width="26" height="24" />
        <cmp x="881" y="1348" width="27" height="29" />
      </word>
      <word id="l04-093-03-03" tag="," text=",">
        <cmp x="919" y="1318" width="3" height="5" />
        <cmp x="919" y="1324" width="9" height="41" />
        <cmp x="943" y="1378" width="9" height="12" />
      </word>
      <word id="l04-093-03-04" tag="CC" text="but">
        <cmp x="985" y="1331" width="30" height="48" />
        <cmp x="1014" y="1355" width="28" height="21" />
        <cmp x="1044" y="1333" width="26" height="40" />
      </word>
      <word id="l04-093-03-05" tag="ATI" text="the">
        <cmp x="1109" y="1328" width="23" height="41" />
        <cmp x="1134" y="1335" width="28" height="36" />
        <cmp x="1169" y="1347" width="32" height="28" />
      </word>
      <word id="l04-093-03-06" tag="NN" text="possibility">
        <cmp x="1248" y="1348" width="53" height="37" />
        <cmp x="1302" y="1346" width="23" height="22" />
        <cmp x="1326" y="1344" width="23" height="24" />
        <cmp x="1353" y="1347" width="9" height="19" />
        <cmp x="1368" y="1323" width="31" height="43" />
        <cmp x="1396" y="1333" width="5" height="10" />
        <cmp x="1403" y="1348" width="6" height="16" />
        <cmp x="1424" y="1316" width="7" height="45" />
        <cmp x="1437" y="1331" width="3" height="3" />
        <cmp x="1439" y="1347" width="7" height="18" />
        <cmp x="1451" y="1307" width="22" height="61" />
        <cmp x="1475" y="1338" width="27" height="67" />
      </word>
      <word id="l04-093-03-07" tag="INO" text="of">
        <cmp x="1547" y="1348" width="27" height="23" />
        <cmp x="1575" y="1319" width="28" height="45" />
      </word>
      <word id="l04-093-03-08" tag="PN" text="anyone">
        <cmp x="1635" y="1340" width="29" height="26" />
        <cmp x="1663" y="1340" width="28" height="21" />
        <cmp x="1692" y="1341" width="34" height="68" />
        <cmp x="1723" y="1346" width="24" height="21" />
        <cmp x="1750" y="1346" width="30" height="21" />
        <cmp x="1783" y="1345" width="29" height="28" />
      </word>
      <word id="l04-093-03-09" tag="HVG" text="having">
        <cmp x="1865" y="1320" width="37" height="45" />
        <cmp x="1906" y="1339" width="41" height="23" />
        <cmp x="1938" y="1339" width="26" height="23" />
        <cmp x="1971" y="1345" width="9" height="16" />
        <cmp x="1985" y="1341" width="32" height="20" />
        <cmp x="2021" y="1340" width="36" height="53" />
      </word>
      <upper-contour>
        <point x="360" y="1232" />
        <point x="2058" y="1232" />
      </upper-contour>
      <lower-contour>
        <point x="370" y="1416" />
        <point x="2058" y="1416" />
      </lower-contour>
    </line>
    <line ass="697" asx="0" asy="1508" character-width="999" dss="697" dsx="0" dsy="1606" fd0="14094" fd1="3040" fd2="-941" filter-width="3" id="l04-093-04" lbs="685" lbx="0" lby="1566" segmentation="ok" slant="107000" stroke-width="4988" threshold="176" text="discovered his hiding-place gave him something of a shock." ubs="720" ubx="0" uby="1544">
      <word id="l04-093-04-00" tag="VBN" text="discovered">
        <cmp x="372" y="1508" width="28" height="56" />
        <cmp x="408" y="1542" width="6" height="15" />
        <cmp x="424" y="1531" width="25" height="29" />
        <cmp x="456" y="1539" width="27" height="25" />
        <cmp x="483" y="1538" width="45" height="26" />
        <cmp x="531" y="1538" width="31" height="28" />
        <cmp x="561" y="1537" width="16" height="26" />
        <cmp x="578" y="1514" width="54" height="50" />
      </word>
      <word id="l04-093-04-01" tag="PP$" text="his">
        <cmp x="676" y="1511" width="37" height="46" />
        <cmp x="715" y="1527" width="5" height="10" />
        <cmp x="719" y="1540" width="7" height="12" />
        <cmp x="733" y="1531" width="32" height="28" />
      </word>
      <word id="l04-093-04-02" tag="NN" text="hiding-place">
        <cmp x="798" y="1518" width="41" height="40" />
        <cmp x="836" y="1527" width="4" height="9" />
        <cmp x="839" y="1537" width="9" height="13" />
        <cmp x="857" y="1499" width="26" height="58" />
        <cmp x="888" y="1536" width="7" height="17" />
        <cmp x="897" y="1534" width="29" height="19" />
        <cmp x="926" y="1532" width="47" height="60" />
        <cmp x="971" y="1547" width="21" height="6" />
        <cmp x="1018" y="1532" width="25" height="31" />
        <cmp x="1039" y="1511" width="13" height="40" />
        <cmp x="1056" y="1528" width="28" height="27" />
        <cmp x="1089" y="1530" width="19" height="29" />
        <cmp x="1110" y="1533" width="35" height="27" />
      </word>
      <word id="l04-093-04-03" tag="VBD" text="gave">
        <cmp x="1177" y="1528" width="37" height="56" />
        <cmp x="1210" y="1525" width="34" height="26" />
        <cmp x="1243" y="1527" width="21" height="25" />
        <cmp x="1265" y="1528" width="37" height="24" />
      </word>
      <word id="l04-093-04-04" tag="PP3O" text="him">
        <cmp x="1320" y="1515" width="39" height="32" />
        <cmp x="1361" y="1513" width="7" height="6" />
        <cmp x="1367" y="1530" width="9" height="15" />
        <cmp x="1376" y="1523" width="58" height="27" />
      </word>
      <word id="l04-093-04-05" tag="PN" text="something">
        <cmp x="1474" y="1517" width="32" height="36" />
        <cmp x="1507" y="1528" width="26" height="19" />
        <cmp x="1537" y="1526" width="42" height="22" />
        <cmp x="1585" y="1528" width="33" height="24" />
        <cmp x="1608" y="1502" width="21" height="49" />
        <cmp x="1624" y="1504" width="40" height="42" />
        <cmp x="1666" y="1530" width="11" height="17" />
        <cmp x="1679" y="1527" width="21" height="19" />
        <cmp x="1704" y="1527" width="31" height="59" />
      </word>
      <word id="l04-093-04-06" tag="INO" text="of">
        <cmp x="1770" y="1517" width="29" height="24" />
        <cmp x="1802" y="1502" width="30" height="40" />
      </word>
      <word id="l04-093-04-07" tag="AT" text="a">
        <cmp x="1854" y="1521" width="26" height="21" />
      </word>
      <word id="l04-093-04-08" tag="NN" text="shock">
        <cmp x="1920" y="1522" width="31" height="25" />
        <cmp x="1943" y="1499" width="13" height="43" />
        <cmp x="1967" y="1521" width="30" height="20" />
        <cmp x="2000" y="1509" width="66" height="38" />
      </word>
      <word id="l04-093-04-09" tag="." text=".">
        <cmp x="2087" y="1547" width="6" height="5" />
      </word>
      <upper-contour>
        <point x="370" y="1416" />
        <point x="2058" y="1416" />
      </upper-contour>
      <lower-contour>
        <point x="373" y="1592" />
        <point x="2093" y="1592" />
      </lower-contour>
    </line>
    <line ass="679" asx="0" asy="1681" character-width="999" dss="679" dsx="0" dsy="1768" fd0="13578" fd1="3057" fd2="-724" filter-width="3" id="l04-093-05" lbs="688" lbx="0" lby="1744" segmentation="err" slant="105000" stroke-width="5222" threshold="170" text="As he replaced the bundles of notes, he withdrew the tin" ubs="663" ubx="0" uby="1715">
      <word id="l04-093-05-00" sentence-start="yes" tag="CS" text="As">
        <cmp x="375" y="1677" width="29" height="54" />
        <cmp x="412" y="1700" width="36" height="32" />
      </word>
      <word id="l04-093-05-01" tag="PP3A" text="he">
        <cmp x="482" y="1678" width="41" height="52" />
        <cmp x="526" y="1709" width="33" height="29" />
      </word>
      <word id="l04-093-05-02" tag="VBD" text="replaced">
        <cmp x="594" y="1716" width="20" height="28" />
        <cmp x="625" y="1718" width="35" height="28" />
        <cmp x="660" y="1712" width="25" height="41" />
        <cmp x="681" y="1696" width="14" height="39" />
        <cmp x="703" y="1714" width="31" height="28" />
        <cmp x="738" y="1716" width="22" height="26" />
        <cmp x="761" y="1712" width="32" height="28" />
        <cmp x="788" y="1686" width="28" height="52" />
      </word>
      <word id="l04-093-05-03" tag="ATI" text="the">
        <cmp x="851" y="1679" width="28" height="54" />
        <cmp x="881" y="1686" width="30" height="46" />
        <cmp x="914" y="1704" width="33" height="30" />
      </word>
      <word id="l04-093-05-04" tag="NNS" text="bundles">
        <cmp x="968" y="1685" width="5" height="6" />
        <cmp x="971" y="1691" width="36" height="41" />
        <cmp x="1010" y="1706" width="26" height="22" />
        <cmp x="1042" y="1706" width="25" height="22" />
        <cmp x="1074" y="1678" width="25" height="48" />
        <cmp x="1099" y="1676" width="20" height="52" />
        <cmp x="1128" y="1702" width="54" height="33" />
      </word>
      <word id="l04-093-05-05" tag="INO" text="of">
        <cmp x="1220" y="1707" width="27" height="23" />
        <cmp x="1249" y="1679" width="28" height="49" />
      </word>
      <word id="l04-093-05-06" tag="NNS" text="notes">
        <cmp x="1310" y="1705" width="33" height="22" />
        <cmp x="1346" y="1676" width="46" height="55" />
        <cmp x="1393" y="1697" width="52" height="31" />
        <cmp x="1442" y="1736" width="12" height="15" />
      </word>
      <word id="l04-093-05-07" tag="," text=",">
        <cmp x="1470" y="1684" width="42" height="45" />
      </word>
      <word id="l04-093-05-08" tag="PP3A" text="he">
        <cmp x="1514" y="1701" width="38" height="28" />
      </word>
      <word id="l04-093-05-09" tag="VBD" text="withdrew">
        <cmp x="1589" y="1699" width="35" height="30" />
        <cmp x="1628" y="1694" width="4" height="4" />
        <cmp x="1633" y="1707" width="9" height="18" />
        <cmp x="1649" y="1685" width="16" height="42" />
        <cmp x="1670" y="1690" width="31" height="41" />
        <cmp x="1710" y="1671" width="26" height="61" />
        <cmp x="1746" y="1700" width="15" height="26" />
        <cmp x="1762" y="1701" width="32" height="28" />
        <cmp x="1792" y="1689" width="39" height="36" />
      </word>
      <word id="l04-093-05-10" tag="ATI" text="the">
        <cmp x="1884" y="1680" width="23" height="44" />
        <cmp x="1909" y="1682" width="33" height="36" />
        <cmp x="1950" y="1690" width="38" height="31" />
      </word>
      <word id="l04-093-05-11" tag="NN" text="tin">
        <cmp x="2026" y="1671" width="23" height="39" />
        <cmp x="2058" y="1674" width="3" height="6" />
        <cmp x="2060" y="1692" width="11" height="17" />
        <cmp x="2078" y="1691" width="31" height="25" />
      </word>
      <upper-contour>
        <point x="373" y="1592" />
        <point x="2093" y="1592" />
      </upper-contour>
      <lower-contour>
        <point x="377" y="1753" />
        <point x="2005" y="1753" />
      </lower-contour>
    </line>
    <line ass="606" asx="0" asy="1866" character-width="999" dss="606" dsx="0" dsy="1953" fd0="13959" fd1="3089" fd2="-511" filter-width="3" id="l04-093-06" lbs="594" lbx="0" lby="1922" segmentation="ok" slant="108999" stroke-width="5306" threshold="172" text="box from its hiding-place and locked it inside the" ubs="629" ubx="0" uby="1896">
      <word id="l04-093-06-00" tag="NN" text="box">
        <cmp x="379" y="1874" width="30" height="44" />
        <cmp x="412" y="1890" width="57" height="27" />
      </word>
      <word id="l04-093-06-01" tag="IN" text="from">
        <cmp x="509" y="1873" width="27" height="38" />
        <cmp x="537" y="1892" width="19" height="22" />
        <cmp x="561" y="1893" width="75" height="28" />
      </word>
      <word id="l04-093-06-02" tag="PP$" text="its">
        <cmp x="662" y="1878" width="7" height="7" />
        <cmp x="674" y="1894" width="8" height="21" />
        <cmp x="683" y="1863" width="29" height="49" />
        <cmp x="709" y="1889" width="23" height="32" />
      </word>
      <word id="l04-093-06-03" tag="NN" text="hiding-place">
        <cmp x="778" y="1872" width="35" height="39" />
        <cmp x="810" y="1880" width="6" height="8" />
        <cmp x="816" y="1894" width="8" height="15" />
        <cmp x="833" y="1858" width="29" height="54" />
        <cmp x="866" y="1891" width="15" height="18" />
        <cmp x="884" y="1885" width="34" height="25" />
        <cmp x="925" y="1880" width="38" height="64" />
        <cmp x="981" y="1901" width="19" height="6" />
        <cmp x="1023" y="1887" width="29" height="35" />
        <cmp x="1054" y="1869" width="15" height="34" />
        <cmp x="1074" y="1886" width="41" height="28" />
        <cmp x="1123" y="1884" width="25" height="30" />
        <cmp x="1147" y="1885" width="33" height="28" />
      </word>
      <word id="l04-093-06-04" tag="CC" text="and">
        <cmp x="1225" y="1891" width="34" height="23" />
        <cmp x="1258" y="1891" width="34" height="19" />
        <cmp x="1300" y="1857" width="22" height="55" />
      </word>
      <word id="l04-093-06-05" tag="VBD" text="locked">
        <cmp x="1367" y="1854" width="17" height="58" />
        <cmp x="1388" y="1891" width="32" height="25" />
        <cmp x="1431" y="1889" width="34" height="27" />
        <cmp x="1453" y="1871" width="69" height="40" />
        <cmp x="1519" y="1853" width="31" height="54" />
      </word>
      <word id="l04-093-06-06" tag="PP3" text="it">
        <cmp x="1582" y="1861" width="4" height="8" />
        <cmp x="1588" y="1885" width="12" height="19" />
        <cmp x="1601" y="1861" width="20" height="39" />
      </word>
      <word id="l04-093-06-07" tag="IN" text="inside">
        <cmp x="1663" y="1885" width="11" height="19" />
        <cmp x="1679" y="1886" width="33" height="22" />
        <cmp x="1714" y="1881" width="27" height="24" />
        <cmp x="1745" y="1870" width="4" height="7" />
        <cmp x="1748" y="1883" width="10" height="19" />
        <cmp x="1770" y="1855" width="35" height="52" />
        <cmp x="1809" y="1872" width="38" height="34" />
      </word>
      <word id="l04-093-06-08" tag="ATI" text="the">
        <cmp x="1898" y="1849" width="29" height="42" />
        <cmp x="1924" y="1851" width="34" height="43" />
        <cmp x="1959" y="1867" width="45" height="31" />
      </word>
      <upper-contour>
        <point x="377" y="1753" />
        <point x="2005" y="1753" />
      </upper-contour>
      <lower-contour>
        <point x="377" y="1923" />
        <point x="647" y="1923" />
      </lower-contour>
    </line>
    <line ass="306" asx="0" asy="2048" character-width="999" dss="306" dsx="0" dsy="2116" fd0="13610" fd1="2915" fd2="-1306" filter-width="3" id="l04-093-07" lbs="1164" lbx="0" lby="2113" segmentation="ok" slant="106000" stroke-width="5386" threshold="171" text="cupboard." ubs="-1410" ubx="0" uby="2065">
      <word id="l04-093-07-00" tag="NN" text="cupboard">
        <cmp x="367" y="2071" width="31" height="34" />
        <cmp x="389" y="2078" width="35" height="25" />
        <cmp x="434" y="2077" width="27" height="37" />
        <cmp x="459" y="2058" width="40" height="43" />
        <cmp x="503" y="2077" width="31" height="25" />
        <cmp x="532" y="2074" width="45" height="29" />
        <cmp x="574" y="2075" width="14" height="24" />
        <cmp x="599" y="2046" width="30" height="56" />
      </word>
      <word id="l04-093-07-01" tag="." text=".">
        <cmp x="640" y="2095" width="7" height="7" />
      </word>
      <upper-contour>
        <point x="377" y="1923" />
        <point x="647" y="1923" />
      </upper-contour>
    </line>
  </handwritten-part>
</form>

