<?xml version="1.0" encoding="ISO-8859-1"?>

<!DOCTYPE form SYSTEM 'http://www.iam.unibe.ch/~fki/iamdb/form-metadata.dtd'>

<form created="2002-01-25" height="3542" id="l04-026" last-modified="2002-07-24" skew="63" status="final" version="3.0_beta" width="2479" writer-id="481">
  <machine-printed-part>
    <machine-print-line text="&apos;Nice night&apos;, he remarked affably. &apos;But they forecast rain for tomorrow.&apos; &apos;Do they?&apos;" />
    <machine-print-line text="Bone glanced up at the sky, his thoughts elsewhere. Personally, he didn&apos;t care if it" />
    <machine-print-line text="rained cats and dogs and he knew that Harry didn&apos;t either. He waited, pulling on his" />
    <machine-print-line text="gloves and adjusting his hat. &apos;Look, Bob,&apos; Harry began, after a brief silence, &apos;I don&apos;t" />
    <machine-print-line text="mean to butt in, but if you take my advice you&apos;ll &apos;ave no more truck with &apos;er.&apos;" />
  </machine-printed-part>
  <handwritten-part>
    <line ass="-37" asx="0" asy="711" character-width="999" dss="-37" dsx="0" dsy="807" fd0="13429" fd1="3777" fd2="-728" filter-width="3" id="l04-026-00" lbs="-68" lbx="0" lby="784" segmentation="ok" slant="90000" stroke-width="5329" threshold="176" text="&apos;Nice night&apos;, he remarked affably. &apos;But they forecast rain" ubs="24" ubx="0" uby="756">
      <word id="l04-026-00-00" sentence-start="yes" tag="*&apos;" text="&apos;">
        <cmp x="376" y="713" width="7" height="12" />
      </word>
      <word id="l04-026-00-01" tag="JJ" text="Nice">
        <cmp x="392" y="731" width="42" height="57" />
        <cmp x="437" y="761" width="7" height="23" />
        <cmp x="442" y="746" width="4" height="9" />
        <cmp x="450" y="758" width="15" height="28" />
        <cmp x="471" y="760" width="21" height="28" />
      </word>
      <word id="l04-026-00-02" tag="NN" text="night">
        <cmp x="543" y="754" width="29" height="30" />
        <cmp x="578" y="760" width="6" height="19" />
        <cmp x="580" y="748" width="4" height="7" />
        <cmp x="588" y="757" width="24" height="48" />
        <cmp x="615" y="742" width="29" height="41" />
        <cmp x="644" y="739" width="18" height="43" />
      </word>
      <word id="l04-026-00-03" tag="**&apos;" text="&apos;">
        <cmp x="697" y="727" width="10" height="16" />
      </word>
      <word id="l04-026-00-04" tag="," text=",">
        <cmp x="705" y="784" width="20" height="20" />
      </word>
      <word id="l04-026-00-05" tag="PP3A" text="he">
        <cmp x="756" y="734" width="35" height="51" />
        <cmp x="801" y="754" width="22" height="29" />
      </word>
      <word id="l04-026-00-06" tag="VBD" text="remarked">
        <cmp x="869" y="750" width="45" height="30" />
        <cmp x="920" y="754" width="72" height="30" />
        <cmp x="995" y="755" width="26" height="29" />
        <cmp x="1026" y="741" width="25" height="41" />
        <cmp x="1052" y="751" width="23" height="34" />
        <cmp x="1073" y="725" width="27" height="57" />
      </word>
      <word id="l04-026-00-07" tag="RB" text="affably">
        <cmp x="1148" y="757" width="26" height="28" />
        <cmp x="1175" y="737" width="22" height="50" />
        <cmp x="1199" y="733" width="21" height="55" />
        <cmp x="1226" y="757" width="30" height="28" />
        <cmp x="1253" y="737" width="28" height="49" />
        <cmp x="1281" y="739" width="11" height="47" />
        <cmp x="1296" y="759" width="37" height="46" />
      </word>
      <word id="l04-026-00-08" tag="." text=".">
        <cmp x="1335" y="784" width="7" height="6" />
      </word>
      <word id="l04-026-00-09" sentence-start="yes" tag="*&apos;" text="&apos;">
        <cmp x="1379" y="726" width="8" height="20" />
      </word>
      <word id="l04-026-00-10" tag="CC" text="But">
        <cmp x="1408" y="733" width="36" height="58" />
        <cmp x="1450" y="758" width="29" height="28" />
        <cmp x="1479" y="738" width="22" height="46" />
      </word>
      <word id="l04-026-00-11" tag="PP3AS" text="they">
        <cmp x="1535" y="735" width="28" height="47" />
        <cmp x="1564" y="740" width="23" height="40" />
        <cmp x="1590" y="752" width="17" height="29" />
        <cmp x="1609" y="753" width="33" height="56" />
      </word>
      <word id="l04-026-00-12" tag="VB" text="forecast">
        <cmp x="1687" y="729" width="25" height="56" />
        <cmp x="1713" y="756" width="23" height="30" />
        <cmp x="1737" y="752" width="39" height="35" />
        <cmp x="1781" y="754" width="17" height="31" />
        <cmp x="1797" y="758" width="27" height="27" />
        <cmp x="1827" y="755" width="19" height="28" />
        <cmp x="1851" y="739" width="19" height="41" />
      </word>
      <word id="l04-026-00-13" tag="NN" text="rain">
        <cmp x="1915" y="753" width="25" height="35" />
        <cmp x="1942" y="755" width="37" height="31" />
        <cmp x="1982" y="758" width="8" height="25" />
        <cmp x="1985" y="747" width="6" height="7" />
        <cmp x="1996" y="752" width="35" height="28" />
      </word>
      <lower-contour>
        <point x="374" y="809" />
        <point x="2032" y="809" />
      </lower-contour>
    </line>
    <line ass="-27" asx="0" asy="899" character-width="999" dss="-27" dsx="0" dsy="996" fd0="13595" fd1="3145" fd2="-677" filter-width="3" id="l04-026-01" lbs="-112" lbx="0" lby="963" segmentation="err" slant="90000" stroke-width="5196" threshold="178" text="for tomorrow.&apos; &apos;Do they?&apos; Bone glanced up at the sky, his" ubs="142" ubx="0" uby="938">
      <word id="l04-026-01-00" tag="IN" text="for">
        <cmp x="358" y="905" width="21" height="60" />
        <cmp x="383" y="934" width="22" height="32" />
        <cmp x="409" y="936" width="29" height="28" />
      </word>
      <word id="l04-026-01-01" tag="NR" text="tomorrow">
        <cmp x="476" y="903" width="25" height="60" />
        <cmp x="509" y="936" width="23" height="29" />
        <cmp x="537" y="934" width="37" height="26" />
        <cmp x="577" y="932" width="24" height="27" />
        <cmp x="608" y="937" width="24" height="28" />
        <cmp x="634" y="935" width="22" height="27" />
        <cmp x="657" y="935" width="22" height="28" />
        <cmp x="684" y="932" width="38" height="32" />
      </word>
      <word id="l04-026-01-02" tag="." text=".">
        <cmp x="732" y="901" width="7" height="19" />
        <cmp x="737" y="960" width="6" height="6" />
      </word>
      <word id="l04-026-01-03" tag="**&apos;" text="&apos;">
        <cmp x="800" y="901" width="11" height="22" />
      </word>
      <word id="l04-026-01-04" sentence-start="yes" tag="*&apos;" text="&apos;">
        <cmp x="827" y="915" width="34" height="54" />
      </word>
      <word id="l04-026-01-05" tag="DO" text="Do">
        <cmp x="866" y="943" width="24" height="28" />
      </word>
      <word id="l04-026-01-06" tag="PP3AS" text="they">
        <cmp x="924" y="918" width="55" height="52" />
        <cmp x="985" y="933" width="18" height="32" />
        <cmp x="1008" y="933" width="26" height="64" />
      </word>
      <word id="l04-026-01-07" tag="?" text="?">
        <cmp x="1054" y="902" width="25" height="46" />
        <cmp x="1060" y="961" width="8" height="7" />
      </word>
      <word id="l04-026-01-08" tag="**&apos;" text="&apos;">
        <cmp x="1100" y="911" width="7" height="17" />
      </word>
      <word id="l04-026-01-09" sentence-start="yes" tag="NP" text="Bone">
        <cmp x="1157" y="906" width="36" height="63" />
        <cmp x="1207" y="940" width="22" height="24" />
        <cmp x="1229" y="935" width="33" height="25" />
        <cmp x="1269" y="932" width="20" height="29" />
      </word>
      <word id="l04-026-01-10" tag="VBD" text="glanced">
        <cmp x="1338" y="937" width="28" height="56" />
        <cmp x="1372" y="917" width="11" height="47" />
        <cmp x="1389" y="940" width="24" height="25" />
        <cmp x="1419" y="940" width="22" height="23" />
        <cmp x="1447" y="937" width="16" height="26" />
        <cmp x="1473" y="932" width="21" height="34" />
        <cmp x="1496" y="910" width="25" height="51" />
      </word>
      <word id="l04-026-01-11" tag="RP" text="up">
        <cmp x="1564" y="934" width="38" height="28" />
        <cmp x="1605" y="932" width="27" height="58" />
      </word>
      <word id="l04-026-01-12" tag="IN" text="at">
        <cmp x="1685" y="933" width="31" height="30" />
        <cmp x="1714" y="920" width="26" height="39" />
      </word>
      <word id="l04-026-01-13" tag="ATI" text="the">
        <cmp x="1785" y="914" width="27" height="50" />
        <cmp x="1814" y="927" width="27" height="34" />
        <cmp x="1844" y="929" width="20" height="31" />
      </word>
      <word id="l04-026-01-14" tag="NN" text="sky">
        <cmp x="1900" y="930" width="21" height="33" />
        <cmp x="1927" y="920" width="24" height="41" />
        <cmp x="1952" y="933" width="34" height="63" />
      </word>
      <word id="l04-026-01-15" tag="," text=",">
        <cmp x="1995" y="960" width="12" height="18" />
      </word>
      <word id="l04-026-01-16" tag="PP$" text="his">
        <cmp x="2040" y="911" width="37" height="47" />
        <cmp x="2078" y="927" width="10" height="31" />
        <cmp x="2088" y="916" width="5" height="5" />
        <cmp x="2091" y="932" width="17" height="32" />
      </word>
      <upper-contour>
        <point x="374" y="809" />
        <point x="2032" y="809" />
      </upper-contour>
      <lower-contour>
        <point x="369" y="997" />
        <point x="2109" y="997" />
      </lower-contour>
    </line>
    <line ass="430" asx="0" asy="1089" character-width="999" dss="430" dsx="0" dsy="1175" fd0="13837" fd1="2964" fd2="-1301" filter-width="3" id="l04-026-02" lbs="440" lbx="0" lby="1153" segmentation="err" slant="81000" stroke-width="5229" threshold="178" text="thoughts elsewhere. Personally, he didn&apos;t care if it rained cats" ubs="409" ubx="0" uby="1121">
      <word id="l04-026-02-00" tag="NNS" text="thoughts">
        <cmp x="371" y="1087" width="29" height="67" />
        <cmp x="406" y="1092" width="28" height="61" />
        <cmp x="439" y="1122" width="26" height="27" />
        <cmp x="469" y="1120" width="25" height="27" />
        <cmp x="502" y="1118" width="28" height="50" />
        <cmp x="543" y="1094" width="28" height="53" />
        <cmp x="571" y="1099" width="19" height="54" />
        <cmp x="597" y="1111" width="23" height="30" />
      </word>
      <word id="l04-026-02-01" tag="RB" text="elsewhere">
        <cmp x="673" y="1113" width="22" height="33" />
        <cmp x="697" y="1100" width="23" height="48" />
        <cmp x="724" y="1116" width="20" height="33" />
        <cmp x="746" y="1117" width="21" height="29" />
        <cmp x="775" y="1112" width="33" height="37" />
        <cmp x="811" y="1100" width="22" height="42" />
        <cmp x="839" y="1108" width="22" height="33" />
        <cmp x="865" y="1109" width="40" height="34" />
      </word>
      <word id="l04-026-02-02" tag="." text=".">
        <cmp x="920" y="1132" width="6" height="9" />
      </word>
      <word id="l04-026-02-03" sentence-start="yes" tag="RB" text="Personally">
        <cmp x="987" y="1091" width="32" height="55" />
        <cmp x="1017" y="1113" width="19" height="28" />
        <cmp x="1045" y="1118" width="18" height="24" />
        <cmp x="1062" y="1115" width="17" height="30" />
        <cmp x="1085" y="1119" width="20" height="24" />
        <cmp x="1110" y="1115" width="26" height="29" />
        <cmp x="1141" y="1119" width="29" height="25" />
        <cmp x="1173" y="1095" width="16" height="48" />
        <cmp x="1187" y="1096" width="16" height="42" />
        <cmp x="1204" y="1114" width="33" height="52" />
      </word>
      <word id="l04-026-02-04" tag="," text=",">
        <cmp x="1258" y="1142" width="9" height="18" />
      </word>
      <word id="l04-026-02-05" tag="PP3A" text="he">
        <cmp x="1315" y="1097" width="30" height="46" />
        <cmp x="1355" y="1110" width="18" height="30" />
      </word>
      <word id="l04-026-02-06" tag="DODX" text="didn&apos;t">
        <cmp x="1411" y="1087" width="29" height="56" />
        <cmp x="1440" y="1118" width="8" height="22" />
        <cmp x="1444" y="1101" width="6" height="9" />
        <cmp x="1453" y="1086" width="30" height="57" />
        <cmp x="1484" y="1116" width="23" height="29" />
        <cmp x="1511" y="1090" width="16" height="50" />
        <cmp x="1512" y="1087" width="5" height="13" />
        <cmp x="1588" y="1111" width="19" height="32" />
      </word>
      <word id="l04-026-02-07" tag="VB" text="care">
        <cmp x="1609" y="1111" width="23" height="29" />
        <cmp x="1640" y="1108" width="35" height="40" />
      </word>
      <word id="l04-026-02-08" tag="CS" text="if">
        <cmp x="1723" y="1117" width="6" height="26" />
        <cmp x="1726" y="1107" width="4" height="5" />
        <cmp x="1735" y="1093" width="28" height="48" />
      </word>
      <word id="l04-026-02-09" tag="PP3" text="it">
        <cmp x="1780" y="1114" width="7" height="24" />
        <cmp x="1786" y="1095" width="8" height="6" />
        <cmp x="1794" y="1090" width="20" height="49" />
      </word>
      <word id="l04-026-02-10" tag="VBD" text="rained">
        <cmp x="1864" y="1106" width="25" height="30" />
        <cmp x="1886" y="1112" width="29" height="28" />
        <cmp x="1918" y="1099" width="7" height="10" />
        <cmp x="1920" y="1118" width="7" height="20" />
        <cmp x="1933" y="1111" width="25" height="27" />
        <cmp x="1965" y="1078" width="44" height="59" />
      </word>
      <word id="l04-026-02-11" tag="NNS" text="cats">
        <cmp x="2051" y="1106" width="18" height="32" />
        <cmp x="2065" y="1093" width="50" height="44" />
        <cmp x="2118" y="1105" width="18" height="34" />
      </word>
      <upper-contour>
        <point x="369" y="997" />
        <point x="2109" y="997" />
      </upper-contour>
      <lower-contour>
        <point x="369" y="1168" />
        <point x="2130" y="1168" />
      </lower-contour>
    </line>
    <line ass="267" asx="0" asy="1261" character-width="999" dss="267" dsx="0" dsy="1354" fd0="12914" fd1="3779" fd2="-641" filter-width="3" id="l04-026-03" lbs="238" lbx="0" lby="1328" segmentation="err" slant="89000" stroke-width="5304" threshold="178" text="and dogs and he knew that Harry didn&apos;t either. He waited," ubs="326" ubx="0" uby="1297">
      <word id="l04-026-03-00" tag="CC" text="and">
        <cmp x="366" y="1293" width="28" height="33" />
        <cmp x="401" y="1298" width="25" height="28" />
        <cmp x="427" y="1273" width="23" height="52" />
      </word>
      <word id="l04-026-03-01" tag="NNS" text="dogs">
        <cmp x="518" y="1270" width="29" height="58" />
        <cmp x="548" y="1296" width="24" height="30" />
        <cmp x="576" y="1296" width="26" height="53" />
        <cmp x="606" y="1293" width="22" height="28" />
      </word>
      <word id="l04-026-03-02" tag="CC" text="and">
        <cmp x="709" y="1294" width="27" height="29" />
        <cmp x="739" y="1295" width="26" height="30" />
        <cmp x="770" y="1262" width="33" height="59" />
      </word>
      <word id="l04-026-03-03" tag="PP3A" text="he">
        <cmp x="851" y="1271" width="26" height="52" />
        <cmp x="887" y="1293" width="21" height="35" />
      </word>
      <word id="l04-026-03-04" tag="VBD" text="knew">
        <cmp x="966" y="1273" width="24" height="54" />
        <cmp x="994" y="1291" width="41" height="31" />
        <cmp x="1040" y="1294" width="32" height="29" />
      </word>
      <word id="l04-026-03-05" tag="CS" text="that">
        <cmp x="1122" y="1264" width="55" height="63" />
        <cmp x="1183" y="1297" width="27" height="28" />
        <cmp x="1210" y="1278" width="21" height="47" />
      </word>
      <word id="l04-026-03-06" tag="NP" text="Harry">
        <cmp x="1310" y="1267" width="26" height="53" />
        <cmp x="1342" y="1290" width="27" height="25" />
        <cmp x="1374" y="1290" width="67" height="59" />
      </word>
      <word id="l04-026-03-07" tag="DODX" text="didn&apos;t">
        <cmp x="1500" y="1261" width="32" height="60" />
        <cmp x="1537" y="1293" width="7" height="23" />
        <cmp x="1538" y="1277" width="6" height="9" />
        <cmp x="1548" y="1262" width="23" height="58" />
        <cmp x="1579" y="1273" width="38" height="47" />
        <cmp x="1596" y="1261" width="6" height="17" />
      </word>
      <word id="l04-026-03-08" tag="RB" text="either">
        <cmp x="1653" y="1288" width="24" height="32" />
        <cmp x="1684" y="1296" width="6" height="24" />
        <cmp x="1686" y="1276" width="5" height="4" />
        <cmp x="1693" y="1273" width="29" height="46" />
        <cmp x="1717" y="1280" width="30" height="37" />
        <cmp x="1750" y="1290" width="20" height="31" />
        <cmp x="1774" y="1294" width="23" height="24" />
      </word>
      <word id="l04-026-03-09" tag="." text=".">
        <cmp x="1801" y="1321" width="6" height="6" />
      </word>
      <word id="l04-026-03-10" sentence-start="yes" tag="PP3A" text="He">
        <cmp x="1854" y="1253" width="29" height="69" />
        <cmp x="1892" y="1285" width="22" height="32" />
      </word>
      <word id="l04-026-03-11" tag="VBD" text="waited">
        <cmp x="1963" y="1291" width="28" height="33" />
        <cmp x="1993" y="1276" width="61" height="46" />
        <cmp x="2022" y="1277" width="6" height="5" />
        <cmp x="2060" y="1288" width="17" height="31" />
        <cmp x="2076" y="1253" width="28" height="66" />
      </word>
      <word id="l04-026-03-12" tag="," text=",">
        <cmp x="2117" y="1321" width="12" height="18" />
      </word>
      <upper-contour>
        <point x="369" y="1168" />
        <point x="2130" y="1168" />
      </upper-contour>
      <lower-contour>
        <point x="379" y="1350" />
        <point x="2130" y="1350" />
      </lower-contour>
    </line>
    <line ass="-143" asx="0" asy="1428" character-width="999" dss="-143" dsx="0" dsy="1543" fd0="13426" fd1="3402" fd2="-671" filter-width="3" id="l04-026-04" lbs="-195" lbx="0" lby="1499" segmentation="ok" slant="90000" stroke-width="5165" threshold="178" text="pulling on his gloves and adjusting his hat. &apos;Look, Bob,&apos;" ubs="-38" ubx="0" uby="1471">
      <word id="l04-026-04-00" tag="VBG" text="pulling">
        <cmp x="381" y="1473" width="23" height="72" />
        <cmp x="411" y="1477" width="27" height="29" />
        <cmp x="446" y="1451" width="8" height="51" />
        <cmp x="460" y="1452" width="7" height="46" />
        <cmp x="474" y="1472" width="5" height="29" />
        <cmp x="476" y="1461" width="6" height="6" />
        <cmp x="488" y="1478" width="24" height="27" />
        <cmp x="518" y="1473" width="28" height="55" />
      </word>
      <word id="l04-026-04-01" tag="RP" text="on">
        <cmp x="609" y="1473" width="27" height="29" />
        <cmp x="639" y="1471" width="38" height="35" />
      </word>
      <word id="l04-026-04-02" tag="PP$" text="his">
        <cmp x="716" y="1453" width="27" height="52" />
        <cmp x="747" y="1461" width="6" height="11" />
        <cmp x="750" y="1475" width="8" height="23" />
        <cmp x="767" y="1469" width="18" height="33" />
      </word>
      <word id="l04-026-04-03" tag="NNS" text="gloves">
        <cmp x="854" y="1473" width="29" height="58" />
        <cmp x="897" y="1443" width="8" height="59" />
        <cmp x="905" y="1471" width="24" height="35" />
        <cmp x="935" y="1473" width="18" height="28" />
        <cmp x="957" y="1469" width="18" height="30" />
        <cmp x="978" y="1467" width="16" height="34" />
      </word>
      <word id="l04-026-04-04" tag="CC" text="and">
        <cmp x="1064" y="1471" width="28" height="31" />
        <cmp x="1099" y="1471" width="23" height="29" />
        <cmp x="1130" y="1432" width="21" height="70" />
      </word>
      <word id="l04-026-04-05" tag="VBG" text="adjusting">
        <cmp x="1227" y="1469" width="33" height="35" />
        <cmp x="1262" y="1435" width="32" height="68" />
        <cmp x="1292" y="1472" width="24" height="64" />
        <cmp x="1311" y="1454" width="5" height="7" />
        <cmp x="1321" y="1473" width="24" height="28" />
        <cmp x="1346" y="1471" width="23" height="30" />
        <cmp x="1367" y="1457" width="22" height="46" />
        <cmp x="1393" y="1478" width="5" height="26" />
        <cmp x="1396" y="1453" width="7" height="9" />
        <cmp x="1407" y="1471" width="28" height="29" />
        <cmp x="1437" y="1473" width="27" height="55" />
      </word>
      <word id="l04-026-04-06" tag="PP$" text="his">
        <cmp x="1527" y="1448" width="36" height="48" />
        <cmp x="1567" y="1464" width="8" height="33" />
        <cmp x="1580" y="1468" width="20" height="36" />
      </word>
      <word id="l04-026-04-07" tag="NN" text="hat">
        <cmp x="1644" y="1454" width="32" height="49" />
        <cmp x="1680" y="1476" width="29" height="27" />
        <cmp x="1707" y="1455" width="25" height="46" />
      </word>
      <word id="l04-026-04-08" tag="." text=".">
        <cmp x="1748" y="1495" width="7" height="7" />
      </word>
      <word id="l04-026-04-09" sentence-start="yes" tag="*&apos;" text="&apos;">
        <cmp x="1796" y="1440" width="13" height="21" />
      </word>
      <word id="l04-026-04-10" tag="VB" text="Look">
        <cmp x="1814" y="1435" width="29" height="67" />
        <cmp x="1848" y="1472" width="25" height="31" />
        <cmp x="1879" y="1471" width="25" height="31" />
        <cmp x="1906" y="1451" width="29" height="55" />
      </word>
      <word id="l04-026-04-11" tag="," text=",">
        <cmp x="1940" y="1506" width="14" height="18" />
      </word>
      <word id="l04-026-04-12" tag="NP" text="Bob">
        <cmp x="1993" y="1434" width="38" height="75" />
        <cmp x="2031" y="1470" width="28" height="30" />
        <cmp x="2062" y="1442" width="26" height="57" />
      </word>
      <word id="l04-026-04-13" tag="," text=",">
        <cmp x="2085" y="1494" width="14" height="17" />
      </word>
      <word id="l04-026-04-14" tag="**&apos;" text="&apos;">
        <cmp x="2120" y="1440" width="12" height="19" />
      </word>
      <upper-contour>
        <point x="379" y="1350" />
        <point x="2130" y="1350" />
      </upper-contour>
      <lower-contour>
        <point x="398" y="1536" />
        <point x="2105" y="1536" />
      </lower-contour>
    </line>
    <line ass="350" asx="0" asy="1607" character-width="999" dss="350" dsx="0" dsy="1714" fd0="13169" fd1="3170" fd2="-492" filter-width="3" id="l04-026-05" lbs="411" lbx="0" lby="1691" segmentation="err" slant="84000" stroke-width="5329" threshold="176" text="Harry began, after a brief silence, &apos;I don&apos;t mean to" ubs="228" ubx="0" uby="1655">
      <word id="l04-026-05-00" tag="NP" text="Harry">
        <cmp x="400" y="1606" width="23" height="76" />
        <cmp x="431" y="1650" width="24" height="32" />
        <cmp x="463" y="1652" width="18" height="30" />
        <cmp x="484" y="1654" width="22" height="31" />
        <cmp x="504" y="1651" width="24" height="59" />
      </word>
      <word id="l04-026-05-01" tag="VBD" text="began">
        <cmp x="606" y="1620" width="29" height="72" />
        <cmp x="640" y="1649" width="20" height="39" />
        <cmp x="659" y="1651" width="28" height="56" />
        <cmp x="697" y="1650" width="28" height="29" />
        <cmp x="727" y="1649" width="37" height="31" />
      </word>
      <word id="l04-026-05-02" tag="," text=",">
        <cmp x="777" y="1677" width="19" height="17" />
      </word>
      <word id="l04-026-05-03" tag="IN" text="after">
        <cmp x="867" y="1626" width="58" height="57" />
        <cmp x="921" y="1634" width="23" height="49" />
        <cmp x="947" y="1649" width="23" height="37" />
        <cmp x="974" y="1651" width="27" height="27" />
      </word>
      <word id="l04-026-05-04" tag="AT" text="a">
        <cmp x="1057" y="1647" width="28" height="32" />
      </word>
      <word id="l04-026-05-05" tag="JJ" text="brief">
        <cmp x="1153" y="1615" width="26" height="69" />
        <cmp x="1182" y="1650" width="24" height="30" />
        <cmp x="1202" y="1630" width="7" height="8" />
        <cmp x="1202" y="1655" width="6" height="34" />
        <cmp x="1217" y="1648" width="23" height="34" />
        <cmp x="1241" y="1627" width="25" height="57" />
      </word>
      <word id="l04-026-05-06" tag="NN" text="silence">
        <cmp x="1345" y="1648" width="24" height="33" />
        <cmp x="1374" y="1632" width="7" height="6" />
        <cmp x="1374" y="1655" width="7" height="24" />
        <cmp x="1397" y="1627" width="12" height="59" />
        <cmp x="1411" y="1649" width="29" height="33" />
        <cmp x="1445" y="1650" width="24" height="27" />
        <cmp x="1470" y="1651" width="21" height="30" />
        <cmp x="1492" y="1649" width="25" height="34" />
      </word>
      <word id="l04-026-05-07" tag="," text=",">
        <cmp x="1528" y="1682" width="17" height="23" />
      </word>
      <word id="l04-026-05-08" tag="*&apos;" text="&apos;">
        <cmp x="1606" y="1614" width="7" height="22" />
      </word>
      <word id="l04-026-05-09" tag="PP1A" text="I">
        <cmp x="1640" y="1606" width="23" height="74" />
      </word>
      <word id="l04-026-05-10" tag="DOX" text="don&apos;t">
        <cmp x="1703" y="1606" width="36" height="75" />
        <cmp x="1735" y="1647" width="25" height="33" />
        <cmp x="1760" y="1648" width="30" height="36" />
        <cmp x="1794" y="1614" width="5" height="13" />
        <cmp x="1794" y="1621" width="22" height="57" />
        <cmp x="1861" y="1649" width="54" height="33" />
      </word>
      <word id="l04-026-05-11" tag="VB" text="mean">
        <cmp x="1922" y="1646" width="22" height="32" />
        <cmp x="1946" y="1648" width="26" height="25" />
        <cmp x="1980" y="1644" width="41" height="28" />
      </word>
      <word id="l04-026-05-12" tag="TO" text="to">
        <cmp x="2050" y="1624" width="54" height="58" />
      </word>
      <upper-contour>
        <point x="398" y="1536" />
        <point x="2105" y="1536" />
      </upper-contour>
      <lower-contour>
        <point x="398" y="1710" />
        <point x="2063" y="1710" />
      </lower-contour>
    </line>
    <line ass="484" asx="0" asy="1787" character-width="999" dss="484" dsx="0" dsy="1912" fd0="13370" fd1="3379" fd2="-428" filter-width="3" id="l04-026-06" lbs="577" lbx="0" lby="1870" segmentation="err" slant="84000" stroke-width="5328" threshold="176" text="butt in, but if you take my advice you&apos;ll &apos;ave no" ubs="298" ubx="0" uby="1834">
      <word id="l04-026-06-00" tag="VB" text="butt">
        <cmp x="397" y="1785" width="22" height="76" />
        <cmp x="427" y="1832" width="24" height="29" />
        <cmp x="463" y="1805" width="17" height="55" />
        <cmp x="488" y="1808" width="16" height="49" />
      </word>
      <word id="l04-026-06-01" tag="RP" text="in">
        <cmp x="537" y="1809" width="8" height="9" />
        <cmp x="538" y="1832" width="8" height="23" />
        <cmp x="552" y="1828" width="33" height="29" />
      </word>
      <word id="l04-026-06-02" tag="," text=",">
        <cmp x="602" y="1863" width="11" height="16" />
      </word>
      <word id="l04-026-06-03" tag="CC" text="but">
        <cmp x="668" y="1794" width="28" height="74" />
        <cmp x="703" y="1806" width="51" height="59" />
      </word>
      <word id="l04-026-06-04" tag="CS" text="if">
        <cmp x="799" y="1823" width="7" height="6" />
        <cmp x="802" y="1838" width="7" height="25" />
        <cmp x="811" y="1807" width="26" height="57" />
      </word>
      <word id="l04-026-06-05" tag="PP2" text="you">
        <cmp x="906" y="1824" width="31" height="68" />
        <cmp x="944" y="1835" width="21" height="27" />
        <cmp x="972" y="1832" width="31" height="26" />
      </word>
      <word id="l04-026-06-06" tag="VB" text="take">
        <cmp x="1064" y="1806" width="28" height="62" />
        <cmp x="1101" y="1834" width="25" height="29" />
        <cmp x="1136" y="1819" width="23" height="44" />
        <cmp x="1163" y="1828" width="21" height="37" />
      </word>
      <word id="l04-026-06-07" tag="PP$" text="my">
        <cmp x="1248" y="1829" width="60" height="30" />
        <cmp x="1314" y="1825" width="41" height="72" />
      </word>
      <word id="l04-026-06-08" tag="NN" text="advice">
        <cmp x="1432" y="1828" width="28" height="29" />
        <cmp x="1464" y="1795" width="30" height="66" />
        <cmp x="1504" y="1829" width="20" height="31" />
        <cmp x="1525" y="1812" width="7" height="11" />
        <cmp x="1529" y="1830" width="6" height="26" />
        <cmp x="1544" y="1828" width="13" height="30" />
        <cmp x="1561" y="1829" width="24" height="31" />
      </word>
      <word id="l04-026-06-09" tag="PP2" text="you">
        <cmp x="1646" y="1823" width="43" height="76" />
        <cmp x="1694" y="1826" width="22" height="29" />
        <cmp x="1722" y="1828" width="37" height="28" />
        <cmp x="1753" y="1797" width="13" height="18" />
      </word>
      <word id="l04-026-06-10" tag="MD" text="&apos;ll">
        <cmp x="1772" y="1799" width="13" height="59" />
        <cmp x="1788" y="1799" width="14" height="55" />
      </word>
      <word id="l04-026-06-11" tag="HV" text="&apos;ave">
        <cmp x="1821" y="1800" width="11" height="21" />
        <cmp x="1834" y="1829" width="28" height="26" />
        <cmp x="1871" y="1826" width="48" height="33" />
      </word>
      <word id="l04-026-06-12" tag="ATI" text="no">
        <cmp x="1983" y="1822" width="43" height="32" />
        <cmp x="2037" y="1818" width="25" height="31" />
      </word>
      <upper-contour>
        <point x="398" y="1710" />
        <point x="2063" y="1710" />
      </upper-contour>
      <lower-contour>
        <point x="395" y="1892" />
        <point x="1168" y="1892" />
      </lower-contour>
    </line>
    <line ass="123" asx="0" asy="1978" character-width="999" dss="123" dsx="0" dsy="2043" fd0="13792" fd1="3339" fd2="-451" filter-width="3" id="l04-026-07" lbs="61" lbx="0" lby="2038" segmentation="err" slant="90000" stroke-width="5322" threshold="176" text="more truck with &apos;er.&apos;" ubs="247" ubx="0" uby="2012">
      <word id="l04-026-07-00" tag="AP" text="more">
        <cmp x="392" y="2008" width="54" height="29" />
        <cmp x="450" y="2008" width="26" height="31" />
        <cmp x="483" y="2004" width="47" height="33" />
      </word>
      <word id="l04-026-07-01" tag="NN" text="truck">
        <cmp x="654" y="1978" width="30" height="63" />
        <cmp x="687" y="2010" width="25" height="32" />
        <cmp x="717" y="2012" width="30" height="27" />
        <cmp x="748" y="1995" width="55" height="42" />
      </word>
      <word id="l04-026-07-02" tag="IN" text="with">
        <cmp x="891" y="2004" width="43" height="37" />
        <cmp x="932" y="1989" width="7" height="7" />
        <cmp x="937" y="2013" width="8" height="25" />
        <cmp x="944" y="1987" width="65" height="49" />
      </word>
      <word id="l04-026-07-03" tag="PP3O" text="&apos;er">
        <cmp x="1080" y="1985" width="12" height="25" />
        <cmp x="1093" y="2004" width="20" height="30" />
        <cmp x="1120" y="2007" width="29" height="29" />
        <cmp x="1151" y="1978" width="7" height="21" />
      </word>
      <word id="l04-026-07-04" tag="." text=".">
        <cmp x="1161" y="2035" width="7" height="6" />
      </word>
      <word id="l04-026-07-05" tag="**&apos;" text="&apos;" />
      <upper-contour>
        <point x="395" y="1892" />
        <point x="1168" y="1892" />
      </upper-contour>
    </line>
  </handwritten-part>
</form>

