<?xml version="1.0" encoding="ISO-8859-1"?>

<!DOCTYPE form SYSTEM 'http://www.iam.unibe.ch/~fki/iamdb/form-metadata.dtd'>

<form created="2002-01-25" height="3542" id="l04-034" last-modified="2002-07-17" skew="30" status="final" version="3.0_beta" width="2479" writer-id="482">
  <machine-printed-part>
    <machine-print-line text="He jerked his thumb over his shoulder. &apos;That girl&apos;s nothing but a load of trouble, I&apos;m" />
    <machine-print-line text="warning you.&apos; &apos;Kitty&apos;s all right&apos;, Bone contradicted flatly. &apos;It&apos;s her boy-friend that&apos;s" />
    <machine-print-line text="the trouble. If we could get rid of him...&apos; Harry nodded his grizzled head like an old" />
    <machine-print-line text="hound. &apos;You&apos;re right there, Bob&apos;, he muttered. &apos;But it&apos;s easier said than done." />
  </machine-printed-part>
  <handwritten-part>
    <line ass="115" asx="0" asy="659" character-width="999" dss="115" dsx="0" dsy="773" fd0="14856" fd1="2875" fd2="-169" filter-width="3" id="l04-034-00" lbs="243" lbx="0" lby="750" segmentation="ok" slant="59999" stroke-width="5160" threshold="174" text="He jerked his thumb over his" ubs="-141" ubx="0" uby="711">
      <word id="l04-034-00-00" sentence-start="yes" tag="PP3A" text="He">
        <cmp x="412" y="659" width="55" height="93" />
        <cmp x="452" y="659" width="52" height="83" />
        <cmp x="497" y="706" width="44" height="41" />
      </word>
      <word id="l04-034-00-01" tag="VBD" text="jerked">
        <cmp x="576" y="714" width="88" height="59" />
        <cmp x="673" y="722" width="32" height="30" />
        <cmp x="674" y="686" width="5" height="10" />
        <cmp x="717" y="713" width="42" height="35" />
        <cmp x="760" y="669" width="40" height="77" />
        <cmp x="798" y="690" width="75" height="58" />
      </word>
      <word id="l04-034-00-02" tag="PP$" text="his">
        <cmp x="953" y="683" width="44" height="59" />
        <cmp x="1008" y="720" width="11" height="18" />
        <cmp x="1027" y="692" width="7" height="15" />
        <cmp x="1034" y="708" width="32" height="34" />
      </word>
      <word id="l04-034-00-03" tag="NN" text="thumb">
        <cmp x="1179" y="660" width="57" height="86" />
        <cmp x="1228" y="673" width="45" height="70" />
        <cmp x="1280" y="720" width="34" height="25" />
        <cmp x="1325" y="715" width="61" height="29" />
        <cmp x="1397" y="684" width="44" height="58" />
      </word>
      <word id="l04-034-00-04" tag="IN" text="over">
        <cmp x="1514" y="719" width="32" height="26" />
        <cmp x="1556" y="725" width="34" height="28" />
        <cmp x="1601" y="717" width="33" height="29" />
        <cmp x="1644" y="717" width="40" height="27" />
      </word>
      <word id="l04-034-00-05" tag="PP$" text="his">
        <cmp x="1762" y="690" width="39" height="62" />
        <cmp x="1790" y="715" width="21" height="33" />
        <cmp x="1818" y="730" width="10" height="13" />
        <cmp x="1840" y="698" width="9" height="16" />
        <cmp x="1847" y="712" width="25" height="26" />
      </word>
      <lower-contour>
        <point x="410" y="773" />
        <point x="1873" y="773" />
      </lower-contour>
    </line>
    <line ass="88" asx="0" asy="854" character-width="999" dss="88" dsx="0" dsy="956" fd0="14580" fd1="2801" fd2="-478" filter-width="3" id="l04-034-01" lbs="91" lbx="0" lby="924" segmentation="ok" slant="59000" stroke-width="5190" threshold="175" text="shoulder. &apos;That girl&apos;s nothing but a load" ubs="82" ubx="0" uby="895">
      <word id="l04-034-01-00" tag="NN" text="shoulder">
        <cmp x="343" y="867" width="72" height="68" />
        <cmp x="417" y="894" width="39" height="29" />
        <cmp x="449" y="856" width="82" height="65" />
        <cmp x="507" y="864" width="69" height="65" />
        <cmp x="569" y="899" width="34" height="26" />
      </word>
      <word id="l04-034-01-01" tag="." text=".">
        <cmp x="634" y="926" width="6" height="7" />
      </word>
      <word id="l04-034-01-02" sentence-start="yes" tag="*&apos;" text="&apos;">
        <cmp x="706" y="875" width="14" height="18" />
      </word>
      <word id="l04-034-01-03" tag="DT" text="That">
        <cmp x="733" y="853" width="98" height="68" />
        <cmp x="801" y="856" width="40" height="64" />
        <cmp x="840" y="869" width="79" height="50" />
      </word>
      <word id="l04-034-01-04" tag="NN" text="girl">
        <cmp x="948" y="904" width="79" height="52" />
        <cmp x="997" y="893" width="25" height="30" />
        <cmp x="1019" y="893" width="8" height="7" />
        <cmp x="1051" y="895" width="9" height="16" />
        <cmp x="1065" y="892" width="41" height="31" />
        <cmp x="1069" y="863" width="5" height="9" />
        <cmp x="1106" y="866" width="27" height="54" />
      </word>
      <word id="l04-034-01-05" tag="BEZ" text="&apos;s">
        <cmp x="1147" y="854" width="19" height="22" />
        <cmp x="1143" y="887" width="34" height="35" />
      </word>
      <word id="l04-034-01-06" tag="PN" text="nothing">
        <cmp x="1265" y="893" width="41" height="27" />
        <cmp x="1306" y="897" width="30" height="28" />
        <cmp x="1348" y="858" width="37" height="59" />
        <cmp x="1372" y="864" width="40" height="55" />
        <cmp x="1421" y="905" width="11" height="13" />
        <cmp x="1440" y="897" width="35" height="22" />
        <cmp x="1442" y="870" width="9" height="16" />
        <cmp x="1442" y="894" width="72" height="51" />
      </word>
      <word id="l04-034-01-07" tag="IN" text="but">
        <cmp x="1591" y="868" width="40" height="56" />
        <cmp x="1633" y="884" width="48" height="40" />
        <cmp x="1685" y="862" width="42" height="62" />
      </word>
      <word id="l04-034-01-08" tag="AT" text="a">
        <cmp x="1795" y="891" width="35" height="29" />
      </word>
      <word id="l04-034-01-09" tag="NN" text="load">
        <cmp x="1872" y="853" width="102" height="64" />
        <cmp x="1981" y="894" width="37" height="28" />
        <cmp x="2025" y="861" width="58" height="61" />
      </word>
      <upper-contour>
        <point x="410" y="773" />
        <point x="1873" y="773" />
      </upper-contour>
      <lower-contour>
        <point x="342" y="957" />
        <point x="2053" y="957" />
      </lower-contour>
    </line>
    <line ass="154" asx="0" asy="1022" character-width="999" dss="154" dsx="0" dsy="1143" fd0="14996" fd1="3697" fd2="524" filter-width="3" id="l04-034-02" lbs="-2" lbx="0" lby="1099" segmentation="err" slant="63000" stroke-width="5156" threshold="174" text="of trouble, I&apos;m warning you.&apos; &apos;Kitty&apos;s" ubs="468" ubx="0" uby="1082">
      <word id="l04-034-02-00" tag="INO" text="of">
        <cmp x="344" y="1081" width="30" height="27" />
        <cmp x="383" y="1029" width="57" height="77" />
      </word>
      <word id="l04-034-02-01" tag="NN" text="trouble">
        <cmp x="566" y="1021" width="57" height="76" />
        <cmp x="607" y="1073" width="36" height="24" />
        <cmp x="644" y="1074" width="34" height="25" />
        <cmp x="685" y="1074" width="37" height="26" />
        <cmp x="727" y="1055" width="39" height="48" />
        <cmp x="778" y="1049" width="46" height="50" />
      </word>
      <word id="l04-034-02-02" tag="," text=",">
        <cmp x="842" y="1097" width="18" height="15" />
      </word>
      <word id="l04-034-02-03" tag="PP1A" text="I">
        <cmp x="979" y="1047" width="30" height="43" />
      </word>
      <word id="l04-034-02-04" tag="BEM" text="&apos;m">
        <cmp x="1027" y="1036" width="26" height="27" />
        <cmp x="1040" y="1077" width="56" height="25" />
      </word>
      <word id="l04-034-02-05" tag="VBG" text="warning">
        <cmp x="1174" y="1074" width="59" height="30" />
        <cmp x="1236" y="1074" width="32" height="24" />
        <cmp x="1276" y="1074" width="33" height="26" />
        <cmp x="1316" y="1074" width="39" height="25" />
        <cmp x="1361" y="1075" width="11" height="18" />
        <cmp x="1381" y="1046" width="8" height="16" />
        <cmp x="1385" y="1072" width="36" height="20" />
        <cmp x="1395" y="1070" width="68" height="56" />
      </word>
      <word id="l04-034-02-06" tag="PP2" text="you">
        <cmp x="1479" y="1072" width="88" height="69" />
        <cmp x="1573" y="1073" width="27" height="28" />
        <cmp x="1611" y="1073" width="30" height="24" />
      </word>
      <word id="l04-034-02-07" tag="." text=".">
        <cmp x="1655" y="1098" width="6" height="7" />
        <cmp x="1685" y="1049" width="14" height="18" />
      </word>
      <word id="l04-034-02-08" tag="**&apos;" text="&apos;">
        <cmp x="1771" y="1041" width="16" height="20" />
      </word>
      <word id="l04-034-02-09" sentence-start="yes" tag="*&apos;" text="&apos;">
        <cmp x="1801" y="1028" width="35" height="69" />
      </word>
      <word id="l04-034-02-10" tag="NP" text="Kitty">
        <cmp x="1848" y="1082" width="10" height="14" />
        <cmp x="1872" y="1043" width="9" height="16" />
        <cmp x="1882" y="1034" width="35" height="65" />
        <cmp x="1905" y="1072" width="75" height="54" />
        <cmp x="1914" y="1030" width="39" height="62" />
      </word>
      <word id="l04-034-02-11" tag="BEZ" text="&apos;s">
        <cmp x="2010" y="1038" width="18" height="27" />
        <cmp x="2016" y="1059" width="36" height="35" />
      </word>
      <upper-contour>
        <point x="342" y="957" />
        <point x="2053" y="957" />
      </upper-contour>
      <lower-contour>
        <point x="342" y="1142" />
        <point x="2053" y="1142" />
      </lower-contour>
    </line>
    <line ass="468" asx="0" asy="1213" character-width="999" dss="468" dsx="0" dsy="1318" fd0="14991" fd1="3076" fd2="-574" filter-width="3" id="l04-034-03" lbs="374" lbx="0" lby="1284" segmentation="ok" slant="59999" stroke-width="5361" threshold="174" text="all right&apos;, Bone contradicted flatly. &apos;It&apos;s" ubs="656" ubx="0" uby="1264">
      <word id="l04-034-03-00" tag="RB21" text="all">
        <cmp x="340" y="1254" width="33" height="30" />
        <cmp x="379" y="1214" width="68" height="69" />
        <cmp x="416" y="1214" width="73" height="73" />
      </word>
      <word id="l04-034-03-01" tag="RB22" text="right">
        <cmp x="555" y="1254" width="36" height="26" />
        <cmp x="573" y="1252" width="70" height="63" />
        <cmp x="591" y="1261" width="9" height="14" />
        <cmp x="609" y="1232" width="11" height="19" />
        <cmp x="652" y="1228" width="38" height="55" />
        <cmp x="706" y="1219" width="31" height="57" />
      </word>
      <word id="l04-034-03-02" tag="**&apos;" text="&apos;">
        <cmp x="757" y="1221" width="12" height="21" />
      </word>
      <word id="l04-034-03-03" tag="," text=",">
        <cmp x="778" y="1277" width="15" height="17" />
      </word>
      <word id="l04-034-03-04" tag="NP" text="Bone">
        <cmp x="838" y="1206" width="121" height="92" />
        <cmp x="972" y="1256" width="15" height="15" />
        <cmp x="988" y="1250" width="21" height="24" />
        <cmp x="1018" y="1247" width="32" height="29" />
      </word>
      <word id="l04-034-03-05" tag="VBD" text="contradicted">
        <cmp x="1137" y="1248" width="33" height="29" />
        <cmp x="1163" y="1251" width="37" height="31" />
        <cmp x="1201" y="1251" width="37" height="24" />
        <cmp x="1250" y="1209" width="31" height="62" />
        <cmp x="1271" y="1247" width="33" height="27" />
        <cmp x="1301" y="1203" width="102" height="74" />
        <cmp x="1388" y="1256" width="9" height="16" />
        <cmp x="1405" y="1212" width="54" height="69" />
        <cmp x="1414" y="1216" width="6" height="12" />
        <cmp x="1461" y="1240" width="34" height="31" />
        <cmp x="1500" y="1202" width="66" height="73" />
      </word>
      <word id="l04-034-03-06" tag="RB" text="flatly">
        <cmp x="1637" y="1200" width="78" height="70" />
        <cmp x="1691" y="1212" width="74" height="64" />
        <cmp x="1740" y="1251" width="33" height="29" />
        <cmp x="1794" y="1219" width="33" height="52" />
        <cmp x="1828" y="1223" width="36" height="47" />
        <cmp x="1846" y="1255" width="47" height="43" />
      </word>
      <word id="l04-034-03-07" tag="." text=".">
        <cmp x="1911" y="1279" width="9" height="4" />
      </word>
      <word id="l04-034-03-08" sentence-start="yes" tag="*&apos;" text="&apos;">
        <cmp x="1960" y="1210" width="18" height="19" />
      </word>
      <word id="l04-034-03-09" tag="PP3" text="It">
        <cmp x="1999" y="1201" width="50" height="80" />
        <cmp x="2027" y="1219" width="46" height="60" />
      </word>
      <word id="l04-034-03-10" tag="BEZ" text="&apos;s">
        <cmp x="2080" y="1214" width="23" height="33" />
        <cmp x="2090" y="1246" width="42" height="33" />
      </word>
      <upper-contour>
        <point x="342" y="1142" />
        <point x="2053" y="1142" />
      </upper-contour>
      <lower-contour>
        <point x="341" y="1315" />
        <point x="2123" y="1315" />
      </lower-contour>
    </line>
    <line ass="97" asx="0" asy="1379" character-width="999" dss="97" dsx="0" dsy="1473" fd0="14543" fd1="3137" fd2="181" filter-width="3" id="l04-034-04" lbs="52" lbx="0" lby="1459" segmentation="err" slant="58000" stroke-width="5431" threshold="171" text="her boy-friend that&apos;s the trouble. If" ubs="187" ubx="0" uby="1434">
      <word id="l04-034-04-00" tag="PP$" text="her">
        <cmp x="343" y="1387" width="42" height="80" />
        <cmp x="385" y="1430" width="33" height="34" />
        <cmp x="421" y="1432" width="31" height="26" />
      </word>
      <word id="l04-034-04-01" tag="NN" text="boy-friend">
        <cmp x="541" y="1403" width="77" height="60" />
        <cmp x="622" y="1437" width="32" height="35" />
        <cmp x="688" y="1439" width="26" height="7" />
        <cmp x="760" y="1378" width="77" height="83" />
        <cmp x="800" y="1437" width="32" height="23" />
        <cmp x="838" y="1439" width="15" height="19" />
        <cmp x="855" y="1432" width="34" height="29" />
        <cmp x="856" y="1420" width="7" height="12" />
        <cmp x="892" y="1435" width="30" height="22" />
        <cmp x="937" y="1400" width="58" height="61" />
      </word>
      <word id="l04-034-04-02" tag="WP" text="that">
        <cmp x="1071" y="1384" width="55" height="78" />
        <cmp x="1118" y="1400" width="42" height="62" />
        <cmp x="1166" y="1433" width="35" height="30" />
      </word>
      <word id="l04-034-04-03" tag="BEZ" text="&apos;s">
        <cmp x="1211" y="1405" width="39" height="50" />
        <cmp x="1253" y="1433" width="40" height="30" />
        <cmp x="1268" y="1397" width="18" height="24" />
      </word>
      <word id="l04-034-04-04" tag="ATI" text="the">
        <cmp x="1387" y="1385" width="51" height="71" />
        <cmp x="1428" y="1399" width="41" height="56" />
        <cmp x="1478" y="1419" width="44" height="35" />
      </word>
      <word id="l04-034-04-05" tag="NN" text="trouble">
        <cmp x="1605" y="1381" width="53" height="72" />
        <cmp x="1644" y="1437" width="45" height="23" />
        <cmp x="1690" y="1436" width="32" height="26" />
        <cmp x="1726" y="1437" width="39" height="24" />
        <cmp x="1782" y="1413" width="40" height="45" />
        <cmp x="1830" y="1407" width="35" height="54" />
        <cmp x="1854" y="1433" width="38" height="27" />
      </word>
      <word id="l04-034-04-06" tag="." text=".">
        <cmp x="1941" y="1459" width="8" height="6" />
      </word>
      <word id="l04-034-04-07" sentence-start="yes" tag="CS" text="If">
        <cmp x="2016" y="1395" width="39" height="61" />
        <cmp x="2044" y="1393" width="66" height="71" />
        <cmp x="2119" y="1453" width="4" height="4" />
      </word>
      <upper-contour>
        <point x="341" y="1315" />
        <point x="2123" y="1315" />
      </upper-contour>
      <lower-contour>
        <point x="341" y="1472" />
        <point x="1996" y="1472" />
      </lower-contour>
    </line>
    <line ass="-16" asx="0" asy="1548" character-width="999" dss="-16" dsx="0" dsy="1675" fd0="14711" fd1="3109" fd2="199" filter-width="3" id="l04-034-05" lbs="67" lbx="0" lby="1637" segmentation="ok" slant="59000" stroke-width="5345" threshold="172" text="we could get rid of him...&apos; Harry" ubs="-186" ubx="0" uby="1611">
      <word id="l04-034-05-00" tag="PP1AS" text="we">
        <cmp x="343" y="1603" width="86" height="39" />
      </word>
      <word id="l04-034-05-01" tag="MD" text="could">
        <cmp x="540" y="1604" width="63" height="32" />
        <cmp x="608" y="1611" width="36" height="24" />
        <cmp x="647" y="1574" width="72" height="64" />
        <cmp x="706" y="1575" width="65" height="64" />
      </word>
      <word id="l04-034-05-02" tag="VB" text="get">
        <cmp x="823" y="1615" width="82" height="62" />
        <cmp x="917" y="1585" width="70" height="59" />
      </word>
      <word id="l04-034-05-03" tag="VBN" text="rid">
        <cmp x="1069" y="1610" width="38" height="36" />
        <cmp x="1108" y="1618" width="16" height="19" />
        <cmp x="1134" y="1592" width="4" height="10" />
        <cmp x="1145" y="1572" width="66" height="63" />
      </word>
      <word id="l04-034-05-04" tag="INO" text="of">
        <cmp x="1255" y="1615" width="32" height="27" />
        <cmp x="1297" y="1577" width="55" height="76" />
      </word>
      <word id="l04-034-05-05" tag="PP3O" text="him">
        <cmp x="1416" y="1569" width="45" height="65" />
        <cmp x="1432" y="1571" width="3" height="4" />
        <cmp x="1471" y="1621" width="10" height="12" />
        <cmp x="1494" y="1590" width="8" height="9" />
        <cmp x="1498" y="1611" width="60" height="24" />
      </word>
      <word id="l04-034-05-06" tag="..." text="...">
        <cmp x="1567" y="1629" width="15" height="5" />
        <cmp x="1600" y="1628" width="10" height="5" />
        <cmp x="1633" y="1629" width="8" height="5" />
      </word>
      <word id="l04-034-05-07" tag="**&apos;" text="&apos;">
        <cmp x="1680" y="1574" width="18" height="24" />
      </word>
      <word id="l04-034-05-08" sentence-start="yes" tag="NP" text="Harry">
        <cmp x="1699" y="1549" width="116" height="101" />
        <cmp x="1780" y="1557" width="61" height="63" />
        <cmp x="1797" y="1621" width="4" height="3" />
        <cmp x="1822" y="1611" width="81" height="27" />
        <cmp x="1905" y="1609" width="42" height="28" />
        <cmp x="1944" y="1610" width="47" height="53" />
        <cmp x="1987" y="1607" width="8" height="6" />
      </word>
      <upper-contour>
        <point x="341" y="1472" />
        <point x="1996" y="1472" />
      </upper-contour>
      <lower-contour>
        <point x="341" y="1677" />
        <point x="1996" y="1677" />
      </lower-contour>
    </line>
    <line ass="46" asx="0" asy="1743" character-width="999" dss="46" dsx="0" dsy="1861" fd0="14418" fd1="3025" fd2="-502" filter-width="3" id="l04-034-06" lbs="47" lbx="0" lby="1819" segmentation="ok" slant="63000" stroke-width="5423" threshold="169" text="nodded his grizzled head like an old" ubs="46" ubx="0" uby="1792">
      <word id="l04-034-06-00" tag="VBD" text="nodded">
        <cmp x="342" y="1790" width="32" height="27" />
        <cmp x="387" y="1790" width="29" height="30" />
        <cmp x="428" y="1748" width="63" height="73" />
        <cmp x="473" y="1753" width="57" height="66" />
        <cmp x="515" y="1789" width="33" height="37" />
        <cmp x="527" y="1749" width="3" height="3" />
        <cmp x="561" y="1755" width="54" height="65" />
      </word>
      <word id="l04-034-06-01" tag="PP$" text="his">
        <cmp x="713" y="1746" width="44" height="78" />
        <cmp x="767" y="1803" width="10" height="14" />
        <cmp x="773" y="1793" width="37" height="34" />
        <cmp x="783" y="1775" width="10" height="19" />
      </word>
      <word id="l04-034-06-02" tag="JJ" text="grizzled">
        <cmp x="841" y="1792" width="87" height="70" />
        <cmp x="942" y="1794" width="36" height="30" />
        <cmp x="978" y="1799" width="13" height="19" />
        <cmp x="995" y="1775" width="9" height="10" />
        <cmp x="1004" y="1793" width="36" height="27" />
        <cmp x="1044" y="1793" width="37" height="31" />
        <cmp x="1094" y="1743" width="96" height="74" />
        <cmp x="1171" y="1789" width="31" height="32" />
        <cmp x="1213" y="1749" width="66" height="72" />
      </word>
      <word id="l04-034-06-03" tag="NN" text="head">
        <cmp x="1356" y="1766" width="40" height="56" />
        <cmp x="1402" y="1787" width="34" height="32" />
        <cmp x="1434" y="1792" width="36" height="29" />
        <cmp x="1481" y="1757" width="62" height="61" />
      </word>
      <word id="l04-034-06-04" tag="IN" text="like">
        <cmp x="1615" y="1745" width="102" height="74" />
        <cmp x="1715" y="1772" width="9" height="13" />
        <cmp x="1726" y="1758" width="40" height="62" />
        <cmp x="1775" y="1786" width="34" height="28" />
      </word>
      <word id="l04-034-06-05" tag="AT" text="an">
        <cmp x="1899" y="1790" width="34" height="28" />
        <cmp x="1943" y="1794" width="38" height="20" />
      </word>
      <word id="l04-034-06-06" tag="JJ" text="old">
        <cmp x="2049" y="1797" width="41" height="26" />
        <cmp x="2070" y="1796" width="14" height="6" />
        <cmp x="2096" y="1761" width="64" height="61" />
        <cmp x="2142" y="1749" width="76" height="75" />
      </word>
      <upper-contour>
        <point x="341" y="1677" />
        <point x="1996" y="1677" />
      </upper-contour>
      <lower-contour>
        <point x="340" y="1863" />
        <point x="2065" y="1863" />
      </lower-contour>
    </line>
    <line ass="-303" asx="0" asy="1901" character-width="999" dss="-303" dsx="0" dsy="2023" fd0="14666" fd1="3474" fd2="384" filter-width="3" id="l04-034-07" lbs="-404" lbx="0" lby="1987" segmentation="ok" slant="57000" stroke-width="5319" threshold="170" text="hound. &apos;You&apos;re right there, Bob&apos;, he" ubs="-102" ubx="0" uby="1965">
      <word id="l04-034-07-00" tag="NN" text="hound">
        <cmp x="342" y="1930" width="44" height="72" />
        <cmp x="397" y="1966" width="29" height="31" />
        <cmp x="431" y="1965" width="37" height="27" />
        <cmp x="481" y="1964" width="34" height="23" />
        <cmp x="529" y="1936" width="51" height="58" />
      </word>
      <word id="l04-034-07-01" tag="." text=".">
        <cmp x="614" y="1991" width="11" height="6" />
      </word>
      <word id="l04-034-07-02" sentence-start="yes" tag="*&apos;" text="&apos;">
        <cmp x="712" y="1936" width="24" height="27" />
      </word>
      <word id="l04-034-07-03" tag="PP2" text="You">
        <cmp x="774" y="1920" width="35" height="48" />
        <cmp x="790" y="1913" width="59" height="88" />
        <cmp x="825" y="1970" width="33" height="33" />
        <cmp x="863" y="1972" width="43" height="31" />
      </word>
      <word id="l04-034-07-04" tag="BER" text="&apos;re">
        <cmp x="947" y="1917" width="13" height="28" />
        <cmp x="948" y="1917" width="3" height="5" />
        <cmp x="939" y="1969" width="35" height="24" />
        <cmp x="975" y="1965" width="31" height="30" />
      </word>
      <word id="l04-034-07-05" tag="JJ" text="right">
        <cmp x="1102" y="1964" width="42" height="28" />
        <cmp x="1119" y="1970" width="91" height="61" />
        <cmp x="1147" y="1972" width="12" height="19" />
        <cmp x="1163" y="1949" width="11" height="19" />
        <cmp x="1218" y="1943" width="37" height="52" />
        <cmp x="1266" y="1934" width="36" height="56" />
      </word>
      <word id="l04-034-07-06" tag="RN" text="there">
        <cmp x="1340" y="1933" width="40" height="52" />
        <cmp x="1361" y="1927" width="47" height="69" />
        <cmp x="1413" y="1966" width="35" height="33" />
        <cmp x="1449" y="1972" width="37" height="27" />
        <cmp x="1492" y="1968" width="31" height="27" />
      </word>
      <word id="l04-034-07-07" tag="," text=",">
        <cmp x="1526" y="1997" width="14" height="17" />
      </word>
      <word id="l04-034-07-08" tag="NP" text="Bob">
        <cmp x="1585" y="1925" width="146" height="80" />
        <cmp x="1633" y="1912" width="5" height="5" />
        <cmp x="1639" y="1910" width="92" height="18" />
        <cmp x="1728" y="1973" width="40" height="29" />
        <cmp x="1786" y="1945" width="36" height="48" />
      </word>
      <word id="l04-034-07-09" tag="**&apos;" text="&apos;">
        <cmp x="1857" y="1932" width="19" height="18" />
      </word>
      <word id="l04-034-07-10" tag="," text=",">
        <cmp x="1876" y="2007" width="18" height="19" />
      </word>
      <word id="l04-034-07-11" tag="PP3A" text="he">
        <cmp x="1970" y="1934" width="46" height="62" />
        <cmp x="2030" y="1960" width="33" height="34" />
      </word>
      <upper-contour>
        <point x="340" y="1863" />
        <point x="2065" y="1863" />
      </upper-contour>
      <lower-contour>
        <point x="345" y="2031" />
        <point x="2065" y="2031" />
      </lower-contour>
    </line>
    <line ass="-39" asx="0" asy="2087" character-width="999" dss="-39" dsx="0" dsy="2188" fd0="14447" fd1="2978" fd2="-546" filter-width="3" id="l04-034-08" lbs="26" lbx="0" lby="2173" segmentation="ok" slant="62000" stroke-width="5325" threshold="172" text="muttered. &apos;But it&apos;s easier said than done." ubs="-172" ubx="0" uby="2142">
      <word id="l04-034-08-00" tag="VBD" text="muttered">
        <cmp x="347" y="2136" width="55" height="37" />
        <cmp x="407" y="2140" width="37" height="32" />
        <cmp x="441" y="2116" width="37" height="56" />
        <cmp x="476" y="2113" width="35" height="60" />
        <cmp x="504" y="2143" width="32" height="31" />
        <cmp x="544" y="2144" width="41" height="30" />
        <cmp x="578" y="2145" width="30" height="35" />
        <cmp x="625" y="2106" width="66" height="71" />
      </word>
      <word id="l04-034-08-01" tag="." text=".">
        <cmp x="695" y="2166" width="9" height="7" />
      </word>
      <word id="l04-034-08-02" sentence-start="yes" tag="*&apos;" text="&apos;">
        <cmp x="807" y="2095" width="30" height="33" />
      </word>
      <word id="l04-034-08-03" tag="CC" text="But">
        <cmp x="818" y="2088" width="176" height="102" />
      </word>
      <word id="l04-034-08-04" tag="PP3" text="it">
        <cmp x="1087" y="2161" width="7" height="11" />
        <cmp x="1108" y="2124" width="10" height="18" />
        <cmp x="1114" y="2119" width="37" height="60" />
      </word>
      <word id="l04-034-08-05" tag="BEZ" text="&apos;s">
        <cmp x="1175" y="2118" width="13" height="19" />
        <cmp x="1170" y="2148" width="34" height="34" />
      </word>
      <word id="l04-034-08-06" tag="RBR" text="easier">
        <cmp x="1282" y="2150" width="69" height="28" />
        <cmp x="1348" y="2150" width="38" height="31" />
        <cmp x="1390" y="2157" width="13" height="14" />
        <cmp x="1409" y="2127" width="10" height="15" />
        <cmp x="1414" y="2145" width="30" height="34" />
        <cmp x="1444" y="2150" width="36" height="26" />
      </word>
      <word id="l04-034-08-07" tag="VBN" text="said">
        <cmp x="1558" y="2142" width="54" height="35" />
        <cmp x="1604" y="2143" width="66" height="31" />
        <cmp x="1675" y="2119" width="9" height="12" />
        <cmp x="1680" y="2107" width="65" height="63" />
      </word>
      <word id="l04-034-08-08" tag="CS" text="than">
        <cmp x="1817" y="2102" width="46" height="69" />
        <cmp x="1861" y="2108" width="46" height="61" />
        <cmp x="1905" y="2140" width="33" height="30" />
        <cmp x="1941" y="2145" width="37" height="37" />
      </word>
      <word id="l04-034-08-09" tag="VBN" text="done">
        <cmp x="2016" y="2092" width="76" height="87" />
        <cmp x="2061" y="2150" width="33" height="31" />
        <cmp x="2093" y="2145" width="65" height="37" />
      </word>
      <word id="l04-034-08-10" tag="." text=".">
        <cmp x="2164" y="2168" width="9" height="7" />
      </word>
      <upper-contour>
        <point x="345" y="2031" />
        <point x="2065" y="2031" />
      </upper-contour>
    </line>
  </handwritten-part>
</form>

