<?xml version="1.0" encoding="ISO-8859-1"?>

<!DOCTYPE form SYSTEM 'http://www.iam.unibe.ch/~fki/iamdb/form-metadata.dtd'>

<form created="2002-01-25" height="3542" id="l07-111" last-modified="2002-07-17" skew="-30" status="final" version="3.0_beta" width="2479" writer-id="496">
  <machine-printed-part>
    <machine-print-line text="I could meet you at the bus station.&amp;quot; &amp;quot;No,&amp;quot; I said, &amp;quot;outside your office.&amp;quot; I could" />
    <machine-print-line text="not endure the thought of another wait at the bus station. He was there punctually." />
    <machine-print-line text="Dressed in a loud tartan shirt and abbreviated shorts he looked hardly more than a" />
    <machine-print-line text="boy, a cheerful, good-natured boy. He settled me into the car with touching care and" />
    <machine-print-line text="then drove like a fiend along the river road." />
  </machine-printed-part>
  <handwritten-part>
    <line ass="745" asx="0" asy="649" character-width="999" dss="745" dsx="0" dsy="757" fd0="13103" fd1="3075" fd2="-30" filter-width="4" id="l07-111-00" lbs="734" lbx="0" lby="736" segmentation="err" slant="73000" stroke-width="5987" threshold="172" text="I could meet you at the bus station.&amp;quot;" ubs="767" ubx="0" uby="695">
      <word id="l07-111-00-00" sentence-start="yes" tag="PP1A" text="I">
        <cmp x="338" y="678" width="77" height="76" />
      </word>
      <word id="l07-111-00-01" tag="MD" text="could">
        <cmp x="527" y="699" width="41" height="34" />
        <cmp x="571" y="700" width="43" height="33" />
        <cmp x="622" y="692" width="35" height="37" />
        <cmp x="672" y="649" width="35" height="76" />
        <cmp x="709" y="644" width="51" height="84" />
      </word>
      <word id="l07-111-00-02" tag="VB" text="meet">
        <cmp x="860" y="684" width="59" height="38" />
        <cmp x="937" y="677" width="38" height="42" />
        <cmp x="991" y="680" width="36" height="40" />
        <cmp x="1053" y="646" width="45" height="73" />
      </word>
      <word id="l07-111-00-03" tag="PP2" text="you">
        <cmp x="1190" y="670" width="66" height="57" />
        <cmp x="1265" y="676" width="26" height="32" />
        <cmp x="1303" y="667" width="35" height="36" />
      </word>
      <word id="l07-111-00-04" tag="IN" text="at">
        <cmp x="1417" y="674" width="47" height="36" />
        <cmp x="1474" y="638" width="39" height="71" />
      </word>
      <word id="l07-111-00-05" tag="ATI" text="the">
        <cmp x="1575" y="644" width="72" height="75" />
        <cmp x="1667" y="674" width="41" height="34" />
      </word>
      <word id="l07-111-00-06" tag="NN" text="bus">
        <cmp x="1795" y="643" width="45" height="67" />
        <cmp x="1853" y="665" width="34" height="41" />
        <cmp x="1892" y="663" width="38" height="49" />
      </word>
      <word id="l07-111-00-07" tag="NN" text="station">
        <cmp x="1992" y="666" width="40" height="48" />
        <cmp x="2037" y="624" width="39" height="91" />
        <cmp x="2063" y="668" width="35" height="48" />
        <cmp x="2101" y="626" width="31" height="88" />
        <cmp x="2132" y="672" width="12" height="42" />
        <cmp x="2143" y="648" width="10" height="13" />
        <cmp x="2152" y="677" width="24" height="39" />
        <cmp x="2183" y="670" width="23" height="45" />
      </word>
      <word id="l07-111-00-08" tag="." text=".">
        <cmp x="2212" y="698" width="12" height="14" />
        <cmp x="2221" y="652" width="18" height="29" />
      </word>
      <word id="l07-111-00-09" tag="**&apos;" text="&quot;">
        <cmp x="2242" y="645" width="15" height="29" />
      </word>
      <lower-contour>
        <point x="371" y="742" />
        <point x="2258" y="742" />
      </lower-contour>
    </line>
    <line ass="224" asx="0" asy="809" character-width="999" dss="224" dsx="0" dsy="925" fd0="13888" fd1="2688" fd2="-653" filter-width="4" id="l07-111-01" lbs="431" lbx="0" lby="895" segmentation="err" slant="68000" stroke-width="5973" threshold="172" text="&amp;quot;No,&amp;quot; I said, &amp;quot;outside your office.&amp;quot;" ubs="-190" ubx="0" uby="845">
      <word id="l07-111-01-00" sentence-start="yes" tag="*&apos;" text="&quot;">
        <cmp x="373" y="834" width="21" height="38" />
        <cmp x="402" y="829" width="23" height="38" />
      </word>
      <word id="l07-111-01-01" tag="UH" text="No">
        <cmp x="443" y="837" width="50" height="78" />
        <cmp x="495" y="863" width="34" height="50" />
        <cmp x="530" y="896" width="9" height="11" />
      </word>
      <word id="l07-111-01-02" tag="," text=",">
        <cmp x="583" y="839" width="16" height="23" />
      </word>
      <word id="l07-111-01-03" tag="**&apos;" text="&quot;">
        <cmp x="611" y="830" width="21" height="29" />
      </word>
      <word id="l07-111-01-04" tag="PP1A" text="I">
        <cmp x="639" y="828" width="66" height="83" />
      </word>
      <word id="l07-111-01-05" tag="VBD" text="said">
        <cmp x="792" y="851" width="44" height="49" />
        <cmp x="842" y="857" width="33" height="42" />
        <cmp x="886" y="855" width="17" height="47" />
        <cmp x="904" y="834" width="8" height="16" />
        <cmp x="913" y="821" width="48" height="82" />
      </word>
      <word id="l07-111-01-06" tag="," text=",">
        <cmp x="956" y="878" width="23" height="28" />
      </word>
      <word id="l07-111-01-07" tag="*&apos;" text="&quot;">
        <cmp x="1065" y="831" width="22" height="26" />
        <cmp x="1091" y="828" width="22" height="29" />
      </word>
      <word id="l07-111-01-08" tag="IN" text="outside">
        <cmp x="1127" y="857" width="32" height="35" />
        <cmp x="1181" y="851" width="33" height="44" />
        <cmp x="1230" y="816" width="44" height="73" />
        <cmp x="1266" y="847" width="44" height="40" />
        <cmp x="1319" y="850" width="20" height="39" />
        <cmp x="1336" y="823" width="7" height="9" />
        <cmp x="1359" y="843" width="29" height="44" />
        <cmp x="1381" y="805" width="35" height="86" />
        <cmp x="1410" y="847" width="38" height="42" />
      </word>
      <word id="l07-111-01-09" tag="PP$" text="your">
        <cmp x="1588" y="840" width="51" height="80" />
        <cmp x="1650" y="840" width="35" height="44" />
        <cmp x="1705" y="845" width="42" height="43" />
        <cmp x="1778" y="841" width="53" height="47" />
      </word>
      <word id="l07-111-01-10" tag="NN" text="office">
        <cmp x="1928" y="844" width="39" height="46" />
        <cmp x="1978" y="816" width="54" height="95" />
        <cmp x="2016" y="848" width="5" height="5" />
        <cmp x="2024" y="815" width="67" height="98" />
        <cmp x="2090" y="843" width="24" height="47" />
        <cmp x="2122" y="820" width="11" height="10" />
        <cmp x="2122" y="839" width="48" height="47" />
        <cmp x="2164" y="844" width="43" height="40" />
      </word>
      <word id="l07-111-01-11" tag="." text=".">
        <cmp x="2217" y="877" width="9" height="11" />
      </word>
      <word id="l07-111-01-12" tag="**&apos;" text="&quot;">
        <cmp x="2227" y="829" width="35" height="30" />
      </word>
      <upper-contour>
        <point x="371" y="742" />
        <point x="2258" y="742" />
      </upper-contour>
      <lower-contour>
        <point x="371" y="920" />
        <point x="2246" y="920" />
      </lower-contour>
    </line>
    <line ass="1004" asx="0" asy="1020" character-width="999" dss="1004" dsx="0" dsy="1148" fd0="13558" fd1="3085" fd2="-80" filter-width="4" id="l07-111-02" lbs="948" lbx="0" lby="1112" segmentation="ok" slant="70000" stroke-width="5884" threshold="168" text="I could not endure the thought" ubs="1115" ubx="0" uby="1076">
      <word id="l07-111-02-00" sentence-start="yes" tag="PP1A" text="I">
        <cmp x="345" y="1030" width="86" height="84" />
      </word>
      <word id="l07-111-02-01" tag="MD" text="could">
        <cmp x="559" y="1067" width="43" height="42" />
        <cmp x="608" y="1067" width="37" height="45" />
        <cmp x="657" y="1067" width="36" height="38" />
        <cmp x="716" y="1024" width="42" height="84" />
        <cmp x="749" y="1018" width="60" height="92" />
      </word>
      <word id="l07-111-02-02" tag="XNOT" text="not">
        <cmp x="938" y="1057" width="55" height="48" />
        <cmp x="1015" y="1054" width="37" height="43" />
        <cmp x="1071" y="1002" width="33" height="86" />
      </word>
      <word id="l07-111-02-03" tag="VB" text="endure">
        <cmp x="1218" y="1046" width="43" height="41" />
        <cmp x="1279" y="1050" width="40" height="35" />
        <cmp x="1345" y="1039" width="41" height="42" />
        <cmp x="1378" y="997" width="37" height="77" />
        <cmp x="1404" y="1036" width="45" height="43" />
        <cmp x="1465" y="1042" width="36" height="36" />
        <cmp x="1516" y="1036" width="37" height="41" />
      </word>
      <word id="l07-111-02-04" tag="ATI" text="the">
        <cmp x="1665" y="1009" width="44" height="81" />
        <cmp x="1721" y="1009" width="32" height="88" />
        <cmp x="1764" y="1045" width="42" height="42" />
      </word>
      <word id="l07-111-02-05" tag="NN" text="thought">
        <cmp x="1895" y="1017" width="51" height="71" />
        <cmp x="1936" y="1012" width="30" height="77" />
        <cmp x="1979" y="1044" width="42" height="44" />
        <cmp x="2024" y="1037" width="31" height="50" />
        <cmp x="2053" y="1042" width="55" height="71" />
        <cmp x="2133" y="997" width="36" height="79" />
        <cmp x="2182" y="997" width="63" height="81" />
      </word>
      <upper-contour>
        <point x="371" y="920" />
        <point x="2246" y="920" />
      </upper-contour>
      <lower-contour>
        <point x="358" y="1114" />
        <point x="2246" y="1114" />
      </lower-contour>
    </line>
    <line ass="389" asx="0" asy="1181" character-width="999" dss="389" dsx="0" dsy="1306" fd0="13484" fd1="2957" fd2="-519" filter-width="4" id="l07-111-03" lbs="373" lbx="0" lby="1276" segmentation="ok" slant="68000" stroke-width="5912" threshold="172" text="of another wait at the bus station." ubs="421" ubx="0" uby="1235">
      <word id="l07-111-03-00" tag="INO" text="of">
        <cmp x="360" y="1236" width="50" height="54" />
        <cmp x="416" y="1201" width="62" height="104" />
      </word>
      <word id="l07-111-03-01" tag="DT" text="another">
        <cmp x="607" y="1232" width="43" height="48" />
        <cmp x="668" y="1230" width="44" height="46" />
        <cmp x="731" y="1232" width="44" height="44" />
        <cmp x="799" y="1188" width="48" height="85" />
        <cmp x="848" y="1199" width="29" height="75" />
        <cmp x="895" y="1225" width="40" height="42" />
        <cmp x="956" y="1229" width="39" height="36" />
      </word>
      <word id="l07-111-03-02" tag="NN" text="wait">
        <cmp x="1118" y="1219" width="76" height="50" />
        <cmp x="1201" y="1217" width="54" height="51" />
        <cmp x="1265" y="1212" width="30" height="52" />
        <cmp x="1298" y="1178" width="14" height="14" />
        <cmp x="1320" y="1171" width="54" height="83" />
      </word>
      <word id="l07-111-03-03" tag="IN" text="at">
        <cmp x="1478" y="1218" width="43" height="56" />
        <cmp x="1539" y="1171" width="46" height="98" />
      </word>
      <word id="l07-111-03-04" tag="ATI" text="the">
        <cmp x="1691" y="1186" width="42" height="87" />
        <cmp x="1723" y="1191" width="40" height="83" />
        <cmp x="1774" y="1227" width="41" height="36" />
      </word>
      <word id="l07-111-03-05" tag="NN" text="bus">
        <cmp x="1910" y="1185" width="43" height="81" />
        <cmp x="1953" y="1220" width="39" height="49" />
        <cmp x="1995" y="1219" width="39" height="45" />
      </word>
      <word id="l07-111-03-06" tag="NN" text="station">
        <cmp x="2085" y="1219" width="27" height="46" />
        <cmp x="2122" y="1173" width="28" height="89" />
        <cmp x="2138" y="1224" width="33" height="39" />
        <cmp x="2172" y="1169" width="31" height="94" />
        <cmp x="2204" y="1213" width="12" height="48" />
        <cmp x="2217" y="1183" width="6" height="9" />
        <cmp x="2219" y="1217" width="28" height="42" />
        <cmp x="2251" y="1217" width="31" height="42" />
      </word>
      <word id="l07-111-03-07" tag="." text=".">
        <cmp x="2280" y="1244" width="10" height="13" />
      </word>
      <upper-contour>
        <point x="358" y="1114" />
        <point x="2246" y="1114" />
      </upper-contour>
      <lower-contour>
        <point x="358" y="1305" />
        <point x="2263" y="1305" />
      </lower-contour>
    </line>
    <line ass="610" asx="0" asy="1359" character-width="999" dss="610" dsx="0" dsy="1500" fd0="13610" fd1="2450" fd2="-660" filter-width="4" id="l07-111-04" lbs="524" lbx="0" lby="1463" segmentation="ok" slant="74000" stroke-width="6162" threshold="168" text="He was there punctually. Dressed" ubs="782" ubx="0" uby="1424">
      <word id="l07-111-04-00" sentence-start="yes" tag="PP3A" text="He">
        <cmp x="347" y="1395" width="49" height="84" />
        <cmp x="412" y="1431" width="44" height="41" />
      </word>
      <word id="l07-111-04-01" tag="BEDZ" text="was">
        <cmp x="579" y="1425" width="71" height="37" />
        <cmp x="668" y="1418" width="40" height="39" />
        <cmp x="732" y="1408" width="39" height="40" />
      </word>
      <word id="l07-111-04-02" tag="RN" text="there">
        <cmp x="853" y="1378" width="65" height="83" />
        <cmp x="927" y="1384" width="38" height="71" />
        <cmp x="986" y="1402" width="38" height="46" />
        <cmp x="1041" y="1397" width="51" height="54" />
        <cmp x="1088" y="1395" width="46" height="51" />
      </word>
      <word id="l07-111-04-03" tag="RB" text="punctually">
        <cmp x="1241" y="1403" width="50" height="85" />
        <cmp x="1326" y="1398" width="41" height="47" />
        <cmp x="1382" y="1399" width="42" height="43" />
        <cmp x="1449" y="1399" width="39" height="47" />
        <cmp x="1512" y="1344" width="45" height="97" />
        <cmp x="1558" y="1396" width="37" height="43" />
        <cmp x="1615" y="1395" width="39" height="46" />
        <cmp x="1682" y="1359" width="42" height="85" />
        <cmp x="1720" y="1359" width="52" height="79" />
        <cmp x="1738" y="1398" width="63" height="67" />
      </word>
      <word id="l07-111-04-04" tag="." text=".">
        <cmp x="1804" y="1431" width="12" height="21" />
      </word>
      <word id="l07-111-04-05" sentence-start="yes" tag="VBN" text="Dressed">
        <cmp x="1901" y="1377" width="67" height="77" />
        <cmp x="1983" y="1405" width="35" height="38" />
        <cmp x="2022" y="1404" width="40" height="41" />
        <cmp x="2089" y="1397" width="48" height="48" />
        <cmp x="2124" y="1398" width="41" height="49" />
        <cmp x="2169" y="1396" width="36" height="46" />
        <cmp x="2215" y="1364" width="47" height="93" />
      </word>
      <upper-contour>
        <point x="358" y="1305" />
        <point x="2263" y="1305" />
      </upper-contour>
      <lower-contour>
        <point x="349" y="1488" />
        <point x="2263" y="1488" />
      </lower-contour>
    </line>
    <line ass="410" asx="0" asy="1530" character-width="999" dss="410" dsx="0" dsy="1642" fd0="13643" fd1="2901" fd2="-766" filter-width="4" id="l07-111-05" lbs="393" lbx="0" lby="1633" segmentation="ok" slant="68000" stroke-width="6177" threshold="165" text="in a loud tartan shirt and abbreviated" ubs="444" ubx="0" uby="1591">
      <word id="l07-111-05-00" tag="IN" text="in">
        <cmp x="351" y="1583" width="22" height="51" />
        <cmp x="378" y="1557" width="13" height="11" />
        <cmp x="393" y="1587" width="51" height="44" />
      </word>
      <word id="l07-111-05-01" tag="AT" text="a">
        <cmp x="617" y="1584" width="53" height="43" />
      </word>
      <word id="l07-111-05-02" tag="JJ" text="loud">
        <cmp x="785" y="1544" width="43" height="91" />
        <cmp x="815" y="1586" width="40" height="48" />
        <cmp x="857" y="1587" width="40" height="42" />
        <cmp x="916" y="1529" width="63" height="95" />
      </word>
      <word id="l07-111-05-03" tag="NN" text="tartan">
        <cmp x="1041" y="1548" width="63" height="81" />
        <cmp x="1091" y="1583" width="43" height="42" />
        <cmp x="1138" y="1582" width="40" height="50" />
        <cmp x="1181" y="1547" width="45" height="82" />
        <cmp x="1215" y="1578" width="41" height="43" />
        <cmp x="1269" y="1581" width="34" height="44" />
      </word>
      <word id="l07-111-05-04" tag="NN" text="shirt">
        <cmp x="1427" y="1580" width="52" height="41" />
        <cmp x="1494" y="1546" width="37" height="84" />
        <cmp x="1544" y="1579" width="14" height="47" />
        <cmp x="1556" y="1558" width="15" height="6" />
        <cmp x="1564" y="1585" width="32" height="43" />
        <cmp x="1605" y="1530" width="46" height="101" />
      </word>
      <word id="l07-111-05-05" tag="CC" text="and">
        <cmp x="1723" y="1577" width="41" height="45" />
        <cmp x="1770" y="1578" width="39" height="39" />
        <cmp x="1821" y="1525" width="56" height="96" />
      </word>
      <word id="l07-111-05-06" tag="JJ" text="abbreviated">
        <cmp x="1937" y="1574" width="47" height="51" />
        <cmp x="1984" y="1531" width="37" height="94" />
        <cmp x="2026" y="1534" width="37" height="87" />
        <cmp x="2073" y="1573" width="38" height="48" />
        <cmp x="2106" y="1573" width="37" height="40" />
        <cmp x="2151" y="1575" width="29" height="48" />
        <cmp x="2186" y="1578" width="10" height="45" />
        <cmp x="2195" y="1545" width="7" height="12" />
        <cmp x="2202" y="1575" width="28" height="45" />
        <cmp x="2225" y="1516" width="35" height="94" />
        <cmp x="2254" y="1570" width="27" height="38" />
        <cmp x="2281" y="1526" width="39" height="95" />
      </word>
      <upper-contour>
        <point x="349" y="1488" />
        <point x="2263" y="1488" />
      </upper-contour>
      <lower-contour>
        <point x="349" y="1635" />
        <point x="2255" y="1635" />
      </lower-contour>
    </line>
    <line ass="-57" asx="0" asy="1713" character-width="999" dss="-57" dsx="0" dsy="1828" fd0="13780" fd1="2909" fd2="-474" filter-width="4" id="l07-111-06" lbs="-64" lbx="0" lby="1806" segmentation="ok" slant="68999" stroke-width="6180" threshold="165" text="shorts he looked hardly more than" ubs="-43" ubx="0" uby="1766">
      <word id="l07-111-06-00" tag="NNS" text="shorts">
        <cmp x="320" y="1759" width="54" height="48" />
        <cmp x="373" y="1727" width="33" height="79" />
        <cmp x="422" y="1769" width="32" height="40" />
        <cmp x="461" y="1767" width="33" height="37" />
        <cmp x="509" y="1730" width="47" height="80" />
        <cmp x="547" y="1759" width="42" height="38" />
      </word>
      <word id="l07-111-06-01" tag="PP3A" text="he">
        <cmp x="715" y="1728" width="50" height="86" />
        <cmp x="776" y="1767" width="43" height="46" />
      </word>
      <word id="l07-111-06-02" tag="VBD" text="looked">
        <cmp x="959" y="1732" width="42" height="82" />
        <cmp x="987" y="1772" width="38" height="44" />
        <cmp x="1047" y="1755" width="44" height="50" />
        <cmp x="1122" y="1715" width="67" height="92" />
        <cmp x="1174" y="1756" width="38" height="47" />
        <cmp x="1236" y="1721" width="50" height="89" />
      </word>
      <word id="l07-111-06-03" tag="RB" text="hardly">
        <cmp x="1425" y="1730" width="35" height="84" />
        <cmp x="1447" y="1723" width="5" height="6" />
        <cmp x="1480" y="1769" width="43" height="39" />
        <cmp x="1527" y="1773" width="35" height="32" />
        <cmp x="1582" y="1717" width="64" height="97" />
        <cmp x="1648" y="1720" width="50" height="92" />
        <cmp x="1672" y="1771" width="57" height="60" />
      </word>
      <word id="l07-111-06-04" tag="AP" text="more">
        <cmp x="1810" y="1773" width="59" height="43" />
        <cmp x="1880" y="1776" width="36" height="44" />
        <cmp x="1933" y="1767" width="43" height="43" />
        <cmp x="1974" y="1761" width="41" height="45" />
      </word>
      <word id="l07-111-06-05" tag="IN" text="than">
        <cmp x="2078" y="1727" width="46" height="82" />
        <cmp x="2116" y="1745" width="31" height="63" />
        <cmp x="2165" y="1761" width="40" height="42" />
        <cmp x="2213" y="1761" width="41" height="41" />
      </word>
      <upper-contour>
        <point x="349" y="1635" />
        <point x="2255" y="1635" />
      </upper-contour>
      <lower-contour>
        <point x="318" y="1831" />
        <point x="2212" y="1831" />
      </lower-contour>
    </line>
    <line ass="1108" asx="0" asy="1913" character-width="999" dss="1108" dsx="0" dsy="2026" fd0="13865" fd1="2996" fd2="365" filter-width="4" id="l07-111-07" lbs="1088" lbx="0" lby="2000" segmentation="ok" slant="70000" stroke-width="6067" threshold="168" text="a boy, a cheerful, good-natured" ubs="1149" ubx="0" uby="1961">
      <word id="l07-111-07-00" tag="AT" text="a">
        <cmp x="303" y="1958" width="46" height="45" />
      </word>
      <word id="l07-111-07-01" tag="NN" text="boy">
        <cmp x="438" y="1916" width="38" height="71" />
        <cmp x="495" y="1954" width="30" height="35" />
        <cmp x="525" y="1948" width="57" height="57" />
      </word>
      <word id="l07-111-07-02" tag="," text=",">
        <cmp x="581" y="1965" width="22" height="29" />
      </word>
      <word id="l07-111-07-03" tag="AT" text="a">
        <cmp x="719" y="1951" width="38" height="38" />
      </word>
      <word id="l07-111-07-04" tag="JJ" text="cheerful">
        <cmp x="875" y="1948" width="36" height="45" />
        <cmp x="920" y="1898" width="40" height="85" />
        <cmp x="984" y="1942" width="34" height="38" />
        <cmp x="1052" y="1939" width="37" height="39" />
        <cmp x="1104" y="1933" width="41" height="40" />
        <cmp x="1173" y="1893" width="65" height="109" />
        <cmp x="1238" y="1929" width="21" height="34" />
        <cmp x="1259" y="1932" width="14" height="41" />
        <cmp x="1293" y="1888" width="46" height="84" />
      </word>
      <word id="l07-111-07-05" tag="," text=",">
        <cmp x="1330" y="1936" width="25" height="42" />
      </word>
      <word id="l07-111-07-06" tag="JJ" text="good-natured">
        <cmp x="1457" y="1934" width="47" height="64" />
        <cmp x="1516" y="1936" width="35" height="38" />
        <cmp x="1566" y="1934" width="41" height="34" />
        <cmp x="1642" y="1883" width="61" height="87" />
        <cmp x="1704" y="1947" width="26" height="8" />
        <cmp x="1798" y="1916" width="48" height="52" />
        <cmp x="1859" y="1922" width="42" height="41" />
        <cmp x="1929" y="1880" width="53" height="88" />
        <cmp x="1982" y="1922" width="38" height="48" />
        <cmp x="2042" y="1923" width="34" height="41" />
        <cmp x="2079" y="1914" width="39" height="44" />
        <cmp x="2145" y="1878" width="66" height="91" />
      </word>
      <upper-contour>
        <point x="318" y="1831" />
        <point x="2212" y="1831" />
      </upper-contour>
      <lower-contour>
        <point x="342" y="2006" />
        <point x="2172" y="2006" />
      </lower-contour>
    </line>
    <line ass="493" asx="0" asy="2082" character-width="999" dss="493" dsx="0" dsy="2201" fd0="12156" fd1="2478" fd2="-104" filter-width="4" id="l07-111-08" lbs="494" lbx="0" lby="2180" segmentation="ok" slant="68999" stroke-width="6331" threshold="165" text="boy. He settled me into the car" ubs="492" ubx="0" uby="2139">
      <word id="l07-111-08-00" tag="NN" text="boy">
        <cmp x="344" y="2099" width="48" height="88" />
        <cmp x="400" y="2136" width="30" height="44" />
        <cmp x="413" y="2107" width="84" height="92" />
      </word>
      <word id="l07-111-08-01" tag="." text=".">
        <cmp x="495" y="2163" width="16" height="15" />
      </word>
      <word id="l07-111-08-02" sentence-start="yes" tag="PP3A" text="He">
        <cmp x="635" y="2096" width="61" height="73" />
        <cmp x="720" y="2121" width="41" height="36" />
      </word>
      <word id="l07-111-08-03" tag="VBD" text="settled">
        <cmp x="852" y="2123" width="59" height="39" />
        <cmp x="925" y="2130" width="45" height="39" />
        <cmp x="1017" y="2074" width="65" height="94" />
        <cmp x="1078" y="2075" width="57" height="91" />
        <cmp x="1125" y="2082" width="52" height="99" />
        <cmp x="1168" y="2130" width="37" height="41" />
        <cmp x="1224" y="2081" width="58" height="95" />
      </word>
      <word id="l07-111-08-04" tag="PP1O" text="me">
        <cmp x="1342" y="2134" width="79" height="44" />
        <cmp x="1438" y="2132" width="41" height="42" />
      </word>
      <word id="l07-111-08-05" tag="IN" text="into">
        <cmp x="1575" y="2125" width="19" height="54" />
        <cmp x="1596" y="2094" width="21" height="11" />
        <cmp x="1608" y="2130" width="43" height="47" />
        <cmp x="1674" y="2084" width="47" height="84" />
      </word>
      <word id="l07-111-08-06" tag="ATI" text="the">
        <cmp x="1795" y="2086" width="40" height="82" />
        <cmp x="1849" y="2098" width="32" height="73" />
        <cmp x="1897" y="2117" width="44" height="47" />
      </word>
      <word id="l07-111-08-07" tag="NN" text="car">
        <cmp x="2042" y="2122" width="28" height="44" />
        <cmp x="2071" y="2117" width="15" height="23" />
        <cmp x="2081" y="2118" width="37" height="47" />
        <cmp x="2120" y="2122" width="50" height="39" />
      </word>
      <upper-contour>
        <point x="342" y="2006" />
        <point x="2172" y="2006" />
      </upper-contour>
      <lower-contour>
        <point x="342" y="2199" />
        <point x="2127" y="2199" />
      </lower-contour>
    </line>
    <line ass="742" asx="0" asy="2266" character-width="999" dss="742" dsx="0" dsy="2391" fd0="13958" fd1="2684" fd2="16" filter-width="4" id="l07-111-09" lbs="756" lbx="0" lby="2362" segmentation="ok" slant="68000" stroke-width="5904" threshold="172" text="with touching care and then" ubs="715" ubx="0" uby="2319">
      <word id="l07-111-09-00" tag="IN" text="with">
        <cmp x="331" y="2314" width="75" height="46" />
        <cmp x="420" y="2312" width="14" height="43" />
        <cmp x="432" y="2288" width="11" height="9" />
        <cmp x="455" y="2274" width="48" height="82" />
        <cmp x="510" y="2274" width="36" height="82" />
      </word>
      <word id="l07-111-09-01" tag="JJ" text="touching">
        <cmp x="683" y="2278" width="56" height="76" />
        <cmp x="741" y="2314" width="37" height="43" />
        <cmp x="793" y="2311" width="37" height="43" />
        <cmp x="874" y="2309" width="39" height="46" />
        <cmp x="920" y="2277" width="46" height="78" />
        <cmp x="992" y="2306" width="18" height="35" />
        <cmp x="1013" y="2277" width="6" height="6" />
        <cmp x="1028" y="2303" width="49" height="46" />
        <cmp x="1096" y="2306" width="52" height="72" />
      </word>
      <word id="l07-111-09-02" tag="NN" text="care">
        <cmp x="1310" y="2300" width="48" height="47" />
        <cmp x="1360" y="2307" width="41" height="41" />
        <cmp x="1407" y="2300" width="47" height="42" />
        <cmp x="1463" y="2297" width="44" height="37" />
      </word>
      <word id="l07-111-09-03" tag="CC" text="and">
        <cmp x="1602" y="2295" width="47" height="40" />
        <cmp x="1659" y="2295" width="38" height="38" />
        <cmp x="1725" y="2290" width="40" height="42" />
        <cmp x="1730" y="2244" width="66" height="94" />
      </word>
      <word id="l07-111-09-04" tag="RN" text="then">
        <cmp x="1892" y="2254" width="51" height="94" />
        <cmp x="1951" y="2265" width="34" height="76" />
        <cmp x="2005" y="2295" width="40" height="41" />
        <cmp x="2068" y="2295" width="58" height="46" />
      </word>
      <upper-contour>
        <point x="342" y="2199" />
        <point x="2127" y="2199" />
      </upper-contour>
      <lower-contour>
        <point x="336" y="2378" />
        <point x="2031" y="2378" />
      </lower-contour>
    </line>
    <line ass="-239" asx="0" asy="2423" character-width="999" dss="-239" dsx="0" dsy="2559" fd0="14124" fd1="3374" fd2="513" filter-width="4" id="l07-111-10" lbs="-279" lbx="0" lby="2525" segmentation="ok" slant="63000" stroke-width="6146" threshold="172" text="drove like a fiend along" ubs="-159" ubx="0" uby="2482">
      <word id="l07-111-10-00" tag="VBD" text="drove">
        <cmp x="338" y="2438" width="81" height="107" />
        <cmp x="396" y="2484" width="50" height="46" />
        <cmp x="450" y="2484" width="40" height="44" />
        <cmp x="513" y="2480" width="47" height="48" />
        <cmp x="577" y="2484" width="40" height="36" />
      </word>
      <word id="l07-111-10-01" tag="IN" text="like">
        <cmp x="756" y="2440" width="46" height="86" />
        <cmp x="804" y="2481" width="19" height="52" />
        <cmp x="833" y="2455" width="7" height="7" />
        <cmp x="848" y="2428" width="50" height="99" />
        <cmp x="875" y="2457" width="44" height="69" />
        <cmp x="925" y="2478" width="39" height="41" />
      </word>
      <word id="l07-111-10-02" tag="AT" text="a">
        <cmp x="1099" y="2483" width="61" height="47" />
      </word>
      <word id="l07-111-10-03" tag="NN" text="fiend">
        <cmp x="1275" y="2457" width="60" height="109" />
        <cmp x="1348" y="2485" width="16" height="41" />
        <cmp x="1371" y="2460" width="14" height="9" />
        <cmp x="1397" y="2480" width="41" height="44" />
        <cmp x="1453" y="2484" width="45" height="42" />
        <cmp x="1521" y="2446" width="66" height="90" />
      </word>
      <word id="l07-111-10-04" tag="IN" text="along">
        <cmp x="1689" y="2489" width="48" height="49" />
        <cmp x="1765" y="2435" width="63" height="105" />
        <cmp x="1822" y="2488" width="45" height="50" />
        <cmp x="1894" y="2488" width="50" height="46" />
        <cmp x="1979" y="2477" width="51" height="84" />
      </word>
      <upper-contour>
        <point x="336" y="2378" />
        <point x="2031" y="2378" />
      </upper-contour>
      <lower-contour>
        <point x="349" y="2566" />
        <point x="1344" y="2566" />
      </lower-contour>
    </line>
    <line ass="889" asx="0" asy="2630" character-width="999" dss="889" dsx="0" dsy="2727" fd0="13859" fd1="3708" fd2="1012" filter-width="4" id="l07-111-11" lbs="734" lbx="0" lby="2715" segmentation="ok" slant="66999" stroke-width="6154" threshold="168" text="the river road." ubs="1198" ubx="0" uby="2678">
      <word id="l07-111-11-00" tag="ATI" text="the">
        <cmp x="351" y="2634" width="88" height="82" />
        <cmp x="439" y="2627" width="34" height="82" />
        <cmp x="492" y="2668" width="37" height="35" />
      </word>
      <word id="l07-111-11-01" tag="NN" text="river">
        <cmp x="652" y="2667" width="52" height="44" />
        <cmp x="725" y="2669" width="18" height="41" />
        <cmp x="752" y="2630" width="12" height="17" />
        <cmp x="766" y="2653" width="41" height="53" />
        <cmp x="828" y="2652" width="42" height="44" />
        <cmp x="869" y="2646" width="68" height="61" />
      </word>
      <word id="l07-111-11-02" tag="NN" text="road">
        <cmp x="1044" y="2650" width="56" height="55" />
        <cmp x="1108" y="2652" width="51" height="50" />
        <cmp x="1178" y="2654" width="47" height="44" />
        <cmp x="1247" y="2611" width="75" height="88" />
      </word>
      <word id="l07-111-11-03" tag="." text=".">
        <cmp x="1328" y="2691" width="15" height="16" />
      </word>
      <upper-contour>
        <point x="349" y="2566" />
        <point x="1344" y="2566" />
      </upper-contour>
    </line>
  </handwritten-part>
</form>

