<?xml version="1.0" encoding="ISO-8859-1"?>

<!DOCTYPE form SYSTEM 'http://www.iam.unibe.ch/~fki/iamdb/form-metadata.dtd'>

<form created="2002-01-25" height="3542" id="l07-172" last-modified="2002-07-17" skew="0" status="final" version="3.0_beta" width="2479" writer-id="498">
  <machine-printed-part>
    <machine-print-line text="Like Clive, he was enthusiastic about the engine and decided, apparently on the" />
    <machine-print-line text="strength of its efficiency, that Sandpiper was fit to live in. I was more than thankful for" />
    <machine-print-line text="his help when we had installed my things and the boat began to move. The river was" />
    <machine-print-line text="crowded with flocks of sailing boats which swirled round us like gulls and there were" />
    <machine-print-line text="two locks to negotiate, but Max seemed to know exactly what to do and at the same" />
    <machine-print-line text="time kept me supplied with important bits of information that Clive had forgotten to" />
    <machine-print-line text="mention, such as keeping to starboard and giving way to sail." />
  </machine-printed-part>
  <handwritten-part>
    <line ass="204" asx="0" asy="864" character-width="999" dss="204" dsx="0" dsy="934" fd0="13461" fd1="2832" fd2="-957" filter-width="4" id="l07-172-00" lbs="131" lbx="0" lby="920" segmentation="ok" slant="108000" stroke-width="5768" threshold="182" text="Like Clive, he was enthusiastic about the" ubs="351" ubx="0" uby="896">
      <word id="l07-172-00-00" sentence-start="yes" tag="IN" text="Like">
        <cmp x="363" y="864" width="43" height="59" />
        <cmp x="404" y="887" width="13" height="33" />
        <cmp x="405" y="865" width="4" height="7" />
        <cmp x="430" y="863" width="114" height="55" />
      </word>
      <word id="l07-172-00-01" tag="NP" text="Clive">
        <cmp x="580" y="870" width="63" height="56" />
        <cmp x="633" y="884" width="4" height="6" />
        <cmp x="645" y="877" width="73" height="56" />
        <cmp x="695" y="862" width="7" height="8" />
        <cmp x="722" y="891" width="39" height="31" />
        <cmp x="769" y="884" width="56" height="39" />
      </word>
      <word id="l07-172-00-02" tag="," text=",">
        <cmp x="841" y="907" width="9" height="16" />
      </word>
      <word id="l07-172-00-03" tag="PP3A" text="he">
        <cmp x="883" y="868" width="95" height="47" />
      </word>
      <word id="l07-172-00-04" tag="BEDZ" text="was">
        <cmp x="1013" y="882" width="122" height="37" />
        <cmp x="1127" y="884" width="50" height="40" />
      </word>
      <word id="l07-172-00-05" tag="JJ" text="enthusiastic">
        <cmp x="1213" y="873" width="113" height="47" />
        <cmp x="1321" y="866" width="48" height="54" />
        <cmp x="1364" y="884" width="64" height="38" />
        <cmp x="1412" y="886" width="73" height="43" />
        <cmp x="1455" y="867" width="4" height="4" />
        <cmp x="1480" y="884" width="58" height="35" />
        <cmp x="1520" y="864" width="153" height="61" />
      </word>
      <word id="l07-172-00-06" tag="IN" text="about">
        <cmp x="1701" y="886" width="57" height="33" />
        <cmp x="1744" y="862" width="91" height="55" />
        <cmp x="1833" y="867" width="92" height="52" />
      </word>
      <word id="l07-172-00-07" tag="ATI" text="the">
        <cmp x="1977" y="862" width="27" height="54" />
        <cmp x="2008" y="862" width="94" height="48" />
      </word>
      <lower-contour>
        <point x="372" y="933" />
        <point x="2103" y="933" />
      </lower-contour>
    </line>
    <line ass="-30" asx="0" asy="1025" character-width="999" dss="-30" dsx="0" dsy="1125" fd0="13430" fd1="2533" fd2="-1592" filter-width="4" id="l07-172-01" lbs="-47" lbx="0" lby="1093" segmentation="ok" slant="108999" stroke-width="5886" threshold="182" text="engine and decided, apparently on the strength" ubs="3" ubx="0" uby="1062">
      <word id="l07-172-01-00" tag="NN" text="engine">
        <cmp x="374" y="1053" width="94" height="38" />
        <cmp x="467" y="1057" width="83" height="56" />
        <cmp x="549" y="1049" width="99" height="37" />
      </word>
      <word id="l07-172-01-01" tag="CC" text="and">
        <cmp x="687" y="1045" width="137" height="48" />
      </word>
      <word id="l07-172-01-02" tag="VBD" text="decided">
        <cmp x="863" y="1056" width="149" height="46" />
        <cmp x="973" y="1040" width="5" height="5" />
        <cmp x="975" y="1076" width="5" height="4" />
        <cmp x="1013" y="1054" width="58" height="50" />
        <cmp x="1072" y="1058" width="94" height="48" />
      </word>
      <word id="l07-172-01-03" tag="," text=",">
        <cmp x="1177" y="1090" width="8" height="24" />
      </word>
      <word id="l07-172-01-04" tag="RB" text="apparently">
        <cmp x="1211" y="1059" width="83" height="52" />
        <cmp x="1297" y="1054" width="38" height="47" />
        <cmp x="1339" y="1055" width="139" height="40" />
        <cmp x="1476" y="1035" width="66" height="59" />
        <cmp x="1541" y="1042" width="44" height="52" />
        <cmp x="1572" y="1063" width="38" height="47" />
      </word>
      <word id="l07-172-01-05" tag="IN" text="on">
        <cmp x="1638" y="1066" width="39" height="34" />
        <cmp x="1682" y="1062" width="38" height="36" />
      </word>
      <word id="l07-172-01-06" tag="ATI" text="the">
        <cmp x="1752" y="1040" width="29" height="60" />
        <cmp x="1779" y="1046" width="83" height="51" />
      </word>
      <word id="l07-172-01-07" tag="NN" text="strength">
        <cmp x="1892" y="1040" width="65" height="61" />
        <cmp x="1952" y="1050" width="29" height="38" />
        <cmp x="1984" y="1054" width="54" height="40" />
        <cmp x="2034" y="1055" width="24" height="32" />
        <cmp x="2065" y="1033" width="67" height="95" />
        <cmp x="2133" y="1031" width="78" height="63" />
      </word>
      <upper-contour>
        <point x="372" y="933" />
        <point x="2103" y="933" />
      </upper-contour>
      <lower-contour>
        <point x="372" y="1128" />
        <point x="2142" y="1128" />
      </lower-contour>
    </line>
    <line ass="-23" asx="0" asy="1206" character-width="999" dss="-23" dsx="0" dsy="1290" fd0="13353" fd1="2789" fd2="-1264" filter-width="4" id="l07-172-02" lbs="-79" lbx="0" lby="1268" segmentation="ok" slant="108999" stroke-width="5721" threshold="182" text="of its efficiency, that Sandpiper was fit to" ubs="89" ubx="0" uby="1242">
      <word id="l07-172-02-00" tag="INO" text="of">
        <cmp x="363" y="1241" width="44" height="31" />
        <cmp x="417" y="1208" width="35" height="80" />
      </word>
      <word id="l07-172-02-01" tag="PP$" text="its">
        <cmp x="505" y="1217" width="10" height="11" />
        <cmp x="509" y="1232" width="14" height="31" />
        <cmp x="534" y="1209" width="24" height="60" />
        <cmp x="560" y="1260" width="10" height="8" />
        <cmp x="563" y="1231" width="46" height="41" />
      </word>
      <word id="l07-172-02-02" tag="NN" text="efficiency">
        <cmp x="665" y="1226" width="48" height="40" />
        <cmp x="707" y="1209" width="88" height="79" />
        <cmp x="771" y="1208" width="6" height="4" />
        <cmp x="803" y="1231" width="69" height="40" />
        <cmp x="842" y="1209" width="10" height="8" />
        <cmp x="873" y="1229" width="146" height="41" />
        <cmp x="1004" y="1232" width="40" height="50" />
      </word>
      <word id="l07-172-02-03" tag="," text=",">
        <cmp x="1049" y="1256" width="6" height="19" />
      </word>
      <word id="l07-172-02-04" tag="CS" text="that">
        <cmp x="1073" y="1208" width="161" height="68" />
      </word>
      <word id="l07-172-02-05" tag="NP" text="Sandpiper">
        <cmp x="1273" y="1216" width="207" height="57" />
        <cmp x="1487" y="1237" width="39" height="47" />
        <cmp x="1521" y="1208" width="8" height="4" />
        <cmp x="1526" y="1231" width="18" height="31" />
        <cmp x="1554" y="1230" width="38" height="56" />
        <cmp x="1600" y="1227" width="69" height="41" />
      </word>
      <word id="l07-172-02-06" tag="BEDZ" text="was">
        <cmp x="1712" y="1237" width="131" height="41" />
        <cmp x="1829" y="1237" width="60" height="48" />
      </word>
      <word id="l07-172-02-07" tag="JJ" text="fit">
        <cmp x="1942" y="1214" width="56" height="78" />
        <cmp x="2000" y="1210" width="29" height="65" />
      </word>
      <word id="l07-172-02-08" tag="TO" text="to">
        <cmp x="2071" y="1216" width="29" height="53" />
        <cmp x="2105" y="1233" width="36" height="40" />
      </word>
      <upper-contour>
        <point x="372" y="1128" />
        <point x="2142" y="1128" />
      </upper-contour>
      <lower-contour>
        <point x="373" y="1292" />
        <point x="2142" y="1292" />
      </lower-contour>
    </line>
    <line ass="-253" asx="0" asy="1379" character-width="999" dss="-253" dsx="0" dsy="1462" fd0="13531" fd1="3032" fd2="-764" filter-width="4" id="l07-172-03" lbs="-216" lbx="0" lby="1448" segmentation="ok" slant="110000" stroke-width="5922" threshold="179" text="live in. I was more than thankful for his help" ubs="-328" ubx="0" uby="1411">
      <word id="l07-172-03-00" tag="VB" text="live">
        <cmp x="375" y="1397" width="65" height="58" />
        <cmp x="414" y="1397" width="9" height="13" />
        <cmp x="445" y="1408" width="42" height="38" />
        <cmp x="498" y="1407" width="57" height="38" />
      </word>
      <word id="l07-172-03-01" tag="IN" text="in">
        <cmp x="583" y="1388" width="8" height="13" />
        <cmp x="593" y="1416" width="14" height="34" />
        <cmp x="610" y="1409" width="41" height="37" />
      </word>
      <word id="l07-172-03-02" tag="." text=".">
        <cmp x="672" y="1446" width="9" height="8" />
      </word>
      <word id="l07-172-03-03" sentence-start="yes" tag="PP1A" text="I">
        <cmp x="715" y="1394" width="23" height="57" />
      </word>
      <word id="l07-172-03-04" tag="BEDZ" text="was">
        <cmp x="768" y="1412" width="68" height="42" />
        <cmp x="841" y="1415" width="95" height="45" />
      </word>
      <word id="l07-172-03-05" tag="RB21" text="more">
        <cmp x="972" y="1413" width="109" height="45" />
        <cmp x="1085" y="1419" width="25" height="34" />
        <cmp x="1114" y="1422" width="47" height="34" />
      </word>
      <word id="l07-172-03-06" tag="RB22" text="than">
        <cmp x="1183" y="1399" width="43" height="61" />
        <cmp x="1221" y="1396" width="131" height="56" />
      </word>
      <word id="l07-172-03-07" tag="JJ" text="thankful">
        <cmp x="1380" y="1397" width="84" height="60" />
        <cmp x="1462" y="1414" width="97" height="42" />
        <cmp x="1551" y="1388" width="54" height="60" />
        <cmp x="1602" y="1388" width="37" height="79" />
        <cmp x="1641" y="1417" width="63" height="32" />
        <cmp x="1683" y="1393" width="32" height="62" />
      </word>
      <word id="l07-172-03-08" tag="IN" text="for">
        <cmp x="1754" y="1388" width="56" height="79" />
        <cmp x="1815" y="1413" width="33" height="37" />
      </word>
      <word id="l07-172-03-09" tag="PP$" text="his">
        <cmp x="1897" y="1400" width="72" height="54" />
        <cmp x="1942" y="1393" width="4" height="6" />
        <cmp x="1970" y="1413" width="49" height="44" />
      </word>
      <word id="l07-172-03-10" tag="NN" text="help">
        <cmp x="2053" y="1397" width="92" height="59" />
        <cmp x="2133" y="1390" width="25" height="59" />
        <cmp x="2153" y="1411" width="40" height="61" />
      </word>
      <upper-contour>
        <point x="373" y="1292" />
        <point x="2142" y="1292" />
      </upper-contour>
      <lower-contour>
        <point x="373" y="1472" />
        <point x="2194" y="1472" />
      </lower-contour>
    </line>
    <line ass="306" asx="0" asy="1574" character-width="999" dss="306" dsx="0" dsy="1669" fd0="13794" fd1="2742" fd2="-818" filter-width="4" id="l07-172-04" lbs="271" lbx="0" lby="1632" segmentation="ok" slant="110000" stroke-width="5854" threshold="179" text="when we had installed my things and the" ubs="374" ubx="0" uby="1605">
      <word id="l07-172-04-00" tag="WRB" text="when">
        <cmp x="371" y="1599" width="67" height="46" />
        <cmp x="437" y="1580" width="110" height="59" />
        <cmp x="528" y="1600" width="51" height="34" />
      </word>
      <word id="l07-172-04-01" tag="PP1AS" text="we">
        <cmp x="638" y="1592" width="67" height="39" />
        <cmp x="708" y="1592" width="65" height="33" />
      </word>
      <word id="l07-172-04-02" tag="HVD" text="had">
        <cmp x="807" y="1572" width="49" height="52" />
        <cmp x="856" y="1579" width="113" height="49" />
      </word>
      <word id="l07-172-04-03" tag="VBN" text="installed">
        <cmp x="1009" y="1571" width="8" height="11" />
        <cmp x="1016" y="1585" width="18" height="42" />
        <cmp x="1038" y="1587" width="47" height="43" />
        <cmp x="1093" y="1567" width="162" height="64" />
        <cmp x="1259" y="1589" width="54" height="43" />
        <cmp x="1303" y="1569" width="62" height="55" />
      </word>
      <word id="l07-172-04-04" tag="PP$" text="my">
        <cmp x="1427" y="1590" width="86" height="35" />
        <cmp x="1510" y="1587" width="39" height="64" />
      </word>
      <word id="l07-172-04-05" tag="NNS" text="things">
        <cmp x="1598" y="1581" width="124" height="54" />
        <cmp x="1684" y="1569" width="7" height="5" />
        <cmp x="1725" y="1601" width="72" height="27" />
        <cmp x="1795" y="1596" width="66" height="65" />
        <cmp x="1839" y="1595" width="54" height="45" />
      </word>
      <word id="l07-172-04-06" tag="CC" text="and">
        <cmp x="1932" y="1574" width="138" height="50" />
      </word>
      <word id="l07-172-04-07" tag="ATI" text="the">
        <cmp x="2105" y="1565" width="32" height="53" />
        <cmp x="2130" y="1567" width="89" height="50" />
      </word>
      <upper-contour>
        <point x="373" y="1472" />
        <point x="2194" y="1472" />
      </upper-contour>
      <lower-contour>
        <point x="389" y="1661" />
        <point x="2220" y="1661" />
      </lower-contour>
    </line>
    <line ass="66" asx="0" asy="1744" character-width="999" dss="66" dsx="0" dsy="1822" fd0="13302" fd1="2632" fd2="-898" filter-width="4" id="l07-172-05" lbs="66" lbx="0" lby="1812" segmentation="ok" slant="110000" stroke-width="5845" threshold="179" text="boat began to move. The river was crowded" ubs="64" ubx="0" uby="1778">
      <word id="l07-172-05-00" tag="NN" text="boat">
        <cmp x="391" y="1771" width="46" height="51" />
        <cmp x="443" y="1772" width="144" height="45" />
      </word>
      <word id="l07-172-05-01" tag="VBD" text="began">
        <cmp x="630" y="1756" width="47" height="51" />
        <cmp x="685" y="1773" width="207" height="50" />
      </word>
      <word id="l07-172-05-02" tag="TO" text="to">
        <cmp x="929" y="1758" width="80" height="54" />
      </word>
      <word id="l07-172-05-03" tag="VB" text="move">
        <cmp x="1039" y="1773" width="129" height="37" />
        <cmp x="1165" y="1775" width="43" height="35" />
        <cmp x="1221" y="1774" width="61" height="37" />
      </word>
      <word id="l07-172-05-04" tag="." text=".">
        <cmp x="1299" y="1804" width="6" height="7" />
      </word>
      <word id="l07-172-05-05" sentence-start="yes" tag="ATI" text="The">
        <cmp x="1312" y="1748" width="158" height="66" />
        <cmp x="1340" y="1759" width="24" height="57" />
      </word>
      <word id="l07-172-05-06" tag="NN" text="river">
        <cmp x="1494" y="1768" width="62" height="45" />
        <cmp x="1557" y="1773" width="45" height="39" />
        <cmp x="1609" y="1767" width="78" height="44" />
      </word>
      <word id="l07-172-05-07" tag="BEDZ" text="was">
        <cmp x="1735" y="1772" width="70" height="40" />
        <cmp x="1806" y="1773" width="59" height="32" />
        <cmp x="1859" y="1766" width="48" height="44" />
      </word>
      <word id="l07-172-05-08" tag="JJ" text="crowded">
        <cmp x="1943" y="1773" width="82" height="39" />
        <cmp x="2024" y="1775" width="41" height="37" />
        <cmp x="2066" y="1772" width="62" height="41" />
        <cmp x="2131" y="1760" width="133" height="60" />
      </word>
      <upper-contour>
        <point x="389" y="1661" />
        <point x="2220" y="1661" />
      </upper-contour>
      <lower-contour>
        <point x="389" y="1823" />
        <point x="1935" y="1823" />
      </lower-contour>
    </line>
    <line ass="-305" asx="0" asy="1921" character-width="999" dss="-305" dsx="0" dsy="2006" fd0="13749" fd1="2538" fd2="-1247" filter-width="4" id="l07-172-06" lbs="-327" lbx="0" lby="1988" segmentation="ok" slant="110000" stroke-width="5854" threshold="179" text="with flocks of sailing boats which" ubs="-260" ubx="0" uby="1957">
      <word id="l07-172-06-00" tag="IN" text="with">
        <cmp x="366" y="1961" width="70" height="31" />
        <cmp x="438" y="1942" width="5" height="4" />
        <cmp x="446" y="1955" width="18" height="40" />
        <cmp x="471" y="1935" width="29" height="57" />
        <cmp x="499" y="1940" width="53" height="53" />
      </word>
      <word id="l07-172-06-01" tag="NNS" text="flocks">
        <cmp x="585" y="1933" width="42" height="75" />
        <cmp x="629" y="1937" width="180" height="58" />
        <cmp x="797" y="1954" width="62" height="42" />
      </word>
      <word id="l07-172-06-02" tag="INO" text="of">
        <cmp x="912" y="1959" width="40" height="36" />
        <cmp x="954" y="1932" width="38" height="80" />
      </word>
      <word id="l07-172-06-03" tag="NN" text="sailing">
        <cmp x="1043" y="1960" width="126" height="41" />
        <cmp x="1136" y="1940" width="10" height="5" />
        <cmp x="1177" y="1946" width="66" height="55" />
        <cmp x="1215" y="1936" width="6" height="6" />
        <cmp x="1248" y="1955" width="39" height="31" />
        <cmp x="1295" y="1956" width="63" height="59" />
      </word>
      <word id="l07-172-06-04" tag="NNS" text="boats">
        <cmp x="1388" y="1935" width="49" height="54" />
        <cmp x="1439" y="1942" width="189" height="62" />
      </word>
      <word id="l07-172-06-05" tag="WDT" text="which">
        <cmp x="1683" y="1960" width="69" height="40" />
        <cmp x="1748" y="1941" width="84" height="60" />
        <cmp x="1801" y="1932" width="8" height="4" />
        <cmp x="1839" y="1948" width="65" height="54" />
        <cmp x="1899" y="1961" width="35" height="42" />
      </word>
      <upper-contour>
        <point x="389" y="1823" />
        <point x="1935" y="1823" />
      </upper-contour>
      <lower-contour>
        <point x="372" y="2015" />
        <point x="1935" y="2015" />
      </lower-contour>
    </line>
    <line ass="-253" asx="0" asy="2098" character-width="999" dss="-253" dsx="0" dsy="2193" fd0="13683" fd1="2927" fd2="-1095" filter-width="4" id="l07-172-07" lbs="-256" lbx="0" lby="2167" segmentation="ok" slant="110000" stroke-width="5821" threshold="179" text="swirled round us like gulls and there" ubs="-246" ubx="0" uby="2134">
      <word id="l07-172-07-00" tag="VBD" text="swirled">
        <cmp x="374" y="2134" width="54" height="40" />
        <cmp x="376" y="2164" width="24" height="12" />
        <cmp x="435" y="2127" width="79" height="48" />
        <cmp x="507" y="2108" width="10" height="7" />
        <cmp x="519" y="2137" width="19" height="39" />
        <cmp x="540" y="2132" width="33" height="39" />
        <cmp x="592" y="2113" width="42" height="57" />
        <cmp x="630" y="2121" width="107" height="51" />
      </word>
      <word id="l07-172-07-01" tag="IN" text="round">
        <cmp x="792" y="2134" width="31" height="40" />
        <cmp x="819" y="2134" width="53" height="39" />
        <cmp x="874" y="2136" width="122" height="43" />
        <cmp x="997" y="2126" width="70" height="52" />
      </word>
      <word id="l07-172-07-02" tag="PP1OS" text="us">
        <cmp x="1115" y="2136" width="63" height="36" />
        <cmp x="1177" y="2136" width="49" height="43" />
      </word>
      <word id="l07-172-07-03" tag="IN" text="like">
        <cmp x="1287" y="2122" width="76" height="49" />
        <cmp x="1335" y="2111" width="4" height="6" />
        <cmp x="1367" y="2109" width="108" height="58" />
      </word>
      <word id="l07-172-07-04" tag="NNS" text="gulls">
        <cmp x="1513" y="2137" width="121" height="64" />
        <cmp x="1620" y="2107" width="34" height="70" />
        <cmp x="1640" y="2108" width="31" height="68" />
        <cmp x="1662" y="2130" width="57" height="49" />
      </word>
      <word id="l07-172-07-05" tag="CC" text="and">
        <cmp x="1757" y="2141" width="89" height="42" />
        <cmp x="1849" y="2130" width="58" height="51" />
      </word>
      <word id="l07-172-07-06" tag="EX" text="there">
        <cmp x="1939" y="2118" width="36" height="63" />
        <cmp x="1974" y="2122" width="139" height="61" />
        <cmp x="2117" y="2132" width="45" height="40" />
      </word>
      <upper-contour>
        <point x="372" y="2015" />
        <point x="1935" y="2015" />
      </upper-contour>
      <lower-contour>
        <point x="372" y="2201" />
        <point x="2062" y="2201" />
      </lower-contour>
    </line>
    <line ass="-180" asx="0" asy="2287" character-width="999" dss="-180" dsx="0" dsy="2387" fd0="13025" fd1="2711" fd2="-975" filter-width="4" id="l07-172-08" lbs="-218" lbx="0" lby="2351" segmentation="ok" slant="108000" stroke-width="5899" threshold="179" text="were two locks to negotiate, but Max" ubs="-105" ubx="0" uby="2318">
      <word id="l07-172-08-00" tag="BED" text="were">
        <cmp x="371" y="2321" width="70" height="40" />
        <cmp x="448" y="2313" width="86" height="38" />
        <cmp x="543" y="2311" width="56" height="41" />
      </word>
      <word id="l07-172-08-01" tag="CD" text="two">
        <cmp x="647" y="2294" width="120" height="60" />
        <cmp x="774" y="2316" width="44" height="43" />
      </word>
      <word id="l07-172-08-02" tag="NNS" text="locks">
        <cmp x="870" y="2296" width="213" height="73" />
      </word>
      <word id="l07-172-08-03" tag="TO" text="to">
        <cmp x="1136" y="2292" width="40" height="66" />
        <cmp x="1177" y="2323" width="50" height="34" />
      </word>
      <word id="l07-172-08-04" tag="VB" text="negotiate">
        <cmp x="1276" y="2315" width="183" height="69" />
        <cmp x="1461" y="2292" width="195" height="76" />
        <cmp x="1494" y="2306" width="7" height="6" />
      </word>
      <word id="l07-172-08-05" tag="," text=",">
        <cmp x="1666" y="2363" width="7" height="30" />
      </word>
      <word id="l07-172-08-06" tag="CC" text="but">
        <cmp x="1698" y="2312" width="43" height="51" />
        <cmp x="1744" y="2316" width="102" height="52" />
      </word>
      <word id="l07-172-08-07" tag="NP" text="Max">
        <cmp x="1898" y="2296" width="125" height="59" />
        <cmp x="2029" y="2311" width="32" height="33" />
      </word>
      <upper-contour>
        <point x="372" y="2201" />
        <point x="2062" y="2201" />
      </upper-contour>
      <lower-contour>
        <point x="369" y="2393" />
        <point x="2041" y="2393" />
      </lower-contour>
    </line>
    <line ass="-482" asx="0" asy="2465" character-width="999" dss="-482" dsx="0" dsy="2556" fd0="13297" fd1="2610" fd2="-1059" filter-width="4" id="l07-172-09" lbs="-499" lbx="0" lby="2530" segmentation="ok" slant="110000" stroke-width="5868" threshold="179" text="seemed to know exactly what to do" ubs="-450" ubx="0" uby="2497">
      <word id="l07-172-09-00" tag="VBD" text="seemed">
        <cmp x="363" y="2495" width="55" height="44" />
        <cmp x="424" y="2507" width="55" height="35" />
        <cmp x="463" y="2482" width="252" height="57" />
      </word>
      <word id="l07-172-09-01" tag="TO" text="to">
        <cmp x="750" y="2476" width="77" height="63" />
      </word>
      <word id="l07-172-09-02" tag="VB" text="know">
        <cmp x="869" y="2473" width="90" height="64" />
        <cmp x="956" y="2507" width="45" height="31" />
        <cmp x="1000" y="2500" width="93" height="42" />
      </word>
      <word id="l07-172-09-03" tag="RB" text="exactly">
        <cmp x="1149" y="2504" width="83" height="36" />
        <cmp x="1228" y="2503" width="65" height="35" />
        <cmp x="1281" y="2481" width="91" height="62" />
        <cmp x="1317" y="2516" width="4" height="7" />
        <cmp x="1382" y="2489" width="58" height="54" />
        <cmp x="1438" y="2513" width="29" height="56" />
      </word>
      <word id="l07-172-09-04" tag="WDT" text="what">
        <cmp x="1526" y="2508" width="75" height="47" />
        <cmp x="1596" y="2498" width="53" height="56" />
        <cmp x="1648" y="2492" width="95" height="59" />
      </word>
      <word id="l07-172-09-05" tag="TO" text="to">
        <cmp x="1802" y="2489" width="92" height="59" />
      </word>
      <word id="l07-172-09-06" tag="DO" text="do">
        <cmp x="1938" y="2494" width="102" height="52" />
      </word>
      <upper-contour>
        <point x="369" y="2393" />
        <point x="2041" y="2393" />
      </upper-contour>
      <lower-contour>
        <point x="361" y="2569" />
        <point x="2041" y="2569" />
      </lower-contour>
    </line>
    <line ass="154" asx="0" asy="2654" character-width="999" dss="154" dsx="0" dsy="2755" fd0="13235" fd1="2630" fd2="-984" filter-width="4" id="l07-172-10" lbs="225" lbx="0" lby="2720" segmentation="ok" slant="108999" stroke-width="5934" threshold="179" text="and at the same time kept me supplied" ubs="12" ubx="0" uby="2687">
      <word id="l07-172-10-00" tag="CC" text="and">
        <cmp x="359" y="2685" width="97" height="37" />
        <cmp x="457" y="2674" width="60" height="43" />
      </word>
      <word id="l07-172-10-01" tag="IN" text="at">
        <cmp x="558" y="2678" width="95" height="48" />
      </word>
      <word id="l07-172-10-02" tag="ATI" text="the">
        <cmp x="669" y="2664" width="145" height="65" />
      </word>
      <word id="l07-172-10-03" tag="AP" text="same">
        <cmp x="843" y="2680" width="109" height="44" />
        <cmp x="844" y="2708" width="18" height="6" />
        <cmp x="872" y="2686" width="10" height="7" />
        <cmp x="952" y="2690" width="111" height="39" />
      </word>
      <word id="l07-172-10-04" tag="NN" text="time">
        <cmp x="1088" y="2664" width="79" height="52" />
        <cmp x="1135" y="2656" width="10" height="7" />
        <cmp x="1169" y="2673" width="171" height="40" />
      </word>
      <word id="l07-172-10-05" tag="VBD" text="kept">
        <cmp x="1383" y="2651" width="140" height="84" />
        <cmp x="1522" y="2651" width="40" height="65" />
      </word>
      <word id="l07-172-10-06" tag="PP1O" text="me">
        <cmp x="1614" y="2677" width="112" height="38" />
      </word>
      <word id="l07-172-10-07" tag="VBN" text="supplied">
        <cmp x="1770" y="2679" width="53" height="39" />
        <cmp x="1797" y="2679" width="16" height="10" />
        <cmp x="1809" y="2690" width="5" height="5" />
        <cmp x="1819" y="2684" width="57" height="43" />
        <cmp x="1873" y="2689" width="36" height="60" />
        <cmp x="1911" y="2687" width="37" height="63" />
        <cmp x="1949" y="2661" width="73" height="58" />
        <cmp x="1988" y="2659" width="8" height="5" />
        <cmp x="2029" y="2666" width="120" height="60" />
      </word>
      <upper-contour>
        <point x="361" y="2569" />
        <point x="2041" y="2569" />
      </upper-contour>
    </line>
  </handwritten-part>
</form>

