<?xml version="1.0" encoding="ISO-8859-1"?>

<!DOCTYPE form SYSTEM 'http://www.iam.unibe.ch/~fki/iamdb/form-metadata.dtd'>

<form created="2002-01-24" height="3542" id="m01-090" last-modified="2002-07-17" skew="63" status="final" version="3.0_beta" width="2479" writer-id="511">
  <machine-printed-part>
    <machine-print-line text="After what seemed an undue period of repetition, the voice went on to describe the" />
    <machine-print-line text="landing of the Thetan colony in Sussex, in all its obscene details. Then the radio" />
    <machine-print-line text="went dead again, and Steve had no stomach for breakfast. It was a beautiful day, as" />
    <machine-print-line text="firsts-of-June should be. Steve got out the car and traversed the same empty streets" />
    <machine-print-line text="as he had the night before, to keep an appointment with Heather." />
  </machine-printed-part>
  <handwritten-part>
    <line ass="-77" asx="0" asy="756" character-width="999" dss="-77" dsx="0" dsy="883" fd0="16002" fd1="2909" fd2="-929" filter-width="3" id="m01-090-00" lbs="-107" lbx="0" lby="820" segmentation="ok" slant="63000" stroke-width="5330" threshold="194" text="After what seemed an undue period of repetition, the voice" ubs="-18" ubx="0" uby="804">
      <word id="m01-090-00-00" sentence-start="yes" tag="CS" text="After">
        <cmp x="350" y="757" width="79" height="128" />
        <cmp x="364" y="831" width="11" height="19" />
        <cmp x="374" y="822" width="6" height="9" />
        <cmp x="376" y="765" width="7" height="5" />
        <cmp x="378" y="817" width="4" height="5" />
        <cmp x="381" y="792" width="12" height="24" />
        <cmp x="400" y="781" width="53" height="76" />
        <cmp x="433" y="798" width="68" height="35" />
      </word>
      <word id="m01-090-00-01" tag="WDT" text="what">
        <cmp x="525" y="803" width="34" height="26" />
        <cmp x="558" y="797" width="7" height="12" />
        <cmp x="576" y="771" width="36" height="59" />
        <cmp x="613" y="809" width="37" height="19" />
        <cmp x="645" y="788" width="22" height="41" />
      </word>
      <word id="m01-090-00-02" tag="VBD" text="seemed">
        <cmp x="702" y="794" width="75" height="37" />
        <cmp x="767" y="804" width="3" height="5" />
        <cmp x="770" y="802" width="3" height="3" />
        <cmp x="772" y="806" width="3" height="5" />
        <cmp x="778" y="811" width="10" height="18" />
        <cmp x="790" y="802" width="63" height="29" />
        <cmp x="807" y="807" width="5" height="7" />
        <cmp x="857" y="788" width="42" height="41" />
      </word>
      <word id="m01-090-00-03" tag="AT" text="an">
        <cmp x="924" y="800" width="59" height="31" />
        <cmp x="971" y="806" width="4" height="7" />
        <cmp x="984" y="806" width="16" height="23" />
      </word>
      <word id="m01-090-00-04" tag="JJ" text="undue">
        <cmp x="1040" y="799" width="93" height="33" />
        <cmp x="1084" y="805" width="7" height="9" />
        <cmp x="1139" y="794" width="91" height="34" />
        <cmp x="1178" y="785" width="5" height="7" />
      </word>
      <word id="m01-090-00-05" tag="NN" text="period">
        <cmp x="1262" y="786" width="54" height="69" />
        <cmp x="1307" y="796" width="78" height="29" />
        <cmp x="1394" y="801" width="30" height="25" />
        <cmp x="1399" y="782" width="4" height="4" />
        <cmp x="1420" y="784" width="42" height="50" />
      </word>
      <word id="m01-090-00-06" tag="INO" text="of">
        <cmp x="1494" y="758" width="81" height="125" />
        <cmp x="1497" y="865" width="4" height="5" />
        <cmp x="1500" y="840" width="12" height="24" />
        <cmp x="1502" y="800" width="22" height="24" />
      </word>
      <word id="m01-090-00-07" tag="NN" text="repetition">
        <cmp x="1586" y="800" width="41" height="27" />
        <cmp x="1618" y="800" width="40" height="45" />
        <cmp x="1657" y="800" width="21" height="25" />
        <cmp x="1685" y="780" width="34" height="44" />
        <cmp x="1722" y="777" width="41" height="51" />
        <cmp x="1767" y="802" width="20" height="26" />
        <cmp x="1773" y="782" width="6" height="9" />
        <cmp x="1793" y="800" width="21" height="26" />
        <cmp x="1815" y="802" width="15" height="26" />
      </word>
      <word id="m01-090-00-08" tag="," text=",">
        <cmp x="1842" y="825" width="12" height="20" />
      </word>
      <word id="m01-090-00-09" tag="ATI" text="the">
        <cmp x="1883" y="778" width="87" height="48" />
        <cmp x="1939" y="772" width="4" height="3" />
      </word>
      <word id="m01-090-00-10" tag="NN" text="voice">
        <cmp x="1998" y="793" width="33" height="34" />
        <cmp x="2016" y="798" width="21" height="27" />
        <cmp x="2036" y="805" width="6" height="9" />
        <cmp x="2042" y="793" width="20" height="36" />
        <cmp x="2062" y="795" width="49" height="37" />
        <cmp x="2069" y="781" width="5" height="5" />
        <cmp x="2097" y="796" width="12" height="8" />
      </word>
      <lower-contour>
        <point x="365" y="882" />
        <point x="2049" y="882" />
      </lower-contour>
    </line>
    <line ass="403" asx="0" asy="944" character-width="999" dss="403" dsx="0" dsy="1069" fd0="16054" fd1="3081" fd2="-675" filter-width="3" id="m01-090-01" lbs="453" lbx="0" lby="1012" segmentation="ok" slant="58000" stroke-width="5344" threshold="193" text="went on to describe the landing of the Thetan colony" ubs="302" ubx="0" uby="991">
      <word id="m01-090-01-00" tag="VBD" text="went">
        <cmp x="367" y="977" width="106" height="38" />
        <cmp x="443" y="987" width="3" height="3" />
        <cmp x="483" y="961" width="30" height="47" />
        <cmp x="504" y="956" width="5" height="4" />
      </word>
      <word id="m01-090-01-01" tag="RP" text="on">
        <cmp x="544" y="979" width="36" height="34" />
        <cmp x="579" y="992" width="20" height="20" />
        <cmp x="589" y="981" width="7" height="11" />
        <cmp x="603" y="990" width="11" height="20" />
      </word>
      <word id="m01-090-01-02" tag="TO" text="to">
        <cmp x="647" y="960" width="48" height="52" />
      </word>
      <word id="m01-090-01-03" tag="VB" text="describe">
        <cmp x="731" y="998" width="9" height="17" />
        <cmp x="734" y="993" width="4" height="4" />
        <cmp x="737" y="975" width="24" height="17" />
        <cmp x="744" y="1003" width="7" height="6" />
        <cmp x="756" y="967" width="40" height="46" />
        <cmp x="793" y="982" width="28" height="28" />
        <cmp x="817" y="982" width="25" height="29" />
        <cmp x="839" y="987" width="21" height="24" />
        <cmp x="863" y="984" width="16" height="26" />
        <cmp x="883" y="973" width="48" height="40" />
        <cmp x="897" y="968" width="4" height="3" />
      </word>
      <word id="m01-090-01-04" tag="ATI" text="the">
        <cmp x="962" y="962" width="76" height="49" />
      </word>
      <word id="m01-090-01-05" tag="NN" text="landing">
        <cmp x="1071" y="998" width="11" height="7" />
        <cmp x="1090" y="965" width="25" height="45" />
        <cmp x="1114" y="983" width="69" height="24" />
        <cmp x="1190" y="986" width="18" height="20" />
        <cmp x="1209" y="993" width="3" height="3" />
        <cmp x="1213" y="974" width="47" height="33" />
        <cmp x="1262" y="993" width="23" height="16" />
        <cmp x="1263" y="978" width="67" height="84" />
        <cmp x="1289" y="996" width="8" height="8" />
        <cmp x="1301" y="967" width="4" height="5" />
      </word>
      <word id="m01-090-01-06" tag="INO" text="of">
        <cmp x="1369" y="984" width="19" height="22" />
        <cmp x="1385" y="946" width="64" height="91" />
      </word>
      <word id="m01-090-01-07" tag="ATI" text="the">
        <cmp x="1460" y="961" width="56" height="44" />
        <cmp x="1483" y="964" width="4" height="3" />
        <cmp x="1514" y="982" width="29" height="20" />
        <cmp x="1538" y="977" width="3" height="4" />
      </word>
      <word id="m01-090-01-08" tag="JNP" text="Thetan">
        <cmp x="1590" y="961" width="28" height="41" />
        <cmp x="1606" y="933" width="52" height="9" />
        <cmp x="1611" y="952" width="58" height="52" />
        <cmp x="1680" y="977" width="20" height="25" />
        <cmp x="1687" y="982" width="3" height="3" />
        <cmp x="1706" y="961" width="30" height="43" />
        <cmp x="1734" y="976" width="39" height="26" />
        <cmp x="1776" y="979" width="35" height="24" />
      </word>
      <word id="m01-090-01-09" tag="NN" text="colony">
        <cmp x="1850" y="978" width="19" height="30" />
        <cmp x="1870" y="975" width="5" height="5" />
        <cmp x="1874" y="951" width="85" height="56" />
        <cmp x="1917" y="955" width="13" height="11" />
        <cmp x="1957" y="984" width="42" height="20" />
        <cmp x="1958" y="983" width="3" height="4" />
        <cmp x="1970" y="976" width="4" height="6" />
        <cmp x="1975" y="978" width="73" height="69" />
      </word>
      <upper-contour>
        <point x="365" y="882" />
        <point x="2049" y="882" />
      </upper-contour>
      <lower-contour>
        <point x="365" y="1062" />
        <point x="2049" y="1062" />
      </lower-contour>
    </line>
    <line ass="425" asx="0" asy="1116" character-width="999" dss="425" dsx="0" dsy="1212" fd0="16471" fd1="3182" fd2="-485" filter-width="3" id="m01-090-02" lbs="409" lbx="0" lby="1187" segmentation="ok" slant="57000" stroke-width="5463" threshold="192" text="in Sussex, in all its obscene details. Then the radio" ubs="456" ubx="0" uby="1169">
      <word id="m01-090-02-00" tag="IN" text="in">
        <cmp x="358" y="1160" width="80" height="31" />
        <cmp x="427" y="1129" width="8" height="6" />
      </word>
      <word id="m01-090-02-01" tag="NP" text="Sussex">
        <cmp x="497" y="1113" width="74" height="80" />
        <cmp x="518" y="1160" width="57" height="33" />
        <cmp x="579" y="1160" width="35" height="31" />
        <cmp x="599" y="1158" width="31" height="29" />
        <cmp x="630" y="1161" width="22" height="25" />
        <cmp x="638" y="1164" width="49" height="32" />
      </word>
      <word id="m01-090-02-02" tag="," text=",">
        <cmp x="691" y="1190" width="16" height="18" />
      </word>
      <word id="m01-090-02-03" tag="IN" text="in">
        <cmp x="740" y="1158" width="43" height="30" />
        <cmp x="783" y="1164" width="33" height="25" />
        <cmp x="802" y="1119" width="6" height="5" />
      </word>
      <word id="m01-090-02-04" tag="ABN" text="all">
        <cmp x="869" y="1159" width="41" height="31" />
        <cmp x="912" y="1143" width="45" height="48" />
        <cmp x="953" y="1147" width="11" height="8" />
      </word>
      <word id="m01-090-02-05" tag="PP$" text="its">
        <cmp x="1004" y="1167" width="14" height="19" />
        <cmp x="1015" y="1162" width="6" height="4" />
        <cmp x="1025" y="1143" width="7" height="4" />
        <cmp x="1027" y="1134" width="61" height="59" />
      </word>
      <word id="m01-090-02-06" tag="JJ" text="obscene">
        <cmp x="1124" y="1161" width="29" height="33" />
        <cmp x="1151" y="1159" width="20" height="5" />
        <cmp x="1166" y="1137" width="33" height="50" />
        <cmp x="1188" y="1161" width="9" height="7" />
        <cmp x="1197" y="1130" width="6" height="4" />
        <cmp x="1197" y="1159" width="7" height="5" />
        <cmp x="1201" y="1155" width="31" height="31" />
        <cmp x="1228" y="1157" width="42" height="28" />
        <cmp x="1264" y="1156" width="10" height="8" />
        <cmp x="1270" y="1163" width="3" height="3" />
        <cmp x="1279" y="1160" width="63" height="23" />
        <cmp x="1338" y="1154" width="8" height="8" />
      </word>
      <word id="m01-090-02-07" tag="NNS" text="details">
        <cmp x="1386" y="1138" width="62" height="50" />
        <cmp x="1457" y="1144" width="83" height="43" />
        <cmp x="1485" y="1138" width="4" height="4" />
        <cmp x="1552" y="1139" width="5" height="5" />
        <cmp x="1556" y="1135" width="38" height="48" />
        <cmp x="1580" y="1154" width="31" height="32" />
      </word>
      <word id="m01-090-02-08" tag="." text=".">
        <cmp x="1614" y="1179" width="7" height="5" />
      </word>
      <word id="m01-090-02-09" sentence-start="yes" tag="RN" text="Then">
        <cmp x="1665" y="1142" width="28" height="38" />
        <cmp x="1676" y="1121" width="59" height="13" />
        <cmp x="1697" y="1127" width="37" height="57" />
        <cmp x="1732" y="1155" width="79" height="26" />
      </word>
      <word id="m01-090-02-10" tag="ATI" text="the">
        <cmp x="1848" y="1133" width="46" height="51" />
        <cmp x="1887" y="1139" width="26" height="43" />
        <cmp x="1907" y="1158" width="36" height="26" />
      </word>
      <word id="m01-090-02-11" tag="NN" text="radio">
        <cmp x="1979" y="1149" width="30" height="31" />
        <cmp x="1999" y="1151" width="39" height="31" />
        <cmp x="2039" y="1149" width="62" height="32" />
        <cmp x="2107" y="1151" width="37" height="31" />
        <cmp x="2115" y="1144" width="4" height="5" />
      </word>
      <upper-contour>
        <point x="365" y="1062" />
        <point x="2049" y="1062" />
      </upper-contour>
      <lower-contour>
        <point x="366" y="1208" />
        <point x="2026" y="1208" />
      </lower-contour>
    </line>
    <line ass="109" asx="0" asy="1293" character-width="999" dss="109" dsx="0" dsy="1413" fd0="16114" fd1="3121" fd2="-640" filter-width="3" id="m01-090-03" lbs="68" lbx="0" lby="1362" segmentation="ok" slant="54000" stroke-width="5464" threshold="192" text="went dead again, and Steve had no stomach for" ubs="191" ubx="0" uby="1347">
      <word id="m01-090-03-00" tag="VBD" text="went">
        <cmp x="368" y="1336" width="37" height="36" />
        <cmp x="405" y="1318" width="113" height="48" />
      </word>
      <word id="m01-090-03-01" tag="JJ" text="dead">
        <cmp x="563" y="1319" width="58" height="50" />
        <cmp x="618" y="1338" width="7" height="13" />
        <cmp x="626" y="1321" width="73" height="49" />
        <cmp x="669" y="1349" width="4" height="3" />
      </word>
      <word id="m01-090-03-02" tag="RB" text="again">
        <cmp x="732" y="1335" width="36" height="35" />
        <cmp x="740" y="1338" width="68" height="75" />
        <cmp x="769" y="1364" width="3" height="3" />
        <cmp x="798" y="1340" width="41" height="31" />
        <cmp x="821" y="1341" width="6" height="4" />
        <cmp x="839" y="1341" width="61" height="27" />
        <cmp x="848" y="1343" width="3" height="4" />
        <cmp x="880" y="1303" width="6" height="9" />
      </word>
      <word id="m01-090-03-03" tag="," text=",">
        <cmp x="916" y="1359" width="19" height="27" />
      </word>
      <word id="m01-090-03-04" tag="CC" text="and">
        <cmp x="971" y="1333" width="44" height="33" />
        <cmp x="1015" y="1346" width="20" height="19" />
        <cmp x="1035" y="1345" width="14" height="17" />
        <cmp x="1054" y="1341" width="27" height="24" />
        <cmp x="1081" y="1330" width="18" height="32" />
        <cmp x="1101" y="1322" width="3" height="4" />
      </word>
      <word id="m01-090-03-05" tag="NP" text="Steve">
        <cmp x="1134" y="1298" width="85" height="68" />
        <cmp x="1181" y="1316" width="48" height="54" />
        <cmp x="1231" y="1339" width="28" height="22" />
        <cmp x="1259" y="1336" width="24" height="28" />
      </word>
      <word id="m01-090-03-06" tag="HVD" text="had">
        <cmp x="1308" y="1349" width="7" height="4" />
        <cmp x="1316" y="1342" width="13" height="9" />
        <cmp x="1330" y="1307" width="130" height="56" />
        <cmp x="1402" y="1339" width="7" height="8" />
      </word>
      <word id="m01-090-03-07" tag="ATI" text="no">
        <cmp x="1493" y="1337" width="41" height="27" />
        <cmp x="1534" y="1336" width="31" height="27" />
      </word>
      <word id="m01-090-03-08" tag="NN" text="stomach">
        <cmp x="1601" y="1323" width="44" height="47" />
        <cmp x="1647" y="1309" width="52" height="59" />
        <cmp x="1685" y="1303" width="3" height="5" />
        <cmp x="1710" y="1336" width="64" height="25" />
        <cmp x="1727" y="1334" width="4" height="6" />
        <cmp x="1779" y="1333" width="31" height="24" />
        <cmp x="1816" y="1326" width="29" height="33" />
        <cmp x="1851" y="1316" width="29" height="40" />
        <cmp x="1878" y="1306" width="6" height="6" />
        <cmp x="1879" y="1339" width="15" height="19" />
      </word>
      <word id="m01-090-03-09" tag="IN" text="for">
        <cmp x="1919" y="1290" width="83" height="106" />
        <cmp x="1930" y="1367" width="5" height="7" />
        <cmp x="1977" y="1342" width="24" height="18" />
        <cmp x="1986" y="1333" width="13" height="9" />
        <cmp x="2000" y="1326" width="26" height="36" />
      </word>
      <upper-contour>
        <point x="366" y="1208" />
        <point x="2026" y="1208" />
      </upper-contour>
      <lower-contour>
        <point x="366" y="1413" />
        <point x="2026" y="1413" />
      </lower-contour>
    </line>
    <line ass="813" asx="0" asy="1480" character-width="999" dss="813" dsx="0" dsy="1633" fd0="15901" fd1="2393" fd2="-946" filter-width="3" id="m01-090-04" lbs="848" lbx="0" lby="1549" segmentation="ok" slant="51000" stroke-width="5598" threshold="190" text="breakfast. It was a beautiful day, as firsts-of-June" ubs="744" ubx="0" uby="1533">
      <word id="m01-090-04-00" tag="NN" text="breakfast">
        <cmp x="353" y="1490" width="68" height="62" />
        <cmp x="412" y="1514" width="44" height="34" />
        <cmp x="423" y="1519" width="4" height="8" />
        <cmp x="456" y="1519" width="27" height="25" />
        <cmp x="496" y="1472" width="97" height="140" />
        <cmp x="497" y="1473" width="51" height="74" />
        <cmp x="560" y="1523" width="66" height="25" />
        <cmp x="580" y="1515" width="14" height="6" />
        <cmp x="624" y="1518" width="4" height="3" />
        <cmp x="628" y="1513" width="4" height="4" />
        <cmp x="630" y="1519" width="5" height="7" />
        <cmp x="639" y="1495" width="35" height="50" />
      </word>
      <word id="m01-090-04-01" tag="." text=".">
        <cmp x="676" y="1538" width="9" height="8" />
        <cmp x="681" y="1534" width="5" height="3" />
      </word>
      <word id="m01-090-04-02" sentence-start="yes" tag="PP3" text="It">
        <cmp x="723" y="1484" width="67" height="74" />
        <cmp x="765" y="1495" width="37" height="49" />
        <cmp x="774" y="1512" width="10" height="9" />
      </word>
      <word id="m01-090-04-03" tag="BEDZ" text="was">
        <cmp x="829" y="1511" width="27" height="34" />
        <cmp x="850" y="1520" width="18" height="23" />
        <cmp x="872" y="1509" width="30" height="12" />
        <cmp x="872" y="1522" width="4" height="8" />
        <cmp x="872" y="1515" width="59" height="31" />
        <cmp x="928" y="1511" width="7" height="10" />
      </word>
      <word id="m01-090-04-04" tag="AT" text="a">
        <cmp x="966" y="1517" width="38" height="32" />
      </word>
      <word id="m01-090-04-05" tag="JJ" text="beautiful">
        <cmp x="1034" y="1510" width="27" height="15" />
        <cmp x="1051" y="1476" width="50" height="68" />
        <cmp x="1071" y="1513" width="36" height="30" />
        <cmp x="1105" y="1518" width="71" height="24" />
        <cmp x="1188" y="1493" width="37" height="47" />
        <cmp x="1190" y="1466" width="147" height="130" />
        <cmp x="1196" y="1578" width="3" height="3" />
        <cmp x="1227" y="1542" width="5" height="4" />
        <cmp x="1247" y="1498" width="5" height="8" />
        <cmp x="1331" y="1494" width="11" height="10" />
      </word>
      <word id="m01-090-04-06" tag="NN" text="day">
        <cmp x="1365" y="1492" width="70" height="50" />
        <cmp x="1403" y="1518" width="73" height="60" />
      </word>
      <word id="m01-090-04-07" tag="," text=",">
        <cmp x="1481" y="1535" width="18" height="22" />
      </word>
      <word id="m01-090-04-08" tag="CS" text="as">
        <cmp x="1524" y="1506" width="34" height="39" />
        <cmp x="1552" y="1540" width="3" height="3" />
        <cmp x="1555" y="1511" width="4" height="7" />
        <cmp x="1561" y="1509" width="31" height="38" />
        <cmp x="1591" y="1513" width="7" height="8" />
      </word>
      <word id="m01-090-04-09" tag="NRS" text="firsts-of-June">
        <cmp x="1595" y="1478" width="91" height="113" />
        <cmp x="1682" y="1470" width="7" height="6" />
        <cmp x="1683" y="1469" width="12" height="18" />
        <cmp x="1688" y="1511" width="33" height="29" />
        <cmp x="1700" y="1501" width="3" height="3" />
        <cmp x="1714" y="1507" width="25" height="32" />
        <cmp x="1739" y="1487" width="39" height="51" />
        <cmp x="1741" y="1511" width="5" height="3" />
        <cmp x="1765" y="1502" width="37" height="36" />
        <cmp x="1803" y="1514" width="27" height="6" />
        <cmp x="1834" y="1508" width="36" height="27" />
        <cmp x="1836" y="1478" width="85" height="101" />
        <cmp x="1919" y="1470" width="9" height="7" />
        <cmp x="1911" y="1516" width="12" height="6" />
        <cmp x="1902" y="1473" width="182" height="134" />
      </word>
      <upper-contour>
        <point x="366" y="1413" />
        <point x="2026" y="1413" />
      </upper-contour>
      <lower-contour>
        <point x="359" y="1612" />
        <point x="2063" y="1612" />
      </lower-contour>
    </line>
    <line ass="276" asx="0" asy="1651" character-width="999" dss="276" dsx="0" dsy="1769" fd0="15500" fd1="3267" fd2="-599" filter-width="3" id="m01-090-05" lbs="332" lbx="0" lby="1727" segmentation="ok" slant="56000" stroke-width="5678" threshold="191" text="should be. Steve got out the car and traversed the" ubs="165" ubx="0" uby="1696">
      <word id="m01-090-05-00" tag="MD" text="should">
        <cmp x="361" y="1690" width="26" height="42" />
        <cmp x="387" y="1685" width="8" height="4" />
        <cmp x="400" y="1650" width="60" height="75" />
        <cmp x="458" y="1693" width="26" height="28" />
        <cmp x="486" y="1694" width="43" height="32" />
        <cmp x="532" y="1688" width="20" height="36" />
        <cmp x="550" y="1676" width="15" height="20" />
        <cmp x="556" y="1681" width="49" height="44" />
      </word>
      <word id="m01-090-05-01" tag="BE" text="be">
        <cmp x="643" y="1666" width="43" height="57" />
        <cmp x="670" y="1690" width="35" height="33" />
      </word>
      <word id="m01-090-05-02" tag="." text=".">
        <cmp x="712" y="1721" width="9" height="7" />
      </word>
      <word id="m01-090-05-03" sentence-start="yes" tag="NP" text="Steve">
        <cmp x="772" y="1650" width="111" height="79" />
        <cmp x="884" y="1693" width="34" height="28" />
      </word>
      <word id="m01-090-05-04" tag="VBD" text="got">
        <cmp x="947" y="1694" width="49" height="71" />
        <cmp x="1000" y="1677" width="64" height="55" />
      </word>
      <word id="m01-090-05-05" tag="RP" text="out">
        <cmp x="1085" y="1695" width="37" height="32" />
        <cmp x="1124" y="1692" width="37" height="32" />
        <cmp x="1162" y="1715" width="4" height="4" />
        <cmp x="1170" y="1675" width="40" height="51" />
      </word>
      <word id="m01-090-05-06" tag="ATI" text="the">
        <cmp x="1226" y="1672" width="95" height="58" />
        <cmp x="1318" y="1700" width="5" height="5" />
      </word>
      <word id="m01-090-05-07" tag="NN" text="car">
        <cmp x="1355" y="1694" width="37" height="33" />
        <cmp x="1375" y="1701" width="42" height="27" />
        <cmp x="1418" y="1689" width="32" height="34" />
      </word>
      <word id="m01-090-05-08" tag="CC" text="and">
        <cmp x="1476" y="1693" width="32" height="35" />
        <cmp x="1499" y="1698" width="39" height="30" />
        <cmp x="1539" y="1709" width="14" height="16" />
        <cmp x="1554" y="1679" width="60" height="46" />
      </word>
      <word id="m01-090-05-09" tag="VBD" text="traversed">
        <cmp x="1650" y="1652" width="59" height="72" />
        <cmp x="1704" y="1689" width="60" height="32" />
        <cmp x="1771" y="1693" width="6" height="7" />
        <cmp x="1776" y="1685" width="46" height="29" />
        <cmp x="1823" y="1682" width="30" height="31" />
        <cmp x="1824" y="1689" width="4" height="3" />
        <cmp x="1854" y="1684" width="29" height="29" />
        <cmp x="1877" y="1667" width="61" height="47" />
      </word>
      <word id="m01-090-05-10" tag="ATI" text="the">
        <cmp x="1966" y="1655" width="97" height="64" />
      </word>
      <upper-contour>
        <point x="359" y="1612" />
        <point x="2063" y="1612" />
      </upper-contour>
      <lower-contour>
        <point x="359" y="1765" />
        <point x="2030" y="1765" />
      </lower-contour>
    </line>
    <line ass="463" asx="0" asy="1840" character-width="999" dss="463" dsx="0" dsy="1971" fd0="16293" fd1="2783" fd2="-526" filter-width="4" id="m01-090-06" lbs="484" lbx="0" lby="1908" segmentation="ok" slant="52000" stroke-width="5714" threshold="188" text="same empty streets as he had the night before," ubs="421" ubx="0" uby="1885">
      <word id="m01-090-06-00" tag="AP" text="same">
        <cmp x="343" y="1872" width="27" height="35" />
        <cmp x="365" y="1867" width="5" height="5" />
        <cmp x="369" y="1860" width="7" height="7" />
        <cmp x="371" y="1875" width="41" height="34" />
        <cmp x="414" y="1887" width="18" height="18" />
        <cmp x="424" y="1877" width="4" height="8" />
        <cmp x="433" y="1878" width="60" height="29" />
      </word>
      <word id="m01-090-06-01" tag="JJ" text="empty">
        <cmp x="543" y="1873" width="30" height="37" />
        <cmp x="575" y="1887" width="22" height="20" />
        <cmp x="601" y="1887" width="24" height="21" />
        <cmp x="626" y="1889" width="22" height="20" />
        <cmp x="635" y="1881" width="51" height="46" />
        <cmp x="680" y="1932" width="4" height="4" />
        <cmp x="686" y="1865" width="57" height="65" />
        <cmp x="713" y="1857" width="9" height="6" />
      </word>
      <word id="m01-090-06-02" tag="NNS" text="streets">
        <cmp x="778" y="1869" width="41" height="41" />
        <cmp x="817" y="1842" width="90" height="59" />
        <cmp x="881" y="1875" width="7" height="5" />
        <cmp x="908" y="1876" width="7" height="7" />
        <cmp x="919" y="1851" width="48" height="56" />
      </word>
      <word id="m01-090-06-03" tag="CS" text="as">
        <cmp x="1013" y="1870" width="71" height="38" />
      </word>
      <word id="m01-090-06-04" tag="PP3A" text="he">
        <cmp x="1112" y="1842" width="64" height="59" />
        <cmp x="1159" y="1876" width="43" height="25" />
        <cmp x="1165" y="1880" width="6" height="6" />
      </word>
      <word id="m01-090-06-05" tag="HVD" text="had">
        <cmp x="1250" y="1846" width="49" height="55" />
        <cmp x="1287" y="1865" width="103" height="38" />
      </word>
      <word id="m01-090-06-06" tag="ATI" text="the">
        <cmp x="1429" y="1840" width="68" height="60" />
        <cmp x="1486" y="1878" width="20" height="21" />
        <cmp x="1490" y="1846" width="10" height="6" />
        <cmp x="1506" y="1874" width="19" height="25" />
      </word>
      <word id="m01-090-06-07" tag="NN" text="night">
        <cmp x="1570" y="1866" width="23" height="36" />
        <cmp x="1596" y="1883" width="16" height="15" />
        <cmp x="1603" y="1866" width="80" height="81" />
        <cmp x="1616" y="1876" width="23" height="22" />
        <cmp x="1651" y="1861" width="4" height="5" />
        <cmp x="1690" y="1845" width="90" height="51" />
      </word>
      <word id="m01-090-06-08" tag="RI" text="before">
        <cmp x="1813" y="1880" width="9" height="5" />
        <cmp x="1824" y="1837" width="49" height="60" />
        <cmp x="1838" y="1826" width="113" height="132" />
        <cmp x="1848" y="1875" width="4" height="5" />
        <cmp x="1853" y="1859" width="45" height="23" />
        <cmp x="1899" y="1867" width="7" height="5" />
        <cmp x="1916" y="1865" width="52" height="32" />
        <cmp x="1972" y="1859" width="31" height="33" />
      </word>
      <word id="m01-090-06-09" tag="," text=",">
        <cmp x="1996" y="1887" width="33" height="30" />
      </word>
      <upper-contour>
        <point x="359" y="1765" />
        <point x="2030" y="1765" />
      </upper-contour>
      <lower-contour>
        <point x="361" y="1947" />
        <point x="1752" y="1947" />
      </lower-contour>
    </line>
    <line ass="441" asx="0" asy="2012" character-width="999" dss="441" dsx="0" dsy="2118" fd0="16203" fd1="2813" fd2="-1158" filter-width="4" id="m01-090-07" lbs="516" lbx="0" lby="2093" segmentation="ok" slant="53000" stroke-width="5732" threshold="189" text="to keep an appointment with Heather." ubs="291" ubx="0" uby="2056">
      <word id="m01-090-07-00" tag="TO" text="to">
        <cmp x="363" y="2028" width="51" height="63" />
      </word>
      <word id="m01-090-07-01" tag="VB" text="keep">
        <cmp x="478" y="2016" width="90" height="66" />
        <cmp x="561" y="2057" width="55" height="52" />
      </word>
      <word id="m01-090-07-02" tag="AT" text="an">
        <cmp x="666" y="2050" width="39" height="36" />
        <cmp x="690" y="2056" width="65" height="52" />
      </word>
      <word id="m01-090-07-03" tag="NN" text="appointment">
        <cmp x="797" y="2048" width="45" height="37" />
        <cmp x="819" y="2054" width="46" height="58" />
        <cmp x="853" y="2048" width="28" height="33" />
        <cmp x="860" y="2046" width="54" height="53" />
        <cmp x="911" y="2048" width="33" height="37" />
        <cmp x="949" y="2051" width="20" height="32" />
        <cmp x="973" y="2057" width="37" height="27" />
        <cmp x="975" y="2041" width="4" height="5" />
        <cmp x="1019" y="2034" width="37" height="51" />
        <cmp x="1050" y="2053" width="108" height="30" />
        <cmp x="1160" y="2062" width="27" height="18" />
        <cmp x="1188" y="2037" width="36" height="46" />
      </word>
      <word id="m01-090-07-04" tag="IN" text="with">
        <cmp x="1272" y="2043" width="27" height="38" />
        <cmp x="1300" y="2053" width="17" height="26" />
        <cmp x="1318" y="2060" width="4" height="6" />
        <cmp x="1328" y="2043" width="24" height="34" />
        <cmp x="1356" y="2015" width="79" height="67" />
      </word>
      <word id="m01-090-07-05" tag="NP" text="Heather">
        <cmp x="1486" y="1999" width="76" height="99" />
        <cmp x="1533" y="2043" width="34" height="36" />
        <cmp x="1563" y="2052" width="36" height="24" />
        <cmp x="1581" y="2049" width="7" height="5" />
        <cmp x="1609" y="2025" width="40" height="48" />
        <cmp x="1643" y="2022" width="71" height="56" />
        <cmp x="1722" y="2042" width="22" height="12" />
      </word>
      <word id="m01-090-07-06" tag="." text=".">
        <cmp x="1739" y="2066" width="13" height="12" />
      </word>
      <upper-contour>
        <point x="361" y="1947" />
        <point x="1752" y="1947" />
      </upper-contour>
    </line>
  </handwritten-part>
</form>

