<?xml version="1.0" encoding="ISO-8859-1"?>

<!DOCTYPE form SYSTEM 'http://www.iam.unibe.ch/~fki/iamdb/form-metadata.dtd'>

<form created="2002-01-25" height="3542" id="m02-083" last-modified="2002-07-25" skew="0" status="final" version="3.0_beta" width="2479" writer-id="529">
  <machine-printed-part>
    <machine-print-line text="Peron entered, a large man, who had once been handsome but was now seedy-looking," />
    <machine-print-line text="a sufferer from stomach-ulcers. In the Back-Face tradition he wore, and kept on" />
    <machine-print-line text="indoors, a fifty gallon hat. Harry was prepared for something unpleasant, for this was" />
    <machine-print-line text="the Senator who had annoyed the United States by bragging how he had once won a" />
    <machine-print-line text="trick from W.C.U. by threatening to loose off one of his rockets (an admission which" />
    <machine-print-line text="would scarcely help bluff to succeed the next time) and, lately, by saying that if Mo" />
    <machine-print-line text="land-troops had to come to the aid of the O.G.O. contingent in the Panama region," />
    <machine-print-line text="&quot;no Mo dough-boy will want to have an American G.I. fighting alongside him.&quot;" />
  </machine-printed-part>
  <handwritten-part>
    <line ass="-112" asx="0" asy="899" character-width="999" dss="-112" dsx="0" dsy="994" fd0="14059" fd1="2512" fd2="-1045" filter-width="3" id="m02-083-00" lbs="-93" lbx="0" lby="965" segmentation="ok" slant="49000" stroke-width="5219" threshold="182" text="Peron entered, a large man, who had once been" ubs="-148" ubx="0" uby="938">
      <word id="m02-083-00-00" sentence-start="yes" tag="NP" text="Peron">
        <cmp x="333" y="907" width="82" height="62" />
        <cmp x="378" y="936" width="72" height="34" />
        <cmp x="451" y="935" width="68" height="35" />
        <cmp x="513" y="956" width="7" height="8" />
      </word>
      <word id="m02-083-00-01" tag="VBD" text="entered">
        <cmp x="562" y="932" width="43" height="32" />
        <cmp x="613" y="931" width="34" height="34" />
        <cmp x="647" y="902" width="29" height="70" />
        <cmp x="676" y="937" width="61" height="31" />
        <cmp x="737" y="935" width="38" height="36" />
        <cmp x="772" y="914" width="75" height="52" />
      </word>
      <word id="m02-083-00-02" tag="," text=",">
        <cmp x="818" y="949" width="24" height="30" />
      </word>
      <word id="m02-083-00-03" tag="AT" text="a">
        <cmp x="885" y="943" width="42" height="29" />
      </word>
      <word id="m02-083-00-04" tag="JJ" text="large">
        <cmp x="962" y="910" width="29" height="62" />
        <cmp x="976" y="944" width="37" height="24" />
        <cmp x="1024" y="946" width="22" height="18" />
        <cmp x="1049" y="937" width="73" height="61" />
      </word>
      <word id="m02-083-00-05" tag="NN" text="man">
        <cmp x="1158" y="933" width="57" height="34" />
        <cmp x="1216" y="942" width="38" height="25" />
        <cmp x="1253" y="949" width="14" height="16" />
        <cmp x="1267" y="941" width="28" height="25" />
      </word>
      <word id="m02-083-00-06" tag="," text=",">
        <cmp x="1276" y="966" width="14" height="17" />
      </word>
      <word id="m02-083-00-07" tag="WP" text="who">
        <cmp x="1324" y="927" width="19" height="35" />
        <cmp x="1339" y="941" width="60" height="24" />
        <cmp x="1396" y="919" width="43" height="45" />
        <cmp x="1432" y="943" width="36" height="26" />
      </word>
      <word id="m02-083-00-08" tag="HVD" text="had">
        <cmp x="1520" y="911" width="161" height="56" />
      </word>
      <word id="m02-083-00-09" tag="RB" text="once">
        <cmp x="1677" y="938" width="46" height="28" />
        <cmp x="1721" y="942" width="36" height="25" />
        <cmp x="1767" y="942" width="59" height="27" />
      </word>
      <word id="m02-083-00-10" tag="BEN" text="been">
        <cmp x="1863" y="919" width="133" height="56" />
        <cmp x="1998" y="949" width="24" height="24" />
      </word>
      <lower-contour>
        <point x="337" y="998" />
        <point x="2023" y="998" />
      </lower-contour>
    </line>
    <line ass="-68" asx="0" asy="1089" character-width="999" dss="-68" dsx="0" dsy="1187" fd0="13873" fd1="2764" fd2="-702" filter-width="3" id="m02-083-01" lbs="-75" lbx="0" lby="1142" segmentation="ok" slant="57000" stroke-width="5154" threshold="182" text="handsome but was now seedy-looking, a sufferer" ubs="-52" ubx="0" uby="1119">
      <word id="m02-083-01-00" tag="JJ" text="handsome">
        <cmp x="339" y="1097" width="77" height="44" />
        <cmp x="375" y="1092" width="5" height="3" />
        <cmp x="416" y="1119" width="38" height="25" />
        <cmp x="457" y="1104" width="64" height="39" />
        <cmp x="508" y="1114" width="30" height="29" />
        <cmp x="545" y="1124" width="40" height="19" />
        <cmp x="587" y="1115" width="29" height="31" />
        <cmp x="619" y="1122" width="23" height="24" />
        <cmp x="649" y="1116" width="33" height="32" />
      </word>
      <word id="m02-083-01-01" tag="CC" text="but">
        <cmp x="715" y="1093" width="46" height="52" />
        <cmp x="763" y="1123" width="48" height="19" />
        <cmp x="812" y="1096" width="31" height="48" />
      </word>
      <word id="m02-083-01-02" tag="BEDZ" text="was">
        <cmp x="867" y="1121" width="103" height="21" />
        <cmp x="979" y="1120" width="20" height="24" />
      </word>
      <word id="m02-083-01-03" tag="RN" text="now">
        <cmp x="1038" y="1114" width="145" height="30" />
      </word>
      <word id="m02-083-01-04" tag="JJ" text="seedy-looking">
        <cmp x="1211" y="1121" width="34" height="31" />
        <cmp x="1246" y="1122" width="37" height="27" />
        <cmp x="1284" y="1119" width="44" height="28" />
        <cmp x="1331" y="1108" width="73" height="39" />
        <cmp x="1371" y="1126" width="61" height="45" />
        <cmp x="1449" y="1128" width="25" height="6" />
        <cmp x="1497" y="1099" width="34" height="46" />
        <cmp x="1522" y="1123" width="32" height="19" />
        <cmp x="1554" y="1122" width="38" height="23" />
        <cmp x="1601" y="1093" width="33" height="49" />
        <cmp x="1634" y="1117" width="22" height="22" />
        <cmp x="1654" y="1119" width="34" height="24" />
        <cmp x="1676" y="1094" width="6" height="4" />
        <cmp x="1697" y="1127" width="30" height="63" />
      </word>
      <word id="m02-083-01-05" tag="," text=",">
        <cmp x="1747" y="1124" width="17" height="31" />
      </word>
      <word id="m02-083-01-06" tag="AT" text="a">
        <cmp x="1801" y="1120" width="42" height="27" />
      </word>
      <word id="m02-083-01-07" tag="NN" text="sufferer">
        <cmp x="1881" y="1115" width="34" height="27" />
        <cmp x="1918" y="1118" width="46" height="24" />
        <cmp x="1963" y="1092" width="103" height="61" />
        <cmp x="2062" y="1114" width="77" height="31" />
      </word>
      <upper-contour>
        <point x="337" y="998" />
        <point x="2023" y="998" />
      </upper-contour>
      <lower-contour>
        <point x="337" y="1190" />
        <point x="2140" y="1190" />
      </lower-contour>
    </line>
    <line ass="4" asx="0" asy="1263" character-width="999" dss="4" dsx="0" dsy="1332" fd0="14036" fd1="2782" fd2="-535" filter-width="3" id="m02-083-02" lbs="19" lbx="0" lby="1319" segmentation="ok" slant="57000" stroke-width="5158" threshold="182" text="from stomach-ulcers. In the Back-Face tradition he" ubs="-25" ubx="0" uby="1298">
      <word id="m02-083-02-00" tag="IN" text="from">
        <cmp x="332" y="1266" width="49" height="61" />
        <cmp x="368" y="1294" width="51" height="24" />
        <cmp x="421" y="1295" width="48" height="30" />
      </word>
      <word id="m02-083-02-01" tag="NNS" text="stomach-ulcers">
        <cmp x="521" y="1269" width="91" height="58" />
        <cmp x="615" y="1292" width="85" height="30" />
        <cmp x="711" y="1295" width="45" height="23" />
        <cmp x="758" y="1264" width="35" height="52" />
        <cmp x="817" y="1301" width="20" height="6" />
        <cmp x="860" y="1298" width="42" height="21" />
        <cmp x="911" y="1264" width="22" height="52" />
        <cmp x="934" y="1293" width="29" height="25" />
        <cmp x="975" y="1290" width="58" height="32" />
        <cmp x="1035" y="1294" width="24" height="26" />
      </word>
      <word id="m02-083-02-02" tag="." text=".">
        <cmp x="1078" y="1314" width="10" height="7" />
      </word>
      <word id="m02-083-02-03" sentence-start="yes" tag="IN" text="In">
        <cmp x="1129" y="1270" width="37" height="51" />
        <cmp x="1156" y="1294" width="34" height="23" />
      </word>
      <word id="m02-083-02-04" tag="ATI" text="the">
        <cmp x="1239" y="1270" width="89" height="51" />
      </word>
      <word id="m02-083-02-05" tag="JJB" text="Back-Face">
        <cmp x="1381" y="1273" width="91" height="55" />
        <cmp x="1479" y="1269" width="70" height="55" />
        <cmp x="1574" y="1308" width="23" height="5" />
        <cmp x="1605" y="1277" width="73" height="50" />
        <cmp x="1645" y="1301" width="44" height="26" />
        <cmp x="1690" y="1300" width="72" height="30" />
      </word>
      <word id="m02-083-02-06" tag="NN" text="tradition">
        <cmp x="1817" y="1279" width="70" height="54" />
        <cmp x="1886" y="1278" width="87" height="46" />
        <cmp x="1948" y="1297" width="26" height="24" />
        <cmp x="1972" y="1280" width="51" height="47" />
        <cmp x="1988" y="1285" width="7" height="5" />
        <cmp x="2018" y="1299" width="20" height="17" />
        <cmp x="2031" y="1300" width="68" height="23" />
        <cmp x="2063" y="1270" width="7" height="7" />
      </word>
      <word id="m02-083-02-07" tag="PP3A" text="he">
        <cmp x="2129" y="1277" width="64" height="47" />
      </word>
      <upper-contour>
        <point x="337" y="1190" />
        <point x="2140" y="1190" />
      </upper-contour>
      <lower-contour>
        <point x="330" y="1333" />
        <point x="2193" y="1333" />
      </lower-contour>
    </line>
    <line ass="-245" asx="0" asy="1436" character-width="999" dss="-245" dsx="0" dsy="1524" fd0="14442" fd1="2960" fd2="-625" filter-width="3" id="m02-083-03" lbs="-234" lbx="0" lby="1496" segmentation="ok" slant="56000" stroke-width="5234" threshold="182" text="wore, and kept on indoors, a fifty gallon hat. Harry was" ubs="-267" ubx="0" uby="1472">
      <word id="m02-083-03-00" tag="VBD" text="wore">
        <cmp x="300" y="1456" width="99" height="40" />
        <cmp x="400" y="1470" width="67" height="30" />
      </word>
      <word id="m02-083-03-01" tag="," text=",">
        <cmp x="473" y="1495" width="28" height="22" />
      </word>
      <word id="m02-083-03-02" tag="CC" text="and">
        <cmp x="523" y="1458" width="157" height="44" />
      </word>
      <word id="m02-083-03-03" tag="VBD" text="kept">
        <cmp x="711" y="1445" width="47" height="55" />
        <cmp x="748" y="1465" width="38" height="31" />
        <cmp x="775" y="1475" width="51" height="32" />
        <cmp x="835" y="1446" width="35" height="53" />
      </word>
      <word id="m02-083-03-04" tag="RP" text="on">
        <cmp x="886" y="1474" width="37" height="23" />
        <cmp x="923" y="1475" width="39" height="25" />
      </word>
      <word id="m02-083-03-05" tag="RN" text="indoors">
        <cmp x="1001" y="1470" width="31" height="33" />
        <cmp x="1023" y="1477" width="47" height="29" />
        <cmp x="1053" y="1450" width="6" height="5" />
        <cmp x="1068" y="1456" width="94" height="47" />
        <cmp x="1140" y="1476" width="37" height="21" />
        <cmp x="1178" y="1476" width="35" height="24" />
        <cmp x="1222" y="1476" width="29" height="29" />
        <cmp x="1253" y="1476" width="23" height="32" />
      </word>
      <word id="m02-083-03-06" tag="," text=",">
        <cmp x="1277" y="1495" width="23" height="23" />
      </word>
      <word id="m02-083-03-07" tag="AT" text="a">
        <cmp x="1330" y="1476" width="40" height="29" />
      </word>
      <word id="m02-083-03-08" tag="CD" text="fifty">
        <cmp x="1407" y="1455" width="53" height="55" />
        <cmp x="1449" y="1479" width="15" height="19" />
        <cmp x="1466" y="1456" width="47" height="58" />
        <cmp x="1481" y="1453" width="4" height="5" />
        <cmp x="1495" y="1457" width="37" height="46" />
        <cmp x="1506" y="1475" width="56" height="50" />
      </word>
      <word id="m02-083-03-09" tag="NN" text="gallon">
        <cmp x="1596" y="1482" width="79" height="50" />
        <cmp x="1681" y="1446" width="31" height="57" />
        <cmp x="1697" y="1450" width="33" height="48" />
        <cmp x="1718" y="1475" width="57" height="24" />
      </word>
      <word id="m02-083-03-10" tag="NN" text="hat">
        <cmp x="1803" y="1444" width="62" height="60" />
        <cmp x="1869" y="1451" width="32" height="52" />
      </word>
      <word id="m02-083-03-11" tag="." text=".">
        <cmp x="1912" y="1482" width="6" height="6" />
      </word>
      <word id="m02-083-03-12" sentence-start="yes" tag="NP" text="Harry">
        <cmp x="1939" y="1451" width="65" height="55" />
        <cmp x="2001" y="1483" width="32" height="18" />
        <cmp x="2035" y="1476" width="29" height="27" />
        <cmp x="2050" y="1468" width="70" height="53" />
        <cmp x="2076" y="1472" width="13" height="19" />
      </word>
      <word id="m02-083-03-13" tag="BEDZ" text="was">
        <cmp x="2139" y="1470" width="61" height="36" />
        <cmp x="2206" y="1487" width="66" height="29" />
      </word>
      <upper-contour>
        <point x="330" y="1333" />
        <point x="2193" y="1333" />
      </upper-contour>
      <lower-contour>
        <point x="298" y="1532" />
        <point x="2108" y="1532" />
      </lower-contour>
    </line>
    <line ass="-48" asx="0" asy="1625" character-width="999" dss="-48" dsx="0" dsy="1722" fd0="14100" fd1="2991" fd2="-427" filter-width="3" id="m02-083-04" lbs="-130" lbx="0" lby="1679" segmentation="ok" slant="63000" stroke-width="5185" threshold="182" text="prepared for something unpleasant, for this was" ubs="114" ubx="0" uby="1662">
      <word id="m02-083-04-00" tag="VBN" text="prepared">
        <cmp x="296" y="1647" width="61" height="62" />
        <cmp x="347" y="1655" width="60" height="33" />
        <cmp x="402" y="1653" width="46" height="52" />
        <cmp x="458" y="1654" width="40" height="31" />
        <cmp x="509" y="1663" width="25" height="21" />
        <cmp x="535" y="1671" width="5" height="4" />
        <cmp x="554" y="1651" width="26" height="31" />
        <cmp x="590" y="1632" width="71" height="45" />
      </word>
      <word id="m02-083-04-01" tag="IN" text="for">
        <cmp x="697" y="1632" width="61" height="57" />
        <cmp x="768" y="1654" width="25" height="26" />
      </word>
      <word id="m02-083-04-02" tag="PN" text="something">
        <cmp x="844" y="1654" width="32" height="26" />
        <cmp x="868" y="1662" width="49" height="21" />
        <cmp x="917" y="1653" width="87" height="31" />
        <cmp x="1010" y="1627" width="30" height="53" />
        <cmp x="1038" y="1627" width="31" height="54" />
        <cmp x="1077" y="1664" width="14" height="13" />
        <cmp x="1097" y="1636" width="5" height="8" />
        <cmp x="1100" y="1657" width="62" height="67" />
      </word>
      <word id="m02-083-04-03" tag="JJ" text="unpleasant">
        <cmp x="1215" y="1648" width="44" height="28" />
        <cmp x="1252" y="1658" width="45" height="20" />
        <cmp x="1292" y="1656" width="30" height="44" />
        <cmp x="1317" y="1657" width="36" height="23" />
        <cmp x="1324" y="1660" width="3" height="3" />
        <cmp x="1359" y="1631" width="55" height="55" />
        <cmp x="1419" y="1657" width="32" height="20" />
        <cmp x="1465" y="1654" width="21" height="31" />
        <cmp x="1477" y="1654" width="4" height="3" />
        <cmp x="1493" y="1659" width="35" height="31" />
        <cmp x="1532" y="1665" width="45" height="24" />
        <cmp x="1588" y="1636" width="34" height="46" />
      </word>
      <word id="m02-083-04-04" tag="," text=",">
        <cmp x="1633" y="1682" width="15" height="15" />
      </word>
      <word id="m02-083-04-05" tag="CS" text="for">
        <cmp x="1703" y="1643" width="50" height="48" />
        <cmp x="1732" y="1668" width="29" height="19" />
        <cmp x="1767" y="1656" width="28" height="26" />
      </word>
      <word id="m02-083-04-06" tag="DT" text="this">
        <cmp x="1837" y="1631" width="60" height="52" />
        <cmp x="1896" y="1666" width="18" height="18" />
        <cmp x="1923" y="1657" width="22" height="30" />
        <cmp x="1932" y="1632" width="5" height="9" />
      </word>
      <word id="m02-083-04-07" tag="BEDZ" text="was">
        <cmp x="1990" y="1655" width="89" height="30" />
        <cmp x="2083" y="1654" width="24" height="30" />
      </word>
      <upper-contour>
        <point x="298" y="1532" />
        <point x="2108" y="1532" />
      </upper-contour>
      <lower-contour>
        <point x="319" y="1725" />
        <point x="2108" y="1725" />
      </lower-contour>
    </line>
    <line ass="-37" asx="0" asy="1792" character-width="999" dss="-37" dsx="0" dsy="1888" fd0="14038" fd1="2506" fd2="-501" filter-width="3" id="m02-083-05" lbs="-46" lbx="0" lby="1856" segmentation="ok" slant="56000" stroke-width="5285" threshold="182" text="the Senator who had annoyed the United States" ubs="-18" ubx="0" uby="1831">
      <word id="m02-083-05-00" tag="ATI" text="the">
        <cmp x="321" y="1793" width="91" height="60" />
      </word>
      <word id="m02-083-05-01" tag="NPT" text="Senator">
        <cmp x="459" y="1810" width="33" height="45" />
        <cmp x="502" y="1822" width="63" height="34" />
        <cmp x="577" y="1834" width="34" height="29" />
        <cmp x="626" y="1799" width="27" height="63" />
        <cmp x="660" y="1841" width="25" height="17" />
        <cmp x="695" y="1836" width="30" height="28" />
      </word>
      <word id="m02-083-05-02" tag="WP" text="who">
        <cmp x="762" y="1828" width="58" height="35" />
        <cmp x="825" y="1805" width="30" height="58" />
        <cmp x="855" y="1842" width="35" height="17" />
      </word>
      <word id="m02-083-05-03" tag="HVD" text="had">
        <cmp x="954" y="1803" width="147" height="54" />
      </word>
      <word id="m02-083-05-04" tag="VBN" text="annoyed">
        <cmp x="1123" y="1828" width="47" height="24" />
        <cmp x="1169" y="1834" width="41" height="21" />
        <cmp x="1208" y="1833" width="32" height="23" />
        <cmp x="1246" y="1837" width="33" height="22" />
        <cmp x="1271" y="1836" width="51" height="55" />
        <cmp x="1337" y="1812" width="117" height="47" />
      </word>
      <word id="m02-083-05-05" tag="ATI" text="the">
        <cmp x="1481" y="1811" width="47" height="49" />
        <cmp x="1520" y="1808" width="62" height="56" />
      </word>
      <word id="m02-083-05-06" tag="NP" text="United">
        <cmp x="1656" y="1812" width="66" height="46" />
        <cmp x="1710" y="1837" width="37" height="21" />
        <cmp x="1747" y="1842" width="21" height="17" />
        <cmp x="1786" y="1814" width="7" height="7" />
        <cmp x="1786" y="1811" width="34" height="44" />
        <cmp x="1819" y="1804" width="118" height="57" />
      </word>
      <word id="m02-083-05-07" tag="NP" text="States">
        <cmp x="1965" y="1818" width="39" height="41" />
        <cmp x="2008" y="1811" width="55" height="48" />
        <cmp x="2074" y="1805" width="26" height="54" />
        <cmp x="2101" y="1833" width="28" height="25" />
        <cmp x="2134" y="1831" width="22" height="28" />
      </word>
      <upper-contour>
        <point x="319" y="1725" />
        <point x="2108" y="1725" />
      </upper-contour>
      <lower-contour>
        <point x="319" y="1891" />
        <point x="2120" y="1891" />
      </lower-contour>
    </line>
    <line ass="-58" asx="0" asy="1972" character-width="999" dss="-58" dsx="0" dsy="2077" fd0="13888" fd1="3610" fd2="201" filter-width="3" id="m02-083-06" lbs="-25" lbx="0" lby="2035" segmentation="ok" slant="62000" stroke-width="5177" threshold="182" text="by bragging how he had once won a trick from" ubs="-124" ubx="0" uby="2012">
      <word id="m02-083-06-00" tag="IN" text="by">
        <cmp x="317" y="1974" width="35" height="51" />
        <cmp x="348" y="2000" width="38" height="58" />
        <cmp x="359" y="1998" width="10" height="29" />
      </word>
      <word id="m02-083-06-01" tag="VBG" text="bragging">
        <cmp x="444" y="1982" width="51" height="55" />
        <cmp x="502" y="2008" width="59" height="29" />
        <cmp x="573" y="2011" width="63" height="56" />
        <cmp x="649" y="2006" width="16" height="29" />
        <cmp x="666" y="2009" width="40" height="24" />
        <cmp x="684" y="1974" width="4" height="5" />
        <cmp x="708" y="2010" width="29" height="68" />
      </word>
      <word id="m02-083-06-02" tag="WRB" text="how">
        <cmp x="786" y="1977" width="40" height="60" />
        <cmp x="825" y="2019" width="38" height="19" />
        <cmp x="864" y="2013" width="52" height="24" />
      </word>
      <word id="m02-083-06-03" tag="PP3A" text="he">
        <cmp x="971" y="1981" width="70" height="58" />
      </word>
      <word id="m02-083-06-04" tag="HVD" text="had">
        <cmp x="1081" y="1974" width="35" height="58" />
        <cmp x="1128" y="2011" width="26" height="26" />
        <cmp x="1163" y="1985" width="84" height="48" />
      </word>
      <word id="m02-083-06-05" tag="RB" text="once">
        <cmp x="1267" y="2013" width="37" height="24" />
        <cmp x="1303" y="2015" width="42" height="23" />
        <cmp x="1359" y="2011" width="57" height="24" />
      </word>
      <word id="m02-083-06-06" tag="VBN" text="won">
        <cmp x="1449" y="2006" width="65" height="25" />
        <cmp x="1526" y="2021" width="36" height="17" />
        <cmp x="1566" y="2016" width="35" height="19" />
      </word>
      <word id="m02-083-06-07" tag="AT" text="a">
        <cmp x="1632" y="2008" width="36" height="30" />
      </word>
      <word id="m02-083-06-08" tag="NN" text="trick">
        <cmp x="1738" y="1980" width="38" height="57" />
        <cmp x="1769" y="2010" width="52" height="24" />
        <cmp x="1830" y="1974" width="68" height="66" />
        <cmp x="1837" y="1986" width="7" height="10" />
      </word>
      <word id="m02-083-06-09" tag="IN" text="from">
        <cmp x="1953" y="1987" width="52" height="56" />
        <cmp x="1983" y="2008" width="29" height="32" />
        <cmp x="2014" y="2020" width="35" height="19" />
        <cmp x="2055" y="2016" width="64" height="31" />
      </word>
      <upper-contour>
        <point x="319" y="1891" />
        <point x="2120" y="1891" />
      </upper-contour>
      <lower-contour>
        <point x="315" y="2079" />
        <point x="2092" y="2079" />
      </lower-contour>
    </line>
    <line ass="-211" asx="0" asy="2157" character-width="999" dss="-211" dsx="0" dsy="2253" fd0="14226" fd1="3110" fd2="91" filter-width="3" id="m02-083-07" lbs="-248" lbx="0" lby="2211" segmentation="ok" slant="59999" stroke-width="5213" threshold="182" text="W.C.U. by threatening to loose off one of his" ubs="-137" ubx="0" uby="2192">
      <word id="m02-083-07-00" tag="NP" text="W.C.U.">
        <cmp x="315" y="2161" width="66" height="53" />
        <cmp x="376" y="2208" width="8" height="8" />
        <cmp x="404" y="2171" width="41" height="40" />
        <cmp x="463" y="2208" width="10" height="7" />
        <cmp x="498" y="2175" width="56" height="42" />
        <cmp x="557" y="2212" width="10" height="7" />
      </word>
      <word id="m02-083-07-01" tag="IN" text="by">
        <cmp x="632" y="2161" width="44" height="56" />
        <cmp x="668" y="2188" width="59" height="59" />
        <cmp x="692" y="2188" width="12" height="21" />
      </word>
      <word id="m02-083-07-02" tag="VBG" text="threatening">
        <cmp x="781" y="2161" width="52" height="58" />
        <cmp x="824" y="2169" width="38" height="47" />
        <cmp x="866" y="2191" width="61" height="24" />
        <cmp x="927" y="2192" width="40" height="22" />
        <cmp x="974" y="2161" width="37" height="59" />
        <cmp x="1016" y="2186" width="31" height="32" />
        <cmp x="1050" y="2187" width="41" height="27" />
        <cmp x="1093" y="2196" width="20" height="15" />
        <cmp x="1109" y="2194" width="72" height="65" />
        <cmp x="1133" y="2169" width="8" height="7" />
        <cmp x="1143" y="2216" width="3" height="3" />
      </word>
      <word id="m02-083-07-03" tag="TO" text="to">
        <cmp x="1235" y="2164" width="36" height="57" />
        <cmp x="1257" y="2198" width="28" height="18" />
      </word>
      <word id="m02-083-07-04" tag="VB" text="loose">
        <cmp x="1336" y="2168" width="27" height="47" />
        <cmp x="1359" y="2197" width="34" height="18" />
        <cmp x="1398" y="2197" width="30" height="20" />
        <cmp x="1434" y="2193" width="61" height="31" />
      </word>
      <word id="m02-083-07-05" tag="RP" text="off">
        <cmp x="1542" y="2202" width="40" height="19" />
        <cmp x="1588" y="2166" width="80" height="66" />
      </word>
      <word id="m02-083-07-06" tag="CD1" text="one">
        <cmp x="1697" y="2194" width="129" height="30" />
      </word>
      <word id="m02-083-07-07" tag="INO" text="of">
        <cmp x="1877" y="2190" width="44" height="26" />
        <cmp x="1921" y="2167" width="37" height="67" />
      </word>
      <word id="m02-083-07-08" tag="PP$" text="his">
        <cmp x="1992" y="2169" width="39" height="45" />
        <cmp x="2031" y="2201" width="24" height="15" />
        <cmp x="2061" y="2189" width="25" height="31" />
        <cmp x="2083" y="2171" width="9" height="9" />
      </word>
      <upper-contour>
        <point x="315" y="2079" />
        <point x="2092" y="2079" />
      </upper-contour>
      <lower-contour>
        <point x="313" y="2259" />
        <point x="2092" y="2259" />
      </lower-contour>
    </line>
    <line ass="-183" asx="0" asy="2327" character-width="999" dss="-183" dsx="0" dsy="2427" fd0="13940" fd1="2973" fd2="-394" filter-width="3" id="m02-083-08" lbs="-186" lbx="0" lby="2389" segmentation="ok" slant="71000" stroke-width="5260" threshold="182" text="rockets (an admission which would scarcely help" ubs="-177" ubx="0" uby="2369">
      <word id="m02-083-08-00" tag="NNS" text="rockets">
        <cmp x="308" y="2353" width="68" height="40" />
        <cmp x="379" y="2329" width="106" height="71" />
        <cmp x="492" y="2332" width="22" height="63" />
        <cmp x="517" y="2364" width="30" height="34" />
      </word>
      <word id="m02-083-08-01" tag="(" text="(">
        <cmp x="598" y="2339" width="24" height="63" />
      </word>
      <word id="m02-083-08-02" tag="AT" text="an">
        <cmp x="615" y="2374" width="42" height="25" />
        <cmp x="652" y="2375" width="37" height="18" />
      </word>
      <word id="m02-083-08-03" tag="NN" text="admission">
        <cmp x="754" y="2369" width="41" height="29" />
        <cmp x="802" y="2347" width="85" height="43" />
        <cmp x="859" y="2367" width="60" height="25" />
        <cmp x="928" y="2377" width="20" height="14" />
        <cmp x="964" y="2372" width="22" height="25" />
        <cmp x="969" y="2348" width="5" height="6" />
        <cmp x="995" y="2365" width="31" height="31" />
        <cmp x="1030" y="2367" width="19" height="21" />
        <cmp x="1052" y="2371" width="64" height="24" />
      </word>
      <word id="m02-083-08-04" tag="WDT" text="which">
        <cmp x="1156" y="2341" width="106" height="56" />
        <cmp x="1259" y="2374" width="24" height="20" />
        <cmp x="1291" y="2365" width="40" height="29" />
        <cmp x="1305" y="2342" width="8" height="10" />
        <cmp x="1329" y="2339" width="32" height="52" />
        <cmp x="1351" y="2389" width="3" height="4" />
      </word>
      <word id="m02-083-08-05" tag="MD" text="would">
        <cmp x="1424" y="2366" width="74" height="27" />
        <cmp x="1500" y="2373" width="32" height="21" />
        <cmp x="1540" y="2373" width="35" height="20" />
        <cmp x="1586" y="2339" width="25" height="54" />
        <cmp x="1604" y="2343" width="63" height="43" />
      </word>
      <word id="m02-083-08-06" tag="RB" text="scarcely">
        <cmp x="1697" y="2366" width="35" height="30" />
        <cmp x="1739" y="2377" width="36" height="24" />
        <cmp x="1782" y="2374" width="42" height="28" />
        <cmp x="1839" y="2378" width="28" height="25" />
        <cmp x="1870" y="2378" width="74" height="28" />
        <cmp x="1954" y="2352" width="17" height="53" />
        <cmp x="1966" y="2382" width="53" height="53" />
        <cmp x="1981" y="2371" width="12" height="24" />
      </word>
      <word id="m02-083-08-07" tag="VB" text="help">
        <cmp x="2069" y="2339" width="70" height="55" />
        <cmp x="2143" y="2368" width="53" height="42" />
        <cmp x="2145" y="2336" width="18" height="44" />
      </word>
      <upper-contour>
        <point x="313" y="2259" />
        <point x="2092" y="2259" />
      </upper-contour>
      <lower-contour>
        <point x="323" y="2435" />
        <point x="2171" y="2435" />
      </lower-contour>
    </line>
    <line ass="-225" asx="0" asy="2502" character-width="999" dss="-225" dsx="0" dsy="2622" fd0="14465" fd1="3010" fd2="-5" filter-width="3" id="m02-083-09" lbs="-266" lbx="0" lby="2568" segmentation="ok" slant="57000" stroke-width="5453" threshold="182" text="bluff to succeed the next time) and, lately, by" ubs="-143" ubx="0" uby="2541">
      <word id="m02-083-09-00" tag="NN" text="bluff">
        <cmp x="325" y="2511" width="64" height="58" />
        <cmp x="384" y="2513" width="106" height="84" />
      </word>
      <word id="m02-083-09-01" tag="TO" text="to">
        <cmp x="518" y="2514" width="29" height="64" />
        <cmp x="539" y="2551" width="32" height="19" />
      </word>
      <word id="m02-083-09-02" tag="VB" text="succeed">
        <cmp x="625" y="2545" width="30" height="30" />
        <cmp x="663" y="2547" width="40" height="24" />
        <cmp x="716" y="2547" width="35" height="24" />
        <cmp x="756" y="2542" width="106" height="31" />
        <cmp x="865" y="2517" width="74" height="52" />
      </word>
      <word id="m02-083-09-03" tag="ATI" text="the">
        <cmp x="974" y="2527" width="54" height="48" />
        <cmp x="1008" y="2522" width="77" height="64" />
      </word>
      <word id="m02-083-09-04" tag="AP" text="next">
        <cmp x="1150" y="2540" width="97" height="30" />
        <cmp x="1250" y="2541" width="35" height="31" />
        <cmp x="1288" y="2515" width="38" height="61" />
      </word>
      <word id="m02-083-09-05" tag="NN" text="time">
        <cmp x="1372" y="2517" width="43" height="51" />
        <cmp x="1407" y="2544" width="27" height="22" />
        <cmp x="1434" y="2541" width="85" height="34" />
        <cmp x="1464" y="2519" width="6" height="5" />
      </word>
      <word id="m02-083-09-06" tag=")" text=")">
        <cmp x="1544" y="2516" width="32" height="69" />
      </word>
      <word id="m02-083-09-07" tag="CC" text="and">
        <cmp x="1590" y="2540" width="43" height="30" />
        <cmp x="1634" y="2521" width="120" height="49" />
      </word>
      <word id="m02-083-09-08" tag="," text=",">
        <cmp x="1720" y="2567" width="48" height="44" />
      </word>
      <word id="m02-083-09-09" tag="RB" text="lately">
        <cmp x="1826" y="2515" width="32" height="65" />
        <cmp x="1852" y="2552" width="44" height="23" />
        <cmp x="1903" y="2515" width="62" height="60" />
        <cmp x="1964" y="2558" width="69" height="69" />
        <cmp x="1979" y="2511" width="25" height="62" />
        <cmp x="2000" y="2547" width="14" height="27" />
      </word>
      <word id="m02-083-09-10" tag="," text=",">
        <cmp x="2035" y="2586" width="28" height="33" />
      </word>
      <word id="m02-083-09-11" tag="IN" text="by">
        <cmp x="2088" y="2531" width="46" height="58" />
        <cmp x="2105" y="2553" width="65" height="79" />
      </word>
      <upper-contour>
        <point x="323" y="2435" />
        <point x="2171" y="2435" />
      </upper-contour>
      <lower-contour>
        <point x="323" y="2611" />
        <point x="1964" y="2632" />
        <point x="2171" y="2632" />
      </lower-contour>
    </line>
    <line ass="-1252" asx="0" asy="2606" character-width="999" dss="-1252" dsx="0" dsy="2698" fd0="13114" fd1="3085" fd2="14" filter-width="3" id="m02-083-10" lbs="-1255" lbx="0" lby="2662" segmentation="err" slant="59999" stroke-width="5409" threshold="182" text="saying that if Mo land-troops had to come to the aid" ubs="-1247" ubx="0" uby="2642">
      <word id="m02-083-10-00" tag="VBG" text="saying">
        <cmp x="310" y="2639" width="56" height="40" />
        <cmp x="353" y="2642" width="51" height="60" />
        <cmp x="397" y="2652" width="18" height="22" />
        <cmp x="416" y="2642" width="65" height="67" />
        <cmp x="434" y="2621" width="6" height="7" />
        <cmp x="470" y="2653" width="3" height="4" />
      </word>
      <word id="m02-083-10-01" tag="CS" text="that">
        <cmp x="525" y="2626" width="99" height="52" />
        <cmp x="635" y="2621" width="28" height="53" />
      </word>
      <word id="m02-083-10-02" tag="CS" text="if">
        <cmp x="696" y="2657" width="21" height="23" />
        <cmp x="731" y="2634" width="63" height="62" />
        <cmp x="737" y="2632" width="5" height="5" />
      </word>
      <word id="m02-083-10-03" tag="NP" text="Mo">
        <cmp x="826" y="2634" width="80" height="45" />
        <cmp x="897" y="2664" width="38" height="21" />
      </word>
      <word id="m02-083-10-04" tag="NNS" text="land-troops">
        <cmp x="948" y="2635" width="33" height="51" />
        <cmp x="969" y="2665" width="42" height="21" />
        <cmp x="1013" y="2668" width="43" height="19" />
        <cmp x="1058" y="2638" width="85" height="42" />
        <cmp x="1132" y="2667" width="20" height="5" />
        <cmp x="1173" y="2634" width="44" height="52" />
        <cmp x="1207" y="2659" width="63" height="28" />
        <cmp x="1280" y="2672" width="25" height="19" />
        <cmp x="1298" y="2676" width="52" height="42" />
        <cmp x="1345" y="2674" width="30" height="28" />
      </word>
      <word id="m02-083-10-05" tag="HVD" text="had">
        <cmp x="1408" y="2651" width="41" height="59" />
        <cmp x="1452" y="2653" width="127" height="49" />
      </word>
      <word id="m02-083-10-06" tag="TO" text="to">
        <cmp x="1603" y="2648" width="45" height="46" />
        <cmp x="1632" y="2679" width="32" height="14" />
      </word>
      <word id="m02-083-10-07" tag="VB" text="come">
        <cmp x="1713" y="2676" width="31" height="25" />
        <cmp x="1747" y="2682" width="49" height="16" />
        <cmp x="1795" y="2675" width="95" height="36" />
      </word>
      <word id="m02-083-10-08" tag="IN" text="to">
        <cmp x="1934" y="2655" width="54" height="53" />
      </word>
      <word id="m02-083-10-09" tag="ATI" text="the">
        <cmp x="2019" y="2654" width="31" height="46" />
        <cmp x="2051" y="2654" width="62" height="54" />
      </word>
      <word id="m02-083-10-10" tag="NN" text="aid">
        <cmp x="2136" y="2678" width="59" height="45" />
        <cmp x="2181" y="2698" width="38" height="17" />
        <cmp x="2225" y="2706" width="13" height="12" />
        <cmp x="2242" y="2672" width="84" height="52" />
        <cmp x="2262" y="2683" width="3" height="3" />
      </word>
      <upper-contour>
        <point x="323" y="2611" />
        <point x="1964" y="2632" />
        <point x="2171" y="2632" />
      </upper-contour>
      <lower-contour>
        <point x="332" y="2718" />
        <point x="2137" y="2718" />
      </lower-contour>
    </line>
    <line ass="-140" asx="0" asy="2728" character-width="999" dss="-140" dsx="0" dsy="2792" fd0="15158" fd1="3118" fd2="-196" filter-width="3" id="m02-083-11" lbs="-132" lbx="0" lby="2789" segmentation="err" slant="54000" stroke-width="4521" threshold="175" text="of the O.G.O. contingent in the Panama region," ubs="-155" ubx="0" uby="2769">
      <word id="m02-083-11-00" tag="INO" text="of">
        <cmp x="334" y="2755" width="42" height="31" />
        <cmp x="377" y="2730" width="45" height="62" />
        <cmp x="582" y="2746" width="56" height="41" />
        <cmp x="647" y="2778" width="9" height="7" />
        <cmp x="689" y="2732" width="43" height="61" />
      </word>
      <word id="m02-083-11-01" tag="ATI" text="the">
        <cmp x="337" y="2740" width="1800" height="56" />
        <cmp x="740" y="2784" width="9" height="7" />
        <cmp x="776" y="2758" width="52" height="35" />
        <cmp x="859" y="2785" width="9" height="8" />
        <cmp x="924" y="2767" width="30" height="26" />
        <cmp x="957" y="2776" width="42" height="17" />
        <cmp x="1059" y="2740" width="34" height="52" />
        <cmp x="1084" y="2770" width="20" height="20" />
        <cmp x="1121" y="2739" width="5" height="7" />
        <cmp x="1267" y="2744" width="33" height="50" />
        <cmp x="1361" y="2771" width="37" height="23" />
        <cmp x="1383" y="2751" width="6" height="7" />
      </word>
      <word id="m02-083-11-02" tag="NP" text="O.G.O.">
        <cmp x="337" y="2740" width="1800" height="56" />
        <cmp x="337" y="2740" width="1800" height="56" />
        <cmp x="337" y="2740" width="1800" height="56" />
        <cmp x="337" y="2740" width="1800" height="56" />
        <cmp x="337" y="2740" width="1800" height="56" />
        <cmp x="337" y="2740" width="1800" height="56" />
      </word>
      <word id="m02-083-11-03" tag="NN" text="contingent">
        <cmp x="337" y="2740" width="1800" height="56" />
        <cmp x="1456" y="2744" width="43" height="49" />
      </word>
      <word id="m02-083-11-04" tag="IN" text="in">
        <cmp x="337" y="2740" width="1800" height="56" />
      </word>
      <word id="m02-083-11-05" tag="ATI" text="the">
        <cmp x="337" y="2740" width="1800" height="56" />
      </word>
      <word id="m02-083-11-06" tag="NP" text="Panama">
        <cmp x="337" y="2740" width="1800" height="56" />
        <cmp x="2012" y="2774" width="5" height="3" />
        <cmp x="2028" y="2770" width="21" height="19" />
      </word>
      <word id="m02-083-11-07" tag="NN" text="region">
        <cmp x="2075" y="2741" width="7" height="5" />
      </word>
      <word id="m02-083-11-08" tag="," text="," />
      <upper-contour>
        <point x="332" y="2718" />
        <point x="2137" y="2718" />
      </upper-contour>
    </line>
  </handwritten-part>
</form>

