<?xml version="1.0" encoding="ISO-8859-1"?>

<!DOCTYPE form SYSTEM 'http://www.iam.unibe.ch/~fki/iamdb/form-metadata.dtd'>

<form created="2002-01-25" height="3542" id="m02-069" last-modified="2002-07-17" skew="0" status="final" version="3.0_beta" width="2479" writer-id="525">
  <machine-printed-part>
    <machine-print-line text="One wondered if this greater awareness of the physical cosmos might with time instil" />
    <machine-print-line text="the reverence which, on Earth, nature inspires, especially when one reflected that the" />
    <machine-print-line text="rockets over which Mr. Peron&apos;s Board presided had it in their power permanently" />
    <machine-print-line text="to warp the solar system. True enough, such ultimate weapons had not been used in" />
    <machine-print-line text="the last few wars, but it seemed very probable that they would be in the next one," />
    <machine-print-line text="Moon and her allies being more inferior than formerly to W.C.U. in the weapons" />
    <machine-print-line text="pronounced conventional." />
  </machine-printed-part>
  <handwritten-part>
    <line ass="-392" asx="0" asy="898" character-width="999" dss="-392" dsx="0" dsy="1027" fd0="14847" fd1="2322" fd2="-1627" filter-width="3" id="m02-069-00" lbs="-307" lbx="0" lby="983" segmentation="ok" slant="50000" stroke-width="5677" threshold="190" text="One wondered if this greater awareness of the physical cosmos might" ubs="-564" ubx="0" uby="951">
      <word id="m02-069-00-00" sentence-start="yes" tag="CD1" text="One">
        <cmp x="350" y="912" width="55" height="76" />
        <cmp x="374" y="950" width="58" height="41" />
      </word>
      <word id="m02-069-00-01" tag="VBD" text="wondered">
        <cmp x="462" y="938" width="58" height="55" />
        <cmp x="508" y="947" width="32" height="37" />
        <cmp x="534" y="949" width="41" height="36" />
        <cmp x="561" y="902" width="90" height="81" />
        <cmp x="635" y="911" width="82" height="75" />
      </word>
      <word id="m02-069-00-02" tag="CS" text="if">
        <cmp x="720" y="948" width="31" height="42" />
        <cmp x="732" y="912" width="65" height="95" />
        <cmp x="753" y="921" width="9" height="22" />
      </word>
      <word id="m02-069-00-03" tag="DT" text="this">
        <cmp x="795" y="922" width="55" height="71" />
        <cmp x="811" y="924" width="68" height="65" />
        <cmp x="841" y="982" width="3" height="4" />
        <cmp x="871" y="927" width="8" height="18" />
      </word>
      <word id="m02-069-00-04" tag="JJR" text="greater">
        <cmp x="868" y="957" width="67" height="77" />
        <cmp x="921" y="922" width="125" height="73" />
        <cmp x="1025" y="954" width="37" height="35" />
      </word>
      <word id="m02-069-00-05" tag="NN" text="awareness">
        <cmp x="1083" y="962" width="76" height="34" />
        <cmp x="1154" y="968" width="43" height="24" />
        <cmp x="1197" y="970" width="40" height="25" />
        <cmp x="1249" y="960" width="56" height="35" />
        <cmp x="1303" y="961" width="7" height="7" />
      </word>
      <word id="m02-069-00-06" tag="INO" text="of">
        <cmp x="1341" y="964" width="24" height="28" />
        <cmp x="1353" y="938" width="53" height="72" />
      </word>
      <word id="m02-069-00-07" tag="ATI" text="the">
        <cmp x="1417" y="935" width="45" height="61" />
        <cmp x="1431" y="935" width="62" height="59" />
      </word>
      <word id="m02-069-00-08" tag="JJ" text="physical">
        <cmp x="1492" y="959" width="79" height="72" />
        <cmp x="1555" y="916" width="68" height="80" />
        <cmp x="1567" y="969" width="63" height="62" />
        <cmp x="1624" y="968" width="17" height="26" />
        <cmp x="1636" y="970" width="19" height="25" />
        <cmp x="1655" y="967" width="53" height="26" />
        <cmp x="1671" y="937" width="6" height="16" />
        <cmp x="1705" y="931" width="56" height="65" />
      </word>
      <word id="m02-069-00-09" tag="NN" text="cosmos">
        <cmp x="1773" y="956" width="37" height="38" />
        <cmp x="1797" y="960" width="124" height="33" />
      </word>
      <word id="m02-069-00-10" tag="MD" text="might">
        <cmp x="1943" y="965" width="75" height="29" />
        <cmp x="1965" y="966" width="3" height="5" />
        <cmp x="1980" y="928" width="122" height="109" />
        <cmp x="2039" y="957" width="3" height="3" />
        <cmp x="2042" y="948" width="8" height="9" />
      </word>
      <lower-contour>
        <point x="371" y="1037" />
        <point x="2103" y="1037" />
      </lower-contour>
    </line>
    <line ass="-167" asx="0" asy="1079" character-width="999" dss="-167" dsx="0" dsy="1191" fd0="15623" fd1="2774" fd2="-1160" filter-width="3" id="m02-069-01" lbs="-139" lbx="0" lby="1157" segmentation="ok" slant="45000" stroke-width="5708" threshold="190" text="with time instil the reverence which, on Earth, nature inspires," ubs="-223" ubx="0" uby="1131">
      <word id="m02-069-01-00" tag="IN" text="with">
        <cmp x="373" y="1096" width="62" height="60" />
        <cmp x="414" y="1111" width="33" height="33" />
        <cmp x="425" y="1086" width="57" height="63" />
        <cmp x="434" y="1084" width="70" height="72" />
        <cmp x="459" y="1082" width="5" height="16" />
      </word>
      <word id="m02-069-01-01" tag="NN" text="time">
        <cmp x="522" y="1096" width="68" height="69" />
        <cmp x="549" y="1124" width="32" height="33" />
        <cmp x="566" y="1124" width="84" height="36" />
        <cmp x="586" y="1093" width="4" height="3" />
        <cmp x="602" y="1090" width="8" height="14" />
      </word>
      <word id="m02-069-01-02" tag="VB" text="instil">
        <cmp x="687" y="1153" width="19" height="18" />
        <cmp x="704" y="1147" width="6" height="6" />
        <cmp x="706" y="1145" width="45" height="28" />
        <cmp x="737" y="1110" width="6" height="14" />
        <cmp x="746" y="1139" width="40" height="34" />
        <cmp x="772" y="1093" width="76" height="74" />
        <cmp x="800" y="1148" width="20" height="18" />
        <cmp x="815" y="1105" width="77" height="66" />
        <cmp x="849" y="1107" width="9" height="17" />
      </word>
      <word id="m02-069-01-03" tag="ATI" text="the">
        <cmp x="927" y="1097" width="78" height="73" />
      </word>
      <word id="m02-069-01-04" tag="NN" text="reverence">
        <cmp x="1046" y="1144" width="57" height="33" />
        <cmp x="1097" y="1145" width="43" height="34" />
        <cmp x="1127" y="1145" width="28" height="30" />
        <cmp x="1146" y="1146" width="31" height="27" />
        <cmp x="1173" y="1140" width="58" height="32" />
        <cmp x="1222" y="1134" width="55" height="36" />
        <cmp x="1239" y="1136" width="11" height="8" />
      </word>
      <word id="m02-069-01-05" tag="WDT" text="which">
        <cmp x="1310" y="1126" width="59" height="46" />
        <cmp x="1368" y="1089" width="65" height="73" />
        <cmp x="1416" y="1096" width="76" height="68" />
        <cmp x="1436" y="1110" width="4" height="6" />
      </word>
      <word id="m02-069-01-06" tag="," text=",">
        <cmp x="1483" y="1165" width="15" height="19" />
      </word>
      <word id="m02-069-01-07" tag="IN" text="on">
        <cmp x="1522" y="1144" width="26" height="29" />
        <cmp x="1550" y="1155" width="33" height="18" />
      </word>
      <word id="m02-069-01-08" tag="NN" text="Earth">
        <cmp x="1628" y="1107" width="77" height="58" />
        <cmp x="1685" y="1143" width="19" height="22" />
        <cmp x="1696" y="1107" width="50" height="65" />
        <cmp x="1707" y="1108" width="7" height="8" />
        <cmp x="1720" y="1107" width="51" height="67" />
      </word>
      <word id="m02-069-01-09" tag="," text=",">
        <cmp x="1781" y="1168" width="15" height="17" />
      </word>
      <word id="m02-069-01-10" tag="NN" text="nature">
        <cmp x="1816" y="1134" width="68" height="42" />
        <cmp x="1881" y="1105" width="65" height="58" />
        <cmp x="1944" y="1129" width="27" height="32" />
      </word>
      <word id="m02-069-01-11" tag="VBZ" text="inspires">
        <cmp x="1999" y="1135" width="31" height="36" />
        <cmp x="2015" y="1138" width="38" height="35" />
        <cmp x="2042" y="1137" width="65" height="61" />
        <cmp x="2044" y="1106" width="5" height="15" />
        <cmp x="2102" y="1141" width="22" height="27" />
        <cmp x="2120" y="1140" width="27" height="28" />
        <cmp x="2142" y="1107" width="7" height="14" />
        <cmp x="2145" y="1138" width="47" height="34" />
      </word>
      <word id="m02-069-01-12" tag="," text=",">
        <cmp x="2184" y="1159" width="19" height="23" />
      </word>
      <upper-contour>
        <point x="371" y="1037" />
        <point x="2103" y="1037" />
      </upper-contour>
      <lower-contour>
        <point x="371" y="1198" />
        <point x="2186" y="1198" />
      </lower-contour>
    </line>
    <line ass="144" asx="0" asy="1265" character-width="999" dss="144" dsx="0" dsy="1371" fd0="15641" fd1="2839" fd2="-1285" filter-width="4" id="m02-069-02" lbs="265" lbx="0" lby="1342" segmentation="ok" slant="49000" stroke-width="5926" threshold="190" text="especially when one reflected that the rockets over which Mr. Peron&apos;s" ubs="-95" ubx="0" uby="1310">
      <word id="m02-069-02-00" tag="RB" text="especially">
        <cmp x="353" y="1298" width="44" height="45" />
        <cmp x="384" y="1294" width="34" height="45" />
        <cmp x="395" y="1298" width="58" height="60" />
        <cmp x="437" y="1302" width="55" height="34" />
        <cmp x="483" y="1303" width="39" height="32" />
        <cmp x="512" y="1313" width="57" height="59" />
        <cmp x="517" y="1270" width="49" height="65" />
        <cmp x="524" y="1273" width="5" height="11" />
        <cmp x="528" y="1271" width="48" height="64" />
        <cmp x="546" y="1317" width="10" height="7" />
      </word>
      <word id="m02-069-02-01" tag="WRB" text="when">
        <cmp x="590" y="1309" width="50" height="40" />
        <cmp x="636" y="1264" width="82" height="83" />
      </word>
      <word id="m02-069-02-02" tag="CD1" text="one">
        <cmp x="753" y="1315" width="29" height="30" />
        <cmp x="780" y="1320" width="14" height="17" />
        <cmp x="794" y="1310" width="46" height="33" />
      </word>
      <word id="m02-069-02-03" tag="VBD" text="reflected">
        <cmp x="861" y="1264" width="115" height="97" />
        <cmp x="924" y="1271" width="66" height="77" />
        <cmp x="958" y="1310" width="40" height="38" />
        <cmp x="989" y="1274" width="70" height="76" />
        <cmp x="1043" y="1307" width="33" height="33" />
        <cmp x="1054" y="1269" width="65" height="76" />
        <cmp x="1058" y="1266" width="5" height="5" />
      </word>
      <word id="m02-069-02-04" tag="CS" text="that">
        <cmp x="1128" y="1277" width="59" height="76" />
        <cmp x="1156" y="1272" width="58" height="74" />
        <cmp x="1198" y="1312" width="23" height="27" />
        <cmp x="1216" y="1272" width="64" height="67" />
      </word>
      <word id="m02-069-02-05" tag="ATI" text="the">
        <cmp x="1293" y="1275" width="75" height="70" />
      </word>
      <word id="m02-069-02-06" tag="NNS" text="rockets">
        <cmp x="1395" y="1322" width="29" height="32" />
        <cmp x="1416" y="1318" width="53" height="36" />
        <cmp x="1455" y="1287" width="59" height="65" />
        <cmp x="1498" y="1287" width="59" height="65" />
        <cmp x="1520" y="1333" width="7" height="13" />
      </word>
      <word id="m02-069-02-07" tag="IN" text="over">
        <cmp x="1582" y="1317" width="35" height="35" />
        <cmp x="1611" y="1320" width="30" height="35" />
        <cmp x="1639" y="1320" width="70" height="35" />
      </word>
      <word id="m02-069-02-08" tag="WDT" text="which">
        <cmp x="1724" y="1313" width="50" height="39" />
        <cmp x="1771" y="1287" width="48" height="61" />
        <cmp x="1810" y="1323" width="14" height="19" />
        <cmp x="1818" y="1276" width="8" height="10" />
        <cmp x="1820" y="1314" width="29" height="34" />
        <cmp x="1839" y="1290" width="6" height="9" />
        <cmp x="1847" y="1279" width="60" height="72" />
      </word>
      <word id="m02-069-02-09" tag="NPT" text="Mr.">
        <cmp x="1939" y="1287" width="76" height="66" />
        <cmp x="1987" y="1322" width="26" height="27" />
        <cmp x="2006" y="1346" width="9" height="6" />
      </word>
      <word id="m02-069-02-10" tag="NP$" text="Peron&apos;s">
        <cmp x="2036" y="1292" width="63" height="62" />
        <cmp x="2065" y="1311" width="46" height="36" />
        <cmp x="2095" y="1314" width="28" height="30" />
        <cmp x="2117" y="1317" width="32" height="26" />
        <cmp x="2172" y="1294" width="4" height="6" />
        <cmp x="2166" y="1311" width="19" height="32" />
      </word>
      <upper-contour>
        <point x="371" y="1198" />
        <point x="2186" y="1198" />
      </upper-contour>
      <lower-contour>
        <point x="351" y="1372" />
        <point x="2143" y="1372" />
      </lower-contour>
    </line>
    <line ass="-372" asx="0" asy="1421" character-width="999" dss="-372" dsx="0" dsy="1561" fd0="15087" fd1="2452" fd2="-1144" filter-width="4" id="m02-069-03" lbs="-315" lbx="0" lby="1513" segmentation="ok" slant="53000" stroke-width="6137" threshold="190" text="Board presided had it in their power permanently to warp the" ubs="-488" ubx="0" uby="1478">
      <word id="m02-069-03-00" tag="NN" text="Board">
        <cmp x="348" y="1454" width="76" height="66" />
        <cmp x="421" y="1486" width="21" height="21" />
        <cmp x="432" y="1438" width="72" height="80" />
      </word>
      <word id="m02-069-03-01" tag="VBD" text="presided">
        <cmp x="486" y="1471" width="65" height="77" />
        <cmp x="538" y="1477" width="46" height="37" />
        <cmp x="579" y="1474" width="31" height="42" />
        <cmp x="598" y="1476" width="25" height="36" />
        <cmp x="618" y="1426" width="112" height="95" />
        <cmp x="631" y="1450" width="9" height="18" />
        <cmp x="727" y="1432" width="11" height="8" />
      </word>
      <word id="m02-069-03-02" tag="HVD" text="had">
        <cmp x="734" y="1441" width="69" height="98" />
        <cmp x="803" y="1445" width="79" height="83" />
      </word>
      <word id="m02-069-03-03" tag="PP3" text="it">
        <cmp x="880" y="1500" width="25" height="33" />
        <cmp x="904" y="1469" width="47" height="64" />
        <cmp x="917" y="1466" width="8" height="12" />
      </word>
      <word id="m02-069-03-04" tag="IN" text="in">
        <cmp x="966" y="1498" width="30" height="38" />
        <cmp x="989" y="1499" width="36" height="28" />
        <cmp x="1014" y="1462" width="5" height="11" />
      </word>
      <word id="m02-069-03-05" tag="PP$" text="their">
        <cmp x="1093" y="1464" width="88" height="76" />
        <cmp x="1176" y="1504" width="29" height="26" />
        <cmp x="1193" y="1469" width="8" height="14" />
      </word>
      <word id="m02-069-03-06" tag="NN" text="power">
        <cmp x="1229" y="1508" width="67" height="63" />
        <cmp x="1286" y="1510" width="29" height="32" />
        <cmp x="1313" y="1506" width="46" height="33" />
        <cmp x="1361" y="1503" width="58" height="31" />
      </word>
      <word id="m02-069-03-07" tag="RB" text="permanently">
        <cmp x="1429" y="1497" width="75" height="69" />
        <cmp x="1487" y="1492" width="59" height="36" />
        <cmp x="1538" y="1490" width="82" height="33" />
        <cmp x="1608" y="1486" width="96" height="40" />
        <cmp x="1704" y="1448" width="64" height="73" />
        <cmp x="1718" y="1490" width="59" height="63" />
        <cmp x="1729" y="1453" width="57" height="67" />
      </word>
      <word id="m02-069-03-08" tag="TO" text="to">
        <cmp x="1819" y="1441" width="68" height="83" />
      </word>
      <word id="m02-069-03-09" tag="VB" text="warp">
        <cmp x="1892" y="1480" width="55" height="45" />
        <cmp x="1933" y="1479" width="41" height="45" />
        <cmp x="1960" y="1488" width="54" height="60" />
        <cmp x="1965" y="1485" width="27" height="32" />
      </word>
      <word id="m02-069-03-10" tag="ATI" text="the">
        <cmp x="2064" y="1451" width="48" height="74" />
        <cmp x="2075" y="1445" width="67" height="86" />
      </word>
      <upper-contour>
        <point x="351" y="1372" />
        <point x="2143" y="1372" />
      </upper-contour>
      <lower-contour>
        <point x="348" y="1571" />
        <point x="2143" y="1571" />
      </lower-contour>
    </line>
    <line ass="200" asx="0" asy="1619" character-width="999" dss="200" dsx="0" dsy="1761" fd0="15247" fd1="2560" fd2="-1480" filter-width="4" id="m02-069-04" lbs="302" lbx="0" lby="1706" segmentation="ok" slant="50000" stroke-width="6015" threshold="190" text="solar system. True enough, such ultimate weapons had not been" ubs="-3" ubx="0" uby="1671">
      <word id="m02-069-04-00" tag="JJ" text="solar">
        <cmp x="350" y="1641" width="46" height="57" />
        <cmp x="373" y="1617" width="92" height="80" />
        <cmp x="444" y="1662" width="40" height="34" />
      </word>
      <word id="m02-069-04-01" tag="NN" text="system">
        <cmp x="502" y="1663" width="80" height="83" />
        <cmp x="509" y="1660" width="39" height="47" />
        <cmp x="572" y="1661" width="37" height="35" />
        <cmp x="590" y="1616" width="107" height="81" />
      </word>
      <word id="m02-069-04-02" tag="." text=".">
        <cmp x="714" y="1692" width="6" height="7" />
      </word>
      <word id="m02-069-04-03" sentence-start="yes" tag="RB" text="True">
        <cmp x="760" y="1623" width="96" height="87" />
        <cmp x="789" y="1664" width="37" height="36" />
        <cmp x="815" y="1666" width="40" height="35" />
        <cmp x="850" y="1662" width="34" height="37" />
      </word>
      <word id="m02-069-04-04" tag="QLP" text="enough">
        <cmp x="911" y="1658" width="71" height="52" />
        <cmp x="971" y="1667" width="31" height="35" />
        <cmp x="993" y="1667" width="41" height="37" />
        <cmp x="995" y="1665" width="67" height="94" />
        <cmp x="1049" y="1615" width="62" height="94" />
      </word>
      <word id="m02-069-04-05" tag="," text=",">
        <cmp x="1091" y="1695" width="27" height="38" />
      </word>
      <word id="m02-069-04-06" tag="ABL" text="such">
        <cmp x="1136" y="1664" width="41" height="51" />
        <cmp x="1163" y="1668" width="29" height="38" />
        <cmp x="1179" y="1674" width="26" height="34" />
        <cmp x="1194" y="1667" width="36" height="42" />
        <cmp x="1222" y="1619" width="73" height="81" />
        <cmp x="1245" y="1677" width="14" height="22" />
      </word>
      <word id="m02-069-04-07" tag="JJ" text="ultimate">
        <cmp x="1292" y="1678" width="36" height="30" />
        <cmp x="1312" y="1670" width="6" height="7" />
        <cmp x="1328" y="1633" width="57" height="70" />
        <cmp x="1348" y="1633" width="52" height="68" />
        <cmp x="1381" y="1670" width="54" height="30" />
        <cmp x="1406" y="1636" width="7" height="10" />
        <cmp x="1429" y="1667" width="36" height="40" />
        <cmp x="1452" y="1644" width="57" height="62" />
      </word>
      <word id="m02-069-04-08" tag="NNS" text="weapons">
        <cmp x="1542" y="1660" width="52" height="35" />
        <cmp x="1593" y="1660" width="60" height="36" />
        <cmp x="1635" y="1664" width="61" height="57" />
        <cmp x="1689" y="1665" width="28" height="28" />
        <cmp x="1712" y="1670" width="36" height="30" />
        <cmp x="1747" y="1668" width="33" height="31" />
      </word>
      <word id="m02-069-04-09" tag="HVD" text="had">
        <cmp x="1797" y="1616" width="74" height="89" />
        <cmp x="1826" y="1697" width="6" height="4" />
        <cmp x="1836" y="1673" width="45" height="31" />
        <cmp x="1860" y="1696" width="5" height="7" />
        <cmp x="1862" y="1666" width="12" height="11" />
        <cmp x="1871" y="1615" width="100" height="89" />
      </word>
      <word id="m02-069-04-10" tag="XNOT" text="not">
        <cmp x="1956" y="1671" width="72" height="39" />
        <cmp x="2021" y="1629" width="63" height="78" />
      </word>
      <word id="m02-069-04-11" tag="BEN" text="been">
        <cmp x="2064" y="1622" width="65" height="84" />
        <cmp x="2109" y="1666" width="66" height="39" />
        <cmp x="2161" y="1665" width="42" height="38" />
      </word>
      <upper-contour>
        <point x="348" y="1571" />
        <point x="2143" y="1571" />
      </upper-contour>
      <lower-contour>
        <point x="348" y="1759" />
        <point x="2204" y="1759" />
      </lower-contour>
    </line>
    <line ass="-325" asx="0" asy="1790" character-width="999" dss="-325" dsx="0" dsy="1927" fd0="14086" fd1="2290" fd2="-1151" filter-width="4" id="m02-069-05" lbs="-383" lbx="0" lby="1880" segmentation="err" slant="51000" stroke-width="6357" threshold="190" text="used in the last few wars, but it seemed very probable" ubs="-209" ubx="0" uby="1852">
      <word id="m02-069-05-00" tag="VBN" text="used">
        <cmp x="347" y="1829" width="51" height="59" />
        <cmp x="376" y="1839" width="40" height="46" />
        <cmp x="403" y="1840" width="41" height="36" />
        <cmp x="437" y="1839" width="41" height="41" />
        <cmp x="457" y="1861" width="8" height="8" />
        <cmp x="463" y="1793" width="72" height="80" />
      </word>
      <word id="m02-069-05-01" tag="IN" text="in">
        <cmp x="521" y="1860" width="30" height="35" />
        <cmp x="543" y="1855" width="38" height="37" />
        <cmp x="570" y="1824" width="5" height="11" />
      </word>
      <word id="m02-069-05-02" tag="ATI" text="the">
        <cmp x="637" y="1812" width="86" height="80" />
      </word>
      <word id="m02-069-05-03" tag="AP" text="last">
        <cmp x="771" y="1824" width="52" height="68" />
        <cmp x="784" y="1852" width="42" height="35" />
        <cmp x="815" y="1850" width="28" height="29" />
        <cmp x="828" y="1823" width="53" height="59" />
      </word>
      <word id="m02-069-05-04" tag="AP" text="few">
        <cmp x="894" y="1823" width="124" height="94" />
        <cmp x="1023" y="1809" width="117" height="107" />
      </word>
      <word id="m02-069-05-05" tag="NNS" text="wars">
        <cmp x="1196" y="1843" width="61" height="42" />
        <cmp x="1247" y="1850" width="35" height="35" />
        <cmp x="1278" y="1854" width="31" height="26" />
        <cmp x="1303" y="1850" width="29" height="35" />
      </word>
      <word id="m02-069-05-06" tag="," text=",">
        <cmp x="1344" y="1887" width="8" height="9" />
      </word>
      <word id="m02-069-05-07" tag="CC" text="but">
        <cmp x="1376" y="1819" width="71" height="77" />
        <cmp x="1428" y="1853" width="38" height="33" />
        <cmp x="1465" y="1810" width="71" height="76" />
      </word>
      <word id="m02-069-05-08" tag="PP3" text="it">
        <cmp x="1551" y="1856" width="28" height="25" />
        <cmp x="1570" y="1819" width="56" height="68" />
        <cmp x="1597" y="1813" width="6" height="12" />
      </word>
      <word id="m02-069-05-09" tag="VBD" text="seemed">
        <cmp x="1627" y="1839" width="38" height="45" />
        <cmp x="1655" y="1847" width="64" height="39" />
        <cmp x="1714" y="1809" width="162" height="84" />
      </word>
      <word id="m02-069-05-10" tag="QL" text="very">
        <cmp x="1881" y="1854" width="52" height="43" />
        <cmp x="1913" y="1859" width="55" height="38" />
        <cmp x="1938" y="1861" width="67" height="71" />
      </word>
      <word id="m02-069-05-11" tag="JJ" text="probable">
        <cmp x="1998" y="1863" width="67" height="77" />
        <cmp x="2059" y="1867" width="32" height="29" />
        <cmp x="2087" y="1864" width="28" height="27" />
        <cmp x="2113" y="1818" width="105" height="77" />
      </word>
      <upper-contour>
        <point x="348" y="1759" />
        <point x="2204" y="1759" />
      </upper-contour>
      <lower-contour>
        <point x="357" y="1940" />
        <point x="2186" y="1940" />
      </lower-contour>
    </line>
    <line ass="-849" asx="0" asy="1967" character-width="999" dss="-849" dsx="0" dsy="2088" fd0="14656" fd1="2361" fd2="-1174" filter-width="4" id="m02-069-06" lbs="-1021" lbx="0" lby="2042" segmentation="err" slant="50000" stroke-width="6196" threshold="190" text="that they would be in the next one, Moon and her" ubs="-505" ubx="0" uby="2021">
      <word id="m02-069-06-00" tag="CS" text="that">
        <cmp x="359" y="1988" width="51" height="73" />
        <cmp x="380" y="1983" width="53" height="77" />
        <cmp x="408" y="2024" width="33" height="33" />
        <cmp x="437" y="1983" width="53" height="78" />
      </word>
      <word id="m02-069-06-01" tag="PP3AS" text="they">
        <cmp x="520" y="1983" width="86" height="77" />
        <cmp x="575" y="2021" width="74" height="77" />
      </word>
      <word id="m02-069-06-02" tag="MD" text="would">
        <cmp x="679" y="2021" width="51" height="51" />
        <cmp x="727" y="2030" width="27" height="31" />
        <cmp x="756" y="2031" width="25" height="27" />
        <cmp x="781" y="1997" width="51" height="64" />
        <cmp x="797" y="1984" width="77" height="84" />
      </word>
      <word id="m02-069-06-03" tag="BE" text="be">
        <cmp x="879" y="1993" width="90" height="74" />
      </word>
      <word id="m02-069-06-04" tag="IN" text="in">
        <cmp x="1018" y="2037" width="32" height="32" />
        <cmp x="1037" y="2034" width="51" height="38" />
        <cmp x="1070" y="1998" width="9" height="16" />
      </word>
      <word id="m02-069-06-05" tag="ATI" text="the">
        <cmp x="1096" y="1984" width="89" height="93" />
        <cmp x="1116" y="1991" width="75" height="85" />
      </word>
      <word id="m02-069-06-06" tag="AP" text="next">
        <cmp x="1238" y="1985" width="136" height="88" />
        <cmp x="1358" y="2029" width="83" height="41" />
        <cmp x="1432" y="2026" width="59" height="45" />
        <cmp x="1472" y="1990" width="76" height="88" />
      </word>
      <word id="m02-069-06-07" tag="CD1" text="one">
        <cmp x="1568" y="2033" width="36" height="41" />
        <cmp x="1595" y="2038" width="78" height="45" />
      </word>
      <word id="m02-069-06-08" tag="," text=",">
        <cmp x="1675" y="2075" width="20" height="18" />
      </word>
      <word id="m02-069-06-09" tag="NP" text="Moon">
        <cmp x="1743" y="1996" width="88" height="88" />
        <cmp x="1795" y="2040" width="35" height="35" />
        <cmp x="1820" y="2039" width="34" height="32" />
        <cmp x="1852" y="2038" width="32" height="28" />
      </word>
      <word id="m02-069-06-10" tag="CC" text="and">
        <cmp x="1920" y="2038" width="37" height="33" />
        <cmp x="1954" y="2010" width="104" height="67" />
      </word>
      <word id="m02-069-06-11" tag="PP$" text="her">
        <cmp x="2078" y="1999" width="108" height="70" />
      </word>
      <upper-contour>
        <point x="357" y="1940" />
        <point x="2186" y="1940" />
      </upper-contour>
      <lower-contour>
        <point x="357" y="2098" />
        <point x="2186" y="2098" />
      </lower-contour>
    </line>
    <line ass="-672" asx="0" asy="2142" character-width="999" dss="-672" dsx="0" dsy="2301" fd0="14282" fd1="2383" fd2="-1080" filter-width="4" id="m02-069-07" lbs="-630" lbx="0" lby="2231" segmentation="ok" slant="50000" stroke-width="5889" threshold="190" text="allies being more inferior than formerly to W.C.U. in the" ubs="-756" ubx="0" uby="2201">
      <word id="m02-069-07-00" tag="NNS" text="allies">
        <cmp x="349" y="2204" width="48" height="47" />
        <cmp x="391" y="2156" width="65" height="87" />
        <cmp x="399" y="2164" width="69" height="87" />
        <cmp x="419" y="2211" width="31" height="38" />
        <cmp x="444" y="2203" width="32" height="41" />
        <cmp x="460" y="2170" width="12" height="23" />
        <cmp x="466" y="2198" width="40" height="51" />
      </word>
      <word id="m02-069-07-01" tag="BEG" text="being">
        <cmp x="544" y="2171" width="99" height="80" />
        <cmp x="619" y="2210" width="93" height="100" />
        <cmp x="633" y="2213" width="40" height="33" />
        <cmp x="652" y="2186" width="7" height="12" />
      </word>
      <word id="m02-069-07-02" tag="QL" text="more">
        <cmp x="744" y="2205" width="76" height="43" />
        <cmp x="807" y="2206" width="36" height="37" />
        <cmp x="830" y="2199" width="62" height="45" />
      </word>
      <word id="m02-069-07-03" tag="JJ" text="inferior">
        <cmp x="918" y="2208" width="26" height="38" />
        <cmp x="933" y="2209" width="40" height="41" />
        <cmp x="957" y="2171" width="6" height="14" />
        <cmp x="963" y="2164" width="70" height="100" />
        <cmp x="982" y="2205" width="69" height="41" />
        <cmp x="1035" y="2216" width="30" height="35" />
        <cmp x="1061" y="2212" width="34" height="35" />
        <cmp x="1081" y="2182" width="5" height="15" />
        <cmp x="1085" y="2215" width="36" height="37" />
      </word>
      <word id="m02-069-07-04" tag="CS" text="than">
        <cmp x="1158" y="2182" width="65" height="74" />
        <cmp x="1187" y="2180" width="60" height="74" />
        <cmp x="1220" y="2220" width="33" height="30" />
        <cmp x="1248" y="2221" width="36" height="29" />
      </word>
      <word id="m02-069-07-05" tag="RB" text="formerly">
        <cmp x="1315" y="2275" width="5" height="8" />
        <cmp x="1316" y="2167" width="92" height="109" />
        <cmp x="1377" y="2219" width="32" height="29" />
        <cmp x="1395" y="2184" width="142" height="111" />
        <cmp x="1396" y="2189" width="4" height="5" />
        <cmp x="1526" y="2179" width="5" height="4" />
      </word>
      <word id="m02-069-07-06" tag="IN" text="to">
        <cmp x="1564" y="2184" width="60" height="62" />
      </word>
      <word id="m02-069-07-07" tag="NP" text="W.C.U.">
        <cmp x="1664" y="2161" width="98" height="103" />
        <cmp x="1731" y="2251" width="6" height="6" />
        <cmp x="1780" y="2182" width="79" height="77" />
        <cmp x="1826" y="2246" width="10" height="8" />
        <cmp x="1862" y="2178" width="98" height="85" />
        <cmp x="1936" y="2243" width="6" height="7" />
      </word>
      <word id="m02-069-07-08" tag="IN" text="in">
        <cmp x="1983" y="2214" width="47" height="49" />
        <cmp x="2014" y="2224" width="39" height="34" />
        <cmp x="2041" y="2176" width="8" height="12" />
      </word>
      <word id="m02-069-07-09" tag="ATI" text="the">
        <cmp x="2103" y="2178" width="92" height="90" />
      </word>
      <upper-contour>
        <point x="357" y="2098" />
        <point x="2186" y="2098" />
      </upper-contour>
      <lower-contour>
        <point x="347" y="2310" />
        <point x="1496" y="2310" />
      </lower-contour>
    </line>
    <line ass="-45" asx="0" asy="2342" character-width="999" dss="-45" dsx="0" dsy="2464" fd0="14648" fd1="2721" fd2="-1735" filter-width="4" id="m02-069-08" lbs="37" lbx="0" lby="2427" segmentation="err" slant="47000" stroke-width="6013" threshold="190" text="weapons pronounced conventional." ubs="-212" ubx="0" uby="2388">
      <word id="m02-069-08-00" tag="NNS" text="weapons">
        <cmp x="344" y="2357" width="73" height="69" />
        <cmp x="407" y="2379" width="78" height="52" />
        <cmp x="454" y="2387" width="83" height="72" />
        <cmp x="528" y="2390" width="37" height="36" />
        <cmp x="564" y="2391" width="46" height="32" />
        <cmp x="606" y="2388" width="39" height="34" />
        <cmp x="641" y="2383" width="7" height="5" />
      </word>
      <word id="m02-069-08-01" tag="VBN" text="pronounced">
        <cmp x="676" y="2386" width="89" height="81" />
        <cmp x="747" y="2393" width="34" height="39" />
        <cmp x="782" y="2393" width="27" height="31" />
        <cmp x="803" y="2387" width="49" height="41" />
        <cmp x="841" y="2389" width="37" height="42" />
        <cmp x="873" y="2394" width="43" height="40" />
        <cmp x="917" y="2389" width="37" height="43" />
        <cmp x="950" y="2346" width="159" height="97" />
      </word>
      <word id="m02-069-08-02" tag="JJ" text="conventional">
        <cmp x="1101" y="2401" width="99" height="41" />
        <cmp x="1198" y="2392" width="44" height="38" />
        <cmp x="1229" y="2392" width="71" height="40" />
        <cmp x="1300" y="2353" width="58" height="74" />
        <cmp x="1339" y="2398" width="29" height="29" />
        <cmp x="1364" y="2394" width="41" height="33" />
        <cmp x="1366" y="2368" width="4" height="8" />
        <cmp x="1398" y="2395" width="33" height="36" />
      </word>
      <word id="m02-069-08-03" tag="." text=".">
        <cmp x="1433" y="2344" width="62" height="80" />
      </word>
      <upper-contour>
        <point x="347" y="2310" />
        <point x="1496" y="2310" />
      </upper-contour>
    </line>
  </handwritten-part>
</form>

