<?xml version="1.0" encoding="ISO-8859-1"?>

<!DOCTYPE form SYSTEM 'http://www.iam.unibe.ch/~fki/iamdb/form-metadata.dtd'>

<form created="2002-01-25" height="3542" id="m02-090" last-modified="2002-07-17" skew="-30" status="final" version="3.0_beta" width="2479" writer-id="531">
  <machine-printed-part>
    <machine-print-line text="The motive would be the same in both cases, to serve this home of his, in which his" />
    <machine-print-line text="heart lay. Here the rocket man&apos;s charm was disarming. Yet when the time came" />
    <machine-print-line text="to leave, Harry felt as depressed as when he left Mrs. Halliday&apos;s office, exactly a" />
    <machine-print-line text="month ago. If even Mo statesmen only did what they had to do to get GO on an" />
    <machine-print-line text="expanding scale, and left the sum-total of their actions, and their lunar and earthly" />
    <machine-print-line text="repercussions, to luck (or to Moke), there was a vacuum where there should be a" />
    <machine-print-line text="centre of trust, responsible for the maintenance and expansion of free society." />
  </machine-printed-part>
  <handwritten-part>
    <line ass="-477" asx="0" asy="901" character-width="999" dss="-477" dsx="0" dsy="997" fd0="12625" fd1="2533" fd2="-327" filter-width="3" id="m02-090-00" lbs="-528" lbx="0" lby="983" segmentation="ok" slant="90000" stroke-width="5105" threshold="203" text="The motive would be the same in both cases, to" ubs="-376" ubx="0" uby="958">
      <word id="m02-090-00-00" sentence-start="yes" tag="ATI" text="The">
        <cmp x="355" y="921" width="129" height="68" />
      </word>
      <word id="m02-090-00-01" tag="NN" text="motive">
        <cmp x="528" y="959" width="51" height="30" />
        <cmp x="589" y="907" width="68" height="90" />
        <cmp x="646" y="921" width="7" height="6" />
        <cmp x="668" y="955" width="76" height="38" />
      </word>
      <word id="m02-090-00-02" tag="MD" text="would">
        <cmp x="808" y="912" width="172" height="85" />
        <cmp x="980" y="915" width="33" height="85" />
      </word>
      <word id="m02-090-00-03" tag="BE" text="be">
        <cmp x="1051" y="931" width="68" height="63" />
      </word>
      <word id="m02-090-00-04" tag="ATI" text="the">
        <cmp x="1163" y="917" width="110" height="73" />
        <cmp x="1171" y="931" width="4" height="6" />
      </word>
      <word id="m02-090-00-05" tag="AP" text="same">
        <cmp x="1318" y="963" width="23" height="27" />
        <cmp x="1343" y="964" width="131" height="35" />
      </word>
      <word id="m02-090-00-06" tag="IN" text="in">
        <cmp x="1516" y="935" width="6" height="14" />
        <cmp x="1521" y="970" width="8" height="30" />
        <cmp x="1530" y="974" width="34" height="25" />
      </word>
      <word id="m02-090-00-07" tag="ABX" text="both">
        <cmp x="1614" y="925" width="160" height="85" />
      </word>
      <word id="m02-090-00-08" tag="NNS" text="cases">
        <cmp x="1819" y="964" width="79" height="36" />
        <cmp x="1911" y="957" width="100" height="49" />
      </word>
      <word id="m02-090-00-09" tag="," text=",">
        <cmp x="2022" y="994" width="9" height="20" />
      </word>
      <word id="m02-090-00-10" tag="TO" text="to">
        <cmp x="2055" y="931" width="32" height="63" />
        <cmp x="2094" y="967" width="29" height="31" />
      </word>
      <lower-contour>
        <point x="355" y="1014" />
        <point x="2081" y="1014" />
      </lower-contour>
    </line>
    <line ass="-584" asx="0" asy="1067" character-width="999" dss="-584" dsx="0" dsy="1230" fd0="12961" fd1="2940" fd2="390" filter-width="3" id="m02-090-01" lbs="-581" lbx="0" lby="1157" segmentation="ok" slant="90000" stroke-width="5118" threshold="203" text="serve this home of his, in which his heart lay." ubs="-590" ubx="0" uby="1132">
      <word id="m02-090-01-00" tag="VB" text="serve">
        <cmp x="357" y="1121" width="169" height="48" />
      </word>
      <word id="m02-090-01-01" tag="DT" text="this">
        <cmp x="569" y="1087" width="105" height="72" />
        <cmp x="653" y="1096" width="11" height="8" />
        <cmp x="680" y="1137" width="33" height="29" />
      </word>
      <word id="m02-090-01-02" tag="NR" text="home">
        <cmp x="750" y="1102" width="42" height="69" />
        <cmp x="800" y="1143" width="156" height="36" />
      </word>
      <word id="m02-090-01-03" tag="INO" text="of">
        <cmp x="1004" y="1087" width="65" height="117" />
      </word>
      <word id="m02-090-01-04" tag="PP$" text="his">
        <cmp x="1102" y="1106" width="67" height="71" />
        <cmp x="1155" y="1111" width="10" height="7" />
        <cmp x="1178" y="1146" width="30" height="28" />
      </word>
      <word id="m02-090-01-05" tag="," text=",">
        <cmp x="1232" y="1166" width="5" height="27" />
      </word>
      <word id="m02-090-01-06" tag="IN" text="in">
        <cmp x="1251" y="1112" width="7" height="7" />
        <cmp x="1254" y="1144" width="6" height="30" />
        <cmp x="1271" y="1148" width="26" height="31" />
      </word>
      <word id="m02-090-01-07" tag="WDT" text="which">
        <cmp x="1345" y="1103" width="115" height="80" />
        <cmp x="1442" y="1114" width="9" height="7" />
        <cmp x="1468" y="1105" width="67" height="92" />
      </word>
      <word id="m02-090-01-08" tag="PP$" text="his">
        <cmp x="1581" y="1110" width="71" height="64" />
        <cmp x="1638" y="1107" width="9" height="9" />
        <cmp x="1663" y="1151" width="31" height="34" />
      </word>
      <word id="m02-090-01-09" tag="NN" text="heart">
        <cmp x="1735" y="1108" width="86" height="64" />
        <cmp x="1827" y="1087" width="81" height="92" />
      </word>
      <word id="m02-090-01-10" tag="VBD" text="lay">
        <cmp x="1956" y="1103" width="96" height="149" />
      </word>
      <word id="m02-090-01-11" tag="." text=".">
        <cmp x="2071" y="1171" width="9" height="12" />
      </word>
      <upper-contour>
        <point x="355" y="1014" />
        <point x="2081" y="1014" />
      </upper-contour>
      <lower-contour>
        <point x="355" y="1252" />
        <point x="2081" y="1252" />
      </lower-contour>
    </line>
    <line ass="-1098" asx="0" asy="1231" character-width="999" dss="-1098" dsx="0" dsy="1373" fd0="12621" fd1="2409" fd2="-498" filter-width="3" id="m02-090-02" lbs="-970" lbx="0" lby="1333" segmentation="ok" slant="90000" stroke-width="5188" threshold="203" text="Here the rocket man&apos;s charm was disarming. Yet" ubs="-1355" ubx="0" uby="1300">
      <word id="m02-090-02-00" sentence-start="yes" tag="RN" text="Here">
        <cmp x="352" y="1271" width="9" height="65" />
        <cmp x="363" y="1277" width="118" height="70" />
      </word>
      <word id="m02-090-02-01" tag="ATI" text="the">
        <cmp x="522" y="1266" width="117" height="81" />
      </word>
      <word id="m02-090-02-02" tag="NN" text="rocket">
        <cmp x="685" y="1319" width="66" height="37" />
        <cmp x="763" y="1264" width="77" height="87" />
        <cmp x="828" y="1264" width="67" height="95" />
      </word>
      <word id="m02-090-02-03" tag="NN$" text="man&apos;s">
        <cmp x="946" y="1319" width="53" height="36" />
        <cmp x="1011" y="1328" width="93" height="29" />
        <cmp x="1109" y="1294" width="7" height="30" />
        <cmp x="1139" y="1325" width="24" height="26" />
      </word>
      <word id="m02-090-02-04" tag="NN" text="charm">
        <cmp x="1214" y="1268" width="79" height="88" />
        <cmp x="1297" y="1326" width="119" height="32" />
      </word>
      <word id="m02-090-02-05" tag="BEDZ" text="was">
        <cmp x="1460" y="1320" width="132" height="39" />
      </word>
      <word id="m02-090-02-06" tag="VBG" text="disarming">
        <cmp x="1628" y="1276" width="70" height="88" />
        <cmp x="1679" y="1294" width="6" height="7" />
        <cmp x="1701" y="1333" width="31" height="32" />
        <cmp x="1734" y="1331" width="153" height="38" />
        <cmp x="1877" y="1297" width="7" height="5" />
        <cmp x="1896" y="1332" width="78" height="80" />
      </word>
      <word id="m02-090-02-07" tag="." text=".">
        <cmp x="1983" y="1350" width="7" height="10" />
      </word>
      <word id="m02-090-02-08" sentence-start="yes" tag="RB" text="Yet">
        <cmp x="2025" y="1271" width="111" height="139" />
      </word>
      <upper-contour>
        <point x="355" y="1252" />
        <point x="2081" y="1252" />
      </upper-contour>
      <lower-contour>
        <point x="350" y="1412" />
        <point x="2084" y="1412" />
      </lower-contour>
    </line>
    <line ass="-687" asx="0" asy="1419" character-width="999" dss="-687" dsx="0" dsy="1581" fd0="12247" fd1="3090" fd2="-57" filter-width="3" id="m02-090-03" lbs="-665" lbx="0" lby="1519" segmentation="ok" slant="92000" stroke-width="5232" threshold="203" text="when the time came to leave, Harry felt as de-" ubs="-732" ubx="0" uby="1489">
      <word id="m02-090-03-00" tag="WRB" text="when">
        <cmp x="349" y="1424" width="196" height="102" />
      </word>
      <word id="m02-090-03-01" tag="ATI" text="the">
        <cmp x="583" y="1445" width="138" height="91" />
      </word>
      <word id="m02-090-03-02" tag="NN" text="time">
        <cmp x="742" y="1460" width="45" height="75" />
        <cmp x="774" y="1453" width="10" height="9" />
        <cmp x="794" y="1498" width="109" height="42" />
      </word>
      <word id="m02-090-03-03" tag="VBD" text="came">
        <cmp x="940" y="1502" width="180" height="36" />
      </word>
      <word id="m02-090-03-04" tag="TO" text="to">
        <cmp x="1151" y="1462" width="62" height="77" />
      </word>
      <word id="m02-090-03-05" tag="VB" text="leave">
        <cmp x="1253" y="1464" width="178" height="80" />
      </word>
      <word id="m02-090-03-06" tag="," text=",">
        <cmp x="1437" y="1529" width="5" height="32" />
      </word>
      <word id="m02-090-03-07" tag="NP" text="Harry">
        <cmp x="1476" y="1471" width="13" height="79" />
        <cmp x="1483" y="1483" width="192" height="120" />
      </word>
      <word id="m02-090-03-08" tag="VBD" text="felt">
        <cmp x="1703" y="1454" width="105" height="123" />
      </word>
      <word id="m02-090-03-09" tag="QL" text="as">
        <cmp x="1851" y="1506" width="67" height="39" />
      </word>
      <word id="m02-090-03-10" tag="JJ-" text="de-">
        <cmp x="1963" y="1457" width="70" height="90" />
        <cmp x="2054" y="1517" width="30" height="6" />
      </word>
      <upper-contour>
        <point x="350" y="1412" />
        <point x="2084" y="1412" />
      </upper-contour>
      <lower-contour>
        <point x="347" y="1602" />
        <point x="1986" y="1602" />
      </lower-contour>
    </line>
    <line ass="-538" asx="0" asy="1608" character-width="999" dss="-538" dsx="0" dsy="1771" fd0="12216" fd1="2115" fd2="-1044" filter-width="3" id="m02-090-04" lbs="-467" lbx="0" lby="1709" segmentation="ok" slant="90000" stroke-width="5143" threshold="203" text="pressed as when he left Mrs. Halliday&apos;s office," ubs="-680" ubx="0" uby="1671">
      <word id="m02-090-04-00" tag="-JJ" text="pressed">
        <cmp x="332" y="1676" width="34" height="64" />
        <cmp x="375" y="1627" width="209" height="91" />
      </word>
      <word id="m02-090-04-01" tag="CS" text="as">
        <cmp x="611" y="1680" width="75" height="38" />
      </word>
      <word id="m02-090-04-02" tag="WRB" text="when">
        <cmp x="722" y="1627" width="184" height="92" />
      </word>
      <word id="m02-090-04-03" tag="PP3A" text="he">
        <cmp x="944" y="1641" width="86" height="78" />
      </word>
      <word id="m02-090-04-04" tag="VBD" text="left">
        <cmp x="1066" y="1629" width="114" height="122" />
      </word>
      <word id="m02-090-04-05" tag="NPT" text="Mrs.">
        <cmp x="1235" y="1647" width="42" height="67" />
        <cmp x="1289" y="1680" width="56" height="39" />
        <cmp x="1369" y="1708" width="12" height="6" />
      </word>
      <word id="m02-090-04-06" tag="NP$" text="Halliday&apos;s">
        <cmp x="1419" y="1643" width="14" height="72" />
        <cmp x="1430" y="1631" width="148" height="81" />
        <cmp x="1565" y="1638" width="9" height="5" />
        <cmp x="1590" y="1629" width="112" height="159" />
        <cmp x="1702" y="1642" width="7" height="16" />
        <cmp x="1726" y="1688" width="28" height="35" />
      </word>
      <word id="m02-090-04-07" tag="NN" text="office">
        <cmp x="1801" y="1626" width="90" height="136" />
        <cmp x="1874" y="1643" width="3" height="11" />
        <cmp x="1883" y="1645" width="11" height="10" />
        <cmp x="1907" y="1691" width="52" height="34" />
      </word>
      <word id="m02-090-04-08" tag="," text=",">
        <cmp x="1978" y="1709" width="7" height="27" />
      </word>
      <upper-contour>
        <point x="347" y="1602" />
        <point x="1986" y="1602" />
      </upper-contour>
      <lower-contour>
        <point x="330" y="1788" />
        <point x="1986" y="1788" />
      </lower-contour>
    </line>
    <line ass="-613" asx="0" asy="1785" character-width="999" dss="-613" dsx="0" dsy="1951" fd0="12578" fd1="2313" fd2="-683" filter-width="3" id="m02-090-05" lbs="-596" lbx="0" lby="1884" segmentation="ok" slant="90000" stroke-width="5071" threshold="203" text="exactly a month ago. If even Mo statesmen only" ubs="-648" ubx="0" uby="1855">
      <word id="m02-090-05-00" tag="RB" text="exactly">
        <cmp x="330" y="1848" width="40" height="36" />
        <cmp x="371" y="1858" width="31" height="31" />
        <cmp x="403" y="1856" width="39" height="36" />
        <cmp x="445" y="1798" width="125" height="160" />
      </word>
      <word id="m02-090-05-01" tag="AT" text="a">
        <cmp x="604" y="1857" width="35" height="32" />
      </word>
      <word id="m02-090-05-02" tag="NN" text="month">
        <cmp x="679" y="1856" width="60" height="30" />
        <cmp x="749" y="1804" width="178" height="87" />
      </word>
      <word id="m02-090-05-03" tag="RB" text="ago">
        <cmp x="960" y="1864" width="73" height="90" />
        <cmp x="1031" y="1903" width="5" height="4" />
        <cmp x="1037" y="1877" width="31" height="31" />
      </word>
      <word id="m02-090-05-04" tag="." text=".">
        <cmp x="1093" y="1898" width="7" height="5" />
      </word>
      <word id="m02-090-05-05" sentence-start="yes" tag="CS" text="If">
        <cmp x="1122" y="1821" width="10" height="70" />
        <cmp x="1143" y="1813" width="19" height="113" />
      </word>
      <word id="m02-090-05-06" tag="RB" text="even">
        <cmp x="1205" y="1857" width="162" height="38" />
      </word>
      <word id="m02-090-05-07" tag="NP" text="Mo">
        <cmp x="1418" y="1830" width="46" height="79" />
        <cmp x="1480" y="1857" width="27" height="36" />
      </word>
      <word id="m02-090-05-08" tag="NNS" text="statesmen">
        <cmp x="1561" y="1811" width="95" height="90" />
        <cmp x="1658" y="1820" width="86" height="81" />
        <cmp x="1751" y="1869" width="150" height="40" />
      </word>
      <word id="m02-090-05-09" tag="RB" text="only">
        <cmp x="1940" y="1805" width="166" height="161" />
      </word>
      <upper-contour>
        <point x="330" y="1788" />
        <point x="1986" y="1788" />
      </upper-contour>
      <lower-contour>
        <point x="328" y="1966" />
        <point x="2107" y="1966" />
      </lower-contour>
    </line>
    <line ass="-279" asx="0" asy="1975" character-width="999" dss="-279" dsx="0" dsy="2119" fd0="12501" fd1="2905" fd2="-371" filter-width="3" id="m02-090-06" lbs="-282" lbx="0" lby="2070" segmentation="ok" slant="90000" stroke-width="4910" threshold="203" text="did what they had to do to get GO on an expan-" ubs="-275" ubx="0" uby="2042">
      <word id="m02-090-06-00" tag="DOD" text="did">
        <cmp x="329" y="1977" width="67" height="104" />
        <cmp x="383" y="2008" width="11" height="9" />
        <cmp x="414" y="1987" width="39" height="96" />
      </word>
      <word id="m02-090-06-01" tag="WDT" text="what">
        <cmp x="492" y="1989" width="104" height="93" />
        <cmp x="594" y="1997" width="65" height="86" />
      </word>
      <word id="m02-090-06-02" tag="PP3AS" text="they">
        <cmp x="708" y="1978" width="156" height="147" />
      </word>
      <word id="m02-090-06-03" tag="HVD" text="had">
        <cmp x="884" y="1998" width="42" height="73" />
        <cmp x="936" y="2042" width="43" height="25" />
        <cmp x="986" y="1989" width="41" height="89" />
      </word>
      <word id="m02-090-06-04" tag="TO" text="to">
        <cmp x="1059" y="1998" width="63" height="81" />
      </word>
      <word id="m02-090-06-05" tag="DO" text="do">
        <cmp x="1155" y="1989" width="78" height="90" />
      </word>
      <word id="m02-090-06-06" tag="TO" text="to">
        <cmp x="1258" y="2004" width="57" height="75" />
      </word>
      <word id="m02-090-06-07" tag="VB" text="get">
        <cmp x="1356" y="1987" width="88" height="140" />
      </word>
      <word id="m02-090-06-08" tag="VB" text="GO">
        <cmp x="1504" y="2011" width="47" height="70" />
        <cmp x="1522" y="2059" width="41" height="22" />
        <cmp x="1571" y="2018" width="50" height="62" />
      </word>
      <word id="m02-090-06-09" tag="IN" text="on">
        <cmp x="1664" y="2050" width="82" height="35" />
      </word>
      <word id="m02-090-06-10" tag="AT" text="an">
        <cmp x="1779" y="2050" width="98" height="35" />
      </word>
      <word id="m02-090-06-11" tag="JJ-" text="expan-">
        <cmp x="1918" y="2042" width="116" height="78" />
        <cmp x="2038" y="2041" width="82" height="32" />
        <cmp x="2140" y="2056" width="26" height="5" />
      </word>
      <upper-contour>
        <point x="328" y="1966" />
        <point x="2107" y="1966" />
      </upper-contour>
      <lower-contour>
        <point x="327" y="2127" />
        <point x="2166" y="2127" />
      </lower-contour>
    </line>
    <line ass="-318" asx="0" asy="2149" character-width="999" dss="-318" dsx="0" dsy="2299" fd0="12343" fd1="2174" fd2="-607" filter-width="3" id="m02-090-07" lbs="-228" lbx="0" lby="2247" segmentation="ok" slant="90000" stroke-width="5122" threshold="203" text="ding scale, and left the sum-total of their actions," ubs="-497" ubx="0" uby="2213">
      <word id="m02-090-07-00" tag="-JJ" text="ding">
        <cmp x="323" y="2161" width="58" height="82" />
        <cmp x="366" y="2175" width="7" height="5" />
        <cmp x="390" y="2219" width="78" height="84" />
      </word>
      <word id="m02-090-07-01" tag="NN" text="scale">
        <cmp x="499" y="2219" width="31" height="28" />
        <cmp x="537" y="2166" width="142" height="93" />
      </word>
      <word id="m02-090-07-02" tag="," text=",">
        <cmp x="704" y="2243" width="6" height="26" />
      </word>
      <word id="m02-090-07-03" tag="CC" text="and">
        <cmp x="735" y="2219" width="96" height="31" />
        <cmp x="843" y="2168" width="38" height="87" />
      </word>
      <word id="m02-090-07-04" tag="VBD" text="left">
        <cmp x="917" y="2170" width="116" height="116" />
      </word>
      <word id="m02-090-07-05" tag="ATI" text="the">
        <cmp x="1069" y="2174" width="120" height="80" />
      </word>
      <word id="m02-090-07-06" tag="NN" text="sum-total">
        <cmp x="1219" y="2212" width="25" height="36" />
        <cmp x="1252" y="2223" width="101" height="32" />
        <cmp x="1361" y="2225" width="23" height="5" />
        <cmp x="1406" y="2168" width="169" height="96" />
      </word>
      <word id="m02-090-07-07" tag="INO" text="of">
        <cmp x="1617" y="2168" width="59" height="118" />
      </word>
      <word id="m02-090-07-08" tag="PP$" text="their">
        <cmp x="1703" y="2175" width="169" height="87" />
        <cmp x="1814" y="2175" width="8" height="9" />
      </word>
      <word id="m02-090-07-09" tag="NNS" text="actions">
        <cmp x="1911" y="2222" width="44" height="35" />
        <cmp x="1959" y="2161" width="74" height="93" />
        <cmp x="2019" y="2181" width="9" height="9" />
        <cmp x="2041" y="2225" width="83" height="33" />
        <cmp x="2124" y="2224" width="34" height="33" />
      </word>
      <word id="m02-090-07-10" tag="," text=",">
        <cmp x="2165" y="2250" width="8" height="24" />
      </word>
      <upper-contour>
        <point x="327" y="2127" />
        <point x="2166" y="2127" />
      </upper-contour>
      <lower-contour>
        <point x="328" y="2303" />
        <point x="2136" y="2303" />
      </lower-contour>
    </line>
    <line ass="-303" asx="0" asy="2327" character-width="999" dss="-303" dsx="0" dsy="2486" fd0="12497" fd1="2517" fd2="-730" filter-width="3" id="m02-090-08" lbs="-374" lbx="0" lby="2420" segmentation="ok" slant="90000" stroke-width="5026" threshold="203" text="and their lunar and earthly repercussions, to luck" ubs="-160" ubx="0" uby="2397">
      <word id="m02-090-08-00" tag="CC" text="and">
        <cmp x="330" y="2385" width="87" height="35" />
        <cmp x="427" y="2339" width="40" height="87" />
      </word>
      <word id="m02-090-08-01" tag="PP$" text="their">
        <cmp x="493" y="2346" width="161" height="87" />
        <cmp x="605" y="2358" width="9" height="9" />
      </word>
      <word id="m02-090-08-02" tag="JJ" text="lunar">
        <cmp x="702" y="2362" width="72" height="69" />
        <cmp x="777" y="2399" width="35" height="27" />
        <cmp x="817" y="2398" width="53" height="34" />
      </word>
      <word id="m02-090-08-03" tag="CC" text="and">
        <cmp x="909" y="2397" width="100" height="39" />
        <cmp x="1022" y="2337" width="45" height="100" />
      </word>
      <word id="m02-090-08-04" tag="JJ" text="earthly">
        <cmp x="1107" y="2344" width="186" height="91" />
        <cmp x="1299" y="2359" width="57" height="136" />
      </word>
      <word id="m02-090-08-05" tag="NNS" text="repercussions">
        <cmp x="1394" y="2403" width="163" height="89" />
        <cmp x="1557" y="2400" width="74" height="38" />
        <cmp x="1634" y="2401" width="28" height="35" />
        <cmp x="1668" y="2404" width="50" height="33" />
        <cmp x="1707" y="2366" width="10" height="6" />
        <cmp x="1731" y="2405" width="118" height="36" />
      </word>
      <word id="m02-090-08-06" tag="," text=",">
        <cmp x="1870" y="2425" width="7" height="24" />
      </word>
      <word id="m02-090-08-07" tag="IN" text="to">
        <cmp x="1892" y="2358" width="56" height="76" />
      </word>
      <word id="m02-090-08-08" tag="NN" text="luck">
        <cmp x="1980" y="2356" width="62" height="77" />
        <cmp x="2053" y="2338" width="82" height="93" />
      </word>
      <upper-contour>
        <point x="328" y="2303" />
        <point x="2136" y="2303" />
      </upper-contour>
      <lower-contour>
        <point x="329" y="2495" />
        <point x="2136" y="2495" />
      </lower-contour>
    </line>
    <line ass="-16" asx="0" asy="2528" character-width="999" dss="-16" dsx="0" dsy="2643" fd0="12417" fd1="2577" fd2="-307" filter-width="3" id="m02-090-09" lbs="17" lbx="0" lby="2612" segmentation="err" slant="90000" stroke-width="5136" threshold="203" text="(or to Moke), there was a vacuum where there should" ubs="-83" ubx="0" uby="2579">
      <word id="m02-090-09-00" tag="(" text="(">
        <cmp x="331" y="2540" width="19" height="69" />
      </word>
      <word id="m02-090-09-01" tag="CC" text="or">
        <cmp x="362" y="2579" width="75" height="32" />
      </word>
      <word id="m02-090-09-02" tag="IN" text="to">
        <cmp x="471" y="2534" width="66" height="77" />
      </word>
      <word id="m02-090-09-03" tag="NP" text="Moke">
        <cmp x="562" y="2545" width="54" height="68" />
      </word>
      <word id="m02-090-09-04" tag=")" text=")">
        <cmp x="627" y="2536" width="84" height="85" />
        <cmp x="700" y="2588" width="59" height="32" />
        <cmp x="756" y="2537" width="20" height="107" />
      </word>
      <word id="m02-090-09-05" tag="," text=",">
        <cmp x="797" y="2597" width="6" height="28" />
      </word>
      <word id="m02-090-09-06" tag="EX" text="there">
        <cmp x="830" y="2530" width="173" height="84" />
      </word>
      <word id="m02-090-09-07" tag="BEDZ" text="was">
        <cmp x="1041" y="2575" width="130" height="37" />
      </word>
      <word id="m02-090-09-08" tag="AT" text="a">
        <cmp x="1206" y="2583" width="36" height="34" />
      </word>
      <word id="m02-090-09-09" tag="NN" text="vacuum">
        <cmp x="1281" y="2578" width="83" height="39" />
        <cmp x="1375" y="2582" width="32" height="33" />
        <cmp x="1414" y="2581" width="42" height="31" />
        <cmp x="1461" y="2588" width="36" height="31" />
        <cmp x="1505" y="2592" width="53" height="24" />
      </word>
      <word id="m02-090-09-10" tag="WRB" text="where">
        <cmp x="1593" y="2532" width="196" height="86" />
      </word>
      <word id="m02-090-09-11" tag="EX" text="there">
        <cmp x="1823" y="2535" width="176" height="76" />
      </word>
      <word id="m02-090-09-12" tag="MD" text="should">
        <cmp x="2041" y="2581" width="25" height="28" />
        <cmp x="2072" y="2536" width="34" height="75" />
        <cmp x="2107" y="2530" width="104" height="84" />
        <cmp x="2218" y="2530" width="37" height="86" />
      </word>
      <upper-contour>
        <point x="329" y="2495" />
        <point x="2136" y="2495" />
      </upper-contour>
      <lower-contour>
        <point x="339" y="2644" />
        <point x="2212" y="2644" />
      </lower-contour>
    </line>
    <line ass="-1460" asx="0" asy="2645" character-width="999" dss="-1460" dsx="0" dsy="2761" fd0="12608" fd1="2493" fd2="-445" filter-width="3" id="m02-090-10" lbs="-1420" lbx="0" lby="2727" segmentation="err" slant="90000" stroke-width="4635" threshold="203" text="be a centre of trust, responsible for the maintenance" ubs="-1540" ubx="0" uby="2701">
      <word id="m02-090-10-00" tag="BE" text="be">
        <cmp x="341" y="2673" width="4" height="7" />
        <cmp x="341" y="2681" width="69" height="60" />
      </word>
      <word id="m02-090-10-01" tag="AT" text="a">
        <cmp x="450" y="2704" width="36" height="37" />
      </word>
      <word id="m02-090-10-02" tag="NN" text="centre">
        <cmp x="533" y="2708" width="106" height="37" />
      </word>
      <word id="m02-090-10-03" tag="INO" text="of">
        <cmp x="651" y="2677" width="93" height="72" />
      </word>
      <word id="m02-090-10-04" tag="NN" text="trust">
        <cmp x="776" y="2668" width="59" height="112" />
      </word>
      <word id="m02-090-10-05" tag="," text=",">
        <cmp x="868" y="2670" width="106" height="81" />
      </word>
      <word id="m02-090-10-06" tag="JJ" text="responsible">
        <cmp x="974" y="2670" width="53" height="80" />
      </word>
      <word id="m02-090-10-07" tag="IN" text="for">
        <cmp x="1029" y="2738" width="14" height="25" />
      </word>
      <word id="m02-090-10-08" tag="ATI" text="the">
        <cmp x="1070" y="2720" width="68" height="33" />
      </word>
      <word id="m02-090-10-09" tag="NN" text="maintenance">
        <cmp x="1140" y="2723" width="63" height="70" />
        <cmp x="1214" y="2725" width="78" height="29" />
        <cmp x="1310" y="2726" width="55" height="31" />
        <cmp x="1352" y="2689" width="14" height="9" />
        <cmp x="1381" y="2681" width="87" height="84" />
        <cmp x="1490" y="2687" width="104" height="97" />
        <cmp x="1631" y="2691" width="115" height="80" />
        <cmp x="1656" y="2781" width="4" height="4" />
        <cmp x="1771" y="2739" width="4" height="5" />
        <cmp x="1772" y="2745" width="58" height="23" />
        <cmp x="1837" y="2742" width="59" height="29" />
        <cmp x="1882" y="2700" width="10" height="6" />
        <cmp x="1902" y="2697" width="143" height="82" />
        <cmp x="2054" y="2754" width="87" height="32" />
        <cmp x="2151" y="2760" width="61" height="35" />
      </word>
      <upper-contour>
        <point x="339" y="2644" />
        <point x="2212" y="2644" />
      </upper-contour>
    </line>
  </handwritten-part>
</form>

