<?xml version="1.0" encoding="ISO-8859-1"?>

<!DOCTYPE form SYSTEM 'http://www.iam.unibe.ch/~fki/iamdb/form-metadata.dtd'>

<form created="2002-01-25" height="3542" id="m04-180" last-modified="2002-07-17" skew="63" status="final" version="3.0_beta" width="2479" writer-id="548">
  <machine-printed-part>
    <machine-print-line text="All lit up. Full of people waving as you went past.&amp;quot; Suddenly he crouched forward." />
    <machine-print-line text="&amp;quot;Broughtons, if I thought there were anything in Queen&apos;s Regulations to cover this," />
    <machine-print-line text="I&apos;d have you court-martialled. But I know there isn&apos;t,&amp;quot; he ended sadly. &amp;quot;I tried" />
    <machine-print-line text="to read the registration number, sir. But it was getting dark.&amp;quot; He waited. But his" />
    <machine-print-line text="commanding officer appeared to have forgotten him." />
  </machine-printed-part>
  <handwritten-part>
    <line ass="-92" asx="0" asy="891" character-width="999" dss="-92" dsx="0" dsy="1018" fd0="13952" fd1="3431" fd2="220" filter-width="3" id="m04-180-00" lbs="-21" lbx="0" lby="968" segmentation="ok" slant="78000" stroke-width="5222" threshold="195" text="All lit up. Full of people waving as you went past.&amp;quot;" ubs="-236" ubx="0" uby="942">
      <word id="m04-180-00-00" sentence-start="yes" tag="RB" text="All">
        <cmp x="349" y="903" width="26" height="70" />
        <cmp x="378" y="899" width="56" height="69" />
      </word>
      <word id="m04-180-00-01" tag="VBN" text="lit">
        <cmp x="489" y="895" width="46" height="74" />
        <cmp x="531" y="915" width="9" height="7" />
        <cmp x="547" y="893" width="26" height="74" />
      </word>
      <word id="m04-180-00-02" tag="RP" text="up">
        <cmp x="614" y="945" width="30" height="21" />
        <cmp x="653" y="951" width="10" height="45" />
        <cmp x="662" y="941" width="31" height="30" />
      </word>
      <word id="m04-180-00-03" tag="." text=".">
        <cmp x="723" y="953" width="6" height="4" />
      </word>
      <word id="m04-180-00-04" sentence-start="yes" tag="JJ" text="Full">
        <cmp x="794" y="904" width="27" height="63" />
        <cmp x="796" y="894" width="44" height="9" />
        <cmp x="836" y="895" width="93" height="65" />
      </word>
      <word id="m04-180-00-05" tag="INO" text="of">
        <cmp x="967" y="941" width="26" height="17" />
        <cmp x="993" y="908" width="38" height="85" />
      </word>
      <word id="m04-180-00-06" tag="NNS" text="people">
        <cmp x="1077" y="936" width="63" height="60" />
        <cmp x="1148" y="948" width="25" height="23" />
        <cmp x="1181" y="919" width="86" height="70" />
      </word>
      <word id="m04-180-00-07" tag="VBG" text="waving">
        <cmp x="1332" y="947" width="44" height="30" />
        <cmp x="1386" y="949" width="20" height="21" />
        <cmp x="1419" y="947" width="53" height="30" />
        <cmp x="1462" y="931" width="7" height="5" />
        <cmp x="1477" y="940" width="29" height="23" />
        <cmp x="1514" y="949" width="22" height="52" />
      </word>
      <word id="m04-180-00-08" tag="CS" text="as">
        <cmp x="1589" y="949" width="38" height="18" />
        <cmp x="1630" y="944" width="21" height="28" />
      </word>
      <word id="m04-180-00-09" tag="PP2" text="you">
        <cmp x="1679" y="949" width="32" height="72" />
        <cmp x="1718" y="950" width="77" height="21" />
      </word>
      <word id="m04-180-00-10" tag="VBD" text="went">
        <cmp x="1843" y="940" width="103" height="35" />
        <cmp x="1958" y="911" width="34" height="67" />
      </word>
      <word id="m04-180-00-11" tag="RP" text="past">
        <cmp x="2029" y="943" width="60" height="48" />
        <cmp x="2090" y="945" width="16" height="27" />
        <cmp x="2116" y="897" width="28" height="69" />
      </word>
      <word id="m04-180-00-12" tag="." text=".">
        <cmp x="2153" y="967" width="8" height="6" />
      </word>
      <word id="m04-180-00-13" tag="**&apos;" text="&quot;">
        <cmp x="2184" y="903" width="15" height="15" />
      </word>
      <lower-contour>
        <point x="347" y="1021" />
        <point x="2171" y="1021" />
      </lower-contour>
    </line>
    <line ass="-318" asx="0" asy="1071" character-width="999" dss="-318" dsx="0" dsy="1181" fd0="13943" fd1="2849" fd2="-222" filter-width="3" id="m04-180-01" lbs="-344" lbx="0" lby="1144" segmentation="ok" slant="84000" stroke-width="5235" threshold="195" text="Suddenly he crouched forward. &amp;quot;Broughtons, if I thought" ubs="-267" ubx="0" uby="1124">
      <word id="m04-180-01-00" sentence-start="yes" tag="RB" text="Suddenly">
        <cmp x="344" y="1095" width="33" height="56" />
        <cmp x="377" y="1123" width="30" height="20" />
        <cmp x="415" y="1097" width="42" height="50" />
        <cmp x="458" y="1089" width="37" height="59" />
        <cmp x="497" y="1118" width="52" height="27" />
        <cmp x="559" y="1103" width="53" height="78" />
      </word>
      <word id="m04-180-01-01" tag="PP3A" text="he">
        <cmp x="653" y="1083" width="73" height="58" />
      </word>
      <word id="m04-180-01-02" tag="VBD" text="crouched">
        <cmp x="784" y="1127" width="39" height="20" />
        <cmp x="788" y="1121" width="13" height="9" />
        <cmp x="829" y="1128" width="13" height="24" />
        <cmp x="842" y="1131" width="40" height="20" />
        <cmp x="894" y="1131" width="26" height="19" />
        <cmp x="930" y="1129" width="16" height="22" />
        <cmp x="947" y="1101" width="32" height="49" />
        <cmp x="981" y="1129" width="21" height="22" />
        <cmp x="1007" y="1102" width="46" height="47" />
      </word>
      <word id="m04-180-01-03" tag="RB" text="forward">
        <cmp x="1121" y="1095" width="69" height="91" />
        <cmp x="1191" y="1132" width="37" height="21" />
        <cmp x="1230" y="1133" width="43" height="17" />
        <cmp x="1274" y="1107" width="42" height="44" />
      </word>
      <word id="m04-180-01-04" tag="." text=".">
        <cmp x="1351" y="1153" width="8" height="7" />
      </word>
      <word id="m04-180-01-05" sentence-start="yes" tag="*&apos;" text="&quot;">
        <cmp x="1417" y="1083" width="23" height="19" />
      </word>
      <word id="m04-180-01-06" tag="NP" text="Broughtons">
        <cmp x="1457" y="1097" width="34" height="60" />
        <cmp x="1498" y="1120" width="21" height="27" />
        <cmp x="1522" y="1126" width="21" height="25" />
        <cmp x="1545" y="1127" width="31" height="17" />
        <cmp x="1575" y="1128" width="27" height="62" />
        <cmp x="1604" y="1094" width="47" height="57" />
        <cmp x="1652" y="1132" width="47" height="24" />
        <cmp x="1705" y="1130" width="16" height="25" />
      </word>
      <word id="m04-180-01-07" tag="," text=",">
        <cmp x="1731" y="1147" width="8" height="20" />
      </word>
      <word id="m04-180-01-08" tag="CS" text="if">
        <cmp x="1797" y="1129" width="6" height="14" />
        <cmp x="1801" y="1110" width="7" height="5" />
        <cmp x="1817" y="1088" width="28" height="95" />
      </word>
      <word id="m04-180-01-09" tag="PP1A" text="I">
        <cmp x="1877" y="1104" width="36" height="50" />
        <cmp x="1894" y="1083" width="26" height="12" />
      </word>
      <word id="m04-180-01-10" tag="VBD" text="thought">
        <cmp x="1972" y="1090" width="24" height="62" />
        <cmp x="2005" y="1084" width="27" height="62" />
        <cmp x="2048" y="1123" width="22" height="27" />
        <cmp x="2073" y="1127" width="21" height="14" />
        <cmp x="2093" y="1127" width="24" height="47" />
        <cmp x="2108" y="1126" width="4" height="5" />
        <cmp x="2124" y="1083" width="21" height="71" />
        <cmp x="2150" y="1095" width="21" height="56" />
      </word>
      <upper-contour>
        <point x="347" y="1021" />
        <point x="2171" y="1021" />
      </upper-contour>
      <lower-contour>
        <point x="343" y="1190" />
        <point x="2058" y="1190" />
      </lower-contour>
    </line>
    <line ass="-303" asx="0" asy="1259" character-width="999" dss="-303" dsx="0" dsy="1367" fd0="13854" fd1="3147" fd2="-131" filter-width="3" id="m04-180-02" lbs="-288" lbx="0" lby="1323" segmentation="err" slant="80000" stroke-width="5046" threshold="196" text="there were anything in Queen&apos;s Regulations to cover this," ubs="-333" ubx="0" uby="1302">
      <word id="m04-180-02-00" tag="EX" text="there">
        <cmp x="345" y="1264" width="15" height="69" />
        <cmp x="364" y="1270" width="18" height="54" />
        <cmp x="395" y="1298" width="69" height="31" />
      </word>
      <word id="m04-180-02-01" tag="BED" text="were">
        <cmp x="501" y="1298" width="95" height="39" />
        <cmp x="596" y="1304" width="37" height="31" />
      </word>
      <word id="m04-180-02-02" tag="PN" text="anything">
        <cmp x="692" y="1311" width="24" height="25" />
        <cmp x="716" y="1314" width="25" height="23" />
        <cmp x="742" y="1324" width="6" height="11" />
        <cmp x="750" y="1318" width="29" height="53" />
        <cmp x="787" y="1275" width="21" height="63" />
        <cmp x="810" y="1266" width="17" height="57" />
        <cmp x="837" y="1310" width="11" height="18" />
        <cmp x="840" y="1288" width="4" height="4" />
        <cmp x="850" y="1316" width="21" height="12" />
        <cmp x="876" y="1312" width="23" height="52" />
      </word>
      <word id="m04-180-02-03" tag="IN" text="in">
        <cmp x="933" y="1311" width="6" height="21" />
        <cmp x="939" y="1292" width="4" height="3" />
        <cmp x="952" y="1315" width="23" height="22" />
      </word>
      <word id="m04-180-02-04" tag="NPT$" text="Queen&apos;s">
        <cmp x="1040" y="1275" width="38" height="52" />
        <cmp x="1053" y="1287" width="4" height="6" />
        <cmp x="1084" y="1300" width="99" height="32" />
        <cmp x="1185" y="1270" width="10" height="24" />
        <cmp x="1191" y="1305" width="20" height="31" />
        <cmp x="1276" y="1283" width="55" height="43" />
      </word>
      <word id="m04-180-02-05" tag="NNS" text="Regulations">
        <cmp x="1328" y="1308" width="70" height="56" />
        <cmp x="1409" y="1286" width="36" height="42" />
        <cmp x="1434" y="1271" width="68" height="62" />
        <cmp x="1435" y="1279" width="5" height="6" />
        <cmp x="1443" y="1276" width="4" height="7" />
        <cmp x="1501" y="1292" width="7" height="7" />
        <cmp x="1511" y="1308" width="17" height="12" />
        <cmp x="1533" y="1309" width="26" height="15" />
        <cmp x="1560" y="1301" width="23" height="35" />
      </word>
      <word id="m04-180-02-06" tag="TO" text="to">
        <cmp x="1674" y="1268" width="48" height="79" />
      </word>
      <word id="m04-180-02-07" tag="VB" text="cover">
        <cmp x="1751" y="1314" width="19" height="23" />
        <cmp x="1783" y="1305" width="89" height="34" />
      </word>
      <word id="m04-180-02-08" tag="DT" text="this">
        <cmp x="1903" y="1275" width="23" height="72" />
        <cmp x="1934" y="1271" width="45" height="60" />
        <cmp x="1972" y="1301" width="6" height="5" />
        <cmp x="1977" y="1313" width="31" height="26" />
      </word>
      <word id="m04-180-02-09" tag="," text=",">
        <cmp x="2046" y="1339" width="12" height="28" />
      </word>
      <upper-contour>
        <point x="343" y="1190" />
        <point x="2058" y="1190" />
      </upper-contour>
      <lower-contour>
        <point x="347" y="1371" />
        <point x="2053" y="1371" />
      </lower-contour>
    </line>
    <line ass="-110" asx="0" asy="1428" character-width="999" dss="-110" dsx="0" dsy="1551" fd0="14188" fd1="3142" fd2="183" filter-width="3" id="m04-180-03" lbs="-84" lbx="0" lby="1504" segmentation="ok" slant="80000" stroke-width="5136" threshold="195" text="I&apos;d have you court-martialled. But I know there" ubs="-162" ubx="0" uby="1482">
      <word id="m04-180-03-00" tag="PP1A" text="I">
        <cmp x="349" y="1497" width="32" height="8" />
        <cmp x="361" y="1448" width="34" height="49" />
      </word>
      <word id="m04-180-03-01" tag="MD" text="&apos;d">
        <cmp x="405" y="1445" width="9" height="16" />
        <cmp x="421" y="1449" width="44" height="45" />
      </word>
      <word id="m04-180-03-02" tag="HV" text="have">
        <cmp x="508" y="1442" width="35" height="63" />
        <cmp x="550" y="1482" width="90" height="26" />
      </word>
      <word id="m04-180-03-03" tag="PP2" text="you">
        <cmp x="699" y="1476" width="28" height="77" />
        <cmp x="732" y="1487" width="80" height="19" />
      </word>
      <word id="m04-180-03-04" tag="VBN" text="court-martialled">
        <cmp x="854" y="1478" width="54" height="29" />
        <cmp x="916" y="1486" width="20" height="24" />
        <cmp x="949" y="1483" width="25" height="22" />
        <cmp x="982" y="1454" width="20" height="49" />
        <cmp x="1025" y="1489" width="23" height="8" />
        <cmp x="1085" y="1481" width="45" height="26" />
        <cmp x="1140" y="1488" width="48" height="20" />
        <cmp x="1198" y="1453" width="35" height="58" />
        <cmp x="1231" y="1465" width="8" height="7" />
        <cmp x="1239" y="1447" width="101" height="60" />
        <cmp x="1343" y="1459" width="49" height="47" />
      </word>
      <word id="m04-180-03-05" tag="." text=".">
        <cmp x="1414" y="1506" width="6" height="9" />
      </word>
      <word id="m04-180-03-06" sentence-start="yes" tag="CC" text="But">
        <cmp x="1478" y="1457" width="37" height="62" />
        <cmp x="1523" y="1494" width="32" height="17" />
        <cmp x="1561" y="1455" width="34" height="68" />
      </word>
      <word id="m04-180-03-07" tag="PP1A" text="I">
        <cmp x="1619" y="1507" width="40" height="17" />
        <cmp x="1637" y="1452" width="40" height="10" />
        <cmp x="1640" y="1467" width="17" height="42" />
      </word>
      <word id="m04-180-03-08" tag="VB" text="know">
        <cmp x="1723" y="1438" width="45" height="68" />
        <cmp x="1777" y="1475" width="56" height="37" />
        <cmp x="1839" y="1488" width="43" height="27" />
      </word>
      <word id="m04-180-03-09" tag="EX" text="there">
        <cmp x="1921" y="1436" width="30" height="65" />
        <cmp x="1950" y="1432" width="103" height="72" />
      </word>
      <upper-contour>
        <point x="347" y="1371" />
        <point x="2053" y="1371" />
      </upper-contour>
      <lower-contour>
        <point x="359" y="1553" />
        <point x="1987" y="1553" />
      </lower-contour>
    </line>
    <line ass="-271" asx="0" asy="1612" character-width="999" dss="-271" dsx="0" dsy="1711" fd0="14012" fd1="3847" fd2="900" filter-width="3" id="m04-180-04" lbs="-266" lbx="0" lby="1679" segmentation="ok" slant="79000" stroke-width="5203" threshold="193" text="isn&apos;t,&amp;quot; he ended sadly. &amp;quot;I tried to read the" ubs="-281" ubx="0" uby="1651">
      <word id="m04-180-04-00" tag="BEZX" text="isn&apos;t">
        <cmp x="361" y="1636" width="6" height="6" />
        <cmp x="361" y="1658" width="5" height="22" />
        <cmp x="375" y="1651" width="21" height="32" />
        <cmp x="397" y="1654" width="25" height="30" />
        <cmp x="432" y="1651" width="7" height="9" />
        <cmp x="451" y="1616" width="22" height="61" />
      </word>
      <word id="m04-180-04-01" tag="," text=",">
        <cmp x="504" y="1685" width="9" height="18" />
      </word>
      <word id="m04-180-04-02" tag="**&apos;" text="&quot;">
        <cmp x="551" y="1616" width="23" height="17" />
      </word>
      <word id="m04-180-04-03" tag="PP3A" text="he">
        <cmp x="618" y="1616" width="68" height="70" />
      </word>
      <word id="m04-180-04-04" tag="VBD" text="ended">
        <cmp x="737" y="1654" width="26" height="32" />
        <cmp x="763" y="1665" width="26" height="21" />
        <cmp x="796" y="1639" width="54" height="55" />
        <cmp x="862" y="1651" width="48" height="38" />
        <cmp x="902" y="1643" width="11" height="8" />
      </word>
      <word id="m04-180-04-05" tag="RB" text="sadly">
        <cmp x="973" y="1664" width="35" height="32" />
        <cmp x="1017" y="1670" width="32" height="20" />
        <cmp x="1061" y="1638" width="47" height="51" />
        <cmp x="1106" y="1636" width="54" height="82" />
      </word>
      <word id="m04-180-04-06" tag="." text=".">
        <cmp x="1194" y="1679" width="7" height="6" />
      </word>
      <word id="m04-180-04-07" sentence-start="yes" tag="*&apos;" text="&quot;">
        <cmp x="1287" y="1625" width="15" height="19" />
      </word>
      <word id="m04-180-04-08" tag="PP1A" text="I">
        <cmp x="1314" y="1639" width="46" height="55" />
        <cmp x="1339" y="1624" width="36" height="10" />
      </word>
      <word id="m04-180-04-09" tag="VBD" text="tried">
        <cmp x="1398" y="1625" width="84" height="61" />
        <cmp x="1460" y="1633" width="10" height="6" />
        <cmp x="1495" y="1653" width="11" height="20" />
        <cmp x="1507" y="1628" width="33" height="50" />
      </word>
      <word id="m04-180-04-10" tag="TO" text="to">
        <cmp x="1616" y="1625" width="46" height="67" />
      </word>
      <word id="m04-180-04-11" tag="VB" text="read">
        <cmp x="1692" y="1653" width="48" height="38" />
        <cmp x="1748" y="1666" width="29" height="20" />
        <cmp x="1787" y="1648" width="36" height="35" />
      </word>
      <word id="m04-180-04-12" tag="ATI" text="the">
        <cmp x="1896" y="1633" width="91" height="66" />
      </word>
      <upper-contour>
        <point x="359" y="1553" />
        <point x="1987" y="1553" />
      </upper-contour>
      <lower-contour>
        <point x="359" y="1718" />
        <point x="1987" y="1718" />
      </lower-contour>
    </line>
    <line ass="-301" asx="0" asy="1778" character-width="999" dss="-301" dsx="0" dsy="1911" fd0="13933" fd1="3316" fd2="366" filter-width="3" id="m04-180-05" lbs="-392" lbx="0" lby="1856" segmentation="ok" slant="84000" stroke-width="5247" threshold="192" text="registration number, sir. But it was getting dark.&amp;quot;" ubs="-119" ubx="0" uby="1843">
      <word id="m04-180-05-00" tag="NN" text="registration">
        <cmp x="354" y="1831" width="39" height="37" />
        <cmp x="407" y="1838" width="41" height="65" />
        <cmp x="450" y="1829" width="6" height="4" />
        <cmp x="460" y="1845" width="19" height="24" />
        <cmp x="491" y="1798" width="69" height="63" />
        <cmp x="553" y="1848" width="18" height="11" />
        <cmp x="581" y="1791" width="38" height="75" />
        <cmp x="614" y="1825" width="7" height="5" />
        <cmp x="625" y="1841" width="13" height="15" />
        <cmp x="646" y="1839" width="31" height="20" />
      </word>
      <word id="m04-180-05-01" tag="NN" text="number">
        <cmp x="752" y="1834" width="37" height="32" />
        <cmp x="790" y="1844" width="28" height="21" />
        <cmp x="820" y="1843" width="39" height="23" />
        <cmp x="864" y="1814" width="74" height="57" />
      </word>
      <word id="m04-180-05-02" tag="," text=",">
        <cmp x="980" y="1873" width="14" height="17" />
      </word>
      <word id="m04-180-05-03" tag="NN" text="sir">
        <cmp x="1019" y="1840" width="27" height="37" />
        <cmp x="1057" y="1830" width="7" height="4" />
        <cmp x="1057" y="1853" width="6" height="17" />
        <cmp x="1068" y="1855" width="31" height="17" />
      </word>
      <word id="m04-180-05-04" tag="." text=".">
        <cmp x="1138" y="1854" width="5" height="5" />
      </word>
      <word id="m04-180-05-05" sentence-start="yes" tag="CC" text="But">
        <cmp x="1221" y="1815" width="33" height="61" />
        <cmp x="1236" y="1856" width="3" height="4" />
        <cmp x="1262" y="1854" width="51" height="15" />
        <cmp x="1316" y="1811" width="24" height="65" />
      </word>
      <word id="m04-180-05-06" tag="PP3" text="it">
        <cmp x="1402" y="1844" width="9" height="23" />
        <cmp x="1406" y="1831" width="6" height="5" />
        <cmp x="1426" y="1798" width="39" height="90" />
      </word>
      <word id="m04-180-05-07" tag="BEDZ" text="was">
        <cmp x="1539" y="1843" width="53" height="27" />
        <cmp x="1594" y="1848" width="32" height="20" />
        <cmp x="1630" y="1843" width="16" height="26" />
      </word>
      <word id="m04-180-05-08" tag="VBG" text="getting">
        <cmp x="1707" y="1843" width="65" height="59" />
        <cmp x="1780" y="1807" width="24" height="65" />
        <cmp x="1800" y="1809" width="36" height="62" />
        <cmp x="1837" y="1822" width="5" height="5" />
        <cmp x="1843" y="1847" width="29" height="16" />
        <cmp x="1868" y="1849" width="27" height="72" />
      </word>
      <word id="m04-180-05-09" tag="JJ" text="dark">
        <cmp x="1956" y="1814" width="41" height="55" />
        <cmp x="1996" y="1836" width="27" height="24" />
        <cmp x="2026" y="1840" width="18" height="25" />
        <cmp x="2053" y="1804" width="33" height="60" />
      </word>
      <word id="m04-180-05-10" tag="." text=".">
        <cmp x="2106" y="1855" width="10" height="6" />
      </word>
      <word id="m04-180-05-11" tag="**&apos;" text="&quot;">
        <cmp x="2143" y="1791" width="11" height="12" />
        <cmp x="2154" y="1796" width="11" height="14" />
      </word>
      <upper-contour>
        <point x="359" y="1718" />
        <point x="1987" y="1718" />
      </upper-contour>
      <lower-contour>
        <point x="359" y="1921" />
        <point x="2129" y="1921" />
      </lower-contour>
    </line>
    <line ass="-310" asx="0" asy="1977" character-width="999" dss="-310" dsx="0" dsy="2078" fd0="13797" fd1="3638" fd2="180" filter-width="3" id="m04-180-06" lbs="-375" lbx="0" lby="2043" segmentation="ok" slant="82000" stroke-width="5254" threshold="195" text="He waited. But his commanding officer appeared to" ubs="-180" ubx="0" uby="2021">
      <word id="m04-180-06-00" sentence-start="yes" tag="PP3A" text="He">
        <cmp x="361" y="1987" width="50" height="66" />
      </word>
      <word id="m04-180-06-01" tag="VBD" text="waited">
        <cmp x="467" y="2013" width="42" height="43" />
        <cmp x="510" y="2025" width="39" height="21" />
        <cmp x="541" y="2007" width="8" height="5" />
        <cmp x="557" y="1985" width="42" height="64" />
        <cmp x="604" y="2002" width="43" height="40" />
      </word>
      <word id="m04-180-06-02" tag="." text=".">
        <cmp x="679" y="2044" width="5" height="7" />
      </word>
      <word id="m04-180-06-03" sentence-start="yes" tag="CC" text="But">
        <cmp x="782" y="1999" width="8" height="37" />
        <cmp x="783" y="1983" width="37" height="73" />
        <cmp x="828" y="2028" width="39" height="16" />
        <cmp x="883" y="1985" width="20" height="63" />
      </word>
      <word id="m04-180-06-04" tag="PP$" text="his">
        <cmp x="966" y="1983" width="51" height="63" />
        <cmp x="1011" y="2009" width="6" height="4" />
        <cmp x="1029" y="2022" width="12" height="27" />
      </word>
      <word id="m04-180-06-05" tag="JJ" text="commanding">
        <cmp x="1120" y="2020" width="24" height="31" />
        <cmp x="1157" y="2030" width="29" height="24" />
        <cmp x="1201" y="2026" width="43" height="21" />
        <cmp x="1250" y="2022" width="40" height="26" />
        <cmp x="1295" y="2029" width="27" height="17" />
        <cmp x="1326" y="2029" width="22" height="19" />
        <cmp x="1358" y="2009" width="58" height="40" />
        <cmp x="1413" y="2016" width="4" height="5" />
        <cmp x="1418" y="2033" width="22" height="15" />
        <cmp x="1446" y="2033" width="22" height="46" />
      </word>
      <word id="m04-180-06-06" tag="NN" text="officer">
        <cmp x="1542" y="1994" width="90" height="90" />
        <cmp x="1652" y="2024" width="64" height="30" />
      </word>
      <word id="m04-180-06-07" tag="VBD" text="appeared">
        <cmp x="1784" y="2031" width="35" height="19" />
        <cmp x="1828" y="2025" width="56" height="65" />
        <cmp x="1885" y="2026" width="23" height="24" />
        <cmp x="1913" y="2024" width="76" height="26" />
        <cmp x="1995" y="2002" width="43" height="43" />
      </word>
      <word id="m04-180-06-08" tag="TO" text="to">
        <cmp x="2074" y="2001" width="54" height="48" />
      </word>
      <upper-contour>
        <point x="359" y="1921" />
        <point x="2129" y="1921" />
      </upper-contour>
      <lower-contour>
        <point x="359" y="2056" />
        <point x="978" y="2056" />
      </lower-contour>
    </line>
    <line ass="196" asx="0" asy="2172" character-width="999" dss="196" dsx="0" dsy="2268" fd0="14116" fd1="3650" fd2="-215" filter-width="3" id="m04-180-07" lbs="-138" lbx="0" lby="2230" segmentation="err" slant="85000" stroke-width="4935" threshold="197" text="have forgotten him." ubs="867" ubx="0" uby="2217">
      <word id="m04-180-07-00" tag="HV" text="have">
        <cmp x="355" y="2174" width="24" height="54" />
        <cmp x="386" y="2214" width="21" height="15" />
        <cmp x="412" y="2215" width="21" height="22" />
        <cmp x="426" y="2213" width="49" height="16" />
      </word>
      <word id="m04-180-07-01" tag="VBN" text="forgotten">
        <cmp x="564" y="2175" width="89" height="86" />
        <cmp x="661" y="2210" width="28" height="56" />
        <cmp x="695" y="2216" width="24" height="15" />
        <cmp x="721" y="2170" width="59" height="71" />
        <cmp x="786" y="2201" width="25" height="33" />
      </word>
      <word id="m04-180-07-02" tag="PP3O" text="him">
        <cmp x="867" y="2174" width="45" height="57" />
        <cmp x="920" y="2211" width="7" height="17" />
        <cmp x="921" y="2188" width="8" height="5" />
      </word>
      <word id="m04-180-07-03" tag="." text=".">
        <cmp x="929" y="2204" width="49" height="29" />
      </word>
      <upper-contour>
        <point x="359" y="2056" />
        <point x="978" y="2056" />
      </upper-contour>
    </line>
  </handwritten-part>
</form>

