<?xml version="1.0" encoding="ISO-8859-1"?>

<!DOCTYPE form SYSTEM 'http://www.iam.unibe.ch/~fki/iamdb/form-metadata.dtd'>

<form created="2002-01-25" height="3542" id="m04-019" last-modified="2002-07-17" skew="63" status="final" version="3.0_beta" width="2479" writer-id="544">
  <machine-printed-part>
    <machine-print-line text="&amp;quot;But I&apos;m only going fifteen miles away,&amp;quot; Morfydd was saying. &amp;quot;Not the end of the" />
    <machine-print-line text="world, is it?&amp;quot; &amp;quot;For me it is,&amp;quot; Dai said wretchedly, wiping his hands on his overalls" />
    <machine-print-line text="preparatory to a last embrace. &amp;quot;You will not be remembering a mere garage hand" />
    <machine-print-line text="when you are lording it over the Mixed Infants of Llangrwl.&amp;quot;" />
  </machine-printed-part>
  <handwritten-part>
    <line ass="0" asx="0" asy="896" character-width="999" dss="0" dsx="0" dsy="1014" fd0="14498" fd1="3068" fd2="132" filter-width="3" id="m04-019-00" lbs="2" lbx="0" lby="980" segmentation="ok" slant="66999" stroke-width="5560" threshold="172" text="&amp;quot;But I&apos;m only going fifteen miles away,&amp;quot;" ubs="-5" ubx="0" uby="958">
      <word id="m04-019-00-00" sentence-start="yes" tag="*&apos;" text="&quot;">
        <cmp x="363" y="898" width="23" height="37" />
      </word>
      <word id="m04-019-00-01" tag="CC" text="But">
        <cmp x="405" y="907" width="43" height="74" />
        <cmp x="448" y="952" width="31" height="26" />
        <cmp x="487" y="912" width="39" height="71" />
      </word>
      <word id="m04-019-00-02" tag="PP1A" text="I">
        <cmp x="593" y="902" width="23" height="75" />
      </word>
      <word id="m04-019-00-03" tag="BEM" text="&apos;m">
        <cmp x="634" y="900" width="13" height="44" />
        <cmp x="652" y="950" width="75" height="27" />
      </word>
      <word id="m04-019-00-04" tag="RB" text="only">
        <cmp x="794" y="950" width="39" height="35" />
        <cmp x="845" y="954" width="37" height="29" />
        <cmp x="905" y="902" width="35" height="80" />
        <cmp x="927" y="959" width="34" height="49" />
        <cmp x="938" y="964" width="10" height="18" />
      </word>
      <word id="m04-019-00-05" tag="VBG" text="going">
        <cmp x="1033" y="944" width="42" height="71" />
        <cmp x="1083" y="947" width="30" height="32" />
        <cmp x="1127" y="950" width="16" height="25" />
        <cmp x="1154" y="923" width="7" height="8" />
        <cmp x="1156" y="956" width="39" height="19" />
        <cmp x="1189" y="953" width="44" height="57" />
      </word>
      <word id="m04-019-00-06" tag="CD" text="fifteen">
        <cmp x="1308" y="901" width="39" height="95" />
        <cmp x="1342" y="958" width="13" height="23" />
        <cmp x="1369" y="931" width="5" height="15" />
        <cmp x="1370" y="905" width="53" height="110" />
        <cmp x="1375" y="966" width="5" height="11" />
        <cmp x="1419" y="917" width="38" height="73" />
        <cmp x="1441" y="956" width="6" height="5" />
        <cmp x="1453" y="950" width="13" height="43" />
        <cmp x="1477" y="951" width="22" height="27" />
        <cmp x="1507" y="955" width="39" height="30" />
      </word>
      <word id="m04-019-00-07" tag="NNS" text="miles">
        <cmp x="1638" y="949" width="48" height="36" />
        <cmp x="1704" y="959" width="11" height="24" />
        <cmp x="1726" y="947" width="3" height="5" />
        <cmp x="1741" y="910" width="36" height="73" />
        <cmp x="1776" y="954" width="15" height="24" />
        <cmp x="1806" y="953" width="15" height="24" />
        <cmp x="1819" y="951" width="8" height="6" />
      </word>
      <word id="m04-019-00-08" tag="RP" text="away">
        <cmp x="1892" y="947" width="39" height="28" />
        <cmp x="1914" y="950" width="7" height="3" />
        <cmp x="1946" y="949" width="37" height="23" />
        <cmp x="1995" y="950" width="34" height="25" />
        <cmp x="2023" y="951" width="49" height="55" />
      </word>
      <word id="m04-019-00-09" tag="," text=",">
        <cmp x="2091" y="968" width="21" height="30" />
      </word>
      <word id="m04-019-00-10" tag="**&apos;" text="&quot;">
        <cmp x="2140" y="905" width="18" height="21" />
        <cmp x="2157" y="905" width="15" height="23" />
      </word>
      <lower-contour>
        <point x="361" y="1015" />
        <point x="2061" y="1015" />
      </lower-contour>
    </line>
    <line ass="-390" asx="0" asy="1054" character-width="999" dss="-390" dsx="0" dsy="1190" fd0="14708" fd1="3373" fd2="85" filter-width="3" id="m04-019-01" lbs="-348" lbx="0" lby="1145" segmentation="ok" slant="72000" stroke-width="5533" threshold="171" text="Morfydd was saying. &amp;quot;Not the end of" ubs="-472" ubx="0" uby="1118">
      <word id="m04-019-01-00" tag="NP" text="Morfydd">
        <cmp x="359" y="1065" width="97" height="79" />
        <cmp x="451" y="1117" width="25" height="30" />
        <cmp x="482" y="1126" width="24" height="23" />
        <cmp x="508" y="1058" width="54" height="115" />
        <cmp x="557" y="1117" width="40" height="56" />
        <cmp x="612" y="1116" width="16" height="28" />
        <cmp x="625" y="1124" width="4" height="4" />
        <cmp x="629" y="1067" width="30" height="66" />
        <cmp x="650" y="1118" width="17" height="26" />
        <cmp x="659" y="1072" width="46" height="71" />
      </word>
      <word id="m04-019-01-01" tag="BEDZ" text="was">
        <cmp x="746" y="1117" width="58" height="35" />
        <cmp x="808" y="1126" width="35" height="28" />
        <cmp x="859" y="1126" width="27" height="29" />
      </word>
      <word id="m04-019-01-02" tag="VBG" text="saying">
        <cmp x="939" y="1117" width="35" height="37" />
        <cmp x="973" y="1127" width="48" height="28" />
        <cmp x="1024" y="1132" width="42" height="42" />
        <cmp x="1078" y="1124" width="25" height="32" />
        <cmp x="1110" y="1132" width="37" height="29" />
        <cmp x="1113" y="1098" width="7" height="9" />
        <cmp x="1153" y="1130" width="47" height="68" />
      </word>
      <word id="m04-019-01-03" tag="." text=".">
        <cmp x="1208" y="1152" width="6" height="6" />
      </word>
      <word id="m04-019-01-04" sentence-start="yes" tag="*&apos;" text="&quot;">
        <cmp x="1286" y="1074" width="9" height="22" />
        <cmp x="1293" y="1069" width="3" height="3" />
        <cmp x="1300" y="1074" width="9" height="20" />
      </word>
      <word id="m04-019-01-05" tag="XNOT" text="Not">
        <cmp x="1319" y="1079" width="86" height="71" />
        <cmp x="1404" y="1133" width="23" height="21" />
        <cmp x="1439" y="1078" width="41" height="84" />
      </word>
      <word id="m04-019-01-06" tag="ATI" text="the">
        <cmp x="1578" y="1080" width="84" height="82" />
        <cmp x="1589" y="1115" width="3" height="3" />
        <cmp x="1590" y="1110" width="4" height="4" />
        <cmp x="1618" y="1076" width="4" height="3" />
        <cmp x="1665" y="1127" width="14" height="24" />
      </word>
      <word id="m04-019-01-07" tag="NN" text="end">
        <cmp x="1766" y="1129" width="10" height="21" />
        <cmp x="1769" y="1119" width="9" height="16" />
        <cmp x="1792" y="1129" width="34" height="23" />
        <cmp x="1841" y="1075" width="55" height="80" />
      </word>
      <word id="m04-019-01-08" tag="INO" text="of">
        <cmp x="1961" y="1125" width="37" height="36" />
        <cmp x="2007" y="1076" width="53" height="115" />
      </word>
      <upper-contour>
        <point x="361" y="1015" />
        <point x="2061" y="1015" />
      </upper-contour>
      <lower-contour>
        <point x="357" y="1198" />
        <point x="2061" y="1198" />
      </lower-contour>
    </line>
    <line ass="895" asx="0" asy="1251" character-width="999" dss="895" dsx="0" dsy="1396" fd0="14733" fd1="3682" fd2="730" filter-width="3" id="m04-019-02" lbs="941" lbx="0" lby="1337" segmentation="ok" slant="73000" stroke-width="5413" threshold="169" text="the world, is it?&amp;quot; &amp;quot;For me it is,&amp;quot; Dai" ubs="802" ubx="0" uby="1314">
      <word id="m04-019-02-00" tag="ATI" text="the">
        <cmp x="359" y="1246" width="44" height="80" />
        <cmp x="400" y="1256" width="36" height="84" />
        <cmp x="451" y="1312" width="13" height="26" />
      </word>
      <word id="m04-019-02-01" tag="NN" text="world">
        <cmp x="542" y="1305" width="51" height="32" />
        <cmp x="546" y="1298" width="6" height="6" />
        <cmp x="605" y="1305" width="18" height="30" />
        <cmp x="646" y="1312" width="22" height="16" />
        <cmp x="681" y="1251" width="36" height="83" />
        <cmp x="703" y="1254" width="59" height="77" />
      </word>
      <word id="m04-019-02-02" tag="," text=",">
        <cmp x="792" y="1325" width="9" height="19" />
      </word>
      <word id="m04-019-02-03" tag="BEZ" text="is">
        <cmp x="842" y="1297" width="14" height="27" />
        <cmp x="860" y="1282" width="9" height="8" />
        <cmp x="869" y="1298" width="21" height="39" />
        <cmp x="887" y="1299" width="4" height="4" />
      </word>
      <word id="m04-019-02-04" tag="PP3" text="it">
        <cmp x="937" y="1308" width="13" height="26" />
        <cmp x="954" y="1281" width="9" height="7" />
        <cmp x="966" y="1254" width="37" height="77" />
      </word>
      <word id="m04-019-02-05" tag="?" text="?">
        <cmp x="1036" y="1252" width="30" height="68" />
        <cmp x="1038" y="1325" width="11" height="16" />
      </word>
      <word id="m04-019-02-06" tag="**&apos;" text="&quot;">
        <cmp x="1093" y="1241" width="12" height="24" />
        <cmp x="1114" y="1249" width="15" height="21" />
      </word>
      <word id="m04-019-02-07" sentence-start="yes" tag="*&apos;" text="&quot;">
        <cmp x="1203" y="1246" width="10" height="21" />
        <cmp x="1218" y="1255" width="11" height="23" />
      </word>
      <word id="m04-019-02-08" tag="IN" text="For">
        <cmp x="1237" y="1250" width="81" height="128" />
        <cmp x="1279" y="1291" width="34" height="41" />
        <cmp x="1302" y="1305" width="4" height="5" />
        <cmp x="1329" y="1305" width="25" height="12" />
      </word>
      <word id="m04-019-02-09" tag="PP1O" text="me">
        <cmp x="1408" y="1307" width="77" height="32" />
        <cmp x="1493" y="1308" width="13" height="30" />
      </word>
      <word id="m04-019-02-10" tag="PP3" text="it">
        <cmp x="1577" y="1316" width="10" height="20" />
        <cmp x="1604" y="1292" width="5" height="5" />
        <cmp x="1617" y="1257" width="30" height="80" />
      </word>
      <word id="m04-019-02-11" tag="BEZ" text="is">
        <cmp x="1733" y="1304" width="14" height="21" />
        <cmp x="1746" y="1279" width="15" height="12" />
        <cmp x="1763" y="1302" width="23" height="38" />
        <cmp x="1778" y="1302" width="4" height="4" />
      </word>
      <word id="m04-019-02-12" tag="," text=",">
        <cmp x="1785" y="1333" width="17" height="32" />
      </word>
      <word id="m04-019-02-13" tag="**&apos;" text="&quot;">
        <cmp x="1835" y="1240" width="30" height="44" />
        <cmp x="1857" y="1246" width="21" height="26" />
      </word>
      <word id="m04-019-02-14" tag="NP" text="Dai">
        <cmp x="1949" y="1239" width="61" height="90" />
        <cmp x="2012" y="1297" width="41" height="32" />
        <cmp x="2070" y="1311" width="12" height="20" />
        <cmp x="2098" y="1277" width="8" height="9" />
      </word>
      <upper-contour>
        <point x="357" y="1198" />
        <point x="2061" y="1198" />
      </upper-contour>
      <lower-contour>
        <point x="357" y="1378" />
        <point x="2106" y="1378" />
      </lower-contour>
    </line>
    <line ass="32" asx="0" asy="1428" character-width="999" dss="32" dsx="0" dsy="1568" fd0="14339" fd1="3611" fd2="654" filter-width="3" id="m04-019-03" lbs="37" lbx="0" lby="1517" segmentation="ok" slant="74000" stroke-width="5439" threshold="170" text="said wretchedly, wiping his hands on his" ubs="22" ubx="0" uby="1486">
      <word id="m04-019-03-00" tag="VBD" text="said">
        <cmp x="354" y="1477" width="25" height="46" />
        <cmp x="387" y="1487" width="46" height="31" />
        <cmp x="454" y="1475" width="20" height="35" />
        <cmp x="483" y="1490" width="17" height="24" />
        <cmp x="507" y="1434" width="29" height="75" />
      </word>
      <word id="m04-019-03-01" tag="RB" text="wretchedly">
        <cmp x="618" y="1481" width="57" height="36" />
        <cmp x="619" y="1476" width="4" height="3" />
        <cmp x="682" y="1487" width="24" height="33" />
        <cmp x="712" y="1489" width="12" height="29" />
        <cmp x="740" y="1485" width="3" height="5" />
        <cmp x="744" y="1430" width="33" height="81" />
        <cmp x="785" y="1481" width="32" height="32" />
        <cmp x="825" y="1434" width="39" height="73" />
        <cmp x="907" y="1488" width="14" height="31" />
        <cmp x="950" y="1442" width="39" height="70" />
        <cmp x="998" y="1444" width="27" height="78" />
        <cmp x="1005" y="1494" width="49" height="58" />
      </word>
      <word id="m04-019-03-02" tag="," text=",">
        <cmp x="1122" y="1509" width="15" height="35" />
      </word>
      <word id="m04-019-03-03" tag="VBG" text="wiping">
        <cmp x="1184" y="1484" width="48" height="24" />
        <cmp x="1235" y="1490" width="15" height="24" />
        <cmp x="1246" y="1487" width="51" height="59" />
        <cmp x="1263" y="1457" width="6" height="8" />
        <cmp x="1305" y="1495" width="15" height="19" />
        <cmp x="1342" y="1448" width="7" height="7" />
        <cmp x="1342" y="1498" width="43" height="26" />
        <cmp x="1384" y="1494" width="47" height="74" />
      </word>
      <word id="m04-019-03-04" tag="PP$" text="his">
        <cmp x="1517" y="1445" width="48" height="72" />
        <cmp x="1576" y="1473" width="28" height="46" />
        <cmp x="1602" y="1489" width="19" height="35" />
      </word>
      <word id="m04-019-03-05" tag="NNS" text="hands">
        <cmp x="1703" y="1453" width="101" height="71" />
        <cmp x="1811" y="1495" width="12" height="22" />
        <cmp x="1822" y="1444" width="56" height="70" />
        <cmp x="1859" y="1486" width="32" height="30" />
      </word>
      <word id="m04-019-03-06" tag="IN" text="on">
        <cmp x="1948" y="1478" width="35" height="32" />
        <cmp x="1992" y="1495" width="41" height="19" />
      </word>
      <word id="m04-019-03-07" tag="PP$" text="his">
        <cmp x="2095" y="1428" width="47" height="91" />
        <cmp x="2152" y="1497" width="14" height="14" />
        <cmp x="2181" y="1479" width="21" height="30" />
        <cmp x="2185" y="1460" width="3" height="4" />
      </word>
      <upper-contour>
        <point x="357" y="1378" />
        <point x="2106" y="1378" />
      </upper-contour>
      <lower-contour>
        <point x="355" y="1568" />
        <point x="2117" y="1568" />
      </lower-contour>
    </line>
    <line ass="507" asx="0" asy="1614" character-width="999" dss="507" dsx="0" dsy="1753" fd0="15033" fd1="3500" fd2="227" filter-width="3" id="m04-019-04" lbs="582" lbx="0" lby="1701" segmentation="ok" slant="71000" stroke-width="5646" threshold="173" text="overalls preparatory to a last embrace. &amp;quot;You" ubs="356" ubx="0" uby="1671">
      <word id="m04-019-04-00" tag="NNS" text="overalls">
        <cmp x="357" y="1652" width="29" height="47" />
        <cmp x="395" y="1673" width="34" height="21" />
        <cmp x="439" y="1666" width="44" height="22" />
        <cmp x="492" y="1667" width="37" height="27" />
        <cmp x="544" y="1610" width="49" height="92" />
        <cmp x="576" y="1618" width="47" height="73" />
        <cmp x="588" y="1659" width="41" height="39" />
      </word>
      <word id="m04-019-04-01" tag="JJ" text="preparatory">
        <cmp x="694" y="1667" width="36" height="67" />
        <cmp x="736" y="1670" width="23" height="25" />
        <cmp x="760" y="1670" width="17" height="25" />
        <cmp x="777" y="1670" width="47" height="77" />
        <cmp x="837" y="1671" width="28" height="31" />
        <cmp x="876" y="1670" width="25" height="27" />
        <cmp x="919" y="1662" width="42" height="36" />
        <cmp x="981" y="1617" width="30" height="71" />
        <cmp x="1016" y="1663" width="27" height="34" />
        <cmp x="1055" y="1671" width="20" height="18" />
        <cmp x="1076" y="1666" width="50" height="58" />
      </word>
      <word id="m04-019-04-02" tag="IN" text="to">
        <cmp x="1209" y="1621" width="36" height="74" />
        <cmp x="1238" y="1661" width="24" height="27" />
      </word>
      <word id="m04-019-04-03" tag="AT" text="a">
        <cmp x="1312" y="1657" width="35" height="30" />
      </word>
      <word id="m04-019-04-04" tag="AP" text="last">
        <cmp x="1396" y="1610" width="31" height="66" />
        <cmp x="1421" y="1651" width="29" height="31" />
        <cmp x="1461" y="1651" width="30" height="39" />
        <cmp x="1490" y="1610" width="52" height="81" />
      </word>
      <word id="m04-019-04-05" tag="NN" text="embrace">
        <cmp x="1563" y="1661" width="13" height="26" />
        <cmp x="1596" y="1667" width="58" height="23" />
        <cmp x="1680" y="1610" width="35" height="82" />
        <cmp x="1733" y="1665" width="21" height="22" />
        <cmp x="1755" y="1666" width="9" height="4" />
        <cmp x="1764" y="1664" width="38" height="22" />
        <cmp x="1807" y="1663" width="36" height="30" />
        <cmp x="1843" y="1657" width="24" height="36" />
      </word>
      <word id="m04-019-04-06" tag="." text=".">
        <cmp x="1879" y="1681" width="6" height="13" />
      </word>
      <word id="m04-019-04-07" sentence-start="yes" tag="*&apos;" text="&quot;">
        <cmp x="1940" y="1610" width="11" height="23" />
        <cmp x="1962" y="1615" width="13" height="34" />
      </word>
      <word id="m04-019-04-08" tag="PP2" text="You">
        <cmp x="2002" y="1626" width="68" height="67" />
        <cmp x="2009" y="1630" width="17" height="32" />
        <cmp x="2055" y="1658" width="27" height="29" />
        <cmp x="2097" y="1673" width="19" height="15" />
      </word>
      <upper-contour>
        <point x="355" y="1568" />
        <point x="2117" y="1568" />
      </upper-contour>
      <lower-contour>
        <point x="383" y="1747" />
        <point x="2060" y="1747" />
      </lower-contour>
    </line>
    <line ass="362" asx="0" asy="1801" character-width="999" dss="362" dsx="0" dsy="1929" fd0="14658" fd1="3413" fd2="239" filter-width="3" id="m04-019-05" lbs="416" lbx="0" lby="1879" segmentation="ok" slant="80000" stroke-width="5671" threshold="171" text="will not be remembering a mere garage" ubs="254" ubx="0" uby="1851">
      <word id="m04-019-05-00" tag="MD" text="will">
        <cmp x="385" y="1831" width="48" height="38" />
        <cmp x="444" y="1857" width="10" height="20" />
        <cmp x="473" y="1817" width="11" height="8" />
        <cmp x="483" y="1799" width="44" height="79" />
        <cmp x="527" y="1804" width="30" height="64" />
        <cmp x="546" y="1807" width="3" height="3" />
      </word>
      <word id="m04-019-05-01" tag="XNOT" text="not">
        <cmp x="573" y="1855" width="35" height="20" />
        <cmp x="624" y="1852" width="30" height="29" />
        <cmp x="665" y="1808" width="49" height="66" />
      </word>
      <word id="m04-019-05-02" tag="BE" text="be">
        <cmp x="785" y="1802" width="25" height="73" />
        <cmp x="816" y="1845" width="20" height="29" />
      </word>
      <word id="m04-019-05-03" tag="VBG" text="remembering">
        <cmp x="929" y="1844" width="37" height="36" />
        <cmp x="933" y="1843" width="4" height="3" />
        <cmp x="972" y="1843" width="72" height="37" />
        <cmp x="1061" y="1839" width="22" height="40" />
        <cmp x="1091" y="1844" width="67" height="32" />
        <cmp x="1098" y="1847" width="5" height="4" />
        <cmp x="1182" y="1795" width="34" height="82" />
        <cmp x="1230" y="1843" width="16" height="27" />
        <cmp x="1247" y="1846" width="36" height="24" />
        <cmp x="1302" y="1846" width="15" height="20" />
        <cmp x="1337" y="1803" width="8" height="15" />
        <cmp x="1343" y="1841" width="62" height="69" />
      </word>
      <word id="m04-019-05-04" tag="AT" text="a">
        <cmp x="1495" y="1837" width="41" height="35" />
      </word>
      <word id="m04-019-05-05" tag="JJB" text="mere">
        <cmp x="1557" y="1832" width="76" height="33" />
        <cmp x="1643" y="1840" width="21" height="29" />
        <cmp x="1668" y="1847" width="36" height="25" />
        <cmp x="1705" y="1841" width="20" height="31" />
      </word>
      <word id="m04-019-05-06" tag="NN" text="garage">
        <cmp x="1805" y="1834" width="44" height="84" />
        <cmp x="1870" y="1838" width="35" height="29" />
        <cmp x="1915" y="1839" width="70" height="31" />
        <cmp x="1973" y="1835" width="51" height="81" />
        <cmp x="2030" y="1834" width="29" height="39" />
      </word>
      <upper-contour>
        <point x="383" y="1747" />
        <point x="2060" y="1747" />
      </upper-contour>
      <lower-contour>
        <point x="383" y="1918" />
        <point x="2056" y="1918" />
      </lower-contour>
    </line>
    <line ass="184" asx="0" asy="1965" character-width="999" dss="184" dsx="0" dsy="2101" fd0="14733" fd1="3540" fd2="830" filter-width="3" id="m04-019-06" lbs="183" lbx="0" lby="2052" segmentation="ok" slant="68000" stroke-width="5450" threshold="172" text="hand when you are lording it over" ubs="185" ubx="0" uby="2023">
      <word id="m04-019-06-00" tag="NN" text="hand">
        <cmp x="373" y="1979" width="53" height="78" />
        <cmp x="443" y="2023" width="22" height="30" />
        <cmp x="465" y="2028" width="14" height="23" />
        <cmp x="495" y="2021" width="35" height="25" />
        <cmp x="544" y="2020" width="24" height="30" />
        <cmp x="559" y="1970" width="38" height="69" />
      </word>
      <word id="m04-019-06-01" tag="WRB" text="when">
        <cmp x="682" y="2021" width="54" height="33" />
        <cmp x="747" y="1985" width="41" height="63" />
        <cmp x="802" y="2019" width="17" height="24" />
        <cmp x="818" y="2031" width="50" height="18" />
      </word>
      <word id="m04-019-06-02" tag="PP2" text="you">
        <cmp x="963" y="2032" width="53" height="67" />
        <cmp x="975" y="2015" width="19" height="31" />
        <cmp x="1029" y="2020" width="32" height="36" />
        <cmp x="1081" y="2028" width="25" height="22" />
      </word>
      <word id="m04-019-06-03" tag="BER" text="are">
        <cmp x="1167" y="2015" width="40" height="32" />
        <cmp x="1223" y="2021" width="26" height="29" />
        <cmp x="1255" y="2023" width="18" height="26" />
      </word>
      <word id="m04-019-06-04" tag="VBG" text="lording">
        <cmp x="1392" y="1964" width="33" height="83" />
        <cmp x="1419" y="2020" width="25" height="30" />
        <cmp x="1465" y="2021" width="22" height="30" />
        <cmp x="1515" y="1965" width="51" height="82" />
        <cmp x="1561" y="2023" width="20" height="26" />
        <cmp x="1602" y="1985" width="8" height="18" />
        <cmp x="1603" y="2014" width="76" height="65" />
      </word>
      <word id="m04-019-06-05" tag="PP3" text="it">
        <cmp x="1771" y="2007" width="17" height="32" />
        <cmp x="1783" y="1993" width="13" height="11" />
        <cmp x="1812" y="1961" width="41" height="88" />
      </word>
      <word id="m04-019-06-06" tag="IN" text="over">
        <cmp x="1916" y="2005" width="35" height="43" />
        <cmp x="1967" y="2013" width="51" height="37" />
        <cmp x="2030" y="2023" width="25" height="22" />
      </word>
      <upper-contour>
        <point x="383" y="1918" />
        <point x="2056" y="1918" />
      </upper-contour>
      <lower-contour>
        <point x="374" y="2099" />
        <point x="2056" y="2099" />
      </lower-contour>
    </line>
    <line ass="-357" asx="0" asy="2107" character-width="999" dss="-357" dsx="0" dsy="2266" fd0="14478" fd1="3265" fd2="141" filter-width="3" id="m04-019-07" lbs="-385" lbx="0" lby="2218" segmentation="ok" slant="68000" stroke-width="5395" threshold="173" text="the Mixed Infants of Llangrwl.&amp;quot;" ubs="-301" ubx="0" uby="2192">
      <word id="m04-019-07-00" tag="ATI" text="the">
        <cmp x="376" y="2140" width="38" height="89" />
        <cmp x="420" y="2158" width="31" height="73" />
        <cmp x="462" y="2200" width="13" height="29" />
      </word>
      <word id="m04-019-07-01" tag="JJ" text="Mixed">
        <cmp x="603" y="2151" width="84" height="88" />
        <cmp x="662" y="2155" width="66" height="77" />
        <cmp x="729" y="2202" width="13" height="28" />
        <cmp x="746" y="2181" width="23" height="24" />
        <cmp x="767" y="2206" width="44" height="29" />
        <cmp x="782" y="2201" width="5" height="4" />
        <cmp x="823" y="2203" width="16" height="28" />
        <cmp x="866" y="2159" width="56" height="70" />
      </word>
      <word id="m04-019-07-02" tag="NNS" text="Infants">
        <cmp x="1048" y="2158" width="29" height="72" />
        <cmp x="1077" y="2196" width="41" height="37" />
        <cmp x="1123" y="2151" width="50" height="124" />
        <cmp x="1175" y="2150" width="3" height="3" />
        <cmp x="1187" y="2202" width="79" height="32" />
        <cmp x="1194" y="2200" width="6" height="3" />
        <cmp x="1271" y="2202" width="3" height="7" />
        <cmp x="1273" y="2148" width="36" height="87" />
        <cmp x="1303" y="2197" width="26" height="40" />
      </word>
      <word id="m04-019-07-03" tag="INO" text="of">
        <cmp x="1437" y="2193" width="32" height="32" />
        <cmp x="1458" y="2154" width="52" height="113" />
      </word>
      <word id="m04-019-07-04" tag="NP" text="Llangrwl">
        <cmp x="1620" y="2155" width="39" height="75" />
        <cmp x="1663" y="2154" width="40" height="73" />
        <cmp x="1700" y="2184" width="27" height="35" />
        <cmp x="1726" y="2194" width="68" height="37" />
        <cmp x="1782" y="2192" width="63" height="87" />
        <cmp x="1863" y="2197" width="24" height="28" />
        <cmp x="1895" y="2208" width="47" height="20" />
        <cmp x="1973" y="2121" width="49" height="99" />
      </word>
      <word id="m04-019-07-05" tag="." text=".">
        <cmp x="1996" y="2222" width="7" height="8" />
      </word>
      <word id="m04-019-07-06" tag="**&apos;" text="&quot;">
        <cmp x="2045" y="2125" width="43" height="29" />
      </word>
      <upper-contour>
        <point x="374" y="2099" />
        <point x="2056" y="2099" />
      </upper-contour>
    </line>
  </handwritten-part>
</form>

