<?xml version="1.0" encoding="ISO-8859-1"?>

<!DOCTYPE form SYSTEM 'http://www.iam.unibe.ch/~fki/iamdb/form-metadata.dtd'>

<form created="2002-01-25" height="3542" id="m04-190" last-modified="2002-07-17" skew="95" status="final" version="3.0_beta" width="2479" writer-id="549">
  <machine-printed-part>
    <machine-print-line text="He saluted, and left the presence, very crestfallen... Time passed. The bus climbed," />
    <machine-print-line text="and went quietly into orbit. Time passed. The Rev. Edwards&apos; pulpit remained empty." />
    <machine-print-line text="And so did the arms of Dai Pugh. How could they be otherwise, when his beloved was" />
    <machine-print-line text="circling the Poles at three-and-a-quarter-hour intervals, regular as clockwork? Time" />
    <machine-print-line text="passed. Everyone said, &amp;quot;Pity about Megan Thomas, isn&apos;t it,&amp;quot; as though they didn&apos;t" />
    <machine-print-line text="really think it was a pity at all; as, indeed, they didn&apos;t." />
  </machine-printed-part>
  <handwritten-part>
    <line ass="250" asx="0" asy="913" character-width="999" dss="250" dsx="0" dsy="1009" fd0="14450" fd1="2956" fd2="-811" filter-width="3" id="m04-190-00" lbs="259" lbx="0" lby="983" segmentation="ok" slant="64000" stroke-width="5537" threshold="164" text="He saluted, and left the presence, very crestfallen..." ubs="231" ubx="0" uby="947">
      <word id="m04-190-00-00" sentence-start="yes" tag="PP3A" text="He">
        <cmp x="355" y="913" width="11" height="63" />
        <cmp x="365" y="913" width="17" height="65" />
        <cmp x="394" y="946" width="27" height="36" />
      </word>
      <word id="m04-190-00-01" tag="VBD" text="saluted">
        <cmp x="474" y="950" width="30" height="37" />
        <cmp x="507" y="955" width="35" height="30" />
        <cmp x="556" y="921" width="24" height="67" />
        <cmp x="573" y="949" width="39" height="41" />
        <cmp x="623" y="917" width="31" height="68" />
        <cmp x="644" y="945" width="32" height="38" />
        <cmp x="676" y="932" width="46" height="46" />
      </word>
      <word id="m04-190-00-02" tag="," text=",">
        <cmp x="727" y="967" width="10" height="28" />
      </word>
      <word id="m04-190-00-03" tag="CC" text="and">
        <cmp x="787" y="937" width="42" height="36" />
        <cmp x="836" y="945" width="29" height="29" />
        <cmp x="872" y="921" width="48" height="54" />
      </word>
      <word id="m04-190-00-04" tag="VBD" text="left">
        <cmp x="971" y="920" width="26" height="59" />
        <cmp x="1004" y="948" width="25" height="35" />
        <cmp x="1043" y="916" width="36" height="65" />
        <cmp x="1072" y="917" width="33" height="58" />
      </word>
      <word id="m04-190-00-05" tag="ATI" text="the">
        <cmp x="1152" y="915" width="27" height="58" />
        <cmp x="1183" y="919" width="31" height="54" />
        <cmp x="1221" y="944" width="26" height="34" />
      </word>
      <word id="m04-190-00-06" tag="NN" text="presence">
        <cmp x="1280" y="944" width="32" height="55" />
        <cmp x="1328" y="943" width="22" height="30" />
        <cmp x="1358" y="935" width="26" height="37" />
        <cmp x="1396" y="937" width="18" height="39" />
        <cmp x="1428" y="936" width="29" height="43" />
        <cmp x="1472" y="939" width="29" height="34" />
        <cmp x="1513" y="938" width="32" height="43" />
        <cmp x="1555" y="939" width="32" height="38" />
      </word>
      <word id="m04-190-00-07" tag="," text=",">
        <cmp x="1606" y="968" width="14" height="34" />
      </word>
      <word id="m04-190-00-08" tag="QL" text="very">
        <cmp x="1693" y="937" width="38" height="38" />
        <cmp x="1732" y="938" width="24" height="38" />
        <cmp x="1766" y="944" width="24" height="31" />
        <cmp x="1794" y="942" width="43" height="51" />
      </word>
      <word id="m04-190-00-09" tag="JJ" text="crestfallen">
        <cmp x="1897" y="934" width="25" height="38" />
        <cmp x="1940" y="937" width="24" height="33" />
        <cmp x="1968" y="937" width="29" height="38" />
        <cmp x="2003" y="938" width="16" height="37" />
        <cmp x="2028" y="923" width="26" height="49" />
        <cmp x="2067" y="922" width="28" height="52" />
        <cmp x="2085" y="947" width="33" height="28" />
        <cmp x="2120" y="917" width="33" height="57" />
        <cmp x="2140" y="917" width="32" height="55" />
        <cmp x="2156" y="941" width="32" height="32" />
        <cmp x="2190" y="943" width="33" height="33" />
      </word>
      <word id="m04-190-00-10" tag="..." text="...">
        <cmp x="2234" y="971" width="11" height="9" />
        <cmp x="2261" y="973" width="11" height="6" />
        <cmp x="2288" y="972" width="8" height="8" />
      </word>
      <lower-contour>
        <point x="353" y="1002" />
        <point x="2236" y="1002" />
      </lower-contour>
    </line>
    <line ass="144" asx="0" asy="1092" character-width="999" dss="144" dsx="0" dsy="1189" fd0="14181" fd1="2941" fd2="-807" filter-width="3" id="m04-190-01" lbs="105" lbx="0" lby="1161" segmentation="ok" slant="77000" stroke-width="5326" threshold="168" text="Time passed. The bus climbed, and went quietly" ubs="223" ubx="0" uby="1129">
      <word id="m04-190-01-00" sentence-start="yes" tag="NN" text="Time">
        <cmp x="347" y="1093" width="40" height="72" />
        <cmp x="390" y="1131" width="7" height="34" />
        <cmp x="401" y="1109" width="6" height="7" />
        <cmp x="415" y="1129" width="7" height="32" />
        <cmp x="422" y="1131" width="19" height="31" />
        <cmp x="443" y="1128" width="20" height="30" />
        <cmp x="470" y="1128" width="26" height="32" />
      </word>
      <word id="m04-190-01-01" tag="VBD" text="passed">
        <cmp x="553" y="1131" width="9" height="49" />
        <cmp x="565" y="1124" width="23" height="34" />
        <cmp x="591" y="1133" width="33" height="29" />
        <cmp x="636" y="1129" width="21" height="33" />
        <cmp x="663" y="1132" width="23" height="34" />
        <cmp x="689" y="1137" width="25" height="28" />
        <cmp x="718" y="1105" width="54" height="56" />
      </word>
      <word id="m04-190-01-02" tag="." text=".">
        <cmp x="775" y="1157" width="10" height="12" />
      </word>
      <word id="m04-190-01-03" sentence-start="yes" tag="ATI" text="The">
        <cmp x="873" y="1104" width="33" height="55" />
        <cmp x="921" y="1108" width="30" height="46" />
        <cmp x="959" y="1128" width="27" height="29" />
      </word>
      <word id="m04-190-01-04" tag="NN" text="bus">
        <cmp x="1049" y="1098" width="12" height="53" />
        <cmp x="1057" y="1119" width="25" height="38" />
        <cmp x="1087" y="1124" width="36" height="35" />
        <cmp x="1133" y="1123" width="20" height="36" />
      </word>
      <word id="m04-190-01-05" tag="VBD" text="climbed">
        <cmp x="1215" y="1119" width="34" height="36" />
        <cmp x="1262" y="1095" width="24" height="56" />
        <cmp x="1289" y="1124" width="12" height="32" />
        <cmp x="1311" y="1104" width="5" height="7" />
        <cmp x="1316" y="1122" width="12" height="33" />
        <cmp x="1327" y="1124" width="36" height="33" />
        <cmp x="1380" y="1099" width="11" height="54" />
        <cmp x="1387" y="1121" width="19" height="35" />
        <cmp x="1426" y="1125" width="23" height="27" />
        <cmp x="1461" y="1103" width="45" height="51" />
      </word>
      <word id="m04-190-01-06" tag="," text=",">
        <cmp x="1507" y="1147" width="12" height="32" />
      </word>
      <word id="m04-190-01-07" tag="CC" text="and">
        <cmp x="1570" y="1124" width="39" height="33" />
        <cmp x="1624" y="1126" width="29" height="30" />
        <cmp x="1660" y="1109" width="48" height="47" />
      </word>
      <word id="m04-190-01-08" tag="VBD" text="went">
        <cmp x="1763" y="1120" width="48" height="36" />
        <cmp x="1811" y="1124" width="4" height="4" />
        <cmp x="1824" y="1118" width="28" height="38" />
        <cmp x="1858" y="1120" width="34" height="38" />
        <cmp x="1907" y="1105" width="28" height="48" />
      </word>
      <word id="m04-190-01-09" tag="RB" text="quietly">
        <cmp x="1986" y="1120" width="45" height="64" />
        <cmp x="2034" y="1121" width="38" height="39" />
        <cmp x="2082" y="1131" width="10" height="27" />
        <cmp x="2095" y="1115" width="7" height="9" />
        <cmp x="2107" y="1124" width="29" height="35" />
        <cmp x="2139" y="1101" width="35" height="59" />
        <cmp x="2167" y="1104" width="38" height="55" />
        <cmp x="2195" y="1132" width="40" height="46" />
      </word>
      <upper-contour>
        <point x="353" y="1002" />
        <point x="2236" y="1002" />
      </upper-contour>
      <lower-contour>
        <point x="351" y="1185" />
        <point x="2219" y="1185" />
      </lower-contour>
    </line>
    <line ass="91" asx="0" asy="1261" character-width="999" dss="91" dsx="0" dsy="1362" fd0="14356" fd1="3091" fd2="-764" filter-width="3" id="m04-190-02" lbs="151" lbx="0" lby="1336" segmentation="ok" slant="72000" stroke-width="5258" threshold="168" text="into orbit. Time passed. The Rev. Edwards&apos; pulpit" ubs="-28" ubx="0" uby="1299">
      <word id="m04-190-02-00" tag="IN" text="into">
        <cmp x="353" y="1298" width="8" height="36" />
        <cmp x="361" y="1274" width="6" height="6" />
        <cmp x="373" y="1299" width="9" height="34" />
        <cmp x="383" y="1298" width="12" height="36" />
        <cmp x="410" y="1273" width="32" height="56" />
        <cmp x="433" y="1296" width="28" height="36" />
      </word>
      <word id="m04-190-02-01" tag="NN" text="orbit">
        <cmp x="520" y="1296" width="32" height="41" />
        <cmp x="565" y="1304" width="25" height="33" />
        <cmp x="596" y="1277" width="28" height="57" />
        <cmp x="640" y="1303" width="12" height="28" />
        <cmp x="655" y="1288" width="5" height="5" />
        <cmp x="662" y="1270" width="34" height="60" />
      </word>
      <word id="m04-190-02-02" tag="." text=".">
        <cmp x="688" y="1329" width="8" height="7" />
      </word>
      <word id="m04-190-02-03" sentence-start="yes" tag="NN" text="Time">
        <cmp x="782" y="1275" width="35" height="59" />
        <cmp x="821" y="1302" width="10" height="30" />
        <cmp x="834" y="1285" width="6" height="6" />
        <cmp x="845" y="1300" width="40" height="38" />
        <cmp x="899" y="1303" width="22" height="33" />
      </word>
      <word id="m04-190-02-04" tag="VBD" text="passed">
        <cmp x="950" y="1316" width="11" height="44" />
        <cmp x="965" y="1303" width="27" height="32" />
        <cmp x="998" y="1303" width="35" height="30" />
        <cmp x="1037" y="1306" width="24" height="31" />
        <cmp x="1062" y="1304" width="16" height="37" />
        <cmp x="1079" y="1308" width="30" height="35" />
        <cmp x="1115" y="1287" width="52" height="52" />
      </word>
      <word id="m04-190-02-05" tag="." text=".">
        <cmp x="1163" y="1326" width="7" height="12" />
      </word>
      <word id="m04-190-02-06" sentence-start="yes" tag="ATI" text="The">
        <cmp x="1248" y="1277" width="32" height="56" />
        <cmp x="1289" y="1278" width="31" height="54" />
        <cmp x="1331" y="1294" width="30" height="34" />
      </word>
      <word id="m04-190-02-07" tag="NPT" text="Rev.">
        <cmp x="1438" y="1272" width="14" height="55" />
        <cmp x="1449" y="1259" width="23" height="72" />
        <cmp x="1487" y="1291" width="26" height="35" />
        <cmp x="1528" y="1289" width="43" height="44" />
        <cmp x="1573" y="1325" width="9" height="7" />
      </word>
      <word id="m04-190-02-08" tag="NP$" text="Edwards&apos;">
        <cmp x="1640" y="1267" width="43" height="70" />
        <cmp x="1658" y="1295" width="19" height="5" />
        <cmp x="1687" y="1279" width="54" height="54" />
        <cmp x="1736" y="1306" width="48" height="33" />
        <cmp x="1786" y="1304" width="36" height="32" />
        <cmp x="1826" y="1308" width="21" height="25" />
        <cmp x="1851" y="1276" width="56" height="57" />
        <cmp x="1901" y="1299" width="20" height="34" />
        <cmp x="1945" y="1259" width="10" height="29" />
      </word>
      <word id="m04-190-02-09" tag="NN" text="pulpit">
        <cmp x="2010" y="1303" width="15" height="47" />
        <cmp x="2031" y="1288" width="19" height="35" />
        <cmp x="2059" y="1297" width="37" height="31" />
        <cmp x="2100" y="1296" width="39" height="57" />
        <cmp x="2150" y="1302" width="11" height="22" />
        <cmp x="2165" y="1285" width="7" height="5" />
        <cmp x="2184" y="1268" width="34" height="55" />
      </word>
      <upper-contour>
        <point x="351" y="1185" />
        <point x="2219" y="1185" />
      </upper-contour>
      <lower-contour>
        <point x="353" y="1361" />
        <point x="2168" y="1361" />
      </lower-contour>
    </line>
    <line ass="69" asx="0" asy="1449" character-width="999" dss="69" dsx="0" dsy="1546" fd0="14353" fd1="2827" fd2="-425" filter-width="3" id="m04-190-03" lbs="72" lbx="0" lby="1511" segmentation="ok" slant="71000" stroke-width="5443" threshold="168" text="remained empty. And so did the arms of Dai" ubs="64" ubx="0" uby="1478">
      <word id="m04-190-03-00" tag="VBD" text="remained">
        <cmp x="355" y="1468" width="22" height="50" />
        <cmp x="377" y="1467" width="29" height="40" />
        <cmp x="421" y="1469" width="56" height="40" />
        <cmp x="479" y="1478" width="33" height="29" />
        <cmp x="525" y="1478" width="13" height="30" />
        <cmp x="539" y="1467" width="6" height="5" />
        <cmp x="546" y="1478" width="38" height="38" />
        <cmp x="595" y="1474" width="26" height="34" />
        <cmp x="627" y="1456" width="53" height="56" />
      </word>
      <word id="m04-190-03-01" tag="JJ" text="empty">
        <cmp x="740" y="1478" width="25" height="34" />
        <cmp x="779" y="1480" width="56" height="39" />
        <cmp x="840" y="1481" width="40" height="52" />
        <cmp x="893" y="1455" width="26" height="57" />
        <cmp x="918" y="1484" width="34" height="61" />
      </word>
      <word id="m04-190-03-02" tag="." text=".">
        <cmp x="968" y="1500" width="5" height="7" />
      </word>
      <word id="m04-190-03-03" sentence-start="yes" tag="CC" text="And">
        <cmp x="1041" y="1448" width="57" height="60" />
        <cmp x="1105" y="1475" width="32" height="34" />
        <cmp x="1148" y="1457" width="54" height="54" />
      </word>
      <word id="m04-190-03-04" tag="PN" text="so">
        <cmp x="1243" y="1475" width="24" height="42" />
        <cmp x="1272" y="1484" width="27" height="31" />
      </word>
      <word id="m04-190-03-05" tag="DOD" text="did">
        <cmp x="1346" y="1461" width="55" height="52" />
        <cmp x="1400" y="1490" width="10" height="20" />
        <cmp x="1417" y="1475" width="6" height="6" />
        <cmp x="1422" y="1457" width="54" height="56" />
      </word>
      <word id="m04-190-03-06" tag="ATI" text="the">
        <cmp x="1517" y="1458" width="33" height="60" />
        <cmp x="1556" y="1465" width="29" height="45" />
        <cmp x="1596" y="1480" width="28" height="30" />
      </word>
      <word id="m04-190-03-07" tag="NNS" text="arms">
        <cmp x="1690" y="1474" width="41" height="35" />
        <cmp x="1739" y="1479" width="25" height="26" />
        <cmp x="1771" y="1477" width="48" height="31" />
        <cmp x="1837" y="1478" width="19" height="33" />
      </word>
      <word id="m04-190-03-08" tag="INO" text="of">
        <cmp x="1928" y="1476" width="33" height="30" />
        <cmp x="1967" y="1453" width="35" height="60" />
      </word>
      <word id="m04-190-03-09" tag="NP" text="Dai">
        <cmp x="2051" y="1453" width="10" height="53" />
        <cmp x="2063" y="1449" width="26" height="56" />
        <cmp x="2101" y="1471" width="36" height="34" />
        <cmp x="2145" y="1477" width="10" height="27" />
        <cmp x="2162" y="1461" width="6" height="6" />
      </word>
      <upper-contour>
        <point x="353" y="1361" />
        <point x="2168" y="1361" />
      </upper-contour>
      <lower-contour>
        <point x="361" y="1545" />
        <point x="2168" y="1545" />
      </lower-contour>
    </line>
    <line ass="249" asx="0" asy="1619" character-width="999" dss="249" dsx="0" dsy="1720" fd0="14432" fd1="2887" fd2="-742" filter-width="3" id="m04-190-04" lbs="224" lbx="0" lby="1695" segmentation="ok" slant="74000" stroke-width="5154" threshold="168" text="Pugh. How could they be otherwise, when his" ubs="299" ubx="0" uby="1661">
      <word id="m04-190-04-00" tag="NP" text="Pugh">
        <cmp x="363" y="1630" width="11" height="58" />
        <cmp x="376" y="1619" width="25" height="42" />
        <cmp x="399" y="1656" width="38" height="37" />
        <cmp x="455" y="1656" width="29" height="52" />
        <cmp x="501" y="1630" width="33" height="56" />
      </word>
      <word id="m04-190-04-01" tag="." text=".">
        <cmp x="553" y="1683" width="9" height="8" />
      </word>
      <word id="m04-190-04-02" sentence-start="yes" tag="WRB" text="How">
        <cmp x="665" y="1634" width="18" height="57" />
        <cmp x="682" y="1623" width="27" height="63" />
        <cmp x="709" y="1658" width="23" height="31" />
        <cmp x="741" y="1660" width="46" height="33" />
      </word>
      <word id="m04-190-04-03" tag="MD" text="could">
        <cmp x="858" y="1664" width="27" height="30" />
        <cmp x="908" y="1666" width="29" height="31" />
        <cmp x="949" y="1667" width="34" height="31" />
        <cmp x="985" y="1639" width="44" height="58" />
        <cmp x="1009" y="1638" width="64" height="59" />
      </word>
      <word id="m04-190-04-04" tag="PP3AS" text="they">
        <cmp x="1140" y="1636" width="30" height="54" />
        <cmp x="1174" y="1636" width="36" height="51" />
        <cmp x="1211" y="1658" width="33" height="33" />
        <cmp x="1247" y="1655" width="40" height="60" />
      </word>
      <word id="m04-190-04-05" tag="BE" text="be">
        <cmp x="1334" y="1631" width="10" height="59" />
        <cmp x="1342" y="1653" width="29" height="35" />
        <cmp x="1380" y="1659" width="24" height="29" />
      </word>
      <word id="m04-190-04-06" tag="RB" text="otherwise">
        <cmp x="1469" y="1654" width="33" height="40" />
        <cmp x="1516" y="1627" width="35" height="61" />
        <cmp x="1549" y="1626" width="34" height="52" />
        <cmp x="1581" y="1649" width="32" height="37" />
        <cmp x="1617" y="1653" width="22" height="32" />
        <cmp x="1650" y="1657" width="46" height="34" />
        <cmp x="1705" y="1663" width="11" height="25" />
        <cmp x="1720" y="1645" width="9" height="6" />
        <cmp x="1730" y="1652" width="24" height="40" />
        <cmp x="1755" y="1656" width="28" height="34" />
      </word>
      <word id="m04-190-04-07" tag="," text=",">
        <cmp x="1796" y="1678" width="10" height="27" />
      </word>
      <word id="m04-190-04-08" tag="WRB" text="when">
        <cmp x="1878" y="1650" width="55" height="38" />
        <cmp x="1931" y="1625" width="38" height="63" />
        <cmp x="1967" y="1647" width="36" height="37" />
        <cmp x="2008" y="1649" width="37" height="37" />
      </word>
      <word id="m04-190-04-09" tag="PP$" text="his">
        <cmp x="2092" y="1630" width="15" height="55" />
        <cmp x="2102" y="1648" width="31" height="37" />
        <cmp x="2140" y="1657" width="14" height="32" />
        <cmp x="2160" y="1642" width="7" height="5" />
        <cmp x="2169" y="1656" width="21" height="41" />
      </word>
      <upper-contour>
        <point x="361" y="1545" />
        <point x="2168" y="1545" />
      </upper-contour>
      <lower-contour>
        <point x="361" y="1715" />
        <point x="2186" y="1715" />
      </lower-contour>
    </line>
    <line ass="371" asx="0" asy="1806" character-width="999" dss="371" dsx="0" dsy="1905" fd0="14416" fd1="2876" fd2="-788" filter-width="3" id="m04-190-05" lbs="452" lbx="0" lby="1878" segmentation="ok" slant="73000" stroke-width="5411" threshold="168" text="beloved was circling the Poles at three-and-a-" ubs="208" ubx="0" uby="1842">
      <word id="m04-190-05-00" tag="NN" text="beloved">
        <cmp x="353" y="1814" width="8" height="59" />
        <cmp x="359" y="1835" width="22" height="40" />
        <cmp x="390" y="1825" width="27" height="45" />
        <cmp x="426" y="1804" width="30" height="69" />
        <cmp x="432" y="1868" width="4" height="3" />
        <cmp x="453" y="1843" width="24" height="29" />
        <cmp x="494" y="1841" width="29" height="35" />
        <cmp x="525" y="1840" width="32" height="36" />
        <cmp x="556" y="1821" width="55" height="57" />
      </word>
      <word id="m04-190-05-01" tag="BEDZ" text="was">
        <cmp x="685" y="1838" width="53" height="35" />
        <cmp x="736" y="1842" width="41" height="33" />
        <cmp x="783" y="1839" width="21" height="40" />
      </word>
      <word id="m04-190-05-02" tag="VBG" text="circling">
        <cmp x="868" y="1843" width="31" height="34" />
        <cmp x="911" y="1846" width="11" height="26" />
        <cmp x="928" y="1830" width="5" height="8" />
        <cmp x="933" y="1842" width="26" height="31" />
        <cmp x="960" y="1842" width="26" height="29" />
        <cmp x="999" y="1810" width="32" height="58" />
        <cmp x="1027" y="1841" width="16" height="31" />
        <cmp x="1048" y="1825" width="5" height="6" />
        <cmp x="1049" y="1844" width="30" height="29" />
        <cmp x="1080" y="1848" width="37" height="51" />
      </word>
      <word id="m04-190-05-03" tag="ATI" text="the">
        <cmp x="1191" y="1816" width="33" height="59" />
        <cmp x="1232" y="1817" width="33" height="46" />
        <cmp x="1273" y="1834" width="28" height="33" />
      </word>
      <word id="m04-190-05-04" tag="NNS" text="Poles">
        <cmp x="1367" y="1803" width="38" height="70" />
        <cmp x="1396" y="1835" width="28" height="37" />
        <cmp x="1431" y="1807" width="37" height="63" />
        <cmp x="1454" y="1840" width="30" height="28" />
        <cmp x="1496" y="1834" width="27" height="37" />
      </word>
      <word id="m04-190-05-05" tag="IN" text="at">
        <cmp x="1586" y="1840" width="33" height="28" />
        <cmp x="1628" y="1811" width="30" height="56" />
      </word>
      <word id="m04-190-05-06" tag="JJB--" text="three-and-a-">
        <cmp x="1698" y="1815" width="27" height="55" />
        <cmp x="1732" y="1815" width="34" height="52" />
        <cmp x="1778" y="1834" width="15" height="29" />
        <cmp x="1802" y="1835" width="25" height="30" />
        <cmp x="1835" y="1827" width="28" height="36" />
        <cmp x="1884" y="1845" width="17" height="4" />
        <cmp x="1920" y="1840" width="37" height="30" />
        <cmp x="1967" y="1835" width="36" height="33" />
        <cmp x="2011" y="1817" width="45" height="48" />
        <cmp x="2073" y="1835" width="19" height="5" />
        <cmp x="2109" y="1831" width="32" height="26" />
        <cmp x="2168" y="1843" width="16" height="6" />
      </word>
      <upper-contour>
        <point x="361" y="1715" />
        <point x="2186" y="1715" />
      </upper-contour>
      <lower-contour>
        <point x="351" y="1899" />
        <point x="2065" y="1899" />
      </lower-contour>
    </line>
    <line ass="251" asx="0" asy="1990" character-width="999" dss="251" dsx="0" dsy="2080" fd0="14485" fd1="2861" fd2="-1120" filter-width="3" id="m04-190-06" lbs="249" lbx="0" lby="2056" segmentation="ok" slant="75000" stroke-width="5357" threshold="168" text="quarter-hour intervals, regular as clockwork?" ubs="256" ubx="0" uby="2022">
      <word id="m04-190-06-00" tag="-JJB" text="quarter-hour">
        <cmp x="353" y="2019" width="28" height="60" />
        <cmp x="397" y="2019" width="42" height="39" />
        <cmp x="443" y="2025" width="27" height="32" />
        <cmp x="480" y="2025" width="16" height="27" />
        <cmp x="510" y="1994" width="34" height="57" />
        <cmp x="543" y="2020" width="24" height="29" />
        <cmp x="570" y="2025" width="17" height="25" />
        <cmp x="614" y="2027" width="23" height="7" />
        <cmp x="668" y="1993" width="30" height="57" />
        <cmp x="699" y="2011" width="33" height="40" />
        <cmp x="733" y="2018" width="34" height="33" />
        <cmp x="772" y="2018" width="23" height="28" />
      </word>
      <word id="m04-190-06-01" tag="NNS" text="intervals">
        <cmp x="860" y="2023" width="12" height="34" />
        <cmp x="875" y="2000" width="6" height="6" />
        <cmp x="881" y="2017" width="36" height="39" />
        <cmp x="928" y="1998" width="33" height="60" />
        <cmp x="954" y="2018" width="26" height="34" />
        <cmp x="987" y="2020" width="32" height="48" />
        <cmp x="1038" y="2024" width="37" height="38" />
        <cmp x="1074" y="2018" width="43" height="40" />
        <cmp x="1128" y="1992" width="36" height="58" />
        <cmp x="1158" y="2018" width="21" height="37" />
      </word>
      <word id="m04-190-06-02" tag="," text=",">
        <cmp x="1200" y="2035" width="10" height="36" />
      </word>
      <word id="m04-190-06-03" tag="JJ" text="regular">
        <cmp x="1252" y="2002" width="24" height="40" />
        <cmp x="1277" y="2008" width="28" height="38" />
        <cmp x="1309" y="2009" width="37" height="63" />
        <cmp x="1351" y="2009" width="41" height="36" />
        <cmp x="1398" y="1985" width="36" height="61" />
        <cmp x="1414" y="2023" width="37" height="28" />
        <cmp x="1466" y="2023" width="20" height="28" />
      </word>
      <word id="m04-190-06-04" tag="IN" text="as">
        <cmp x="1550" y="2015" width="36" height="35" />
        <cmp x="1601" y="2016" width="20" height="35" />
      </word>
      <word id="m04-190-06-05" tag="NN" text="clockwork">
        <cmp x="1677" y="2015" width="30" height="37" />
        <cmp x="1720" y="1987" width="23" height="58" />
        <cmp x="1746" y="2018" width="28" height="30" />
        <cmp x="1783" y="2018" width="27" height="31" />
        <cmp x="1821" y="1989" width="28" height="59" />
        <cmp x="1862" y="2014" width="51" height="44" />
        <cmp x="1917" y="2017" width="30" height="34" />
        <cmp x="1957" y="2014" width="29" height="30" />
        <cmp x="1992" y="1991" width="30" height="54" />
      </word>
      <word id="m04-190-06-06" tag="?" text="?">
        <cmp x="2039" y="1988" width="25" height="42" />
        <cmp x="2042" y="2048" width="9" height="7" />
      </word>
      <upper-contour>
        <point x="351" y="1899" />
        <point x="2065" y="1899" />
      </upper-contour>
      <lower-contour>
        <point x="351" y="2078" />
        <point x="2060" y="2078" />
      </lower-contour>
    </line>
    <line ass="365" asx="0" asy="2158" character-width="999" dss="365" dsx="0" dsy="2266" fd0="14388" fd1="3200" fd2="-380" filter-width="3" id="m04-190-07" lbs="362" lbx="0" lby="2240" segmentation="ok" slant="66000" stroke-width="5386" threshold="168" text="Time passed. Everyone said, &amp;quot;Pity about Megan" ubs="370" ubx="0" uby="2206">
      <word id="m04-190-07-00" sentence-start="yes" tag="NN" text="Time">
        <cmp x="346" y="2171" width="27" height="64" />
        <cmp x="381" y="2204" width="7" height="36" />
        <cmp x="389" y="2194" width="6" height="6" />
        <cmp x="404" y="2200" width="48" height="39" />
        <cmp x="456" y="2200" width="27" height="30" />
      </word>
      <word id="m04-190-07-01" tag="VBD" text="passed">
        <cmp x="525" y="2197" width="40" height="54" />
        <cmp x="569" y="2197" width="31" height="31" />
        <cmp x="604" y="2200" width="23" height="33" />
        <cmp x="626" y="2198" width="20" height="37" />
        <cmp x="640" y="2200" width="32" height="33" />
        <cmp x="676" y="2177" width="46" height="52" />
      </word>
      <word id="m04-190-07-02" tag="." text=".">
        <cmp x="745" y="2226" width="8" height="6" />
      </word>
      <word id="m04-190-07-03" sentence-start="yes" tag="PN" text="Everyone">
        <cmp x="809" y="2173" width="36" height="63" />
        <cmp x="858" y="2205" width="29" height="30" />
        <cmp x="893" y="2200" width="29" height="36" />
        <cmp x="925" y="2207" width="25" height="30" />
        <cmp x="952" y="2207" width="35" height="53" />
        <cmp x="990" y="2205" width="29" height="33" />
        <cmp x="1031" y="2205" width="30" height="31" />
        <cmp x="1071" y="2201" width="28" height="31" />
      </word>
      <word id="m04-190-07-04" tag="VBD" text="said">
        <cmp x="1146" y="2193" width="34" height="38" />
        <cmp x="1177" y="2202" width="35" height="32" />
        <cmp x="1218" y="2207" width="10" height="24" />
        <cmp x="1232" y="2186" width="52" height="47" />
        <cmp x="1233" y="2187" width="6" height="5" />
      </word>
      <word id="m04-190-07-05" tag="," text=",">
        <cmp x="1290" y="2231" width="11" height="27" />
      </word>
      <word id="m04-190-07-06" tag="*&apos;" text="&quot;">
        <cmp x="1357" y="2152" width="10" height="22" />
        <cmp x="1372" y="2151" width="10" height="21" />
      </word>
      <word id="m04-190-07-07" tag="NN" text="Pity">
        <cmp x="1401" y="2172" width="9" height="53" />
        <cmp x="1410" y="2164" width="23" height="34" />
        <cmp x="1436" y="2198" width="13" height="30" />
        <cmp x="1454" y="2179" width="5" height="5" />
        <cmp x="1467" y="2164" width="29" height="60" />
        <cmp x="1500" y="2198" width="46" height="54" />
      </word>
      <word id="m04-190-07-08" tag="IN" text="about">
        <cmp x="1588" y="2193" width="37" height="36" />
        <cmp x="1639" y="2162" width="31" height="58" />
        <cmp x="1673" y="2191" width="32" height="34" />
        <cmp x="1709" y="2191" width="33" height="34" />
        <cmp x="1758" y="2171" width="30" height="52" />
      </word>
      <word id="m04-190-07-09" tag="NP" text="Megan">
        <cmp x="1841" y="2174" width="75" height="52" />
        <cmp x="1910" y="2195" width="28" height="32" />
        <cmp x="1950" y="2192" width="32" height="59" />
        <cmp x="1987" y="2194" width="33" height="31" />
        <cmp x="2026" y="2198" width="33" height="33" />
      </word>
      <upper-contour>
        <point x="351" y="2078" />
        <point x="2060" y="2078" />
      </upper-contour>
      <lower-contour>
        <point x="344" y="2260" />
        <point x="2060" y="2260" />
      </lower-contour>
    </line>
    <line ass="539" asx="0" asy="2347" character-width="999" dss="539" dsx="0" dsy="2451" fd0="14562" fd1="3166" fd2="-773" filter-width="3" id="m04-190-08" lbs="530" lbx="0" lby="2422" segmentation="err" slant="74000" stroke-width="5274" threshold="168" text="Thomas, isn&apos;t it,&amp;quot; as though they didn&apos;t really think" ubs="557" ubx="0" uby="2391">
      <word id="m04-190-08-00" tag="NP" text="Thomas">
        <cmp x="343" y="2364" width="28" height="58" />
        <cmp x="382" y="2362" width="15" height="61" />
        <cmp x="391" y="2384" width="26" height="26" />
        <cmp x="428" y="2386" width="26" height="33" />
        <cmp x="464" y="2378" width="54" height="40" />
        <cmp x="524" y="2386" width="33" height="30" />
        <cmp x="563" y="2384" width="18" height="37" />
      </word>
      <word id="m04-190-08-01" tag="," text=",">
        <cmp x="595" y="2412" width="11" height="23" />
      </word>
      <word id="m04-190-08-02" tag="BEZX" text="isn&apos;t">
        <cmp x="654" y="2384" width="11" height="30" />
        <cmp x="668" y="2368" width="7" height="6" />
        <cmp x="684" y="2381" width="22" height="38" />
        <cmp x="716" y="2384" width="36" height="34" />
        <cmp x="779" y="2358" width="14" height="26" />
        <cmp x="786" y="2359" width="28" height="52" />
        <cmp x="856" y="2385" width="18" height="33" />
        <cmp x="879" y="2365" width="6" height="6" />
      </word>
      <word id="m04-190-08-03" tag="PP3" text="it">
        <cmp x="890" y="2357" width="35" height="61" />
      </word>
      <word id="m04-190-08-04" tag="," text=",">
        <cmp x="934" y="2403" width="14" height="26" />
      </word>
      <word id="m04-190-08-05" tag="**&apos;" text="&quot;">
        <cmp x="986" y="2339" width="14" height="27" />
        <cmp x="998" y="2339" width="11" height="24" />
      </word>
      <word id="m04-190-08-06" tag="CS21" text="as">
        <cmp x="1050" y="2381" width="36" height="30" />
        <cmp x="1095" y="2381" width="17" height="35" />
      </word>
      <word id="m04-190-08-07" tag="CS22" text="though">
        <cmp x="1163" y="2365" width="34" height="56" />
        <cmp x="1209" y="2363" width="27" height="50" />
        <cmp x="1249" y="2377" width="29" height="40" />
        <cmp x="1280" y="2385" width="26" height="30" />
        <cmp x="1316" y="2387" width="28" height="45" />
        <cmp x="1355" y="2362" width="29" height="44" />
      </word>
      <word id="m04-190-08-08" tag="PP3AS" text="they">
        <cmp x="1414" y="2350" width="29" height="59" />
        <cmp x="1447" y="2352" width="25" height="48" />
        <cmp x="1479" y="2372" width="26" height="31" />
        <cmp x="1504" y="2374" width="38" height="55" />
      </word>
      <word id="m04-190-08-09" tag="DODX" text="didn&apos;t">
        <cmp x="1571" y="2349" width="53" height="59" />
        <cmp x="1620" y="2379" width="10" height="28" />
        <cmp x="1636" y="2362" width="5" height="6" />
        <cmp x="1641" y="2358" width="51" height="50" />
        <cmp x="1691" y="2379" width="30" height="30" />
        <cmp x="1738" y="2351" width="14" height="22" />
        <cmp x="1745" y="2354" width="32" height="55" />
      </word>
      <word id="m04-190-08-10" tag="RB" text="really">
        <cmp x="1820" y="2376" width="27" height="33" />
        <cmp x="1848" y="2368" width="27" height="35" />
        <cmp x="1877" y="2377" width="35" height="30" />
        <cmp x="1915" y="2352" width="30" height="56" />
        <cmp x="1937" y="2359" width="27" height="47" />
        <cmp x="1959" y="2381" width="46" height="52" />
      </word>
      <word id="m04-190-08-11" tag="VB" text="think">
        <cmp x="2044" y="2357" width="24" height="48" />
        <cmp x="2073" y="2357" width="17" height="47" />
        <cmp x="2083" y="2376" width="21" height="28" />
        <cmp x="2111" y="2376" width="12" height="26" />
        <cmp x="2125" y="2355" width="5" height="6" />
        <cmp x="2129" y="2372" width="23" height="32" />
        <cmp x="2165" y="2352" width="29" height="49" />
        <cmp x="2179" y="2378" width="13" height="24" />
      </word>
      <upper-contour>
        <point x="344" y="2260" />
        <point x="2060" y="2260" />
      </upper-contour>
      <lower-contour>
        <point x="341" y="2434" />
        <point x="2086" y="2434" />
      </lower-contour>
    </line>
    <line ass="580" asx="0" asy="2523" character-width="999" dss="580" dsx="0" dsy="2630" fd0="14880" fd1="3105" fd2="-396" filter-width="3" id="m04-190-09" lbs="611" lbx="0" lby="2601" segmentation="ok" slant="64000" stroke-width="5301" threshold="168" text="it was a pity at all; as, indeed, they didn&apos;t." ubs="519" ubx="0" uby="2565">
      <word id="m04-190-09-00" tag="PP3" text="it">
        <cmp x="340" y="2553" width="15" height="40" />
        <cmp x="358" y="2534" width="9" height="5" />
        <cmp x="373" y="2521" width="32" height="69" />
      </word>
      <word id="m04-190-09-01" tag="BEDZ" text="was">
        <cmp x="441" y="2558" width="45" height="35" />
        <cmp x="482" y="2561" width="31" height="32" />
        <cmp x="517" y="2563" width="22" height="32" />
      </word>
      <word id="m04-190-09-02" tag="AT" text="a">
        <cmp x="598" y="2564" width="37" height="34" />
      </word>
      <word id="m04-190-09-03" tag="NN" text="pity">
        <cmp x="692" y="2563" width="19" height="51" />
        <cmp x="712" y="2553" width="18" height="34" />
        <cmp x="744" y="2562" width="11" height="22" />
        <cmp x="756" y="2541" width="8" height="6" />
        <cmp x="764" y="2534" width="29" height="53" />
        <cmp x="791" y="2561" width="30" height="51" />
      </word>
      <word id="m04-190-09-04" tag="IN" text="at">
        <cmp x="866" y="2557" width="42" height="37" />
        <cmp x="918" y="2529" width="32" height="59" />
      </word>
      <word id="m04-190-09-05" tag="ABN" text="all">
        <cmp x="992" y="2555" width="43" height="35" />
        <cmp x="1041" y="2529" width="34" height="61" />
        <cmp x="1074" y="2527" width="30" height="60" />
      </word>
      <word id="m04-190-09-06" tag=";" text=";">
        <cmp x="1101" y="2581" width="13" height="28" />
        <cmp x="1115" y="2560" width="7" height="5" />
      </word>
      <word id="m04-190-09-07" tag="CS" text="as">
        <cmp x="1196" y="2549" width="35" height="34" />
        <cmp x="1244" y="2552" width="21" height="38" />
      </word>
      <word id="m04-190-09-08" tag="," text=",">
        <cmp x="1267" y="2582" width="17" height="36" />
      </word>
      <word id="m04-190-09-09" tag="RB" text="indeed">
        <cmp x="1362" y="2554" width="11" height="35" />
        <cmp x="1374" y="2531" width="8" height="5" />
        <cmp x="1385" y="2556" width="30" height="30" />
        <cmp x="1428" y="2533" width="55" height="56" />
        <cmp x="1483" y="2552" width="27" height="32" />
        <cmp x="1516" y="2551" width="26" height="34" />
        <cmp x="1545" y="2542" width="47" height="51" />
      </word>
      <word id="m04-190-09-10" tag="," text=",">
        <cmp x="1605" y="2570" width="13" height="27" />
      </word>
      <word id="m04-190-09-11" tag="PP3AS" text="they">
        <cmp x="1646" y="2534" width="32" height="51" />
        <cmp x="1679" y="2537" width="15" height="44" />
        <cmp x="1690" y="2552" width="26" height="31" />
        <cmp x="1719" y="2554" width="28" height="25" />
        <cmp x="1753" y="2549" width="39" height="53" />
      </word>
      <word id="m04-190-09-12" tag="DODX" text="didn&apos;t">
        <cmp x="1850" y="2523" width="62" height="60" />
        <cmp x="1906" y="2559" width="12" height="20" />
        <cmp x="1927" y="2536" width="6" height="6" />
        <cmp x="1940" y="2527" width="53" height="59" />
        <cmp x="1977" y="2550" width="35" height="33" />
        <cmp x="2032" y="2530" width="14" height="21" />
        <cmp x="2044" y="2536" width="34" height="48" />
      </word>
      <word id="m04-190-09-13" tag="." text=".">
        <cmp x="2077" y="2576" width="8" height="8" />
      </word>
      <upper-contour>
        <point x="341" y="2434" />
        <point x="2086" y="2434" />
      </upper-contour>
    </line>
  </handwritten-part>
</form>

