<?xml version="1.0" encoding="ISO-8859-1"?>

<!DOCTYPE form SYSTEM 'http://www.iam.unibe.ch/~fki/iamdb/form-metadata.dtd'>

<form created="2002-01-25" height="3542" id="m04-012" last-modified="2002-07-17" skew="30" status="final" version="3.0_beta" width="2479" writer-id="544">
  <machine-printed-part>
    <machine-print-line text="Yes, the bus set out from Dinas. So much is established. Ifor Huw Evans, Propr.," />
    <machine-print-line text="watched it go from the windows of the Dinas Motor Omnibus Co. Very interested, Ifor" />
    <machine-print-line text="was. For there was his garage hand, Dai Pugh, taking a tearful farewell of Morfydd" />
    <machine-print-line text="Owen. Morfydd, who had until recently been Ifor&apos;s typist, but was now returning to" />
    <machine-print-line text="her home town as a fully-fledged schoolteacher." />
  </machine-printed-part>
  <handwritten-part>
    <line ass="242" asx="0" asy="894" character-width="999" dss="242" dsx="0" dsy="1001" fd0="14283" fd1="3557" fd2="698" filter-width="3" id="m04-012-00" lbs="337" lbx="0" lby="978" segmentation="ok" slant="72000" stroke-width="5615" threshold="171" text="Yes, the bus set out from Dinas. So much" ubs="53" ubx="0" uby="945">
      <word id="m04-012-00-00" sentence-start="yes" tag="UH" text="Yes">
        <cmp x="411" y="906" width="63" height="57" />
        <cmp x="469" y="941" width="19" height="32" />
        <cmp x="502" y="940" width="27" height="38" />
      </word>
      <word id="m04-012-00-01" tag="," text=",">
        <cmp x="539" y="976" width="17" height="22" />
      </word>
      <word id="m04-012-00-02" tag="ATI" text="the">
        <cmp x="656" y="903" width="41" height="71" />
        <cmp x="694" y="908" width="54" height="70" />
      </word>
      <word id="m04-012-00-03" tag="NN" text="bus">
        <cmp x="829" y="895" width="30" height="81" />
        <cmp x="865" y="953" width="24" height="25" />
        <cmp x="897" y="944" width="25" height="32" />
      </word>
      <word id="m04-012-00-04" tag="VBD" text="set">
        <cmp x="990" y="940" width="39" height="39" />
        <cmp x="1029" y="956" width="13" height="19" />
        <cmp x="1062" y="904" width="34" height="76" />
      </word>
      <word id="m04-012-00-05" tag="RP" text="out">
        <cmp x="1154" y="948" width="29" height="35" />
        <cmp x="1199" y="951" width="20" height="23" />
        <cmp x="1239" y="897" width="30" height="73" />
      </word>
      <word id="m04-012-00-06" tag="IN" text="from">
        <cmp x="1311" y="902" width="38" height="93" />
        <cmp x="1351" y="942" width="31" height="30" />
        <cmp x="1398" y="936" width="22" height="27" />
        <cmp x="1432" y="944" width="62" height="24" />
      </word>
      <word id="m04-012-00-07" tag="NP" text="Dinas">
        <cmp x="1562" y="888" width="60" height="81" />
        <cmp x="1624" y="925" width="25" height="43" />
        <cmp x="1650" y="941" width="46" height="26" />
        <cmp x="1696" y="943" width="40" height="27" />
        <cmp x="1748" y="937" width="32" height="33" />
      </word>
      <word id="m04-012-00-08" tag="." text=".">
        <cmp x="1792" y="959" width="8" height="13" />
      </word>
      <word id="m04-012-00-09" sentence-start="yes" tag="QL" text="So">
        <cmp x="1893" y="888" width="51" height="72" />
        <cmp x="1932" y="930" width="27" height="42" />
      </word>
      <word id="m04-012-00-10" tag="AP" text="much">
        <cmp x="2008" y="939" width="71" height="31" />
        <cmp x="2090" y="949" width="24" height="20" />
        <cmp x="2138" y="944" width="28" height="30" />
        <cmp x="2169" y="950" width="3" height="3" />
        <cmp x="2178" y="900" width="42" height="67" />
      </word>
      <lower-contour>
        <point x="409" y="999" />
        <point x="2221" y="999" />
      </lower-contour>
    </line>
    <line ass="-101" asx="0" asy="1065" character-width="999" dss="-101" dsx="0" dsy="1184" fd0="14049" fd1="3004" fd2="-221" filter-width="3" id="m04-012-01" lbs="-6" lbx="0" lby="1151" segmentation="ok" slant="73000" stroke-width="5572" threshold="171" text="is established. Ifor Huw Evans, Propr.," ubs="-290" ubx="0" uby="1118">
      <word id="m04-012-01-00" tag="BEZ" text="is">
        <cmp x="403" y="1109" width="5" height="34" />
        <cmp x="412" y="1090" width="8" height="8" />
        <cmp x="421" y="1116" width="25" height="43" />
        <cmp x="442" y="1118" width="4" height="6" />
      </word>
      <word id="m04-012-01-01" tag="VBN" text="established">
        <cmp x="533" y="1128" width="27" height="27" />
        <cmp x="568" y="1124" width="26" height="37" />
        <cmp x="617" y="1068" width="43" height="91" />
        <cmp x="660" y="1128" width="40" height="26" />
        <cmp x="718" y="1078" width="39" height="74" />
        <cmp x="784" y="1085" width="28" height="65" />
        <cmp x="815" y="1132" width="11" height="23" />
        <cmp x="827" y="1117" width="5" height="5" />
        <cmp x="848" y="1150" width="5" height="4" />
        <cmp x="849" y="1122" width="19" height="34" />
        <cmp x="885" y="1079" width="34" height="71" />
        <cmp x="921" y="1130" width="14" height="24" />
        <cmp x="943" y="1087" width="45" height="68" />
      </word>
      <word id="m04-012-01-02" tag="." text=".">
        <cmp x="1001" y="1150" width="7" height="15" />
      </word>
      <word id="m04-012-01-03" sentence-start="yes" tag="NP" text="Ifor">
        <cmp x="1168" y="1082" width="19" height="62" />
        <cmp x="1188" y="1073" width="49" height="114" />
        <cmp x="1225" y="1122" width="21" height="34" />
        <cmp x="1255" y="1135" width="4" height="4" />
        <cmp x="1258" y="1131" width="19" height="22" />
      </word>
      <word id="m04-012-01-04" tag="NP" text="Huw">
        <cmp x="1410" y="1080" width="35" height="58" />
        <cmp x="1429" y="1073" width="6" height="6" />
        <cmp x="1435" y="1079" width="38" height="77" />
        <cmp x="1470" y="1116" width="30" height="36" />
        <cmp x="1509" y="1123" width="63" height="32" />
      </word>
      <word id="m04-012-01-05" tag="NP" text="Evans">
        <cmp x="1643" y="1068" width="57" height="83" />
        <cmp x="1706" y="1127" width="27" height="29" />
        <cmp x="1752" y="1128" width="38" height="32" />
        <cmp x="1801" y="1127" width="37" height="28" />
        <cmp x="1845" y="1109" width="29" height="46" />
      </word>
      <word id="m04-012-01-06" tag="," text=",">
        <cmp x="1873" y="1152" width="18" height="29" />
      </word>
      <word id="m04-012-01-07" tag="NN" text="Propr.">
        <cmp x="1961" y="1072" width="55" height="79" />
        <cmp x="2023" y="1108" width="23" height="43" />
        <cmp x="2061" y="1117" width="30" height="33" />
        <cmp x="2091" y="1104" width="48" height="77" />
        <cmp x="2143" y="1112" width="32" height="31" />
        <cmp x="2174" y="1143" width="6" height="10" />
      </word>
      <word id="m04-012-01-08" tag="," text=",">
        <cmp x="2196" y="1142" width="28" height="46" />
      </word>
      <upper-contour>
        <point x="409" y="999" />
        <point x="2221" y="999" />
      </upper-contour>
      <lower-contour>
        <point x="401" y="1188" />
        <point x="2225" y="1188" />
      </lower-contour>
    </line>
    <line ass="-85" asx="0" asy="1234" character-width="999" dss="-85" dsx="0" dsy="1378" fd0="14087" fd1="3293" fd2="449" filter-width="3" id="m04-012-02" lbs="-146" lbx="0" lby="1327" segmentation="ok" slant="66999" stroke-width="5571" threshold="171" text="watched it go from the windows of the" ubs="36" ubx="0" uby="1302">
      <word id="m04-012-02-00" tag="VBD" text="watched">
        <cmp x="397" y="1276" width="55" height="51" />
        <cmp x="463" y="1305" width="37" height="30" />
        <cmp x="519" y="1246" width="40" height="94" />
        <cmp x="564" y="1299" width="38" height="33" />
        <cmp x="600" y="1249" width="41" height="80" />
        <cmp x="662" y="1303" width="8" height="19" />
        <cmp x="698" y="1262" width="38" height="71" />
        <cmp x="737" y="1258" width="7" height="5" />
      </word>
      <word id="m04-012-02-01" tag="PP3" text="it">
        <cmp x="788" y="1302" width="18" height="33" />
        <cmp x="795" y="1285" width="10" height="11" />
        <cmp x="823" y="1256" width="33" height="81" />
      </word>
      <word id="m04-012-02-02" tag="VB" text="go">
        <cmp x="929" y="1302" width="32" height="78" />
        <cmp x="978" y="1302" width="22" height="39" />
      </word>
      <word id="m04-012-02-03" tag="IN" text="from">
        <cmp x="1061" y="1251" width="48" height="116" />
        <cmp x="1063" y="1310" width="3" height="18" />
        <cmp x="1111" y="1306" width="25" height="27" />
        <cmp x="1158" y="1301" width="24" height="31" />
        <cmp x="1193" y="1306" width="63" height="33" />
      </word>
      <word id="m04-012-02-04" tag="ATI" text="the">
        <cmp x="1368" y="1260" width="53" height="82" />
        <cmp x="1420" y="1262" width="31" height="64" />
        <cmp x="1454" y="1303" width="8" height="31" />
      </word>
      <word id="m04-012-02-05" tag="NNS" text="windows">
        <cmp x="1573" y="1290" width="51" height="44" />
        <cmp x="1644" y="1310" width="12" height="19" />
        <cmp x="1669" y="1275" width="7" height="13" />
        <cmp x="1671" y="1305" width="34" height="26" />
        <cmp x="1728" y="1254" width="62" height="80" />
        <cmp x="1775" y="1303" width="35" height="33" />
        <cmp x="1823" y="1307" width="38" height="30" />
        <cmp x="1871" y="1301" width="31" height="32" />
      </word>
      <word id="m04-012-02-06" tag="INO" text="of">
        <cmp x="1977" y="1281" width="35" height="36" />
        <cmp x="2007" y="1238" width="66" height="123" />
      </word>
      <word id="m04-012-02-07" tag="ATI" text="the">
        <cmp x="2112" y="1248" width="92" height="81" />
        <cmp x="2207" y="1297" width="17" height="35" />
      </word>
      <upper-contour>
        <point x="401" y="1188" />
        <point x="2225" y="1188" />
      </upper-contour>
      <lower-contour>
        <point x="395" y="1380" />
        <point x="2225" y="1380" />
      </lower-contour>
    </line>
    <line ass="-159" asx="0" asy="1422" character-width="999" dss="-159" dsx="0" dsy="1542" fd0="14904" fd1="2884" fd2="-559" filter-width="3" id="m04-012-03" lbs="-219" lbx="0" lby="1504" segmentation="ok" slant="89000" stroke-width="5501" threshold="173" text="Dinas Motor Omnibus Co. Very interested," ubs="-38" ubx="0" uby="1484">
      <word id="m04-012-03-00" tag="NP" text="Dinas">
        <cmp x="363" y="1429" width="56" height="93" />
        <cmp x="370" y="1475" width="5" height="5" />
        <cmp x="434" y="1507" width="16" height="25" />
        <cmp x="439" y="1477" width="19" height="15" />
        <cmp x="465" y="1496" width="37" height="21" />
        <cmp x="515" y="1490" width="36" height="34" />
        <cmp x="559" y="1489" width="32" height="35" />
      </word>
      <word id="m04-012-03-01" tag="NN" text="Motor">
        <cmp x="685" y="1427" width="117" height="79" />
        <cmp x="791" y="1481" width="24" height="27" />
        <cmp x="832" y="1427" width="48" height="76" />
        <cmp x="866" y="1485" width="28" height="30" />
        <cmp x="905" y="1492" width="22" height="21" />
      </word>
      <word id="m04-012-03-02" tag="NN" text="Omnibus">
        <cmp x="1040" y="1427" width="60" height="77" />
        <cmp x="1062" y="1427" width="25" height="25" />
        <cmp x="1089" y="1483" width="67" height="34" />
        <cmp x="1167" y="1489" width="37" height="27" />
        <cmp x="1222" y="1489" width="14" height="25" />
        <cmp x="1239" y="1472" width="3" height="4" />
        <cmp x="1241" y="1460" width="9" height="12" />
        <cmp x="1258" y="1433" width="38" height="83" />
        <cmp x="1306" y="1495" width="16" height="22" />
        <cmp x="1333" y="1485" width="26" height="32" />
      </word>
      <word id="m04-012-03-03" tag="NNP" text="Co.">
        <cmp x="1447" y="1427" width="54" height="83" />
        <cmp x="1479" y="1475" width="40" height="37" />
        <cmp x="1507" y="1427" width="3" height="3" />
        <cmp x="1522" y="1500" width="9" height="15" />
      </word>
      <word id="m04-012-03-04" sentence-start="yes" tag="QL" text="Very">
        <cmp x="1678" y="1430" width="68" height="86" />
        <cmp x="1716" y="1484" width="17" height="32" />
        <cmp x="1742" y="1488" width="19" height="22" />
        <cmp x="1772" y="1495" width="35" height="38" />
      </word>
      <word id="m04-012-03-05" tag="JJ" text="interested">
        <cmp x="1893" y="1481" width="11" height="25" />
        <cmp x="1908" y="1454" width="8" height="14" />
        <cmp x="1920" y="1489" width="32" height="21" />
        <cmp x="1978" y="1430" width="42" height="93" />
        <cmp x="2010" y="1476" width="24" height="38" />
        <cmp x="2039" y="1483" width="43" height="29" />
        <cmp x="2079" y="1480" width="31" height="31" />
        <cmp x="2117" y="1438" width="56" height="79" />
        <cmp x="2166" y="1433" width="5" height="3" />
        <cmp x="2183" y="1435" width="63" height="79" />
      </word>
      <word id="m04-012-03-06" tag="," text=",">
        <cmp x="2216" y="1499" width="35" height="50" />
      </word>
      <upper-contour>
        <point x="395" y="1380" />
        <point x="2225" y="1380" />
      </upper-contour>
      <lower-contour>
        <point x="369" y="1533" />
        <point x="2174" y="1533" />
      </lower-contour>
    </line>
    <line ass="187" asx="0" asy="1599" character-width="999" dss="187" dsx="0" dsy="1736" fd0="14039" fd1="2940" fd2="67" filter-width="3" id="m04-012-04" lbs="163" lbx="0" lby="1694" segmentation="ok" slant="73000" stroke-width="5672" threshold="170" text="Ifor was. For there was his garage hand," ubs="236" ubx="0" uby="1667">
      <word id="m04-012-04-00" tag="NP" text="Ifor">
        <cmp x="371" y="1620" width="12" height="82" />
        <cmp x="393" y="1621" width="40" height="114" />
        <cmp x="439" y="1659" width="30" height="40" />
        <cmp x="440" y="1618" width="8" height="4" />
        <cmp x="473" y="1666" width="30" height="23" />
      </word>
      <word id="m04-012-04-01" tag="BEDZ" text="was">
        <cmp x="564" y="1665" width="61" height="31" />
        <cmp x="566" y="1656" width="5" height="7" />
        <cmp x="631" y="1668" width="38" height="30" />
        <cmp x="681" y="1657" width="31" height="41" />
      </word>
      <word id="m04-012-04-02" tag="." text=".">
        <cmp x="719" y="1687" width="6" height="7" />
      </word>
      <word id="m04-012-04-03" sentence-start="yes" tag="CS" text="For">
        <cmp x="849" y="1613" width="48" height="79" />
        <cmp x="864" y="1653" width="26" height="9" />
        <cmp x="884" y="1656" width="30" height="39" />
        <cmp x="930" y="1664" width="25" height="21" />
      </word>
      <word id="m04-012-04-04" tag="EX" text="there">
        <cmp x="1035" y="1620" width="44" height="72" />
        <cmp x="1074" y="1623" width="35" height="65" />
        <cmp x="1113" y="1672" width="8" height="22" />
        <cmp x="1142" y="1663" width="37" height="33" />
        <cmp x="1182" y="1659" width="22" height="33" />
      </word>
      <word id="m04-012-04-05" tag="BEDZ" text="was">
        <cmp x="1264" y="1655" width="64" height="31" />
        <cmp x="1266" y="1648" width="3" height="6" />
        <cmp x="1321" y="1656" width="40" height="31" />
        <cmp x="1327" y="1660" width="8" height="5" />
        <cmp x="1371" y="1652" width="33" height="40" />
      </word>
      <word id="m04-012-04-06" tag="PP$" text="his">
        <cmp x="1516" y="1599" width="46" height="93" />
        <cmp x="1575" y="1667" width="12" height="25" />
        <cmp x="1599" y="1636" width="5" height="11" />
        <cmp x="1603" y="1662" width="24" height="31" />
      </word>
      <word id="m04-012-04-07" tag="NN" text="garage">
        <cmp x="1703" y="1651" width="56" height="74" />
        <cmp x="1761" y="1664" width="41" height="27" />
        <cmp x="1803" y="1667" width="7" height="6" />
        <cmp x="1811" y="1663" width="72" height="60" />
        <cmp x="1884" y="1653" width="29" height="40" />
      </word>
      <word id="m04-012-04-08" tag="NN" text="hand">
        <cmp x="1965" y="1610" width="47" height="75" />
        <cmp x="2020" y="1660" width="45" height="28" />
        <cmp x="2067" y="1668" width="4" height="3" />
        <cmp x="2070" y="1667" width="31" height="18" />
        <cmp x="2107" y="1611" width="65" height="76" />
      </word>
      <word id="m04-012-04-09" tag="," text=",">
        <cmp x="2140" y="1684" width="25" height="35" />
      </word>
      <upper-contour>
        <point x="369" y="1533" />
        <point x="2174" y="1533" />
      </upper-contour>
      <lower-contour>
        <point x="387" y="1735" />
        <point x="2174" y="1735" />
      </lower-contour>
    </line>
    <line ass="692" asx="0" asy="1794" character-width="999" dss="692" dsx="0" dsy="1937" fd0="14412" fd1="3173" fd2="296" filter-width="3" id="m04-012-05" lbs="1027" lbx="0" lby="1897" segmentation="ok" slant="66999" stroke-width="5659" threshold="173" text="Dai Pugh, taking a tearful farewell of" ubs="23" ubx="0" uby="1839">
      <word id="m04-012-05-00" tag="NP" text="Dai">
        <cmp x="389" y="1789" width="51" height="95" />
        <cmp x="456" y="1846" width="37" height="35" />
        <cmp x="508" y="1856" width="11" height="15" />
        <cmp x="527" y="1820" width="6" height="6" />
      </word>
      <word id="m04-012-05-01" tag="NP" text="Pugh">
        <cmp x="617" y="1798" width="49" height="90" />
        <cmp x="667" y="1846" width="29" height="35" />
        <cmp x="701" y="1913" width="4" height="6" />
        <cmp x="703" y="1846" width="31" height="78" />
        <cmp x="753" y="1806" width="47" height="61" />
      </word>
      <word id="m04-012-05-02" tag="," text=",">
        <cmp x="856" y="1861" width="12" height="26" />
      </word>
      <word id="m04-012-05-03" tag="VBG" text="taking">
        <cmp x="946" y="1792" width="45" height="85" />
        <cmp x="991" y="1839" width="35" height="34" />
        <cmp x="1044" y="1800" width="34" height="66" />
        <cmp x="1060" y="1855" width="18" height="19" />
        <cmp x="1082" y="1844" width="14" height="20" />
        <cmp x="1112" y="1815" width="7" height="11" />
        <cmp x="1112" y="1845" width="37" height="26" />
        <cmp x="1151" y="1848" width="36" height="76" />
      </word>
      <word id="m04-012-05-04" tag="AT" text="a">
        <cmp x="1293" y="1842" width="36" height="36" />
      </word>
      <word id="m04-012-05-05" tag="JJ" text="tearful">
        <cmp x="1398" y="1795" width="36" height="77" />
        <cmp x="1435" y="1835" width="17" height="41" />
        <cmp x="1462" y="1843" width="35" height="25" />
        <cmp x="1501" y="1848" width="16" height="17" />
        <cmp x="1551" y="1790" width="52" height="96" />
        <cmp x="1590" y="1840" width="21" height="20" />
        <cmp x="1604" y="1788" width="5" height="4" />
        <cmp x="1623" y="1778" width="46" height="78" />
      </word>
      <word id="m04-012-05-06" tag="NN" text="farewell">
        <cmp x="1740" y="1777" width="52" height="116" />
        <cmp x="1779" y="1830" width="36" height="35" />
        <cmp x="1828" y="1843" width="21" height="22" />
        <cmp x="1856" y="1848" width="15" height="20" />
        <cmp x="1892" y="1838" width="82" height="30" />
        <cmp x="1981" y="1805" width="38" height="56" />
        <cmp x="2007" y="1827" width="4" height="3" />
        <cmp x="2012" y="1798" width="41" height="66" />
        <cmp x="2013" y="1820" width="7" height="8" />
      </word>
      <word id="m04-012-05-07" tag="INO" text="of">
        <cmp x="2090" y="1834" width="37" height="36" />
        <cmp x="2120" y="1791" width="61" height="110" />
      </word>
      <upper-contour>
        <point x="387" y="1735" />
        <point x="2174" y="1735" />
      </upper-contour>
      <lower-contour>
        <point x="387" y="1924" />
        <point x="2182" y="1924" />
      </lower-contour>
    </line>
    <line ass="494" asx="0" asy="1962" character-width="999" dss="494" dsx="0" dsy="2107" fd0="15153" fd1="2918" fd2="-291" filter-width="3" id="m04-012-06" lbs="530" lbx="0" lby="2059" segmentation="ok" slant="64000" stroke-width="5472" threshold="172" text="Morfydd Owen. Morfydd, who had until" ubs="421" ubx="0" uby="2027">
      <word id="m04-012-06-00" tag="NP" text="Morfydd">
        <cmp x="378" y="1965" width="93" height="89" />
        <cmp x="468" y="2013" width="25" height="48" />
        <cmp x="509" y="2034" width="23" height="18" />
        <cmp x="545" y="1972" width="60" height="120" />
        <cmp x="577" y="2030" width="46" height="73" />
        <cmp x="657" y="2026" width="17" height="26" />
        <cmp x="662" y="1985" width="48" height="59" />
        <cmp x="700" y="2018" width="21" height="40" />
        <cmp x="717" y="1979" width="42" height="68" />
        <cmp x="759" y="1976" width="5" height="3" />
      </word>
      <word id="m04-012-06-01" tag="NP" text="Owen">
        <cmp x="828" y="1972" width="60" height="80" />
        <cmp x="880" y="2021" width="49" height="34" />
        <cmp x="939" y="2028" width="11" height="25" />
        <cmp x="970" y="2037" width="32" height="15" />
      </word>
      <word id="m04-012-06-02" tag="." text=".">
        <cmp x="1042" y="2045" width="8" height="11" />
      </word>
      <word id="m04-012-06-03" sentence-start="yes" tag="NP" text="Morfydd">
        <cmp x="1114" y="1966" width="113" height="83" />
        <cmp x="1207" y="2014" width="32" height="42" />
        <cmp x="1254" y="2026" width="20" height="21" />
        <cmp x="1280" y="1964" width="74" height="121" />
        <cmp x="1313" y="2034" width="42" height="48" />
        <cmp x="1325" y="2042" width="9" height="12" />
        <cmp x="1371" y="2031" width="15" height="23" />
        <cmp x="1378" y="2026" width="20" height="8" />
        <cmp x="1398" y="1972" width="35" height="66" />
        <cmp x="1422" y="1964" width="65" height="85" />
      </word>
      <word id="m04-012-06-04" tag="," text=",">
        <cmp x="1501" y="2049" width="24" height="36" />
      </word>
      <word id="m04-012-06-05" tag="WP" text="who">
        <cmp x="1558" y="2011" width="47" height="41" />
        <cmp x="1625" y="1993" width="30" height="55" />
        <cmp x="1669" y="2026" width="23" height="22" />
      </word>
      <word id="m04-012-06-06" tag="HVD" text="had">
        <cmp x="1775" y="1978" width="60" height="69" />
        <cmp x="1835" y="2016" width="28" height="30" />
        <cmp x="1880" y="2012" width="27" height="28" />
        <cmp x="1890" y="2004" width="16" height="8" />
        <cmp x="1900" y="1946" width="52" height="86" />
      </word>
      <word id="m04-012-06-07" tag="CS" text="until">
        <cmp x="2022" y="2021" width="23" height="18" />
        <cmp x="2029" y="2016" width="6" height="4" />
        <cmp x="2050" y="2021" width="35" height="30" />
        <cmp x="2097" y="1967" width="46" height="87" />
        <cmp x="2132" y="2028" width="13" height="19" />
        <cmp x="2145" y="1958" width="66" height="100" />
      </word>
      <upper-contour>
        <point x="387" y="1924" />
        <point x="2182" y="1924" />
      </upper-contour>
      <lower-contour>
        <point x="394" y="2103" />
        <point x="2133" y="2103" />
      </lower-contour>
    </line>
    <line ass="378" asx="0" asy="2142" character-width="999" dss="378" dsx="0" dsy="2282" fd0="14552" fd1="3482" fd2="257" filter-width="3" id="m04-012-07" lbs="345" lbx="0" lby="2234" segmentation="ok" slant="66000" stroke-width="5505" threshold="173" text="recently been Ifor&apos;s typist, but was now" ubs="444" ubx="0" uby="2204">
      <word id="m04-012-07-00" tag="RB" text="recently">
        <cmp x="396" y="2193" width="20" height="26" />
        <cmp x="426" y="2198" width="14" height="30" />
        <cmp x="453" y="2196" width="33" height="34" />
        <cmp x="495" y="2195" width="19" height="26" />
        <cmp x="529" y="2204" width="31" height="21" />
        <cmp x="578" y="2139" width="38" height="88" />
        <cmp x="619" y="2149" width="41" height="76" />
        <cmp x="629" y="2197" width="48" height="68" />
      </word>
      <word id="m04-012-07-01" tag="BEN" text="been">
        <cmp x="764" y="2162" width="28" height="70" />
        <cmp x="794" y="2203" width="13" height="23" />
        <cmp x="806" y="2211" width="24" height="21" />
        <cmp x="839" y="2204" width="35" height="29" />
      </word>
      <word id="m04-012-07-02" tag="NP$" text="Ifor&apos;s">
        <cmp x="966" y="2155" width="26" height="81" />
        <cmp x="984" y="2152" width="53" height="118" />
        <cmp x="1026" y="2197" width="32" height="38" />
        <cmp x="1068" y="2211" width="21" height="21" />
        <cmp x="1146" y="2138" width="10" height="46" />
        <cmp x="1156" y="2188" width="39" height="47" />
      </word>
      <word id="m04-012-07-03" tag="NN" text="typist">
        <cmp x="1291" y="2192" width="3" height="17" />
        <cmp x="1292" y="2147" width="27" height="76" />
        <cmp x="1303" y="2208" width="46" height="66" />
        <cmp x="1326" y="2201" width="10" height="20" />
        <cmp x="1336" y="2190" width="57" height="85" />
        <cmp x="1394" y="2198" width="20" height="31" />
        <cmp x="1419" y="2188" width="36" height="41" />
        <cmp x="1436" y="2164" width="4" height="15" />
        <cmp x="1447" y="2135" width="53" height="100" />
        <cmp x="1457" y="2202" width="4" height="8" />
      </word>
      <word id="m04-012-07-04" tag="," text=",">
        <cmp x="1502" y="2228" width="19" height="36" />
      </word>
      <word id="m04-012-07-05" tag="CC" text="but">
        <cmp x="1589" y="2161" width="30" height="62" />
        <cmp x="1626" y="2138" width="69" height="92" />
      </word>
      <word id="m04-012-07-06" tag="BEDZ" text="was">
        <cmp x="1753" y="2182" width="52" height="45" />
        <cmp x="1808" y="2191" width="31" height="39" />
        <cmp x="1824" y="2192" width="3" height="3" />
        <cmp x="1860" y="2192" width="21" height="37" />
      </word>
      <word id="m04-012-07-07" tag="RN" text="now">
        <cmp x="1958" y="2188" width="44" height="30" />
        <cmp x="2003" y="2186" width="40" height="42" />
        <cmp x="2052" y="2182" width="80" height="44" />
      </word>
      <upper-contour>
        <point x="394" y="2103" />
        <point x="2133" y="2103" />
      </upper-contour>
      <lower-contour>
        <point x="394" y="2275" />
        <point x="2029" y="2275" />
      </lower-contour>
    </line>
    <line ass="77" asx="0" asy="2318" character-width="999" dss="77" dsx="0" dsy="2457" fd0="14367" fd1="3224" fd2="289" filter-width="3" id="m04-012-08" lbs="35" lbx="0" lby="2408" segmentation="ok" slant="73000" stroke-width="5483" threshold="171" text="returning to her home town as a" ubs="162" ubx="0" uby="2378">
      <word id="m04-012-08-00" tag="VBG" text="returning">
        <cmp x="378" y="2365" width="30" height="39" />
        <cmp x="415" y="2381" width="9" height="22" />
        <cmp x="418" y="2403" width="3" height="3" />
        <cmp x="452" y="2319" width="47" height="81" />
        <cmp x="485" y="2384" width="23" height="24" />
        <cmp x="539" y="2375" width="27" height="32" />
        <cmp x="584" y="2375" width="48" height="33" />
        <cmp x="644" y="2377" width="17" height="32" />
        <cmp x="670" y="2380" width="34" height="34" />
        <cmp x="676" y="2341" width="4" height="11" />
        <cmp x="706" y="2378" width="38" height="79" />
      </word>
      <word id="m04-012-08-01" tag="IN" text="to">
        <cmp x="855" y="2321" width="55" height="97" />
      </word>
      <word id="m04-012-08-02" tag="PP$" text="her">
        <cmp x="1009" y="2335" width="40" height="76" />
        <cmp x="1069" y="2380" width="10" height="27" />
        <cmp x="1088" y="2395" width="22" height="9" />
      </word>
      <word id="m04-012-08-03" tag="NR" text="home">
        <cmp x="1203" y="2339" width="59" height="76" />
        <cmp x="1271" y="2375" width="27" height="39" />
        <cmp x="1323" y="2373" width="89" height="36" />
        <cmp x="1422" y="2364" width="19" height="37" />
      </word>
      <word id="m04-012-08-04" tag="NN" text="town">
        <cmp x="1534" y="2332" width="73" height="79" />
        <cmp x="1624" y="2370" width="50" height="39" />
        <cmp x="1695" y="2376" width="41" height="37" />
      </word>
      <word id="m04-012-08-05" tag="IN" text="as">
        <cmp x="1812" y="2377" width="19" height="31" />
        <cmp x="1830" y="2381" width="7" height="7" />
        <cmp x="1830" y="2374" width="28" height="32" />
        <cmp x="1864" y="2369" width="39" height="39" />
      </word>
      <word id="m04-012-08-06" tag="AT" text="a">
        <cmp x="1982" y="2365" width="46" height="36" />
      </word>
      <upper-contour>
        <point x="394" y="2275" />
        <point x="2029" y="2275" />
      </upper-contour>
      <lower-contour>
        <point x="408" y="2457" />
        <point x="1748" y="2457" />
      </lower-contour>
    </line>
    <line ass="402" asx="0" asy="2489" character-width="999" dss="402" dsx="0" dsy="2645" fd0="14485" fd1="3449" fd2="127" filter-width="3" id="m04-012-09" lbs="370" lbx="0" lby="2596" segmentation="ok" slant="66000" stroke-width="5510" threshold="173" text="fully-fledged schoolteacher." ubs="467" ubx="0" uby="2571">
      <word id="m04-012-09-00" tag="JJ" text="fully-fledged">
        <cmp x="410" y="2488" width="40" height="125" />
        <cmp x="420" y="2561" width="24" height="5" />
        <cmp x="447" y="2574" width="25" height="18" />
        <cmp x="488" y="2511" width="36" height="83" />
        <cmp x="514" y="2494" width="44" height="98" />
        <cmp x="544" y="2553" width="39" height="76" />
        <cmp x="665" y="2554" width="34" height="9" />
        <cmp x="723" y="2498" width="51" height="116" />
        <cmp x="772" y="2500" width="46" height="93" />
        <cmp x="808" y="2548" width="14" height="26" />
        <cmp x="855" y="2492" width="46" height="87" />
        <cmp x="896" y="2555" width="39" height="84" />
        <cmp x="962" y="2560" width="13" height="33" />
        <cmp x="992" y="2496" width="61" height="98" />
      </word>
      <word id="m04-012-09-01" tag="NN" text="schoolteacher">
        <cmp x="1178" y="2533" width="41" height="48" />
        <cmp x="1234" y="2553" width="28" height="35" />
        <cmp x="1260" y="2495" width="63" height="97" />
        <cmp x="1283" y="2554" width="34" height="40" />
        <cmp x="1325" y="2551" width="40" height="39" />
        <cmp x="1368" y="2556" width="36" height="37" />
        <cmp x="1405" y="2489" width="62" height="99" />
        <cmp x="1460" y="2497" width="67" height="98" />
        <cmp x="1491" y="2560" width="22" height="32" />
        <cmp x="1530" y="2561" width="30" height="29" />
        <cmp x="1579" y="2560" width="33" height="26" />
        <cmp x="1609" y="2510" width="54" height="78" />
        <cmp x="1632" y="2560" width="33" height="28" />
        <cmp x="1670" y="2559" width="11" height="19" />
        <cmp x="1687" y="2560" width="34" height="22" />
      </word>
      <word id="m04-012-09-02" tag="." text=".">
        <cmp x="1735" y="2584" width="12" height="14" />
      </word>
      <upper-contour>
        <point x="408" y="2457" />
        <point x="1748" y="2457" />
      </upper-contour>
    </line>
  </handwritten-part>
</form>

