<?xml version="1.0" encoding="ISO-8859-1"?>

<!DOCTYPE form SYSTEM 'http://www.iam.unibe.ch/~fki/iamdb/form-metadata.dtd'>

<form created="2002-01-25" height="3542" id="m04-000" last-modified="2002-07-17" skew="30" status="final" version="3.0_beta" width="2479" writer-id="544">
  <machine-printed-part>
    <machine-print-line text="NO ONE has ever satisfactorily explained how a single-decker Welsh bus could have" />
    <machine-print-line text="got itself into orbit. Shooting up over the pass a bit too carefree, and becoming" />
    <machine-print-line text="airborne? Caught by a sudden gust of wind? A combination of the two? No one" />
    <machine-print-line text="seems to know. But the fact remains that get itself into orbit it did." />
  </machine-printed-part>
  <handwritten-part>
    <line ass="-614" asx="0" asy="708" character-width="999" dss="-614" dsx="0" dsy="824" fd0="14981" fd1="3339" fd2="-658" filter-width="3" id="m04-000-00" lbs="-556" lbx="0" lby="777" segmentation="ok" slant="66999" stroke-width="5656" threshold="177" text="NO ONE has ever satisfactorily explained how a" ubs="-731" ubx="0" uby="752">
      <word id="m04-000-00-00" sentence-start="yes" tag="PN21" text="NO">
        <cmp x="354" y="755" width="24" height="29" />
        <cmp x="381" y="723" width="25" height="31" />
        <cmp x="382" y="725" width="66" height="66" />
        <cmp x="424" y="733" width="51" height="56" />
      </word>
      <word id="m04-000-00-01" tag="PN22" text="ONE">
        <cmp x="503" y="727" width="62" height="63" />
        <cmp x="555" y="731" width="72" height="56" />
        <cmp x="620" y="735" width="38" height="53" />
      </word>
      <word id="m04-000-00-02" tag="HVZ" text="has">
        <cmp x="721" y="725" width="47" height="69" />
        <cmp x="774" y="764" width="31" height="26" />
        <cmp x="814" y="762" width="31" height="28" />
      </word>
      <word id="m04-000-00-03" tag="RB" text="ever">
        <cmp x="898" y="766" width="12" height="22" />
        <cmp x="923" y="768" width="17" height="24" />
        <cmp x="957" y="763" width="11" height="19" />
        <cmp x="970" y="766" width="25" height="26" />
      </word>
      <word id="m04-000-00-04" tag="RB" text="satisfactorily">
        <cmp x="1040" y="759" width="27" height="41" />
        <cmp x="1060" y="760" width="5" height="4" />
        <cmp x="1070" y="770" width="33" height="23" />
        <cmp x="1113" y="723" width="36" height="72" />
        <cmp x="1116" y="766" width="3" height="6" />
        <cmp x="1143" y="772" width="11" height="15" />
        <cmp x="1155" y="757" width="4" height="6" />
        <cmp x="1162" y="760" width="18" height="31" />
        <cmp x="1178" y="761" width="6" height="5" />
        <cmp x="1191" y="726" width="61" height="93" />
        <cmp x="1236" y="723" width="3" height="3" />
        <cmp x="1256" y="770" width="22" height="24" />
        <cmp x="1267" y="767" width="15" height="10" />
        <cmp x="1289" y="731" width="24" height="65" />
        <cmp x="1310" y="762" width="20" height="33" />
        <cmp x="1341" y="771" width="25" height="19" />
        <cmp x="1370" y="775" width="10" height="18" />
        <cmp x="1381" y="755" width="4" height="11" />
        <cmp x="1384" y="767" width="47" height="72" />
        <cmp x="1386" y="728" width="27" height="64" />
      </word>
      <word id="m04-000-00-05" tag="VBN" text="explained">
        <cmp x="1488" y="764" width="22" height="22" />
        <cmp x="1509" y="773" width="28" height="30" />
        <cmp x="1542" y="769" width="34" height="60" />
        <cmp x="1583" y="727" width="36" height="80" />
        <cmp x="1603" y="779" width="36" height="24" />
        <cmp x="1650" y="771" width="51" height="29" />
        <cmp x="1704" y="786" width="7" height="8" />
        <cmp x="1707" y="796" width="5" height="4" />
        <cmp x="1709" y="780" width="7" height="5" />
        <cmp x="1723" y="738" width="42" height="60" />
      </word>
      <word id="m04-000-00-06" tag="WRB" text="how">
        <cmp x="1806" y="731" width="44" height="63" />
        <cmp x="1855" y="770" width="27" height="25" />
        <cmp x="1893" y="768" width="52" height="27" />
      </word>
      <word id="m04-000-00-07" tag="AT" text="a">
        <cmp x="1990" y="767" width="42" height="29" />
      </word>
      <lower-contour>
        <point x="367" y="839" />
        <point x="2033" y="839" />
      </lower-contour>
    </line>
    <line ass="332" asx="0" asy="899" character-width="999" dss="332" dsx="0" dsy="1028" fd0="14681" fd1="3766" fd2="-412" filter-width="3" id="m04-000-01" lbs="293" lbx="0" lby="981" segmentation="err" slant="73000" stroke-width="5579" threshold="172" text="single-decker Welsh bus could have got" ubs="410" ubx="0" uby="954">
      <word id="m04-000-01-00" tag="NN" text="single-decker">
        <cmp x="369" y="938" width="27" height="45" />
        <cmp x="411" y="942" width="10" height="28" />
        <cmp x="427" y="944" width="40" height="33" />
        <cmp x="474" y="950" width="35" height="57" />
        <cmp x="511" y="908" width="27" height="70" />
        <cmp x="528" y="949" width="18" height="29" />
        <cmp x="562" y="957" width="26" height="8" />
        <cmp x="601" y="919" width="45" height="57" />
        <cmp x="643" y="912" width="6" height="5" />
        <cmp x="645" y="958" width="15" height="10" />
        <cmp x="646" y="945" width="12" height="14" />
        <cmp x="665" y="948" width="24" height="20" />
        <cmp x="700" y="912" width="42" height="63" />
        <cmp x="744" y="949" width="31" height="22" />
      </word>
      <word id="m04-000-01-01" tag="JNP" text="Welsh">
        <cmp x="856" y="900" width="80" height="73" />
        <cmp x="916" y="954" width="18" height="29" />
        <cmp x="945" y="919" width="21" height="67" />
        <cmp x="969" y="950" width="24" height="35" />
        <cmp x="994" y="913" width="29" height="69" />
      </word>
      <word id="m04-000-01-02" tag="NN" text="bus">
        <cmp x="1084" y="914" width="44" height="71" />
        <cmp x="1133" y="950" width="28" height="30" />
        <cmp x="1157" y="951" width="27" height="33" />
      </word>
      <word id="m04-000-01-03" tag="MD" text="could">
        <cmp x="1234" y="947" width="30" height="30" />
        <cmp x="1263" y="947" width="5" height="7" />
        <cmp x="1268" y="946" width="31" height="32" />
        <cmp x="1304" y="949" width="32" height="22" />
        <cmp x="1338" y="898" width="34" height="79" />
        <cmp x="1352" y="916" width="46" height="66" />
      </word>
      <word id="m04-000-01-04" tag="HV" text="have">
        <cmp x="1464" y="907" width="49" height="71" />
        <cmp x="1490" y="902" width="5" height="5" />
        <cmp x="1519" y="947" width="40" height="29" />
        <cmp x="1571" y="950" width="20" height="22" />
        <cmp x="1602" y="944" width="17" height="26" />
      </word>
      <word id="m04-000-01-05" tag="VBN" text="got">
        <cmp x="1696" y="941" width="32" height="78" />
        <cmp x="1702" y="935" width="10" height="6" />
        <cmp x="1713" y="934" width="4" height="3" />
        <cmp x="1744" y="935" width="29" height="36" />
        <cmp x="1775" y="897" width="43" height="82" />
        <cmp x="1877" y="949" width="12" height="20" />
        <cmp x="1885" y="943" width="7" height="5" />
        <cmp x="1906" y="895" width="31" height="77" />
        <cmp x="1932" y="947" width="20" height="26" />
        <cmp x="1943" y="939" width="14" height="8" />
        <cmp x="1963" y="946" width="12" height="27" />
        <cmp x="1997" y="899" width="25" height="68" />
        <cmp x="2018" y="894" width="42" height="108" />
        <cmp x="2021" y="890" width="7" height="9" />
      </word>
      <upper-contour>
        <point x="367" y="839" />
        <point x="2033" y="839" />
      </upper-contour>
      <lower-contour>
        <point x="381" y="1019" />
        <point x="2061" y="1019" />
      </lower-contour>
    </line>
    <line ass="102" asx="0" asy="1068" character-width="999" dss="102" dsx="0" dsy="1198" fd0="14131" fd1="3535" fd2="210" filter-width="3" id="m04-000-02" lbs="71" lbx="0" lby="1151" segmentation="err" slant="77000" stroke-width="5676" threshold="174" text="itself into orbit. Shooting up over the pass a bit" ubs="164" ubx="0" uby="1129">
      <word id="m04-000-02-00" tag="PPL" text="itself">
        <cmp x="383" y="1110" width="13" height="38" />
        <cmp x="391" y="1088" width="6" height="6" />
        <cmp x="398" y="1119" width="35" height="37" />
        <cmp x="448" y="1133" width="3" height="14" />
        <cmp x="452" y="1075" width="23" height="79" />
        <cmp x="482" y="1126" width="22" height="24" />
      </word>
      <word id="m04-000-02-01" tag="IN" text="into">
        <cmp x="565" y="1122" width="23" height="34" />
        <cmp x="600" y="1131" width="19" height="16" />
      </word>
      <word id="m04-000-02-02" tag="NN" text="orbit">
        <cmp x="637" y="1076" width="37" height="78" />
        <cmp x="684" y="1129" width="10" height="19" />
        <cmp x="703" y="1116" width="5" height="10" />
        <cmp x="708" y="1074" width="24" height="70" />
      </word>
      <word id="m04-000-02-03" tag="." text=".">
        <cmp x="741" y="1145" width="6" height="6" />
        <cmp x="743" y="1152" width="5" height="3" />
      </word>
      <word id="m04-000-02-04" sentence-start="yes" tag="VBG" text="Shooting">
        <cmp x="884" y="1074" width="41" height="78" />
        <cmp x="929" y="1074" width="39" height="76" />
        <cmp x="982" y="1125" width="28" height="29" />
        <cmp x="1018" y="1131" width="24" height="27" />
        <cmp x="1048" y="1080" width="38" height="78" />
        <cmp x="1078" y="1137" width="10" height="15" />
        <cmp x="1096" y="1096" width="4" height="8" />
        <cmp x="1104" y="1129" width="38" height="23" />
        <cmp x="1151" y="1127" width="27" height="69" />
      </word>
      <word id="m04-000-02-05" tag="RP" text="up">
        <cmp x="1248" y="1123" width="30" height="27" />
        <cmp x="1288" y="1126" width="49" height="70" />
      </word>
      <word id="m04-000-02-06" tag="IN" text="over">
        <cmp x="1419" y="1120" width="25" height="30" />
        <cmp x="1450" y="1126" width="27" height="23" />
        <cmp x="1483" y="1125" width="11" height="24" />
        <cmp x="1498" y="1133" width="23" height="21" />
      </word>
      <word id="m04-000-02-07" tag="ATI" text="the">
        <cmp x="1576" y="1125" width="3" height="7" />
        <cmp x="1580" y="1072" width="29" height="76" />
        <cmp x="1610" y="1091" width="31" height="60" />
        <cmp x="1650" y="1125" width="14" height="29" />
      </word>
      <word id="m04-000-02-08" tag="NN" text="pass">
        <cmp x="1726" y="1112" width="54" height="83" />
        <cmp x="1794" y="1114" width="35" height="36" />
        <cmp x="1836" y="1118" width="25" height="34" />
        <cmp x="1862" y="1120" width="21" height="34" />
        <cmp x="1884" y="1117" width="4" height="3" />
      </word>
      <word id="m04-000-02-09" tag="AT" text="a">
        <cmp x="1952" y="1118" width="31" height="30" />
      </word>
      <word id="m04-000-02-10" tag="NN" text="bit">
        <cmp x="2040" y="1066" width="30" height="85" />
        <cmp x="2081" y="1121" width="18" height="30" />
        <cmp x="2114" y="1074" width="35" height="86" />
      </word>
      <upper-contour>
        <point x="381" y="1019" />
        <point x="2061" y="1019" />
      </upper-contour>
      <lower-contour>
        <point x="397" y="1196" />
        <point x="1990" y="1196" />
      </lower-contour>
    </line>
    <line ass="204" asx="0" asy="1245" character-width="999" dss="204" dsx="0" dsy="1386" fd0="14228" fd1="3638" fd2="327" filter-width="3" id="m04-000-03" lbs="212" lbx="0" lby="1335" segmentation="ok" slant="78000" stroke-width="5568" threshold="174" text="too carefree, and becoming airborne?" ubs="187" ubx="0" uby="1309">
      <word id="m04-000-03-00" tag="QL" text="too">
        <cmp x="399" y="1245" width="29" height="81" />
        <cmp x="415" y="1305" width="32" height="34" />
        <cmp x="459" y="1307" width="30" height="35" />
      </word>
      <word id="m04-000-03-01" tag="JJ" text="carefree">
        <cmp x="551" y="1298" width="34" height="38" />
        <cmp x="580" y="1305" width="32" height="27" />
        <cmp x="628" y="1306" width="21" height="26" />
        <cmp x="663" y="1317" width="6" height="8" />
        <cmp x="664" y="1306" width="16" height="10" />
        <cmp x="703" y="1248" width="43" height="122" />
        <cmp x="746" y="1311" width="24" height="25" />
        <cmp x="779" y="1311" width="10" height="22" />
        <cmp x="798" y="1299" width="22" height="29" />
      </word>
      <word id="m04-000-03-02" tag="," text=",">
        <cmp x="855" y="1325" width="7" height="22" />
      </word>
      <word id="m04-000-03-03" tag="CC" text="and">
        <cmp x="949" y="1291" width="40" height="35" />
        <cmp x="1002" y="1300" width="39" height="27" />
        <cmp x="1044" y="1317" width="17" height="22" />
        <cmp x="1051" y="1313" width="13" height="6" />
        <cmp x="1068" y="1263" width="31" height="59" />
      </word>
      <word id="m04-000-03-04" tag="VBG" text="becoming">
        <cmp x="1199" y="1261" width="39" height="77" />
        <cmp x="1243" y="1308" width="15" height="24" />
        <cmp x="1266" y="1303" width="31" height="36" />
        <cmp x="1308" y="1304" width="27" height="35" />
        <cmp x="1350" y="1302" width="56" height="30" />
        <cmp x="1421" y="1302" width="13" height="22" />
        <cmp x="1440" y="1279" width="4" height="5" />
        <cmp x="1441" y="1301" width="46" height="26" />
        <cmp x="1488" y="1295" width="42" height="86" />
      </word>
      <word id="m04-000-03-05" tag="JJ" text="airborne">
        <cmp x="1621" y="1296" width="39" height="30" />
        <cmp x="1630" y="1295" width="6" height="7" />
        <cmp x="1637" y="1295" width="6" height="6" />
        <cmp x="1671" y="1279" width="17" height="41" />
        <cmp x="1696" y="1299" width="17" height="26" />
        <cmp x="1732" y="1259" width="30" height="74" />
        <cmp x="1767" y="1308" width="19" height="28" />
        <cmp x="1797" y="1307" width="29" height="24" />
        <cmp x="1843" y="1299" width="38" height="29" />
        <cmp x="1889" y="1301" width="17" height="29" />
      </word>
      <word id="m04-000-03-06" tag="?" text="?">
        <cmp x="1961" y="1245" width="28" height="64" />
        <cmp x="1976" y="1320" width="7" height="10" />
      </word>
      <upper-contour>
        <point x="397" y="1196" />
        <point x="1990" y="1196" />
      </upper-contour>
      <lower-contour>
        <point x="397" y="1381" />
        <point x="1990" y="1381" />
      </lower-contour>
    </line>
    <line ass="571" asx="0" asy="1440" character-width="999" dss="571" dsx="0" dsy="1558" fd0="14544" fd1="3595" fd2="201" filter-width="3" id="m04-000-04" lbs="500" lbx="0" lby="1522" segmentation="ok" slant="78000" stroke-width="5669" threshold="173" text="Caught by a sudden gust of wind? A" ubs="712" ubx="0" uby="1497">
      <word id="m04-000-04-00" sentence-start="yes" tag="VBN" text="Caught">
        <cmp x="391" y="1435" width="56" height="82" />
        <cmp x="450" y="1484" width="40" height="30" />
        <cmp x="506" y="1490" width="16" height="19" />
        <cmp x="528" y="1483" width="44" height="64" />
        <cmp x="571" y="1439" width="31" height="72" />
        <cmp x="626" y="1436" width="33" height="75" />
      </word>
      <word id="m04-000-04-01" tag="IN" text="by">
        <cmp x="763" y="1436" width="39" height="82" />
        <cmp x="804" y="1488" width="17" height="19" />
        <cmp x="804" y="1491" width="33" height="52" />
      </word>
      <word id="m04-000-04-02" tag="AT" text="a">
        <cmp x="858" y="1479" width="32" height="33" />
      </word>
      <word id="m04-000-04-03" tag="JJ" text="sudden">
        <cmp x="955" y="1485" width="22" height="37" />
        <cmp x="988" y="1496" width="26" height="25" />
        <cmp x="1042" y="1451" width="47" height="66" />
        <cmp x="1097" y="1447" width="33" height="66" />
        <cmp x="1132" y="1485" width="13" height="26" />
        <cmp x="1157" y="1490" width="35" height="20" />
      </word>
      <word id="m04-000-04-04" tag="NN" text="gust">
        <cmp x="1277" y="1466" width="30" height="80" />
        <cmp x="1320" y="1481" width="23" height="31" />
        <cmp x="1348" y="1478" width="28" height="34" />
        <cmp x="1380" y="1432" width="29" height="69" />
      </word>
      <word id="m04-000-04-05" tag="INO" text="of">
        <cmp x="1469" y="1474" width="31" height="35" />
        <cmp x="1510" y="1430" width="38" height="109" />
        <cmp x="1550" y="1429" width="3" height="8" />
      </word>
      <word id="m04-000-04-06" tag="NN" text="wind">
        <cmp x="1600" y="1471" width="59" height="39" />
        <cmp x="1670" y="1484" width="11" height="24" />
        <cmp x="1682" y="1465" width="3" height="5" />
        <cmp x="1694" y="1480" width="37" height="34" />
        <cmp x="1747" y="1485" width="23" height="28" />
        <cmp x="1761" y="1427" width="51" height="72" />
      </word>
      <word id="m04-000-04-07" tag="?" text="?">
        <cmp x="1855" y="1431" width="35" height="62" />
        <cmp x="1871" y="1503" width="7" height="8" />
      </word>
      <word id="m04-000-04-08" sentence-start="yes" tag="AT" text="A">
        <cmp x="1968" y="1427" width="74" height="81" />
        <cmp x="1997" y="1476" width="5" height="23" />
      </word>
      <upper-contour>
        <point x="397" y="1381" />
        <point x="1990" y="1381" />
      </upper-contour>
      <lower-contour>
        <point x="394" y="1547" />
        <point x="2043" y="1547" />
      </lower-contour>
    </line>
    <line ass="258" asx="0" asy="1601" character-width="999" dss="258" dsx="0" dsy="1719" fd0="14155" fd1="3226" fd2="-241" filter-width="3" id="m04-000-05" lbs="239" lbx="0" lby="1692" segmentation="ok" slant="75000" stroke-width="5693" threshold="171" text="combination of the two? No one seems" ubs="296" ubx="0" uby="1659">
      <word id="m04-000-05-00" tag="NN" text="combination">
        <cmp x="396" y="1652" width="40" height="45" />
        <cmp x="445" y="1658" width="32" height="33" />
        <cmp x="486" y="1665" width="54" height="26" />
        <cmp x="575" y="1600" width="30" height="88" />
        <cmp x="620" y="1656" width="9" height="33" />
        <cmp x="644" y="1657" width="36" height="41" />
        <cmp x="689" y="1664" width="41" height="32" />
        <cmp x="751" y="1615" width="33" height="73" />
        <cmp x="781" y="1640" width="23" height="49" />
        <cmp x="803" y="1655" width="28" height="33" />
        <cmp x="839" y="1661" width="38" height="28" />
      </word>
      <word id="m04-000-05-01" tag="INO" text="of">
        <cmp x="956" y="1658" width="37" height="38" />
        <cmp x="1001" y="1680" width="4" height="16" />
        <cmp x="1004" y="1601" width="53" height="115" />
      </word>
      <word id="m04-000-05-02" tag="ATI" text="the">
        <cmp x="1108" y="1615" width="32" height="73" />
        <cmp x="1148" y="1618" width="26" height="62" />
        <cmp x="1190" y="1656" width="13" height="26" />
      </word>
      <word id="m04-000-05-03" tag="CD" text="two">
        <cmp x="1292" y="1648" width="5" height="14" />
        <cmp x="1297" y="1600" width="41" height="74" />
        <cmp x="1332" y="1611" width="26" height="66" />
        <cmp x="1335" y="1677" width="4" height="5" />
        <cmp x="1339" y="1637" width="72" height="52" />
        <cmp x="1422" y="1650" width="24" height="9" />
        <cmp x="1423" y="1657" width="25" height="30" />
      </word>
      <word id="m04-000-05-04" tag="?" text="?">
        <cmp x="1503" y="1600" width="41" height="74" />
        <cmp x="1518" y="1680" width="9" height="9" />
      </word>
      <word id="m04-000-05-05" sentence-start="yes" tag="PN21" text="No">
        <cmp x="1621" y="1613" width="89" height="73" />
        <cmp x="1694" y="1663" width="25" height="32" />
      </word>
      <word id="m04-000-05-06" tag="PN22" text="one">
        <cmp x="1778" y="1645" width="32" height="39" />
        <cmp x="1813" y="1655" width="33" height="35" />
        <cmp x="1857" y="1657" width="17" height="38" />
      </word>
      <word id="m04-000-05-07" tag="VBZ" text="seems">
        <cmp x="1940" y="1636" width="27" height="53" />
        <cmp x="1983" y="1648" width="14" height="44" />
        <cmp x="2008" y="1646" width="19" height="41" />
        <cmp x="2038" y="1649" width="59" height="36" />
        <cmp x="2101" y="1645" width="37" height="40" />
        <cmp x="2138" y="1648" width="4" height="4" />
      </word>
      <upper-contour>
        <point x="394" y="1547" />
        <point x="2043" y="1547" />
      </upper-contour>
      <lower-contour>
        <point x="394" y="1716" />
        <point x="2127" y="1716" />
      </lower-contour>
    </line>
    <line ass="322" asx="0" asy="1788" character-width="999" dss="322" dsx="0" dsy="1918" fd0="14084" fd1="3455" fd2="620" filter-width="3" id="m04-000-06" lbs="310" lbx="0" lby="1872" segmentation="ok" slant="74000" stroke-width="5685" threshold="170" text="to know. But the fact remains that get" ubs="346" ubx="0" uby="1848">
      <word id="m04-000-06-00" tag="TO" text="to">
        <cmp x="390" y="1791" width="41" height="78" />
        <cmp x="424" y="1844" width="29" height="32" />
      </word>
      <word id="m04-000-06-01" tag="VB" text="know">
        <cmp x="516" y="1791" width="39" height="61" />
        <cmp x="537" y="1853" width="14" height="9" />
        <cmp x="570" y="1846" width="35" height="23" />
        <cmp x="621" y="1845" width="18" height="28" />
        <cmp x="647" y="1845" width="54" height="32" />
      </word>
      <word id="m04-000-06-02" tag="." text=".">
        <cmp x="709" y="1872" width="9" height="15" />
      </word>
      <word id="m04-000-06-03" sentence-start="yes" tag="CC" text="But">
        <cmp x="830" y="1788" width="57" height="81" />
        <cmp x="895" y="1837" width="37" height="27" />
        <cmp x="936" y="1794" width="35" height="73" />
      </word>
      <word id="m04-000-06-04" tag="ATI" text="the">
        <cmp x="1045" y="1803" width="41" height="57" />
        <cmp x="1078" y="1803" width="36" height="69" />
        <cmp x="1125" y="1849" width="9" height="18" />
      </word>
      <word id="m04-000-06-05" tag="NN" text="fact">
        <cmp x="1177" y="1791" width="44" height="101" />
        <cmp x="1230" y="1841" width="37" height="28" />
        <cmp x="1274" y="1846" width="19" height="20" />
        <cmp x="1307" y="1793" width="45" height="79" />
      </word>
      <word id="m04-000-06-06" tag="VBZ" text="remains">
        <cmp x="1396" y="1836" width="36" height="30" />
        <cmp x="1445" y="1856" width="8" height="9" />
        <cmp x="1447" y="1838" width="15" height="17" />
        <cmp x="1482" y="1839" width="68" height="32" />
        <cmp x="1573" y="1836" width="35" height="26" />
        <cmp x="1622" y="1833" width="11" height="19" />
        <cmp x="1637" y="1810" width="6" height="8" />
        <cmp x="1638" y="1833" width="29" height="23" />
        <cmp x="1669" y="1832" width="26" height="33" />
      </word>
      <word id="m04-000-06-07" tag="CS" text="that">
        <cmp x="1760" y="1783" width="48" height="81" />
        <cmp x="1807" y="1794" width="27" height="67" />
        <cmp x="1849" y="1840" width="26" height="23" />
        <cmp x="1911" y="1779" width="44" height="89" />
      </word>
      <word id="m04-000-06-08" tag="VB" text="get">
        <cmp x="2002" y="1830" width="35" height="77" />
        <cmp x="2020" y="1828" width="10" height="8" />
        <cmp x="2050" y="1840" width="10" height="29" />
        <cmp x="2076" y="1781" width="50" height="80" />
      </word>
      <upper-contour>
        <point x="394" y="1716" />
        <point x="2127" y="1716" />
      </upper-contour>
      <lower-contour>
        <point x="388" y="1892" />
        <point x="1379" y="1892" />
      </lower-contour>
    </line>
    <line ass="-212" asx="0" asy="1956" character-width="999" dss="-212" dsx="0" dsy="2064" fd0="13605" fd1="3292" fd2="506" filter-width="3" id="m04-000-07" lbs="-431" lbx="0" lby="2041" segmentation="ok" slant="75000" stroke-width="5573" threshold="168" text="itself into orbit it did." ubs="224" ubx="0" uby="2016">
      <word id="m04-000-07-00" tag="PPL" text="itself">
        <cmp x="377" y="2011" width="3" height="5" />
        <cmp x="377" y="2017" width="8" height="28" />
        <cmp x="393" y="1959" width="30" height="81" />
        <cmp x="424" y="2005" width="35" height="48" />
        <cmp x="472" y="2018" width="10" height="25" />
        <cmp x="502" y="1971" width="27" height="80" />
        <cmp x="535" y="1976" width="40" height="90" />
      </word>
      <word id="m04-000-07-01" tag="IN" text="into">
        <cmp x="611" y="2015" width="19" height="30" />
        <cmp x="633" y="1990" width="7" height="8" />
        <cmp x="642" y="2017" width="30" height="24" />
        <cmp x="697" y="1974" width="28" height="69" />
        <cmp x="732" y="2024" width="21" height="23" />
      </word>
      <word id="m04-000-07-02" tag="NN" text="orbit">
        <cmp x="834" y="2010" width="23" height="38" />
        <cmp x="861" y="2026" width="22" height="18" />
        <cmp x="913" y="1964" width="35" height="83" />
        <cmp x="957" y="2021" width="9" height="28" />
        <cmp x="982" y="2025" width="6" height="7" />
        <cmp x="984" y="1972" width="32" height="75" />
      </word>
      <word id="m04-000-07-03" tag="PP3" text="it">
        <cmp x="1089" y="2031" width="9" height="22" />
        <cmp x="1093" y="2005" width="11" height="6" />
        <cmp x="1122" y="1977" width="31" height="70" />
      </word>
      <word id="m04-000-07-04" tag="DOD" text="did">
        <cmp x="1238" y="1977" width="42" height="72" />
        <cmp x="1277" y="1971" width="4" height="5" />
        <cmp x="1290" y="2018" width="16" height="28" />
        <cmp x="1303" y="2001" width="6" height="15" />
        <cmp x="1320" y="1976" width="49" height="78" />
      </word>
      <word id="m04-000-07-05" tag="." text=".">
        <cmp x="1373" y="2048" width="6" height="11" />
      </word>
      <upper-contour>
        <point x="388" y="1892" />
        <point x="1379" y="1892" />
      </upper-contour>
    </line>
  </handwritten-part>
</form>

