<?xml version="1.0" encoding="ISO-8859-1"?>

<!DOCTYPE form SYSTEM 'http://www.iam.unibe.ch/~fki/iamdb/form-metadata.dtd'>

<form created="2002-01-25" height="3542" id="m04-152" last-modified="2002-07-17" skew="127" status="final" version="3.0_beta" width="2479" writer-id="548">
  <machine-printed-part>
    <machine-print-line text="Flying Officer Broughtons shuffled his feet. &amp;quot;Well, actually, sir, it looked like -" />
    <machine-print-line text="like a bus. A single-decker,&amp;quot; he elaborated. Daggers, the Group Captain looked." />
    <machine-print-line text="&amp;quot;Broughtons,&amp;quot; he said silkily. &amp;quot;Didn&apos;t they teach you at Cranwell that buses are earth-" />
    <machine-print-line text="bound creatures? Aeroplanes fly, Broughtons. Buses crawl.&amp;quot; Very pale, Broughtons" />
    <machine-print-line text="was. But determined. &amp;quot;It was a bus, sir." />
  </machine-printed-part>
  <handwritten-part>
    <line ass="831" asx="0" asy="892" character-width="999" dss="831" dsx="0" dsy="1017" fd0="13801" fd1="2874" fd2="-606" filter-width="3" id="m04-152-00" lbs="817" lbx="0" lby="978" segmentation="err" slant="77000" stroke-width="5414" threshold="193" text="Flying Officer Broughtons shuffled his feet." ubs="857" ubx="0" uby="952">
      <word id="m04-152-00-00" sentence-start="yes" tag="JJ" text="Flying">
        <cmp x="379" y="899" width="45" height="9" />
        <cmp x="379" y="909" width="34" height="61" />
        <cmp x="412" y="898" width="59" height="68" />
        <cmp x="468" y="940" width="38" height="71" />
        <cmp x="529" y="945" width="9" height="24" />
        <cmp x="533" y="924" width="5" height="4" />
        <cmp x="537" y="928" width="4" height="4" />
        <cmp x="546" y="948" width="31" height="14" />
        <cmp x="576" y="948" width="28" height="54" />
      </word>
      <word id="m04-152-00-01" tag="NPT" text="Officer">
        <cmp x="674" y="905" width="59" height="61" />
        <cmp x="730" y="890" width="82" height="110" />
        <cmp x="811" y="926" width="13" height="12" />
        <cmp x="829" y="933" width="86" height="31" />
      </word>
      <word id="m04-152-00-02" tag="NP" text="Broughtons">
        <cmp x="984" y="878" width="50" height="90" />
        <cmp x="1043" y="943" width="31" height="21" />
        <cmp x="1087" y="929" width="32" height="31" />
        <cmp x="1127" y="934" width="29" height="23" />
        <cmp x="1170" y="937" width="22" height="56" />
        <cmp x="1202" y="885" width="29" height="73" />
        <cmp x="1243" y="879" width="54" height="78" />
        <cmp x="1299" y="932" width="53" height="27" />
      </word>
      <word id="m04-152-00-03" tag="VBD" text="shuffled">
        <cmp x="1428" y="926" width="36" height="32" />
        <cmp x="1475" y="887" width="30" height="79" />
        <cmp x="1493" y="882" width="3" height="3" />
        <cmp x="1520" y="940" width="31" height="19" />
        <cmp x="1569" y="886" width="42" height="89" />
        <cmp x="1594" y="892" width="28" height="90" />
        <cmp x="1601" y="931" width="6" height="7" />
        <cmp x="1622" y="882" width="4" height="4" />
        <cmp x="1626" y="891" width="57" height="64" />
        <cmp x="1689" y="904" width="60" height="52" />
      </word>
      <word id="m04-152-00-04" tag="PP$" text="his">
        <cmp x="1801" y="876" width="57" height="70" />
        <cmp x="1850" y="903" width="6" height="7" />
        <cmp x="1864" y="923" width="18" height="24" />
      </word>
      <word id="m04-152-00-05" tag="NNS" text="feet">
        <cmp x="1920" y="876" width="55" height="98" />
        <cmp x="1984" y="923" width="28" height="24" />
      </word>
      <word id="m04-152-00-06" tag="." text=".">
        <cmp x="2022" y="876" width="23" height="76" />
      </word>
      <lower-contour>
        <point x="377" y="1010" />
        <point x="2046" y="1010" />
      </lower-contour>
    </line>
    <line ass="45" asx="0" asy="1080" character-width="999" dss="45" dsx="0" dsy="1190" fd0="14713" fd1="3023" fd2="232" filter-width="3" id="m04-152-01" lbs="53" lbx="0" lby="1147" segmentation="ok" slant="75000" stroke-width="5130" threshold="197" text="&amp;quot;Well, actually, sir, it looked like - like a bus." ubs="29" ubx="0" uby="1125">
      <word id="m04-152-01-00" sentence-start="yes" tag="*&apos;" text="&quot;">
        <cmp x="367" y="1081" width="23" height="23" />
      </word>
      <word id="m04-152-01-01" tag="UH" text="Well">
        <cmp x="396" y="1087" width="56" height="56" />
        <cmp x="447" y="1085" width="79" height="59" />
      </word>
      <word id="m04-152-01-02" tag="," text=",">
        <cmp x="528" y="1148" width="11" height="22" />
      </word>
      <word id="m04-152-01-03" tag="RB" text="actually">
        <cmp x="600" y="1123" width="32" height="24" />
        <cmp x="649" y="1129" width="23" height="24" />
        <cmp x="679" y="1087" width="72" height="68" />
        <cmp x="752" y="1132" width="16" height="15" />
        <cmp x="764" y="1086" width="79" height="63" />
        <cmp x="831" y="1131" width="29" height="59" />
      </word>
      <word id="m04-152-01-04" tag="," text=",">
        <cmp x="881" y="1152" width="12" height="23" />
      </word>
      <word id="m04-152-01-05" tag="NN" text="sir">
        <cmp x="934" y="1124" width="30" height="39" />
        <cmp x="976" y="1133" width="10" height="20" />
        <cmp x="986" y="1112" width="8" height="8" />
        <cmp x="997" y="1133" width="34" height="22" />
      </word>
      <word id="m04-152-01-06" tag="," text=",">
        <cmp x="1069" y="1158" width="10" height="21" />
      </word>
      <word id="m04-152-01-07" tag="PP3" text="it">
        <cmp x="1119" y="1123" width="8" height="22" />
        <cmp x="1122" y="1106" width="7" height="8" />
        <cmp x="1139" y="1087" width="23" height="63" />
      </word>
      <word id="m04-152-01-08" tag="VBD" text="looked">
        <cmp x="1211" y="1091" width="41" height="58" />
        <cmp x="1242" y="1125" width="24" height="22" />
        <cmp x="1273" y="1128" width="21" height="18" />
        <cmp x="1301" y="1141" width="8" height="5" />
        <cmp x="1308" y="1081" width="56" height="69" />
        <cmp x="1364" y="1098" width="57" height="51" />
      </word>
      <word id="m04-152-01-09" tag="IN" text="like">
        <cmp x="1484" y="1091" width="59" height="61" />
        <cmp x="1542" y="1106" width="5" height="4" />
        <cmp x="1553" y="1082" width="78" height="67" />
      </word>
      <word id="m04-152-01-10" tag="*-" text="-">
        <cmp x="1669" y="1126" width="37" height="8" />
      </word>
      <word id="m04-152-01-11" tag="IN" text="like">
        <cmp x="1765" y="1093" width="62" height="57" />
        <cmp x="1825" y="1105" width="5" height="4" />
        <cmp x="1834" y="1085" width="82" height="68" />
        <cmp x="1861" y="1106" width="3" height="4" />
      </word>
      <word id="m04-152-01-12" tag="AT" text="a">
        <cmp x="1946" y="1133" width="37" height="17" />
      </word>
      <word id="m04-152-01-13" tag="NN" text="bus">
        <cmp x="2017" y="1098" width="24" height="52" />
        <cmp x="2035" y="1094" width="5" height="4" />
        <cmp x="2046" y="1132" width="32" height="15" />
        <cmp x="2083" y="1129" width="26" height="26" />
      </word>
      <word id="m04-152-01-14" tag="." text=".">
        <cmp x="2134" y="1156" width="7" height="6" />
      </word>
      <upper-contour>
        <point x="377" y="1010" />
        <point x="2046" y="1010" />
      </upper-contour>
      <lower-contour>
        <point x="371" y="1190" />
        <point x="2038" y="1190" />
      </lower-contour>
    </line>
    <line ass="74" asx="0" asy="1269" character-width="999" dss="74" dsx="0" dsy="1385" fd0="14075" fd1="2959" fd2="280" filter-width="3" id="m04-152-02" lbs="14" lbx="0" lby="1337" segmentation="ok" slant="77000" stroke-width="5239" threshold="198" text="A single-decker,&amp;quot; he elaborated. Daggers, the" ubs="194" ubx="0" uby="1321">
      <word id="m04-152-02-00" sentence-start="yes" tag="AT" text="A">
        <cmp x="373" y="1277" width="38" height="58" />
      </word>
      <word id="m04-152-02-01" tag="NN" text="single-decker">
        <cmp x="483" y="1309" width="31" height="30" />
        <cmp x="522" y="1325" width="7" height="15" />
        <cmp x="539" y="1326" width="32" height="13" />
        <cmp x="571" y="1324" width="25" height="49" />
        <cmp x="601" y="1299" width="52" height="44" />
        <cmp x="694" y="1324" width="21" height="5" />
        <cmp x="759" y="1290" width="50" height="53" />
        <cmp x="813" y="1316" width="19" height="24" />
        <cmp x="845" y="1286" width="47" height="59" />
        <cmp x="904" y="1317" width="71" height="25" />
      </word>
      <word id="m04-152-02-02" tag="," text=",">
        <cmp x="1003" y="1339" width="7" height="10" />
        <cmp x="1008" y="1335" width="4" height="3" />
      </word>
      <word id="m04-152-02-03" tag="**&apos;" text="&quot;">
        <cmp x="1039" y="1269" width="12" height="9" />
        <cmp x="1052" y="1269" width="6" height="9" />
      </word>
      <word id="m04-152-02-04" tag="PP3A" text="he">
        <cmp x="1111" y="1273" width="32" height="60" />
        <cmp x="1158" y="1311" width="34" height="24" />
      </word>
      <word id="m04-152-02-05" tag="VBD" text="elaborated">
        <cmp x="1237" y="1276" width="62" height="62" />
        <cmp x="1289" y="1320" width="37" height="18" />
        <cmp x="1330" y="1285" width="26" height="51" />
        <cmp x="1361" y="1309" width="49" height="25" />
        <cmp x="1420" y="1317" width="28" height="18" />
        <cmp x="1451" y="1269" width="43" height="75" />
        <cmp x="1502" y="1279" width="45" height="47" />
      </word>
      <word id="m04-152-02-06" tag="." text=".">
        <cmp x="1566" y="1323" width="10" height="6" />
      </word>
      <word id="m04-152-02-07" sentence-start="yes" tag="NNS" text="Daggers">
        <cmp x="1640" y="1280" width="56" height="59" />
        <cmp x="1705" y="1320" width="31" height="13" />
        <cmp x="1734" y="1321" width="34" height="62" />
        <cmp x="1779" y="1322" width="22" height="60" />
        <cmp x="1813" y="1304" width="48" height="28" />
        <cmp x="1868" y="1304" width="25" height="29" />
      </word>
      <word id="m04-152-02-08" tag="," text=",">
        <cmp x="1925" y="1341" width="11" height="25" />
      </word>
      <word id="m04-152-02-09" tag="ATI" text="the">
        <cmp x="1955" y="1270" width="83" height="69" />
      </word>
      <upper-contour>
        <point x="371" y="1190" />
        <point x="2038" y="1190" />
      </upper-contour>
      <lower-contour>
        <point x="371" y="1384" />
        <point x="2038" y="1384" />
      </lower-contour>
    </line>
    <line ass="129" asx="0" asy="1443" character-width="999" dss="129" dsx="0" dsy="1554" fd0="14523" fd1="3073" fd2="-8" filter-width="3" id="m04-152-03" lbs="160" lbx="0" lby="1514" segmentation="ok" slant="80000" stroke-width="5186" threshold="198" text="Group Captain looked. &amp;quot;Broughtons,&amp;quot; he said silkily." ubs="66" ubx="0" uby="1492">
      <word id="m04-152-03-00" tag="NN" text="Group">
        <cmp x="371" y="1458" width="34" height="47" />
        <cmp x="392" y="1478" width="11" height="38" />
        <cmp x="412" y="1486" width="22" height="19" />
        <cmp x="440" y="1490" width="21" height="18" />
        <cmp x="464" y="1491" width="24" height="15" />
        <cmp x="498" y="1490" width="24" height="37" />
      </word>
      <word id="m04-152-03-01" tag="NPT" text="Captain">
        <cmp x="610" y="1463" width="42" height="46" />
        <cmp x="649" y="1495" width="24" height="18" />
        <cmp x="686" y="1495" width="29" height="46" />
        <cmp x="726" y="1447" width="71" height="73" />
        <cmp x="790" y="1480" width="6" height="4" />
        <cmp x="801" y="1489" width="26" height="28" />
      </word>
      <word id="m04-152-03-02" tag="VBD" text="looked">
        <cmp x="887" y="1450" width="55" height="67" />
        <cmp x="933" y="1487" width="24" height="20" />
        <cmp x="959" y="1493" width="23" height="16" />
        <cmp x="987" y="1504" width="3" height="3" />
        <cmp x="991" y="1449" width="24" height="57" />
        <cmp x="1020" y="1487" width="16" height="23" />
        <cmp x="1047" y="1462" width="45" height="46" />
      </word>
      <word id="m04-152-03-03" tag="." text=".">
        <cmp x="1108" y="1505" width="6" height="7" />
      </word>
      <word id="m04-152-03-04" sentence-start="yes" tag="*&apos;" text="&quot;">
        <cmp x="1192" y="1444" width="25" height="23" />
      </word>
      <word id="m04-152-03-05" tag="NP" text="Broughtons">
        <cmp x="1242" y="1465" width="30" height="52" />
        <cmp x="1284" y="1494" width="25" height="25" />
        <cmp x="1313" y="1496" width="22" height="21" />
        <cmp x="1342" y="1497" width="31" height="19" />
        <cmp x="1365" y="1498" width="23" height="52" />
        <cmp x="1403" y="1452" width="18" height="59" />
        <cmp x="1425" y="1457" width="27" height="64" />
        <cmp x="1455" y="1495" width="22" height="21" />
        <cmp x="1482" y="1494" width="46" height="24" />
      </word>
      <word id="m04-152-03-06" tag="," text=",">
        <cmp x="1536" y="1523" width="8" height="14" />
      </word>
      <word id="m04-152-03-07" tag="**&apos;" text="&quot;">
        <cmp x="1580" y="1441" width="12" height="14" />
      </word>
      <word id="m04-152-03-08" tag="PP3A" text="he">
        <cmp x="1660" y="1449" width="64" height="57" />
        <cmp x="1677" y="1444" width="4" height="4" />
      </word>
      <word id="m04-152-03-09" tag="VBD" text="said">
        <cmp x="1747" y="1479" width="35" height="32" />
        <cmp x="1783" y="1478" width="8" height="3" />
        <cmp x="1795" y="1488" width="58" height="21" />
        <cmp x="1851" y="1472" width="3" height="3" />
        <cmp x="1858" y="1464" width="48" height="40" />
      </word>
      <word id="m04-152-03-10" tag="RB" text="silkily">
        <cmp x="1963" y="1487" width="26" height="26" />
        <cmp x="1994" y="1499" width="9" height="15" />
        <cmp x="2001" y="1478" width="7" height="6" />
        <cmp x="2007" y="1511" width="3" height="3" />
        <cmp x="2010" y="1457" width="35" height="54" />
        <cmp x="2040" y="1454" width="40" height="61" />
        <cmp x="2082" y="1492" width="7" height="16" />
        <cmp x="2094" y="1471" width="4" height="4" />
        <cmp x="2096" y="1462" width="41" height="47" />
        <cmp x="2132" y="1493" width="24" height="57" />
      </word>
      <word id="m04-152-03-11" tag="." text=".">
        <cmp x="2180" y="1504" width="7" height="6" />
      </word>
      <upper-contour>
        <point x="371" y="1384" />
        <point x="2038" y="1384" />
      </upper-contour>
      <lower-contour>
        <point x="372" y="1552" />
        <point x="2157" y="1552" />
      </lower-contour>
    </line>
    <line ass="-368" asx="0" asy="1596" character-width="999" dss="-368" dsx="0" dsy="1710" fd0="14215" fd1="3391" fd2="429" filter-width="3" id="m04-152-04" lbs="-394" lbx="0" lby="1657" segmentation="ok" slant="79000" stroke-width="5097" threshold="195" text="&amp;quot;Didn&apos;t they teach you at Cranwell that buses are" ubs="-317" ubx="0" uby="1641">
      <word id="m04-152-04-00" sentence-start="yes" tag="*&apos;" text="&quot;">
        <cmp x="374" y="1609" width="13" height="15" />
      </word>
      <word id="m04-152-04-01" tag="DODX" text="Didn&apos;t">
        <cmp x="394" y="1626" width="48" height="51" />
        <cmp x="445" y="1659" width="9" height="11" />
        <cmp x="464" y="1655" width="31" height="21" />
        <cmp x="496" y="1638" width="9" height="23" />
        <cmp x="503" y="1631" width="5" height="4" />
        <cmp x="519" y="1650" width="24" height="19" />
        <cmp x="560" y="1625" width="11" height="18" />
        <cmp x="582" y="1612" width="25" height="63" />
      </word>
      <word id="m04-152-04-02" tag="PP3AS" text="they">
        <cmp x="665" y="1609" width="81" height="61" />
        <cmp x="687" y="1614" width="4" height="4" />
        <cmp x="745" y="1650" width="34" height="63" />
      </word>
      <word id="m04-152-04-03" tag="VB" text="teach">
        <cmp x="833" y="1613" width="34" height="65" />
        <cmp x="875" y="1646" width="21" height="24" />
        <cmp x="905" y="1651" width="25" height="18" />
        <cmp x="944" y="1611" width="47" height="63" />
        <cmp x="982" y="1625" width="3" height="4" />
      </word>
      <word id="m04-152-04-04" tag="PP2" text="you">
        <cmp x="1050" y="1646" width="34" height="71" />
        <cmp x="1087" y="1649" width="58" height="19" />
      </word>
      <word id="m04-152-04-05" tag="IN" text="at">
        <cmp x="1178" y="1653" width="26" height="16" />
        <cmp x="1217" y="1609" width="26" height="61" />
      </word>
      <word id="m04-152-04-06" tag="NP" text="Cranwell">
        <cmp x="1324" y="1617" width="40" height="52" />
        <cmp x="1379" y="1643" width="24" height="24" />
        <cmp x="1407" y="1648" width="22" height="19" />
        <cmp x="1436" y="1645" width="24" height="16" />
        <cmp x="1483" y="1620" width="138" height="50" />
        <cmp x="1578" y="1610" width="9" height="8" />
        <cmp x="1580" y="1634" width="4" height="3" />
      </word>
      <word id="m04-152-04-07" tag="CS" text="that">
        <cmp x="1688" y="1617" width="48" height="53" />
        <cmp x="1723" y="1616" width="3" height="3" />
        <cmp x="1737" y="1651" width="21" height="17" />
        <cmp x="1767" y="1609" width="35" height="61" />
      </word>
      <word id="m04-152-04-08" tag="NNS" text="buses">
        <cmp x="1854" y="1615" width="35" height="59" />
        <cmp x="1895" y="1652" width="30" height="20" />
        <cmp x="1926" y="1649" width="40" height="32" />
        <cmp x="1968" y="1649" width="4" height="4" />
        <cmp x="1977" y="1653" width="21" height="20" />
        <cmp x="2004" y="1648" width="30" height="35" />
        <cmp x="2035" y="1648" width="4" height="8" />
      </word>
      <word id="m04-152-04-09" tag="BER" text="are">
        <cmp x="2068" y="1646" width="25" height="27" />
        <cmp x="2102" y="1641" width="55" height="33" />
      </word>
      <upper-contour>
        <point x="372" y="1552" />
        <point x="2157" y="1552" />
      </upper-contour>
      <lower-contour>
        <point x="375" y="1717" />
        <point x="2086" y="1717" />
      </lower-contour>
    </line>
    <line ass="-296" asx="0" asy="1786" character-width="999" dss="-296" dsx="0" dsy="1909" fd0="13798" fd1="2808" fd2="-785" filter-width="3" id="m04-152-05" lbs="-307" lbx="0" lby="1858" segmentation="err" slant="78000" stroke-width="5143" threshold="197" text="earth-bound creatures? Aeroplanes fly, Broughtons." ubs="-275" ubx="0" uby="1835">
      <word id="m04-152-05-00" tag="JJ" text="earth-bound">
        <cmp x="377" y="1830" width="37" height="35" />
        <cmp x="415" y="1839" width="30" height="28" />
        <cmp x="454" y="1835" width="24" height="25" />
        <cmp x="489" y="1790" width="21" height="69" />
        <cmp x="510" y="1790" width="24" height="64" />
        <cmp x="550" y="1841" width="25" height="7" />
        <cmp x="600" y="1809" width="32" height="57" />
        <cmp x="636" y="1842" width="28" height="24" />
        <cmp x="668" y="1844" width="28" height="19" />
        <cmp x="706" y="1817" width="65" height="51" />
      </word>
      <word id="m04-152-05-01" tag="NNS" text="creatures">
        <cmp x="826" y="1837" width="25" height="27" />
        <cmp x="862" y="1836" width="58" height="28" />
        <cmp x="922" y="1843" width="33" height="19" />
        <cmp x="958" y="1802" width="132" height="60" />
      </word>
      <word id="m04-152-05-02" tag="?" text="?">
        <cmp x="1107" y="1802" width="26" height="48" />
        <cmp x="1122" y="1857" width="5" height="5" />
      </word>
      <word id="m04-152-05-03" sentence-start="yes" tag="NNS" text="Aeroplanes">
        <cmp x="1223" y="1813" width="38" height="65" />
        <cmp x="1268" y="1844" width="28" height="27" />
        <cmp x="1308" y="1847" width="24" height="25" />
        <cmp x="1335" y="1844" width="27" height="26" />
        <cmp x="1369" y="1839" width="29" height="51" />
        <cmp x="1399" y="1819" width="40" height="44" />
        <cmp x="1423" y="1808" width="12" height="9" />
        <cmp x="1427" y="1845" width="28" height="14" />
        <cmp x="1463" y="1834" width="44" height="28" />
        <cmp x="1513" y="1840" width="23" height="29" />
      </word>
      <word id="m04-152-05-04" tag="VB" text="fly">
        <cmp x="1598" y="1799" width="81" height="120" />
      </word>
      <word id="m04-152-05-05" tag="," text=",">
        <cmp x="1703" y="1870" width="9" height="15" />
      </word>
      <word id="m04-152-05-06" tag="NP" text="Broughtons">
        <cmp x="1756" y="1807" width="36" height="58" />
        <cmp x="1802" y="1839" width="30" height="28" />
        <cmp x="1832" y="1841" width="33" height="29" />
        <cmp x="1866" y="1846" width="39" height="20" />
        <cmp x="1899" y="1848" width="29" height="63" />
        <cmp x="1940" y="1808" width="25" height="61" />
        <cmp x="1974" y="1802" width="17" height="65" />
        <cmp x="2001" y="1842" width="26" height="23" />
        <cmp x="2031" y="1841" width="30" height="22" />
      </word>
      <word id="m04-152-05-07" tag="." text=".">
        <cmp x="2064" y="1841" width="22" height="27" />
      </word>
      <upper-contour>
        <point x="375" y="1717" />
        <point x="2086" y="1717" />
      </upper-contour>
      <lower-contour>
        <point x="375" y="1919" />
        <point x="2057" y="1919" />
      </lower-contour>
    </line>
    <line ass="14" asx="0" asy="1979" character-width="999" dss="14" dsx="0" dsy="2091" fd0="14077" fd1="3207" fd2="-70" filter-width="3" id="m04-152-06" lbs="44" lbx="0" lby="2054" segmentation="ok" slant="82000" stroke-width="5143" threshold="197" text="Buses crawl.&amp;quot; Very pale, Broughtons was. But" ubs="-45" ubx="0" uby="2028">
      <word id="m04-152-06-00" sentence-start="yes" tag="NNS" text="Buses">
        <cmp x="366" y="1980" width="37" height="79" />
        <cmp x="407" y="2028" width="29" height="19" />
        <cmp x="442" y="2019" width="28" height="33" />
        <cmp x="472" y="2022" width="21" height="31" />
        <cmp x="497" y="2026" width="25" height="21" />
        <cmp x="534" y="2026" width="26" height="27" />
      </word>
      <word id="m04-152-06-01" tag="VB" text="crawl">
        <cmp x="633" y="2021" width="28" height="38" />
        <cmp x="670" y="2022" width="33" height="34" />
        <cmp x="706" y="2031" width="87" height="28" />
        <cmp x="801" y="2004" width="39" height="53" />
      </word>
      <word id="m04-152-06-02" tag="." text=".">
        <cmp x="860" y="2051" width="5" height="4" />
      </word>
      <word id="m04-152-06-03" tag="**&apos;" text="&quot;">
        <cmp x="888" y="1980" width="17" height="15" />
      </word>
      <word id="m04-152-06-04" sentence-start="yes" tag="QL" text="Very">
        <cmp x="983" y="1995" width="30" height="61" />
        <cmp x="1011" y="2026" width="41" height="28" />
        <cmp x="1054" y="2033" width="23" height="58" />
      </word>
      <word id="m04-152-06-05" tag="JJ" text="pale">
        <cmp x="1134" y="2024" width="28" height="51" />
        <cmp x="1168" y="1994" width="101" height="54" />
      </word>
      <word id="m04-152-06-06" tag="," text=",">
        <cmp x="1277" y="2052" width="13" height="19" />
      </word>
      <word id="m04-152-06-07" tag="NP" text="Broughtons">
        <cmp x="1370" y="1998" width="36" height="65" />
        <cmp x="1412" y="2027" width="27" height="33" />
        <cmp x="1441" y="2029" width="30" height="25" />
        <cmp x="1472" y="2033" width="34" height="18" />
        <cmp x="1508" y="2031" width="24" height="60" />
        <cmp x="1544" y="1985" width="20" height="71" />
        <cmp x="1572" y="1987" width="50" height="72" />
        <cmp x="1627" y="2031" width="23" height="18" />
        <cmp x="1660" y="2028" width="27" height="27" />
      </word>
      <word id="m04-152-06-08" tag="BEDZ" text="was">
        <cmp x="1746" y="2018" width="48" height="30" />
        <cmp x="1807" y="2022" width="17" height="23" />
        <cmp x="1825" y="2025" width="22" height="28" />
      </word>
      <word id="m04-152-06-09" tag="." text=".">
        <cmp x="1865" y="2049" width="7" height="6" />
      </word>
      <word id="m04-152-06-10" sentence-start="yes" tag="CC" text="But">
        <cmp x="1947" y="1990" width="39" height="59" />
        <cmp x="1985" y="2030" width="33" height="15" />
        <cmp x="2027" y="1989" width="29" height="62" />
      </word>
      <upper-contour>
        <point x="375" y="1919" />
        <point x="2057" y="1919" />
      </upper-contour>
      <lower-contour>
        <point x="367" y="2091" />
        <point x="1411" y="2091" />
      </lower-contour>
    </line>
    <line ass="333" asx="0" asy="2169" character-width="999" dss="333" dsx="0" dsy="2256" fd0="14519" fd1="3743" fd2="699" filter-width="3" id="m04-152-07" lbs="450" lbx="0" lby="2235" segmentation="err" slant="80000" stroke-width="5193" threshold="195" text="determined. &amp;quot;It was a bus, sir." ubs="100" ubx="0" uby="2207">
      <word id="m04-152-07-00" tag="JJ" text="determined">
        <cmp x="369" y="2179" width="58" height="53" />
        <cmp x="431" y="2167" width="62" height="63" />
        <cmp x="504" y="2202" width="37" height="29" />
        <cmp x="550" y="2212" width="8" height="19" />
        <cmp x="553" y="2190" width="7" height="4" />
        <cmp x="572" y="2208" width="29" height="28" />
        <cmp x="605" y="2210" width="19" height="23" />
      </word>
      <word id="m04-152-07-01" tag="." text=".">
        <cmp x="631" y="2195" width="41" height="38" />
      </word>
      <word id="m04-152-07-02" sentence-start="yes" tag="*&apos;" text="&quot;">
        <cmp x="803" y="2175" width="19" height="16" />
      </word>
      <word id="m04-152-07-03" tag="PP3" text="It">
        <cmp x="824" y="2185" width="31" height="49" />
        <cmp x="832" y="2177" width="35" height="11" />
        <cmp x="863" y="2169" width="25" height="59" />
      </word>
      <word id="m04-152-07-04" tag="BEDZ" text="was">
        <cmp x="953" y="2199" width="41" height="36" />
        <cmp x="1004" y="2210" width="30" height="21" />
        <cmp x="1035" y="2208" width="23" height="31" />
      </word>
      <word id="m04-152-07-05" tag="AT" text="a">
        <cmp x="1096" y="2208" width="29" height="18" />
      </word>
      <word id="m04-152-07-06" tag="NN" text="bus">
        <cmp x="1149" y="2176" width="29" height="55" />
        <cmp x="1168" y="2171" width="7" height="6" />
        <cmp x="1178" y="2202" width="56" height="24" />
      </word>
      <word id="m04-152-07-07" tag="," text=",">
        <cmp x="1289" y="2230" width="12" height="19" />
      </word>
      <word id="m04-152-07-08" tag="NN" text="sir">
        <cmp x="1331" y="2195" width="34" height="33" />
        <cmp x="1373" y="2201" width="38" height="26" />
        <cmp x="1374" y="2176" width="7" height="8" />
      </word>
      <word id="m04-152-07-09" tag="." text=".">
        <cmp x="1385" y="2197" width="3" height="4" />
      </word>
      <upper-contour>
        <point x="367" y="2091" />
        <point x="1411" y="2091" />
      </upper-contour>
    </line>
  </handwritten-part>
</form>

