<?xml version="1.0" encoding="ISO-8859-1"?>

<!DOCTYPE form SYSTEM 'http://www.iam.unibe.ch/~fki/iamdb/form-metadata.dtd'>

<form created="2002-01-25" height="3542" id="m06-048" last-modified="2002-07-17" skew="-30" status="final" version="3.0_beta" width="2479" writer-id="552">
  <machine-printed-part>
    <machine-print-line text="&apos;To this True World, as you call it, we come to die,&apos; Lily-yo said, doubtingly. The" />
    <machine-print-line text="Captive with the fleshless jaw said, &apos;The grub of the tigerfly thinks it dies when it" />
    <machine-print-line text="changes into a tigerfly.&apos; &apos;You are still young,&apos; said the Chief Captive. &apos;You begin" />
    <machine-print-line text="newly here. Where are your souls?&apos; Lily-yo and Flor looked at each other. In their" />
    <machine-print-line text="flight from the 4wiltmilt they had heedlessly thrown down their souls." />
  </machine-printed-part>
  <handwritten-part>
    <line ass="-600" asx="0" asy="737" character-width="999" dss="-600" dsx="0" dsy="828" fd0="13640" fd1="3104" fd2="-345" filter-width="3" id="m06-048-00" lbs="-710" lbx="0" lby="796" segmentation="err" slant="104000" stroke-width="5190" threshold="161" text="&apos;To this True World, as you call it, we come to die,&apos;" ubs="-380" ubx="0" uby="770">
      <word id="m06-048-00-00" sentence-start="yes" tag="*&apos;" text="&apos;">
        <cmp x="347" y="746" width="35" height="58" />
        <cmp x="383" y="773" width="37" height="33" />
      </word>
      <word id="m06-048-00-01" tag="IN" text="To">
        <cmp x="471" y="743" width="29" height="63" />
        <cmp x="497" y="753" width="78" height="57" />
        <cmp x="525" y="762" width="7" height="13" />
      </word>
      <word id="m06-048-00-02" tag="DT" text="this">
        <cmp x="609" y="751" width="42" height="15" />
        <cmp x="631" y="764" width="14" height="43" />
        <cmp x="649" y="775" width="30" height="30" />
      </word>
      <word id="m06-048-00-03" tag="JJ" text="True">
        <cmp x="679" y="775" width="77" height="34" />
      </word>
      <word id="m06-048-00-04" tag="NN" text="World">
        <cmp x="807" y="759" width="79" height="46" />
        <cmp x="890" y="774" width="19" height="33" />
        <cmp x="911" y="756" width="20" height="48" />
        <cmp x="934" y="756" width="47" height="51" />
      </word>
      <word id="m06-048-00-05" tag="," text=",">
        <cmp x="998" y="800" width="5" height="23" />
      </word>
      <word id="m06-048-00-06" tag="CS" text="as">
        <cmp x="1043" y="776" width="78" height="39" />
      </word>
      <word id="m06-048-00-07" tag="PP2" text="you">
        <cmp x="1152" y="784" width="36" height="57" />
        <cmp x="1188" y="782" width="21" height="28" />
        <cmp x="1215" y="779" width="46" height="33" />
      </word>
      <word id="m06-048-00-08" tag="VB" text="call">
        <cmp x="1306" y="781" width="34" height="32" />
        <cmp x="1335" y="785" width="46" height="29" />
        <cmp x="1382" y="762" width="17" height="54" />
        <cmp x="1398" y="766" width="18" height="44" />
      </word>
      <word id="m06-048-00-09" tag="PP3" text="it">
        <cmp x="1458" y="769" width="8" height="7" />
        <cmp x="1466" y="788" width="6" height="24" />
        <cmp x="1474" y="757" width="34" height="52" />
        <cmp x="1515" y="806" width="6" height="22" />
      </word>
      <word id="m06-048-00-10" tag="," text=",">
        <cmp x="1568" y="782" width="49" height="33" />
      </word>
      <word id="m06-048-00-11" tag="PP1AS" text="we">
        <cmp x="1619" y="785" width="32" height="24" />
      </word>
      <word id="m06-048-00-12" tag="VB" text="come">
        <cmp x="1707" y="783" width="25" height="35" />
        <cmp x="1735" y="780" width="41" height="39" />
        <cmp x="1777" y="779" width="48" height="38" />
        <cmp x="1822" y="781" width="33" height="31" />
      </word>
      <word id="m06-048-00-13" tag="TO" text="to">
        <cmp x="1893" y="761" width="17" height="54" />
        <cmp x="1918" y="791" width="35" height="30" />
      </word>
      <word id="m06-048-00-14" tag="VB" text="die">
        <cmp x="1990" y="771" width="55" height="54" />
        <cmp x="2036" y="769" width="8" height="7" />
        <cmp x="2050" y="791" width="30" height="25" />
      </word>
      <word id="m06-048-00-15" tag="," text=",">
        <cmp x="2089" y="813" width="10" height="25" />
      </word>
      <word id="m06-048-00-16" tag="**&apos;" text="&apos;">
        <cmp x="2128" y="764" width="6" height="26" />
      </word>
      <lower-contour>
        <point x="360" y="841" />
        <point x="1907" y="841" />
      </lower-contour>
    </line>
    <line ass="-473" asx="0" asy="917" character-width="999" dss="-473" dsx="0" dsy="1009" fd0="13741" fd1="3190" fd2="-663" filter-width="3" id="m06-048-01" lbs="-449" lbx="0" lby="982" segmentation="err" slant="100000" stroke-width="5221" threshold="159" text="Lily-yo said, doubtingly. The Captive with the" ubs="-522" ubx="0" uby="948">
      <word id="m06-048-01-00" tag="NP" text="Lily-yo">
        <cmp x="362" y="929" width="31" height="44" />
        <cmp x="397" y="934" width="6" height="6" />
        <cmp x="400" y="954" width="8" height="20" />
        <cmp x="421" y="929" width="12" height="43" />
        <cmp x="438" y="951" width="32" height="56" />
        <cmp x="487" y="964" width="23" height="6" />
        <cmp x="555" y="958" width="29" height="29" />
      </word>
      <word id="m06-048-01-01" tag="VBD" text="said">
        <cmp x="645" y="951" width="29" height="34" />
        <cmp x="674" y="954" width="36" height="29" />
        <cmp x="711" y="939" width="7" height="13" />
        <cmp x="715" y="959" width="12" height="24" />
        <cmp x="727" y="937" width="44" height="46" />
      </word>
      <word id="m06-048-01-02" tag="," text=",">
        <cmp x="781" y="978" width="5" height="18" />
      </word>
      <word id="m06-048-01-03" tag="RB" text="doubtingly">
        <cmp x="836" y="930" width="41" height="60" />
        <cmp x="882" y="955" width="37" height="33" />
        <cmp x="919" y="959" width="40" height="32" />
        <cmp x="965" y="936" width="67" height="54" />
        <cmp x="1022" y="941" width="8" height="9" />
        <cmp x="1036" y="965" width="34" height="23" />
        <cmp x="1067" y="961" width="42" height="57" />
        <cmp x="1108" y="948" width="13" height="39" />
        <cmp x="1127" y="967" width="37" height="47" />
      </word>
      <word id="m06-048-01-04" tag="." text=".">
        <cmp x="1186" y="985" width="7" height="5" />
      </word>
      <word id="m06-048-01-05" sentence-start="yes" tag="ATI" text="The">
        <cmp x="1216" y="941" width="30" height="49" />
        <cmp x="1249" y="944" width="46" height="45" />
        <cmp x="1296" y="962" width="37" height="31" />
      </word>
      <word id="m06-048-01-06" tag="NN" text="Captive">
        <cmp x="1383" y="939" width="68" height="54" />
        <cmp x="1455" y="971" width="28" height="47" />
        <cmp x="1485" y="943" width="35" height="50" />
        <cmp x="1510" y="945" width="7" height="10" />
        <cmp x="1522" y="958" width="28" height="32" />
        <cmp x="1555" y="964" width="37" height="29" />
      </word>
      <word id="m06-048-01-07" tag="IN" text="with">
        <cmp x="1639" y="964" width="48" height="27" />
        <cmp x="1683" y="937" width="5" height="8" />
        <cmp x="1688" y="965" width="7" height="22" />
        <cmp x="1695" y="932" width="27" height="62" />
        <cmp x="1722" y="938" width="42" height="52" />
      </word>
      <word id="m06-048-01-08" tag="ATI" text="the">
        <cmp x="1806" y="943" width="66" height="53" />
        <cmp x="1868" y="963" width="38" height="31" />
      </word>
      <upper-contour>
        <point x="360" y="841" />
        <point x="1907" y="841" />
      </upper-contour>
      <lower-contour>
        <point x="360" y="1018" />
        <point x="1907" y="1018" />
      </lower-contour>
    </line>
    <line ass="-538" asx="0" asy="1093" character-width="999" dss="-538" dsx="0" dsy="1189" fd0="13347" fd1="2772" fd2="-1122" filter-width="3" id="m06-048-02" lbs="-519" lbx="0" lby="1160" segmentation="err" slant="103000" stroke-width="5179" threshold="161" text="fleshless jaw said, &apos;The grub of the tigerfly thinks" ubs="-577" ubx="0" uby="1126">
      <word id="m06-048-02-00" tag="JJ" text="fleshless">
        <cmp x="355" y="1104" width="35" height="68" />
        <cmp x="391" y="1107" width="131" height="58" />
        <cmp x="518" y="1115" width="18" height="45" />
        <cmp x="534" y="1131" width="98" height="39" />
      </word>
      <word id="m06-048-02-01" tag="NN" text="jaw">
        <cmp x="693" y="1138" width="22" height="58" />
        <cmp x="701" y="1117" width="8" height="9" />
        <cmp x="720" y="1140" width="27" height="28" />
        <cmp x="753" y="1144" width="51" height="22" />
      </word>
      <word id="m06-048-02-02" tag="VBD" text="said">
        <cmp x="849" y="1134" width="86" height="37" />
        <cmp x="914" y="1119" width="15" height="16" />
        <cmp x="938" y="1120" width="43" height="50" />
      </word>
      <word id="m06-048-02-03" tag="," text=",">
        <cmp x="1012" y="1157" width="7" height="21" />
      </word>
      <word id="m06-048-02-04" tag="*&apos;" text="&apos;">
        <cmp x="1060" y="1109" width="7" height="19" />
      </word>
      <word id="m06-048-02-05" tag="ATI" text="The">
        <cmp x="1080" y="1110" width="35" height="53" />
        <cmp x="1122" y="1115" width="49" height="50" />
        <cmp x="1168" y="1139" width="39" height="27" />
      </word>
      <word id="m06-048-02-06" tag="NN" text="grub">
        <cmp x="1248" y="1136" width="35" height="64" />
        <cmp x="1283" y="1138" width="72" height="33" />
        <cmp x="1343" y="1122" width="35" height="49" />
      </word>
      <word id="m06-048-02-07" tag="INO" text="of">
        <cmp x="1435" y="1138" width="33" height="34" />
        <cmp x="1466" y="1109" width="26" height="76" />
      </word>
      <word id="m06-048-02-08" tag="ATI" text="the">
        <cmp x="1542" y="1118" width="114" height="57" />
      </word>
      <word id="m06-048-02-09" tag="NN" text="tigerfly">
        <cmp x="1701" y="1113" width="37" height="52" />
        <cmp x="1726" y="1116" width="12" height="15" />
        <cmp x="1744" y="1137" width="34" height="59" />
        <cmp x="1777" y="1143" width="34" height="28" />
        <cmp x="1813" y="1143" width="20" height="28" />
        <cmp x="1830" y="1111" width="45" height="81" />
        <cmp x="1881" y="1151" width="29" height="44" />
      </word>
      <word id="m06-048-02-10" tag="VBZ" text="thinks">
        <cmp x="1957" y="1123" width="27" height="50" />
        <cmp x="1982" y="1123" width="38" height="48" />
        <cmp x="2017" y="1135" width="10" height="10" />
        <cmp x="2024" y="1153" width="8" height="18" />
        <cmp x="2041" y="1149" width="27" height="28" />
        <cmp x="2070" y="1128" width="29" height="47" />
        <cmp x="2101" y="1145" width="39" height="32" />
      </word>
      <upper-contour>
        <point x="360" y="1018" />
        <point x="1907" y="1018" />
      </upper-contour>
      <lower-contour>
        <point x="353" y="1200" />
        <point x="2141" y="1200" />
      </lower-contour>
    </line>
    <line ass="-245" asx="0" asy="1288" character-width="999" dss="-245" dsx="0" dsy="1390" fd0="13522" fd1="2929" fd2="-862" filter-width="3" id="m06-048-03" lbs="-226" lbx="0" lby="1350" segmentation="ok" slant="103000" stroke-width="5221" threshold="160" text="it dies when it changes into a tigerfly.&apos; &apos;You are still" ubs="-283" ubx="0" uby="1322">
      <word id="m06-048-03-00" tag="PP3" text="it">
        <cmp x="347" y="1304" width="11" height="7" />
        <cmp x="350" y="1325" width="6" height="24" />
        <cmp x="362" y="1296" width="24" height="57" />
      </word>
      <word id="m06-048-03-01" tag="VBZ" text="dies">
        <cmp x="436" y="1309" width="53" height="49" />
        <cmp x="476" y="1304" width="13" height="21" />
        <cmp x="491" y="1324" width="64" height="39" />
      </word>
      <word id="m06-048-03-02" tag="WRB" text="when">
        <cmp x="597" y="1329" width="41" height="28" />
        <cmp x="636" y="1308" width="102" height="52" />
      </word>
      <word id="m06-048-03-03" tag="PP3" text="it">
        <cmp x="808" y="1307" width="11" height="8" />
        <cmp x="811" y="1330" width="8" height="25" />
        <cmp x="826" y="1300" width="29" height="53" />
      </word>
      <word id="m06-048-03-04" tag="VBZ" text="changes">
        <cmp x="891" y="1307" width="100" height="50" />
        <cmp x="990" y="1331" width="37" height="27" />
        <cmp x="1021" y="1332" width="40" height="63" />
        <cmp x="1058" y="1327" width="67" height="30" />
      </word>
      <word id="m06-048-03-05" tag="IN" text="into">
        <cmp x="1166" y="1310" width="16" height="19" />
        <cmp x="1173" y="1335" width="5" height="24" />
        <cmp x="1193" y="1332" width="29" height="29" />
        <cmp x="1216" y="1305" width="24" height="55" />
        <cmp x="1240" y="1335" width="33" height="24" />
      </word>
      <word id="m06-048-03-06" tag="AT" text="a">
        <cmp x="1315" y="1331" width="46" height="31" />
      </word>
      <word id="m06-048-03-07" tag="NN" text="tigerfly">
        <cmp x="1404" y="1310" width="34" height="47" />
        <cmp x="1430" y="1314" width="9" height="10" />
        <cmp x="1441" y="1330" width="47" height="62" />
        <cmp x="1483" y="1330" width="30" height="28" />
        <cmp x="1513" y="1325" width="25" height="33" />
        <cmp x="1540" y="1296" width="30" height="77" />
        <cmp x="1572" y="1308" width="12" height="46" />
        <cmp x="1594" y="1338" width="31" height="49" />
      </word>
      <word id="m06-048-03-08" tag="." text=".">
        <cmp x="1639" y="1355" width="3" height="5" />
      </word>
      <word id="m06-048-03-09" tag="**&apos;" text="&apos;">
        <cmp x="1651" y="1301" width="9" height="24" />
      </word>
      <word id="m06-048-03-10" sentence-start="yes" tag="*&apos;" text="&apos;">
        <cmp x="1720" y="1304" width="7" height="25" />
      </word>
      <word id="m06-048-03-11" tag="PP2" text="You">
        <cmp x="1736" y="1304" width="35" height="59" />
        <cmp x="1770" y="1333" width="24" height="27" />
        <cmp x="1797" y="1332" width="40" height="29" />
      </word>
      <word id="m06-048-03-12" tag="BER" text="are">
        <cmp x="1874" y="1329" width="45" height="34" />
        <cmp x="1919" y="1326" width="22" height="34" />
        <cmp x="1949" y="1328" width="38" height="33" />
      </word>
      <word id="m06-048-03-13" tag="RB" text="still">
        <cmp x="2027" y="1327" width="32" height="35" />
        <cmp x="2060" y="1306" width="42" height="54" />
        <cmp x="2095" y="1317" width="9" height="6" />
        <cmp x="2116" y="1310" width="12" height="50" />
        <cmp x="2133" y="1306" width="7" height="55" />
      </word>
      <upper-contour>
        <point x="353" y="1200" />
        <point x="2141" y="1200" />
      </upper-contour>
      <lower-contour>
        <point x="347" y="1395" />
        <point x="2141" y="1395" />
      </lower-contour>
    </line>
    <line ass="-311" asx="0" asy="1470" character-width="999" dss="-311" dsx="0" dsy="1563" fd0="13598" fd1="2944" fd2="-829" filter-width="3" id="m06-048-04" lbs="-217" lbx="0" lby="1535" segmentation="ok" slant="106000" stroke-width="5193" threshold="160" text="young,&apos; said the Chief Captive. &apos;You begin newly here." ubs="-497" ubx="0" uby="1501">
      <word id="m06-048-04-00" tag="JJ" text="young">
        <cmp x="349" y="1494" width="27" height="58" />
        <cmp x="383" y="1499" width="66" height="33" />
        <cmp x="447" y="1502" width="72" height="65" />
      </word>
      <word id="m06-048-04-01" tag="," text=",">
        <cmp x="530" y="1525" width="13" height="26" />
      </word>
      <word id="m06-048-04-02" tag="**&apos;" text="&apos;">
        <cmp x="570" y="1475" width="7" height="24" />
      </word>
      <word id="m06-048-04-03" tag="VBD" text="said">
        <cmp x="596" y="1502" width="33" height="35" />
        <cmp x="630" y="1506" width="52" height="31" />
        <cmp x="673" y="1496" width="5" height="7" />
        <cmp x="682" y="1490" width="43" height="48" />
      </word>
      <word id="m06-048-04-04" tag="ATI" text="the">
        <cmp x="772" y="1481" width="26" height="55" />
        <cmp x="797" y="1489" width="70" height="50" />
      </word>
      <word id="m06-048-04-05" tag="NPT" text="Chief">
        <cmp x="912" y="1489" width="90" height="49" />
        <cmp x="994" y="1489" width="8" height="10" />
        <cmp x="1005" y="1476" width="66" height="78" />
      </word>
      <word id="m06-048-04-06" tag="NN" text="Captive">
        <cmp x="1124" y="1484" width="29" height="48" />
        <cmp x="1156" y="1505" width="74" height="59" />
        <cmp x="1228" y="1485" width="40" height="47" />
        <cmp x="1260" y="1486" width="9" height="10" />
        <cmp x="1279" y="1504" width="25" height="29" />
        <cmp x="1311" y="1505" width="29" height="32" />
      </word>
      <word id="m06-048-04-07" tag="." text=".">
        <cmp x="1366" y="1525" width="5" height="4" />
      </word>
      <word id="m06-048-04-08" sentence-start="yes" tag="*&apos;" text="&apos;">
        <cmp x="1403" y="1480" width="5" height="16" />
      </word>
      <word id="m06-048-04-09" tag="PP2" text="You">
        <cmp x="1433" y="1483" width="46" height="56" />
        <cmp x="1468" y="1511" width="28" height="24" />
        <cmp x="1499" y="1510" width="40" height="33" />
      </word>
      <word id="m06-048-04-10" tag="VB" text="begin">
        <cmp x="1581" y="1489" width="71" height="53" />
        <cmp x="1651" y="1511" width="40" height="60" />
        <cmp x="1692" y="1483" width="11" height="22" />
        <cmp x="1692" y="1518" width="7" height="25" />
        <cmp x="1708" y="1514" width="25" height="30" />
      </word>
      <word id="m06-048-04-11" tag="RB" text="newly">
        <cmp x="1788" y="1512" width="32" height="31" />
        <cmp x="1822" y="1512" width="33" height="34" />
        <cmp x="1860" y="1515" width="54" height="25" />
        <cmp x="1914" y="1494" width="8" height="42" />
        <cmp x="1931" y="1519" width="15" height="19" />
        <cmp x="1934" y="1517" width="32" height="50" />
      </word>
      <word id="m06-048-04-12" tag="RN" text="here">
        <cmp x="2027" y="1489" width="41" height="48" />
        <cmp x="2067" y="1511" width="44" height="30" />
        <cmp x="2120" y="1513" width="31" height="29" />
      </word>
      <word id="m06-048-04-13" tag="." text=".">
        <cmp x="2163" y="1540" width="6" height="5" />
      </word>
      <upper-contour>
        <point x="347" y="1395" />
        <point x="2141" y="1395" />
      </upper-contour>
      <lower-contour>
        <point x="347" y="1571" />
        <point x="2122" y="1571" />
      </lower-contour>
    </line>
    <line ass="-272" asx="0" asy="1645" character-width="999" dss="-272" dsx="0" dsy="1732" fd0="13318" fd1="3559" fd2="-319" filter-width="3" id="m06-048-05" lbs="-268" lbx="0" lby="1710" segmentation="err" slant="97000" stroke-width="5240" threshold="159" text="Where are your souls?&apos; Lily-yo and Flor looked at" ubs="-281" ubx="0" uby="1679">
      <word id="m06-048-05-00" sentence-start="yes" tag="WRB" text="Where">
        <cmp x="341" y="1661" width="51" height="46" />
        <cmp x="391" y="1660" width="93" height="50" />
        <cmp x="488" y="1683" width="29" height="28" />
      </word>
      <word id="m06-048-05-01" tag="BER" text="are">
        <cmp x="564" y="1679" width="63" height="40" />
        <cmp x="628" y="1682" width="39" height="31" />
      </word>
      <word id="m06-048-05-02" tag="PP$" text="your">
        <cmp x="727" y="1684" width="29" height="45" />
        <cmp x="755" y="1687" width="88" height="31" />
      </word>
      <word id="m06-048-05-03" tag="NNS" text="souls">
        <cmp x="904" y="1685" width="35" height="35" />
        <cmp x="935" y="1687" width="71" height="32" />
        <cmp x="1004" y="1668" width="14" height="40" />
        <cmp x="1021" y="1682" width="31" height="32" />
      </word>
      <word id="m06-048-05-04" tag="?" text="?">
        <cmp x="1063" y="1654" width="19" height="31" />
        <cmp x="1071" y="1704" width="6" height="6" />
        <cmp x="1097" y="1652" width="9" height="18" />
      </word>
      <word id="m06-048-05-05" tag="**&apos;" text="&apos;">
        <cmp x="1171" y="1674" width="33" height="42" />
      </word>
      <word id="m06-048-05-06" sentence-start="yes" tag="NP" text="Lily-yo">
        <cmp x="1208" y="1670" width="10" height="10" />
        <cmp x="1210" y="1693" width="6" height="21" />
        <cmp x="1231" y="1667" width="11" height="47" />
        <cmp x="1252" y="1692" width="35" height="45" />
        <cmp x="1303" y="1699" width="26" height="7" />
        <cmp x="1345" y="1687" width="27" height="51" />
        <cmp x="1373" y="1692" width="28" height="26" />
      </word>
      <word id="m06-048-05-07" tag="CC" text="and">
        <cmp x="1459" y="1682" width="38" height="34" />
        <cmp x="1498" y="1684" width="30" height="33" />
        <cmp x="1532" y="1663" width="41" height="53" />
      </word>
      <word id="m06-048-05-08" tag="NP" text="Flor">
        <cmp x="1610" y="1658" width="46" height="10" />
        <cmp x="1627" y="1667" width="35" height="40" />
        <cmp x="1667" y="1662" width="79" height="56" />
      </word>
      <word id="m06-048-05-09" tag="VBD" text="looked">
        <cmp x="1806" y="1663" width="16" height="50" />
        <cmp x="1821" y="1687" width="66" height="37" />
        <cmp x="1884" y="1666" width="36" height="54" />
        <cmp x="1917" y="1695" width="34" height="23" />
        <cmp x="1953" y="1670" width="42" height="51" />
      </word>
      <word id="m06-048-05-10" tag="IN" text="at">
        <cmp x="2056" y="1669" width="65" height="57" />
      </word>
      <upper-contour>
        <point x="347" y="1571" />
        <point x="2122" y="1571" />
      </upper-contour>
      <lower-contour>
        <point x="349" y="1739" />
        <point x="2122" y="1739" />
      </lower-contour>
    </line>
    <line ass="-446" asx="0" asy="1824" character-width="999" dss="-446" dsx="0" dsy="1916" fd0="13060" fd1="3089" fd2="-826" filter-width="3" id="m06-048-06" lbs="-476" lbx="0" lby="1883" segmentation="ok" slant="98000" stroke-width="5282" threshold="159" text="each other. In their flight from the 4wiltmilt they had" ubs="-387" ubx="0" uby="1851">
      <word id="m06-048-06-00" tag="PPLS21" text="each">
        <cmp x="351" y="1853" width="41" height="34" />
        <cmp x="392" y="1854" width="39" height="32" />
        <cmp x="430" y="1838" width="69" height="48" />
      </word>
      <word id="m06-048-06-01" tag="PPLS22" text="other">
        <cmp x="548" y="1859" width="38" height="36" />
        <cmp x="588" y="1834" width="24" height="56" />
        <cmp x="613" y="1834" width="69" height="53" />
        <cmp x="686" y="1859" width="22" height="26" />
      </word>
      <word id="m06-048-06-02" tag="." text=".">
        <cmp x="719" y="1888" width="6" height="5" />
      </word>
      <word id="m06-048-06-03" sentence-start="yes" tag="IN" text="In">
        <cmp x="788" y="1838" width="12" height="49" />
        <cmp x="807" y="1864" width="36" height="29" />
      </word>
      <word id="m06-048-06-04" tag="PP$" text="their">
        <cmp x="875" y="1839" width="26" height="53" />
        <cmp x="902" y="1836" width="80" height="55" />
        <cmp x="974" y="1847" width="9" height="10" />
        <cmp x="990" y="1861" width="21" height="31" />
      </word>
      <word id="m06-048-06-05" tag="NN" text="flight">
        <cmp x="1063" y="1835" width="63" height="73" />
        <cmp x="1117" y="1852" width="6" height="7" />
        <cmp x="1133" y="1872" width="32" height="53" />
        <cmp x="1166" y="1852" width="49" height="40" />
        <cmp x="1208" y="1842" width="31" height="48" />
      </word>
      <word id="m06-048-06-06" tag="IN" text="from">
        <cmp x="1283" y="1834" width="42" height="74" />
        <cmp x="1328" y="1867" width="31" height="32" />
        <cmp x="1365" y="1866" width="42" height="30" />
      </word>
      <word id="m06-048-06-07" tag="ATI" text="the">
        <cmp x="1458" y="1850" width="20" height="41" />
        <cmp x="1478" y="1849" width="49" height="42" />
        <cmp x="1530" y="1866" width="39" height="30" />
      </word>
      <word id="m06-048-06-08" tag="NN" text="4wiltmilt">
        <cmp x="1605" y="1848" width="34" height="41" />
        <cmp x="1648" y="1868" width="46" height="24" />
        <cmp x="1694" y="1857" width="5" height="6" />
        <cmp x="1696" y="1868" width="6" height="22" />
        <cmp x="1712" y="1841" width="12" height="51" />
        <cmp x="1728" y="1840" width="74" height="57" />
        <cmp x="1807" y="1849" width="5" height="11" />
        <cmp x="1808" y="1870" width="7" height="25" />
        <cmp x="1821" y="1839" width="38" height="58" />
      </word>
      <word id="m06-048-06-09" tag="PP3AS" text="they">
        <cmp x="1902" y="1847" width="69" height="49" />
        <cmp x="1969" y="1869" width="31" height="30" />
        <cmp x="2004" y="1875" width="33" height="50" />
      </word>
      <word id="m06-048-06-10" tag="HVD" text="had">
        <cmp x="2084" y="1851" width="41" height="48" />
        <cmp x="2124" y="1852" width="76" height="51" />
      </word>
      <upper-contour>
        <point x="349" y="1739" />
        <point x="2122" y="1739" />
      </upper-contour>
      <lower-contour>
        <point x="349" y="1925" />
        <point x="1585" y="1925" />
      </lower-contour>
    </line>
    <line ass="-730" asx="0" asy="2000" character-width="999" dss="-730" dsx="0" dsy="2085" fd0="13452" fd1="2826" fd2="-1297" filter-width="3" id="m06-048-07" lbs="-714" lbx="0" lby="2057" segmentation="ok" slant="100000" stroke-width="5319" threshold="159" text="heedlessly thrown down their souls." ubs="-763" ubx="0" uby="2027">
      <word id="m06-048-07-00" tag="RB" text="heedlessly">
        <cmp x="347" y="2010" width="44" height="49" />
        <cmp x="392" y="2033" width="28" height="31" />
        <cmp x="424" y="2034" width="28" height="30" />
        <cmp x="457" y="2010" width="47" height="55" />
        <cmp x="507" y="2018" width="114" height="49" />
        <cmp x="626" y="2014" width="11" height="48" />
        <cmp x="646" y="2043" width="30" height="51" />
      </word>
      <word id="m06-048-07-01" tag="VBN" text="thrown">
        <cmp x="743" y="2010" width="64" height="61" />
        <cmp x="811" y="2038" width="22" height="32" />
        <cmp x="834" y="2038" width="30" height="32" />
        <cmp x="866" y="2041" width="41" height="30" />
        <cmp x="910" y="2043" width="34" height="31" />
      </word>
      <word id="m06-048-07-02" tag="RP" text="down">
        <cmp x="999" y="2014" width="41" height="60" />
        <cmp x="1042" y="2039" width="30" height="39" />
        <cmp x="1080" y="2044" width="43" height="31" />
        <cmp x="1123" y="2046" width="31" height="28" />
      </word>
      <word id="m06-048-07-03" tag="PP$" text="their">
        <cmp x="1210" y="2024" width="29" height="51" />
        <cmp x="1234" y="2031" width="47" height="41" />
        <cmp x="1281" y="2044" width="43" height="31" />
        <cmp x="1311" y="2025" width="11" height="9" />
        <cmp x="1334" y="2043" width="21" height="29" />
      </word>
      <word id="m06-048-07-04" tag="NNS" text="souls">
        <cmp x="1409" y="2039" width="31" height="37" />
        <cmp x="1441" y="2048" width="71" height="27" />
        <cmp x="1514" y="2026" width="14" height="45" />
        <cmp x="1539" y="2042" width="27" height="35" />
      </word>
      <word id="m06-048-07-05" tag="." text=".">
        <cmp x="1579" y="2067" width="6" height="5" />
      </word>
      <upper-contour>
        <point x="349" y="1925" />
        <point x="1585" y="1925" />
      </upper-contour>
    </line>
  </handwritten-part>
</form>

