<?xml version="1.0" encoding="ISO-8859-1"?>

<!DOCTYPE form SYSTEM 'http://www.iam.unibe.ch/~fki/iamdb/form-metadata.dtd'>

<form created="2002-01-30" height="3542" id="n01-031" last-modified="2002-07-17" skew="63" status="final" version="3.0_beta" width="2479" writer-id="555">
  <machine-printed-part>
    <machine-print-line text="In the exceptional clarity he was even able to make a direct comparison between the" />
    <machine-print-line text="radar image and the ground itself. Ahead lay the Plain of Lombardy; to the right," />
    <machine-print-line text="Turin; to the left, Milan. The directional angle of the scanner could be adjusted to" />
    <machine-print-line text="cover any particular area within its range. Geoffrey turned the scale slowly to cover" />
    <machine-print-line text="the ground immediately ahead." />
  </machine-printed-part>
  <handwritten-part>
    <line ass="-392" asx="0" asy="719" character-width="999" dss="-392" dsx="0" dsy="846" fd0="13388" fd1="3058" fd2="-870" filter-width="4" id="n01-031-00" lbs="-393" lbx="0" lby="805" segmentation="ok" slant="72000" stroke-width="5915" threshold="171" text="In the exceptional clarity he was even able to" ubs="-390" ubx="0" uby="768">
      <word id="n01-031-00-00" sentence-start="yes" tag="IN" text="In">
        <cmp x="394" y="725" width="19" height="81" />
        <cmp x="410" y="771" width="24" height="36" />
      </word>
      <word id="n01-031-00-01" tag="ATI" text="the">
        <cmp x="504" y="733" width="35" height="87" />
        <cmp x="537" y="745" width="27" height="71" />
        <cmp x="571" y="775" width="41" height="39" />
      </word>
      <word id="n01-031-00-02" tag="JJ" text="exceptional">
        <cmp x="637" y="773" width="30" height="38" />
        <cmp x="661" y="764" width="36" height="49" />
        <cmp x="701" y="773" width="64" height="41" />
        <cmp x="765" y="776" width="32" height="64" />
        <cmp x="801" y="733" width="30" height="75" />
        <cmp x="830" y="773" width="14" height="34" />
        <cmp x="848" y="732" width="11" height="18" />
        <cmp x="851" y="771" width="26" height="38" />
        <cmp x="878" y="780" width="27" height="29" />
        <cmp x="911" y="779" width="26" height="33" />
        <cmp x="945" y="737" width="22" height="68" />
      </word>
      <word id="n01-031-00-03" tag="NN" text="clarity">
        <cmp x="1030" y="741" width="61" height="69" />
        <cmp x="1079" y="736" width="5" height="4" />
        <cmp x="1098" y="773" width="32" height="41" />
        <cmp x="1137" y="778" width="25" height="32" />
        <cmp x="1174" y="781" width="12" height="31" />
        <cmp x="1191" y="729" width="12" height="23" />
        <cmp x="1200" y="736" width="31" height="71" />
        <cmp x="1216" y="773" width="63" height="82" />
      </word>
      <word id="n01-031-00-04" tag="PP3A" text="he">
        <cmp x="1325" y="740" width="24" height="74" />
        <cmp x="1355" y="777" width="38" height="39" />
      </word>
      <word id="n01-031-00-05" tag="BEDZ" text="was">
        <cmp x="1426" y="784" width="42" height="32" />
        <cmp x="1480" y="779" width="31" height="34" />
        <cmp x="1499" y="781" width="35" height="41" />
      </word>
      <word id="n01-031-00-06" tag="RB" text="even">
        <cmp x="1585" y="773" width="35" height="48" />
        <cmp x="1627" y="770" width="34" height="48" />
        <cmp x="1656" y="778" width="31" height="37" />
        <cmp x="1692" y="782" width="28" height="35" />
      </word>
      <word id="n01-031-00-07" tag="JJ" text="able">
        <cmp x="1772" y="788" width="34" height="33" />
        <cmp x="1804" y="749" width="28" height="72" />
        <cmp x="1841" y="749" width="30" height="75" />
        <cmp x="1881" y="778" width="33" height="41" />
      </word>
      <word id="n01-031-00-08" tag="TO" text="to">
        <cmp x="1953" y="745" width="54" height="74" />
        <cmp x="2006" y="786" width="20" height="31" />
      </word>
      <lower-contour>
        <point x="392" y="856" />
        <point x="2027" y="856" />
      </lower-contour>
    </line>
    <line ass="-252" asx="0" asy="905" character-width="999" dss="-252" dsx="0" dsy="1017" fd0="13507" fd1="2799" fd2="-762" filter-width="4" id="n01-031-01" lbs="-266" lbx="0" lby="988" segmentation="ok" slant="72000" stroke-width="6201" threshold="170" text="make a direct comparison between the radar" ubs="-224" ubx="0" uby="954">
      <word id="n01-031-01-00" tag="VB" text="make">
        <cmp x="380" y="947" width="35" height="45" />
        <cmp x="434" y="961" width="28" height="31" />
        <cmp x="476" y="915" width="35" height="83" />
        <cmp x="513" y="951" width="37" height="38" />
      </word>
      <word id="n01-031-01-01" tag="AT" text="a">
        <cmp x="627" y="955" width="33" height="45" />
      </word>
      <word id="n01-031-01-02" tag="JJ" text="direct">
        <cmp x="726" y="924" width="54" height="72" />
        <cmp x="780" y="963" width="10" height="25" />
        <cmp x="794" y="913" width="10" height="24" />
        <cmp x="803" y="949" width="24" height="36" />
        <cmp x="838" y="952" width="35" height="31" />
        <cmp x="880" y="955" width="35" height="36" />
        <cmp x="923" y="919" width="37" height="77" />
      </word>
      <word id="n01-031-01-03" tag="NN" text="comparison">
        <cmp x="992" y="950" width="35" height="41" />
        <cmp x="1030" y="956" width="27" height="35" />
        <cmp x="1055" y="956" width="36" height="35" />
        <cmp x="1094" y="957" width="40" height="65" />
        <cmp x="1141" y="959" width="33" height="38" />
        <cmp x="1184" y="957" width="28" height="35" />
        <cmp x="1225" y="957" width="15" height="31" />
        <cmp x="1241" y="912" width="10" height="19" />
        <cmp x="1242" y="961" width="37" height="31" />
        <cmp x="1286" y="956" width="26" height="36" />
        <cmp x="1317" y="955" width="31" height="35" />
      </word>
      <word id="n01-031-01-04" tag="IN" text="between">
        <cmp x="1407" y="917" width="35" height="82" />
        <cmp x="1443" y="963" width="34" height="33" />
        <cmp x="1484" y="929" width="82" height="73" />
        <cmp x="1570" y="957" width="32" height="35" />
        <cmp x="1605" y="956" width="35" height="39" />
        <cmp x="1640" y="963" width="26" height="36" />
      </word>
      <word id="n01-031-01-05" tag="ATI" text="the">
        <cmp x="1728" y="918" width="60" height="83" />
        <cmp x="1787" y="954" width="40" height="44" />
      </word>
      <word id="n01-031-01-06" tag="NN" text="radar">
        <cmp x="1880" y="963" width="36" height="32" />
        <cmp x="1916" y="959" width="33" height="35" />
        <cmp x="1956" y="925" width="53" height="75" />
        <cmp x="1995" y="963" width="37" height="40" />
        <cmp x="2037" y="967" width="27" height="34" />
      </word>
      <upper-contour>
        <point x="392" y="856" />
        <point x="2027" y="856" />
      </upper-contour>
      <lower-contour>
        <point x="387" y="1022" />
        <point x="2019" y="1022" />
      </lower-contour>
    </line>
    <line ass="-361" asx="0" asy="1079" character-width="999" dss="-361" dsx="0" dsy="1198" fd0="13214" fd1="2947" fd2="-588" filter-width="4" id="n01-031-02" lbs="-474" lbx="0" lby="1166" segmentation="ok" slant="73000" stroke-width="6134" threshold="170" text="image and the ground itself. Ahead lay the" ubs="-137" ubx="0" uby="1134">
      <word id="n01-031-02-00" tag="NN" text="image">
        <cmp x="389" y="1125" width="12" height="45" />
        <cmp x="397" y="1086" width="10" height="20" />
        <cmp x="409" y="1131" width="44" height="43" />
        <cmp x="467" y="1141" width="27" height="31" />
        <cmp x="499" y="1142" width="38" height="58" />
        <cmp x="548" y="1134" width="36" height="37" />
      </word>
      <word id="n01-031-02-01" tag="CC" text="and">
        <cmp x="646" y="1134" width="28" height="40" />
        <cmp x="690" y="1141" width="20" height="31" />
        <cmp x="730" y="1096" width="42" height="73" />
      </word>
      <word id="n01-031-02-02" tag="ATI" text="the">
        <cmp x="814" y="1094" width="63" height="82" />
        <cmp x="876" y="1135" width="34" height="38" />
      </word>
      <word id="n01-031-02-03" tag="NN" text="ground">
        <cmp x="964" y="1138" width="37" height="66" />
        <cmp x="1007" y="1138" width="23" height="34" />
        <cmp x="1039" y="1143" width="19" height="27" />
        <cmp x="1066" y="1140" width="27" height="30" />
        <cmp x="1098" y="1141" width="21" height="30" />
        <cmp x="1133" y="1101" width="46" height="74" />
      </word>
      <word id="n01-031-02-04" tag="PPL" text="itself">
        <cmp x="1234" y="1135" width="16" height="38" />
        <cmp x="1248" y="1087" width="11" height="23" />
        <cmp x="1254" y="1090" width="40" height="88" />
        <cmp x="1281" y="1137" width="46" height="43" />
        <cmp x="1330" y="1136" width="33" height="39" />
        <cmp x="1370" y="1104" width="21" height="71" />
        <cmp x="1402" y="1095" width="49" height="107" />
      </word>
      <word id="n01-031-02-05" tag="." text=".">
        <cmp x="1450" y="1174" width="10" height="12" />
      </word>
      <word id="n01-031-02-06" sentence-start="yes" tag="RB" text="Ahead">
        <cmp x="1503" y="1101" width="71" height="86" />
        <cmp x="1580" y="1141" width="30" height="39" />
        <cmp x="1617" y="1147" width="28" height="28" />
        <cmp x="1649" y="1110" width="49" height="72" />
      </word>
      <word id="n01-031-02-07" tag="VBD" text="lay">
        <cmp x="1747" y="1095" width="38" height="79" />
        <cmp x="1789" y="1136" width="35" height="37" />
        <cmp x="1815" y="1136" width="52" height="71" />
      </word>
      <word id="n01-031-02-08" tag="ATI" text="the">
        <cmp x="1909" y="1102" width="61" height="82" />
        <cmp x="1974" y="1141" width="44" height="39" />
      </word>
      <upper-contour>
        <point x="387" y="1022" />
        <point x="2019" y="1022" />
      </upper-contour>
      <lower-contour>
        <point x="387" y="1207" />
        <point x="2019" y="1207" />
      </lower-contour>
    </line>
    <line ass="-663" asx="0" asy="1253" character-width="999" dss="-663" dsx="0" dsy="1392" fd0="13302" fd1="3319" fd2="85" filter-width="4" id="n01-031-03" lbs="-506" lbx="0" lby="1347" segmentation="ok" slant="72000" stroke-width="6039" threshold="170" text="Plain of Lombardy; to the right, Turin; to the" ubs="-977" ubx="0" uby="1298">
      <word id="n01-031-03-00" tag="NPL" text="Plain">
        <cmp x="386" y="1275" width="47" height="83" />
        <cmp x="431" y="1281" width="37" height="73" />
        <cmp x="474" y="1309" width="26" height="38" />
        <cmp x="512" y="1312" width="16" height="40" />
        <cmp x="528" y="1272" width="10" height="14" />
        <cmp x="537" y="1310" width="27" height="40" />
      </word>
      <word id="n01-031-03-01" tag="INO" text="of">
        <cmp x="633" y="1331" width="24" height="27" />
        <cmp x="654" y="1271" width="57" height="130" />
      </word>
      <word id="n01-031-03-02" tag="NP" text="Lombardy">
        <cmp x="759" y="1272" width="43" height="77" />
        <cmp x="808" y="1315" width="24" height="32" />
        <cmp x="836" y="1314" width="38" height="30" />
        <cmp x="882" y="1271" width="35" height="80" />
        <cmp x="921" y="1312" width="27" height="39" />
        <cmp x="957" y="1314" width="24" height="34" />
        <cmp x="994" y="1271" width="47" height="76" />
        <cmp x="1030" y="1306" width="52" height="67" />
      </word>
      <word id="n01-031-03-03" tag=";" text=";">
        <cmp x="1093" y="1338" width="23" height="62" />
        <cmp x="1114" y="1308" width="14" height="15" />
      </word>
      <word id="n01-031-03-04" tag="IN" text="to">
        <cmp x="1162" y="1277" width="47" height="72" />
        <cmp x="1194" y="1271" width="4" height="5" />
        <cmp x="1203" y="1310" width="30" height="33" />
      </word>
      <word id="n01-031-03-05" tag="ATI" text="the">
        <cmp x="1287" y="1274" width="62" height="80" />
        <cmp x="1345" y="1316" width="42" height="40" />
      </word>
      <word id="n01-031-03-06" tag="NN" text="right">
        <cmp x="1427" y="1322" width="30" height="33" />
        <cmp x="1457" y="1314" width="15" height="39" />
        <cmp x="1471" y="1321" width="38" height="64" />
        <cmp x="1474" y="1271" width="16" height="28" />
        <cmp x="1513" y="1278" width="25" height="78" />
        <cmp x="1550" y="1278" width="38" height="88" />
      </word>
      <word id="n01-031-03-07" tag="," text=",">
        <cmp x="1606" y="1354" width="19" height="39" />
      </word>
      <word id="n01-031-03-08" tag="NP" text="Turin">
        <cmp x="1657" y="1284" width="68" height="84" />
        <cmp x="1693" y="1335" width="30" height="31" />
        <cmp x="1732" y="1333" width="25" height="29" />
        <cmp x="1767" y="1330" width="12" height="32" />
        <cmp x="1784" y="1278" width="13" height="25" />
        <cmp x="1791" y="1330" width="27" height="35" />
      </word>
      <word id="n01-031-03-09" tag=";" text=";">
        <cmp x="1823" y="1351" width="27" height="46" />
        <cmp x="1848" y="1324" width="9" height="9" />
      </word>
      <word id="n01-031-03-10" tag="IN" text="to">
        <cmp x="1897" y="1289" width="42" height="76" />
        <cmp x="1939" y="1328" width="26" height="30" />
      </word>
      <word id="n01-031-03-11" tag="ATI" text="the">
        <cmp x="1995" y="1292" width="62" height="77" />
        <cmp x="2050" y="1289" width="5" height="4" />
        <cmp x="2067" y="1324" width="45" height="36" />
      </word>
      <upper-contour>
        <point x="387" y="1207" />
        <point x="2019" y="1207" />
      </upper-contour>
      <lower-contour>
        <point x="384" y="1401" />
        <point x="1976" y="1401" />
      </lower-contour>
    </line>
    <line ass="-611" asx="0" asy="1430" character-width="999" dss="-611" dsx="0" dsy="1558" fd0="13495" fd1="2706" fd2="-1128" filter-width="4" id="n01-031-04" lbs="-602" lbx="0" lby="1520" segmentation="ok" slant="74000" stroke-width="6056" threshold="167" text="left, Milan. The directional angle of the" ubs="-630" ubx="0" uby="1482">
      <word id="n01-031-04-00" tag="NN" text="left">
        <cmp x="381" y="1455" width="31" height="75" />
        <cmp x="422" y="1438" width="80" height="126" />
        <cmp x="501" y="1445" width="34" height="85" />
      </word>
      <word id="n01-031-04-01" tag="," text=",">
        <cmp x="580" y="1499" width="19" height="44" />
      </word>
      <word id="n01-031-04-02" tag="NP" text="Milan">
        <cmp x="620" y="1454" width="68" height="65" />
        <cmp x="688" y="1484" width="13" height="35" />
        <cmp x="704" y="1450" width="14" height="18" />
        <cmp x="713" y="1448" width="38" height="75" />
        <cmp x="751" y="1486" width="34" height="35" />
        <cmp x="792" y="1482" width="25" height="43" />
      </word>
      <word id="n01-031-04-03" tag="." text=".">
        <cmp x="833" y="1514" width="12" height="13" />
      </word>
      <word id="n01-031-04-04" sentence-start="yes" tag="ATI" text="The">
        <cmp x="886" y="1464" width="82" height="77" />
        <cmp x="985" y="1499" width="31" height="35" />
      </word>
      <word id="n01-031-04-05" tag="JJ" text="directional">
        <cmp x="1068" y="1459" width="44" height="72" />
        <cmp x="1110" y="1497" width="13" height="34" />
        <cmp x="1124" y="1453" width="12" height="23" />
        <cmp x="1139" y="1496" width="28" height="36" />
        <cmp x="1170" y="1493" width="29" height="31" />
        <cmp x="1210" y="1495" width="29" height="32" />
        <cmp x="1249" y="1461" width="30" height="68" />
        <cmp x="1281" y="1500" width="16" height="30" />
        <cmp x="1297" y="1448" width="17" height="30" />
        <cmp x="1307" y="1495" width="24" height="29" />
        <cmp x="1338" y="1498" width="23" height="30" />
        <cmp x="1370" y="1503" width="30" height="33" />
        <cmp x="1409" y="1457" width="23" height="81" />
      </word>
      <word id="n01-031-04-06" tag="NN" text="angle">
        <cmp x="1481" y="1503" width="40" height="44" />
        <cmp x="1525" y="1504" width="27" height="42" />
        <cmp x="1557" y="1507" width="42" height="64" />
        <cmp x="1613" y="1455" width="23" height="83" />
        <cmp x="1651" y="1499" width="38" height="37" />
      </word>
      <word id="n01-031-04-07" tag="INO" text="of">
        <cmp x="1743" y="1503" width="28" height="30" />
        <cmp x="1774" y="1449" width="45" height="126" />
      </word>
      <word id="n01-031-04-08" tag="ATI" text="the">
        <cmp x="1867" y="1468" width="41" height="71" />
        <cmp x="1901" y="1464" width="30" height="70" />
        <cmp x="1928" y="1459" width="6" height="5" />
        <cmp x="1935" y="1496" width="39" height="39" />
      </word>
      <upper-contour>
        <point x="384" y="1401" />
        <point x="1976" y="1401" />
      </upper-contour>
      <lower-contour>
        <point x="379" y="1575" />
        <point x="1899" y="1575" />
      </lower-contour>
    </line>
    <line ass="-808" asx="0" asy="1610" character-width="999" dss="-808" dsx="0" dsy="1753" fd0="13893" fd1="2838" fd2="-609" filter-width="4" id="n01-031-05" lbs="-827" lbx="0" lby="1697" segmentation="ok" slant="76000" stroke-width="6243" threshold="168" text="scanner could be adjusted to cover any" ubs="-770" ubx="0" uby="1659">
      <word id="n01-031-05-00" tag="NN" text="scanner">
        <cmp x="368" y="1661" width="37" height="44" />
        <cmp x="403" y="1662" width="38" height="38" />
        <cmp x="452" y="1662" width="32" height="45" />
        <cmp x="496" y="1667" width="31" height="39" />
        <cmp x="535" y="1672" width="25" height="35" />
        <cmp x="575" y="1673" width="30" height="30" />
        <cmp x="614" y="1672" width="29" height="32" />
      </word>
      <word id="n01-031-05-01" tag="MD" text="could">
        <cmp x="688" y="1667" width="41" height="47" />
        <cmp x="732" y="1674" width="26" height="34" />
        <cmp x="759" y="1668" width="27" height="45" />
        <cmp x="798" y="1626" width="27" height="84" />
        <cmp x="833" y="1638" width="47" height="71" />
      </word>
      <word id="n01-031-05-02" tag="BE" text="be">
        <cmp x="927" y="1637" width="27" height="76" />
        <cmp x="957" y="1680" width="31" height="32" />
      </word>
      <word id="n01-031-05-03" tag="VBN" text="adjusted">
        <cmp x="1051" y="1673" width="35" height="37" />
        <cmp x="1090" y="1635" width="47" height="78" />
        <cmp x="1126" y="1682" width="38" height="51" />
        <cmp x="1167" y="1627" width="13" height="18" />
        <cmp x="1177" y="1663" width="23" height="49" />
        <cmp x="1214" y="1630" width="76" height="83" />
        <cmp x="1280" y="1671" width="35" height="34" />
        <cmp x="1317" y="1641" width="48" height="69" />
      </word>
      <word id="n01-031-05-04" tag="TO" text="to">
        <cmp x="1416" y="1634" width="57" height="92" />
        <cmp x="1457" y="1686" width="34" height="34" />
      </word>
      <word id="n01-031-05-05" tag="VB" text="cover">
        <cmp x="1548" y="1680" width="42" height="47" />
        <cmp x="1588" y="1687" width="29" height="36" />
        <cmp x="1620" y="1676" width="35" height="52" />
        <cmp x="1654" y="1678" width="40" height="42" />
        <cmp x="1693" y="1678" width="31" height="34" />
      </word>
      <word id="n01-031-05-06" tag="DTI" text="any">
        <cmp x="1779" y="1686" width="38" height="38" />
        <cmp x="1814" y="1685" width="30" height="37" />
        <cmp x="1823" y="1684" width="75" height="96" />
      </word>
      <upper-contour>
        <point x="379" y="1575" />
        <point x="1899" y="1575" />
      </upper-contour>
      <lower-contour>
        <point x="366" y="1780" />
        <point x="1899" y="1780" />
      </lower-contour>
    </line>
    <line ass="-756" asx="0" asy="1785" character-width="999" dss="-756" dsx="0" dsy="1913" fd0="13384" fd1="2625" fd2="-1096" filter-width="4" id="n01-031-06" lbs="-741" lbx="0" lby="1876" segmentation="ok" slant="68999" stroke-width="6250" threshold="170" text="particular area within its range. Geoffrey" ubs="-786" ubx="0" uby="1843">
      <word id="n01-031-06-00" tag="JJ" text="particular">
        <cmp x="368" y="1847" width="32" height="71" />
        <cmp x="411" y="1860" width="30" height="38" />
        <cmp x="447" y="1859" width="24" height="37" />
        <cmp x="487" y="1816" width="41" height="69" />
        <cmp x="533" y="1853" width="15" height="27" />
        <cmp x="552" y="1801" width="10" height="23" />
        <cmp x="565" y="1853" width="25" height="32" />
        <cmp x="590" y="1852" width="6" height="6" />
        <cmp x="608" y="1845" width="26" height="35" />
        <cmp x="650" y="1809" width="22" height="71" />
        <cmp x="679" y="1843" width="31" height="40" />
        <cmp x="722" y="1840" width="39" height="43" />
      </word>
      <word id="n01-031-06-01" tag="NN" text="area">
        <cmp x="836" y="1842" width="40" height="46" />
        <cmp x="873" y="1846" width="34" height="42" />
        <cmp x="909" y="1847" width="38" height="39" />
        <cmp x="960" y="1849" width="34" height="44" />
      </word>
      <word id="n01-031-06-02" tag="IN" text="within">
        <cmp x="1076" y="1846" width="41" height="37" />
        <cmp x="1118" y="1847" width="14" height="35" />
        <cmp x="1136" y="1801" width="13" height="27" />
        <cmp x="1145" y="1805" width="54" height="82" />
        <cmp x="1211" y="1850" width="19" height="33" />
        <cmp x="1229" y="1806" width="14" height="22" />
        <cmp x="1234" y="1854" width="29" height="39" />
      </word>
      <word id="n01-031-06-03" tag="PP$" text="its">
        <cmp x="1342" y="1859" width="18" height="39" />
        <cmp x="1354" y="1811" width="20" height="26" />
        <cmp x="1369" y="1807" width="40" height="83" />
        <cmp x="1390" y="1851" width="50" height="47" />
      </word>
      <word id="n01-031-06-04" tag="NN" text="range">
        <cmp x="1508" y="1850" width="31" height="41" />
        <cmp x="1554" y="1851" width="42" height="45" />
        <cmp x="1591" y="1856" width="32" height="38" />
        <cmp x="1615" y="1859" width="46" height="68" />
        <cmp x="1672" y="1864" width="47" height="34" />
      </word>
      <word id="n01-031-06-05" tag="." text=".">
        <cmp x="1743" y="1890" width="13" height="16" />
      </word>
      <word id="n01-031-06-06" sentence-start="yes" tag="NP" text="Geoffrey">
        <cmp x="1802" y="1818" width="63" height="87" />
        <cmp x="1860" y="1859" width="39" height="39" />
        <cmp x="1901" y="1867" width="29" height="30" />
        <cmp x="1938" y="1816" width="81" height="106" />
        <cmp x="2006" y="1858" width="30" height="32" />
        <cmp x="2044" y="1861" width="82" height="72" />
      </word>
      <upper-contour>
        <point x="366" y="1780" />
        <point x="1899" y="1780" />
      </upper-contour>
      <lower-contour>
        <point x="373" y="1927" />
        <point x="1988" y="1927" />
      </lower-contour>
    </line>
    <line ass="-372" asx="0" asy="1980" character-width="999" dss="-372" dsx="0" dsy="2096" fd0="12442" fd1="2684" fd2="-782" filter-width="4" id="n01-031-07" lbs="-396" lbx="0" lby="2061" segmentation="err" slant="74000" stroke-width="6373" threshold="168" text="turned the scale slowly to cover the" ubs="-326" ubx="0" uby="2022">
      <word id="n01-031-07-00" tag="VBD" text="turned">
        <cmp x="375" y="1996" width="72" height="74" />
        <cmp x="452" y="2032" width="24" height="34" />
        <cmp x="487" y="2027" width="25" height="36" />
        <cmp x="527" y="2032" width="36" height="30" />
        <cmp x="570" y="1985" width="47" height="79" />
      </word>
      <word id="n01-031-07-01" tag="ATI" text="the">
        <cmp x="691" y="1994" width="61" height="75" />
        <cmp x="756" y="2026" width="37" height="51" />
      </word>
      <word id="n01-031-07-02" tag="NN" text="scale">
        <cmp x="861" y="2018" width="35" height="47" />
        <cmp x="901" y="2023" width="36" height="43" />
        <cmp x="942" y="2030" width="30" height="39" />
        <cmp x="983" y="1993" width="24" height="75" />
        <cmp x="1015" y="2022" width="43" height="43" />
      </word>
      <word id="n01-031-07-03" tag="RB" text="slowly">
        <cmp x="1113" y="2026" width="34" height="40" />
        <cmp x="1145" y="2025" width="4" height="6" />
        <cmp x="1155" y="2000" width="31" height="67" />
        <cmp x="1169" y="1993" width="8" height="5" />
        <cmp x="1194" y="2035" width="23" height="32" />
        <cmp x="1225" y="2031" width="44" height="36" />
        <cmp x="1273" y="1996" width="27" height="66" />
        <cmp x="1299" y="2032" width="50" height="73" />
      </word>
      <word id="n01-031-07-04" tag="TO" text="to">
        <cmp x="1391" y="1997" width="79" height="75" />
        <cmp x="1499" y="1998" width="72" height="80" />
      </word>
      <word id="n01-031-07-05" tag="VB" text="cover">
        <cmp x="1620" y="2036" width="37" height="38" />
        <cmp x="1672" y="2036" width="27" height="38" />
        <cmp x="1705" y="2028" width="32" height="44" />
        <cmp x="1727" y="2031" width="42" height="41" />
        <cmp x="1770" y="2039" width="32" height="41" />
      </word>
      <word id="n01-031-07-06" tag="ATI" text="the">
        <cmp x="1874" y="1993" width="66" height="91" />
        <cmp x="1948" y="2034" width="39" height="41" />
      </word>
      <upper-contour>
        <point x="373" y="1927" />
        <point x="1988" y="1927" />
      </upper-contour>
      <lower-contour>
        <point x="384" y="2105" />
        <point x="1449" y="2105" />
      </lower-contour>
    </line>
    <line ass="-497" asx="0" asy="2155" character-width="999" dss="-497" dsx="0" dsy="2282" fd0="13443" fd1="2880" fd2="-745" filter-width="4" id="n01-031-08" lbs="-565" lbx="0" lby="2238" segmentation="ok" slant="73000" stroke-width="6268" threshold="167" text="ground immediately ahead." ubs="-360" ubx="0" uby="2204">
      <word id="n01-031-08-00" tag="NN" text="ground">
        <cmp x="386" y="2204" width="38" height="62" />
        <cmp x="427" y="2205" width="26" height="42" />
        <cmp x="466" y="2209" width="20" height="28" />
        <cmp x="496" y="2203" width="30" height="37" />
        <cmp x="536" y="2204" width="24" height="38" />
        <cmp x="575" y="2165" width="51" height="81" />
      </word>
      <word id="n01-031-08-01" tag="RB" text="immediately">
        <cmp x="692" y="2214" width="13" height="32" />
        <cmp x="701" y="2181" width="11" height="23" />
        <cmp x="712" y="2221" width="39" height="37" />
        <cmp x="762" y="2215" width="36" height="35" />
        <cmp x="808" y="2215" width="35" height="36" />
        <cmp x="859" y="2181" width="42" height="68" />
        <cmp x="903" y="2209" width="15" height="34" />
        <cmp x="920" y="2171" width="9" height="18" />
        <cmp x="927" y="2205" width="36" height="39" />
        <cmp x="970" y="2165" width="42" height="79" />
        <cmp x="1013" y="2208" width="35" height="32" />
        <cmp x="1054" y="2166" width="27" height="71" />
        <cmp x="1073" y="2205" width="63" height="88" />
        <cmp x="1086" y="2204" width="17" height="35" />
      </word>
      <word id="n01-031-08-02" tag="RB" text="ahead">
        <cmp x="1218" y="2211" width="33" height="41" />
        <cmp x="1252" y="2172" width="26" height="79" />
        <cmp x="1279" y="2207" width="43" height="48" />
        <cmp x="1330" y="2214" width="33" height="39" />
        <cmp x="1372" y="2169" width="53" height="90" />
      </word>
      <word id="n01-031-08-03" tag="." text=".">
        <cmp x="1427" y="2246" width="21" height="13" />
      </word>
      <upper-contour>
        <point x="384" y="2105" />
        <point x="1449" y="2105" />
      </upper-contour>
    </line>
  </handwritten-part>
</form>

