<?xml version="1.0" encoding="ISO-8859-1"?>

<!DOCTYPE form SYSTEM 'http://www.iam.unibe.ch/~fki/iamdb/form-metadata.dtd'>

<form created="2002-01-30" height="3542" id="n02-028" last-modified="2002-07-17" skew="-30" status="final" version="3.0_beta" width="2479" writer-id="561">
  <machine-printed-part>
    <machine-print-line text="Jack and Blanche were quick to sympathise, and to express their disgust at Sir John&apos;s" />
    <machine-print-line text="abominable treatment of his guests. But Piers remained aloof, and when Beryl sug-" />
    <machine-print-line text="gested having a second party, the following week, he poured cold water on the project." />
    <machine-print-line text="Everyone, he declared, had had a thoroughly good time, and it would take them nearly" />
    <machine-print-line text="to next week to settle down again. Meanwhile Hubert would have betaken himself" />
    <machine-print-line text="and his well-earned gratuity to his native village at the north of the island." />
  </machine-printed-part>
  <handwritten-part>
    <line ass="-328" asx="0" asy="833" character-width="999" dss="-328" dsx="0" dsy="1038" fd0="12294" fd1="3206" fd2="-248" filter-width="3" id="n02-028-00" lbs="-412" lbx="0" lby="968" segmentation="err" slant="90000" stroke-width="5361" threshold="176" text="Jack and Blanche were quick to sympathise, and to" ubs="-161" ubx="0" uby="936">
      <word id="n02-028-00-00" sentence-start="yes" tag="NP" text="Jack">
        <cmp x="359" y="836" width="121" height="143" />
      </word>
      <word id="n02-028-00-01" tag="CC" text="and">
        <cmp x="525" y="931" width="33" height="47" />
        <cmp x="554" y="863" width="66" height="112" />
      </word>
      <word id="n02-028-00-02" tag="NP" text="Blanche">
        <cmp x="669" y="854" width="40" height="131" />
        <cmp x="712" y="860" width="66" height="116" />
        <cmp x="775" y="844" width="128" height="141" />
      </word>
      <word id="n02-028-00-03" tag="BED" text="were">
        <cmp x="953" y="953" width="36" height="34" />
        <cmp x="978" y="948" width="7" height="12" />
        <cmp x="992" y="930" width="82" height="53" />
      </word>
      <word id="n02-028-00-04" tag="JJ" text="quick">
        <cmp x="1115" y="928" width="30" height="114" />
        <cmp x="1143" y="921" width="69" height="62" />
        <cmp x="1180" y="909" width="22" height="18" />
        <cmp x="1194" y="951" width="3" height="5" />
        <cmp x="1209" y="955" width="31" height="28" />
        <cmp x="1228" y="855" width="48" height="124" />
      </word>
      <word id="n02-028-00-05" tag="TO" text="to">
        <cmp x="1309" y="869" width="50" height="124" />
      </word>
      <word id="n02-028-00-06" tag="VB" text="sympathise">
        <cmp x="1403" y="943" width="12" height="18" />
        <cmp x="1404" y="963" width="15" height="15" />
        <cmp x="1424" y="939" width="30" height="94" />
        <cmp x="1457" y="936" width="61" height="46" />
        <cmp x="1529" y="943" width="15" height="104" />
        <cmp x="1547" y="954" width="34" height="28" />
        <cmp x="1565" y="873" width="125" height="123" />
        <cmp x="1627" y="913" width="21" height="13" />
        <cmp x="1684" y="983" width="10" height="36" />
      </word>
      <word id="n02-028-00-07" tag="," text=",">
        <cmp x="1750" y="934" width="31" height="37" />
      </word>
      <word id="n02-028-00-08" tag="CC" text="and">
        <cmp x="1786" y="863" width="61" height="110" />
      </word>
      <word id="n02-028-00-09" tag="TO" text="to">
        <cmp x="1889" y="865" width="43" height="108" />
      </word>
      <lower-contour>
        <point x="357" y="1017" />
        <point x="1135" y="1042" />
        <point x="1296" y="993" />
        <point x="1435" y="1047" />
        <point x="1705" y="973" />
        <point x="1933" y="973" />
      </lower-contour>
    </line>
    <line ass="-173" asx="0" asy="1017" character-width="999" dss="-173" dsx="0" dsy="1322" fd0="12312" fd1="2587" fd2="-926" filter-width="3" id="n02-028-01" lbs="-341" lbx="0" lby="1143" segmentation="err" slant="90000" stroke-width="5291" threshold="179" text="express their disgust at Sir John&apos;s abominable treatment" ubs="160" ubx="0" uby="1115">
      <word id="n02-028-01-00" tag="VB" text="express">
        <cmp x="339" y="1110" width="30" height="47" />
        <cmp x="359" y="1124" width="29" height="30" />
        <cmp x="400" y="1120" width="24" height="92" />
        <cmp x="423" y="1114" width="64" height="52" />
      </word>
      <word id="n02-028-01-01" tag="PP$" text="their">
        <cmp x="535" y="1031" width="123" height="123" />
        <cmp x="624" y="1072" width="21" height="15" />
        <cmp x="660" y="1118" width="38" height="39" />
      </word>
      <word id="n02-028-01-02" tag="NN" text="disgust">
        <cmp x="764" y="1022" width="44" height="130" />
        <cmp x="808" y="1064" width="19" height="24" />
        <cmp x="810" y="1117" width="15" height="36" />
        <cmp x="829" y="1114" width="22" height="37" />
        <cmp x="856" y="1298" width="36" height="28" />
        <cmp x="867" y="1109" width="85" height="214" />
        <cmp x="887" y="1130" width="7" height="4" />
        <cmp x="952" y="1062" width="34" height="111" />
      </word>
      <word id="n02-028-01-03" tag="IN" text="at">
        <cmp x="1054" y="1022" width="46" height="138" />
      </word>
      <word id="n02-028-01-04" tag="NPT" text="Sir">
        <cmp x="1150" y="1049" width="35" height="105" />
        <cmp x="1181" y="1088" width="14" height="9" />
        <cmp x="1185" y="1146" width="8" height="18" />
        <cmp x="1197" y="1123" width="31" height="37" />
      </word>
      <word id="n02-028-01-05" tag="NP$" text="John&apos;s">
        <cmp x="1291" y="1033" width="39" height="129" />
        <cmp x="1326" y="1023" width="74" height="140" />
        <cmp x="1390" y="1065" width="14" height="64" />
        <cmp x="1416" y="1121" width="21" height="39" />
      </word>
      <word id="n02-028-01-06" tag="JJ" text="abominable">
        <cmp x="1502" y="1048" width="70" height="109" />
        <cmp x="1583" y="1119" width="48" height="45" />
        <cmp x="1624" y="1068" width="11" height="21" />
        <cmp x="1632" y="1043" width="127" height="120" />
      </word>
      <word id="n02-028-01-07" tag="NN" text="treatment">
        <cmp x="1807" y="1027" width="123" height="131" />
        <cmp x="1937" y="1106" width="83" height="44" />
        <cmp x="2013" y="1115" width="43" height="37" />
        <cmp x="2045" y="1050" width="33" height="99" />
      </word>
      <upper-contour>
        <point x="357" y="1017" />
        <point x="1135" y="1042" />
        <point x="1296" y="993" />
        <point x="1435" y="1047" />
        <point x="1705" y="973" />
        <point x="1933" y="973" />
      </upper-contour>
      <lower-contour>
        <point x="337" y="1197" />
        <point x="414" y="1212" />
        <point x="432" y="1166" />
        <point x="856" y="1327" />
        <point x="892" y="1310" />
        <point x="895" y="1323" />
        <point x="970" y="1174" />
        <point x="2057" y="1174" />
      </lower-contour>
    </line>
    <line ass="-257" asx="0" asy="1187" character-width="999" dss="-257" dsx="0" dsy="1419" fd0="12427" fd1="3358" fd2="-396" filter-width="3" id="n02-028-02" lbs="-124" lbx="0" lby="1335" segmentation="err" slant="90000" stroke-width="5264" threshold="180" text="of his guests. But Piers remained aloof, and when Beryl" ubs="-523" ubx="0" uby="1289">
      <word id="n02-028-02-00" tag="INO" text="of">
        <cmp x="336" y="1296" width="24" height="52" />
        <cmp x="351" y="1200" width="48" height="193" />
        <cmp x="383" y="1378" width="4" height="5" />
      </word>
      <word id="n02-028-02-01" tag="PP$" text="his">
        <cmp x="426" y="1212" width="75" height="117" />
        <cmp x="464" y="1244" width="25" height="26" />
        <cmp x="502" y="1295" width="20" height="38" />
      </word>
      <word id="n02-028-02-02" tag="NNS" text="guests">
        <cmp x="579" y="1287" width="117" height="136" />
        <cmp x="688" y="1217" width="49" height="116" />
        <cmp x="749" y="1323" width="12" height="6" />
      </word>
      <word id="n02-028-02-03" tag="." text=".">
        <cmp x="809" y="1232" width="39" height="104" />
      </word>
      <word id="n02-028-02-04" sentence-start="yes" tag="CC" text="But">
        <cmp x="892" y="1321" width="3" height="4" />
      </word>
      <word id="n02-028-02-05" tag="NP" text="Piers">
        <cmp x="971" y="1225" width="30" height="126" />
        <cmp x="1008" y="1269" width="16" height="20" />
        <cmp x="1013" y="1310" width="14" height="36" />
        <cmp x="1033" y="1291" width="41" height="53" />
        <cmp x="1079" y="1303" width="15" height="16" />
        <cmp x="1086" y="1321" width="9" height="15" />
      </word>
      <word id="n02-028-02-06" tag="VBD" text="remained">
        <cmp x="1136" y="1281" width="160" height="59" />
        <cmp x="1265" y="1241" width="17" height="6" />
        <cmp x="1293" y="1229" width="79" height="104" />
      </word>
      <word id="n02-028-02-07" tag="JJ" text="aloof">
        <cmp x="1408" y="1293" width="41" height="36" />
        <cmp x="1442" y="1195" width="17" height="143" />
        <cmp x="1461" y="1301" width="47" height="41" />
        <cmp x="1505" y="1211" width="39" height="169" />
        <cmp x="1533" y="1348" width="13" height="40" />
      </word>
      <word id="n02-028-02-08" tag="," text=",">
        <cmp x="1582" y="1299" width="34" height="41" />
      </word>
      <word id="n02-028-02-09" tag="CC" text="and">
        <cmp x="1619" y="1206" width="65" height="129" />
      </word>
      <word id="n02-028-02-10" tag="WRB" text="when">
        <cmp x="1719" y="1296" width="34" height="39" />
        <cmp x="1766" y="1195" width="99" height="145" />
      </word>
      <word id="n02-028-02-11" tag="NP" text="Beryl">
        <cmp x="1910" y="1206" width="34" height="129" />
        <cmp x="1949" y="1274" width="80" height="105" />
        <cmp x="2035" y="1201" width="19" height="117" />
      </word>
      <upper-contour>
        <point x="337" y="1197" />
        <point x="414" y="1212" />
        <point x="432" y="1166" />
        <point x="856" y="1327" />
        <point x="892" y="1310" />
        <point x="895" y="1323" />
        <point x="970" y="1174" />
        <point x="2057" y="1174" />
      </upper-contour>
      <lower-contour>
        <point x="335" y="1407" />
        <point x="600" y="1424" />
        <point x="649" y="1388" />
        <point x="1611" y="1380" />
        <point x="2056" y="1380" />
      </lower-contour>
    </line>
    <line ass="-365" asx="0" asy="1379" character-width="999" dss="-365" dsx="0" dsy="1615" fd0="12269" fd1="2503" fd2="-870" filter-width="3" id="n02-028-03" lbs="-431" lbx="0" lby="1504" segmentation="err" slant="90000" stroke-width="5122" threshold="174" text="suggested having a second party, the following week, he" ubs="-233" ubx="0" uby="1470">
      <word id="n02-028-03-00" tag="VBD" text="suggested">
        <cmp x="337" y="1459" width="30" height="65" />
        <cmp x="367" y="1478" width="45" height="46" />
        <cmp x="374" y="1480" width="4" height="4" />
        <cmp x="408" y="1481" width="37" height="116" />
        <cmp x="434" y="1473" width="80" height="146" />
        <cmp x="510" y="1426" width="46" height="108" />
        <cmp x="521" y="1427" width="6" height="3" />
        <cmp x="556" y="1408" width="43" height="108" />
      </word>
      <word id="n02-028-03-01" tag="HVG" text="having">
        <cmp x="649" y="1394" width="100" height="129" />
        <cmp x="744" y="1437" width="14" height="16" />
        <cmp x="759" y="1483" width="8" height="37" />
        <cmp x="770" y="1492" width="24" height="22" />
        <cmp x="771" y="1479" width="5" height="8" />
        <cmp x="800" y="1481" width="22" height="55" />
      </word>
      <word id="n02-028-03-02" tag="AT" text="a">
        <cmp x="870" y="1467" width="31" height="45" />
      </word>
      <word id="n02-028-03-03" tag="OD" text="second">
        <cmp x="923" y="1471" width="8" height="16" />
        <cmp x="948" y="1455" width="101" height="59" />
        <cmp x="1058" y="1475" width="45" height="40" />
        <cmp x="1101" y="1402" width="38" height="109" />
      </word>
      <word id="n02-028-03-04" tag="NN" text="party">
        <cmp x="1190" y="1395" width="171" height="227" />
      </word>
      <word id="n02-028-03-05" tag="," text=",">
        <cmp x="1368" y="1499" width="20" height="69" />
      </word>
      <word id="n02-028-03-06" tag="ATI" text="the">
        <cmp x="1410" y="1396" width="102" height="118" />
      </word>
      <word id="n02-028-03-07" tag="JJ" text="following">
        <cmp x="1559" y="1390" width="84" height="159" />
        <cmp x="1657" y="1466" width="36" height="41" />
        <cmp x="1706" y="1433" width="12" height="25" />
        <cmp x="1707" y="1478" width="8" height="42" />
        <cmp x="1723" y="1489" width="58" height="124" />
      </word>
      <word id="n02-028-03-08" tag="NN" text="week">
        <cmp x="1823" y="1404" width="124" height="124" />
        <cmp x="1850" y="1485" width="3" height="7" />
      </word>
      <word id="n02-028-03-09" tag="," text=",">
        <cmp x="1950" y="1502" width="15" height="45" />
      </word>
      <word id="n02-028-03-10" tag="PP3A" text="he">
        <cmp x="1993" y="1394" width="62" height="118" />
      </word>
      <upper-contour>
        <point x="335" y="1407" />
        <point x="600" y="1424" />
        <point x="649" y="1388" />
        <point x="1611" y="1380" />
        <point x="2056" y="1380" />
      </upper-contour>
      <lower-contour>
        <point x="338" y="1619" />
        <point x="503" y="1535" />
        <point x="1194" y="1584" />
        <point x="1215" y="1523" />
        <point x="1319" y="1622" />
        <point x="1343" y="1574" />
        <point x="1762" y="1613" />
        <point x="1811" y="1548" />
        <point x="2037" y="1548" />
      </lower-contour>
    </line>
    <line ass="-613" asx="0" asy="1528" character-width="999" dss="-613" dsx="0" dsy="1750" fd0="12117" fd1="3229" fd2="-344" filter-width="3" id="n02-028-04" lbs="-674" lbx="0" lby="1684" segmentation="err" slant="90000" stroke-width="5220" threshold="173" text="poured cold water on the project. Everyone, he declared," ubs="-493" ubx="0" uby="1641">
      <word id="n02-028-04-00" tag="VBD" text="poured">
        <cmp x="340" y="1569" width="201" height="161" />
      </word>
      <word id="n02-028-04-01" tag="JJ" text="cold">
        <cmp x="567" y="1573" width="106" height="127" />
        <cmp x="612" y="1577" width="14" height="16" />
      </word>
      <word id="n02-028-04-02" tag="NN" text="water">
        <cmp x="727" y="1647" width="34" height="47" />
        <cmp x="762" y="1561" width="84" height="137" />
        <cmp x="818" y="1538" width="14" height="72" />
        <cmp x="841" y="1658" width="14" height="7" />
      </word>
      <word id="n02-028-04-03" tag="IN" text="on">
        <cmp x="880" y="1636" width="60" height="62" />
        <cmp x="912" y="1637" width="3" height="5" />
      </word>
      <word id="n02-028-04-04" tag="ATI" text="the">
        <cmp x="958" y="1555" width="119" height="145" />
      </word>
      <word id="n02-028-04-05" tag="NN" text="project">
        <cmp x="1106" y="1649" width="62" height="114" />
        <cmp x="1175" y="1605" width="8" height="26" />
        <cmp x="1179" y="1669" width="18" height="91" />
        <cmp x="1192" y="1662" width="3" height="6" />
        <cmp x="1198" y="1651" width="64" height="45" />
        <cmp x="1243" y="1547" width="37" height="138" />
        <cmp x="1285" y="1680" width="13" height="9" />
      </word>
      <word id="n02-028-04-06" tag="." text=".">
        <cmp x="1356" y="1590" width="62" height="115" />
      </word>
      <word id="n02-028-04-07" sentence-start="yes" tag="PN" text="Everyone">
        <cmp x="1425" y="1653" width="53" height="44" />
        <cmp x="1478" y="1645" width="36" height="119" />
        <cmp x="1516" y="1649" width="89" height="52" />
      </word>
      <word id="n02-028-04-08" tag="," text=",">
        <cmp x="1624" y="1683" width="16" height="56" />
      </word>
      <word id="n02-028-04-09" tag="PP3A" text="he">
        <cmp x="1686" y="1575" width="47" height="110" />
      </word>
      <word id="n02-028-04-10" tag="VBD" text="declared">
        <cmp x="1790" y="1557" width="99" height="146" />
        <cmp x="1890" y="1577" width="114" height="119" />
      </word>
      <word id="n02-028-04-11" tag="," text=",">
        <cmp x="2029" y="1678" width="7" height="44" />
      </word>
      <upper-contour>
        <point x="338" y="1619" />
        <point x="503" y="1535" />
        <point x="1194" y="1584" />
        <point x="1215" y="1523" />
        <point x="1319" y="1622" />
        <point x="1343" y="1574" />
        <point x="1762" y="1613" />
        <point x="1811" y="1548" />
        <point x="2037" y="1548" />
      </upper-contour>
      <lower-contour>
        <point x="338" y="1730" />
        <point x="1112" y="1763" />
        <point x="1153" y="1701" />
        <point x="1179" y="1760" />
        <point x="1401" y="1699" />
        <point x="1495" y="1765" />
        <point x="1755" y="1718" />
        <point x="2029" y="1723" />
        <point x="2037" y="1723" />
      </lower-contour>
    </line>
    <line ass="144" asx="0" asy="1727" character-width="999" dss="144" dsx="0" dsy="1973" fd0="11996" fd1="3257" fd2="-15" filter-width="3" id="n02-028-05" lbs="203" lbx="0" lby="1876" segmentation="ok" slant="95000" stroke-width="5230" threshold="179" text="had had a thoroughly good time, and it would take them" ubs="28" ubx="0" uby="1835">
      <word id="n02-028-05-00" tag="HVD" text="had">
        <cmp x="337" y="1768" width="91" height="104" />
        <cmp x="423" y="1758" width="41" height="114" />
      </word>
      <word id="n02-028-05-01" tag="HVN" text="had">
        <cmp x="507" y="1742" width="117" height="134" />
      </word>
      <word id="n02-028-05-02" tag="AT" text="a">
        <cmp x="659" y="1825" width="33" height="26" />
      </word>
      <word id="n02-028-05-03" tag="RB" text="thoroughly">
        <cmp x="732" y="1734" width="71" height="148" />
        <cmp x="798" y="1839" width="54" height="39" />
        <cmp x="859" y="1838" width="34" height="133" />
        <cmp x="866" y="1739" width="51" height="140" />
        <cmp x="910" y="1755" width="25" height="106" />
        <cmp x="940" y="1825" width="26" height="92" />
      </word>
      <word id="n02-028-05-04" tag="JJ" text="good">
        <cmp x="997" y="1834" width="41" height="118" />
        <cmp x="1026" y="1829" width="43" height="45" />
        <cmp x="1067" y="1759" width="52" height="115" />
      </word>
      <word id="n02-028-05-05" tag="NN" text="time">
        <cmp x="1142" y="1755" width="46" height="114" />
        <cmp x="1171" y="1789" width="12" height="19" />
        <cmp x="1190" y="1834" width="77" height="41" />
      </word>
      <word id="n02-028-05-06" tag="," text=",">
        <cmp x="1276" y="1870" width="8" height="38" />
      </word>
      <word id="n02-028-05-07" tag="CC" text="and">
        <cmp x="1316" y="1808" width="32" height="62" />
        <cmp x="1347" y="1834" width="41" height="40" />
        <cmp x="1382" y="1745" width="40" height="126" />
      </word>
      <word id="n02-028-05-08" tag="PP3" text="it">
        <cmp x="1461" y="1786" width="29" height="97" />
        <cmp x="1463" y="1855" width="10" height="37" />
      </word>
      <word id="n02-028-05-09" tag="MD" text="would">
        <cmp x="1543" y="1829" width="36" height="39" />
        <cmp x="1592" y="1780" width="77" height="91" />
        <cmp x="1667" y="1768" width="33" height="109" />
      </word>
      <word id="n02-028-05-10" tag="VB" text="take">
        <cmp x="1736" y="1758" width="34" height="128" />
        <cmp x="1777" y="1723" width="86" height="150" />
      </word>
      <word id="n02-028-05-11" tag="PP3OS" text="them">
        <cmp x="1888" y="1756" width="158" height="111" />
      </word>
      <upper-contour>
        <point x="338" y="1730" />
        <point x="1112" y="1763" />
        <point x="1153" y="1701" />
        <point x="1179" y="1760" />
        <point x="1401" y="1699" />
        <point x="1495" y="1765" />
        <point x="1755" y="1718" />
        <point x="2029" y="1723" />
        <point x="2037" y="1723" />
      </upper-contour>
      <lower-contour>
        <point x="341" y="1882" />
        <point x="866" y="1971" />
        <point x="931" y="1864" />
        <point x="955" y="1952" />
        <point x="1039" y="1908" />
        <point x="1971" y="1867" />
        <point x="2015" y="1867" />
      </lower-contour>
    </line>
    <line ass="-4" asx="0" asy="1898" character-width="999" dss="-4" dsx="0" dsy="2146" fd0="12332" fd1="3407" fd2="-304" filter-width="3" id="n02-028-06" lbs="60" lbx="0" lby="2048" segmentation="ok" slant="90000" stroke-width="5222" threshold="177" text="nearly to next week to settle down again. Meanwhile" ubs="-133" ubx="0" uby="2006">
      <word id="n02-028-06-00" tag="RB" text="nearly">
        <cmp x="343" y="2003" width="123" height="55" />
        <cmp x="348" y="2006" width="4" height="6" />
        <cmp x="352" y="2013" width="3" height="4" />
        <cmp x="392" y="2006" width="8" height="16" />
        <cmp x="459" y="1919" width="60" height="184" />
      </word>
      <word id="n02-028-06-01" tag="IN" text="to">
        <cmp x="559" y="1928" width="51" height="127" />
      </word>
      <word id="n02-028-06-02" tag="AP" text="next">
        <cmp x="648" y="1995" width="20" height="39" />
        <cmp x="672" y="1932" width="94" height="118" />
      </word>
      <word id="n02-028-06-03" tag="NN" text="week">
        <cmp x="831" y="1980" width="40" height="49" />
        <cmp x="877" y="1978" width="68" height="47" />
        <cmp x="931" y="1899" width="53" height="132" />
        <cmp x="955" y="2009" width="13" height="8" />
      </word>
      <word id="n02-028-06-04" tag="TO" text="to">
        <cmp x="1024" y="1927" width="52" height="126" />
      </word>
      <word id="n02-028-06-05" tag="VB" text="settle">
        <cmp x="1120" y="2001" width="28" height="59" />
        <cmp x="1146" y="1919" width="107" height="146" />
      </word>
      <word id="n02-028-06-06" tag="RP" text="down">
        <cmp x="1287" y="1922" width="51" height="145" />
        <cmp x="1342" y="2013" width="43" height="44" />
        <cmp x="1387" y="2024" width="6" height="16" />
        <cmp x="1393" y="2024" width="37" height="30" />
      </word>
      <word id="n02-028-06-07" tag="RB" text="again">
        <cmp x="1476" y="2010" width="63" height="138" />
        <cmp x="1532" y="2013" width="60" height="34" />
        <cmp x="1567" y="1967" width="17" height="13" />
        <cmp x="1591" y="2019" width="44" height="30" />
      </word>
      <word id="n02-028-06-08" tag="." text=".">
        <cmp x="1646" y="2036" width="15" height="7" />
      </word>
      <word id="n02-028-06-09" sentence-start="yes" tag="RB" text="Meanwhile">
        <cmp x="1699" y="1930" width="46" height="125" />
        <cmp x="1751" y="1998" width="30" height="50" />
        <cmp x="1777" y="2008" width="68" height="40" />
        <cmp x="1848" y="2016" width="39" height="39" />
        <cmp x="1875" y="2006" width="8" height="9" />
        <cmp x="1886" y="1916" width="70" height="146" />
        <cmp x="1929" y="1972" width="17" height="14" />
        <cmp x="1968" y="1904" width="12" height="143" />
        <cmp x="1979" y="1991" width="35" height="56" />
      </word>
      <upper-contour>
        <point x="341" y="1882" />
        <point x="866" y="1971" />
        <point x="931" y="1864" />
        <point x="955" y="1952" />
        <point x="1039" y="1908" />
        <point x="1971" y="1867" />
        <point x="2015" y="1867" />
      </upper-contour>
      <lower-contour>
        <point x="341" y="2101" />
        <point x="515" y="2104" />
        <point x="659" y="2067" />
        <point x="1515" y="2148" />
        <point x="1615" y="2062" />
        <point x="1985" y="2062" />
      </lower-contour>
    </line>
    <line ass="92" asx="0" asy="2082" character-width="999" dss="92" dsx="0" dsy="2245" fd0="12428" fd1="2501" fd2="-839" filter-width="3" id="n02-028-07" lbs="205" lbx="0" lby="2232" segmentation="ok" slant="96000" stroke-width="5234" threshold="172" text="Hubert would have betaken himself and his well-" ubs="-132" ubx="0" uby="2180">
      <word id="n02-028-07-00" tag="NP" text="Hubert">
        <cmp x="341" y="2103" width="142" height="136" />
        <cmp x="469" y="2116" width="46" height="107" />
      </word>
      <word id="n02-028-07-01" tag="MD" text="would">
        <cmp x="572" y="2104" width="122" height="128" />
        <cmp x="679" y="2142" width="37" height="85" />
        <cmp x="690" y="2110" width="15" height="55" />
      </word>
      <word id="n02-028-07-02" tag="HV" text="have">
        <cmp x="753" y="2105" width="116" height="130" />
        <cmp x="875" y="2184" width="34" height="53" />
      </word>
      <word id="n02-028-07-03" tag="VBN" text="betaken">
        <cmp x="942" y="2125" width="31" height="105" />
        <cmp x="985" y="2176" width="40" height="63" />
        <cmp x="1010" y="2118" width="77" height="116" />
        <cmp x="1077" y="2081" width="115" height="145" />
      </word>
      <word id="n02-028-07-04" tag="PPL" text="himself">
        <cmp x="1229" y="2099" width="141" height="126" />
        <cmp x="1270" y="2126" width="17" height="11" />
        <cmp x="1368" y="2189" width="23" height="40" />
        <cmp x="1394" y="2186" width="34" height="48" />
        <cmp x="1414" y="2117" width="55" height="123" />
        <cmp x="1429" y="2223" width="3" height="3" />
        <cmp x="1431" y="2096" width="42" height="76" />
      </word>
      <word id="n02-028-07-05" tag="CC" text="and">
        <cmp x="1531" y="2189" width="32" height="34" />
        <cmp x="1564" y="2103" width="76" height="141" />
      </word>
      <word id="n02-028-07-06" tag="PP$" text="his">
        <cmp x="1705" y="2106" width="70" height="127" />
        <cmp x="1741" y="2137" width="17" height="14" />
        <cmp x="1773" y="2183" width="28" height="53" />
      </word>
      <word id="n02-028-07-07" tag="JJ--" text="well-">
        <cmp x="1848" y="2177" width="34" height="51" />
        <cmp x="1875" y="2190" width="3" height="3" />
        <cmp x="1888" y="2177" width="38" height="62" />
        <cmp x="1912" y="2114" width="21" height="112" />
        <cmp x="1926" y="2108" width="19" height="115" />
        <cmp x="1961" y="2180" width="23" height="7" />
      </word>
      <upper-contour>
        <point x="341" y="2101" />
        <point x="515" y="2104" />
        <point x="659" y="2067" />
        <point x="1515" y="2148" />
        <point x="1615" y="2062" />
        <point x="1985" y="2062" />
      </upper-contour>
      <lower-contour>
        <point x="347" y="2244" />
        <point x="1949" y="2244" />
      </lower-contour>
    </line>
    <line ass="824" asx="0" asy="2280" character-width="999" dss="824" dsx="0" dsy="2535" fd0="12280" fd1="2806" fd2="-914" filter-width="3" id="n02-028-08" lbs="1125" lbx="0" lby="2432" segmentation="err" slant="94000" stroke-width="5129" threshold="175" text="earned gratuity to his native village at the" ubs="222" ubx="0" uby="2370">
      <word id="n02-028-08-00" tag="-JJ" text="earned">
        <cmp x="349" y="2357" width="36" height="65" />
        <cmp x="386" y="2363" width="103" height="67" />
        <cmp x="499" y="2275" width="78" height="147" />
      </word>
      <word id="n02-028-08-01" tag="NN" text="gratuity">
        <cmp x="611" y="2358" width="51" height="145" />
        <cmp x="655" y="2293" width="145" height="131" />
        <cmp x="729" y="2294" width="6" height="3" />
        <cmp x="785" y="2300" width="12" height="10" />
        <cmp x="799" y="2362" width="14" height="39" />
        <cmp x="815" y="2295" width="37" height="120" />
        <cmp x="854" y="2357" width="33" height="120" />
      </word>
      <word id="n02-028-08-02" tag="IN" text="to">
        <cmp x="942" y="2305" width="31" height="102" />
        <cmp x="975" y="2284" width="76" height="137" />
      </word>
      <word id="n02-028-08-03" tag="PP$" text="his">
        <cmp x="1092" y="2265" width="102" height="139" />
        <cmp x="1135" y="2311" width="23" height="28" />
      </word>
      <word id="n02-028-08-04" tag="JJ" text="native">
        <cmp x="1244" y="2356" width="21" height="50" />
        <cmp x="1263" y="2379" width="68" height="32" />
        <cmp x="1312" y="2274" width="50" height="129" />
        <cmp x="1335" y="2309" width="17" height="25" />
        <cmp x="1369" y="2364" width="33" height="38" />
        <cmp x="1413" y="2361" width="36" height="49" />
      </word>
      <word id="n02-028-08-05" tag="NN" text="village">
        <cmp x="1495" y="2344" width="24" height="55" />
        <cmp x="1519" y="2302" width="14" height="10" />
        <cmp x="1528" y="2362" width="14" height="49" />
        <cmp x="1541" y="2264" width="139" height="250" />
      </word>
      <word id="n02-028-08-06" tag="IN" text="at">
        <cmp x="1716" y="2373" width="42" height="35" />
        <cmp x="1735" y="2273" width="40" height="137" />
        <cmp x="1745" y="2388" width="4" height="7" />
      </word>
      <word id="n02-028-08-07" tag="ATI" text="the">
        <cmp x="1824" y="2273" width="124" height="137" />
      </word>
      <upper-contour>
        <point x="347" y="2244" />
        <point x="1949" y="2244" />
      </upper-contour>
      <lower-contour>
        <point x="347" y="2441" />
        <point x="655" y="2503" />
        <point x="681" y="2422" />
        <point x="859" y="2477" />
        <point x="909" y="2421" />
        <point x="1103" y="2421" />
      </lower-contour>
    </line>
    <line ass="-427" asx="0" asy="2437" character-width="999" dss="-427" dsx="0" dsy="2614" fd0="12215" fd1="2561" fd2="-866" filter-width="3" id="n02-028-09" lbs="-163" lbx="0" lby="2580" segmentation="err" slant="99000" stroke-width="5139" threshold="178" text="north of the island." ubs="-955" ubx="0" uby="2533">
      <word id="n02-028-09-00" tag="NR" text="north">
        <cmp x="345" y="2471" width="109" height="114" />
        <cmp x="445" y="2462" width="53" height="115" />
      </word>
      <word id="n02-028-09-01" tag="INO" text="of">
        <cmp x="552" y="2547" width="24" height="38" />
        <cmp x="561" y="2444" width="47" height="175" />
        <cmp x="589" y="2491" width="4" height="4" />
      </word>
      <word id="n02-028-09-02" tag="ATI" text="the">
        <cmp x="629" y="2447" width="26" height="57" />
        <cmp x="675" y="2485" width="32" height="106" />
        <cmp x="701" y="2450" width="95" height="140" />
      </word>
      <word id="n02-028-09-03" tag="NN" text="island">
        <cmp x="856" y="2499" width="16" height="20" />
        <cmp x="869" y="2535" width="15" height="57" />
        <cmp x="886" y="2529" width="28" height="65" />
        <cmp x="909" y="2444" width="25" height="142" />
        <cmp x="914" y="2516" width="4" height="10" />
        <cmp x="948" y="2448" width="116" height="141" />
      </word>
      <word id="n02-028-09-04" tag="." text=".">
        <cmp x="1073" y="2559" width="29" height="17" />
      </word>
      <upper-contour>
        <point x="347" y="2441" />
        <point x="655" y="2503" />
        <point x="681" y="2422" />
        <point x="859" y="2477" />
        <point x="909" y="2421" />
        <point x="1103" y="2421" />
      </upper-contour>
    </line>
  </handwritten-part>
</form>

