<?xml version="1.0" encoding="ISO-8859-1"?>

<!DOCTYPE form SYSTEM 'http://www.iam.unibe.ch/~fki/iamdb/form-metadata.dtd'>

<form created="2002-01-30" height="3542" id="p02-144" last-modified="2002-07-17" skew="0" status="final" version="3.0_beta" width="2479" writer-id="609">
  <machine-printed-part>
    <machine-print-line text="No other news except that Elaine is engaged and going to marry a foreigner ...&amp;quot; Gay" />
    <machine-print-line text="read the rest of the letter then put it back in her bag. Elaine was engaged, to the" />
    <machine-print-line text="man she had spent so much time with at her party. That was why Gavin had come" />
    <machine-print-line text="back to her. Everything was quite clear now, and to her own surprise Gay felt no" />
    <machine-print-line text="heartbreak, rather a sense of relief now that she knew why Gavin had come to see" />
    <machine-print-line text="her." />
  </machine-printed-part>
  <handwritten-part>
    <line ass="-19" asx="0" asy="666" character-width="999" dss="-19" dsx="0" dsy="827" fd0="12906" fd1="2022" fd2="-1210" filter-width="4" id="p02-144-00" lbs="98" lbx="0" lby="778" segmentation="err" slant="73000" stroke-width="6068" threshold="182" text="No other news except that Elaine is engaged" ubs="-255" ubx="0" uby="734">
      <word id="p02-144-00-00" sentence-start="yes" tag="ATI" text="No">
        <cmp x="386" y="667" width="67" height="119" />
        <cmp x="426" y="740" width="50" height="47" />
      </word>
      <word id="p02-144-00-01" tag="AP" text="other">
        <cmp x="584" y="722" width="33" height="54" />
        <cmp x="636" y="680" width="24" height="91" />
        <cmp x="647" y="729" width="22" height="9" />
        <cmp x="667" y="698" width="43" height="80" />
        <cmp x="708" y="733" width="29" height="42" />
        <cmp x="741" y="732" width="23" height="40" />
      </word>
      <word id="p02-144-00-02" tag="NN" text="news">
        <cmp x="845" y="732" width="43" height="54" />
        <cmp x="891" y="742" width="32" height="44" />
        <cmp x="931" y="740" width="56" height="44" />
        <cmp x="982" y="738" width="30" height="45" />
      </word>
      <word id="p02-144-00-03" tag="CS21" text="except">
        <cmp x="1126" y="734" width="32" height="45" />
        <cmp x="1141" y="761" width="5" height="4" />
        <cmp x="1161" y="725" width="40" height="46" />
        <cmp x="1208" y="729" width="37" height="40" />
        <cmp x="1252" y="731" width="35" height="36" />
        <cmp x="1284" y="732" width="55" height="90" />
        <cmp x="1342" y="670" width="40" height="111" />
      </word>
      <word id="p02-144-00-04" tag="CS22" text="that">
        <cmp x="1483" y="682" width="33" height="105" />
        <cmp x="1497" y="732" width="35" height="11" />
        <cmp x="1516" y="680" width="67" height="19" />
        <cmp x="1561" y="686" width="37" height="93" />
        <cmp x="1562" y="777" width="4" height="5" />
      </word>
      <word id="p02-144-00-05" tag="NP" text="Elaine">
        <cmp x="1595" y="741" width="60" height="39" />
        <cmp x="1610" y="745" width="6" height="6" />
        <cmp x="1661" y="734" width="41" height="45" />
        <cmp x="1667" y="716" width="9" height="13" />
        <cmp x="1706" y="748" width="36" height="39" />
      </word>
      <word id="p02-144-00-06" tag="BEZ" text="is">
        <cmp x="1838" y="748" width="22" height="34" />
        <cmp x="1870" y="734" width="41" height="46" />
        <cmp x="1882" y="709" width="11" height="9" />
      </word>
      <word id="p02-144-00-07" tag="VBN" text="engaged">
        <cmp x="1985" y="730" width="70" height="45" />
        <cmp x="2059" y="739" width="86" height="80" />
        <cmp x="2093" y="744" width="5" height="7" />
        <cmp x="2133" y="746" width="46" height="82" />
        <cmp x="2184" y="678" width="118" height="97" />
      </word>
      <lower-contour>
        <point x="384" y="822" />
        <point x="1996" y="822" />
      </lower-contour>
    </line>
    <line ass="301" asx="0" asy="853" character-width="999" dss="301" dsx="0" dsy="1043" fd0="11598" fd1="1529" fd2="-476" filter-width="4" id="p02-144-01" lbs="681" lbx="0" lby="971" segmentation="ok" slant="65000" stroke-width="6625" threshold="182" text="and going to marry a foreigner ...&amp;quot;" ubs="-459" ubx="0" uby="914">
      <word id="p02-144-01-00" tag="CC" text="and">
        <cmp x="353" y="906" width="38" height="53" />
        <cmp x="389" y="914" width="38" height="45" />
        <cmp x="408" y="915" width="29" height="41" />
        <cmp x="436" y="857" width="69" height="116" />
      </word>
      <word id="p02-144-01-01" tag="VBG" text="going">
        <cmp x="524" y="916" width="47" height="94" />
        <cmp x="582" y="914" width="40" height="40" />
        <cmp x="634" y="908" width="24" height="39" />
        <cmp x="655" y="912" width="53" height="41" />
        <cmp x="671" y="873" width="11" height="13" />
        <cmp x="709" y="911" width="40" height="100" />
      </word>
      <word id="p02-144-01-02" tag="TO" text="to">
        <cmp x="840" y="850" width="46" height="102" />
        <cmp x="864" y="895" width="19" height="8" />
        <cmp x="876" y="919" width="28" height="43" />
        <cmp x="884" y="897" width="5" height="5" />
      </word>
      <word id="p02-144-01-03" tag="VB" text="marry">
        <cmp x="999" y="914" width="76" height="44" />
        <cmp x="1089" y="930" width="37" height="33" />
        <cmp x="1137" y="928" width="24" height="37" />
        <cmp x="1168" y="920" width="32" height="38" />
        <cmp x="1197" y="908" width="62" height="96" />
        <cmp x="1207" y="925" width="20" height="33" />
      </word>
      <word id="p02-144-01-04" tag="AT" text="a">
        <cmp x="1340" y="914" width="43" height="41" />
      </word>
      <word id="p02-144-01-05" tag="NN" text="foreigner">
        <cmp x="1431" y="867" width="65" height="122" />
        <cmp x="1469" y="905" width="16" height="8" />
        <cmp x="1478" y="924" width="33" height="34" />
        <cmp x="1513" y="919" width="61" height="47" />
        <cmp x="1577" y="929" width="20" height="32" />
        <cmp x="1598" y="917" width="50" height="119" />
        <cmp x="1610" y="902" width="5" height="6" />
        <cmp x="1655" y="921" width="60" height="41" />
        <cmp x="1713" y="913" width="42" height="48" />
        <cmp x="1763" y="906" width="51" height="53" />
      </word>
      <word id="p02-144-01-06" tag="..." text="...">
        <cmp x="1852" y="957" width="9" height="9" />
        <cmp x="1881" y="957" width="9" height="8" />
        <cmp x="1907" y="958" width="10" height="8" />
      </word>
      <word id="p02-144-01-07" tag="**&apos;" text="&quot;">
        <cmp x="1961" y="879" width="12" height="32" />
        <cmp x="1980" y="878" width="15" height="36" />
      </word>
      <upper-contour>
        <point x="384" y="822" />
        <point x="1996" y="822" />
      </upper-contour>
      <lower-contour>
        <point x="356" y="1031" />
        <point x="1598" y="1036" />
        <point x="1888" y="966" />
        <point x="1996" y="966" />
      </lower-contour>
    </line>
    <line ass="127" asx="0" asy="1028" character-width="999" dss="127" dsx="0" dsy="1211" fd0="12172" fd1="2212" fd2="-306" filter-width="5" id="p02-144-02" lbs="213" lbx="0" lby="1142" segmentation="err" slant="66000" stroke-width="7171" threshold="182" text="Gay read the rest of the letter then put" ubs="-46" ubx="0" uby="1092">
      <word id="p02-144-02-00" sentence-start="yes" tag="NP" text="Gay">
        <cmp x="358" y="1032" width="77" height="116" />
        <cmp x="431" y="1097" width="40" height="40" />
        <cmp x="470" y="1092" width="56" height="90" />
      </word>
      <word id="p02-144-02-01" tag="VBD" text="read">
        <cmp x="631" y="1083" width="41" height="62" />
        <cmp x="669" y="1093" width="45" height="50" />
        <cmp x="718" y="1098" width="47" height="45" />
        <cmp x="771" y="1045" width="73" height="100" />
      </word>
      <word id="p02-144-02-02" tag="ATI" text="the">
        <cmp x="935" y="1038" width="62" height="99" />
        <cmp x="981" y="1046" width="89" height="88" />
      </word>
      <word id="p02-144-02-03" tag="NN" text="rest">
        <cmp x="1183" y="1076" width="80" height="64" />
        <cmp x="1262" y="1093" width="39" height="48" />
        <cmp x="1314" y="1034" width="40" height="104" />
        <cmp x="1342" y="1079" width="34" height="10" />
      </word>
      <word id="p02-144-02-04" tag="INO" text="of">
        <cmp x="1465" y="1094" width="31" height="46" />
        <cmp x="1485" y="1056" width="89" height="113" />
      </word>
      <word id="p02-144-02-05" tag="ATI" text="the">
        <cmp x="1639" y="1044" width="52" height="96" />
        <cmp x="1685" y="1053" width="40" height="71" />
        <cmp x="1713" y="1092" width="23" height="34" />
        <cmp x="1728" y="1099" width="43" height="39" />
      </word>
      <word id="p02-144-02-06" tag="NN" text="letter">
        <cmp x="1848" y="1036" width="69" height="110" />
        <cmp x="1921" y="1024" width="88" height="121" />
        <cmp x="1984" y="1092" width="44" height="50" />
        <cmp x="2035" y="1095" width="39" height="42" />
      </word>
      <word id="p02-144-02-07" tag="RN" text="then">
        <cmp x="2087" y="1088" width="126" height="120" />
      </word>
      <word id="p02-144-02-08" tag="VBD" text="put">
        <cmp x="2217" y="1056" width="51" height="93" />
      </word>
      <upper-contour>
        <point x="356" y="1031" />
        <point x="1598" y="1036" />
        <point x="1888" y="966" />
        <point x="1996" y="966" />
      </upper-contour>
      <lower-contour>
        <point x="360" y="1182" />
        <point x="2087" y="1208" />
        <point x="2269" y="1208" />
      </lower-contour>
    </line>
    <line ass="-579" asx="0" asy="1176" character-width="999" dss="-579" dsx="0" dsy="1360" fd0="11774" fd1="1957" fd2="-715" filter-width="5" id="p02-144-03" lbs="-578" lbx="0" lby="1300" segmentation="ok" slant="68000" stroke-width="7195" threshold="182" text="it back in her bag. Elaine was engaged," ubs="-581" ubx="0" uby="1263">
      <word id="p02-144-03-00" tag="PP3" text="it">
        <cmp x="362" y="1273" width="24" height="50" />
        <cmp x="389" y="1234" width="7" height="17" />
        <cmp x="405" y="1202" width="35" height="119" />
        <cmp x="422" y="1262" width="37" height="7" />
      </word>
      <word id="p02-144-03-01" tag="RP" text="back">
        <cmp x="547" y="1200" width="36" height="123" />
        <cmp x="580" y="1274" width="82" height="42" />
        <cmp x="663" y="1199" width="58" height="118" />
      </word>
      <word id="p02-144-03-02" tag="IN" text="in">
        <cmp x="799" y="1275" width="19" height="38" />
        <cmp x="827" y="1269" width="51" height="46" />
        <cmp x="829" y="1232" width="10" height="21" />
      </word>
      <word id="p02-144-03-03" tag="PP$" text="her">
        <cmp x="950" y="1194" width="69" height="115" />
        <cmp x="1010" y="1264" width="41" height="42" />
        <cmp x="1054" y="1262" width="42" height="52" />
      </word>
      <word id="p02-144-03-04" tag="NN" text="bag">
        <cmp x="1199" y="1205" width="52" height="129" />
        <cmp x="1255" y="1272" width="98" height="103" />
      </word>
      <word id="p02-144-03-05" tag="." text=".">
        <cmp x="1424" y="1305" width="14" height="19" />
      </word>
      <word id="p02-144-03-06" sentence-start="yes" tag="NP" text="Elaine">
        <cmp x="1531" y="1193" width="123" height="122" />
        <cmp x="1634" y="1203" width="44" height="101" />
        <cmp x="1673" y="1270" width="42" height="43" />
        <cmp x="1725" y="1277" width="20" height="36" />
        <cmp x="1740" y="1274" width="45" height="41" />
        <cmp x="1763" y="1233" width="6" height="12" />
        <cmp x="1792" y="1273" width="43" height="47" />
      </word>
      <word id="p02-144-03-07" tag="BEDZ" text="was">
        <cmp x="1910" y="1247" width="91" height="65" />
        <cmp x="1978" y="1263" width="40" height="47" />
        <cmp x="2018" y="1269" width="40" height="50" />
      </word>
      <word id="p02-144-03-08" tag="VBN" text="engaged">
        <cmp x="2098" y="1271" width="75" height="42" />
        <cmp x="2162" y="1302" width="7" height="5" />
        <cmp x="2177" y="1265" width="43" height="93" />
        <cmp x="2219" y="1278" width="42" height="38" />
        <cmp x="2250" y="1283" width="43" height="79" />
        <cmp x="2296" y="1286" width="32" height="34" />
        <cmp x="2328" y="1226" width="65" height="92" />
      </word>
      <word id="p02-144-03-09" tag="," text=",">
        <cmp x="2367" y="1308" width="24" height="33" />
      </word>
      <upper-contour>
        <point x="360" y="1182" />
        <point x="2087" y="1208" />
        <point x="2269" y="1208" />
      </upper-contour>
      <lower-contour>
        <point x="360" y="1374" />
        <point x="1298" y="1375" />
        <point x="2388" y="1375" />
      </lower-contour>
    </line>
    <line ass="-375" asx="0" asy="1373" character-width="999" dss="-375" dsx="0" dsy="1539" fd0="11268" fd1="2020" fd2="-881" filter-width="5" id="p02-144-04" lbs="-319" lbx="0" lby="1489" segmentation="ok" slant="66000" stroke-width="7372" threshold="176" text="to the man she had spent so much time" ubs="-485" ubx="0" uby="1444">
      <word id="p02-144-04-00" tag="IN" text="to">
        <cmp x="351" y="1396" width="26" height="101" />
        <cmp x="366" y="1437" width="37" height="11" />
        <cmp x="381" y="1458" width="43" height="44" />
      </word>
      <word id="p02-144-04-01" tag="ATI" text="the">
        <cmp x="517" y="1377" width="92" height="107" />
        <cmp x="600" y="1449" width="40" height="45" />
      </word>
      <word id="p02-144-04-02" tag="NN" text="man">
        <cmp x="747" y="1433" width="66" height="55" />
        <cmp x="811" y="1454" width="95" height="43" />
      </word>
      <word id="p02-144-04-03" tag="PP3A" text="she">
        <cmp x="988" y="1453" width="29" height="47" />
        <cmp x="1022" y="1396" width="55" height="94" />
        <cmp x="1070" y="1461" width="37" height="40" />
      </word>
      <word id="p02-144-04-04" tag="HVD" text="had">
        <cmp x="1185" y="1400" width="62" height="95" />
        <cmp x="1247" y="1461" width="44" height="40" />
        <cmp x="1294" y="1466" width="32" height="33" />
        <cmp x="1330" y="1403" width="41" height="101" />
      </word>
      <word id="p02-144-04-05" tag="VBN" text="spent">
        <cmp x="1474" y="1452" width="33" height="52" />
        <cmp x="1481" y="1470" width="44" height="79" />
        <cmp x="1514" y="1451" width="37" height="46" />
        <cmp x="1551" y="1461" width="37" height="43" />
        <cmp x="1587" y="1460" width="40" height="39" />
        <cmp x="1620" y="1405" width="67" height="94" />
      </word>
      <word id="p02-144-04-06" tag="QL" text="so">
        <cmp x="1755" y="1448" width="40" height="52" />
        <cmp x="1789" y="1459" width="41" height="48" />
      </word>
      <word id="p02-144-04-07" tag="AP" text="much">
        <cmp x="1912" y="1448" width="69" height="50" />
        <cmp x="1980" y="1463" width="42" height="43" />
        <cmp x="2023" y="1467" width="36" height="38" />
        <cmp x="2077" y="1401" width="50" height="109" />
      </word>
      <word id="p02-144-04-08" tag="NN" text="time">
        <cmp x="2192" y="1401" width="43" height="88" />
        <cmp x="2223" y="1457" width="23" height="37" />
        <cmp x="2241" y="1459" width="85" height="41" />
        <cmp x="2263" y="1421" width="6" height="12" />
        <cmp x="2331" y="1463" width="56" height="43" />
      </word>
      <upper-contour>
        <point x="360" y="1374" />
        <point x="1298" y="1375" />
        <point x="2388" y="1375" />
      </upper-contour>
      <lower-contour>
        <point x="349" y="1549" />
        <point x="2241" y="1549" />
      </lower-contour>
    </line>
    <line ass="-463" asx="0" asy="1547" character-width="999" dss="-463" dsx="0" dsy="1743" fd0="11545" fd1="1859" fd2="-558" filter-width="4" id="p02-144-05" lbs="-537" lbx="0" lby="1660" segmentation="ok" slant="68000" stroke-width="7099" threshold="176" text="with at her party. That was why" ubs="-317" ubx="0" uby="1625">
      <word id="p02-144-05-00" tag="IN" text="with">
        <cmp x="345" y="1606" width="71" height="77" />
        <cmp x="409" y="1633" width="13" height="48" />
        <cmp x="437" y="1597" width="7" height="10" />
        <cmp x="438" y="1572" width="57" height="120" />
        <cmp x="484" y="1575" width="59" height="100" />
      </word>
      <word id="p02-144-05-01" tag="IN" text="at">
        <cmp x="616" y="1635" width="41" height="41" />
        <cmp x="672" y="1554" width="47" height="125" />
        <cmp x="697" y="1626" width="18" height="9" />
      </word>
      <word id="p02-144-05-02" tag="PP$" text="her">
        <cmp x="814" y="1563" width="67" height="110" />
        <cmp x="876" y="1634" width="39" height="48" />
        <cmp x="920" y="1634" width="29" height="45" />
      </word>
      <word id="p02-144-05-03" tag="NN" text="party">
        <cmp x="1028" y="1627" width="92" height="126" />
        <cmp x="1122" y="1637" width="45" height="47" />
        <cmp x="1178" y="1640" width="34" height="41" />
        <cmp x="1218" y="1568" width="52" height="111" />
        <cmp x="1231" y="1619" width="87" height="131" />
      </word>
      <word id="p02-144-05-04" tag="." text=".">
        <cmp x="1344" y="1666" width="11" height="14" />
      </word>
      <word id="p02-144-05-05" sentence-start="yes" tag="DT" text="That">
        <cmp x="1444" y="1580" width="151" height="111" />
        <cmp x="1599" y="1640" width="29" height="35" />
        <cmp x="1635" y="1583" width="40" height="99" />
        <cmp x="1652" y="1642" width="19" height="8" />
      </word>
      <word id="p02-144-05-06" tag="BEDZ" text="was">
        <cmp x="1758" y="1622" width="80" height="60" />
        <cmp x="1840" y="1629" width="46" height="48" />
        <cmp x="1891" y="1633" width="50" height="56" />
      </word>
      <word id="p02-144-05-07" tag="WRB" text="why">
        <cmp x="2015" y="1619" width="91" height="63" />
        <cmp x="2100" y="1567" width="64" height="104" />
        <cmp x="2176" y="1624" width="64" height="98" />
      </word>
      <upper-contour>
        <point x="349" y="1549" />
        <point x="2241" y="1549" />
      </upper-contour>
      <lower-contour>
        <point x="378" y="1748" />
        <point x="1029" y="1753" />
        <point x="1430" y="1691" />
        <point x="2075" y="1691" />
      </lower-contour>
    </line>
    <line ass="-7" asx="0" asy="1732" character-width="999" dss="-7" dsx="0" dsy="1859" fd0="11674" fd1="2538" fd2="-258" filter-width="5" id="p02-144-06" lbs="-5" lbx="0" lby="1852" segmentation="ok" slant="66000" stroke-width="7534" threshold="176" text="Gavin had come back to her." ubs="-11" ubx="0" uby="1811">
      <word id="p02-144-06-00" tag="NP" text="Gavin">
        <cmp x="380" y="1756" width="56" height="103" />
        <cmp x="446" y="1813" width="91" height="42" />
        <cmp x="553" y="1808" width="18" height="38" />
        <cmp x="573" y="1775" width="11" height="13" />
        <cmp x="584" y="1809" width="44" height="44" />
      </word>
      <word id="p02-144-06-01" tag="HVD" text="had">
        <cmp x="739" y="1751" width="61" height="101" />
        <cmp x="797" y="1816" width="46" height="44" />
        <cmp x="855" y="1816" width="36" height="42" />
        <cmp x="888" y="1754" width="56" height="103" />
      </word>
      <word id="p02-144-06-02" tag="VBN" text="come">
        <cmp x="1042" y="1803" width="49" height="46" />
        <cmp x="1101" y="1812" width="43" height="40" />
        <cmp x="1144" y="1810" width="84" height="41" />
        <cmp x="1232" y="1813" width="57" height="47" />
      </word>
      <word id="p02-144-06-03" tag="RP" text="back">
        <cmp x="1406" y="1734" width="39" height="119" />
        <cmp x="1451" y="1818" width="82" height="35" />
        <cmp x="1535" y="1747" width="70" height="103" />
      </word>
      <word id="p02-144-06-04" tag="IN" text="to">
        <cmp x="1724" y="1751" width="60" height="105" />
        <cmp x="1761" y="1819" width="39" height="41" />
      </word>
      <word id="p02-144-06-05" tag="PP3O" text="her">
        <cmp x="1872" y="1756" width="69" height="92" />
        <cmp x="1944" y="1804" width="47" height="52" />
        <cmp x="1997" y="1800" width="49" height="51" />
      </word>
      <word id="p02-144-06-06" tag="." text=".">
        <cmp x="2061" y="1850" width="13" height="10" />
      </word>
      <upper-contour>
        <point x="378" y="1748" />
        <point x="1029" y="1753" />
        <point x="1430" y="1691" />
        <point x="2075" y="1691" />
      </upper-contour>
      <lower-contour>
        <point x="378" y="1860" />
        <point x="2075" y="1860" />
      </lower-contour>
    </line>
    <line ass="-335" asx="0" asy="1908" character-width="999" dss="-335" dsx="0" dsy="2093" fd0="10584" fd1="1408" fd2="-945" filter-width="5" id="p02-144-07" lbs="-301" lbx="0" lby="2025" segmentation="ok" slant="64000" stroke-width="7651" threshold="176" text="Everything was quite clear now, and to" ubs="-402" ubx="0" uby="1986">
      <word id="p02-144-07-00" sentence-start="yes" tag="PN" text="Everything">
        <cmp x="355" y="1925" width="40" height="103" />
        <cmp x="372" y="1972" width="33" height="13" />
        <cmp x="394" y="1929" width="55" height="10" />
        <cmp x="421" y="1978" width="46" height="59" />
        <cmp x="471" y="1991" width="44" height="48" />
        <cmp x="522" y="1988" width="36" height="57" />
        <cmp x="565" y="1974" width="70" height="124" />
        <cmp x="650" y="1912" width="52" height="115" />
        <cmp x="688" y="1988" width="17" height="39" />
        <cmp x="705" y="1988" width="46" height="40" />
        <cmp x="719" y="1947" width="8" height="11" />
        <cmp x="740" y="1993" width="45" height="88" />
      </word>
      <word id="p02-144-07-01" tag="BEDZ" text="was">
        <cmp x="852" y="1976" width="87" height="60" />
        <cmp x="925" y="1992" width="66" height="45" />
        <cmp x="1002" y="1989" width="34" height="48" />
      </word>
      <word id="p02-144-07-02" tag="RB" text="quite">
        <cmp x="1127" y="1984" width="65" height="108" />
        <cmp x="1196" y="1992" width="57" height="45" />
        <cmp x="1258" y="2000" width="25" height="42" />
        <cmp x="1296" y="1921" width="65" height="124" />
        <cmp x="1309" y="2001" width="54" height="45" />
        <cmp x="1310" y="1959" width="7" height="12" />
      </word>
      <word id="p02-144-07-03" tag="JJ" text="clear">
        <cmp x="1466" y="1988" width="50" height="51" />
        <cmp x="1531" y="1926" width="53" height="111" />
        <cmp x="1577" y="1993" width="46" height="43" />
        <cmp x="1624" y="1993" width="49" height="43" />
        <cmp x="1673" y="1999" width="34" height="41" />
      </word>
      <word id="p02-144-07-04" tag="RN" text="now">
        <cmp x="1783" y="1985" width="56" height="42" />
        <cmp x="1842" y="1992" width="44" height="44" />
        <cmp x="1892" y="1985" width="80" height="56" />
      </word>
      <word id="p02-144-07-05" tag="," text=",">
        <cmp x="1971" y="2021" width="40" height="44" />
      </word>
      <word id="p02-144-07-06" tag="CC" text="and">
        <cmp x="2068" y="1996" width="47" height="42" />
        <cmp x="2115" y="1944" width="116" height="99" />
      </word>
      <word id="p02-144-07-07" tag="IN" text="to">
        <cmp x="2253" y="1952" width="59" height="93" />
        <cmp x="2278" y="2005" width="46" height="46" />
      </word>
      <upper-contour>
        <point x="378" y="1860" />
        <point x="2075" y="1860" />
      </upper-contour>
      <lower-contour>
        <point x="375" y="2096" />
        <point x="567" y="2098" />
        <point x="2325" y="2098" />
      </lower-contour>
    </line>
    <line ass="-161" asx="0" asy="2097" character-width="999" dss="-161" dsx="0" dsy="2259" fd0="11011" fd1="1492" fd2="-1244" filter-width="5" id="p02-144-08" lbs="-100" lbx="0" lby="2208" segmentation="ok" slant="68000" stroke-width="7381" threshold="176" text="her own surprise Gay felt no heartbreak," ubs="-284" ubx="0" uby="2166">
      <word id="p02-144-08-00" tag="PP$" text="her">
        <cmp x="377" y="2099" width="63" height="108" />
        <cmp x="445" y="2153" width="41" height="48" />
        <cmp x="489" y="2153" width="43" height="49" />
      </word>
      <word id="p02-144-08-01" tag="AP" text="own">
        <cmp x="641" y="2154" width="44" height="55" />
        <cmp x="692" y="2157" width="63" height="54" />
        <cmp x="753" y="2160" width="56" height="46" />
      </word>
      <word id="p02-144-08-02" tag="NN" text="surprise">
        <cmp x="914" y="2157" width="32" height="55" />
        <cmp x="959" y="2164" width="44" height="42" />
        <cmp x="1008" y="2159" width="58" height="90" />
        <cmp x="1066" y="2165" width="31" height="42" />
        <cmp x="1096" y="2171" width="57" height="40" />
        <cmp x="1160" y="2170" width="32" height="36" />
        <cmp x="1173" y="2135" width="5" height="8" />
        <cmp x="1189" y="2177" width="41" height="29" />
      </word>
      <word id="p02-144-08-03" tag="NP" text="Gay">
        <cmp x="1333" y="2112" width="69" height="100" />
        <cmp x="1387" y="2178" width="54" height="37" />
        <cmp x="1447" y="2179" width="20" height="33" />
        <cmp x="1448" y="2159" width="53" height="84" />
      </word>
      <word id="p02-144-08-04" tag="VBD" text="felt">
        <cmp x="1566" y="2127" width="98" height="138" />
        <cmp x="1647" y="2178" width="38" height="41" />
        <cmp x="1695" y="2127" width="37" height="89" />
        <cmp x="1735" y="2126" width="36" height="88" />
      </word>
      <word id="p02-144-08-05" tag="ATI" text="no">
        <cmp x="1826" y="2168" width="52" height="56" />
        <cmp x="1885" y="2181" width="34" height="38" />
      </word>
      <word id="p02-144-08-06" tag="NN" text="heartbreak">
        <cmp x="1975" y="2120" width="68" height="94" />
        <cmp x="2049" y="2170" width="31" height="39" />
        <cmp x="2088" y="2171" width="37" height="35" />
        <cmp x="2137" y="2175" width="34" height="36" />
        <cmp x="2183" y="2121" width="39" height="80" />
        <cmp x="2211" y="2121" width="47" height="88" />
        <cmp x="2249" y="2168" width="32" height="48" />
        <cmp x="2282" y="2179" width="41" height="35" />
        <cmp x="2321" y="2180" width="40" height="34" />
        <cmp x="2364" y="2135" width="49" height="93" />
      </word>
      <word id="p02-144-08-07" tag="," text=",">
        <cmp x="2420" y="2209" width="35" height="55" />
      </word>
      <upper-contour>
        <point x="375" y="2096" />
        <point x="567" y="2098" />
        <point x="2325" y="2098" />
      </upper-contour>
      <lower-contour>
        <point x="388" y="2265" />
        <point x="2288" y="2265" />
      </lower-contour>
    </line>
    <line ass="98" asx="0" asy="2268" character-width="999" dss="98" dsx="0" dsy="2425" fd0="11294" fd1="1366" fd2="-1309" filter-width="5" id="p02-144-09" lbs="131" lbx="0" lby="2393" segmentation="ok" slant="70000" stroke-width="7193" threshold="182" text="rather a sense of relief now that she" ubs="32" ubx="0" uby="2350">
      <word id="p02-144-09-00" tag="RB" text="rather">
        <cmp x="390" y="2319" width="43" height="72" />
        <cmp x="433" y="2336" width="43" height="45" />
        <cmp x="497" y="2269" width="37" height="104" />
        <cmp x="513" y="2274" width="85" height="120" />
        <cmp x="607" y="2345" width="38" height="47" />
      </word>
      <word id="p02-144-09-01" tag="AT" text="a">
        <cmp x="702" y="2346" width="59" height="41" />
      </word>
      <word id="p02-144-09-02" tag="NN" text="sense">
        <cmp x="891" y="2346" width="31" height="51" />
        <cmp x="931" y="2355" width="32" height="44" />
        <cmp x="964" y="2350" width="49" height="41" />
        <cmp x="1021" y="2352" width="35" height="43" />
        <cmp x="1048" y="2358" width="47" height="51" />
      </word>
      <word id="p02-144-09-03" tag="INO" text="of">
        <cmp x="1196" y="2354" width="36" height="44" />
        <cmp x="1234" y="2295" width="89" height="129" />
      </word>
      <word id="p02-144-09-04" tag="NN" text="relief">
        <cmp x="1336" y="2343" width="82" height="66" />
        <cmp x="1411" y="2390" width="9" height="8" />
        <cmp x="1434" y="2297" width="41" height="105" />
        <cmp x="1459" y="2357" width="26" height="46" />
        <cmp x="1489" y="2354" width="47" height="45" />
        <cmp x="1499" y="2326" width="8" height="13" />
        <cmp x="1532" y="2300" width="95" height="124" />
      </word>
      <word id="p02-144-09-05" tag="CS21" text="now">
        <cmp x="1688" y="2347" width="52" height="46" />
        <cmp x="1743" y="2359" width="110" height="42" />
      </word>
      <word id="p02-144-09-06" tag="CS22" text="that">
        <cmp x="1908" y="2294" width="35" height="92" />
        <cmp x="1934" y="2285" width="153" height="110" />
        <cmp x="2053" y="2353" width="24" height="9" />
      </word>
      <word id="p02-144-09-07" tag="PP3A" text="she">
        <cmp x="2156" y="2335" width="38" height="44" />
        <cmp x="2191" y="2297" width="42" height="76" />
        <cmp x="2238" y="2336" width="49" height="44" />
      </word>
      <upper-contour>
        <point x="388" y="2265" />
        <point x="2288" y="2265" />
      </upper-contour>
      <lower-contour>
        <point x="388" y="2424" />
        <point x="2255" y="2424" />
      </lower-contour>
    </line>
    <line ass="-244" asx="0" asy="2449" character-width="999" dss="-244" dsx="0" dsy="2610" fd0="9777" fd1="986" fd2="-1363" filter-width="5" id="p02-144-10" lbs="-239" lbx="0" lby="2562" segmentation="ok" slant="68999" stroke-width="7428" threshold="176" text="knew why Gavin had come to see" ubs="-255" ubx="0" uby="2520">
      <word id="p02-144-10-00" tag="VBD" text="knew">
        <cmp x="373" y="2466" width="27" height="92" />
        <cmp x="387" y="2479" width="40" height="69" />
        <cmp x="421" y="2516" width="49" height="46" />
        <cmp x="464" y="2522" width="109" height="44" />
      </word>
      <word id="p02-144-10-01" tag="WRB" text="why">
        <cmp x="655" y="2521" width="76" height="60" />
        <cmp x="743" y="2470" width="45" height="94" />
        <cmp x="791" y="2513" width="56" height="102" />
      </word>
      <word id="p02-144-10-02" tag="NP" text="Gavin">
        <cmp x="979" y="2460" width="76" height="112" />
        <cmp x="1049" y="2524" width="92" height="41" />
        <cmp x="1149" y="2532" width="13" height="40" />
        <cmp x="1171" y="2498" width="8" height="16" />
        <cmp x="1173" y="2534" width="43" height="37" />
      </word>
      <word id="p02-144-10-03" tag="HVD" text="had">
        <cmp x="1327" y="2470" width="52" height="101" />
        <cmp x="1376" y="2534" width="36" height="31" />
        <cmp x="1415" y="2463" width="86" height="111" />
      </word>
      <word id="p02-144-10-04" tag="VBN" text="come">
        <cmp x="1586" y="2521" width="95" height="55" />
        <cmp x="1682" y="2518" width="56" height="54" />
        <cmp x="1720" y="2528" width="62" height="43" />
        <cmp x="1786" y="2532" width="45" height="44" />
      </word>
      <word id="p02-144-10-05" tag="TO" text="to">
        <cmp x="1945" y="2459" width="33" height="109" />
        <cmp x="1966" y="2508" width="24" height="13" />
        <cmp x="1971" y="2523" width="63" height="55" />
      </word>
      <word id="p02-144-10-06" tag="VB" text="see">
        <cmp x="2113" y="2512" width="41" height="56" />
        <cmp x="2154" y="2520" width="44" height="38" />
        <cmp x="2209" y="2524" width="44" height="44" />
      </word>
      <upper-contour>
        <point x="388" y="2424" />
        <point x="2255" y="2424" />
      </upper-contour>
      <lower-contour>
        <point x="371" y="2567" />
        <point x="564" y="2567" />
      </lower-contour>
    </line>
    <line ass="-8465" asx="0" asy="2584" character-width="999" dss="-8465" dsx="0" dsy="2656" fd0="8666" fd1="1308" fd2="-1067" filter-width="5" id="p02-144-11" lbs="-6105" lbx="0" lby="2670" segmentation="ok" slant="68000" stroke-width="8073" threshold="176" text="her." ubs="-13184" ubx="0" uby="2575">
      <word id="p02-144-11-00" tag="PP3O" text="her">
        <cmp x="370" y="2640" width="75" height="73" />
        <cmp x="441" y="2674" width="50" height="46" />
        <cmp x="500" y="2672" width="42" height="52" />
      </word>
      <word id="p02-144-11-01" tag="." text=".">
        <cmp x="552" y="2717" width="11" height="13" />
      </word>
      <upper-contour>
        <point x="371" y="2567" />
        <point x="564" y="2567" />
      </upper-contour>
    </line>
  </handwritten-part>
</form>

