<?xml version="1.0" encoding="ISO-8859-1"?>

<!DOCTYPE form SYSTEM 'http://www.iam.unibe.ch/~fki/iamdb/form-metadata.dtd'>

<form created="2002-01-31" height="3542" id="p03-112" last-modified="2002-07-25" skew="-63" status="final" version="3.0_beta" width="2479" writer-id="567">
  <machine-printed-part>
    <machine-print-line text="&quot;No, it wouldn&apos;t!&quot; he almost snapped, surprising her. &quot;You sounded like somebody" />
    <machine-print-line text="else for a moment there. It doesn&apos;t become you to behave like a - a tart, Di.&quot; &quot;Nigel -" />
    <machine-print-line text="!&quot; she gasped. &quot;I didn&apos;t mean to behave like anything of the kind. I was only joking.&quot;" />
    <machine-print-line text="&quot;Well, don&apos;t. It&apos;s miserable enough my having to take my leave in the autumn without" />
    <machine-print-line text="you trying to be bright and gay about it." />
  </machine-printed-part>
  <handwritten-part>
    <line ass="56" asx="0" asy="693" character-width="999" dss="56" dsx="0" dsy="811" fd0="12581" fd1="3207" fd2="-212" filter-width="5" id="p03-112-00" lbs="247" lbx="0" lby="785" segmentation="ok" slant="90000" stroke-width="7503" threshold="182" text="&quot;No, it wouldn&apos;t!&quot; he almost snapped," ubs="-324" ubx="0" uby="741">
      <word id="p03-112-00-00" sentence-start="yes" tag="*&apos;" text="&quot;">
        <cmp x="371" y="698" width="22" height="36" />
      </word>
      <word id="p03-112-00-01" tag="UH" text="No">
        <cmp x="423" y="734" width="55" height="55" />
        <cmp x="483" y="751" width="40" height="37" />
      </word>
      <word id="p03-112-00-02" tag="," text=",">
        <cmp x="537" y="779" width="10" height="28" />
      </word>
      <word id="p03-112-00-03" tag="PP3" text="it">
        <cmp x="591" y="758" width="12" height="27" />
        <cmp x="596" y="736" width="16" height="12" />
        <cmp x="620" y="731" width="42" height="50" />
      </word>
      <word id="p03-112-00-04" tag="MDX" text="wouldn&apos;t">
        <cmp x="719" y="736" width="56" height="45" />
        <cmp x="779" y="748" width="39" height="38" />
        <cmp x="821" y="754" width="45" height="32" />
        <cmp x="874" y="729" width="11" height="46" />
        <cmp x="887" y="714" width="54" height="64" />
        <cmp x="943" y="746" width="29" height="33" />
        <cmp x="978" y="715" width="12" height="28" />
        <cmp x="993" y="722" width="45" height="50" />
      </word>
      <word id="p03-112-00-05" tag="!" text="!">
        <cmp x="1063" y="770" width="12" height="10" />
        <cmp x="1065" y="709" width="11" height="45" />
      </word>
      <word id="p03-112-00-06" tag="**&apos;" text="&quot;">
        <cmp x="1098" y="693" width="29" height="24" />
      </word>
      <word id="p03-112-00-07" tag="PP3A" text="he">
        <cmp x="1166" y="717" width="38" height="62" />
        <cmp x="1203" y="740" width="38" height="37" />
      </word>
      <word id="p03-112-00-08" tag="RB" text="almost">
        <cmp x="1290" y="744" width="50" height="33" />
        <cmp x="1341" y="722" width="12" height="53" />
        <cmp x="1363" y="741" width="50" height="41" />
        <cmp x="1416" y="742" width="81" height="40" />
        <cmp x="1499" y="732" width="42" height="49" />
      </word>
      <word id="p03-112-00-09" tag="VBD" text="snapped">
        <cmp x="1583" y="740" width="51" height="38" />
        <cmp x="1639" y="742" width="41" height="40" />
        <cmp x="1679" y="748" width="47" height="34" />
        <cmp x="1731" y="750" width="36" height="60" />
        <cmp x="1776" y="718" width="137" height="86" />
      </word>
      <word id="p03-112-00-10" tag="," text=",">
        <cmp x="1932" y="776" width="10" height="21" />
      </word>
      <lower-contour>
        <point x="400" y="810" />
        <point x="1943" y="810" />
      </lower-contour>
    </line>
    <line ass="59" asx="0" asy="890" character-width="999" dss="59" dsx="0" dsy="1005" fd0="12727" fd1="2880" fd2="-689" filter-width="5" id="p03-112-01" lbs="79" lbx="0" lby="959" segmentation="ok" slant="90000" stroke-width="7517" threshold="186" text="surprising her. &quot;You sounded like some-" ubs="20" ubx="0" uby="928">
      <word id="p03-112-01-00" tag="VBG" text="surprising">
        <cmp x="402" y="912" width="51" height="43" />
        <cmp x="451" y="928" width="42" height="38" />
        <cmp x="504" y="925" width="26" height="42" />
        <cmp x="531" y="935" width="41" height="57" />
        <cmp x="573" y="928" width="56" height="32" />
        <cmp x="619" y="909" width="10" height="8" />
        <cmp x="630" y="918" width="49" height="35" />
        <cmp x="686" y="930" width="13" height="31" />
        <cmp x="693" y="910" width="11" height="18" />
        <cmp x="710" y="925" width="93" height="75" />
      </word>
      <word id="p03-112-01-01" tag="PP3O" text="her">
        <cmp x="859" y="891" width="40" height="70" />
        <cmp x="898" y="927" width="75" height="33" />
      </word>
      <word id="p03-112-01-02" tag="." text=".">
        <cmp x="979" y="950" width="9" height="9" />
      </word>
      <word id="p03-112-01-03" sentence-start="yes" tag="*&apos;" text="&quot;">
        <cmp x="1025" y="891" width="28" height="24" />
      </word>
      <word id="p03-112-01-04" tag="PP2" text="You">
        <cmp x="1073" y="900" width="64" height="105" />
        <cmp x="1145" y="925" width="88" height="37" />
      </word>
      <word id="p03-112-01-05" tag="VBD" text="sounded">
        <cmp x="1289" y="924" width="40" height="40" />
        <cmp x="1331" y="928" width="83" height="33" />
        <cmp x="1416" y="932" width="49" height="34" />
        <cmp x="1465" y="907" width="89" height="59" />
        <cmp x="1560" y="905" width="61" height="62" />
      </word>
      <word id="p03-112-01-06" tag="IN" text="like">
        <cmp x="1681" y="905" width="55" height="54" />
        <cmp x="1712" y="911" width="19" height="16" />
        <cmp x="1741" y="900" width="105" height="62" />
      </word>
      <word id="p03-112-01-07" tag="PN-" text="some-">
        <cmp x="1902" y="921" width="41" height="40" />
        <cmp x="1948" y="920" width="41" height="38" />
        <cmp x="1996" y="919" width="46" height="41" />
        <cmp x="2041" y="921" width="42" height="39" />
        <cmp x="2094" y="933" width="29" height="11" />
      </word>
      <upper-contour>
        <point x="400" y="810" />
        <point x="1943" y="810" />
      </upper-contour>
      <lower-contour>
        <point x="400" y="1005" />
        <point x="2091" y="1005" />
      </lower-contour>
    </line>
    <line ass="493" asx="0" asy="1079" character-width="999" dss="493" dsx="0" dsy="1174" fd0="12270" fd1="2902" fd2="-846" filter-width="5" id="p03-112-02" lbs="500" lbx="0" lby="1145" segmentation="ok" slant="90000" stroke-width="7404" threshold="186" text="body else for a moment there. It doesn&apos;t" ubs="478" ubx="0" uby="1110">
      <word id="p03-112-02-00" tag="-PN" text="body">
        <cmp x="388" y="1079" width="40" height="63" />
        <cmp x="434" y="1108" width="36" height="37" />
        <cmp x="480" y="1082" width="50" height="60" />
        <cmp x="520" y="1112" width="43" height="58" />
      </word>
      <word id="p03-112-02-01" tag="RB" text="else">
        <cmp x="610" y="1102" width="41" height="40" />
        <cmp x="664" y="1076" width="104" height="65" />
      </word>
      <word id="p03-112-02-02" tag="IN" text="for">
        <cmp x="802" y="1081" width="96" height="84" />
        <cmp x="902" y="1102" width="26" height="32" />
      </word>
      <word id="p03-112-02-03" tag="AT" text="a">
        <cmp x="966" y="1107" width="58" height="29" />
      </word>
      <word id="p03-112-02-04" tag="NN" text="moment">
        <cmp x="1071" y="1097" width="50" height="43" />
        <cmp x="1125" y="1101" width="38" height="39" />
        <cmp x="1171" y="1098" width="50" height="43" />
        <cmp x="1222" y="1100" width="44" height="36" />
        <cmp x="1267" y="1097" width="38" height="39" />
        <cmp x="1312" y="1079" width="46" height="56" />
      </word>
      <word id="p03-112-02-05" tag="RN" text="there">
        <cmp x="1394" y="1075" width="92" height="64" />
        <cmp x="1485" y="1093" width="57" height="44" />
        <cmp x="1538" y="1091" width="59" height="42" />
      </word>
      <word id="p03-112-02-06" tag="." text=".">
        <cmp x="1605" y="1127" width="12" height="8" />
      </word>
      <word id="p03-112-02-07" sentence-start="yes" tag="PP3" text="It">
        <cmp x="1666" y="1075" width="51" height="67" />
        <cmp x="1718" y="1077" width="50" height="55" />
      </word>
      <word id="p03-112-02-08" tag="DOZX" text="doesn&apos;t">
        <cmp x="1818" y="1070" width="115" height="64" />
        <cmp x="1936" y="1093" width="43" height="39" />
        <cmp x="1981" y="1094" width="34" height="44" />
        <cmp x="2025" y="1063" width="13" height="31" />
        <cmp x="2038" y="1077" width="52" height="53" />
      </word>
      <upper-contour>
        <point x="400" y="1005" />
        <point x="2091" y="1005" />
      </upper-contour>
      <lower-contour>
        <point x="409" y="1170" />
        <point x="2091" y="1170" />
      </lower-contour>
    </line>
    <line ass="215" asx="0" asy="1238" character-width="999" dss="215" dsx="0" dsy="1360" fd0="12748" fd1="2843" fd2="-308" filter-width="5" id="p03-112-03" lbs="175" lbx="0" lby="1317" segmentation="ok" slant="90000" stroke-width="7251" threshold="191" text="become you to behave like a - a tart, Di.&quot;" ubs="296" ubx="0" uby="1288">
      <word id="p03-112-03-00" tag="VB" text="become">
        <cmp x="411" y="1258" width="126" height="60" />
        <cmp x="541" y="1284" width="36" height="30" />
        <cmp x="581" y="1279" width="98" height="37" />
      </word>
      <word id="p03-112-03-01" tag="PP2" text="you">
        <cmp x="706" y="1284" width="56" height="75" />
        <cmp x="773" y="1281" width="102" height="42" />
      </word>
      <word id="p03-112-03-02" tag="TO" text="to">
        <cmp x="881" y="1262" width="85" height="54" />
      </word>
      <word id="p03-112-03-03" tag="VB" text="behave">
        <cmp x="1024" y="1265" width="98" height="52" />
        <cmp x="1125" y="1258" width="90" height="57" />
        <cmp x="1220" y="1279" width="76" height="37" />
      </word>
      <word id="p03-112-03-04" tag="IN" text="like">
        <cmp x="1343" y="1260" width="57" height="51" />
        <cmp x="1371" y="1263" width="20" height="15" />
        <cmp x="1403" y="1249" width="86" height="69" />
      </word>
      <word id="p03-112-03-05" tag="AT" text="a">
        <cmp x="1524" y="1282" width="65" height="30" />
      </word>
      <word id="p03-112-03-06" tag="*-" text="-">
        <cmp x="1644" y="1281" width="57" height="11" />
      </word>
      <word id="p03-112-03-07" tag="AT" text="a">
        <cmp x="1751" y="1279" width="67" height="34" />
      </word>
      <word id="p03-112-03-08" tag="NN" text="tart">
        <cmp x="1839" y="1248" width="85" height="60" />
        <cmp x="1934" y="1275" width="18" height="32" />
        <cmp x="1962" y="1256" width="43" height="60" />
      </word>
      <word id="p03-112-03-09" tag="," text=",">
        <cmp x="2021" y="1313" width="11" height="25" />
      </word>
      <word id="p03-112-03-10" tag="NP" text="Di">
        <cmp x="2033" y="1251" width="47" height="67" />
        <cmp x="2083" y="1275" width="14" height="36" />
        <cmp x="2090" y="1259" width="12" height="13" />
      </word>
      <word id="p03-112-03-11" tag="." text=".">
        <cmp x="2114" y="1308" width="10" height="9" />
      </word>
      <word id="p03-112-03-12" tag="**&apos;" text="&quot;">
        <cmp x="2141" y="1231" width="31" height="33" />
      </word>
      <upper-contour>
        <point x="409" y="1170" />
        <point x="2091" y="1170" />
      </upper-contour>
      <lower-contour>
        <point x="409" y="1359" />
        <point x="2102" y="1359" />
      </lower-contour>
    </line>
    <line ass="36" asx="0" asy="1407" character-width="999" dss="36" dsx="0" dsy="1537" fd0="12653" fd1="3112" fd2="-356" filter-width="5" id="p03-112-04" lbs="-107" lbx="0" lby="1487" segmentation="ok" slant="90000" stroke-width="7286" threshold="191" text="&quot;Nigel - !&quot; she gasped. &quot;I didn&apos;t mean to" ubs="326" ubx="0" uby="1469">
      <word id="p03-112-04-00" sentence-start="yes" tag="*&apos;" text="&quot;">
        <cmp x="391" y="1422" width="23" height="34" />
      </word>
      <word id="p03-112-04-01" tag="NP" text="Nigel">
        <cmp x="437" y="1441" width="63" height="61" />
        <cmp x="509" y="1451" width="20" height="15" />
        <cmp x="512" y="1474" width="10" height="27" />
        <cmp x="523" y="1465" width="47" height="68" />
        <cmp x="575" y="1466" width="33" height="35" />
        <cmp x="608" y="1440" width="41" height="60" />
      </word>
      <word id="p03-112-04-02" tag="*-" text="-">
        <cmp x="661" y="1464" width="50" height="11" />
      </word>
      <word id="p03-112-04-03" tag="!" text="!">
        <cmp x="733" y="1427" width="10" height="44" />
        <cmp x="735" y="1482" width="13" height="8" />
      </word>
      <word id="p03-112-04-04" tag="**&apos;" text="&quot;">
        <cmp x="776" y="1408" width="30" height="28" />
      </word>
      <word id="p03-112-04-05" tag="PP3A" text="she">
        <cmp x="829" y="1457" width="47" height="36" />
        <cmp x="895" y="1438" width="38" height="58" />
        <cmp x="940" y="1462" width="44" height="30" />
      </word>
      <word id="p03-112-04-06" tag="VBD" text="gasped">
        <cmp x="1011" y="1465" width="58" height="73" />
        <cmp x="1076" y="1458" width="55" height="38" />
        <cmp x="1136" y="1453" width="118" height="76" />
        <cmp x="1249" y="1432" width="54" height="64" />
      </word>
      <word id="p03-112-04-07" tag="." text=".">
        <cmp x="1317" y="1486" width="11" height="9" />
      </word>
      <word id="p03-112-04-08" sentence-start="yes" tag="*&apos;" text="&quot;">
        <cmp x="1354" y="1430" width="35" height="24" />
      </word>
      <word id="p03-112-04-09" tag="PP1A" text="I">
        <cmp x="1404" y="1435" width="55" height="60" />
      </word>
      <word id="p03-112-04-10" tag="DODX" text="didn&apos;t">
        <cmp x="1498" y="1434" width="84" height="62" />
        <cmp x="1565" y="1430" width="62" height="61" />
        <cmp x="1631" y="1450" width="26" height="39" />
        <cmp x="1664" y="1421" width="13" height="31" />
        <cmp x="1675" y="1434" width="53" height="54" />
      </word>
      <word id="p03-112-04-11" tag="VB" text="mean">
        <cmp x="1786" y="1459" width="64" height="42" />
        <cmp x="1850" y="1460" width="90" height="41" />
        <cmp x="1947" y="1455" width="35" height="39" />
      </word>
      <word id="p03-112-04-12" tag="TO" text="to">
        <cmp x="2022" y="1432" width="79" height="66" />
      </word>
      <upper-contour>
        <point x="409" y="1359" />
        <point x="2102" y="1359" />
      </upper-contour>
      <lower-contour>
        <point x="409" y="1538" />
        <point x="1939" y="1538" />
      </lower-contour>
    </line>
    <line ass="-137" asx="0" asy="1603" character-width="999" dss="-137" dsx="0" dsy="1721" fd0="12720" fd1="2336" fd2="-1046" filter-width="5" id="p03-112-05" lbs="22" lbx="0" lby="1672" segmentation="ok" slant="90000" stroke-width="7187" threshold="191" text="behave like anything of the kind. I" ubs="-457" ubx="0" uby="1627">
      <word id="p03-112-05-00" tag="VB" text="behave">
        <cmp x="411" y="1611" width="192" height="66" />
        <cmp x="609" y="1630" width="73" height="36" />
      </word>
      <word id="p03-112-05-01" tag="IN" text="like">
        <cmp x="714" y="1608" width="67" height="66" />
        <cmp x="759" y="1614" width="11" height="15" />
        <cmp x="782" y="1610" width="88" height="64" />
      </word>
      <word id="p03-112-05-02" tag="PN" text="anything">
        <cmp x="929" y="1636" width="52" height="35" />
        <cmp x="980" y="1635" width="42" height="38" />
        <cmp x="997" y="1639" width="66" height="76" />
        <cmp x="1060" y="1609" width="88" height="62" />
        <cmp x="1151" y="1607" width="17" height="17" />
        <cmp x="1154" y="1636" width="19" height="31" />
        <cmp x="1178" y="1632" width="80" height="94" />
      </word>
      <word id="p03-112-05-03" tag="INO" text="of">
        <cmp x="1306" y="1639" width="46" height="44" />
        <cmp x="1353" y="1617" width="75" height="81" />
      </word>
      <word id="p03-112-05-04" tag="ATI" text="the">
        <cmp x="1431" y="1621" width="50" height="60" />
        <cmp x="1487" y="1616" width="36" height="57" />
        <cmp x="1522" y="1634" width="57" height="43" />
      </word>
      <word id="p03-112-05-05" tag="NN" text="kind">
        <cmp x="1621" y="1607" width="72" height="67" />
        <cmp x="1701" y="1620" width="92" height="61" />
      </word>
      <word id="p03-112-05-06" tag="." text=".">
        <cmp x="1829" y="1662" width="13" height="9" />
      </word>
      <word id="p03-112-05-07" sentence-start="yes" tag="PP1A" text="I">
        <cmp x="1894" y="1610" width="44" height="62" />
      </word>
      <upper-contour>
        <point x="409" y="1538" />
        <point x="1939" y="1538" />
      </upper-contour>
      <lower-contour>
        <point x="409" y="1725" />
        <point x="1890" y="1725" />
      </lower-contour>
    </line>
    <line ass="345" asx="0" asy="1780" character-width="999" dss="345" dsx="0" dsy="1914" fd0="13101" fd1="2965" fd2="-647" filter-width="5" id="p03-112-06" lbs="405" lbx="0" lby="1855" segmentation="err" slant="90000" stroke-width="7270" threshold="203" text="was only joking.&quot; &quot;Well, don&apos;t. It&apos;s" ubs="224" ubx="0" uby="1823">
      <word id="p03-112-06-00" tag="BEDZ" text="was">
        <cmp x="404" y="1807" width="82" height="54" />
        <cmp x="492" y="1817" width="62" height="38" />
      </word>
      <word id="p03-112-06-01" tag="RB" text="only">
        <cmp x="616" y="1819" width="38" height="40" />
        <cmp x="666" y="1816" width="36" height="40" />
        <cmp x="697" y="1820" width="122" height="79" />
        <cmp x="708" y="1798" width="13" height="52" />
        <cmp x="814" y="1800" width="14" height="19" />
      </word>
      <word id="p03-112-06-02" tag="VBG" text="joking">
        <cmp x="829" y="1823" width="41" height="32" />
        <cmp x="882" y="1783" width="67" height="70" />
        <cmp x="930" y="1801" width="11" height="14" />
        <cmp x="953" y="1823" width="33" height="32" />
        <cmp x="973" y="1833" width="45" height="76" />
      </word>
      <word id="p03-112-06-03" tag="." text=".">
        <cmp x="1037" y="1848" width="12" height="10" />
      </word>
      <word id="p03-112-06-04" tag="**&apos;" text="&quot;">
        <cmp x="1079" y="1775" width="30" height="30" />
      </word>
      <word id="p03-112-06-05" sentence-start="yes" tag="*&apos;" text="&quot;">
        <cmp x="1165" y="1790" width="28" height="26" />
      </word>
      <word id="p03-112-06-06" tag="UH" text="Well">
        <cmp x="1217" y="1789" width="63" height="61" />
        <cmp x="1285" y="1797" width="76" height="60" />
      </word>
      <word id="p03-112-06-07" tag="," text=",">
        <cmp x="1386" y="1851" width="20" height="28" />
      </word>
      <word id="p03-112-06-08" tag="DOX" text="don&apos;t">
        <cmp x="1439" y="1791" width="61" height="67" />
        <cmp x="1494" y="1817" width="39" height="36" />
        <cmp x="1537" y="1818" width="34" height="33" />
        <cmp x="1577" y="1778" width="16" height="34" />
      </word>
      <word id="p03-112-06-09" tag="." text="." />
      <word id="p03-112-06-10" sentence-start="yes" tag="PP3" text="It">
        <cmp x="1597" y="1795" width="55" height="55" />
      </word>
      <word id="p03-112-06-11" tag="BEZ" text="&apos;s">
        <cmp x="1688" y="1843" width="14" height="9" />
        <cmp x="1745" y="1795" width="90" height="62" />
        <cmp x="1836" y="1779" width="17" height="34" />
        <cmp x="1849" y="1807" width="40" height="38" />
      </word>
      <upper-contour>
        <point x="409" y="1725" />
        <point x="1890" y="1725" />
      </upper-contour>
      <lower-contour>
        <point x="402" y="1909" />
        <point x="1890" y="1909" />
      </lower-contour>
    </line>
    <line ass="-496" asx="0" asy="1947" character-width="999" dss="-496" dsx="0" dsy="2074" fd0="12857" fd1="3121" fd2="-849" filter-width="5" id="p03-112-07" lbs="-649" lbx="0" lby="2021" segmentation="ok" slant="90000" stroke-width="7273" threshold="203" text="miserable enough my having to take my" ubs="-192" ubx="0" uby="2001">
      <word id="p03-112-07-00" tag="JJ" text="miserable">
        <cmp x="396" y="1995" width="61" height="49" />
        <cmp x="462" y="2005" width="15" height="32" />
        <cmp x="463" y="1986" width="119" height="48" />
        <cmp x="581" y="2006" width="53" height="29" />
        <cmp x="644" y="1977" width="42" height="55" />
        <cmp x="694" y="1974" width="14" height="55" />
        <cmp x="707" y="2000" width="52" height="34" />
      </word>
      <word id="p03-112-07-01" tag="QLP" text="enough">
        <cmp x="809" y="1995" width="54" height="46" />
        <cmp x="867" y="2001" width="39" height="38" />
        <cmp x="918" y="1999" width="36" height="38" />
        <cmp x="958" y="2003" width="90" height="67" />
        <cmp x="1053" y="1976" width="55" height="50" />
      </word>
      <word id="p03-112-07-02" tag="PP$" text="my">
        <cmp x="1166" y="2001" width="111" height="85" />
      </word>
      <word id="p03-112-07-03" tag="HVG" text="having">
        <cmp x="1326" y="1975" width="56" height="63" />
        <cmp x="1385" y="2003" width="49" height="31" />
        <cmp x="1434" y="1996" width="49" height="36" />
        <cmp x="1468" y="1970" width="12" height="17" />
        <cmp x="1490" y="1993" width="77" height="77" />
      </word>
      <word id="p03-112-07-04" tag="TO" text="to">
        <cmp x="1604" y="1983" width="88" height="56" />
      </word>
      <word id="p03-112-07-05" tag="VB" text="take">
        <cmp x="1715" y="1976" width="101" height="61" />
        <cmp x="1814" y="1963" width="100" height="67" />
      </word>
      <word id="p03-112-07-06" tag="PP$" text="my">
        <cmp x="1961" y="1996" width="64" height="44" />
        <cmp x="2005" y="2006" width="57" height="72" />
      </word>
      <upper-contour>
        <point x="402" y="1909" />
        <point x="1890" y="1909" />
      </upper-contour>
      <lower-contour>
        <point x="394" y="2086" />
        <point x="1886" y="2086" />
      </lower-contour>
    </line>
    <line ass="93" asx="0" asy="2151" character-width="999" dss="93" dsx="0" dsy="2261" fd0="13327" fd1="2700" fd2="-765" filter-width="5" id="p03-112-08" lbs="91" lbx="0" lby="2215" segmentation="ok" slant="94000" stroke-width="7201" threshold="203" text="leave in the autumn without you" ubs="97" ubx="0" uby="2185">
      <word id="p03-112-08-00" tag="NN" text="leave">
        <cmp x="384" y="2155" width="13" height="67" />
        <cmp x="402" y="2175" width="90" height="46" />
        <cmp x="496" y="2178" width="46" height="30" />
        <cmp x="533" y="2181" width="58" height="36" />
      </word>
      <word id="p03-112-08-01" tag="IN" text="in">
        <cmp x="645" y="2189" width="16" height="27" />
        <cmp x="647" y="2163" width="12" height="14" />
        <cmp x="669" y="2178" width="50" height="33" />
      </word>
      <word id="p03-112-08-02" tag="ATI" text="the">
        <cmp x="756" y="2150" width="79" height="60" />
        <cmp x="835" y="2175" width="54" height="35" />
      </word>
      <word id="p03-112-08-03" tag="NN" text="autumn">
        <cmp x="952" y="2175" width="100" height="38" />
        <cmp x="1052" y="2158" width="39" height="55" />
        <cmp x="1097" y="2181" width="57" height="36" />
        <cmp x="1159" y="2179" width="61" height="41" />
        <cmp x="1234" y="2178" width="55" height="44" />
      </word>
      <word id="p03-112-08-04" tag="IN" text="without">
        <cmp x="1341" y="2178" width="56" height="44" />
        <cmp x="1413" y="2190" width="16" height="27" />
        <cmp x="1416" y="2156" width="11" height="15" />
        <cmp x="1434" y="2150" width="138" height="72" />
        <cmp x="1577" y="2175" width="65" height="35" />
        <cmp x="1626" y="2150" width="47" height="54" />
      </word>
      <word id="p03-112-08-05" tag="PP2" text="you">
        <cmp x="1708" y="2190" width="58" height="70" />
        <cmp x="1779" y="2176" width="106" height="43" />
      </word>
      <upper-contour>
        <point x="394" y="2086" />
        <point x="1886" y="2086" />
      </upper-contour>
      <lower-contour>
        <point x="382" y="2260" />
        <point x="1886" y="2260" />
      </lower-contour>
    </line>
    <line ass="710" asx="0" asy="2330" character-width="999" dss="710" dsx="0" dsy="2470" fd0="12919" fd1="3019" fd2="-494" filter-width="5" id="p03-112-09" lbs="974" lbx="0" lby="2411" segmentation="ok" slant="90000" stroke-width="7381" threshold="189" text="trying to be bright and gay about it." ubs="183" ubx="0" uby="2363">
      <word id="p03-112-09-00" tag="VBG" text="trying">
        <cmp x="373" y="2346" width="117" height="89" />
        <cmp x="498" y="2361" width="16" height="28" />
        <cmp x="501" y="2335" width="12" height="19" />
        <cmp x="517" y="2357" width="78" height="81" />
      </word>
      <word id="p03-112-09-01" tag="TO" text="to">
        <cmp x="637" y="2322" width="56" height="69" />
        <cmp x="696" y="2354" width="38" height="33" />
      </word>
      <word id="p03-112-09-02" tag="BE" text="be">
        <cmp x="765" y="2337" width="89" height="57" />
      </word>
      <word id="p03-112-09-03" tag="JJ" text="bright">
        <cmp x="921" y="2330" width="98" height="62" />
        <cmp x="1003" y="2329" width="14" height="15" />
        <cmp x="1005" y="2353" width="62" height="60" />
        <cmp x="1071" y="2323" width="38" height="59" />
        <cmp x="1107" y="2328" width="42" height="51" />
      </word>
      <word id="p03-112-09-04" tag="CC" text="and">
        <cmp x="1194" y="2358" width="56" height="36" />
        <cmp x="1253" y="2331" width="105" height="66" />
      </word>
      <word id="p03-112-09-05" tag="JJ" text="gay">
        <cmp x="1381" y="2351" width="69" height="80" />
        <cmp x="1453" y="2360" width="99" height="93" />
      </word>
      <word id="p03-112-09-06" tag="IN" text="about">
        <cmp x="1593" y="2330" width="121" height="64" />
        <cmp x="1721" y="2346" width="95" height="42" />
        <cmp x="1809" y="2331" width="38" height="54" />
      </word>
      <word id="p03-112-09-07" tag="PP3" text="it">
        <cmp x="1898" y="2357" width="15" height="29" />
        <cmp x="1904" y="2330" width="17" height="15" />
        <cmp x="1917" y="2322" width="53" height="62" />
      </word>
      <word id="p03-112-09-08" tag="." text=".">
        <cmp x="1983" y="2374" width="10" height="9" />
      </word>
      <upper-contour>
        <point x="382" y="2260" />
        <point x="1886" y="2260" />
      </upper-contour>
    </line>
  </handwritten-part>
</form>

