<?xml version="1.0" encoding="ISO-8859-1"?>

<!DOCTYPE form SYSTEM 'http://www.iam.unibe.ch/~fki/iamdb/form-metadata.dtd'>

<form created="2002-01-30" height="3542" id="r02-081" last-modified="2002-07-18" skew="-95" status="final" version="3.0_beta" width="2479" writer-id="648">
  <machine-printed-part>
    <machine-print-line text="Before he could open his mouth, the collector stretched out a hand. &apos;Watch your step" />
    <machine-print-line text="there, sir! Your briefcase is hanging open. You&apos;ll have someone shoving their hot" />
    <machine-print-line text="little hands inside. Here, I&apos;ll do it.&apos; The collector pressed the twinkling catch home" />
    <machine-print-line text="with a click. Cecil, irretrievably laden with both briefcase and conscience, stumbled" />
    <machine-print-line text="away into the darkness." />
  </machine-printed-part>
  <handwritten-part>
    <line ass="-281" asx="0" asy="710" character-width="999" dss="-281" dsx="0" dsy="813" fd0="13920" fd1="1922" fd2="-2587" filter-width="3" id="r02-081-00" lbs="-238" lbx="0" lby="807" segmentation="ok" slant="57000" stroke-width="5702" threshold="176" text="Sentence Database" ubs="-365" ubx="0" uby="764">
      <word id="r02-081-00-00" sentence-start="yes" tag="NN" text="Sentence">
        <cmp x="391" y="718" width="73" height="92" />
        <cmp x="425" y="764" width="44" height="51" />
        <cmp x="468" y="762" width="48" height="50" />
        <cmp x="523" y="718" width="53" height="89" />
        <cmp x="545" y="765" width="82" height="47" />
        <cmp x="620" y="774" width="103" height="41" />
        <cmp x="666" y="772" width="8" height="5" />
      </word>
      <word id="r02-081-00-01" tag="NN" text="Database">
        <cmp x="818" y="715" width="120" height="104" />
        <cmp x="941" y="724" width="54" height="82" />
        <cmp x="954" y="764" width="64" height="54" />
        <cmp x="1026" y="730" width="60" height="88" />
        <cmp x="1073" y="768" width="64" height="50" />
        <cmp x="1125" y="765" width="45" height="50" />
        <cmp x="1171" y="765" width="57" height="52" />
      </word>
      <lower-contour>
        <point x="389" y="819" />
        <point x="1229" y="819" />
      </lower-contour>
    </line>
    <line ass="67" asx="0" asy="910" character-width="999" dss="67" dsx="0" dsy="1037" fd0="14240" fd1="2465" fd2="-1823" filter-width="4" id="r02-081-01" lbs="-58" lbx="0" lby="987" segmentation="ok" slant="57000" stroke-width="5739" threshold="176" text="Before he could open his mouth, the collector" ubs="317" ubx="0" uby="962">
      <word id="r02-081-01-00" sentence-start="yes" tag="CS" text="Before">
        <cmp x="377" y="909" width="166" height="129" />
        <cmp x="534" y="958" width="26" height="40" />
        <cmp x="563" y="957" width="57" height="33" />
      </word>
      <word id="r02-081-01-01" tag="PP3A" text="he">
        <cmp x="671" y="913" width="85" height="91" />
      </word>
      <word id="r02-081-01-02" tag="MD" text="could">
        <cmp x="802" y="952" width="56" height="40" />
        <cmp x="856" y="954" width="39" height="36" />
        <cmp x="891" y="955" width="47" height="40" />
        <cmp x="943" y="910" width="97" height="79" />
      </word>
      <word id="r02-081-01-03" tag="VB" text="open">
        <cmp x="1050" y="952" width="51" height="42" />
        <cmp x="1081" y="952" width="65" height="78" />
        <cmp x="1149" y="962" width="93" height="34" />
        <cmp x="1162" y="963" width="30" height="23" />
        <cmp x="1175" y="963" width="11" height="5" />
      </word>
      <word id="r02-081-01-04" tag="PP$" text="his">
        <cmp x="1298" y="920" width="46" height="65" />
        <cmp x="1337" y="949" width="29" height="37" />
        <cmp x="1356" y="950" width="40" height="39" />
        <cmp x="1375" y="923" width="4" height="8" />
      </word>
      <word id="r02-081-01-05" tag="NN" text="mouth">
        <cmp x="1440" y="937" width="96" height="49" />
        <cmp x="1539" y="947" width="52" height="42" />
        <cmp x="1591" y="921" width="51" height="71" />
        <cmp x="1606" y="913" width="52" height="83" />
      </word>
      <word id="r02-081-01-06" tag="," text=",">
        <cmp x="1654" y="988" width="18" height="34" />
      </word>
      <word id="r02-081-01-07" tag="ATI" text="the">
        <cmp x="1718" y="917" width="47" height="67" />
        <cmp x="1735" y="917" width="50" height="75" />
        <cmp x="1776" y="944" width="38" height="48" />
      </word>
      <word id="r02-081-01-08" tag="NN" text="collector">
        <cmp x="1834" y="952" width="61" height="40" />
        <cmp x="1886" y="953" width="41" height="38" />
        <cmp x="1934" y="914" width="59" height="74" />
        <cmp x="1966" y="909" width="59" height="78" />
        <cmp x="1984" y="960" width="42" height="31" />
        <cmp x="2029" y="964" width="39" height="27" />
        <cmp x="2057" y="961" width="10" height="4" />
        <cmp x="2075" y="924" width="57" height="74" />
        <cmp x="2100" y="956" width="45" height="43" />
        <cmp x="2130" y="919" width="5" height="4" />
        <cmp x="2137" y="956" width="40" height="40" />
      </word>
      <upper-contour>
        <point x="389" y="819" />
        <point x="1229" y="819" />
      </upper-contour>
      <lower-contour>
        <point x="375" y="1039" />
        <point x="2178" y="1039" />
      </lower-contour>
    </line>
    <line ass="183" asx="0" asy="1089" character-width="999" dss="183" dsx="0" dsy="1221" fd0="14220" fd1="2096" fd2="-2204" filter-width="4" id="r02-081-02" lbs="118" lbx="0" lby="1175" segmentation="err" slant="59000" stroke-width="5968" threshold="176" text="stretched out a hand. &apos;Watch your step there, sir! Your briefcase" ubs="314" ubx="0" uby="1139">
      <word id="r02-081-02-00" tag="VBD" text="stretched">
        <cmp x="354" y="1125" width="64" height="58" />
        <cmp x="413" y="1099" width="58" height="87" />
        <cmp x="434" y="1137" width="31" height="44" />
        <cmp x="453" y="1136" width="45" height="46" />
        <cmp x="491" y="1098" width="60" height="90" />
        <cmp x="511" y="1104" width="172" height="85" />
      </word>
      <word id="r02-081-02-01" tag="RP" text="out">
        <cmp x="686" y="1133" width="47" height="49" />
        <cmp x="730" y="1132" width="53" height="46" />
        <cmp x="790" y="1088" width="47" height="79" />
      </word>
      <word id="r02-081-02-02" tag="AT" text="a">
        <cmp x="824" y="1133" width="48" height="37" />
      </word>
      <word id="r02-081-02-03" tag="NN" text="hand">
        <cmp x="892" y="1087" width="55" height="89" />
        <cmp x="925" y="1124" width="88" height="53" />
      </word>
      <word id="r02-081-02-04" tag="." text=".">
        <cmp x="997" y="1106" width="72" height="74" />
      </word>
      <word id="r02-081-02-05" sentence-start="yes" tag="*&apos;" text="&apos;">
        <cmp x="1092" y="1100" width="17" height="38" />
      </word>
      <word id="r02-081-02-06" tag="VB" text="Watch">
        <cmp x="1114" y="1089" width="81" height="86" />
        <cmp x="1162" y="1128" width="51" height="44" />
        <cmp x="1208" y="1091" width="101" height="81" />
      </word>
      <word id="r02-081-02-07" tag="PP$" text="your">
        <cmp x="1321" y="1123" width="65" height="95" />
        <cmp x="1381" y="1121" width="95" height="42" />
      </word>
      <word id="r02-081-02-08" tag="NN" text="step">
        <cmp x="1504" y="1087" width="117" height="111" />
      </word>
      <word id="r02-081-02-09" tag="RN" text="there">
        <cmp x="1643" y="1091" width="51" height="74" />
        <cmp x="1660" y="1096" width="123" height="75" />
        <cmp x="1705" y="1091" width="5" height="5" />
      </word>
      <word id="r02-081-02-10" tag="," text=",">
        <cmp x="1767" y="1153" width="24" height="32" />
      </word>
      <word id="r02-081-02-11" tag="NN" text="sir">
        <cmp x="1802" y="1131" width="50" height="50" />
        <cmp x="1843" y="1132" width="21" height="42" />
        <cmp x="1855" y="1128" width="43" height="43" />
        <cmp x="1870" y="1095" width="14" height="26" />
      </word>
      <word id="r02-081-02-12" tag="!" text="!">
        <cmp x="1902" y="1154" width="16" height="16" />
        <cmp x="1921" y="1092" width="32" height="52" />
      </word>
      <word id="r02-081-02-13" sentence-start="yes" tag="PP$" text="Your">
        <cmp x="1954" y="1098" width="73" height="84" />
        <cmp x="1984" y="1129" width="107" height="44" />
      </word>
      <word id="r02-081-02-14" tag="NN" text="briefcase">
        <cmp x="2115" y="1097" width="47" height="84" />
        <cmp x="2158" y="1126" width="37" height="46" />
        <cmp x="2181" y="1133" width="29" height="42" />
        <cmp x="2196" y="1097" width="81" height="97" />
        <cmp x="2211" y="1114" width="6" height="8" />
        <cmp x="2244" y="1138" width="146" height="48" />
      </word>
      <upper-contour>
        <point x="375" y="1039" />
        <point x="2178" y="1039" />
      </upper-contour>
      <lower-contour>
        <point x="355" y="1218" />
        <point x="2120" y="1218" />
      </lower-contour>
    </line>
    <line ass="777" asx="0" asy="1261" character-width="999" dss="777" dsx="0" dsy="1420" fd0="14846" fd1="2542" fd2="-2349" filter-width="4" id="r02-081-03" lbs="765" lbx="0" lby="1366" segmentation="err" slant="59000" stroke-width="5769" threshold="176" text="is hanging open. You&apos;ll have someone shoving their hot" ubs="802" ubx="0" uby="1329">
      <word id="r02-081-03-00" tag="BEZ" text="is">
        <cmp x="357" y="1311" width="32" height="47" />
        <cmp x="365" y="1321" width="42" height="46" />
        <cmp x="402" y="1262" width="7" height="12" />
      </word>
      <word id="r02-081-03-01" tag="VBG" text="hanging">
        <cmp x="423" y="1277" width="54" height="84" />
        <cmp x="459" y="1316" width="50" height="45" />
        <cmp x="504" y="1315" width="82" height="92" />
        <cmp x="578" y="1315" width="27" height="36" />
        <cmp x="594" y="1314" width="51" height="46" />
        <cmp x="605" y="1297" width="10" height="12" />
        <cmp x="617" y="1312" width="64" height="80" />
      </word>
      <word id="r02-081-03-02" tag="JJ" text="open">
        <cmp x="696" y="1307" width="47" height="45" />
        <cmp x="713" y="1302" width="132" height="78" />
        <cmp x="805" y="1313" width="4" height="7" />
        <cmp x="847" y="1341" width="7" height="9" />
        <cmp x="891" y="1250" width="66" height="107" />
        <cmp x="907" y="1250" width="19" height="38" />
      </word>
      <word id="r02-081-03-03" tag="." text=".">
        <cmp x="925" y="1306" width="39" height="49" />
      </word>
      <word id="r02-081-03-04" sentence-start="yes" tag="PP2" text="You">
        <cmp x="953" y="1311" width="44" height="44" />
      </word>
      <word id="r02-081-03-05" tag="MD" text="&apos;ll">
        <cmp x="1023" y="1266" width="16" height="32" />
        <cmp x="1030" y="1263" width="49" height="84" />
        <cmp x="1045" y="1258" width="55" height="95" />
      </word>
      <word id="r02-081-03-06" tag="HV" text="have">
        <cmp x="1091" y="1264" width="47" height="85" />
        <cmp x="1127" y="1298" width="71" height="58" />
        <cmp x="1186" y="1300" width="37" height="53" />
      </word>
      <word id="r02-081-03-07" tag="PN" text="someone">
        <cmp x="1250" y="1298" width="63" height="52" />
        <cmp x="1294" y="1307" width="46" height="47" />
        <cmp x="1331" y="1307" width="62" height="43" />
        <cmp x="1387" y="1305" width="81" height="48" />
        <cmp x="1464" y="1303" width="48" height="43" />
        <cmp x="1510" y="1300" width="44" height="47" />
      </word>
      <word id="r02-081-03-08" tag="VBG" text="shoving">
        <cmp x="1569" y="1293" width="47" height="59" />
        <cmp x="1602" y="1263" width="59" height="90" />
        <cmp x="1645" y="1302" width="48" height="46" />
        <cmp x="1698" y="1304" width="37" height="46" />
        <cmp x="1707" y="1305" width="5" height="5" />
        <cmp x="1730" y="1308" width="21" height="31" />
        <cmp x="1749" y="1295" width="36" height="50" />
        <cmp x="1764" y="1302" width="60" height="96" />
      </word>
      <word id="r02-081-03-09" tag="PP$" text="their">
        <cmp x="1844" y="1266" width="56" height="91" />
        <cmp x="1869" y="1262" width="89" height="89" />
        <cmp x="1943" y="1304" width="43" height="44" />
      </word>
      <word id="r02-081-03-10" tag="JJ" text="hot">
        <cmp x="1989" y="1277" width="47" height="74" />
        <cmp x="2026" y="1308" width="33" height="39" />
        <cmp x="2065" y="1268" width="54" height="78" />
      </word>
      <upper-contour>
        <point x="355" y="1218" />
        <point x="2120" y="1218" />
      </upper-contour>
      <lower-contour>
        <point x="355" y="1408" />
        <point x="2120" y="1408" />
      </lower-contour>
    </line>
    <line ass="446" asx="0" asy="1434" character-width="999" dss="446" dsx="0" dsy="1593" fd0="14538" fd1="2534" fd2="-2323" filter-width="4" id="r02-081-04" lbs="431" lbx="0" lby="1535" segmentation="err" slant="61000" stroke-width="5896" threshold="176" text="little hands inside. Here, I&apos;ll do it.&apos; The collector pressed the twinkling" ubs="476" ubx="0" uby="1494">
      <word id="r02-081-04-00" tag="JJ" text="little">
        <cmp x="341" y="1466" width="41" height="80" />
        <cmp x="362" y="1496" width="21" height="44" />
        <cmp x="381" y="1459" width="48" height="84" />
        <cmp x="383" y="1436" width="4" height="9" />
        <cmp x="386" y="1466" width="9" height="17" />
        <cmp x="403" y="1452" width="46" height="91" />
        <cmp x="420" y="1455" width="44" height="87" />
        <cmp x="442" y="1494" width="39" height="43" />
      </word>
      <word id="r02-081-04-01" tag="NNS" text="hands">
        <cmp x="492" y="1462" width="57" height="82" />
        <cmp x="533" y="1448" width="142" height="97" />
        <cmp x="645" y="1485" width="39" height="53" />
      </word>
      <word id="r02-081-04-02" tag="RP" text="inside">
        <cmp x="697" y="1496" width="22" height="38" />
        <cmp x="711" y="1487" width="47" height="50" />
        <cmp x="746" y="1489" width="44" height="54" />
        <cmp x="778" y="1492" width="24" height="46" />
        <cmp x="794" y="1444" width="90" height="99" />
        <cmp x="807" y="1465" width="4" height="6" />
      </word>
      <word id="r02-081-04-03" tag="." text=".">
        <cmp x="902" y="1514" width="16" height="15" />
      </word>
      <word id="r02-081-04-04" sentence-start="yes" tag="RN" text="Here">
        <cmp x="949" y="1443" width="60" height="98" />
        <cmp x="969" y="1427" width="59" height="102" />
        <cmp x="978" y="1477" width="64" height="63" />
        <cmp x="1024" y="1476" width="43" height="53" />
      </word>
      <word id="r02-081-04-05" tag="," text=",">
        <cmp x="1058" y="1513" width="23" height="46" />
      </word>
      <word id="r02-081-04-06" tag="PP1A" text="I">
        <cmp x="1105" y="1470" width="34" height="62" />
        <cmp x="1148" y="1449" width="14" height="24" />
      </word>
      <word id="r02-081-04-07" tag="MD" text="&apos;ll">
        <cmp x="1143" y="1461" width="35" height="71" />
        <cmp x="1164" y="1449" width="38" height="82" />
      </word>
      <word id="r02-081-04-08" tag="DO" text="do">
        <cmp x="1203" y="1452" width="67" height="85" />
        <cmp x="1242" y="1489" width="38" height="48" />
      </word>
      <word id="r02-081-04-09" tag="PP3" text="it">
        <cmp x="1292" y="1491" width="26" height="51" />
        <cmp x="1325" y="1437" width="45" height="94" />
        <cmp x="1329" y="1447" width="7" height="9" />
        <cmp x="1368" y="1432" width="5" height="4" />
      </word>
      <word id="r02-081-04-10" tag="." text=".">
        <cmp x="1359" y="1510" width="12" height="17" />
      </word>
      <word id="r02-081-04-11" tag="**&apos;" text="&apos;">
        <cmp x="1384" y="1441" width="27" height="40" />
      </word>
      <word id="r02-081-04-12" sentence-start="yes" tag="ATI" text="The">
        <cmp x="1449" y="1464" width="43" height="62" />
        <cmp x="1464" y="1450" width="64" height="79" />
        <cmp x="1498" y="1484" width="34" height="46" />
      </word>
      <word id="r02-081-04-13" tag="NN" text="collector">
        <cmp x="1557" y="1484" width="67" height="47" />
        <cmp x="1632" y="1452" width="39" height="72" />
        <cmp x="1656" y="1437" width="109" height="93" />
        <cmp x="1738" y="1486" width="37" height="46" />
        <cmp x="1770" y="1486" width="25" height="41" />
      </word>
      <word id="r02-081-04-14" tag="VBD" text="pressed">
        <cmp x="1805" y="1478" width="64" height="85" />
        <cmp x="1858" y="1460" width="198" height="70" />
      </word>
      <word id="r02-081-04-15" tag="ATI" text="the">
        <cmp x="2049" y="1448" width="100" height="90" />
      </word>
      <word id="r02-081-04-16" tag="JJ" text="twinkling">
        <cmp x="2184" y="1447" width="53" height="82" />
        <cmp x="2201" y="1480" width="50" height="44" />
        <cmp x="2218" y="1486" width="5" height="5" />
        <cmp x="2246" y="1485" width="19" height="34" />
        <cmp x="2259" y="1479" width="34" height="39" />
        <cmp x="2273" y="1464" width="5" height="5" />
        <cmp x="2293" y="1442" width="73" height="79" />
        <cmp x="2340" y="1478" width="19" height="37" />
        <cmp x="2359" y="1469" width="43" height="43" />
        <cmp x="2370" y="1471" width="70" height="105" />
        <cmp x="2383" y="1440" width="5" height="8" />
      </word>
      <upper-contour>
        <point x="355" y="1408" />
        <point x="2120" y="1408" />
      </upper-contour>
      <lower-contour>
        <point x="340" y="1563" />
        <point x="2352" y="1563" />
      </lower-contour>
    </line>
    <line ass="219" asx="0" asy="1625" character-width="999" dss="219" dsx="0" dsy="1749" fd0="13854" fd1="2612" fd2="-1759" filter-width="4" id="r02-081-05" lbs="270" lbx="0" lby="1710" segmentation="err" slant="59999" stroke-width="6351" threshold="176" text="catch home with a click. Cecil, irretrievably laden with" ubs="116" ubx="0" uby="1670">
      <word id="r02-081-05-00" tag="NN" text="catch">
        <cmp x="342" y="1665" width="98" height="54" />
        <cmp x="438" y="1624" width="108" height="94" />
      </word>
      <word id="r02-081-05-01" tag="NR" text="home">
        <cmp x="581" y="1637" width="49" height="74" />
        <cmp x="624" y="1666" width="43" height="39" />
        <cmp x="653" y="1658" width="100" height="50" />
      </word>
      <word id="r02-081-05-02" tag="IN" text="with">
        <cmp x="794" y="1637" width="104" height="75" />
        <cmp x="871" y="1640" width="6" height="12" />
        <cmp x="871" y="1633" width="43" height="75" />
      </word>
      <word id="r02-081-05-03" tag="AT" text="a">
        <cmp x="928" y="1670" width="53" height="39" />
      </word>
      <word id="r02-081-05-04" tag="NN" text="click">
        <cmp x="984" y="1629" width="123" height="83" />
        <cmp x="1108" y="1674" width="58" height="37" />
        <cmp x="1148" y="1673" width="7" height="8" />
        <cmp x="1171" y="1643" width="39" height="67" />
        <cmp x="1196" y="1672" width="29" height="42" />
        <cmp x="1208" y="1638" width="6" height="4" />
        <cmp x="1219" y="1640" width="90" height="75" />
        <cmp x="1236" y="1641" width="7" height="9" />
      </word>
      <word id="r02-081-05-05" tag="." text=".">
        <cmp x="1364" y="1653" width="49" height="56" />
      </word>
      <word id="r02-081-05-06" sentence-start="yes" tag="NP" text="Cecil">
        <cmp x="1403" y="1672" width="38" height="33" />
        <cmp x="1416" y="1647" width="7" height="9" />
        <cmp x="1441" y="1674" width="43" height="34" />
        <cmp x="1480" y="1673" width="26" height="38" />
        <cmp x="1511" y="1638" width="44" height="74" />
        <cmp x="1516" y="1641" width="6" height="8" />
      </word>
      <word id="r02-081-05-07" tag="," text=",">
        <cmp x="1559" y="1674" width="20" height="41" />
        <cmp x="1588" y="1637" width="9" height="14" />
      </word>
      <word id="r02-081-05-08" tag="RB" text="irretrievably">
        <cmp x="1581" y="1670" width="48" height="44" />
        <cmp x="1624" y="1639" width="99" height="71" />
        <cmp x="1714" y="1663" width="32" height="38" />
        <cmp x="1742" y="1663" width="20" height="37" />
        <cmp x="1759" y="1667" width="41" height="42" />
        <cmp x="1765" y="1636" width="12" height="15" />
        <cmp x="1799" y="1659" width="40" height="42" />
        <cmp x="1825" y="1666" width="44" height="36" />
        <cmp x="1865" y="1633" width="44" height="72" />
        <cmp x="1913" y="1631" width="36" height="65" />
        <cmp x="1919" y="1667" width="53" height="76" />
      </word>
      <word id="r02-081-05-09" tag="VBN" text="laden">
        <cmp x="1991" y="1649" width="34" height="58" />
        <cmp x="2027" y="1677" width="36" height="30" />
        <cmp x="2068" y="1624" width="108" height="86" />
      </word>
      <word id="r02-081-05-10" tag="IN" text="with">
        <cmp x="2213" y="1671" width="53" height="42" />
        <cmp x="2272" y="1675" width="15" height="30" />
        <cmp x="2294" y="1633" width="33" height="70" />
        <cmp x="2303" y="1639" width="7" height="11" />
        <cmp x="2315" y="1635" width="36" height="78" />
      </word>
      <upper-contour>
        <point x="340" y="1563" />
        <point x="2352" y="1563" />
      </upper-contour>
      <lower-contour>
        <point x="347" y="1742" />
        <point x="2168" y="1742" />
      </lower-contour>
    </line>
    <line ass="327" asx="0" asy="1799" character-width="999" dss="327" dsx="0" dsy="1936" fd0="14173" fd1="2331" fd2="-2127" filter-width="4" id="r02-081-06" lbs="341" lbx="0" lby="1896" segmentation="ok" slant="57000" stroke-width="5988" threshold="176" text="both briefcase and conscience, stumbled away" ubs="299" ubx="0" uby="1859">
      <word id="r02-081-06-00" tag="ABX" text="both">
        <cmp x="349" y="1827" width="79" height="72" />
        <cmp x="391" y="1822" width="5" height="4" />
        <cmp x="420" y="1814" width="82" height="90" />
      </word>
      <word id="r02-081-06-01" tag="NN" text="briefcase">
        <cmp x="532" y="1819" width="59" height="73" />
        <cmp x="582" y="1848" width="39" height="42" />
        <cmp x="613" y="1846" width="26" height="43" />
        <cmp x="625" y="1842" width="41" height="52" />
        <cmp x="642" y="1827" width="8" height="12" />
        <cmp x="652" y="1796" width="77" height="109" />
        <cmp x="685" y="1847" width="61" height="52" />
        <cmp x="734" y="1852" width="56" height="47" />
        <cmp x="784" y="1849" width="81" height="46" />
      </word>
      <word id="r02-081-06-02" tag="CC" text="and">
        <cmp x="895" y="1855" width="57" height="40" />
        <cmp x="950" y="1830" width="108" height="68" />
      </word>
      <word id="r02-081-06-03" tag="NN" text="conscience">
        <cmp x="1072" y="1843" width="60" height="47" />
        <cmp x="1127" y="1846" width="47" height="41" />
        <cmp x="1166" y="1840" width="85" height="49" />
        <cmp x="1243" y="1853" width="26" height="36" />
        <cmp x="1264" y="1856" width="49" height="35" />
        <cmp x="1268" y="1827" width="12" height="17" />
        <cmp x="1308" y="1853" width="45" height="33" />
        <cmp x="1346" y="1845" width="86" height="48" />
        <cmp x="1386" y="1858" width="5" height="5" />
      </word>
      <word id="r02-081-06-04" tag="," text=",">
        <cmp x="1434" y="1872" width="25" height="35" />
      </word>
      <word id="r02-081-06-05" tag="VBD" text="stumbled">
        <cmp x="1483" y="1845" width="43" height="44" />
        <cmp x="1523" y="1811" width="57" height="84" />
        <cmp x="1545" y="1846" width="129" height="49" />
        <cmp x="1676" y="1812" width="53" height="76" />
        <cmp x="1718" y="1806" width="4" height="5" />
        <cmp x="1720" y="1810" width="159" height="86" />
      </word>
      <word id="r02-081-06-06" tag="RP" text="away">
        <cmp x="1918" y="1842" width="136" height="44" />
        <cmp x="2048" y="1845" width="51" height="34" />
        <cmp x="2112" y="1845" width="55" height="80" />
      </word>
      <upper-contour>
        <point x="347" y="1742" />
        <point x="2168" y="1742" />
      </upper-contour>
      <lower-contour>
        <point x="375" y="1905" />
        <point x="1019" y="1905" />
      </lower-contour>
    </line>
    <line ass="1135" asx="0" asy="1980" character-width="999" dss="1135" dsx="0" dsy="2107" fd0="13964" fd1="2325" fd2="-2069" filter-width="4" id="r02-081-07" lbs="1232" lbx="0" lby="2084" segmentation="ok" slant="62000" stroke-width="5894" threshold="176" text="into the darkness." ubs="942" ubx="0" uby="2035">
      <word id="r02-081-07-00" tag="IN" text="into">
        <cmp x="377" y="2025" width="30" height="55" />
        <cmp x="397" y="2019" width="45" height="58" />
        <cmp x="409" y="1988" width="5" height="7" />
        <cmp x="453" y="1971" width="56" height="106" />
        <cmp x="480" y="2029" width="48" height="47" />
      </word>
      <word id="r02-081-07-01" tag="ATI" text="the">
        <cmp x="586" y="1971" width="103" height="99" />
      </word>
      <word id="r02-081-07-02" tag="NN" text="darkness">
        <cmp x="716" y="1978" width="121" height="95" />
        <cmp x="828" y="1990" width="49" height="81" />
        <cmp x="870" y="2020" width="114" height="47" />
        <cmp x="968" y="2020" width="47" height="48" />
      </word>
      <word id="r02-081-07-03" tag="." text=".">
        <cmp x="993" y="2050" width="25" height="38" />
      </word>
      <upper-contour>
        <point x="375" y="1905" />
        <point x="1019" y="1905" />
      </upper-contour>
    </line>
  </handwritten-part>
</form>

