<?xml version="1.0" encoding="ISO-8859-1"?>

<!DOCTYPE form SYSTEM 'http://www.iam.unibe.ch/~fki/iamdb/form-metadata.dtd'>

<form created="2002-01-30" height="3542" id="r03-002" last-modified="2002-07-18" skew="191" status="final" version="3.0_beta" width="2479" writer-id="658">
  <machine-printed-part>
    <machine-print-line text="In spite of all the transferred maternity she was endowed with by her patients, poor" />
    <machine-print-line text="Serena was an infant-in-arms as a buyer of property. No, not even an infant-in-arms" />
    <machine-print-line text="but a new-born babe, a premature piece of frailty in an oxygen-tent of utter innocence." />
    <machine-print-line text="The complexity of that innocence was colossal. It had layer after layer of illusion to" />
    <machine-print-line text="be peeled off and replaced with sad knowledgeability." />
  </machine-printed-part>
  <handwritten-part>
    <line ass="311" asx="0" asy="850" character-width="999" dss="311" dsx="0" dsy="1016" fd0="13559" fd1="2632" fd2="-1044" filter-width="4" id="r03-002-00" lbs="268" lbx="0" lby="932" segmentation="ok" slant="77000" stroke-width="5967" threshold="191" text="In spite of all the transferred maternity" ubs="397" ubx="0" uby="900">
      <word id="r03-002-00-00" sentence-start="yes" tag="IN31" text="In">
        <cmp x="374" y="859" width="20" height="69" />
        <cmp x="391" y="894" width="50" height="37" />
      </word>
      <word id="r03-002-00-01" tag="IN32" text="spite">
        <cmp x="531" y="891" width="33" height="50" />
        <cmp x="559" y="890" width="65" height="78" />
        <cmp x="623" y="900" width="13" height="23" />
        <cmp x="642" y="862" width="8" height="9" />
        <cmp x="653" y="865" width="76" height="63" />
      </word>
      <word id="r03-002-00-02" tag="IN33" text="of">
        <cmp x="792" y="856" width="88" height="108" />
      </word>
      <word id="r03-002-00-03" tag="ABN" text="all">
        <cmp x="962" y="895" width="43" height="37" />
        <cmp x="1020" y="872" width="20" height="50" />
        <cmp x="1040" y="869" width="27" height="59" />
      </word>
      <word id="r03-002-00-04" tag="ATI" text="the">
        <cmp x="1124" y="865" width="101" height="71" />
      </word>
      <word id="r03-002-00-05" tag="JJ" text="transferred">
        <cmp x="1330" y="854" width="78" height="80" />
        <cmp x="1393" y="874" width="47" height="44" />
        <cmp x="1442" y="890" width="45" height="35" />
        <cmp x="1488" y="842" width="92" height="103" />
        <cmp x="1586" y="880" width="24" height="41" />
        <cmp x="1615" y="878" width="30" height="36" />
        <cmp x="1641" y="879" width="31" height="43" />
        <cmp x="1674" y="862" width="64" height="63" />
      </word>
      <word id="r03-002-00-06" tag="NN" text="maternity">
        <cmp x="1806" y="888" width="83" height="42" />
        <cmp x="1885" y="870" width="109" height="59" />
        <cmp x="1984" y="887" width="54" height="39" />
        <cmp x="2037" y="902" width="13" height="11" />
        <cmp x="2061" y="862" width="56" height="144" />
        <cmp x="2071" y="862" width="5" height="7" />
      </word>
      <lower-contour>
        <point x="372" y="1008" />
        <point x="2108" y="1008" />
      </lower-contour>
    </line>
    <line ass="330" asx="0" asy="1037" character-width="999" dss="330" dsx="0" dsy="1170" fd0="13563" fd1="2704" fd2="-561" filter-width="4" id="r03-002-01" lbs="397" lbx="0" lby="1113" segmentation="ok" slant="79000" stroke-width="5902" threshold="191" text="she was endowed with by her patients," ubs="197" ubx="0" uby="1076">
      <word id="r03-002-01-00" tag="PP3A" text="she">
        <cmp x="363" y="1046" width="125" height="73" />
      </word>
      <word id="r03-002-01-01" tag="BEDZ" text="was">
        <cmp x="589" y="1067" width="48" height="40" />
        <cmp x="644" y="1071" width="78" height="36" />
      </word>
      <word id="r03-002-01-02" tag="VBN" text="endowed">
        <cmp x="797" y="1069" width="84" height="51" />
        <cmp x="887" y="1052" width="89" height="63" />
        <cmp x="982" y="1079" width="38" height="28" />
        <cmp x="1026" y="1050" width="99" height="61" />
      </word>
      <word id="r03-002-01-03" tag="IN" text="with">
        <cmp x="1216" y="1066" width="62" height="46" />
        <cmp x="1287" y="1080" width="8" height="18" />
        <cmp x="1304" y="1052" width="6" height="13" />
        <cmp x="1317" y="1030" width="62" height="60" />
      </word>
      <word id="r03-002-01-04" tag="IN" text="by">
        <cmp x="1441" y="1037" width="45" height="70" />
        <cmp x="1490" y="1081" width="38" height="82" />
      </word>
      <word id="r03-002-01-05" tag="PP$" text="her">
        <cmp x="1618" y="1053" width="70" height="58" />
        <cmp x="1697" y="1074" width="23" height="31" />
      </word>
      <word id="r03-002-01-06" tag="NNS" text="patients">
        <cmp x="1803" y="1079" width="56" height="66" />
        <cmp x="1858" y="1055" width="102" height="54" />
        <cmp x="1960" y="1065" width="66" height="44" />
        <cmp x="1970" y="1036" width="6" height="14" />
        <cmp x="2031" y="1047" width="37" height="56" />
        <cmp x="2057" y="1073" width="36" height="35" />
      </word>
      <word id="r03-002-01-07" tag="," text=",">
        <cmp x="2071" y="1107" width="37" height="40" />
      </word>
      <upper-contour>
        <point x="372" y="1008" />
        <point x="2108" y="1008" />
      </upper-contour>
      <lower-contour>
        <point x="361" y="1163" />
        <point x="2108" y="1163" />
      </lower-contour>
    </line>
    <line ass="212" asx="0" asy="1207" character-width="999" dss="212" dsx="0" dsy="1335" fd0="13513" fd1="3005" fd2="-363" filter-width="4" id="r03-002-02" lbs="266" lbx="0" lby="1292" segmentation="err" slant="89000" stroke-width="5761" threshold="191" text="poor Serena was an infant-in-arms as" ubs="104" ubx="0" uby="1260">
      <word id="r03-002-02-00" tag="JJ" text="poor">
        <cmp x="363" y="1254" width="88" height="80" />
        <cmp x="462" y="1252" width="41" height="41" />
        <cmp x="519" y="1250" width="42" height="37" />
      </word>
      <word id="r03-002-02-01" tag="NP" text="Serena">
        <cmp x="686" y="1205" width="120" height="90" />
        <cmp x="794" y="1245" width="77" height="48" />
        <cmp x="871" y="1253" width="53" height="36" />
      </word>
      <word id="r03-002-02-02" tag="BEDZ" text="was">
        <cmp x="1032" y="1251" width="143" height="48" />
      </word>
      <word id="r03-002-02-03" tag="AT" text="an">
        <cmp x="1242" y="1261" width="45" height="34" />
        <cmp x="1297" y="1273" width="44" height="19" />
      </word>
      <word id="r03-002-02-04" tag="NN" text="infant-in-arms">
        <cmp x="1446" y="1276" width="13" height="24" />
        <cmp x="1463" y="1238" width="8" height="18" />
        <cmp x="1477" y="1271" width="29" height="28" />
        <cmp x="1523" y="1229" width="56" height="102" />
        <cmp x="1585" y="1270" width="34" height="23" />
        <cmp x="1636" y="1240" width="22" height="48" />
        <cmp x="1664" y="1258" width="29" height="9" />
        <cmp x="1709" y="1262" width="8" height="21" />
        <cmp x="1718" y="1235" width="11" height="11" />
        <cmp x="1729" y="1258" width="32" height="28" />
        <cmp x="1781" y="1250" width="20" height="9" />
        <cmp x="1817" y="1251" width="47" height="25" />
        <cmp x="1870" y="1245" width="27" height="39" />
        <cmp x="1904" y="1253" width="88" height="29" />
        <cmp x="1997" y="1253" width="39" height="38" />
      </word>
      <word id="r03-002-02-05" tag="IN" text="as">
        <cmp x="2104" y="1246" width="41" height="42" />
        <cmp x="2150" y="1236" width="43" height="43" />
      </word>
      <upper-contour>
        <point x="361" y="1163" />
        <point x="2108" y="1163" />
      </upper-contour>
      <lower-contour>
        <point x="361" y="1333" />
        <point x="2063" y="1333" />
      </lower-contour>
    </line>
    <line ass="16" asx="0" asy="1404" character-width="999" dss="16" dsx="0" dsy="1538" fd0="13350" fd1="2586" fd2="-647" filter-width="3" id="r03-002-03" lbs="12" lbx="0" lby="1466" segmentation="err" slant="80000" stroke-width="5711" threshold="182" text="a buyer of property. No, not even an" ubs="22" ubx="0" uby="1434">
      <word id="r03-002-03-00" tag="AT" text="a">
        <cmp x="360" y="1442" width="45" height="40" />
        <cmp x="383" y="1439" width="16" height="17" />
      </word>
      <word id="r03-002-03-01" tag="NN" text="buyer">
        <cmp x="525" y="1405" width="42" height="56" />
        <cmp x="575" y="1430" width="40" height="48" />
        <cmp x="619" y="1438" width="44" height="100" />
        <cmp x="672" y="1428" width="31" height="39" />
        <cmp x="717" y="1431" width="34" height="37" />
      </word>
      <word id="r03-002-03-02" tag="INO" text="of">
        <cmp x="810" y="1408" width="66" height="94" />
      </word>
      <word id="r03-002-03-03" tag="NN" text="property">
        <cmp x="998" y="1421" width="130" height="90" />
        <cmp x="1134" y="1404" width="156" height="126" />
      </word>
      <word id="r03-002-03-04" tag="." text=".">
        <cmp x="1305" y="1450" width="6" height="11" />
      </word>
      <word id="r03-002-03-05" sentence-start="yes" tag="UH" text="No">
        <cmp x="1390" y="1404" width="72" height="54" />
        <cmp x="1459" y="1425" width="36" height="32" />
        <cmp x="1487" y="1464" width="19" height="26" />
      </word>
      <word id="r03-002-03-06" tag="," text=",">
        <cmp x="1590" y="1430" width="43" height="44" />
      </word>
      <word id="r03-002-03-07" tag="XNOT" text="not">
        <cmp x="1632" y="1434" width="34" height="40" />
        <cmp x="1672" y="1410" width="30" height="60" />
      </word>
      <word id="r03-002-03-08" tag="RB" text="even">
        <cmp x="1755" y="1424" width="140" height="41" />
      </word>
      <word id="r03-002-03-09" tag="AT" text="an">
        <cmp x="1963" y="1438" width="37" height="33" />
        <cmp x="1985" y="1445" width="11" height="10" />
        <cmp x="2015" y="1449" width="47" height="30" />
      </word>
      <upper-contour>
        <point x="361" y="1333" />
        <point x="2063" y="1333" />
      </upper-contour>
      <lower-contour>
        <point x="358" y="1537" />
        <point x="2004" y="1537" />
      </lower-contour>
    </line>
    <line ass="-357" asx="0" asy="1578" character-width="999" dss="-357" dsx="0" dsy="1673" fd0="13940" fd1="3237" fd2="597" filter-width="3" id="r03-002-04" lbs="-382" lbx="0" lby="1635" segmentation="ok" slant="99000" stroke-width="5542" threshold="182" text="infant-in-arms but a new-born babe, a" ubs="-309" ubx="0" uby="1616">
      <word id="r03-002-04-00" tag="NN" text="infant-in-arms">
        <cmp x="353" y="1613" width="7" height="23" />
        <cmp x="357" y="1582" width="12" height="6" />
        <cmp x="373" y="1615" width="37" height="27" />
        <cmp x="417" y="1582" width="87" height="93" />
        <cmp x="510" y="1591" width="27" height="52" />
        <cmp x="545" y="1613" width="17" height="5" />
        <cmp x="581" y="1621" width="14" height="17" />
        <cmp x="599" y="1591" width="8" height="9" />
        <cmp x="609" y="1621" width="24" height="23" />
        <cmp x="660" y="1609" width="17" height="6" />
        <cmp x="693" y="1620" width="55" height="27" />
        <cmp x="721" y="1620" width="11" height="11" />
        <cmp x="754" y="1616" width="17" height="30" />
        <cmp x="784" y="1622" width="77" height="28" />
        <cmp x="862" y="1626" width="30" height="24" />
      </word>
      <word id="r03-002-04-01" tag="CC" text="but">
        <cmp x="983" y="1600" width="90" height="48" />
        <cmp x="1083" y="1603" width="16" height="37" />
      </word>
      <word id="r03-002-04-02" tag="AT" text="a">
        <cmp x="1163" y="1621" width="47" height="24" />
      </word>
      <word id="r03-002-04-03" tag="JJ" text="new-born">
        <cmp x="1284" y="1617" width="47" height="23" />
        <cmp x="1332" y="1616" width="28" height="34" />
        <cmp x="1367" y="1627" width="57" height="27" />
        <cmp x="1448" y="1619" width="6" height="4" />
        <cmp x="1455" y="1618" width="14" height="5" />
        <cmp x="1480" y="1593" width="75" height="54" />
        <cmp x="1568" y="1614" width="75" height="36" />
      </word>
      <word id="r03-002-04-04" tag="NN" text="babe">
        <cmp x="1721" y="1598" width="33" height="56" />
        <cmp x="1762" y="1615" width="39" height="37" />
        <cmp x="1810" y="1604" width="64" height="45" />
      </word>
      <word id="r03-002-04-05" tag="," text=",">
        <cmp x="1885" y="1647" width="25" height="38" />
      </word>
      <word id="r03-002-04-06" tag="AT" text="a">
        <cmp x="1967" y="1624" width="36" height="39" />
      </word>
      <upper-contour>
        <point x="358" y="1537" />
        <point x="2004" y="1537" />
      </upper-contour>
      <lower-contour>
        <point x="351" y="1687" />
        <point x="2004" y="1687" />
      </lower-contour>
    </line>
    <line ass="-580" asx="0" asy="1742" character-width="999" dss="-580" dsx="0" dsy="1864" fd0="13670" fd1="2954" fd2="-581" filter-width="4" id="r03-002-05" lbs="-551" lbx="0" lby="1812" segmentation="ok" slant="71000" stroke-width="5825" threshold="191" text="premature piece of frailty in an oxygen-" ubs="-637" ubx="0" uby="1782">
      <word id="r03-002-05-00" tag="JJ" text="premature">
        <cmp x="348" y="1795" width="44" height="71" />
        <cmp x="392" y="1777" width="70" height="47" />
        <cmp x="474" y="1786" width="73" height="27" />
        <cmp x="558" y="1790" width="43" height="31" />
        <cmp x="606" y="1768" width="75" height="55" />
        <cmp x="691" y="1794" width="16" height="26" />
        <cmp x="716" y="1786" width="47" height="28" />
      </word>
      <word id="r03-002-05-01" tag="NN" text="piece">
        <cmp x="864" y="1787" width="51" height="57" />
        <cmp x="919" y="1794" width="16" height="22" />
        <cmp x="946" y="1762" width="10" height="8" />
        <cmp x="946" y="1788" width="38" height="35" />
        <cmp x="985" y="1787" width="32" height="32" />
        <cmp x="1023" y="1789" width="33" height="35" />
      </word>
      <word id="r03-002-05-02" tag="INO" text="of">
        <cmp x="1140" y="1794" width="39" height="28" />
        <cmp x="1187" y="1768" width="37" height="63" />
      </word>
      <word id="r03-002-05-03" tag="NN" text="frailty">
        <cmp x="1320" y="1756" width="115" height="94" />
        <cmp x="1438" y="1802" width="19" height="22" />
        <cmp x="1460" y="1764" width="7" height="18" />
        <cmp x="1473" y="1768" width="24" height="64" />
        <cmp x="1501" y="1774" width="62" height="104" />
      </word>
      <word id="r03-002-05-04" tag="IN" text="in">
        <cmp x="1635" y="1808" width="13" height="23" />
        <cmp x="1655" y="1787" width="5" height="9" />
        <cmp x="1661" y="1811" width="34" height="24" />
      </word>
      <word id="r03-002-05-05" tag="AT" text="an">
        <cmp x="1775" y="1801" width="44" height="31" />
        <cmp x="1828" y="1808" width="30" height="24" />
      </word>
      <word id="r03-002-05-06" tag="NN--" text="oxygen-">
        <cmp x="1932" y="1793" width="39" height="31" />
        <cmp x="1977" y="1795" width="43" height="33" />
        <cmp x="2010" y="1806" width="44" height="60" />
        <cmp x="2039" y="1805" width="56" height="81" />
        <cmp x="2097" y="1795" width="70" height="43" />
        <cmp x="2193" y="1808" width="24" height="9" />
      </word>
      <upper-contour>
        <point x="351" y="1687" />
        <point x="2004" y="1687" />
      </upper-contour>
      <lower-contour>
        <point x="368" y="1888" />
        <point x="2212" y="1888" />
      </lower-contour>
    </line>
    <line ass="-451" asx="0" asy="1922" character-width="999" dss="-451" dsx="0" dsy="2058" fd0="13549" fd1="2759" fd2="-588" filter-width="4" id="r03-002-06" lbs="-542" lbx="0" lby="1992" segmentation="ok" slant="66000" stroke-width="5960" threshold="191" text="tent of utter innocence. The complexity of" ubs="-268" ubx="0" uby="1970">
      <word id="r03-002-06-00" tag="-NN" text="tent">
        <cmp x="370" y="1946" width="85" height="59" />
        <cmp x="467" y="1950" width="34" height="52" />
      </word>
      <word id="r03-002-06-01" tag="INO" text="of">
        <cmp x="610" y="1957" width="30" height="35" />
        <cmp x="638" y="1936" width="41" height="97" />
      </word>
      <word id="r03-002-06-02" tag="JJB" text="utter">
        <cmp x="772" y="1973" width="38" height="24" />
        <cmp x="819" y="1942" width="27" height="60" />
        <cmp x="840" y="1947" width="105" height="51" />
      </word>
      <word id="r03-002-06-03" tag="NN" text="innocence">
        <cmp x="1030" y="1972" width="10" height="19" />
        <cmp x="1039" y="1938" width="5" height="13" />
        <cmp x="1049" y="1971" width="31" height="31" />
        <cmp x="1088" y="1975" width="36" height="26" />
        <cmp x="1125" y="1973" width="34" height="37" />
        <cmp x="1167" y="1970" width="90" height="42" />
        <cmp x="1260" y="1973" width="66" height="41" />
      </word>
      <word id="r03-002-06-04" tag="." text=".">
        <cmp x="1347" y="2005" width="5" height="4" />
      </word>
      <word id="r03-002-06-05" sentence-start="yes" tag="ATI" text="The">
        <cmp x="1424" y="1936" width="64" height="64" />
        <cmp x="1476" y="1945" width="77" height="58" />
      </word>
      <word id="r03-002-06-06" tag="NN" text="complexity">
        <cmp x="1629" y="1969" width="82" height="35" />
        <cmp x="1718" y="1976" width="61" height="22" />
        <cmp x="1776" y="1989" width="61" height="50" />
        <cmp x="1849" y="1951" width="58" height="60" />
        <cmp x="1906" y="1976" width="69" height="33" />
        <cmp x="1978" y="1952" width="7" height="7" />
        <cmp x="1987" y="1958" width="81" height="117" />
      </word>
      <word id="r03-002-06-07" tag="INO" text="of">
        <cmp x="2137" y="1961" width="38" height="32" />
        <cmp x="2164" y="1940" width="47" height="92" />
      </word>
      <upper-contour>
        <point x="368" y="1888" />
        <point x="2212" y="1888" />
      </upper-contour>
      <lower-contour>
        <point x="368" y="2077" />
        <point x="2192" y="2077" />
      </lower-contour>
    </line>
    <line ass="-721" asx="0" asy="2098" character-width="999" dss="-721" dsx="0" dsy="2229" fd0="13975" fd1="2765" fd2="-380" filter-width="4" id="r03-002-07" lbs="-743" lbx="0" lby="2168" segmentation="ok" slant="58000" stroke-width="5977" threshold="191" text="that innocence was colossal. It had layer" ubs="-677" ubx="0" uby="2137">
      <word id="r03-002-07-00" tag="DT" text="that">
        <cmp x="368" y="2107" width="70" height="79" />
        <cmp x="441" y="2123" width="69" height="54" />
      </word>
      <word id="r03-002-07-01" tag="NN" text="innocence">
        <cmp x="613" y="2116" width="15" height="11" />
        <cmp x="615" y="2146" width="14" height="29" />
        <cmp x="632" y="2147" width="34" height="30" />
        <cmp x="675" y="2149" width="42" height="29" />
        <cmp x="724" y="2143" width="38" height="37" />
        <cmp x="777" y="2139" width="101" height="40" />
        <cmp x="873" y="2150" width="72" height="48" />
      </word>
      <word id="r03-002-07-02" tag="BEDZ" text="was">
        <cmp x="1022" y="2147" width="52" height="37" />
        <cmp x="1074" y="2153" width="47" height="25" />
        <cmp x="1123" y="2147" width="26" height="33" />
      </word>
      <word id="r03-002-07-03" tag="JJ" text="colossal">
        <cmp x="1257" y="2130" width="41" height="44" />
        <cmp x="1295" y="2140" width="42" height="35" />
        <cmp x="1337" y="2115" width="32" height="66" />
        <cmp x="1365" y="2146" width="35" height="34" />
        <cmp x="1399" y="2141" width="74" height="43" />
        <cmp x="1463" y="2162" width="46" height="25" />
        <cmp x="1527" y="2137" width="28" height="52" />
      </word>
      <word id="r03-002-07-04" tag="." text=".">
        <cmp x="1564" y="2186" width="5" height="6" />
      </word>
      <word id="r03-002-07-05" sentence-start="yes" tag="PP3" text="It">
        <cmp x="1635" y="2144" width="27" height="48" />
        <cmp x="1664" y="2142" width="36" height="48" />
      </word>
      <word id="r03-002-07-06" tag="HVD" text="had">
        <cmp x="1763" y="2133" width="35" height="63" />
        <cmp x="1803" y="2143" width="110" height="54" />
      </word>
      <word id="r03-002-07-07" tag="NN" text="layer">
        <cmp x="1984" y="2136" width="51" height="56" />
        <cmp x="2000" y="2167" width="46" height="30" />
        <cmp x="2032" y="2175" width="64" height="81" />
        <cmp x="2106" y="2160" width="85" height="40" />
      </word>
      <upper-contour>
        <point x="368" y="2077" />
        <point x="2192" y="2077" />
      </upper-contour>
      <lower-contour>
        <point x="368" y="2258" />
        <point x="2192" y="2258" />
      </lower-contour>
    </line>
    <line ass="-1021" asx="0" asy="2265" character-width="999" dss="-1021" dsx="0" dsy="2426" fd0="13467" fd1="3244" fd2="-697" filter-width="4" id="r03-002-08" lbs="-1009" lbx="0" lby="2342" segmentation="ok" slant="77000" stroke-width="6080" threshold="191" text="after layer of illusion to be peeled off and" ubs="-1044" ubx="0" uby="2309">
      <word id="r03-002-08-00" tag="IN" text="after">
        <cmp x="370" y="2299" width="53" height="46" />
        <cmp x="423" y="2277" width="132" height="96" />
      </word>
      <word id="r03-002-08-01" tag="NN" text="layer">
        <cmp x="633" y="2291" width="11" height="66" />
        <cmp x="653" y="2319" width="44" height="34" />
        <cmp x="695" y="2332" width="39" height="108" />
        <cmp x="741" y="2321" width="83" height="46" />
      </word>
      <word id="r03-002-08-02" tag="INO" text="of">
        <cmp x="898" y="2328" width="27" height="30" />
        <cmp x="936" y="2295" width="33" height="80" />
      </word>
      <word id="r03-002-08-03" tag="NN" text="illusion">
        <cmp x="1038" y="2340" width="8" height="15" />
        <cmp x="1049" y="2305" width="9" height="10" />
        <cmp x="1056" y="2312" width="21" height="47" />
        <cmp x="1072" y="2306" width="34" height="53" />
        <cmp x="1104" y="2329" width="37" height="31" />
        <cmp x="1137" y="2326" width="35" height="33" />
        <cmp x="1178" y="2330" width="8" height="22" />
        <cmp x="1195" y="2302" width="7" height="11" />
        <cmp x="1198" y="2327" width="33" height="26" />
        <cmp x="1246" y="2340" width="44" height="29" />
      </word>
      <word id="r03-002-08-04" tag="TO" text="to">
        <cmp x="1362" y="2302" width="72" height="64" />
      </word>
      <word id="r03-002-08-05" tag="BE" text="be">
        <cmp x="1493" y="2320" width="77" height="48" />
      </word>
      <word id="r03-002-08-06" tag="VBN" text="peeled">
        <cmp x="1627" y="2314" width="251" height="100" />
      </word>
      <word id="r03-002-08-07" tag="RP" text="off">
        <cmp x="1910" y="2335" width="35" height="35" />
        <cmp x="1951" y="2299" width="66" height="100" />
      </word>
      <word id="r03-002-08-08" tag="CC" text="and">
        <cmp x="2066" y="2336" width="49" height="35" />
        <cmp x="2120" y="2346" width="44" height="26" />
        <cmp x="2162" y="2327" width="74" height="50" />
      </word>
      <upper-contour>
        <point x="368" y="2258" />
        <point x="2192" y="2258" />
      </upper-contour>
      <lower-contour>
        <point x="386" y="2439" />
        <point x="1797" y="2439" />
      </lower-contour>
    </line>
    <line ass="-149" asx="0" asy="2457" character-width="999" dss="-149" dsx="0" dsy="2594" fd0="13833" fd1="2562" fd2="-1086" filter-width="4" id="r03-002-09" lbs="66" lbx="0" lby="2534" segmentation="ok" slant="66000" stroke-width="6056" threshold="191" text="replaced with sad knowledgeability." ubs="-581" ubx="0" uby="2488">
      <word id="r03-002-09-00" tag="VBN" text="replaced">
        <cmp x="388" y="2480" width="35" height="58" />
        <cmp x="416" y="2488" width="36" height="44" />
        <cmp x="461" y="2491" width="40" height="80" />
        <cmp x="503" y="2463" width="29" height="74" />
        <cmp x="532" y="2511" width="36" height="22" />
        <cmp x="575" y="2479" width="119" height="55" />
      </word>
      <word id="r03-002-09-01" tag="IN" text="with">
        <cmp x="759" y="2487" width="52" height="38" />
        <cmp x="818" y="2494" width="9" height="24" />
        <cmp x="832" y="2468" width="7" height="11" />
        <cmp x="846" y="2461" width="20" height="54" />
        <cmp x="865" y="2463" width="29" height="64" />
      </word>
      <word id="r03-002-09-02" tag="JJ" text="sad">
        <cmp x="964" y="2483" width="44" height="50" />
        <cmp x="1003" y="2494" width="40" height="46" />
        <cmp x="1049" y="2476" width="63" height="62" />
      </word>
      <word id="r03-002-09-03" tag="NN" text="knowledgeability">
        <cmp x="1170" y="2473" width="27" height="68" />
        <cmp x="1207" y="2508" width="38" height="34" />
        <cmp x="1247" y="2505" width="37" height="36" />
        <cmp x="1283" y="2503" width="50" height="35" />
        <cmp x="1344" y="2488" width="117" height="56" />
        <cmp x="1358" y="2484" width="5" height="11" />
        <cmp x="1416" y="2506" width="102" height="85" />
        <cmp x="1522" y="2511" width="42" height="29" />
        <cmp x="1565" y="2478" width="60" height="70" />
        <cmp x="1634" y="2472" width="8" height="21" />
        <cmp x="1643" y="2477" width="37" height="68" />
        <cmp x="1693" y="2483" width="9" height="14" />
        <cmp x="1695" y="2491" width="73" height="110" />
      </word>
      <word id="r03-002-09-04" tag="." text=".">
        <cmp x="1790" y="2542" width="7" height="8" />
      </word>
      <upper-contour>
        <point x="386" y="2439" />
        <point x="1797" y="2439" />
      </upper-contour>
    </line>
  </handwritten-part>
</form>

