<?xml version="1.0" encoding="ISO-8859-1"?>

<!DOCTYPE form SYSTEM 'http://www.iam.unibe.ch/~fki/iamdb/form-metadata.dtd'>

<form created="2002-01-30" height="3542" id="r03-053" last-modified="2002-07-18" skew="0" status="final" version="3.0_beta" width="2479" writer-id="315">
  <machine-printed-part>
    <machine-print-line text="His voice was like his black and pin-stripe, a grey superimposition of respectability" />
    <machine-print-line text="over the original colour of his own natural vowels, the result being somehow as in-" />
    <machine-print-line text="effective, not just dusty-grey but muddy, slimy even. His digressions too, seemed to" />
    <machine-print-line text="have no other purpose than the throwing of dust in his client&apos;s eyes, the dust of fake" />
    <machine-print-line text="security, of the fake friend of the family, like the puffs from his Gauloises, which said" />
    <machine-print-line text="&apos;Don&apos;t you worry your fluffy little head about that, just lull back in the layers of my" />
    <machine-print-line text="experience,&apos; as he told her how he had saved one of his clients from buying a house" />
    <machine-print-line text="in which he somehow owned all the bricks and mortar but not the joists, which had" />
    <machine-print-line text="been omitted from the Deeds, and how he had learnt from another client who was" />
    <machine-print-line text="a greengrocer that all greengrocers cheat the income-tax by a complicated system of" />
    <machine-print-line text="unrecorded purchases which has become the norm at Covent Garden." />
  </machine-printed-part>
  <handwritten-part>
    <line ass="-580" asx="0" asy="1054" character-width="999" dss="-580" dsx="0" dsy="1184" fd0="14895" fd1="2974" fd2="-501" filter-width="3" id="r03-053-00" lbs="-572" lbx="0" lby="1142" segmentation="ok" slant="54000" stroke-width="5536" threshold="182" text="His voice was like his black and pin-stripe," ubs="-597" ubx="0" uby="1121">
      <word id="r03-053-00-00" sentence-start="yes" tag="PP$" text="His">
        <cmp x="381" y="1074" width="67" height="82" />
        <cmp x="427" y="1114" width="33" height="34" />
        <cmp x="456" y="1109" width="26" height="43" />
      </word>
      <word id="r03-053-00-01" tag="NN" text="voice">
        <cmp x="525" y="1116" width="45" height="34" />
        <cmp x="559" y="1126" width="37" height="35" />
        <cmp x="611" y="1134" width="13" height="14" />
        <cmp x="616" y="1115" width="11" height="15" />
        <cmp x="632" y="1129" width="24" height="24" />
        <cmp x="669" y="1122" width="23" height="34" />
      </word>
      <word id="r03-053-00-02" tag="BEDZ" text="was">
        <cmp x="753" y="1119" width="60" height="36" />
        <cmp x="810" y="1131" width="41" height="18" />
        <cmp x="860" y="1117" width="29" height="37" />
      </word>
      <word id="r03-053-00-03" tag="IN" text="like">
        <cmp x="948" y="1086" width="81" height="81" />
        <cmp x="1004" y="1142" width="25" height="12" />
        <cmp x="1015" y="1119" width="18" height="13" />
        <cmp x="1041" y="1081" width="32" height="74" />
        <cmp x="1069" y="1128" width="22" height="27" />
      </word>
      <word id="r03-053-00-04" tag="PP$" text="his">
        <cmp x="1158" y="1078" width="37" height="79" />
        <cmp x="1183" y="1138" width="19" height="15" />
        <cmp x="1194" y="1124" width="23" height="9" />
        <cmp x="1217" y="1126" width="21" height="33" />
      </word>
      <word id="r03-053-00-05" tag="JJ" text="black">
        <cmp x="1287" y="1077" width="108" height="87" />
        <cmp x="1398" y="1138" width="15" height="24" />
        <cmp x="1424" y="1085" width="36" height="80" />
      </word>
      <word id="r03-053-00-06" tag="CC" text="and">
        <cmp x="1509" y="1136" width="34" height="24" />
        <cmp x="1553" y="1142" width="47" height="20" />
        <cmp x="1605" y="1104" width="63" height="58" />
      </word>
      <word id="r03-053-00-07" tag="JJB" text="pin-stripe">
        <cmp x="1690" y="1131" width="68" height="72" />
        <cmp x="1758" y="1141" width="20" height="19" />
        <cmp x="1779" y="1116" width="17" height="17" />
        <cmp x="1781" y="1144" width="46" height="22" />
        <cmp x="1850" y="1145" width="32" height="8" />
        <cmp x="1889" y="1122" width="46" height="47" />
        <cmp x="1945" y="1074" width="51" height="90" />
        <cmp x="1986" y="1132" width="116" height="73" />
        <cmp x="1990" y="1147" width="15" height="16" />
        <cmp x="2006" y="1122" width="10" height="22" />
      </word>
      <word id="r03-053-00-08" tag="," text=",">
        <cmp x="2102" y="1162" width="17" height="24" />
      </word>
      <lower-contour>
        <point x="379" y="1205" />
        <point x="2120" y="1205" />
      </lower-contour>
    </line>
    <line ass="-199" asx="0" asy="1248" character-width="999" dss="-199" dsx="0" dsy="1381" fd0="14249" fd1="2473" fd2="-757" filter-width="3" id="r03-053-01" lbs="-95" lbx="0" lby="1340" segmentation="ok" slant="64000" stroke-width="5449" threshold="182" text="a grey superimposition of respectability over" ubs="-407" ubx="0" uby="1311">
      <word id="r03-053-01-00" tag="AT" text="a">
        <cmp x="374" y="1297" width="49" height="38" />
      </word>
      <word id="r03-053-01-01" tag="JJ" text="grey">
        <cmp x="461" y="1294" width="99" height="74" />
        <cmp x="550" y="1307" width="71" height="58" />
      </word>
      <word id="r03-053-01-02" tag="NN" text="superimposition">
        <cmp x="653" y="1299" width="48" height="47" />
        <cmp x="703" y="1306" width="138" height="79" />
        <cmp x="858" y="1320" width="20" height="20" />
        <cmp x="870" y="1293" width="14" height="24" />
        <cmp x="870" y="1301" width="133" height="84" />
        <cmp x="1001" y="1311" width="42" height="30" />
        <cmp x="1045" y="1307" width="25" height="36" />
        <cmp x="1070" y="1305" width="23" height="31" />
        <cmp x="1113" y="1253" width="41" height="84" />
        <cmp x="1132" y="1318" width="17" height="17" />
        <cmp x="1149" y="1296" width="11" height="17" />
        <cmp x="1157" y="1314" width="25" height="29" />
        <cmp x="1181" y="1323" width="39" height="19" />
      </word>
      <word id="r03-053-01-03" tag="INO" text="of">
        <cmp x="1281" y="1314" width="26" height="23" />
        <cmp x="1305" y="1260" width="62" height="113" />
      </word>
      <word id="r03-053-01-04" tag="NN" text="respectability">
        <cmp x="1382" y="1319" width="73" height="37" />
        <cmp x="1453" y="1316" width="107" height="68" />
        <cmp x="1563" y="1327" width="21" height="22" />
        <cmp x="1594" y="1273" width="67" height="79" />
        <cmp x="1667" y="1268" width="55" height="83" />
        <cmp x="1707" y="1308" width="28" height="42" />
        <cmp x="1759" y="1271" width="54" height="67" />
        <cmp x="1787" y="1328" width="16" height="13" />
        <cmp x="1803" y="1302" width="18" height="15" />
        <cmp x="1820" y="1261" width="52" height="89" />
        <cmp x="1827" y="1325" width="61" height="48" />
      </word>
      <word id="r03-053-01-05" tag="IN" text="over">
        <cmp x="1939" y="1320" width="33" height="31" />
        <cmp x="1992" y="1321" width="47" height="28" />
        <cmp x="2039" y="1313" width="40" height="35" />
        <cmp x="2059" y="1331" width="60" height="19" />
      </word>
      <upper-contour>
        <point x="379" y="1205" />
        <point x="2120" y="1205" />
      </upper-contour>
      <lower-contour>
        <point x="372" y="1385" />
        <point x="2120" y="1385" />
      </lower-contour>
    </line>
    <line ass="-870" asx="0" asy="1408" character-width="999" dss="-870" dsx="0" dsy="1580" fd0="14652" fd1="3009" fd2="-465" filter-width="3" id="r03-053-02" lbs="-872" lbx="0" lby="1497" segmentation="err" slant="68000" stroke-width="5402" threshold="182" text="the original colour of his own natural vowels," ubs="-866" ubx="0" uby="1476">
      <word id="r03-053-02-00" tag="ATI" text="the">
        <cmp x="373" y="1423" width="74" height="89" />
      </word>
      <word id="r03-053-02-01" tag="JJ" text="original">
        <cmp x="424" y="1582" width="9" height="6" />
        <cmp x="471" y="1485" width="33" height="31" />
        <cmp x="508" y="1495" width="14" height="27" />
        <cmp x="532" y="1493" width="12" height="17" />
        <cmp x="533" y="1482" width="61" height="104" />
        <cmp x="539" y="1470" width="16" height="17" />
        <cmp x="603" y="1491" width="15" height="22" />
        <cmp x="612" y="1460" width="12" height="15" />
        <cmp x="622" y="1496" width="49" height="24" />
        <cmp x="688" y="1495" width="31" height="23" />
        <cmp x="742" y="1430" width="66" height="85" />
        <cmp x="772" y="1475" width="5" height="6" />
        <cmp x="779" y="1469" width="3" height="4" />
      </word>
      <word id="r03-053-02-02" tag="NN" text="colour">
        <cmp x="826" y="1482" width="33" height="38" />
        <cmp x="857" y="1494" width="33" height="22" />
        <cmp x="903" y="1441" width="51" height="70" />
        <cmp x="931" y="1487" width="35" height="25" />
        <cmp x="972" y="1495" width="35" height="20" />
        <cmp x="1014" y="1501" width="27" height="20" />
      </word>
      <word id="r03-053-02-03" tag="INO" text="of">
        <cmp x="1083" y="1503" width="28" height="17" />
        <cmp x="1114" y="1436" width="82" height="117" />
      </word>
      <word id="r03-053-02-04" tag="PP$" text="his">
        <cmp x="1206" y="1462" width="43" height="68" />
        <cmp x="1233" y="1515" width="18" height="14" />
        <cmp x="1254" y="1487" width="14" height="21" />
        <cmp x="1255" y="1495" width="41" height="38" />
      </word>
      <word id="r03-053-02-05" tag="AP" text="own">
        <cmp x="1339" y="1500" width="48" height="29" />
        <cmp x="1390" y="1493" width="106" height="35" />
      </word>
      <word id="r03-053-02-06" tag="JJ" text="natural">
        <cmp x="1554" y="1492" width="67" height="36" />
        <cmp x="1629" y="1505" width="41" height="19" />
        <cmp x="1691" y="1434" width="59" height="85" />
        <cmp x="1705" y="1500" width="42" height="20" />
        <cmp x="1755" y="1505" width="15" height="20" />
        <cmp x="1782" y="1504" width="30" height="19" />
        <cmp x="1824" y="1521" width="7" height="6" />
        <cmp x="1832" y="1459" width="55" height="68" />
      </word>
      <word id="r03-053-02-07" tag="NNS" text="vowels">
        <cmp x="1935" y="1492" width="41" height="34" />
        <cmp x="1964" y="1500" width="37" height="30" />
        <cmp x="2010" y="1501" width="51" height="29" />
        <cmp x="2062" y="1503" width="40" height="28" />
        <cmp x="2096" y="1524" width="6" height="7" />
        <cmp x="2103" y="1468" width="72" height="57" />
        <cmp x="2135" y="1499" width="37" height="37" />
      </word>
      <word id="r03-053-02-08" tag="," text=",">
        <cmp x="2174" y="1522" width="16" height="26" />
      </word>
      <upper-contour>
        <point x="372" y="1385" />
        <point x="2120" y="1385" />
      </upper-contour>
      <lower-contour>
        <point x="380" y="1587" />
        <point x="2170" y="1587" />
      </lower-contour>
    </line>
    <line ass="-571" asx="0" asy="1580" character-width="999" dss="-571" dsx="0" dsy="1735" fd0="14433" fd1="2670" fd2="-783" filter-width="3" id="r03-053-03" lbs="-555" lbx="0" lby="1684" segmentation="ok" slant="56000" stroke-width="5603" threshold="182" text="the result being somehow as ineffective, not" ubs="-603" ubx="0" uby="1663">
      <word id="r03-053-03-00" tag="ATI" text="the">
        <cmp x="382" y="1590" width="80" height="101" />
      </word>
      <word id="r03-053-03-01" tag="NN" text="result">
        <cmp x="492" y="1660" width="53" height="29" />
        <cmp x="538" y="1654" width="30" height="45" />
        <cmp x="579" y="1659" width="48" height="34" />
        <cmp x="625" y="1609" width="81" height="85" />
        <cmp x="684" y="1602" width="60" height="81" />
      </word>
      <word id="r03-053-03-02" tag="BEG" text="being">
        <cmp x="751" y="1611" width="60" height="82" />
        <cmp x="809" y="1664" width="40" height="32" />
        <cmp x="850" y="1680" width="15" height="19" />
        <cmp x="864" y="1672" width="55" height="27" />
        <cmp x="866" y="1652" width="12" height="18" />
        <cmp x="899" y="1667" width="60" height="77" />
      </word>
      <word id="r03-053-03-03" tag="RB" text="somehow">
        <cmp x="1008" y="1657" width="44" height="48" />
        <cmp x="1052" y="1668" width="27" height="25" />
        <cmp x="1081" y="1672" width="74" height="24" />
        <cmp x="1160" y="1671" width="32" height="32" />
        <cmp x="1220" y="1615" width="59" height="83" />
        <cmp x="1283" y="1676" width="66" height="28" />
      </word>
      <word id="r03-053-03-04" tag="QL" text="as">
        <cmp x="1404" y="1670" width="45" height="32" />
        <cmp x="1443" y="1674" width="37" height="42" />
      </word>
      <word id="r03-053-03-05" tag="JJ" text="ineffective">
        <cmp x="1524" y="1677" width="23" height="29" />
        <cmp x="1546" y="1682" width="38" height="28" />
        <cmp x="1552" y="1652" width="9" height="19" />
        <cmp x="1594" y="1673" width="46" height="38" />
        <cmp x="1623" y="1612" width="128" height="141" />
        <cmp x="1741" y="1679" width="29" height="23" />
        <cmp x="1782" y="1598" width="63" height="107" />
        <cmp x="1814" y="1687" width="12" height="14" />
        <cmp x="1835" y="1663" width="10" height="19" />
        <cmp x="1850" y="1676" width="34" height="13" />
        <cmp x="1882" y="1676" width="31" height="28" />
      </word>
      <word id="r03-053-03-06" tag="," text=",">
        <cmp x="1946" y="1696" width="14" height="23" />
      </word>
      <word id="r03-053-03-07" tag="XNOT" text="not">
        <cmp x="1987" y="1681" width="75" height="26" />
        <cmp x="2063" y="1675" width="40" height="36" />
        <cmp x="2109" y="1615" width="60" height="97" />
      </word>
      <upper-contour>
        <point x="380" y="1587" />
        <point x="2170" y="1587" />
      </upper-contour>
      <lower-contour>
        <point x="380" y="1753" />
        <point x="2117" y="1753" />
      </lower-contour>
    </line>
    <line ass="-1002" asx="0" asy="1760" character-width="999" dss="-1002" dsx="0" dsy="1913" fd0="14589" fd1="2841" fd2="-601" filter-width="3" id="r03-053-04" lbs="-980" lbx="0" lby="1856" segmentation="ok" slant="57000" stroke-width="5611" threshold="182" text="just dusty-grey but muddy, slimy even." ubs="-1045" ubx="0" uby="1832">
      <word id="r03-053-04-00" tag="RB" text="just">
        <cmp x="355" y="1818" width="64" height="103" />
        <cmp x="409" y="1790" width="17" height="26" />
        <cmp x="415" y="1831" width="72" height="37" />
        <cmp x="502" y="1783" width="40" height="74" />
      </word>
      <word id="r03-053-04-01" tag="JJ" text="dusty-grey">
        <cmp x="589" y="1797" width="101" height="78" />
        <cmp x="689" y="1835" width="34" height="39" />
        <cmp x="730" y="1782" width="54" height="79" />
        <cmp x="743" y="1842" width="61" height="51" />
        <cmp x="808" y="1848" width="38" height="6" />
        <cmp x="848" y="1838" width="123" height="77" />
        <cmp x="952" y="1849" width="68" height="53" />
      </word>
      <word id="r03-053-04-02" tag="CC" text="but">
        <cmp x="1085" y="1798" width="70" height="81" />
        <cmp x="1159" y="1782" width="68" height="96" />
      </word>
      <word id="r03-053-04-03" tag="JJ" text="muddy">
        <cmp x="1220" y="1855" width="99" height="33" />
        <cmp x="1325" y="1854" width="49" height="23" />
        <cmp x="1373" y="1807" width="95" height="83" />
        <cmp x="1440" y="1809" width="81" height="70" />
        <cmp x="1475" y="1861" width="66" height="53" />
      </word>
      <word id="r03-053-04-04" tag="," text=",">
        <cmp x="1555" y="1887" width="16" height="25" />
      </word>
      <word id="r03-053-04-05" tag="JJ" text="slimy">
        <cmp x="1622" y="1821" width="113" height="72" />
        <cmp x="1714" y="1865" width="90" height="22" />
        <cmp x="1731" y="1849" width="13" height="19" />
        <cmp x="1798" y="1858" width="78" height="61" />
      </word>
      <word id="r03-053-04-06" tag="RB" text="even">
        <cmp x="1913" y="1842" width="65" height="47" />
        <cmp x="1963" y="1851" width="51" height="34" />
        <cmp x="2015" y="1856" width="35" height="31" />
        <cmp x="2036" y="1868" width="45" height="17" />
      </word>
      <word id="r03-053-04-07" tag="." text=".">
        <cmp x="2104" y="1883" width="12" height="10" />
      </word>
      <upper-contour>
        <point x="380" y="1753" />
        <point x="2117" y="1753" />
      </upper-contour>
      <lower-contour>
        <point x="368" y="1921" />
        <point x="2073" y="1921" />
      </lower-contour>
    </line>
    <line ass="-751" asx="0" asy="1956" character-width="999" dss="-751" dsx="0" dsy="2108" fd0="14538" fd1="2490" fd2="-851" filter-width="3" id="r03-053-05" lbs="-794" lbx="0" lby="2049" segmentation="err" slant="62000" stroke-width="5623" threshold="182" text="His digressions too, seemed to have no other" ubs="-666" ubx="0" uby="2030">
      <word id="r03-053-05-00" sentence-start="yes" tag="PP$" text="His">
        <cmp x="370" y="1965" width="78" height="95" />
        <cmp x="418" y="2030" width="26" height="25" />
        <cmp x="432" y="2048" width="3" height="3" />
        <cmp x="441" y="2012" width="19" height="11" />
        <cmp x="450" y="2017" width="30" height="46" />
      </word>
      <word id="r03-053-05-01" tag="NNS" text="digressions">
        <cmp x="511" y="1989" width="73" height="75" />
        <cmp x="562" y="2040" width="20" height="16" />
        <cmp x="565" y="2025" width="131" height="92" />
        <cmp x="581" y="2017" width="19" height="16" />
        <cmp x="698" y="2026" width="35" height="44" />
        <cmp x="730" y="2051" width="13" height="14" />
        <cmp x="742" y="2015" width="14" height="16" />
        <cmp x="751" y="2032" width="35" height="40" />
        <cmp x="777" y="2044" width="60" height="33" />
        <cmp x="838" y="2035" width="30" height="36" />
      </word>
      <word id="r03-053-05-02" tag="RB" text="too">
        <cmp x="914" y="1968" width="64" height="110" />
        <cmp x="975" y="2047" width="34" height="23" />
      </word>
      <word id="r03-053-05-03" tag="," text=",">
        <cmp x="1020" y="2061" width="21" height="24" />
      </word>
      <word id="r03-053-05-04" tag="VBD" text="seemed">
        <cmp x="1100" y="2031" width="72" height="44" />
        <cmp x="1176" y="2041" width="42" height="31" />
        <cmp x="1206" y="2049" width="80" height="21" />
        <cmp x="1295" y="2038" width="34" height="32" />
        <cmp x="1326" y="2010" width="78" height="64" />
      </word>
      <word id="r03-053-05-05" tag="TO" text="to">
        <cmp x="1417" y="1991" width="73" height="89" />
      </word>
      <word id="r03-053-05-06" tag="HV" text="have">
        <cmp x="1531" y="1992" width="67" height="81" />
        <cmp x="1562" y="2053" width="34" height="20" />
        <cmp x="1609" y="2050" width="52" height="25" />
        <cmp x="1656" y="2045" width="34" height="31" />
      </word>
      <word id="r03-053-05-07" tag="ATI" text="no">
        <cmp x="1705" y="2050" width="69" height="29" />
        <cmp x="1774" y="2051" width="46" height="25" />
      </word>
      <word id="r03-053-05-08" tag="AP" text="other">
        <cmp x="1859" y="2055" width="38" height="24" />
        <cmp x="1912" y="2001" width="94" height="73" />
        <cmp x="1964" y="1988" width="3" height="4" />
        <cmp x="1973" y="2046" width="40" height="26" />
        <cmp x="1994" y="2060" width="78" height="25" />
      </word>
      <upper-contour>
        <point x="368" y="1921" />
        <point x="2073" y="1921" />
      </upper-contour>
      <lower-contour>
        <point x="368" y="2117" />
        <point x="1974" y="2117" />
      </lower-contour>
    </line>
    <line ass="-397" asx="0" asy="2147" character-width="999" dss="-397" dsx="0" dsy="2284" fd0="14903" fd1="2786" fd2="-616" filter-width="3" id="r03-053-06" lbs="-351" lbx="0" lby="2240" segmentation="ok" slant="56000" stroke-width="5671" threshold="182" text="purpose than the throwing of dust in his" ubs="-490" ubx="0" uby="2216">
      <word id="r03-053-06-00" tag="NN" text="purpose">
        <cmp x="344" y="2193" width="112" height="86" />
        <cmp x="455" y="2213" width="34" height="30" />
        <cmp x="456" y="2198" width="102" height="84" />
        <cmp x="555" y="2208" width="60" height="38" />
      </word>
      <word id="r03-053-06-01" tag="IN" text="than">
        <cmp x="668" y="2157" width="49" height="79" />
        <cmp x="690" y="2211" width="8" height="8" />
        <cmp x="699" y="2160" width="49" height="89" />
        <cmp x="728" y="2212" width="35" height="25" />
        <cmp x="763" y="2214" width="55" height="30" />
      </word>
      <word id="r03-053-06-02" tag="ATI" text="the">
        <cmp x="874" y="2154" width="70" height="87" />
        <cmp x="919" y="2154" width="61" height="89" />
      </word>
      <word id="r03-053-06-03" tag="NN" text="throwing">
        <cmp x="1032" y="2164" width="90" height="89" />
        <cmp x="1100" y="2227" width="24" height="32" />
        <cmp x="1137" y="2226" width="31" height="28" />
        <cmp x="1167" y="2227" width="56" height="30" />
        <cmp x="1238" y="2235" width="18" height="14" />
        <cmp x="1257" y="2215" width="6" height="18" />
        <cmp x="1261" y="2228" width="53" height="20" />
        <cmp x="1303" y="2218" width="60" height="77" />
      </word>
      <word id="r03-053-06-04" tag="INO" text="of">
        <cmp x="1439" y="2226" width="31" height="25" />
        <cmp x="1474" y="2174" width="59" height="97" />
      </word>
      <word id="r03-053-06-05" tag="NN" text="dust">
        <cmp x="1553" y="2184" width="111" height="72" />
        <cmp x="1656" y="2224" width="33" height="39" />
        <cmp x="1691" y="2167" width="63" height="85" />
      </word>
      <word id="r03-053-06-06" tag="IN" text="in">
        <cmp x="1773" y="2231" width="23" height="19" />
        <cmp x="1784" y="2240" width="47" height="17" />
        <cmp x="1795" y="2207" width="8" height="20" />
      </word>
      <word id="r03-053-06-07" tag="PP$" text="his">
        <cmp x="1887" y="2176" width="64" height="82" />
        <cmp x="1913" y="2241" width="23" height="17" />
        <cmp x="1931" y="2219" width="19" height="25" />
        <cmp x="1936" y="2230" width="37" height="35" />
      </word>
      <upper-contour>
        <point x="368" y="2117" />
        <point x="1974" y="2117" />
      </upper-contour>
      <lower-contour>
        <point x="353" y="2295" />
        <point x="1974" y="2295" />
      </lower-contour>
    </line>
    <line ass="-1155" asx="0" asy="2299" character-width="999" dss="-1155" dsx="0" dsy="2446" fd0="14600" fd1="2684" fd2="-492" filter-width="3" id="r03-053-07" lbs="-1112" lbx="0" lby="2405" segmentation="err" slant="63000" stroke-width="5589" threshold="182" text="client&apos;s eyes, the dust of fake security, of" ubs="-1242" ubx="0" uby="2377">
      <word id="r03-053-07-00" tag="NN$" text="client&apos;s">
        <cmp x="355" y="2321" width="108" height="101" />
        <cmp x="437" y="2382" width="28" height="35" />
        <cmp x="460" y="2364" width="17" height="19" />
        <cmp x="472" y="2378" width="31" height="35" />
        <cmp x="496" y="2401" width="24" height="18" />
        <cmp x="541" y="2321" width="45" height="97" />
        <cmp x="556" y="2364" width="17" height="25" />
        <cmp x="559" y="2384" width="25" height="39" />
      </word>
      <word id="r03-053-07-01" tag="NNS" text="eyes">
        <cmp x="638" y="2383" width="45" height="42" />
        <cmp x="657" y="2395" width="76" height="59" />
        <cmp x="708" y="2388" width="77" height="48" />
        <cmp x="763" y="2390" width="51" height="44" />
      </word>
      <word id="r03-053-07-02" tag="," text=",">
        <cmp x="840" y="2418" width="15" height="23" />
      </word>
      <word id="r03-053-07-03" tag="ATI" text="the">
        <cmp x="916" y="2328" width="62" height="96" />
        <cmp x="948" y="2338" width="61" height="90" />
      </word>
      <word id="r03-053-07-04" tag="NN" text="dust">
        <cmp x="1046" y="2357" width="97" height="73" />
        <cmp x="1141" y="2402" width="30" height="40" />
        <cmp x="1189" y="2345" width="57" height="84" />
      </word>
      <word id="r03-053-07-05" tag="INO" text="of">
        <cmp x="1255" y="2338" width="104" height="102" />
      </word>
      <word id="r03-053-07-06" tag="JJ" text="fake">
        <cmp x="1362" y="2349" width="82" height="126" />
        <cmp x="1458" y="2352" width="47" height="81" />
        <cmp x="1495" y="2408" width="39" height="29" />
      </word>
      <word id="r03-053-07-07" tag="NN" text="security">
        <cmp x="1594" y="2394" width="69" height="46" />
        <cmp x="1633" y="2401" width="3" height="4" />
        <cmp x="1668" y="2413" width="24" height="23" />
        <cmp x="1702" y="2418" width="46" height="21" />
        <cmp x="1757" y="2422" width="28" height="16" />
        <cmp x="1799" y="2423" width="13" height="16" />
        <cmp x="1820" y="2396" width="8" height="22" />
        <cmp x="1847" y="2337" width="49" height="99" />
        <cmp x="1850" y="2412" width="84" height="59" />
      </word>
      <word id="r03-053-07-08" tag="," text=",">
        <cmp x="1952" y="2431" width="25" height="20" />
      </word>
      <word id="r03-053-07-09" tag="INO" text="of">
        <cmp x="1998" y="2420" width="42" height="27" />
        <cmp x="2061" y="2351" width="76" height="111" />
      </word>
      <upper-contour>
        <point x="353" y="2295" />
        <point x="1974" y="2295" />
      </upper-contour>
      <lower-contour>
        <point x="369" y="2475" />
        <point x="2021" y="2475" />
      </lower-contour>
    </line>
    <line ass="469" asx="0" asy="2509" character-width="999" dss="469" dsx="0" dsy="2651" fd0="14438" fd1="2500" fd2="-700" filter-width="4" id="r03-053-08" lbs="533" lbx="0" lby="2615" segmentation="ok" slant="63000" stroke-width="5841" threshold="182" text="the fake friend of the family, like the" ubs="342" ubx="0" uby="2584">
      <word id="r03-053-08-00" tag="ATI" text="the">
        <cmp x="371" y="2506" width="40" height="99" />
        <cmp x="401" y="2516" width="48" height="77" />
      </word>
      <word id="r03-053-08-01" tag="JJ" text="fake">
        <cmp x="494" y="2514" width="97" height="126" />
        <cmp x="602" y="2523" width="59" height="79" />
      </word>
      <word id="r03-053-08-02" tag="NN" text="friend">
        <cmp x="716" y="2511" width="90" height="128" />
        <cmp x="798" y="2587" width="18" height="13" />
        <cmp x="816" y="2553" width="9" height="28" />
        <cmp x="828" y="2570" width="23" height="30" />
        <cmp x="839" y="2575" width="58" height="32" />
        <cmp x="897" y="2525" width="88" height="80" />
      </word>
      <word id="r03-053-08-03" tag="INO" text="of">
        <cmp x="1033" y="2575" width="36" height="28" />
        <cmp x="1060" y="2509" width="81" height="129" />
      </word>
      <word id="r03-053-08-04" tag="ATI" text="the">
        <cmp x="1146" y="2510" width="61" height="104" />
        <cmp x="1180" y="2530" width="48" height="83" />
      </word>
      <word id="r03-053-08-05" tag="NN" text="family">
        <cmp x="1307" y="2505" width="89" height="135" />
        <cmp x="1388" y="2584" width="62" height="26" />
        <cmp x="1466" y="2594" width="12" height="15" />
        <cmp x="1481" y="2569" width="15" height="24" />
        <cmp x="1513" y="2524" width="61" height="74" />
        <cmp x="1536" y="2578" width="48" height="42" />
      </word>
      <word id="r03-053-08-06" tag="," text=",">
        <cmp x="1612" y="2613" width="25" height="25" />
      </word>
      <word id="r03-053-08-07" tag="IN" text="like">
        <cmp x="1700" y="2535" width="93" height="78" />
        <cmp x="1767" y="2590" width="22" height="14" />
        <cmp x="1787" y="2568" width="14" height="27" />
        <cmp x="1818" y="2536" width="54" height="75" />
      </word>
      <word id="r03-053-08-08" tag="ATI" text="the">
        <cmp x="1920" y="2524" width="65" height="86" />
        <cmp x="1952" y="2522" width="59" height="85" />
        <cmp x="1972" y="2580" width="48" height="39" />
      </word>
      <upper-contour>
        <point x="369" y="2475" />
        <point x="2021" y="2475" />
      </upper-contour>
    </line>
  </handwritten-part>
</form>

